{"type":"FeatureCollection","features":[{"type":"Feature","properties":{"id":"63353836-6666-3262-B038-353937626138","building_id":"1eb40075-bb8c-4707-b968-b3ed07164882","height":52,"min_height":0},"geometry":{"type":"Polygon","coordinates":[[[-74.00380432605743,40.7499107429247],[-74.00387406349182,40.749939190223614],[-74.00401890277863,40.74974005887552],[-74.00362193584442,40.7495693743883],[-74.0035629272461,40.749650652770185],[-74.0035629272461,40.74979288969945],[-74.0038150548935,40.74990261512275],[-74.00380432605743,40.7499107429247]]]}},{"type":"Feature","properties":{"id":"37373463-6230-3266-B265-343361336234","building_id":"c2df86e0-1542-4e13-8ce7-41923278d5eb","height":45,"min_height":0},"geometry":{"type":"Polygon","coordinates":[[[-74.0035629272461,40.7479437858874],[-74.0035629272461,40.748207946722886],[-74.00357902050018,40.74821607473194],[-74.00372385978699,40.748012874207234],[-74.0035629272461,40.7479437858874]]]}},{"type":"Feature","properties":{"id":"66656134-6332-3361-B731-616634626230","building_id":"7d87bc36-9b1a-4c79-95ce-d87dc30c307b","height":78,"min_height":0},"geometry":{"type":"Polygon","coordinates":[[[-74.00645971298218,40.74917923677225],[-74.00634706020355,40.74934179439043],[-74.00642216205597,40.74937430586638],[-74.0065723657608,40.74916298098856],[-74.00649189949036,40.749130469409295],[-74.00645971298218,40.74917923677225]]]}},{"type":"Feature","properties":{"id":"38373030-3566-3862-B865-396235376335","building_id":"e6dc0b48-2e85-448e-9884-6a66839acd0d","height":25.7,"min_height":0},"geometry":{"type":"Polygon","coordinates":[[[-74.00539755821228,40.7489801031484],[-74.00602519512177,40.7492442598672],[-74.00605201721191,40.74921174832767],[-74.00542438030243,40.74894352752],[-74.00539755821228,40.7489801031484]]]}},{"type":"Feature","properties":{"id":"36313438-3264-3966-A332-613336663561","building_id":"9d3ddc43-b5b3-4fbf-bc13-73af8febe9bb","height":27,"min_height":0},"geometry":{"type":"Polygon","coordinates":[[[-74.0035629272461,40.75164194209319],[-74.0035629272461,40.75168258002989],[-74.00416910648346,40.7519385984599],[-74.00419592857361,40.751902024458815],[-74.00406181812286,40.751845131528256],[-74.00405645370483,40.75185325909274],[-74.00398135185242,40.751820748828834],[-74.00399208068848,40.75181262126037],[-74.0037989616394,40.75173134552111],[-74.00378823280334,40.75174353688834],[-74.00371849536896,40.7517110265708],[-74.00372385978699,40.751702898988924],[-74.00356829166412,40.75163787829817],[-74.0035629272461,40.75164194209319]]]}},{"type":"Feature","properties":{"id":"39363632-3466-3862-A163-393433636363","building_id":"fc899e62-22fa-4b9c-ac1c-caa4ed37e281","height":69,"min_height":0},"geometry":{"type":"Polygon","coordinates":[[[-74.00498449802399,40.75005297929761],[-74.0050220489502,40.75000421257545],[-74.00501668453217,40.75000014868033],[-74.00498449802399,40.75005297929761]]]}},{"type":"Feature","properties":{"id":"36356539-3832-3361-A531-303131663636","building_id":"412ecd43-b44a-4c82-98fa-cd54b68810fa","height":46,"min_height":41},"geometry":{"type":"Polygon","coordinates":[[[-74.00434076786041,40.74997982920095],[-74.00434613227844,40.749967637510366],[-74.00433540344238,40.74995138191943],[-74.0043193101883,40.74994731802107],[-74.00429785251617,40.74995138191943],[-74.00429248809814,40.74996357361297],[-74.0043032169342,40.74998389309732],[-74.0043193101883,40.74998795699344],[-74.00434076786041,40.74997982920095]]]}},{"type":"Feature","properties":{"id":"32396162-6236-3165-A239-313135343334","building_id":"177c4317-23aa-4f0b-a3e2-0ab83cc5bccc","height":28.2,"min_height":19},"geometry":{"type":"Polygon","coordinates":[[[-74.00692105293274,40.74778122485171],[-74.00686204433441,40.74785844139319],[-74.00691568851471,40.74787876152078],[-74.00697469711304,40.74780154500286],[-74.00692105293274,40.74778122485171]]]}},{"type":"Feature","properties":{"id":"66363237-6330-3230-A565-353632616265","building_id":"e6dc0b48-2e85-448e-9884-6a66839acd0d","height":31.4,"min_height":28.6},"geometry":{"type":"Polygon","coordinates":[[[-74.00559067726135,40.749061382250545],[-74.00582671165466,40.74916298098856],[-74.00585353374481,40.74912640546077],[-74.0056174993515,40.74902480666688],[-74.00559067726135,40.749061382250545]]]}},{"type":"Feature","properties":{"id":"31313932-3035-3033-B963-633831643366","building_id":"f89bb72e-1e46-4e79-8ae9-5f95b8908661","height":23.5,"min_height":20.5},"geometry":{"type":"Polygon","coordinates":[[[-74.00646507740021,40.74767555996536],[-74.00649726390839,40.74762679149967],[-74.00656163692474,40.74765523977567],[-74.00660455226898,40.747602407253396],[-74.00654554367065,40.7475780229982],[-74.00654017925262,40.747590215126934],[-74.0062826871872,40.74748048588802],[-74.00623977184296,40.74754551064402],[-74.0063202381134,40.7475780229982],[-74.00630414485931,40.747606471295086],[-74.00646507740021,40.74767555996536]]]}},{"type":"Feature","properties":{"id":"37383339-6361-3465-B661-656163373364","building_id":"c2dc87cb-6251-48c2-9475-1e506cf713f3","height":25,"min_height":0},"geometry":{"type":"Polygon","coordinates":[[[-74.00841772556305,40.74853306631064],[-74.00809049606323,40.74839895467329],[-74.00807976722717,40.74840301866627],[-74.00841772556305,40.74853713029543],[-74.00841772556305,40.74853306631064]]]}},{"type":"Feature","properties":{"id":"32326630-3063-3333-B637-646332306463","building_id":"fc899e62-22fa-4b9c-ac1c-caa4ed37e281","height":12,"min_height":0},"geometry":{"type":"Polygon","coordinates":[[[-74.00497376918793,40.74980101751481],[-74.00495767593384,40.749825400954876],[-74.00509715080261,40.749894487319835],[-74.00510787963867,40.7498863595159],[-74.00512397289276,40.74986604000176],[-74.00497376918793,40.74980101751481]]]}},{"type":"Feature","properties":{"id":"65336161-3863-3564-B935-356636323336","building_id":"e8cb1b51-1055-4d7e-a65e-d463e31dcd02","height":24.8,"min_height":22},"geometry":{"type":"Polygon","coordinates":[[[-74.00673866271973,40.74718787369903],[-74.00675475597382,40.747196001832776],[-74.0067332983017,40.74722851435783],[-74.0067708492279,40.74724477061437],[-74.00679767131805,40.74721225809728],[-74.00673866271973,40.74718787369903]]]}},{"type":"Feature","properties":{"id":"62306130-6263-3634-B264-613530396130","building_id":"6c4dea73-9093-40e1-a6f6-566a6e9a9fdd","height":40,"min_height":0},"geometry":{"type":"Polygon","coordinates":[[[-74.00367558002472,40.74956531046658],[-74.00368094444275,40.74954499085433],[-74.0036541223526,40.74954092693113],[-74.00364875793457,40.749553118699964],[-74.0036541223526,40.74956531046658],[-74.00367558002472,40.74956531046658]]]}},{"type":"Feature","properties":{"id":"33333962-6665-3161-B838-346534353234","building_id":"6c4dea73-9093-40e1-a6f6-566a6e9a9fdd","height":35,"min_height":0},"geometry":{"type":"Polygon","coordinates":[[[-74.00375604629517,40.7493905615984],[-74.00401890277863,40.74949622375962],[-74.00391161441803,40.74964252493646],[-74.00396525859833,40.749662844518895],[-74.00412619113922,40.749447456629156],[-74.00380969047546,40.74931334683595],[-74.00375604629517,40.7493905615984]]]}},{"type":"Feature","properties":{"id":"62353634-6664-3637-A635-613237616538","building_id":"9d3ddc43-b5b3-4fbf-bc13-73af8febe9bb","height":40,"min_height":0},"geometry":{"type":"Polygon","coordinates":[[[-74.00416910648346,40.75250752477501],[-74.00451242923737,40.75203612903107],[-74.0043568611145,40.75196704489127],[-74.00433003902435,40.752007682629255],[-74.0035629272461,40.75168258002989],[-74.0035629272461,40.7519385984599],[-74.00402963161469,40.75213365945922],[-74.0038526058197,40.75236935740318],[-74.00416910648346,40.75250752477501]]]}},{"type":"Feature","properties":{"id":"31366335-3231-3862-B961-663436393338","building_id":"568e8cc4-c6a9-4540-b22a-ded72b80354c","height":49,"min_height":44.3},"geometry":{"type":"Polygon","coordinates":[[[-74.00518298149109,40.747866569444966],[-74.00520980358124,40.747825929176116],[-74.00515079498291,40.74780154500286],[-74.00512397289276,40.74784218528666],[-74.00518298149109,40.747866569444966]]]}},{"type":"Feature","properties":{"id":"39653363-3764-3838-B234-393731383635","building_id":"f0c2196e-6ddb-4d95-9755-1503971734ba","height":50,"min_height":47.2},"geometry":{"type":"Polygon","coordinates":[[[-74.00575160980225,40.749849784386015],[-74.00578916072845,40.749796953607245],[-74.0057784318924,40.74979288969945],[-74.00579988956451,40.749760378428164],[-74.00576770305634,40.74974818669733],[-74.00570869445801,40.74982946486068],[-74.00575160980225,40.749849784386015]]]}},{"type":"Feature","properties":{"id":"34633061-6562-3566-A161-333034343965","building_id":"e6dc0b48-2e85-448e-9884-6a66839acd0d","height":41,"min_height":34.3},"geometry":{"type":"Polygon","coordinates":[[[-74.00569796562195,40.74902480666688],[-74.00575160980225,40.748951655439186],[-74.00570333003998,40.748931335639384],[-74.00564968585968,40.749004486889476],[-74.00569796562195,40.74902480666688]]]}},{"type":"Feature","properties":{"id":"33323137-6630-3238-A339-613065376562","building_id":"09fcb85d-21d7-4a74-83b0-c34b6dc72dde","height":43,"min_height":0},"geometry":{"type":"Polygon","coordinates":[[[-74.00463581085205,40.747695880148854],[-74.00471091270447,40.747590215126934],[-74.00459825992584,40.74754144659866],[-74.00463044643402,40.74749674208297],[-74.0045714378357,40.747476421838655],[-74.00450706481934,40.74756989491115],[-74.00456070899963,40.74759427916936],[-74.0045177936554,40.74764711169806],[-74.00463581085205,40.747695880148854]]]}},{"type":"Feature","properties":{"id":"65383864-3935-3832-A365-383634326535","building_id":"1eb40075-bb8c-4707-b968-b3ed07164882","height":39,"min_height":0},"geometry":{"type":"Polygon","coordinates":[[[-74.00380432605743,40.7499107429247],[-74.0035629272461,40.749805081422096],[-74.0035629272461,40.749825400954876],[-74.00379359722137,40.74992293462569],[-74.00380432605743,40.7499107429247]]]}},{"type":"Feature","properties":{"id":"66626631-3932-3731-B830-643261383664","building_id":"c2df86e0-1542-4e13-8ce7-41923278d5eb","height":51,"min_height":45},"geometry":{"type":"Polygon","coordinates":[[[-74.00386869907379,40.74778935291289],[-74.00382578372955,40.74785031334042],[-74.00384187698364,40.747854377366934],[-74.00388479232788,40.74779341694315],[-74.00386869907379,40.74778935291289]]]}},{"type":"Feature","properties":{"id":"63663665-3439-3462-A531-393332643434","building_id":"e6dc0b48-2e85-448e-9884-6a66839acd0d","height":22.8,"min_height":6},"geometry":{"type":"Polygon","coordinates":[[[-74.00575160980225,40.748951655439186],[-74.00584816932678,40.74899229502006],[-74.00586426258087,40.748976039190666],[-74.0057623386383,40.748935399599844],[-74.00575160980225,40.748951655439186]]]}},{"type":"Feature","properties":{"id":"38366164-3961-3130-B864-646266326139","building_id":"2954e2a5-27bd-4a80-a3ea-c513623945e8","height":38.9,"min_height":35},"geometry":{"type":"Polygon","coordinates":[[[-74.0065348148346,40.750979540223256],[-74.00659918785095,40.75089419962521],[-74.00648653507233,40.75084543352],[-74.00642216205597,40.75093077418063],[-74.0065348148346,40.750979540223256]]]}},{"type":"Feature","properties":{"id":"32366138-3063-3237-B963-316631616533","building_id":"fc899e62-22fa-4b9c-ac1c-caa4ed37e281","height":74,"min_height":69},"geometry":{"type":"Polygon","coordinates":[[[-74.00490403175354,40.74998389309732],[-74.00495767593384,40.74990667902384],[-74.00488257408142,40.74987416780817],[-74.0048235654831,40.74995138191943],[-74.00490403175354,40.74998389309732]]]}},{"type":"Feature","properties":{"id":"32636561-3565-3666-B438-336366343764","building_id":"f89bb72e-1e46-4e79-8ae9-5f95b8908661","height":6,"min_height":0},"geometry":{"type":"Polygon","coordinates":[[[-74.00658309459686,40.747492678034604],[-74.00626122951508,40.74735450024224],[-74.00620758533478,40.747431717279255],[-74.00652945041656,40.74756583086727],[-74.00658309459686,40.747492678034604]]]}},{"type":"Feature","properties":{"id":"38366133-3036-3165-A134-653330346637","building_id":"177c4317-23aa-4f0b-a3e2-0ab83cc5bccc","height":28.2,"min_height":0},"geometry":{"type":"Polygon","coordinates":[[[-74.00691568851471,40.74787876152078],[-74.00686204433441,40.74785844139319],[-74.00696933269501,40.74790314566573],[-74.00691568851471,40.74787876152078]]]}},{"type":"Feature","properties":{"id":"30646230-6463-3536-B861-376133623036","building_id":"fc899e62-22fa-4b9c-ac1c-caa4ed37e281","height":65,"min_height":53},"geometry":{"type":"Polygon","coordinates":[[[-74.00508642196655,40.749914806825245],[-74.00508642196655,40.7499107429247],[-74.00503277778625,40.7498863595159],[-74.00502741336823,40.749894487319835],[-74.00508642196655,40.749914806825245]]]}},{"type":"Feature","properties":{"id":"37346133-6538-3339-B566-656639306664","building_id":"568e8cc4-c6a9-4540-b22a-ded72b80354c","height":54,"min_height":49},"geometry":{"type":"Polygon","coordinates":[[[-74.00517761707306,40.74785031334042],[-74.00518298149109,40.74784218528666],[-74.00518834590912,40.747825929176116],[-74.00517761707306,40.74782186514787],[-74.00515615940094,40.74781780111937],[-74.00515079498291,40.74782186514787],[-74.00514543056488,40.747838121259406],[-74.005166888237,40.74785031334042],[-74.00517761707306,40.74785031334042]]]}},{"type":"Feature","properties":{"id":"31383862-3538-3537-B162-313065653733","building_id":"f5a58c1e-ef11-4faf-a7e7-820dae3de922","height":7,"min_height":0},"geometry":{"type":"Polygon","coordinates":[[[-74.00472164154053,40.748488362461586],[-74.0047699213028,40.74841927463572],[-74.00453388690948,40.748321738759415],[-74.0045017004013,40.74836644272048],[-74.00460362434387,40.748411146651506],[-74.00459289550781,40.748431466610214],[-74.00472164154053,40.748488362461586]]]}},{"type":"Feature","properties":{"id":"38663966-6432-3631-B466-653734303235","building_id":"52696065-b000-4757-b389-094083560d2b","height":17,"min_height":0},"geometry":{"type":"Polygon","coordinates":[[[-74.0062290430069,40.74839895467329],[-74.00639533996582,40.74817137066978],[-74.0059232711792,40.7479722340278],[-74.00575697422028,40.748199818712806],[-74.0062290430069,40.74839895467329]]]}},{"type":"Feature","properties":{"id":"65633736-6237-3332-B336-373862656530","building_id":"4095cf51-ec27-4c7b-b444-786d3bc4e442","height":27.5,"min_height":0},"geometry":{"type":"Polygon","coordinates":[[[-74.00710344314575,40.74734637212788],[-74.00686204433441,40.74724477061437],[-74.00669574737549,40.747472357789036],[-74.00693714618683,40.74756989491115],[-74.00710344314575,40.74734637212788]]]}},{"type":"Feature","properties":{"id":"37386363-3061-3664-B534-346231656330","building_id":"be58b80e-b4de-4fc2-8755-85fb7f5e63ff","height":40,"min_height":0},"geometry":{"type":"Polygon","coordinates":[[[-74.0061217546463,40.74869968948329],[-74.0057247877121,40.74853306631064],[-74.00564432144165,40.74864685779082],[-74.00627195835114,40.74891101583344],[-74.00635242462158,40.74879722480529],[-74.0061217546463,40.74869968948329]]]}},{"type":"Feature","properties":{"id":"61303434-3838-3437-B261-653232363832","building_id":"fc899e62-22fa-4b9c-ac1c-caa4ed37e281","height":8,"min_height":0},"geometry":{"type":"Polygon","coordinates":[[[-74.00495231151581,40.75010174598398],[-74.00498449802399,40.75005297929761],[-74.00478065013885,40.74996357361297],[-74.00474309921265,40.75001234036495],[-74.00495231151581,40.75010174598398]]]}},{"type":"Feature","properties":{"id":"31313861-3165-3334-A537-353161623231","building_id":"09fcb85d-21d7-4a74-83b0-c34b6dc72dde","height":26.5,"min_height":0},"geometry":{"type":"Polygon","coordinates":[[[-74.00473237037659,40.747773096789444],[-74.00482892990112,40.74763898361945],[-74.00471091270447,40.747590215126934],[-74.00479137897491,40.74748048588802],[-74.00458753108978,40.74739514079923],[-74.0044105052948,40.74763898361945],[-74.00473237037659,40.747773096789444]]]}},{"type":"Feature","properties":{"id":"39666563-3031-3535-B139-366135343434","building_id":"09fcb85d-21d7-4a74-83b0-c34b6dc72dde","height":16.5,"min_height":0},"geometry":{"type":"Polygon","coordinates":[[[-74.00468409061432,40.747321987778804],[-74.00464653968811,40.7473097956009],[-74.00458753108978,40.74739514079923],[-74.00461971759796,40.74740733296147],[-74.00468409061432,40.747321987778804]]]}},{"type":"Feature","properties":{"id":"63306131-6166-3936-B436-633739356638","building_id":"c2df86e0-1542-4e13-8ce7-41923278d5eb","height":10,"min_height":0},"geometry":{"type":"Polygon","coordinates":[[[-74.00372385978699,40.748012874207234],[-74.0037989616394,40.74791127371205],[-74.00361657142639,40.74783405723187],[-74.00363802909851,40.747797480973134],[-74.0035629272461,40.747764968726244],[-74.0035629272461,40.7479437858874],[-74.00372385978699,40.748012874207234]]]}},{"type":"Feature","properties":{"id":"33303830-3966-3561-B565-356234353964","building_id":"12864ccb-72fb-443e-bf12-f3b3e744f6da","height":15,"min_height":0},"geometry":{"type":"Polygon","coordinates":[[[-74.00428175926208,40.749796953607245],[-74.00459289550781,40.74992699852555],[-74.0047538280487,40.74971161149142],[-74.00439441204071,40.74956124654463],[-74.00437295436859,40.74958969399307],[-74.00442123413086,40.74961001359165],[-74.00428175926208,40.749796953607245]]]}},{"type":"Feature","properties":{"id":"63343537-6139-3437-A238-663763393234","building_id":"9d3ddc43-b5b3-4fbf-bc13-73af8febe9bb","height":5.5,"min_height":0},"geometry":{"type":"Polygon","coordinates":[[[-74.00372385978699,40.751702898988924],[-74.00371849536896,40.7517110265708],[-74.00378823280334,40.75174353688834],[-74.0037989616394,40.75173134552111],[-74.00372385978699,40.751702898988924]]]}},{"type":"Feature","properties":{"id":"64323033-3338-3739-B564-653965303263","building_id":"c2df86e0-1542-4e13-8ce7-41923278d5eb","height":45,"min_height":0},"geometry":{"type":"Polygon","coordinates":[[[-74.00363802909851,40.747797480973134],[-74.00361657142639,40.74783405723187],[-74.0037989616394,40.74791127371205],[-74.00392234325409,40.74774464856387],[-74.0035629272461,40.747590215126934],[-74.0035629272461,40.747764968726244],[-74.00363802909851,40.747797480973134]]]}},{"type":"Feature","properties":{"id":"34353762-3937-3164-B464-653664646530","building_id":"568e8cc4-c6a9-4540-b22a-ded72b80354c","height":29.5,"min_height":0},"geometry":{"type":"Polygon","coordinates":[[[-74.00524199008942,40.747809673061596],[-74.0052580833435,40.7477852888824],[-74.00517225265503,40.74774871259686],[-74.00515615940094,40.747773096789444],[-74.00524199008942,40.747809673061596]]]}},{"type":"Feature","properties":{"id":"61386637-3239-3635-B739-613464623135","building_id":"fc899e62-22fa-4b9c-ac1c-caa4ed37e281","height":68,"min_height":0},"geometry":{"type":"Polygon","coordinates":[[[-74.00493621826172,40.749853848290314],[-74.00490403175354,40.74984165657659],[-74.00489866733551,40.749849784386015],[-74.00493085384369,40.7498619760982],[-74.00493621826172,40.749853848290314]]]}},{"type":"Feature","properties":{"id":"39666234-3832-3664-B633-643662653231","building_id":"fc899e62-22fa-4b9c-ac1c-caa4ed37e281","height":69,"min_height":0},"geometry":{"type":"Polygon","coordinates":[[[-74.00508105754852,40.749914806825245],[-74.0050756931305,40.74992293462569],[-74.00508105754852,40.74992293462569],[-74.00508105754852,40.749914806825245]]]}},{"type":"Feature","properties":{"id":"37323463-3466-3330-A131-363763393163","building_id":"4ad3452c-e4fd-468b-a255-6b62ca7f77d7","height":43,"min_height":40},"geometry":{"type":"Polygon","coordinates":[[[-74.00361120700836,40.74928489926927],[-74.00363802909851,40.74924832380853],[-74.00356829166412,40.74921987621403],[-74.0035629272461,40.74922800409942],[-74.0035629272461,40.74926457957133],[-74.00361120700836,40.74928489926927]]]}},{"type":"Feature","properties":{"id":"63333233-6639-3735-A231-633739393663","building_id":"0d4ac3c4-8217-4c6a-b5f6-8148b890c082","height":40,"min_height":35},"geometry":{"type":"Polygon","coordinates":[[[-74.00508642196655,40.75084543352],[-74.00514543056488,40.75076415659851],[-74.00497376918793,40.75069100728419],[-74.0049147605896,40.750772284295124],[-74.00508642196655,40.75084543352]]]}},{"type":"Feature","properties":{"id":"36653638-3036-3336-A432-623065353566","building_id":"62576fbe-0cc3-4d66-a37d-1d7d7a5a54cb","height":75,"min_height":0},"geometry":{"type":"Polygon","coordinates":[[[-74.00658845901489,40.751784174762946],[-74.00622367858887,40.75162975070734],[-74.00619685649872,40.75161755931927],[-74.00620758533478,40.75163381450287],[-74.00619685649872,40.75165006968251],[-74.00619685649872,40.75166632485818],[-74.00652408599854,40.75180855747578],[-74.00654554367065,40.75180449369094],[-74.00656700134277,40.751784174762946],[-74.00658845901489,40.751784174762946]]]}},{"type":"Feature","properties":{"id":"64393039-3061-3764-B939-643736316364","building_id":"e6b342b2-e8be-45e7-9af9-344df3086222","height":24.5,"min_height":0},"geometry":{"type":"Polygon","coordinates":[[[-74.00850892066956,40.7475739589548],[-74.011110663414,40.74784218528666],[-74.01112675666809,40.74774464856387],[-74.00853037834167,40.747472357789036],[-74.00850892066956,40.7475739589548]]]}},{"type":"Feature","properties":{"id":"32373334-3561-3238-B266-373931386561","building_id":"62576fbe-0cc3-4d66-a37d-1d7d7a5a54cb","height":90.7,"min_height":85},"geometry":{"type":"Polygon","coordinates":[[[-74.00667428970337,40.75156472994507],[-74.00665819644928,40.75155253854504],[-74.00663673877716,40.75155660234532],[-74.00662064552307,40.75156879374458],[-74.00662064552307,40.751585048940115],[-74.00663673877716,40.75159724033415],[-74.00665819644928,40.75159724033415],[-74.0066796541214,40.7515809851416],[-74.00667428970337,40.75156472994507]]]}},{"type":"Feature","properties":{"id":"63656136-6433-3335-A632-343531306663","building_id":"e6b342b2-e8be-45e7-9af9-344df3086222","height":17,"min_height":0},"geometry":{"type":"Polygon","coordinates":[[[-74.00861084461212,40.74702124673831],[-74.00840163230896,40.74699686227001],[-74.00834262371063,40.74699686227001],[-74.0082836151123,40.74733011589615],[-74.0085518360138,40.74735856429908],[-74.00861084461212,40.74702124673831]]]}},{"type":"Feature","properties":{"id":"34313363-6235-3432-B463-353338646239","building_id":"568e8cc4-c6a9-4540-b22a-ded72b80354c","height":44.3,"min_height":0},"geometry":{"type":"Polygon","coordinates":[[[-74.00531709194183,40.74798442608423],[-74.00539755821228,40.747874697495774],[-74.00503277778625,40.74772026436085],[-74.00495231151581,40.747829993204135],[-74.00531709194183,40.74798442608423]]]}},{"type":"Feature","properties":{"id":"37376261-6464-3938-B761-313137613364","building_id":"0d4ac3c4-8217-4c6a-b5f6-8148b890c082","height":40,"min_height":35},"geometry":{"type":"Polygon","coordinates":[[[-74.00527954101562,40.75086981657708],[-74.00530636310577,40.75083324198812],[-74.00526344776154,40.750812922763316],[-74.00523662567139,40.750849497363475],[-74.00527954101562,40.75086981657708]]]}},{"type":"Feature","properties":{"id":"31343239-3163-3866-B739-373764653238","building_id":"fc899e62-22fa-4b9c-ac1c-caa4ed37e281","height":25,"min_height":24},"geometry":{"type":"Polygon","coordinates":[[[-74.00510787963867,40.7498863595159],[-74.00495767593384,40.749825400954876],[-74.00493621826172,40.749853848290314],[-74.00493621826172,40.7498619760982],[-74.00508642196655,40.749914806825245],[-74.00510787963867,40.7498863595159]]]}},{"type":"Feature","properties":{"id":"61336138-6162-3531-B837-366537353764","building_id":"f5a58c1e-ef11-4faf-a7e7-820dae3de922","height":35,"min_height":0},"geometry":{"type":"Polygon","coordinates":[[[-74.00444269180298,40.74853306631064],[-74.00463044643402,40.748610281979154],[-74.00472164154053,40.748488362461586],[-74.00453388690948,40.748407082659014],[-74.00444269180298,40.74853306631064]]]}},{"type":"Feature","properties":{"id":"35303765-3162-3431-B136-336563383562","building_id":"62576fbe-0cc3-4d66-a37d-1d7d7a5a54cb","height":85,"min_height":0},"geometry":{"type":"Polygon","coordinates":[[[-74.00670111179352,40.75156472994507],[-74.0063738822937,40.75142656061408],[-74.00620222091675,40.75165819727084],[-74.00652945041656,40.75179636612049],[-74.00670111179352,40.75156472994507]]]}},{"type":"Feature","properties":{"id":"36633837-6563-3165-A565-376138396334","building_id":"e8cb1b51-1055-4d7e-a65e-d463e31dcd02","height":22,"min_height":0},"geometry":{"type":"Polygon","coordinates":[[[-74.00658845901489,40.74742358917433],[-74.00669574737549,40.747472357789036],[-74.00686740875244,40.74724070655063],[-74.00647044181824,40.74707407972227],[-74.00631487369537,40.74728947529945],[-74.00659918785095,40.74740733296147],[-74.00658845901489,40.74742358917433]]]}},{"type":"Feature","properties":{"id":"32663564-6465-3235-A363-383665326537","building_id":"d176a567-1fda-47eb-81ba-55ae6f139bb9","height":52,"min_height":0},"geometry":{"type":"Polygon","coordinates":[[[-74.00555312633514,40.74808602646766],[-74.0055799484253,40.74805351436186],[-74.00553166866302,40.74803319428764],[-74.00550484657288,40.748065706403395],[-74.00555312633514,40.74808602646766]]]}},{"type":"Feature","properties":{"id":"38393533-3761-3965-B665-663535626232","building_id":"62576fbe-0cc3-4d66-a37d-1d7d7a5a54cb","height":90.7,"min_height":85},"geometry":{"type":"Polygon","coordinates":[[[-74.00628805160522,40.75163381450287],[-74.00627195835114,40.75162162311554],[-74.00624513626099,40.75162568691158],[-74.00623440742493,40.75163787829817],[-74.00623440742493,40.75165413347679],[-74.00625050067902,40.75166632485818],[-74.00627195835114,40.75166632485818],[-74.00628805160522,40.75165006968251],[-74.00628805160522,40.75163381450287]]]}},{"type":"Feature","properties":{"id":"37636265-6530-3166-A461-643939643063","building_id":"62576fbe-0cc3-4d66-a37d-1d7d7a5a54cb","height":48,"min_height":45},"geometry":{"type":"Polygon","coordinates":[[[-74.00690495967865,40.75181262126037],[-74.00733947753906,40.75199549131048],[-74.00744676589966,40.751845131528256],[-74.00698006153107,40.75165006968251],[-74.00690495967865,40.751751664465246],[-74.00694251060486,40.7517679196161],[-74.00690495967865,40.75181262126037]]]}},{"type":"Feature","properties":{"id":"36313138-6635-3865-B530-366130653863","building_id":"177c4317-23aa-4f0b-a3e2-0ab83cc5bccc","height":23,"min_height":19},"geometry":{"type":"Polygon","coordinates":[[[-74.00696933269501,40.747809673061596],[-74.00691568851471,40.74787876152078],[-74.00696933269501,40.74790314566573],[-74.0070229768753,40.74783405723187],[-74.00696933269501,40.747809673061596]]]}},{"type":"Feature","properties":{"id":"39356664-3735-3663-B136-363964336266","building_id":"fc899e62-22fa-4b9c-ac1c-caa4ed37e281","height":69,"min_height":68},"geometry":{"type":"Polygon","coordinates":[[[-74.00494158267975,40.749857912194386],[-74.00493621826172,40.7498619760982],[-74.00489866733551,40.749849784386015],[-74.004807472229,40.749975765304356],[-74.00498449802399,40.75005297929761],[-74.00508642196655,40.749914806825245],[-74.00494158267975,40.749857912194386]]]}},{"type":"Feature","properties":{"id":"65333263-3766-3933-A638-303733636464","building_id":"2954e2a5-27bd-4a80-a3ea-c513623945e8","height":35,"min_height":0},"geometry":{"type":"Polygon","coordinates":[[[-74.00707125663757,40.75109332751697],[-74.00595545768738,40.75062192174684],[-74.00583744049072,40.750784475838174],[-74.00695323944092,40.75125181663725],[-74.00707125663757,40.75109332751697]]]}},{"type":"Feature","properties":{"id":"36393530-3038-3239-A665-313930353033","building_id":"e6dc0b48-2e85-448e-9884-6a66839acd0d","height":31.4,"min_height":0},"geometry":{"type":"Polygon","coordinates":[[[-74.00590717792511,40.749146725200916],[-74.00605201721191,40.74921174832767],[-74.00612711906433,40.749110149664176],[-74.00598764419556,40.74904919039156],[-74.00593400001526,40.74912640546077],[-74.0059232711792,40.74912234151199],[-74.00590717792511,40.749146725200916]]]}},{"type":"Feature","properties":{"id":"38303138-3233-3237-B765-656235356534","building_id":"412ecd43-b44a-4c82-98fa-cd54b68810fa","height":41,"min_height":37.6},"geometry":{"type":"Polygon","coordinates":[[[-74.00396525859833,40.749894487319835],[-74.00399208068848,40.7498619760982],[-74.00394380092621,40.7498457204814],[-74.00392234325409,40.74987416780817],[-74.00396525859833,40.749894487319835]]]}},{"type":"Feature","properties":{"id":"30303963-3939-3332-A263-386165646564","building_id":"62576fbe-0cc3-4d66-a37d-1d7d7a5a54cb","height":38,"min_height":0},"geometry":{"type":"Polygon","coordinates":[[[-74.00700151920319,40.752076766726844],[-74.00699615478516,40.75206051165151],[-74.00701761245728,40.752023937717496],[-74.00700688362122,40.752007682629255],[-74.00655627250671,40.751820748828834],[-74.00652945041656,40.75182481261271],[-74.00650262832642,40.75185325909274],[-74.0064811706543,40.75185325909274],[-74.00700151920319,40.752076766726844]]]}},{"type":"Feature","properties":{"id":"36613530-6439-3730-A133-316136616563","building_id":"1eb40075-bb8c-4707-b968-b3ed07164882","height":47.7,"min_height":0},"geometry":{"type":"Polygon","coordinates":[[[-74.00380432605743,40.7499107429247],[-74.0038150548935,40.74990261512275],[-74.0035629272461,40.74979288969945],[-74.0035629272461,40.749805081422096],[-74.00380432605743,40.7499107429247]]]}},{"type":"Feature","properties":{"id":"65373533-6237-3638-B136-663562303062","building_id":"81dd7605-0d89-4dd9-b316-4866b53a6ccf","height":15,"min_height":0},"geometry":{"type":"Polygon","coordinates":[[[-74.00521516799927,40.748906951871504],[-74.00532245635986,40.748951655439186],[-74.00534927845001,40.748915079795125],[-74.00524199008942,40.74887037620286],[-74.00521516799927,40.748906951871504]]]}},{"type":"Feature","properties":{"id":"38383362-3134-3431-B737-386532623462","building_id":"e6b342b2-e8be-45e7-9af9-344df3086222","height":20.5,"min_height":0},"geometry":{"type":"Polygon","coordinates":[[[-74.00814950466156,40.748037258302986],[-74.00822460651398,40.74764711169806],[-74.00821924209595,40.7476430476589],[-74.00814950466156,40.748037258302986]]]}},{"type":"Feature","properties":{"id":"30616561-3565-3538-A264-656264386332","building_id":"62576fbe-0cc3-4d66-a37d-1d7d7a5a54cb","height":38,"min_height":0},"geometry":{"type":"Polygon","coordinates":[[[-74.00617003440857,40.75111364665605],[-74.00618076324463,40.751129901962855],[-74.00615930557251,40.751162412564554],[-74.00617003440857,40.75117866785945],[-74.00646507740021,40.75130464626008],[-74.00650262832642,40.751255880455886],[-74.00617003440857,40.75111364665605]]]}},{"type":"Feature","properties":{"id":"31373966-3130-3165-B163-343934356236","building_id":"12864ccb-72fb-443e-bf12-f3b3e744f6da","height":38,"min_height":0},"geometry":{"type":"Polygon","coordinates":[[[-74.00457680225372,40.749943254122456],[-74.00457680225372,40.74992699852555],[-74.00456070899963,40.74991887072562],[-74.00454998016357,40.74992699852555],[-74.0045553445816,40.749943254122456],[-74.00457680225372,40.749943254122456]]]}},{"type":"Feature","properties":{"id":"64373134-6234-3331-A436-303337396238","building_id":"4ad3452c-e4fd-468b-a255-6b62ca7f77d7","height":40,"min_height":0},"geometry":{"type":"Polygon","coordinates":[[[-74.0035629272461,40.74921174832767],[-74.0035629272461,40.74936211406478],[-74.00364875793457,40.7492442598672],[-74.0035629272461,40.74921174832767]]]}},{"type":"Feature","properties":{"id":"63303232-3665-3139-A435-663436333163","building_id":"412ecd43-b44a-4c82-98fa-cd54b68810fa","height":41,"min_height":37.6},"geometry":{"type":"Polygon","coordinates":[[[-74.00462508201599,40.75017489594654],[-74.00465190410614,40.750142384862016],[-74.00460362434387,40.7501220654261],[-74.00458216667175,40.75015457652057],[-74.00462508201599,40.75017489594654]]]}},{"type":"Feature","properties":{"id":"65313761-6262-3533-A435-386233363136","building_id":"09fcb85d-21d7-4a74-83b0-c34b6dc72dde","height":47,"min_height":43},"geometry":{"type":"Polygon","coordinates":[[[-74.00463044643402,40.74758615108428],[-74.00461435317993,40.747606471295086],[-74.00467872619629,40.74763491957978],[-74.00471091270447,40.747590215126934],[-74.00460362434387,40.74754551064402],[-74.00458753108978,40.74756989491115],[-74.00463044643402,40.74758615108428]]]}},{"type":"Feature","properties":{"id":"62386662-6165-3264-B534-386165356262","building_id":"6c4dea73-9093-40e1-a6f6-566a6e9a9fdd","height":32,"min_height":0},"geometry":{"type":"Polygon","coordinates":[[[-74.00391161441803,40.74964252493646],[-74.00401890277863,40.74949622375962],[-74.00375604629517,40.7493905615984],[-74.0036541223526,40.749528735160084],[-74.00391161441803,40.74964252493646]]]}},{"type":"Feature","properties":{"id":"33336535-6134-3137-A238-346434633635","building_id":"9d3ddc43-b5b3-4fbf-bc13-73af8febe9bb","height":11.5,"min_height":0},"geometry":{"type":"Polygon","coordinates":[[[-74.00416910648346,40.7519385984599],[-74.00433003902435,40.752007682629255],[-74.0043568611145,40.75196704489127],[-74.00419592857361,40.751902024458815],[-74.00416910648346,40.7519385984599]]]}},{"type":"Feature","properties":{"id":"33346130-3032-3031-B137-393636353362","building_id":"e6b342b2-e8be-45e7-9af9-344df3086222","height":20,"min_height":0},"geometry":{"type":"Polygon","coordinates":[[[-74.00822460651398,40.74764711169806],[-74.01109457015991,40.7479437858874],[-74.01114821434021,40.74763085553985],[-74.0082836151123,40.74733011589615],[-74.00822460651398,40.74764711169806]]]}},{"type":"Feature","properties":{"id":"39376138-3336-3961-B937-643634653633","building_id":"9d3ddc43-b5b3-4fbf-bc13-73af8febe9bb","height":5.5,"min_height":0},"geometry":{"type":"Polygon","coordinates":[[[-74.00399208068848,40.75181262126037],[-74.00398135185242,40.751820748828834],[-74.00405645370483,40.75185325909274],[-74.00406181812286,40.751845131528256],[-74.00399208068848,40.75181262126037]]]}},{"type":"Feature","properties":{"id":"61333832-6230-3563-A237-636232343439","building_id":"c2df86e0-1542-4e13-8ce7-41923278d5eb","height":54,"min_height":45},"geometry":{"type":"Polygon","coordinates":[[[-74.00363802909851,40.74765117573699],[-74.00376677513123,40.747704008220495],[-74.00377213954926,40.747695880148854],[-74.00364339351654,40.7476430476589],[-74.00363802909851,40.74765117573699]]]}},{"type":"Feature","properties":{"id":"37623832-6363-3264-B061-656438656135","building_id":"09fcb85d-21d7-4a74-83b0-c34b6dc72dde","height":23,"min_height":0},"geometry":{"type":"Polygon","coordinates":[[[-74.00479137897491,40.74748048588802],[-74.00485575199127,40.74739514079923],[-74.00468409061432,40.747321987778804],[-74.00461971759796,40.74740733296147],[-74.00479137897491,40.74748048588802]]]}},{"type":"Feature","properties":{"id":"64343131-6434-3338-B262-313532316536","building_id":"be58b80e-b4de-4fc2-8755-85fb7f5e63ff","height":43,"min_height":40},"geometry":{"type":"Polygon","coordinates":[[[-74.00564432144165,40.74864685779082],[-74.00589644908905,40.74875252113378],[-74.00595009326935,40.74867936960655],[-74.00569260120392,40.74857370614734],[-74.00564432144165,40.74864685779082]]]}},{"type":"Feature","properties":{"id":"31393165-3832-3438-B466-366338356332","building_id":"62576fbe-0cc3-4d66-a37d-1d7d7a5a54cb","height":83,"min_height":81},"geometry":{"type":"Polygon","coordinates":[[[-74.00570333003998,40.751259944274295],[-74.00631487369537,40.75151190052887],[-74.00635778903961,40.751446879651354],[-74.00575160980225,40.751194923150365],[-74.00570333003998,40.751259944274295]]]}},{"type":"Feature","properties":{"id":"37663164-3166-3331-B164-303634303134","building_id":"81dd7605-0d89-4dd9-b316-4866b53a6ccf","height":24,"min_height":0},"geometry":{"type":"Polygon","coordinates":[[[-74.00521516799927,40.748906951871504],[-74.00524199008942,40.74887037620286],[-74.00504887104034,40.74878909686723],[-74.0050220489502,40.74882160861341],[-74.00521516799927,40.748906951871504]]]}},{"type":"Feature","properties":{"id":"35616532-3834-3231-B462-653263393331","building_id":"fc899e62-22fa-4b9c-ac1c-caa4ed37e281","height":24,"min_height":0},"geometry":{"type":"Polygon","coordinates":[[[-74.00508105754852,40.749914806825245],[-74.00508642196655,40.749914806825245],[-74.00510787963867,40.7498863595159],[-74.00508105754852,40.749914806825245]]]}},{"type":"Feature","properties":{"id":"65656163-3338-3637-B731-313361373237","building_id":"c2dc87cb-6251-48c2-9475-1e506cf713f3","height":22,"min_height":0},"geometry":{"type":"Polygon","coordinates":[[[-74.00839626789093,40.74821201072754],[-74.00857329368591,40.748228266743695],[-74.00859475135803,40.74811447454721],[-74.00841772556305,40.74809821850323],[-74.00839626789093,40.74821201072754]]]}},{"type":"Feature","properties":{"id":"30653232-6164-3031-B364-333461323330","building_id":"e6b342b2-e8be-45e7-9af9-344df3086222","height":12,"min_height":0},"geometry":{"type":"Polygon","coordinates":[[[-74.00892198085785,40.74811853855758],[-74.00899171829224,40.74772432839529],[-74.0084981918335,40.74767555996536],[-74.00842308998108,40.748061642389786],[-74.00892198085785,40.74811853855758]]]}},{"type":"Feature","properties":{"id":"33636162-6262-3133-B261-643336336362","building_id":"e8cb1b51-1055-4d7e-a65e-d463e31dcd02","height":24.8,"min_height":22},"geometry":{"type":"Polygon","coordinates":[[[-74.00631487369537,40.74728947529945],[-74.00634169578552,40.747297603420776],[-74.00635778903961,40.74727728311561],[-74.00633096694946,40.74726509092949],[-74.00631487369537,40.74728947529945]]]}},{"type":"Feature","properties":{"id":"37376666-3932-3630-A132-633062656365","building_id":"0d4ac3c4-8217-4c6a-b5f6-8148b890c082","height":46,"min_height":41},"geometry":{"type":"Polygon","coordinates":[[[-74.0050220489502,40.750756028900895],[-74.00503277778625,40.75074383735259],[-74.00502741336823,40.75072758195142],[-74.00500059127808,40.75071945424932],[-74.00498449802399,40.75072758195142],[-74.00497376918793,40.75073977350269],[-74.00497913360596,40.750756028900895],[-74.00499522686005,40.75076415659851],[-74.0050220489502,40.750756028900895]]]}},{"type":"Feature","properties":{"id":"39616261-3162-3731-B364-316139336139","building_id":"4095cf51-ec27-4c7b-b444-786d3bc4e442","height":30.2,"min_height":27.5},"geometry":{"type":"Polygon","coordinates":[[[-74.00692105293274,40.747273219053824],[-74.00692641735077,40.74726509092949],[-74.00686740875244,40.74724070655063],[-74.00686204433441,40.74724477061437],[-74.00692105293274,40.747273219053824]]]}},{"type":"Feature","properties":{"id":"66643238-3261-3566-A162-313136623238","building_id":"54514a5e-b284-4a8d-96f4-b29821785ba5","height":80,"min_height":70},"geometry":{"type":"Polygon","coordinates":[[[-74.00713562965393,40.74755770277872],[-74.00737166404724,40.74765930381412],[-74.00734484195709,40.747695880148854],[-74.00753259658813,40.747773096789444],[-74.00757014751434,40.7475739589548],[-74.00715708732605,40.747399204853565],[-74.00713562965393,40.74755770277872]]]}},{"type":"Feature","properties":{"id":"64303339-6261-3238-A239-313930663261","building_id":"0d4ac3c4-8217-4c6a-b5f6-8148b890c082","height":40,"min_height":35},"geometry":{"type":"Polygon","coordinates":[[[-74.00513470172882,40.75104049772625],[-74.00518834590912,40.75096734871599],[-74.00513470172882,40.75094702953217],[-74.00508105754852,40.7510201785648],[-74.00513470172882,40.75104049772625]]]}},{"type":"Feature","properties":{"id":"36326333-6262-3266-B563-636532363234","building_id":"c2df86e0-1542-4e13-8ce7-41923278d5eb","height":60,"min_height":57},"geometry":{"type":"Polygon","coordinates":[[[-74.0035629272461,40.74797629804684],[-74.0035629272461,40.7481469866232],[-74.00356829166412,40.74814292261459],[-74.00358974933624,40.74815105063158],[-74.00364875793457,40.748065706403395],[-74.00362730026245,40.74805757837595],[-74.00367021560669,40.74800068215603],[-74.00357365608215,40.747960041969094],[-74.0035629272461,40.74797629804684]]]}},{"type":"Feature","properties":{"id":"36386437-6130-3262-B034-376133363938","building_id":"62576fbe-0cc3-4d66-a37d-1d7d7a5a54cb","height":89,"min_height":85},"geometry":{"type":"Polygon","coordinates":[[[-74.00654554367065,40.75161349552275],[-74.00658845901489,40.75155660234532],[-74.00640070438385,40.75147939009807],[-74.00635778903961,40.75153628334155],[-74.00654554367065,40.75161349552275]]]}},{"type":"Feature","properties":{"id":"32343430-3834-3364-A161-373266633638","building_id":"1eb40075-bb8c-4707-b968-b3ed07164882","height":54.8,"min_height":52},"geometry":{"type":"Polygon","coordinates":[[[-74.00389552116394,40.74990667902384],[-74.00394380092621,40.7498457204814],[-74.00390625,40.74982946486068],[-74.00385797023773,40.74989042341798],[-74.00389552116394,40.74990667902384]]]}},{"type":"Feature","properties":{"id":"35383062-3236-3239-B164-323661353034","building_id":"c2df86e0-1542-4e13-8ce7-41923278d5eb","height":57,"min_height":45},"geometry":{"type":"Polygon","coordinates":[[[-74.00377213954926,40.7478990816422],[-74.00387942790985,40.74775277662957],[-74.0035629272461,40.74761866341859],[-74.0035629272461,40.74774464856387],[-74.0036541223526,40.74778122485171],[-74.00361657142639,40.74783405723187],[-74.00377213954926,40.7478990816422]]]}},{"type":"Feature","properties":{"id":"32373737-3934-3437-A338-636437303263","building_id":"6c4dea73-9093-40e1-a6f6-566a6e9a9fdd","height":42,"min_height":32},"geometry":{"type":"Polygon","coordinates":[[[-74.00384187698364,40.74950435161125],[-74.00384724140167,40.749488095907026],[-74.00382578372955,40.74946777627119],[-74.00380432605743,40.74946777627119],[-74.00378286838531,40.749479968053464],[-74.00378286838531,40.74949622375962],[-74.0037989616394,40.74951247946183],[-74.00382041931152,40.74951654338679],[-74.00384187698364,40.74950435161125]]]}},{"type":"Feature","properties":{"id":"63316337-3734-3039-B564-643163626239","building_id":"7d87bc36-9b1a-4c79-95ce-d87dc30c307b","height":82,"min_height":0},"geometry":{"type":"Polygon","coordinates":[[[-74.00636851787567,40.74914266125339],[-74.00629341602325,40.74924832380853],[-74.00638461112976,40.74928489926927],[-74.00645971298218,40.74917923677225],[-74.00636851787567,40.74914266125339]]]}},{"type":"Feature","properties":{"id":"62666436-6638-3432-A630-393363313731","building_id":"412ecd43-b44a-4c82-98fa-cd54b68810fa","height":37.6,"min_height":0},"geometry":{"type":"Polygon","coordinates":[[[-74.00425493717194,40.7501180015382],[-74.00445878505707,40.750203343132455],[-74.0044641494751,40.750191151482824],[-74.00426030158997,40.750105809872935],[-74.00425493717194,40.7501180015382]]]}},{"type":"Feature","properties":{"id":"39313338-3430-3238-B465-313136373063","building_id":"62576fbe-0cc3-4d66-a37d-1d7d7a5a54cb","height":90.7,"min_height":85},"geometry":{"type":"Polygon","coordinates":[[[-74.00660455226898,40.75165819727084],[-74.00658845901489,40.75164600588798],[-74.00656163692474,40.75164600588798],[-74.00655090808868,40.75166226106464],[-74.00655090808868,40.75167851623735],[-74.00656700134277,40.751690707614245],[-74.00658845901489,40.751690707614245],[-74.00660991668701,40.75167445244452],[-74.00660455226898,40.75165819727084]]]}},{"type":"Feature","properties":{"id":"37633033-3335-3535-A535-353635373633","building_id":"6c4dea73-9093-40e1-a6f6-566a6e9a9fdd","height":4,"min_height":0},"geometry":{"type":"Polygon","coordinates":[[[-74.0036541223526,40.749528735160084],[-74.00362193584442,40.7495693743883],[-74.00393843650818,40.749703483665144],[-74.00396525859833,40.749662844518895],[-74.0036541223526,40.749528735160084]]]}},{"type":"Feature","properties":{"id":"31313065-6136-3138-B739-663132633065","building_id":"0d4ac3c4-8217-4c6a-b5f6-8148b890c082","height":6,"min_height":0},"geometry":{"type":"Polygon","coordinates":[[[-74.00487184524536,40.750975476387765],[-74.00498986244202,40.751028306230126],[-74.00509178638458,40.750886071943484],[-74.00489330291748,40.75080073122547],[-74.0048611164093,40.75084543352],[-74.00494158267975,40.750877944260765],[-74.00487184524536,40.750975476387765]]]}},{"type":"Feature","properties":{"id":"36396431-6637-3465-B435-313165303864","building_id":"02c6d05a-83f0-479c-b321-6a9ee9a05329","height":12,"min_height":0},"geometry":{"type":"Polygon","coordinates":[[[-74.00912582874298,40.74699686227001],[-74.00861620903015,40.74699686227001],[-74.00861084461212,40.74702124673831],[-74.00911509990692,40.74707407972227],[-74.00912582874298,40.74699686227001]]]}},{"type":"Feature","properties":{"id":"31323932-3436-3939-B934-646336303363","building_id":"e6dc0b48-2e85-448e-9884-6a66839acd0d","height":28.6,"min_height":25.7},"geometry":{"type":"Polygon","coordinates":[[[-74.00586426258087,40.74917923677225],[-74.00589108467102,40.74914266125339],[-74.0055799484253,40.749008550845474],[-74.00555312633514,40.74904512643806],[-74.00586426258087,40.74917923677225]]]}},{"type":"Feature","properties":{"id":"64613239-3163-3731-B738-353462643966","building_id":"6c4dea73-9093-40e1-a6f6-566a6e9a9fdd","height":42,"min_height":32},"geometry":{"type":"Polygon","coordinates":[[[-74.0039598941803,40.749557182622425],[-74.00396525859833,40.74953279908402],[-74.00394916534424,40.74952060731147],[-74.00392234325409,40.74952060731147],[-74.00390625,40.749528735160084],[-74.00390088558197,40.749553118699964],[-74.00391697883606,40.74956531046658],[-74.00394380092621,40.7495693743883],[-74.0039598941803,40.749557182622425]]]}},{"type":"Feature","properties":{"id":"64373638-3332-3330-B137-616633616164","building_id":"52696065-b000-4757-b389-094083560d2b","height":17,"min_height":0},"geometry":{"type":"Polygon","coordinates":[[[-74.0059232711792,40.7479722340278],[-74.00575697422028,40.748199818712806],[-74.0062290430069,40.74839895467329],[-74.00639533996582,40.74817137066978],[-74.0059232711792,40.7479722340278]]]}},{"type":"Feature","properties":{"id":"63316137-3831-3433-A639-396238343438","building_id":"e6b342b2-e8be-45e7-9af9-344df3086222","height":12,"min_height":0},"geometry":{"type":"Polygon","coordinates":[[[-74.00911509990692,40.74707407972227],[-74.00861084461212,40.74702124673831],[-74.0085518360138,40.74735856429908],[-74.00905072689056,40.74741139701504],[-74.00911509990692,40.74707407972227]]]}},{"type":"Feature","properties":{"id":"34343066-3961-3461-B036-343335316537","building_id":"4095cf51-ec27-4c7b-b444-786d3bc4e442","height":30.2,"min_height":27.5},"geometry":{"type":"Polygon","coordinates":[[[-74.0070390701294,40.747321987778804],[-74.00710344314575,40.74734637212788],[-74.00710344314575,40.74734230807033],[-74.00704443454742,40.74731792371975],[-74.0070390701294,40.747321987778804]]]}},{"type":"Feature","properties":{"id":"33303065-3961-3437-B737-663966383333","building_id":"fc899e62-22fa-4b9c-ac1c-caa4ed37e281","height":7,"min_height":0},"geometry":{"type":"Polygon","coordinates":[[[-74.00497376918793,40.74980101751481],[-74.0049147605896,40.749776634065796],[-74.00487720966339,40.74982946486068],[-74.00493621826172,40.749853848290314],[-74.00497376918793,40.74980101751481]]]}},{"type":"Feature","properties":{"id":"65346138-3338-3330-A165-353763643764","building_id":"62576fbe-0cc3-4d66-a37d-1d7d7a5a54cb","height":66,"min_height":0},"geometry":{"type":"Polygon","coordinates":[[[-74.00619685649872,40.75166632485818],[-74.00646507740021,40.75130464626008],[-74.00617003440857,40.75117866785945],[-74.00615930557251,40.751162412564554],[-74.00618076324463,40.751129901962855],[-74.00617003440857,40.75111364665605],[-74.00575697422028,40.75094296569466],[-74.00573551654816,40.75094296569466],[-74.00541365146637,40.7513777948993],[-74.00540828704834,40.75139811395147],[-74.00582134723663,40.75157692134283],[-74.00584280490875,40.75157692134283],[-74.00587499141693,40.75154441094381],[-74.00589644908905,40.75154441094381],[-74.00619685649872,40.75166632485818]]]}},{"type":"Feature","properties":{"id":"38353061-3730-3436-B134-616439316131","building_id":"4095cf51-ec27-4c7b-b444-786d3bc4e442","height":30.2,"min_height":27.5},"geometry":{"type":"Polygon","coordinates":[[[-74.00683522224426,40.74728541123844],[-74.00689423084259,40.7473097956009],[-74.00692105293274,40.747273219053824],[-74.00686204433441,40.74724477061437],[-74.00683522224426,40.74728541123844]]]}},{"type":"Feature","properties":{"id":"36376633-6564-3132-A464-336330666366","building_id":"02c6d05a-83f0-479c-b321-6a9ee9a05329","height":17,"min_height":0},"geometry":{"type":"Polygon","coordinates":[[[-74.00861620903015,40.74699686227001],[-74.00840163230896,40.74699686227001],[-74.00861084461212,40.74702124673831],[-74.00861620903015,40.74699686227001]]]}},{"type":"Feature","properties":{"id":"62376437-6339-3132-B661-633662346463","building_id":"412ecd43-b44a-4c82-98fa-cd54b68810fa","height":41.8,"min_height":0},"geometry":{"type":"Polygon","coordinates":[[[-74.00386333465576,40.74995138191943],[-74.00398671627045,40.75000421257545],[-74.00399208068848,40.749996084784925],[-74.00419592857361,40.7500814265357],[-74.00419056415558,40.750089554315764],[-74.00425493717194,40.7501180015382],[-74.00426030158997,40.750105809872935],[-74.0044641494751,40.750191151482824],[-74.00445878505707,40.750203343132455],[-74.0045714378357,40.750248045828585],[-74.00473237037659,40.75002859594099],[-74.00471091270447,40.75002046815345],[-74.00470018386841,40.75003672372753],[-74.0040135383606,40.74974818669733],[-74.00386333465576,40.74995138191943]]]}},{"type":"Feature","properties":{"id":"37353733-6138-3363-B734-373438313338","building_id":"be58b80e-b4de-4fc2-8755-85fb7f5e63ff","height":40,"min_height":37.1},"geometry":{"type":"Polygon","coordinates":[[[-74.0061217546463,40.74869968948329],[-74.00613784790039,40.74867530563046],[-74.0059769153595,40.748610281979154],[-74.00595545768738,40.74863060187701],[-74.0061217546463,40.74869968948329]]]}},{"type":"Feature","properties":{"id":"31623030-6434-3632-B166-663335373865","building_id":"4095cf51-ec27-4c7b-b444-786d3bc4e442","height":30.2,"min_height":27.5},"geometry":{"type":"Polygon","coordinates":[[[-74.00691568851471,40.74744390943479],[-74.00694787502289,40.747399204853565],[-74.00684595108032,40.74735450024224],[-74.00681376457214,40.74740326890762],[-74.00691568851471,40.74744390943479]]]}},{"type":"Feature","properties":{"id":"35626333-3263-3461-B736-303338613663","building_id":"be58b80e-b4de-4fc2-8755-85fb7f5e63ff","height":47,"min_height":43},"geometry":{"type":"Polygon","coordinates":[[[-74.00589644908905,40.74875252113378],[-74.00595009326935,40.74867936960655],[-74.00585889816284,40.748642793812735],[-74.00581061840057,40.74871594538024],[-74.00589644908905,40.74875252113378]]]}},{"type":"Feature","properties":{"id":"39383565-3437-3763-A334-363066326165","building_id":"81dd7605-0d89-4dd9-b316-4866b53a6ccf","height":15,"min_height":0},"geometry":{"type":"Polygon","coordinates":[[[-74.0049147605896,40.748776904958305],[-74.0050220489502,40.74882160861341],[-74.00504887104034,40.74878909686723],[-74.00494158267975,40.74874439319029],[-74.0049147605896,40.748776904958305]]]}},{"type":"Feature","properties":{"id":"62626639-3233-3331-B161-356166646163","building_id":"c2df86e0-1542-4e13-8ce7-41923278d5eb","height":51,"min_height":45},"geometry":{"type":"Polygon","coordinates":[[[-74.0036004781723,40.74815511463973],[-74.00361657142639,40.74816324265524],[-74.00367558002472,40.74807789844269],[-74.00365948677063,40.748073834429846],[-74.0036004781723,40.74815511463973]]]}},{"type":"Feature","properties":{"id":"66323264-6438-3166-A565-666536626536","building_id":"1eb40075-bb8c-4707-b968-b3ed07164882","height":54.8,"min_height":52},"geometry":{"type":"Polygon","coordinates":[[[-74.00389552116394,40.749821337048814],[-74.00392234325409,40.74978476188315],[-74.00383114814758,40.74974412278658],[-74.0037989616394,40.74978476188315],[-74.00389552116394,40.749821337048814]]]}},{"type":"Feature","properties":{"id":"36383835-3236-3963-A334-653863663933","building_id":"c2df86e0-1542-4e13-8ce7-41923278d5eb","height":51,"min_height":45},"geometry":{"type":"Polygon","coordinates":[[[-74.00364339351654,40.7476430476589],[-74.00377213954926,40.747695880148854],[-74.00378286838531,40.7476836880395],[-74.0036541223526,40.74763085553985],[-74.00364339351654,40.7476430476589]]]}},{"type":"Feature","properties":{"id":"35646163-6166-3966-A165-656635333339","building_id":"c2df86e0-1542-4e13-8ce7-41923278d5eb","height":60,"min_height":57},"geometry":{"type":"Polygon","coordinates":[[[-74.0035629272461,40.74763898361945],[-74.0035629272461,40.747716200326124],[-74.00366485118866,40.74775684066205],[-74.0036541223526,40.74776903275799],[-74.00368094444275,40.74778122485171],[-74.00367558002472,40.74779341694315],[-74.00369167327881,40.747797480973134],[-74.00365948677063,40.747838121259406],[-74.00375604629517,40.74787876152078],[-74.00378823280334,40.74783405723187],[-74.00380969047546,40.74784218528666],[-74.0038526058197,40.74778122485171],[-74.00383114814758,40.747773096789444],[-74.00384724140167,40.74775684066205],[-74.00375604629517,40.74772026436085],[-74.00376677513123,40.747704008220495],[-74.00363802909851,40.74765117573699],[-74.00362730026245,40.74766743189025],[-74.0035629272461,40.74763898361945]]]}},{"type":"Feature","properties":{"id":"64623164-6461-3563-A439-343532386339","building_id":"e6b342b2-e8be-45e7-9af9-344df3086222","height":20.5,"min_height":0},"geometry":{"type":"Polygon","coordinates":[[[-74.00822460651398,40.74764711169806],[-74.00823533535004,40.747606471295086],[-74.008229970932,40.747606471295086],[-74.00821924209595,40.7476430476589],[-74.00822460651398,40.74764711169806]]]}},{"type":"Feature","properties":{"id":"33396135-6436-3033-B166-663964343835","building_id":"1eb40075-bb8c-4707-b968-b3ed07164882","height":60,"min_height":54.8},"geometry":{"type":"Polygon","coordinates":[[[-74.00385797023773,40.74978476188315],[-74.00386333465576,40.74977257015678],[-74.0038526058197,40.749760378428164],[-74.00384187698364,40.74975631451815],[-74.00382041931152,40.74976444233795],[-74.0038150548935,40.749776634065796],[-74.00382578372955,40.749788825791455],[-74.00384724140167,40.74979288969945],[-74.00385797023773,40.74978476188315]]]}},{"type":"Feature","properties":{"id":"38313263-6437-3931-B034-393065326664","building_id":"c2df86e0-1542-4e13-8ce7-41923278d5eb","height":66,"min_height":60},"geometry":{"type":"Polygon","coordinates":[[[-74.0035629272461,40.74804132231807],[-74.0035629272461,40.748045386332905],[-74.00356829166412,40.74804132231807],[-74.0035629272461,40.74804132231807]]]}},{"type":"Feature","properties":{"id":"39623864-3464-3939-B131-366235333535","building_id":"54514a5e-b284-4a8d-96f4-b29821785ba5","height":18,"min_height":0},"geometry":{"type":"Polygon","coordinates":[[[-74.00713562965393,40.74738701268981],[-74.00711417198181,40.74754551064402],[-74.00725364685059,40.747606471295086],[-74.00720000267029,40.7476836880395],[-74.00755405426025,40.747829993204135],[-74.00760233402252,40.747549574689174],[-74.00713562965393,40.74735856429908],[-74.00713562965393,40.74738701268981]]]}},{"type":"Feature","properties":{"id":"63656432-6665-3238-B735-353932346163","building_id":"62576fbe-0cc3-4d66-a37d-1d7d7a5a54cb","height":38,"min_height":0},"geometry":{"type":"Polygon","coordinates":[[[-74.00582134723663,40.75157692134283],[-74.00615930557251,40.75171915415169],[-74.00615394115448,40.751702898988924],[-74.0061753988266,40.75167038865149],[-74.00616466999054,40.75165413347679],[-74.00590181350708,40.75154441094381],[-74.00588035583496,40.75154441094381],[-74.00584280490875,40.75157692134283],[-74.00582134723663,40.75157692134283]]]}},{"type":"Feature","properties":{"id":"39323937-3665-3465-B366-663665666565","building_id":"e6b342b2-e8be-45e7-9af9-344df3086222","height":20.5,"min_height":0},"geometry":{"type":"Polygon","coordinates":[[[-74.00827288627625,40.74738701268981],[-74.0082836151123,40.74733011589615],[-74.00827825069427,40.74733011589615],[-74.00826752185822,40.74738701268981],[-74.00827288627625,40.74738701268981]]]}},{"type":"Feature","properties":{"id":"65643438-3664-3562-A361-643332326464","building_id":"e6dc0b48-2e85-448e-9884-6a66839acd0d","height":34.3,"min_height":31.4},"geometry":{"type":"Polygon","coordinates":[[[-74.00559067726135,40.749061382250545],[-74.0057784318924,40.74914266125339],[-74.00580525398254,40.7491060857144],[-74.0056174993515,40.74902480666688],[-74.00559067726135,40.749061382250545]]]}},{"type":"Feature","properties":{"id":"35616136-3162-3534-A631-303939373235","building_id":"f89bb72e-1e46-4e79-8ae9-5f95b8908661","height":20.5,"min_height":0},"geometry":{"type":"Polygon","coordinates":[[[-74.0065187215805,40.747716200326124],[-74.00669574737549,40.747472357789036],[-74.00662064552307,40.74743984538321],[-74.00652945041656,40.74756583086727],[-74.00620758533478,40.747431717279255],[-74.0061217546463,40.747549574689174],[-74.0065187215805,40.747716200326124]]]}},{"type":"Feature","properties":{"id":"63383833-6436-3465-A139-353163653738","building_id":"e6b342b2-e8be-45e7-9af9-344df3086222","height":24.7,"min_height":0},"geometry":{"type":"Polygon","coordinates":[[[-74.00823533535004,40.747606471295086],[-74.0084981918335,40.74763085553985],[-74.00854110717773,40.747415461068385],[-74.00827288627625,40.74738701268981],[-74.00823533535004,40.747606471295086]]]}},{"type":"Feature","properties":{"id":"61646666-3533-3937-A465-303165663430","building_id":"f89bb72e-1e46-4e79-8ae9-5f95b8908661","height":26,"min_height":23.5},"geometry":{"type":"Polygon","coordinates":[[[-74.00642216205597,40.74758615108428],[-74.00644361972809,40.74755770277872],[-74.00636851787567,40.74752519041462],[-74.00634706020355,40.747553638734075],[-74.00642216205597,40.74758615108428]]]}},{"type":"Feature","properties":{"id":"63353833-3137-3132-B130-376130643732","building_id":"fc899e62-22fa-4b9c-ac1c-caa4ed37e281","height":78.8,"min_height":0},"geometry":{"type":"Polygon","coordinates":[[[-74.00478065013885,40.74996357361297],[-74.004807472229,40.749975765304356],[-74.00490403175354,40.74984165657659],[-74.00487720966339,40.74982946486068],[-74.00478065013885,40.74996357361297]]]}},{"type":"Feature","properties":{"id":"63396665-3861-3566-A261-633264313931","building_id":"62576fbe-0cc3-4d66-a37d-1d7d7a5a54cb","height":38,"min_height":0},"geometry":{"type":"Polygon","coordinates":[[[-74.00714099407196,40.75152409193632],[-74.00682985782623,40.751394050141556],[-74.00679230690002,40.751446879651354],[-74.00707125663757,40.75156472994507],[-74.00709271430969,40.75155660234532],[-74.00711953639984,40.75152815573833],[-74.00714099407196,40.75152409193632]]]}},{"type":"Feature","properties":{"id":"64623063-6534-3337-A433-306263313632","building_id":"f5a58c1e-ef11-4faf-a7e7-820dae3de922","height":35,"min_height":31.5},"geometry":{"type":"Polygon","coordinates":[[[-74.00454461574554,40.7486224739186],[-74.00460362434387,40.74864685779082],[-74.00463044643402,40.748610281979154],[-74.0045714378357,40.74858589809352],[-74.00454461574554,40.7486224739186]]]}},{"type":"Feature","properties":{"id":"37653162-6537-3233-B339-333862346638","building_id":"f5a58c1e-ef11-4faf-a7e7-820dae3de922","height":31.5,"min_height":28},"geometry":{"type":"Polygon","coordinates":[[[-74.00451242923737,40.748610281979154],[-74.00460362434387,40.74864685779082],[-74.00463044643402,40.748610281979154],[-74.00453925132751,40.74857370614734],[-74.00451242923737,40.748610281979154]]]}},{"type":"Feature","properties":{"id":"38306137-3335-3934-B432-326138613761","building_id":"62576fbe-0cc3-4d66-a37d-1d7d7a5a54cb","height":90.7,"min_height":85},"geometry":{"type":"Polygon","coordinates":[[[-74.00641679763794,40.751690707614245],[-74.00640070438385,40.75167851623735],[-74.0063738822937,40.75167851623735],[-74.00636315345764,40.75169477140605],[-74.00636315345764,40.7517110265708],[-74.00637924671173,40.75172321794173],[-74.00640070438385,40.75172321794173],[-74.00641679763794,40.75170696277996],[-74.00641679763794,40.751690707614245]]]}},{"type":"Feature","properties":{"id":"63316431-3131-3436-B736-376137623739","building_id":"d2f3873b-2c39-49be-b833-5d0af544dffa","height":23.7,"min_height":20},"geometry":{"type":"Polygon","coordinates":[[[-74.0077418088913,40.75054877227606],[-74.00779008865356,40.75048375045671],[-74.00771498680115,40.750451239523215],[-74.00766670703888,40.750520325237915],[-74.0077418088913,40.75054877227606]]]}},{"type":"Feature","properties":{"id":"33663163-6234-3265-B939-376633656133","building_id":"f0c2196e-6ddb-4d95-9755-1503971734ba","height":47.2,"min_height":0},"geometry":{"type":"Polygon","coordinates":[[[-74.00583207607269,40.74966690843465],[-74.00566041469574,40.74990261512275],[-74.00596618652344,40.7500326598344],[-74.00613784790039,40.749796953607245],[-74.00583207607269,40.74966690843465]]]}},{"type":"Feature","properties":{"id":"65363432-6565-3835-B366-316434373338","building_id":"54514a5e-b284-4a8d-96f4-b29821785ba5","height":88.5,"min_height":80},"geometry":{"type":"Polygon","coordinates":[[[-74.00742530822754,40.74765523977567],[-74.00744140148163,40.74755770277872],[-74.00724291801453,40.747476421838655],[-74.00722682476044,40.74756583086727],[-74.00742530822754,40.74765523977567]]]}},{"type":"Feature","properties":{"id":"39326230-6632-3735-B430-303935376639","building_id":"0d4ac3c4-8217-4c6a-b5f6-8148b890c082","height":42,"min_height":40},"geometry":{"type":"Polygon","coordinates":[[[-74.0050220489502,40.75081698660878],[-74.00508642196655,40.75084543352],[-74.00514543056488,40.75076415659851],[-74.00508105754852,40.7507357096525],[-74.0050220489502,40.75081698660878]]]}},{"type":"Feature","properties":{"id":"63363438-3365-3532-B061-363034373938","building_id":"d176a567-1fda-47eb-81ba-55ae6f139bb9","height":47.5,"min_height":0},"geometry":{"type":"Polygon","coordinates":[[[-74.00568187236786,40.74816730666262],[-74.00583744049072,40.747951913928745],[-74.00570869445801,40.7478990816422],[-74.0057247877121,40.74787876152078],[-74.0054726600647,40.74776903275799],[-74.00530099868774,40.74800881019041],[-74.00568187236786,40.74816730666262]]]}},{"type":"Feature","properties":{"id":"36353534-3235-3164-A635-303530343866","building_id":"4095cf51-ec27-4c7b-b444-786d3bc4e442","height":30.2,"min_height":27.5},"geometry":{"type":"Polygon","coordinates":[[[-74.00701224803925,40.74736262835563],[-74.00707125663757,40.74738701268981],[-74.00710344314575,40.74734637212788],[-74.0070390701294,40.747321987778804],[-74.00701224803925,40.74736262835563]]]}},{"type":"Feature","properties":{"id":"36396336-3763-3261-B633-616239303466","building_id":"1eb40075-bb8c-4707-b968-b3ed07164882","height":60,"min_height":54.8},"geometry":{"type":"Polygon","coordinates":[[[-74.00390625,40.749805081422096],[-74.00390625,40.74979288969945],[-74.00390088558197,40.749780697974586],[-74.00388479232788,40.749776634065796],[-74.00386333465576,40.74978476188315],[-74.00386333465576,40.749796953607245],[-74.00387406349182,40.74980914532915],[-74.00389015674591,40.74981320923595],[-74.00390625,40.749805081422096]]]}},{"type":"Feature","properties":{"id":"33306332-3731-3230-B034-666338343963","building_id":"be58b80e-b4de-4fc2-8755-85fb7f5e63ff","height":42,"min_height":40},"geometry":{"type":"Polygon","coordinates":[[[-74.0060144662857,40.748764713047166],[-74.0060305595398,40.74874439319029],[-74.00593400001526,40.7487037534579],[-74.00591790676117,40.748724073327196],[-74.0060144662857,40.748764713047166]]]}},{"type":"Feature","properties":{"id":"38316564-3466-3862-B538-336234343466","building_id":"412ecd43-b44a-4c82-98fa-cd54b68810fa","height":37.6,"min_height":0},"geometry":{"type":"Polygon","coordinates":[[[-74.00398671627045,40.75000421257545],[-74.00419056415558,40.750089554315764],[-74.00419592857361,40.7500814265357],[-74.00399208068848,40.749996084784925],[-74.00398671627045,40.75000421257545]]]}},{"type":"Feature","properties":{"id":"32326531-3666-3432-A336-346462323563","building_id":"e6dc0b48-2e85-448e-9884-6a66839acd0d","height":34.3,"min_height":6},"geometry":{"type":"Polygon","coordinates":[[[-74.00588572025299,40.7487687770178],[-74.00598227977753,40.748813480678365],[-74.00599300861359,40.74879316083636],[-74.00589644908905,40.74875252113378],[-74.00588572025299,40.7487687770178]]]}},{"type":"Feature","properties":{"id":"65326136-6337-3862-A639-633261316432","building_id":"09fcb85d-21d7-4a74-83b0-c34b6dc72dde","height":5,"min_height":0},"geometry":{"type":"Polygon","coordinates":[[[-74.00482892990112,40.74763898361945],[-74.0049684047699,40.74744390943479],[-74.00485575199127,40.74739514079923],[-74.00471091270447,40.747590215126934],[-74.00482892990112,40.74763898361945]]]}},{"type":"Feature","properties":{"id":"65396165-6530-3032-B262-333838323330","building_id":"e6b342b2-e8be-45e7-9af9-344df3086222","height":20,"min_height":0},"geometry":{"type":"Polygon","coordinates":[[[-74.0084981918335,40.74767555996536],[-74.00822460651398,40.74764711169806],[-74.00814950466156,40.748037258302986],[-74.00842308998108,40.748061642389786],[-74.0084981918335,40.74767555996536]]]}},{"type":"Feature","properties":{"id":"61636338-3366-3231-A566-623435366331","building_id":"f0c2196e-6ddb-4d95-9755-1503971734ba","height":50,"min_height":47.2},"geometry":{"type":"Polygon","coordinates":[[[-74.0059232711792,40.74987416780817],[-74.00598227977753,40.74979288969945],[-74.00593400001526,40.749776634065796],[-74.00587499141693,40.749857912194386],[-74.0059232711792,40.74987416780817]]]}},{"type":"Feature","properties":{"id":"35656364-6163-3230-B561-663338366532","building_id":"7d87bc36-9b1a-4c79-95ce-d87dc30c307b","height":16,"min_height":0},"geometry":{"type":"Polygon","coordinates":[[[-74.00659382343292,40.74917517282668],[-74.0065723657608,40.74916298098856],[-74.00642216205597,40.74937430586638],[-74.00627195835114,40.74931334683595],[-74.00625050067902,40.74934179439043],[-74.006427526474,40.74941494518896],[-74.00659382343292,40.74917517282668]]]}},{"type":"Feature","properties":{"id":"66333137-3565-3533-B537-616337323636","building_id":"0d4ac3c4-8217-4c6a-b5f6-8148b890c082","height":35,"min_height":0},"geometry":{"type":"Polygon","coordinates":[[[-74.00487184524536,40.750975476387765],[-74.0047538280487,40.75113396578894],[-74.00506496429443,40.75126400809242],[-74.00540828704834,40.7507885396854],[-74.0050220489502,40.75062598560393],[-74.00489330291748,40.75080073122547],[-74.00509178638458,40.750886071943484],[-74.00498986244202,40.751028306230126],[-74.00487184524536,40.750975476387765]]]}},{"type":"Feature","properties":{"id":"66303532-6439-3935-A337-343530376130","building_id":"e6b342b2-e8be-45e7-9af9-344df3086222","height":17.5,"min_height":0},"geometry":{"type":"Polygon","coordinates":[[[-74.0082836151123,40.74733011589615],[-74.00834262371063,40.74699686227001],[-74.00833189487457,40.74699686227001],[-74.00827825069427,40.74733011589615],[-74.0082836151123,40.74733011589615]]]}},{"type":"Feature","properties":{"id":"35656431-6531-3036-A632-356465626365","building_id":"7d87bc36-9b1a-4c79-95ce-d87dc30c307b","height":70,"min_height":0},"geometry":{"type":"Polygon","coordinates":[[[-74.00645971298218,40.74917923677225],[-74.00649189949036,40.749130469409295],[-74.00642216205597,40.74910202176437],[-74.00638997554779,40.74915078914819],[-74.00645971298218,40.74917923677225]]]}},{"type":"Feature","properties":{"id":"32656234-3731-3465-B865-653466333239","building_id":"54514a5e-b284-4a8d-96f4-b29821785ba5","height":70,"min_height":18},"geometry":{"type":"Polygon","coordinates":[[[-74.0075272321701,40.74781780111937],[-74.00757014751434,40.7475739589548],[-74.00713562965393,40.74738701268981],[-74.00711417198181,40.74754551064402],[-74.00737166404724,40.74765930381412],[-74.00731801986694,40.747732456463496],[-74.0075272321701,40.74781780111937]]]}},{"type":"Feature","properties":{"id":"33643834-6265-3136-A235-353262303034","building_id":"e6b342b2-e8be-45e7-9af9-344df3086222","height":14,"min_height":0},"geometry":{"type":"Polygon","coordinates":[[[-74.01128768920898,40.74766336785231],[-74.01114821434021,40.74764711169806],[-74.01109993457794,40.747907209689004],[-74.01124477386475,40.74792346577965],[-74.01128768920898,40.74766336785231]]]}},{"type":"Feature","properties":{"id":"31393062-3737-3333-A165-356239613234","building_id":"623a047c-67c0-4aab-8509-f0767006c9c1","height":17.4,"min_height":15},"geometry":{"type":"Polygon","coordinates":[[[-74.00412619113922,40.749447456629156],[-74.00408327579498,40.74950435161125],[-74.00412619113922,40.74952060731147],[-74.00416374206543,40.74946371234327],[-74.00412619113922,40.749447456629156]]]}},{"type":"Feature","properties":{"id":"35343762-3739-3466-A434-333161633031","building_id":"e6b342b2-e8be-45e7-9af9-344df3086222","height":25,"min_height":0},"geometry":{"type":"Polygon","coordinates":[[[-74.00823533535004,40.747606471295086],[-74.00827288627625,40.74738701268981],[-74.00826752185822,40.74738701268981],[-74.008229970932,40.747606471295086],[-74.00823533535004,40.747606471295086]]]}},{"type":"Feature","properties":{"id":"61666161-3338-3038-A661-376138353363","building_id":"e6dc0b48-2e85-448e-9884-6a66839acd0d","height":37,"min_height":34.3},"geometry":{"type":"Polygon","coordinates":[[[-74.00580525398254,40.74905325434483],[-74.00582134723663,40.74903699853036],[-74.00571942329407,40.74899229502006],[-74.00570333003998,40.74901261480116],[-74.00580525398254,40.74905325434483]]]}},{"type":"Feature","properties":{"id":"63356361-3366-3965-A130-363634366134","building_id":"1eb40075-bb8c-4707-b968-b3ed07164882","height":43.3,"min_height":0},"geometry":{"type":"Polygon","coordinates":[[[-74.00386333465576,40.74995138191943],[-74.00387406349182,40.749939190223614],[-74.00380432605743,40.7499107429247],[-74.00379359722137,40.74992293462569],[-74.00386333465576,40.74995138191943]]]}},{"type":"Feature","properties":{"id":"32393130-3230-3566-B139-333166613865","building_id":"568e8cc4-c6a9-4540-b22a-ded72b80354c","height":29.5,"min_height":0},"geometry":{"type":"Polygon","coordinates":[[[-74.00530099868774,40.74800881019041],[-74.00531709194183,40.74798442608423],[-74.00495231151581,40.747829993204135],[-74.00493621826172,40.747854377366934],[-74.00530099868774,40.74800881019041]]]}},{"type":"Feature","properties":{"id":"66613466-6435-3137-B662-613531626139","building_id":"12864ccb-72fb-443e-bf12-f3b3e744f6da","height":4,"min_height":0},"geometry":{"type":"Polygon","coordinates":[[[-74.0042495727539,40.7498457204814],[-74.0045553445816,40.749975765304356],[-74.00459289550781,40.74992699852555],[-74.00428175926208,40.749796953607245],[-74.0042495727539,40.7498457204814]]]}},{"type":"Feature","properties":{"id":"35376338-3734-3665-A532-653061653161","building_id":"62576fbe-0cc3-4d66-a37d-1d7d7a5a54cb","height":90.7,"min_height":0},"geometry":{"type":"Polygon","coordinates":[[[-74.00645971298218,40.751312773890646],[-74.0063738822937,40.75142656061408],[-74.00670111179352,40.75156472994507],[-74.00672793388367,40.75152815573833],[-74.00678157806396,40.75154847474454],[-74.00680840015411,40.75151190052887],[-74.00676012039185,40.75149158151149],[-74.006786942482,40.75145094345805],[-74.00645971298218,40.751312773890646]]]}},{"type":"Feature","properties":{"id":"36343635-3762-3139-B435-323866373762","building_id":"6c4dea73-9093-40e1-a6f6-566a6e9a9fdd","height":38.2,"min_height":35},"geometry":{"type":"Polygon","coordinates":[[[-74.00402963161469,40.74946371234327],[-74.00409400463104,40.749488095907026],[-74.00412619113922,40.749447456629156],[-74.00406181812286,40.74941900911986],[-74.00402963161469,40.74946371234327]]]}},{"type":"Feature","properties":{"id":"39623565-3165-3338-A432-663563656165","building_id":"2954e2a5-27bd-4a80-a3ea-c513623945e8","height":38.9,"min_height":35},"geometry":{"type":"Polygon","coordinates":[[[-74.0062665939331,40.7509632848797],[-74.00629341602325,40.7509226465034],[-74.00620222091675,40.75088200810225],[-74.00617003440857,40.7509226465034],[-74.0062665939331,40.7509632848797]]]}},{"type":"Feature","properties":{"id":"39626363-3735-3661-B032-376264663130","building_id":"0d4ac3c4-8217-4c6a-b5f6-8148b890c082","height":40,"min_height":35},"geometry":{"type":"Polygon","coordinates":[[[-74.0050756931305,40.75113396578894],[-74.0051132440567,40.751081136030535],[-74.0050756931305,40.751064880711795],[-74.00503814220428,40.75111771048313],[-74.0050756931305,40.75113396578894]]]}},{"type":"Feature","properties":{"id":"38623735-3237-3137-A337-303762306432","building_id":"fc899e62-22fa-4b9c-ac1c-caa4ed37e281","height":24,"min_height":0},"geometry":{"type":"Polygon","coordinates":[[[-74.00496304035187,40.749825400954876],[-74.00494158267975,40.749857912194386],[-74.00508105754852,40.749914806825245],[-74.00509715080261,40.749894487319835],[-74.00496304035187,40.749825400954876]]]}},{"type":"Feature","properties":{"id":"32303363-3831-3162-A665-326139393137","building_id":"81dd7605-0d89-4dd9-b316-4866b53a6ccf","height":38,"min_height":33},"geometry":{"type":"Polygon","coordinates":[[[-74.00524735450745,40.748801288773905],[-74.0052741765976,40.7487687770178],[-74.00523662567139,40.74875252113378],[-74.0052580833435,40.74872000935383],[-74.00520443916321,40.74869968948329],[-74.00515615940094,40.748764713047166],[-74.00524735450745,40.748801288773905]]]}},{"type":"Feature","properties":{"id":"66656436-6233-3866-B235-646632656131","building_id":"c2dc87cb-6251-48c2-9475-1e506cf713f3","height":20.5,"min_height":0},"geometry":{"type":"Polygon","coordinates":[[[-74.00809049606323,40.74839895467329],[-74.00814950466156,40.748037258302986],[-74.00807976722717,40.74840301866627],[-74.00809049606323,40.74839895467329]]]}},{"type":"Feature","properties":{"id":"30373861-3934-3362-B630-386430663831","building_id":"62576fbe-0cc3-4d66-a37d-1d7d7a5a54cb","height":78,"min_height":0},"geometry":{"type":"Polygon","coordinates":[[[-74.00679230690002,40.751446879651354],[-74.00646507740021,40.75130464626008],[-74.00645971298218,40.751312773890646],[-74.006786942482,40.75145094345805],[-74.00679230690002,40.751446879651354]]]}},{"type":"Feature","properties":{"id":"31356364-6435-3438-B462-646266346435","building_id":"6c4dea73-9093-40e1-a6f6-566a6e9a9fdd","height":38.2,"min_height":35},"geometry":{"type":"Polygon","coordinates":[[[-74.00378286838531,40.74935805013038],[-74.00384187698364,40.749382433732876],[-74.00387406349182,40.74934179439043],[-74.00380969047546,40.74931334683595],[-74.00378286838531,40.74935805013038]]]}},{"type":"Feature","properties":{"id":"34326634-3462-3561-A337-663639393262","building_id":"be58b80e-b4de-4fc2-8755-85fb7f5e63ff","height":34.3,"min_height":31.4},"geometry":{"type":"Polygon","coordinates":[[[-74.00615930557251,40.74871594538024],[-74.00619685649872,40.748732201273185],[-74.00621294975281,40.74870781743226],[-74.00589644908905,40.74857777012966],[-74.00588035583496,40.74859809003743],[-74.00615930557251,40.74871594538024]]]}},{"type":"Feature","properties":{"id":"34616232-6565-3564-B134-643832353162","building_id":"c2dc87cb-6251-48c2-9475-1e506cf713f3","height":20,"min_height":0},"geometry":{"type":"Polygon","coordinates":[[[-74.00842308998108,40.748061642389786],[-74.00814950466156,40.748037258302986],[-74.00809049606323,40.74839895467329],[-74.00841772556305,40.74853306631064],[-74.00843918323517,40.74838676269286],[-74.00836944580078,40.74838269869889],[-74.00842308998108,40.748061642389786]]]}},{"type":"Feature","properties":{"id":"36396365-3663-3164-B031-353432303131","building_id":"d7f50c9b-2cb2-4195-a523-c9aa012958b4","height":31,"min_height":27.4},"geometry":{"type":"Polygon","coordinates":[[[-74.00438904762268,40.75098360405855],[-74.0044105052948,40.75095109336942],[-74.00438904762268,40.75093890185693],[-74.00436222553253,40.75097141255199],[-74.00438904762268,40.75098360405855]]]}},{"type":"Feature","properties":{"id":"31393464-3538-3237-A534-643462343165","building_id":"e8cb1b51-1055-4d7e-a65e-d463e31dcd02","height":24.8,"min_height":22},"geometry":{"type":"Polygon","coordinates":[[[-74.00647044181824,40.74707407972227],[-74.00640606880188,40.74715942522309],[-74.00644361972809,40.74717161742856],[-74.00650262832642,40.74709033601661],[-74.0065348148346,40.74710659230692],[-74.0065348148346,40.747102528234706],[-74.00647044181824,40.74707407972227]]]}},{"type":"Feature","properties":{"id":"38363336-3463-3837-A664-616630366436","building_id":"62576fbe-0cc3-4d66-a37d-1d7d7a5a54cb","height":81,"min_height":66},"geometry":{"type":"Polygon","coordinates":[[[-74.006786942482,40.751845131528256],[-74.00697469711304,40.751585048940115],[-74.00695860385895,40.75156879374458],[-74.00676548480988,40.75148345390278],[-74.00655627250671,40.7517679196161],[-74.00675475597382,40.75185325909274],[-74.0067708492279,40.75185325909274],[-74.006786942482,40.751845131528256]]]}},{"type":"Feature","properties":{"id":"63386233-3563-3338-B765-303161393163","building_id":"9d3ddc43-b5b3-4fbf-bc13-73af8febe9bb","height":82,"min_height":0},"geometry":{"type":"Polygon","coordinates":[[[-74.00426030158997,40.75234091114393],[-74.00443196296692,40.75210521309907],[-74.00422275066376,40.75201581017387],[-74.00404572486877,40.752251508535636],[-74.00426030158997,40.75234091114393]]]}},{"type":"Feature","properties":{"id":"66363332-6163-3462-B261-643764386362","building_id":"9d3ddc43-b5b3-4fbf-bc13-73af8febe9bb","height":5.5,"min_height":0},"geometry":{"type":"Polygon","coordinates":[[[-74.0035629272461,40.75163381450287],[-74.0035629272461,40.75164194209319],[-74.00356829166412,40.75163787829817],[-74.0035629272461,40.75163381450287]]]}},{"type":"Feature","properties":{"id":"38343631-3736-3035-B638-333564646139","building_id":"0d4ac3c4-8217-4c6a-b5f6-8148b890c082","height":34,"min_height":0},"geometry":{"type":"Polygon","coordinates":[[[-74.0050220489502,40.75062598560393],[-74.0048611164093,40.75084543352],[-74.00494158267975,40.750877944260765],[-74.0047538280487,40.75113396578894],[-74.00506496429443,40.75126400809242],[-74.00540828704834,40.7507885396854],[-74.0050220489502,40.75062598560393]]]}},{"type":"Feature","properties":{"id":"32366265-3430-3766-A536-323230386365","building_id":"4ad3452c-e4fd-468b-a255-6b62ca7f77d7","height":40,"min_height":0},"geometry":{"type":"Polygon","coordinates":[[[-74.0035629272461,40.74921174832767],[-74.0035629272461,40.74936211406478],[-74.00364875793457,40.7492442598672],[-74.0035629272461,40.74921174832767]]]}},{"type":"Feature","properties":{"id":"63313962-3866-3662-B064-653039343163","building_id":"7d87bc36-9b1a-4c79-95ce-d87dc30c307b","height":70,"min_height":0},"geometry":{"type":"Polygon","coordinates":[[[-74.00638461112976,40.74928489926927],[-74.00630950927734,40.74925645169043],[-74.00627195835114,40.74931334683595],[-74.00634706020355,40.74934179439043],[-74.00638461112976,40.74928489926927]]]}},{"type":"Feature","properties":{"id":"31306630-6233-3334-B862-636330353536","building_id":"e6dc0b48-2e85-448e-9884-6a66839acd0d","height":6,"min_height":0},"geometry":{"type":"Polygon","coordinates":[[[-74.00612711906433,40.749110149664176],[-74.00627195835114,40.74891101583344],[-74.00564432144165,40.74864685779082],[-74.00549948215485,40.74884599241261],[-74.00612711906433,40.749110149664176]]]}},{"type":"Feature","properties":{"id":"39336131-3532-3861-A162-333531386461","building_id":"62576fbe-0cc3-4d66-a37d-1d7d7a5a54cb","height":49,"min_height":0},"geometry":{"type":"Polygon","coordinates":[[[-74.00655627250671,40.751820748828834],[-74.00619685649872,40.75166632485818],[-74.00616466999054,40.75165413347679],[-74.0061753988266,40.75167038865149],[-74.00615394115448,40.751702898988924],[-74.00615930557251,40.75171915415169],[-74.0064811706543,40.75185325909274],[-74.00650262832642,40.75185325909274],[-74.00652945041656,40.75182481261271],[-74.00655627250671,40.751820748828834]]]}},{"type":"Feature","properties":{"id":"62326134-3035-3537-A139-653664336537","building_id":"f5a58c1e-ef11-4faf-a7e7-820dae3de922","height":40,"min_height":35},"geometry":{"type":"Polygon","coordinates":[[[-74.00464653968811,40.748594026056395],[-74.00468409061432,40.74854119427994],[-74.00454461574554,40.74848429847381],[-74.00450706481934,40.74853306631064],[-74.00464653968811,40.748594026056395]]]}},{"type":"Feature","properties":{"id":"66316135-3238-3338-A661-333665303238","building_id":"f0c2196e-6ddb-4d95-9755-1503971734ba","height":50,"min_height":47.2},"geometry":{"type":"Polygon","coordinates":[[[-74.00600910186768,40.749975765304356],[-74.00593400001526,40.749943254122456],[-74.00589644908905,40.75000014868033],[-74.00596618652344,40.7500326598344],[-74.00600910186768,40.749975765304356]]]}},{"type":"Feature","properties":{"id":"30396239-6136-3162-B438-303762633364","building_id":"568e8cc4-c6a9-4540-b22a-ded72b80354c","height":5.5,"min_height":0},"geometry":{"type":"Polygon","coordinates":[[[-74.0054190158844,40.74784218528666],[-74.00503277778625,40.74767962400256],[-74.0049147605896,40.74784218528666],[-74.00493621826172,40.747854377366934],[-74.00503277778625,40.74772026436085],[-74.00539755821228,40.747874697495774],[-74.0054190158844,40.74784218528666]]]}},{"type":"Feature","properties":{"id":"34333162-6362-3533-A536-313836663931","building_id":"623a047c-67c0-4aab-8509-f0767006c9c1","height":4,"min_height":0},"geometry":{"type":"Polygon","coordinates":[[[-74.00393843650818,40.749703483665144],[-74.00401890277863,40.74974005887552],[-74.0040135383606,40.74974818669733],[-74.0042495727539,40.7498457204814],[-74.00428175926208,40.749796953607245],[-74.00396525859833,40.749662844518895],[-74.00393843650818,40.749703483665144]]]}},{"type":"Feature","properties":{"id":"61373463-6535-3231-A163-323962353562","building_id":"c2df86e0-1542-4e13-8ce7-41923278d5eb","height":66,"min_height":60},"geometry":{"type":"Polygon","coordinates":[[[-74.00369703769684,40.747773096789444],[-74.0037453174591,40.74779341694315],[-74.00377213954926,40.74775684066205],[-74.00371313095093,40.7477365204972],[-74.00373995304108,40.747704008220495],[-74.00365948677063,40.74766743189025],[-74.00361657142639,40.74772839242951],[-74.0037077665329,40.747760904694275],[-74.00369703769684,40.747773096789444]]]}},{"type":"Feature","properties":{"id":"63386634-6461-3733-B834-636335653061","building_id":"be58b80e-b4de-4fc2-8755-85fb7f5e63ff","height":31.4,"min_height":0},"geometry":{"type":"Polygon","coordinates":[[[-74.00635242462158,40.74879722480529],[-74.00636851787567,40.74877284098818],[-74.00574088096619,40.748508682396704],[-74.0057247877121,40.74853306631064],[-74.00635242462158,40.74879722480529]]]}},{"type":"Feature","properties":{"id":"66653437-3466-3466-B535-376538316264","building_id":"c2dc87cb-6251-48c2-9475-1e506cf713f3","height":20,"min_height":0},"geometry":{"type":"Polygon","coordinates":[[[-74.00841772556305,40.74853306631064],[-74.00841772556305,40.74853713029543],[-74.00876641273499,40.74857370614734],[-74.00879323482513,40.748423338627475],[-74.00843918323517,40.74838676269286],[-74.00841772556305,40.74853306631064]]]}},{"type":"Feature","properties":{"id":"38333235-3537-3462-B639-656338313630","building_id":"d176a567-1fda-47eb-81ba-55ae6f139bb9","height":15,"min_height":0},"geometry":{"type":"Polygon","coordinates":[[[-74.00575697422028,40.748199818712806],[-74.00591254234314,40.74798442608423],[-74.00583744049072,40.747951913928745],[-74.00568187236786,40.74816730666262],[-74.00575697422028,40.748199818712806]]]}},{"type":"Feature","properties":{"id":"65373538-6663-3835-B266-633461633032","building_id":"e6b342b2-e8be-45e7-9af9-344df3086222","height":7,"min_height":0},"geometry":{"type":"Polygon","coordinates":[[[-74.01109457015991,40.7479437858874],[-74.01116967201233,40.747951913928745],[-74.01118040084839,40.7479641059889],[-74.01128232479095,40.74798036206565],[-74.01130378246307,40.7479641059889],[-74.01135742664337,40.74767149592793],[-74.01134133338928,40.74764711169806],[-74.01114821434021,40.74763085553985],[-74.01109457015991,40.7479437858874]]]}},{"type":"Feature","properties":{"id":"39646233-6362-3137-A236-653536366162","building_id":"4095cf51-ec27-4c7b-b444-786d3bc4e442","height":27.5,"min_height":0},"geometry":{"type":"Polygon","coordinates":[[[-74.00710344314575,40.74734230807033],[-74.00692641735077,40.74726509092949],[-74.00686740875244,40.74724070655063],[-74.00686204433441,40.74724477061437],[-74.00710344314575,40.74734637212788],[-74.00710344314575,40.74734230807033]]]}},{"type":"Feature","properties":{"id":"62303436-6665-3262-B837-616332393038","building_id":"412ecd43-b44a-4c82-98fa-cd54b68810fa","height":41,"min_height":37.6},"geometry":{"type":"Polygon","coordinates":[[[-74.0043193101883,40.75002453204738],[-74.00438368320465,40.749939190223614],[-74.00431394577026,40.7499107429247],[-74.0042495727539,40.749996084784925],[-74.0043193101883,40.75002453204738]]]}},{"type":"Feature","properties":{"id":"39376338-6333-3538-A537-303632653966","building_id":"62576fbe-0cc3-4d66-a37d-1d7d7a5a54cb","height":90.7,"min_height":85},"geometry":{"type":"Polygon","coordinates":[[[-74.00654554367065,40.75174353688834],[-74.00652408599854,40.75173134552111],[-74.00650262832642,40.75173540931044],[-74.00649189949036,40.75174760067691],[-74.00649189949036,40.7517679196161],[-74.00651335716248,40.75177604718999],[-74.0065348148346,40.75177198340316],[-74.00654554367065,40.751759792041156],[-74.00654554367065,40.75174353688834]]]}},{"type":"Feature","properties":{"id":"32666538-6631-3362-A535-356266393561","building_id":"fc899e62-22fa-4b9c-ac1c-caa4ed37e281","height":68,"min_height":0},"geometry":{"type":"Polygon","coordinates":[[[-74.00501668453217,40.75000014868033],[-74.00483965873718,40.749931062425134],[-74.004807472229,40.749975765304356],[-74.00497913360596,40.75004891540547],[-74.00501668453217,40.75000014868033]]]}},{"type":"Feature","properties":{"id":"35363435-6433-3566-B763-303839316561","building_id":"412ecd43-b44a-4c82-98fa-cd54b68810fa","height":40,"min_height":37.6},"geometry":{"type":"Polygon","coordinates":[[[-74.00425493717194,40.7501180015382],[-74.00427103042603,40.750089554315764],[-74.0042120218277,40.750061107081166],[-74.00419056415558,40.750089554315764],[-74.00425493717194,40.7501180015382]]]}},{"type":"Feature","properties":{"id":"33316338-3538-3538-A265-343063343534","building_id":"c2df86e0-1542-4e13-8ce7-41923278d5eb","height":71,"min_height":60},"geometry":{"type":"Polygon","coordinates":[[[-74.00368094444275,40.74778122485171],[-74.00368630886078,40.7477852888824],[-74.0037077665329,40.747760904694275],[-74.00367558002472,40.74774464856387],[-74.0036541223526,40.74776903275799],[-74.00368094444275,40.74778122485171]]]}},{"type":"Feature","properties":{"id":"32346366-3032-3263-A564-613934376462","building_id":"f5a58c1e-ef11-4faf-a7e7-820dae3de922","height":24.5,"min_height":0},"geometry":{"type":"Polygon","coordinates":[[[-74.00448560714722,40.74859809003743],[-74.00460362434387,40.74864685779082],[-74.00463044643402,40.748610281979154],[-74.00444269180298,40.74853306631064],[-74.00453388690948,40.748407082659014],[-74.00459289550781,40.748431466610214],[-74.00460362434387,40.748411146651506],[-74.0045017004013,40.74836644272048],[-74.00436758995056,40.748549322248294],[-74.00448560714722,40.74859809003743]]]}},{"type":"Feature","properties":{"id":"32613034-3962-3264-B535-653231643936","building_id":"81dd7605-0d89-4dd9-b316-4866b53a6ccf","height":33,"min_height":0},"geometry":{"type":"Polygon","coordinates":[[[-74.00542438030243,40.74894352752],[-74.00542438030243,40.74893946356005],[-74.00487720966339,40.748711881406365],[-74.00486648082733,40.748711881406365],[-74.00542438030243,40.74894352752]]]}},{"type":"Feature","properties":{"id":"34393932-3235-3738-A263-313138633132","building_id":"52696065-b000-4757-b389-094083560d2b","height":19.5,"min_height":17},"geometry":{"type":"Polygon","coordinates":[[[-74.00608956813812,40.74824858675828],[-74.00599837303162,40.748207946722886],[-74.00594472885132,40.74827703476825],[-74.00604128837585,40.74831767476144],[-74.00608956813812,40.74824858675828]]]}},{"type":"Feature","properties":{"id":"37326134-3338-3334-B635-303932646537","building_id":"62576fbe-0cc3-4d66-a37d-1d7d7a5a54cb","height":81,"min_height":66},"geometry":{"type":"Polygon","coordinates":[[[-74.00622367858887,40.75162975070734],[-74.00643289089203,40.751349348215825],[-74.00606274604797,40.751190859328034],[-74.00605738162994,40.751174604036095],[-74.00607347488403,40.751142093440365],[-74.00606274604797,40.751129901962855],[-74.00579452514648,40.751016114731755],[-74.00576770305634,40.751016114731755],[-74.00550484657288,40.75136560346502],[-74.00550484657288,40.75138185871026],[-74.00578916072845,40.75150783672592],[-74.0058159828186,40.75150377292266],[-74.00583207607269,40.75148345390278],[-74.00585353374481,40.75147939009807],[-74.00622367858887,40.75162975070734]]]}},{"type":"Feature","properties":{"id":"65306266-3139-3563-A665-333836653439","building_id":"d176a567-1fda-47eb-81ba-55ae6f139bb9","height":57.5,"min_height":0},"geometry":{"type":"Polygon","coordinates":[[[-74.00559604167938,40.748061642389786],[-74.00563895702362,40.748004746173336],[-74.00555312633514,40.74796817000848],[-74.0055102109909,40.74802506625622],[-74.00559604167938,40.748061642389786]]]}},{"type":"Feature","properties":{"id":"33356133-6438-3462-B465-626637626433","building_id":"fc899e62-22fa-4b9c-ac1c-caa4ed37e281","height":68,"min_height":25},"geometry":{"type":"Polygon","coordinates":[[[-74.00508642196655,40.7499107429247],[-74.00493621826172,40.7498619760982],[-74.00487720966339,40.74994731802107],[-74.0050220489502,40.75000421257545],[-74.00508642196655,40.7499107429247]]]}},{"type":"Feature","properties":{"id":"31353735-6131-3762-B032-653230633633","building_id":"62576fbe-0cc3-4d66-a37d-1d7d7a5a54cb","height":51,"min_height":45},"geometry":{"type":"Polygon","coordinates":[[[-74.00737702846527,40.75194672601296],[-74.00744676589966,40.75197923621528],[-74.00747358798981,40.7519385984599],[-74.00740385055542,40.751910152016336],[-74.00737702846527,40.75194672601296]]]}},{"type":"Feature","properties":{"id":"64353031-6461-3662-B436-393864313035","building_id":"2954e2a5-27bd-4a80-a3ea-c513623945e8","height":38.9,"min_height":35},"geometry":{"type":"Polygon","coordinates":[[[-74.00695323944092,40.75125181663725],[-74.0069854259491,40.75120711461594],[-74.00692641735077,40.75118273168255],[-74.00688886642456,40.75122743372029],[-74.00695323944092,40.75125181663725]]]}},{"type":"Feature","properties":{"id":"34316264-3239-3764-B235-346438626363","building_id":"c2dc87cb-6251-48c2-9475-1e506cf713f3","height":12,"min_height":0},"geometry":{"type":"Polygon","coordinates":[[[-74.00892198085785,40.74811853855758],[-74.00842308998108,40.748061642389786],[-74.00841772556305,40.74809821850323],[-74.00859475135803,40.74811447454721],[-74.00857329368591,40.748228266743695],[-74.00839626789093,40.74821201072754],[-74.00836944580078,40.74838269869889],[-74.00886833667755,40.74842740261897],[-74.00892198085785,40.74811853855758]]]}},{"type":"Feature","properties":{"id":"37663737-3738-3234-B732-313431663766","building_id":"62576fbe-0cc3-4d66-a37d-1d7d7a5a54cb","height":52,"min_height":0},"geometry":{"type":"Polygon","coordinates":[[[-74.00681376457214,40.75141843299744],[-74.00682985782623,40.751394050141556],[-74.00650262832642,40.751255880455886],[-74.0064811706543,40.751280263362446],[-74.00681376457214,40.75141843299744]]]}},{"type":"Feature","properties":{"id":"37396233-6432-3539-B439-623461313534","building_id":"62576fbe-0cc3-4d66-a37d-1d7d7a5a54cb","height":45,"min_height":0},"geometry":{"type":"Polygon","coordinates":[[[-74.00672793388367,40.75189389690027],[-74.00700688362122,40.752011746401706],[-74.00701761245728,40.75202800148895],[-74.00699615478516,40.75206051165151],[-74.00700151920319,40.752076766726844],[-74.00741994380951,40.752255572293166],[-74.00744140148163,40.752255572293166],[-74.00745749473572,40.75223931726157],[-74.00763988494873,40.75173947309952],[-74.00762915611267,40.75172728173155],[-74.00714099407196,40.75152409193632],[-74.00711953639984,40.75152815573833],[-74.00709271430969,40.75155660234532],[-74.0070766210556,40.75156472994507],[-74.00699079036713,40.75152815573833],[-74.00700151920319,40.75154847474454],[-74.00696933269501,40.751593176536375],[-74.00676012039185,40.75188576934076],[-74.00674402713776,40.75189389690027],[-74.00672793388367,40.75189389690027]]]}},{"type":"Feature","properties":{"id":"33633433-3431-3166-B862-353536653431","building_id":"d7f50c9b-2cb2-4195-a523-c9aa012958b4","height":27.4,"min_height":0},"geometry":{"type":"Polygon","coordinates":[[[-74.00437831878662,40.75066662416157],[-74.00420129299164,40.75091451882517],[-74.0044105052948,40.75099579556286],[-74.00444269180298,40.75095515720645],[-74.00438904762268,40.75093077418063],[-74.00453388690948,40.75073164580209],[-74.00437831878662,40.75066662416157]]]}},{"type":"Feature","properties":{"id":"30363966-3563-3862-B532-363133333535","building_id":"09fcb85d-21d7-4a74-83b0-c34b6dc72dde","height":39.7,"min_height":0},"geometry":{"type":"Polygon","coordinates":[[[-74.00463581085205,40.747695880148854],[-74.00474846363068,40.74774464856387],[-74.00482892990112,40.74763898361945],[-74.00471091270447,40.747590215126934],[-74.00479137897491,40.74748048588802],[-74.00461971759796,40.74740733296147],[-74.0044641494751,40.74762679149967],[-74.00463581085205,40.747695880148854]]]}},{"type":"Feature","properties":{"id":"37633161-3030-3166-A263-626664356136","building_id":"81dd7605-0d89-4dd9-b316-4866b53a6ccf","height":33,"min_height":0},"geometry":{"type":"Polygon","coordinates":[[[-74.00486648082733,40.748711881406365],[-74.00487720966339,40.748711881406365],[-74.00542438030243,40.74893946356005],[-74.00542438030243,40.74894352752],[-74.0055102109909,40.74882567258058],[-74.00495231151581,40.748594026056395],[-74.00486648082733,40.748711881406365]]]}},{"type":"Feature","properties":{"id":"39653533-6261-3132-A332-386532363464","building_id":"f5a58c1e-ef11-4faf-a7e7-820dae3de922","height":28,"min_height":24.5},"geometry":{"type":"Polygon","coordinates":[[[-74.00448560714722,40.74859809003743],[-74.00460362434387,40.74864685779082],[-74.00463044643402,40.748610281979154],[-74.00451242923737,40.74856151419894],[-74.00448560714722,40.74859809003743]]]}},{"type":"Feature","properties":{"id":"31356234-6464-3239-B761-376238346666","building_id":"2954e2a5-27bd-4a80-a3ea-c513623945e8","height":38.9,"min_height":35},"geometry":{"type":"Polygon","coordinates":[[[-74.00590181350708,40.75080885891762],[-74.00593400001526,40.75076415659851],[-74.0058696269989,40.75073977350269],[-74.00583744049072,40.750784475838174],[-74.00590181350708,40.75080885891762]]]}},{"type":"Feature","properties":{"id":"66326532-6133-3236-B165-653630363930","building_id":"2954e2a5-27bd-4a80-a3ea-c513623945e8","height":38.9,"min_height":35},"geometry":{"type":"Polygon","coordinates":[[[-74.00663137435913,40.75111771048313],[-74.00666356086731,40.75107707220124],[-74.00656700134277,40.751036433894456],[-74.00654017925262,40.75107707220124],[-74.00663137435913,40.75111771048313]]]}},{"type":"Feature","properties":{"id":"32326634-6236-3263-B935-396264633932","building_id":"12864ccb-72fb-443e-bf12-f3b3e744f6da","height":17.4,"min_height":15},"geometry":{"type":"Polygon","coordinates":[[[-74.00439441204071,40.74956124654463],[-74.00437295436859,40.74958969399307],[-74.00442123413086,40.74961001359165],[-74.00439977645874,40.74963846101923],[-74.00443196296692,40.74965471668668],[-74.00447487831116,40.74959375791329],[-74.00439441204071,40.74956124654463]]]}},{"type":"Feature","properties":{"id":"64303731-3763-3230-A631-383264363531","building_id":"be58b80e-b4de-4fc2-8755-85fb7f5e63ff","height":37.1,"min_height":34.3},"geometry":{"type":"Polygon","coordinates":[[[-74.00615930557251,40.74871594538024],[-74.0061753988266,40.74869156153335],[-74.00593936443329,40.748594026056395],[-74.00591790676117,40.748614345959226],[-74.00615930557251,40.74871594538024]]]}},{"type":"Feature","properties":{"id":"39323961-6466-3865-A264-366465663630","building_id":"0d4ac3c4-8217-4c6a-b5f6-8148b890c082","height":40,"min_height":35},"geometry":{"type":"Polygon","coordinates":[[[-74.00488257408142,40.751129901962855],[-74.00492548942566,40.751068944541856],[-74.00485575199127,40.75104049772625],[-74.00482892990112,40.75107707220124],[-74.00485038757324,40.7510851998596],[-74.00483429431915,40.75110958282875],[-74.00488257408142,40.751129901962855]]]}},{"type":"Feature","properties":{"id":"34353133-3338-3532-A239-346665356137","building_id":"c2df86e0-1542-4e13-8ce7-41923278d5eb","height":53.4,"min_height":45},"geometry":{"type":"Polygon","coordinates":[[[-74.00386869907379,40.74778935291289],[-74.0038526058197,40.74778122485171],[-74.00380969047546,40.74784218528666],[-74.00382578372955,40.74785031334042],[-74.00386869907379,40.74778935291289]]]}},{"type":"Feature","properties":{"id":"35633761-3364-3931-B735-616130393138","building_id":"e6dc0b48-2e85-448e-9884-6a66839acd0d","height":34.3,"min_height":0},"geometry":{"type":"Polygon","coordinates":[[[-74.00542438030243,40.74894352752],[-74.00590717792511,40.749146725200916],[-74.0059232711792,40.74912234151199],[-74.00593400001526,40.74912640546077],[-74.00598764419556,40.74904919039156],[-74.00549948215485,40.74884599241261],[-74.00542438030243,40.74894352752]]]}},{"type":"Feature","properties":{"id":"63313838-6133-3433-B032-306536366663","building_id":"62576fbe-0cc3-4d66-a37d-1d7d7a5a54cb","height":64,"min_height":0},"geometry":{"type":"Polygon","coordinates":[[[-74.00679230690002,40.751446879651354],[-74.00681376457214,40.75141843299744],[-74.0064811706543,40.751280263362446],[-74.00646507740021,40.75130464626008],[-74.00679230690002,40.751446879651354]]]}},{"type":"Feature","properties":{"id":"62613763-3831-3539-B033-313733663632","building_id":"81dd7605-0d89-4dd9-b316-4866b53a6ccf","height":24,"min_height":0},"geometry":{"type":"Polygon","coordinates":[[[-74.00532245635986,40.748951655439186],[-74.00539755821228,40.7489801031484],[-74.00542438030243,40.74894352752],[-74.00534927845001,40.748915079795125],[-74.00532245635986,40.748951655439186]]]}},{"type":"Feature","properties":{"id":"31336234-3061-3837-B134-623266346666","building_id":"c2df86e0-1542-4e13-8ce7-41923278d5eb","height":71,"min_height":66},"geometry":{"type":"Polygon","coordinates":[[[-74.00368630886078,40.7477365204972],[-74.00370240211487,40.74772432839529],[-74.00370240211487,40.74770807225596],[-74.00369167327881,40.747695880148854],[-74.00367021560669,40.74769181611265],[-74.0036541223526,40.747704008220495],[-74.00364875793457,40.74772026436085],[-74.00366485118866,40.747732456463496],[-74.00368630886078,40.7477365204972]]]}},{"type":"Feature","properties":{"id":"39326235-6639-3234-B039-666135653739","building_id":"c2df86e0-1542-4e13-8ce7-41923278d5eb","height":57,"min_height":45},"geometry":{"type":"Polygon","coordinates":[[[-74.00369703769684,40.74800068215603],[-74.0035629272461,40.7479437858874],[-74.0035629272461,40.74817949868333],[-74.00369703769684,40.74800068215603]]]}},{"type":"Feature","properties":{"id":"39313030-3232-3236-A633-623033633935","building_id":"c2df86e0-1542-4e13-8ce7-41923278d5eb","height":53.4,"min_height":45},"geometry":{"type":"Polygon","coordinates":[[[-74.0036004781723,40.74815511463973],[-74.00365948677063,40.748073834429846],[-74.00364875793457,40.748065706403395],[-74.00358974933624,40.74815105063158],[-74.0036004781723,40.74815511463973]]]}},{"type":"Feature","properties":{"id":"32326135-3830-3134-B565-343834323038","building_id":"623a047c-67c0-4aab-8509-f0767006c9c1","height":15,"min_height":0},"geometry":{"type":"Polygon","coordinates":[[[-74.00412619113922,40.749447456629156],[-74.00396525859833,40.749662844518895],[-74.00428175926208,40.749796953607245],[-74.00442123413086,40.74961001359165],[-74.00437295436859,40.74958969399307],[-74.00439441204071,40.74956124654463],[-74.00412619113922,40.749447456629156]]]}},{"type":"Feature","properties":{"id":"32366664-3136-3231-B538-653337656332","building_id":"62576fbe-0cc3-4d66-a37d-1d7d7a5a54cb","height":66,"min_height":0},"geometry":{"type":"Polygon","coordinates":[[[-74.006786942482,40.75145094345805],[-74.00652408599854,40.75180855747578],[-74.0067332983017,40.75189389690027],[-74.00676012039185,40.75188576934076],[-74.00700151920319,40.75154441094381],[-74.00699079036713,40.75152815573833],[-74.00679230690002,40.751446879651354],[-74.006786942482,40.75145094345805]]]}},{"type":"Feature","properties":{"id":"35633330-3865-3264-A532-653264373931","building_id":"fc899e62-22fa-4b9c-ac1c-caa4ed37e281","height":25,"min_height":0},"geometry":{"type":"Polygon","coordinates":[[[-74.00501668453217,40.75000014868033],[-74.0050220489502,40.75000421257545],[-74.00508105754852,40.74992293462569],[-74.00501668453217,40.75000014868033]]]}},{"type":"Feature","properties":{"id":"61333931-3234-3233-A437-323234613165","building_id":"e8cb1b51-1055-4d7e-a65e-d463e31dcd02","height":28,"min_height":22},"geometry":{"type":"Polygon","coordinates":[[[-74.00649726390839,40.74731385966044],[-74.00650799274445,40.747305731541104],[-74.00650799274445,40.74728947529945],[-74.00649189949036,40.747281347177136],[-74.0064811706543,40.747281347177136],[-74.00647044181824,40.74728541123844],[-74.00647044181824,40.747305731541104],[-74.00648653507233,40.74731385966044],[-74.00649726390839,40.74731385966044]]]}},{"type":"Feature","properties":{"id":"65333465-3261-3936-B334-636662373639","building_id":"2954e2a5-27bd-4a80-a3ea-c513623945e8","height":44,"min_height":38.9},"geometry":{"type":"Polygon","coordinates":[[[-74.00654017925262,40.75091858266441],[-74.00655090808868,40.7508982634657],[-74.00655090808868,40.75089013578446],[-74.0065348148346,40.75087388041905],[-74.00650799274445,40.75087388041905],[-74.00649189949036,40.75089419962521],[-74.00649726390839,40.75091451882517],[-74.00651335716248,40.75091858266441],[-74.00654017925262,40.75091858266441]]]}},{"type":"Feature","properties":{"id":"30623063-3961-3139-B063-633339626163","building_id":"81b67924-0ddf-4b17-a83f-5cc93c4dbe1f","height":20,"min_height":15},"geometry":{"type":"Polygon","coordinates":[[[-74.00775790214539,40.74148167867307],[-74.0075808763504,40.74172554317522],[-74.00790274143219,40.74186373266289],[-74.0080851316452,40.741619868667385],[-74.00775790214539,40.74148167867307]]]}},{"type":"Feature","properties":{"id":"66623363-3761-3262-B764-356463366331","building_id":"7de92765-2fbb-4c4b-a0af-3845c1d07e77","height":27.4,"min_height":26.9},"geometry":{"type":"Polygon","coordinates":[[[-74.00636315345764,40.7462693881869],[-74.00636851787567,40.7462653240635],[-74.0063202381134,40.74624500344291],[-74.0063202381134,40.746249067567504],[-74.00636315345764,40.7462693881869]]]}},{"type":"Feature","properties":{"id":"33356237-3330-3266-A264-346261613665","building_id":"7de92765-2fbb-4c4b-a0af-3845c1d07e77","height":26.9,"min_height":26.4},"geometry":{"type":"Polygon","coordinates":[[[-74.00638461112976,40.74627751643288],[-74.00638997554779,40.74627345231002],[-74.00629878044128,40.74623687519292],[-74.00629341602325,40.74624093931806],[-74.00638461112976,40.74627751643288]]]}},{"type":"Feature","properties":{"id":"32636361-3330-3438-A534-663239383038","building_id":"6aa1b616-9529-4173-81ec-0c771e4840da","height":19,"min_height":0},"geometry":{"type":"Polygon","coordinates":[[[-74.00515615940094,40.743587012747554],[-74.0053653717041,40.7436764270052],[-74.00534927845001,40.743692684130025],[-74.00549411773682,40.743753648312804],[-74.0055799484253,40.74363578417572],[-74.00543510913849,40.74357481988494],[-74.00542438030243,40.74359107703461],[-74.00521516799927,40.743501662662226],[-74.00522589683533,40.7434854054907],[-74.00508105754852,40.74342444106205],[-74.00499522686005,40.74354230557364],[-74.00514543056488,40.74360326989424],[-74.00515615940094,40.743587012747554]]]}},{"type":"Feature","properties":{"id":"63613965-3034-3062-A532-626339333361","building_id":"1587b6d8-3e3b-4454-aa70-b966fd27c2c0","height":19,"min_height":0},"geometry":{"type":"Polygon","coordinates":[[[-74.0035629272461,40.74444863604651],[-74.00377750396729,40.7445380491458],[-74.0037614107132,40.744554306060024],[-74.00391161441803,40.744615269452964],[-74.00399208068848,40.744501471074244],[-74.00384724140167,40.74444050757697],[-74.00383651256561,40.744456764515036],[-74.00362193584442,40.744367351306465],[-74.00363266468048,40.74435109434654],[-74.0035629272461,40.7443226446571],[-74.0035629272461,40.74444863604651]]]}},{"type":"Feature","properties":{"id":"63313433-3537-3138-B432-643162646439","building_id":"273ebdbb-c1e2-43fd-aac0-a1dac499de79","height":72,"min_height":30},"geometry":{"type":"Polygon","coordinates":[[[-74.00625586509705,40.74351791982977],[-74.00627195835114,40.743497598369714],[-74.00608956813812,40.74342444106205],[-74.00607883930206,40.74344069824849],[-74.00625586509705,40.74351791982977]]]}},{"type":"Feature","properties":{"id":"32336462-6530-3062-A361-366364626534","building_id":"273ebdbb-c1e2-43fd-aac0-a1dac499de79","height":35,"min_height":0},"geometry":{"type":"Polygon","coordinates":[[[-74.00667428970337,40.74380241961876],[-74.00669038295746,40.74380648389263],[-74.00683522224426,40.743623591322034],[-74.00684058666229,40.74344882684022],[-74.006786942482,40.74342444106205],[-74.00654554367065,40.743745519758306],[-74.00667428970337,40.74380241961876]]]}},{"type":"Feature","properties":{"id":"39383438-3865-3830-B665-306631626336","building_id":"597c0c7c-cd25-47ea-8267-9f17feb0522c","height":21.1,"min_height":0},"geometry":{"type":"Polygon","coordinates":[[[-74.00699079036713,40.74209133825204],[-74.00716245174408,40.74186373266289],[-74.00695323944092,40.741778380366156],[-74.00678157806396,40.74200192186345],[-74.00699079036713,40.74209133825204]]]}},{"type":"Feature","properties":{"id":"36333164-3036-3864-A232-636664643034","building_id":"4d319717-2281-478b-bcc8-42831e155423","height":22,"min_height":0},"geometry":{"type":"Polygon","coordinates":[[[-74.00434613227844,40.74281479370234],[-74.00429785251617,40.74287575868976],[-74.00434076786041,40.7428920160103],[-74.00438904762268,40.7428310510378],[-74.00434613227844,40.74281479370234]]]}},{"type":"Feature","properties":{"id":"37363430-6361-3862-B330-336230623136","building_id":"7e21060f-d4ae-4bc1-89f7-766cd0f965e8","height":68,"min_height":0},"geometry":{"type":"Polygon","coordinates":[[[-74.00449097156525,40.74158735340043],[-74.00445878505707,40.74162799748166],[-74.00453388690948,40.74166051272874],[-74.00449097156525,40.74171334997132],[-74.0045714378357,40.74174992957623],[-74.0046089887619,40.7416970923627],[-74.00459289550781,40.741688963556896],[-74.0046089887619,40.74166051272874],[-74.00459289550781,40.74163612629491],[-74.00456607341766,40.741623933074635],[-74.0045714378357,40.74161173985215],[-74.00449633598328,40.74157922458119],[-74.00449097156525,40.74158735340043]]]}},{"type":"Feature","properties":{"id":"34303938-6135-3732-B237-623063313836","building_id":"4a882ec3-a00a-4fec-9770-c98f16a0ea56","height":75.7,"min_height":0},"geometry":{"type":"Polygon","coordinates":[[[-74.00777399539948,40.74637911942415],[-74.00780618190765,40.74618810567216],[-74.0077954530716,40.74616778502798],[-74.00775253772736,40.74612714372097],[-74.00745749473572,40.74600521965087],[-74.00746822357178,40.746017412067914],[-74.00774717330933,40.74613527198434],[-74.00778472423553,40.74617184915732],[-74.0077954530716,40.74618810567216],[-74.00776326656342,40.746358798838315],[-74.00777399539948,40.74637911942415]]]}},{"type":"Feature","properties":{"id":"37393432-6265-3861-B230-373464666331","building_id":"02c6d05a-83f0-479c-b321-6a9ee9a05329","height":20,"min_height":0},"geometry":{"type":"Polygon","coordinates":[[[-74.00846600532532,40.7463059652861],[-74.00840699672699,40.74662703007135],[-74.01128768920898,40.746927772894594],[-74.01134133338928,40.74660670956126],[-74.00846600532532,40.7463059652861]]]}},{"type":"Feature","properties":{"id":"63656335-3262-3566-B261-376364633961","building_id":"7de92765-2fbb-4c4b-a0af-3845c1d07e77","height":25.1,"min_height":24.7},"geometry":{"type":"Polygon","coordinates":[[[-74.00647580623627,40.74631002940697],[-74.00620758533478,40.74619623392812],[-74.00620758533478,40.74620436218308],[-74.00647580623627,40.746314093527644],[-74.00647580623627,40.74631002940697]]]}},{"type":"Feature","properties":{"id":"32393063-3038-3663-B838-376565656664","building_id":"273ebdbb-c1e2-43fd-aac0-a1dac499de79","height":74,"min_height":0},"geometry":{"type":"Polygon","coordinates":[[[-74.00656700134277,40.74371706980983],[-74.00665283203125,40.7436113984661],[-74.00658309459686,40.74358294846027],[-74.00654017925262,40.74363578417572],[-74.00660991668701,40.74365610559357],[-74.00656700134277,40.74371706980983]]]}},{"type":"Feature","properties":{"id":"34313162-6139-3635-B533-396663366238","building_id":"116122d9-d6bb-4308-8297-30afc4486dea","height":12,"min_height":0},"geometry":{"type":"Polygon","coordinates":[[[-74.00673866271973,40.74699686227001],[-74.00679230690002,40.746923708811465],[-74.00663137435913,40.74685461936008],[-74.00657773017883,40.746927772894594],[-74.00673866271973,40.74699686227001]]]}},{"type":"Feature","properties":{"id":"61306664-3033-3231-A431-636430326230","building_id":"8cd993e0-995a-41b8-8886-58185d35ca16","height":44,"min_height":0},"geometry":{"type":"Polygon","coordinates":[[[-74.00360584259033,40.742514032279814],[-74.0035629272461,40.742493710513],[-74.0035629272461,40.74253435404037],[-74.00358438491821,40.74254248274286],[-74.00360584259033,40.742514032279814]]]}},{"type":"Feature","properties":{"id":"36313234-3039-3431-B735-376163333436","building_id":"597c0c7c-cd25-47ea-8267-9f17feb0522c","height":21.1,"min_height":0},"geometry":{"type":"Polygon","coordinates":[[[-74.00679767131805,40.74235552233418],[-74.00695860385895,40.742136046401214],[-74.00674939155579,40.742046630072764],[-74.00658845901489,40.74227017066852],[-74.00679767131805,40.74235552233418]]]}},{"type":"Feature","properties":{"id":"34323666-3762-3632-B537-663332323031","building_id":"1587b6d8-3e3b-4454-aa70-b966fd27c2c0","height":22,"min_height":0},"geometry":{"type":"Polygon","coordinates":[[[-74.00382578372955,40.74454617760338],[-74.00387406349182,40.74448521414709],[-74.00383114814758,40.74446489298259],[-74.00378286838531,40.74452585645753],[-74.00382578372955,40.74454617760338]]]}},{"type":"Feature","properties":{"id":"30306232-3565-3733-B539-343435626464","building_id":"d7229dd0-f232-4f42-b58b-19cda30d066e","height":23,"min_height":0},"geometry":{"type":"Polygon","coordinates":[[[-74.00474846363068,40.74146948542446],[-74.00473237037659,40.74148574308876],[-74.00475919246674,40.741497936334355],[-74.00484502315521,40.74137600377779],[-74.0048235654831,40.74136787493276],[-74.00474846363068,40.74146948542446]]]}},{"type":"Feature","properties":{"id":"64656461-3139-3463-A435-353438653536","building_id":"8cd993e0-995a-41b8-8886-58185d35ca16","height":15,"min_height":0},"geometry":{"type":"Polygon","coordinates":[[[-74.00362730026245,40.7423392648825],[-74.00357365608215,40.74241242338377],[-74.0036541223526,40.74244493824739],[-74.00387406349182,40.74214823952764],[-74.00378823280334,40.74211572451895],[-74.00362730026245,40.7423392648825]]]}},{"type":"Feature","properties":{"id":"38303966-3139-3134-B034-313263303432","building_id":"163abb59-6b0c-4852-b1ac-fa9abaa6bf83","height":23,"min_height":0},"geometry":{"type":"Polygon","coordinates":[[[-74.00680840015411,40.74080698222511],[-74.00683522224426,40.74077040210162],[-74.00652408599854,40.74063627481007],[-74.00649726390839,40.74067285500732],[-74.00680840015411,40.74080698222511]]]}},{"type":"Feature","properties":{"id":"31353864-6539-3130-B565-373334643739","building_id":"7e21060f-d4ae-4bc1-89f7-766cd0f965e8","height":44,"min_height":0},"geometry":{"type":"Polygon","coordinates":[[[-74.0041047334671,40.74143697008401],[-74.00389015674591,40.741343488391635],[-74.00390088558197,40.741327230692605],[-74.00366485118866,40.74122968441489],[-74.0036541223526,40.741245942137766],[-74.0035629272461,40.741205297823115],[-74.0035629272461,40.74127032871465],[-74.0040671825409,40.74148574308876],[-74.0041047334671,40.74143697008401]]]}},{"type":"Feature","properties":{"id":"34376130-3362-3565-B539-626262623866","building_id":"5a037889-0f90-4982-ac3b-7fe7ca2277cb","height":71.8,"min_height":0},"geometry":{"type":"Polygon","coordinates":[[[-74.00454998016357,40.74415601051746],[-74.00434613227844,40.74407066116231],[-74.004265666008,40.74418039602739],[-74.00446951389313,40.744265745241734],[-74.00449633598328,40.744233231268225],[-74.00449097156525,40.744233231268225],[-74.00452315807343,40.74418852452871],[-74.00452852249146,40.74418852452871],[-74.00454998016357,40.74415601051746]]]}},{"type":"Feature","properties":{"id":"37393834-3636-3231-B337-303731313136","building_id":"8cd993e0-995a-41b8-8886-58185d35ca16","height":10,"min_height":0},"geometry":{"type":"MultiPolygon","coordinates":[[[[-74.0035629272461,40.742310814332484],[-74.0035629272461,40.74240429466536],[-74.00357365608215,40.74241242338377],[-74.00362730026245,40.7423392648825],[-74.0035629272461,40.742310814332484]]],[[[-74.00358438491821,40.74225391319598],[-74.0035629272461,40.74224578445822],[-74.0035629272461,40.74228236377033],[-74.00358438491821,40.74225391319598]]]]}},{"type":"Feature","properties":{"id":"33646337-3334-3063-A561-383165623864","building_id":"4b49e375-3070-4b51-8f9a-912ee539fd6b","height":12,"min_height":0},"geometry":{"type":"Polygon","coordinates":[[[-74.00870740413666,40.74597677066902],[-74.00930285453796,40.746041796895355],[-74.00936722755432,40.74568821602253],[-74.00877177715302,40.74562725361304],[-74.00870740413666,40.74597677066902]]]}},{"type":"Feature","properties":{"id":"33363264-3730-3265-B633-366166396132","building_id":"6aa1b616-9529-4173-81ec-0c771e4840da","height":22,"min_height":0},"geometry":{"type":"Polygon","coordinates":[[[-74.00516152381897,40.74349353407695],[-74.00511860847473,40.74355449844225],[-74.00516152381897,40.74357481988494],[-74.00520443916321,40.743513855538254],[-74.00516152381897,40.74349353407695]]]}},{"type":"Feature","properties":{"id":"37356533-6665-3066-A165-316636303663","building_id":"be183e1e-cce5-4552-a042-ecdfd42c9a74","height":5.5,"min_height":0},"geometry":{"type":"Polygon","coordinates":[[[-74.00655090808868,40.74537121088315],[-74.00656163692474,40.74536308252635],[-74.00654554367065,40.745359018347614],[-74.00654017925262,40.745367146704865],[-74.00655090808868,40.74537121088315]]]}},{"type":"Feature","properties":{"id":"31306533-3164-3230-B966-316466666136","building_id":"84b1c968-6d2a-4326-840a-3a31813fc3d5","height":21,"min_height":0},"geometry":{"type":"Polygon","coordinates":[[[-74.00452852249146,40.742485581804544],[-74.00450706481934,40.742514032279814],[-74.00454998016357,40.742530289688744],[-74.0045714378357,40.74250590357383],[-74.00452852249146,40.742485581804544]]]}},{"type":"Feature","properties":{"id":"37343733-6236-3365-B937-323135623962","building_id":"5140a944-5d0a-428f-a565-a7a82110ef16","height":35,"min_height":21.5},"geometry":{"type":"Polygon","coordinates":[[[-74.00594472885132,40.74491195716766],[-74.0057784318924,40.74484286562631],[-74.00571942329407,40.74491602137374],[-74.00560677051544,40.7448672508844],[-74.0055638551712,40.744920085579594],[-74.00560677051544,40.744940406605025],[-74.00566041469574,40.74498104863724],[-74.00573551654816,40.7449932412421],[-74.00580525398254,40.74504201163907],[-74.00583744049072,40.74505014003509],[-74.00586426258087,40.74504201163907],[-74.00588035583496,40.74502981904317],[-74.00589108467102,40.74498104863724],[-74.00594472885132,40.74491195716766]]]}},{"type":"Feature","properties":{"id":"37633163-6132-3637-B663-643935363530","building_id":"be282fe3-9ad6-4f3c-a7df-efa7dddbf301","height":71.8,"min_height":0},"geometry":{"type":"Polygon","coordinates":[[[-74.00489866733551,40.74367236272337],[-74.00493085384369,40.74362765560684],[-74.00492548942566,40.743623591322034],[-74.00489330291748,40.743668298441264],[-74.00489866733551,40.74367236272337]]]}},{"type":"Feature","properties":{"id":"35376434-6361-3138-B466-326266393964","building_id":"23e5591d-15b7-4ae5-8b4a-b9f59e05e9de","height":71.8,"min_height":0},"geometry":{"type":"Polygon","coordinates":[[[-74.00483429431915,40.74287575868976],[-74.00486648082733,40.7428310510378],[-74.0048611164093,40.74282698670427],[-74.00482892990112,40.742871694359025],[-74.00483429431915,40.74287575868976]]]}},{"type":"Feature","properties":{"id":"65616266-6534-3034-B033-643832623466","building_id":"51b23753-d363-4411-b658-ad8d554c151e","height":15,"min_height":0},"geometry":{"type":"Polygon","coordinates":[[[-74.00501132011414,40.742440873890274],[-74.00520980358124,40.74217262577366],[-74.00512397289276,40.742140110776944],[-74.00510787963867,40.74216449702598],[-74.00478601455688,40.7420303725456],[-74.00469481945038,40.74214823952764],[-74.00501132011414,40.74228236377033],[-74.00492012500763,40.74240429466536],[-74.00501132011414,40.742440873890274]]]}},{"type":"Feature","properties":{"id":"61356535-3266-3834-A266-346665346265","building_id":"be282fe3-9ad6-4f3c-a7df-efa7dddbf301","height":71.8,"min_height":0},"geometry":{"type":"Polygon","coordinates":[[[-74.00458216667175,40.743578884172706],[-74.0046626329422,40.74346914831517],[-74.00445878505707,40.74338379807861],[-74.00443732738495,40.74341224816965],[-74.00443196296692,40.74341224816965],[-74.00443732738495,40.743420376764846],[-74.00440514087677,40.74346101972597],[-74.00439441204071,40.74346508402067],[-74.00439977645874,40.74346508402067],[-74.00437831878662,40.74349353407695],[-74.00458216667175,40.743578884172706]]]}},{"type":"Feature","properties":{"id":"38386535-3333-3631-A162-643031626633","building_id":"046c286d-9d15-4aec-a794-28500f3e536c","height":4,"min_height":0},"geometry":{"type":"Polygon","coordinates":[[[-74.00536000728607,40.74545249439626],[-74.00543510913849,40.74534276163007],[-74.00530099868774,40.745285863087446],[-74.0052205324173,40.745395595947485],[-74.00536000728607,40.74545249439626]]]}},{"type":"Feature","properties":{"id":"34363935-3730-3566-A565-636236353562","building_id":"0b329443-ce43-417c-9c44-b11e2625887d","height":22,"min_height":0},"geometry":{"type":"Polygon","coordinates":[[[-74.00378286838531,40.74412349649032],[-74.00383114814758,40.74406253264658],[-74.00378823280334,40.744046275612135],[-74.00373995304108,40.744107239470765],[-74.00378286838531,40.74412349649032]]]}},{"type":"Feature","properties":{"id":"37633531-3062-3338-A538-363065313436","building_id":"d161d218-0f3c-4562-a4ae-8aee90495e6d","height":5,"min_height":0},"geometry":{"type":"Polygon","coordinates":[[[-74.0040671825409,40.743038331716406],[-74.00378823280334,40.743420376764846],[-74.00383114814758,40.74343663395226],[-74.0038150548935,40.74346101972597],[-74.00418519973755,40.74361952703697],[-74.00428175926208,40.7434854054907],[-74.0041047334671,40.74340818387165],[-74.00419056415558,40.743290319122366],[-74.00426030158997,40.74331876925339],[-74.00438368320465,40.74314806828474],[-74.00412082672119,40.743038331716406],[-74.00411009788513,40.74305458899721],[-74.0040671825409,40.743038331716406]]]}},{"type":"Feature","properties":{"id":"38303436-6431-3139-A166-623938373435","building_id":"51b23753-d363-4411-b658-ad8d554c151e","height":26,"min_height":5.5},"geometry":{"type":"Polygon","coordinates":[[[-74.00724291801453,40.74290827332689],[-74.00734484195709,40.74277415034632],[-74.00720536708832,40.742717249606216],[-74.00710880756378,40.742851372701494],[-74.00724291801453,40.74290827332689]]]}},{"type":"Feature","properties":{"id":"37356436-6436-3030-B138-646437306364","building_id":"7e21060f-d4ae-4bc1-89f7-766cd0f965e8","height":65,"min_height":0},"geometry":{"type":"Polygon","coordinates":[[[-74.0038526058197,40.74139226146491],[-74.00384187698364,40.74140851914808],[-74.00405645370483,40.74150200074905],[-74.0040671825409,40.74148574308876],[-74.0038526058197,40.74139226146491]]]}},{"type":"Feature","properties":{"id":"38663437-3636-3461-B433-636362353263","building_id":"7e21060f-d4ae-4bc1-89f7-766cd0f965e8","height":56,"min_height":0},"geometry":{"type":"Polygon","coordinates":[[[-74.00384187698364,40.74192469852204],[-74.00380969047546,40.74191250535472],[-74.00379359722137,40.74189218340413],[-74.0038150548935,40.74186373266289],[-74.0037989616394,40.74185560387747],[-74.00375604629517,40.74190844096506],[-74.00383114814758,40.74194095607507],[-74.00384187698364,40.74192469852204]]]}},{"type":"Feature","properties":{"id":"30373164-3230-3934-B732-633935393565","building_id":"4a882ec3-a00a-4fec-9770-c98f16a0ea56","height":67,"min_height":0},"geometry":{"type":"Polygon","coordinates":[[[-74.0076345205307,40.7462693881869],[-74.00760769844055,40.74631002940697],[-74.00768280029297,40.74634254236517],[-74.00769352912903,40.746326285888074],[-74.0076345205307,40.7462693881869]]]}},{"type":"Feature","properties":{"id":"66363961-3166-3163-A631-336132363461","building_id":"7e21060f-d4ae-4bc1-89f7-766cd0f965e8","height":56,"min_height":0},"geometry":{"type":"Polygon","coordinates":[[[-74.00422811508179,40.742087273873324],[-74.00421738624573,40.74209946700867],[-74.00429248809814,40.742131982025285],[-74.00433003902435,40.74207914511521],[-74.00431394577026,40.74207101635608],[-74.00429248809814,40.74209946700867],[-74.00425493717194,40.74209946700867],[-74.00422811508179,40.742087273873324]]]}},{"type":"Feature","properties":{"id":"62303139-6263-3237-A539-316365376436","building_id":"7e21060f-d4ae-4bc1-89f7-766cd0f965e8","height":74,"min_height":0},"geometry":{"type":"Polygon","coordinates":[[[-74.0035629272461,40.74134755281577],[-74.0035629272461,40.74166864153801],[-74.00377213954926,40.741758058374614],[-74.00395452976227,40.741510129577705],[-74.0035629272461,40.74134755281577]]]}},{"type":"Feature","properties":{"id":"34383761-6230-3362-B865-663234373763","building_id":"4b49e375-3070-4b51-8f9a-912ee539fd6b","height":20.5,"min_height":0},"geometry":{"type":"Polygon","coordinates":[[[-74.00859475135803,40.7456069327975],[-74.00860548019409,40.74555409864797],[-74.00860011577606,40.74555409864797],[-74.00858938694,40.7456069327975],[-74.00859475135803,40.7456069327975]]]}},{"type":"Feature","properties":{"id":"39646637-3536-3638-B430-666437626630","building_id":"be282fe3-9ad6-4f3c-a7df-efa7dddbf301","height":71.8,"min_height":0},"geometry":{"type":"Polygon","coordinates":[[[-74.00440514087677,40.74346101972597],[-74.00443732738495,40.743420376764846],[-74.00442659854889,40.74341631246733],[-74.00439441204071,40.74346101972597],[-74.00440514087677,40.74346101972597]]]}},{"type":"Feature","properties":{"id":"63346437-6237-3035-A664-303936326239","building_id":"8cd993e0-995a-41b8-8886-58185d35ca16","height":31,"min_height":27},"geometry":{"type":"Polygon","coordinates":[[[-74.00360584259033,40.74220514075452],[-74.0036541223526,40.742140110776944],[-74.0035629272461,40.74210353138659],[-74.0035629272461,40.74218481889335],[-74.00360584259033,40.74220514075452]]]}},{"type":"Feature","properties":{"id":"37363766-3364-3461-A335-386666343232","building_id":"4d319717-2281-478b-bcc8-42831e155423","height":22,"min_height":0},"geometry":{"type":"Polygon","coordinates":[[[-74.00460362434387,40.74300175282005],[-74.00464653968811,40.7429407879481],[-74.00460362434387,40.742920466311716],[-74.00456070899963,40.74298143120228],[-74.00460362434387,40.74300175282005]]]}},{"type":"Feature","properties":{"id":"62616236-6137-3537-A162-396264393262","building_id":"51b23753-d363-4411-b658-ad8d554c151e","height":33,"min_height":29},"geometry":{"type":"Polygon","coordinates":[[[-74.00702834129333,40.74302207443162],[-74.00706052780151,40.74298143120228],[-74.00699079036713,40.74294891660094],[-74.00695860385895,40.742989559850145],[-74.00702834129333,40.74302207443162]]]}},{"type":"Feature","properties":{"id":"63346433-6363-3533-B664-306461396262","building_id":"1ae425b2-1908-4334-bb08-c0b70dd513c0","height":40.7,"min_height":37.2},"geometry":{"type":"Polygon","coordinates":[[[-74.00730192661285,40.74550939279632],[-74.00722682476044,40.74561099696109],[-74.00733411312103,40.745655702744415],[-74.00740921497345,40.74555409864797],[-74.00730192661285,40.74550939279632]]]}},{"type":"Feature","properties":{"id":"31313139-3263-3738-B730-353566656532","building_id":"d2b8403f-bf0c-430f-8c7a-0b8a00204749","height":24.9,"min_height":0},"geometry":{"type":"Polygon","coordinates":[[[-74.00607883930206,40.74308303922908],[-74.0059232711792,40.74301801010981],[-74.0057623386383,40.74323341882382],[-74.0059232711792,40.743298447732485],[-74.00607883930206,40.74308303922908]]]}},{"type":"Feature","properties":{"id":"65376534-6234-3332-B532-303535313234","building_id":"7e21060f-d4ae-4bc1-89f7-766cd0f965e8","height":65,"min_height":0},"geometry":{"type":"Polygon","coordinates":[[[-74.00358974933624,40.74175399397558],[-74.00380969047546,40.74184341069741],[-74.0038150548935,40.74182715312057],[-74.0036004781723,40.74173773637685],[-74.00358974933624,40.74175399397558]]]}},{"type":"Feature","properties":{"id":"63376636-6364-3437-B563-323833366634","building_id":"7e21060f-d4ae-4bc1-89f7-766cd0f965e8","height":84,"min_height":0},"geometry":{"type":"Polygon","coordinates":[[[-74.004265666008,40.74186779705522],[-74.00435149669647,40.74174992957623],[-74.0042120218277,40.741688963556896],[-74.00412082672119,40.74180683114389],[-74.004265666008,40.74186779705522]]]}},{"type":"Feature","properties":{"id":"33373365-3238-3166-A566-643932333439","building_id":"02c6d05a-83f0-479c-b321-6a9ee9a05329","height":24.5,"min_height":0},"geometry":{"type":"Polygon","coordinates":[[[-74.0086966753006,40.746545747993764],[-74.01130378246307,40.74681804256264],[-74.01132524013519,40.74672456843331],[-74.00871276855469,40.74645227348174],[-74.0086966753006,40.746545747993764]]]}},{"type":"Feature","properties":{"id":"35393561-3137-3034-B230-303734353633","building_id":"84b1c968-6d2a-4326-840a-3a31813fc3d5","height":22,"min_height":0},"geometry":{"type":"Polygon","coordinates":[[[-74.00483965873718,40.74267660619057],[-74.00488257408142,40.74261564102062],[-74.00483965873718,40.742595319284845],[-74.00479674339294,40.74265628447347],[-74.00483965873718,40.74267660619057]]]}},{"type":"Feature","properties":{"id":"37636362-3961-3264-B636-643435613635","building_id":"273ebdbb-c1e2-43fd-aac0-a1dac499de79","height":74,"min_height":0},"geometry":{"type":"Polygon","coordinates":[[[-74.00654017925262,40.74363578417572],[-74.00604128837585,40.74342444106205],[-74.0060144662857,40.74345695543096],[-74.00628805160522,40.743566691308615],[-74.00654017925262,40.74363578417572]]]}},{"type":"Feature","properties":{"id":"37643038-6162-3335-A537-646464623332","building_id":"d7229dd0-f232-4f42-b58b-19cda30d066e","height":41,"min_height":37},"geometry":{"type":"Polygon","coordinates":[[[-74.0045553445816,40.74134755281577],[-74.00468409061432,40.74140445472767],[-74.00471091270447,40.74136787493276],[-74.00458216667175,40.74131097298957],[-74.0045553445816,40.74134755281577]]]}},{"type":"Feature","properties":{"id":"31393736-6262-3561-B636-356632373566","building_id":"0b329443-ce43-417c-9c44-b11e2625887d","height":19,"min_height":0},"geometry":{"type":"Polygon","coordinates":[[[-74.0035629272461,40.74391215492642],[-74.0035629272461,40.744046275612135],[-74.00372922420502,40.74411536798104],[-74.00371849536896,40.7441316249986],[-74.00386333465576,40.744192588778986],[-74.00394916534424,40.74407472541978],[-74.00380432605743,40.74401376153136],[-74.00379359722137,40.74403001857371],[-74.00358438491821,40.74394466905687],[-74.00359511375427,40.743928411993664],[-74.0035629272461,40.74391215492642]]]}},{"type":"Feature","properties":{"id":"33623466-6238-3435-A663-633234373833","building_id":"1587b6d8-3e3b-4454-aa70-b966fd27c2c0","height":22,"min_height":0},"geometry":{"type":"Polygon","coordinates":[[[-74.00356829166412,40.7443551585869],[-74.0035629272461,40.744367351306465],[-74.0035629272461,40.744432379106456],[-74.00356829166412,40.74443644334184],[-74.00361120700836,40.744375479784935],[-74.00356829166412,40.7443551585869]]]}},{"type":"Feature","properties":{"id":"37623964-3563-3637-A133-313261616637","building_id":"046c286d-9d15-4aec-a794-28500f3e536c","height":21,"min_height":0},"geometry":{"type":"Polygon","coordinates":[[[-74.00542974472046,40.74566383106543],[-74.00561213493347,40.74541591682765],[-74.00543510913849,40.74534276163007],[-74.00536000728607,40.74545249439626],[-74.00525271892548,40.74540778847634],[-74.00519907474518,40.74548094360239],[-74.00524735450745,40.745501264456436],[-74.00519907474518,40.745566291147725],[-74.00542974472046,40.74566383106543]]]}},{"type":"Feature","properties":{"id":"37626130-3466-3561-B561-626335346134","building_id":"6aa1b616-9529-4173-81ec-0c771e4840da","height":21,"min_height":0},"geometry":{"type":"Polygon","coordinates":[[[-74.0054726600647,40.74368455556811],[-74.00549411773682,40.74365610559357],[-74.00545120239258,40.743639848459765],[-74.00542974472046,40.743664234158956],[-74.0054726600647,40.74368455556811]]]}},{"type":"Feature","properties":{"id":"36316530-6631-3964-B466-383862323437","building_id":"3e461131-7c59-4bb6-9d2c-23fb4913379c","height":42.4,"min_height":39},"geometry":{"type":"Polygon","coordinates":[[[-74.00686740875244,40.7465985813555],[-74.00681376457214,40.746675799270236],[-74.00689959526062,40.746708312049606],[-74.00695323944092,40.74663515827365],[-74.00696396827698,40.7466392223744],[-74.00700151920319,40.74658638904498],[-74.00689423084259,40.746537619780554],[-74.00685131549835,40.74659045314871],[-74.00686740875244,40.7465985813555]]]}},{"type":"Feature","properties":{"id":"33613230-6665-3938-B637-653365643035","building_id":"39546cb3-d712-496c-8e29-7669369f1cd0","height":35,"min_height":28.3},"geometry":{"type":"Polygon","coordinates":[[[-74.00765061378479,40.74653355567358],[-74.00759696960449,40.746509171026446],[-74.00756478309631,40.7465498121],[-74.00761842727661,40.74657419673224],[-74.00765061378479,40.74653355567358]]]}},{"type":"Feature","properties":{"id":"33666165-6665-3537-B631-646335623763","building_id":"bb6e71fe-bd60-46c0-85e4-0d0d8999f086","height":5.5,"min_height":0},"geometry":{"type":"Polygon","coordinates":[[[-74.00753796100616,40.74266034881737],[-74.0075433254242,40.74264815578488],[-74.00753259658813,40.74264409144021],[-74.0075272321701,40.742652220129315],[-74.00753796100616,40.74266034881737]]]}},{"type":"Feature","properties":{"id":"61656337-6637-3962-B266-333339663534","building_id":"1587b6d8-3e3b-4454-aa70-b966fd27c2c0","height":21,"min_height":0},"geometry":{"type":"Polygon","coordinates":[[[-74.00388479232788,40.74454617760338],[-74.00390088558197,40.74452179222757],[-74.00385797023773,40.744501471074244],[-74.00384187698364,40.74452585645753],[-74.00388479232788,40.74454617760338]]]}},{"type":"Feature","properties":{"id":"63323338-3966-3738-A435-383339353439","building_id":"94e0862f-d2b1-4675-b8cc-9dac14747f5f","height":42,"min_height":37.2},"geometry":{"type":"Polygon","coordinates":[[[-74.00713562965393,40.745545970313515],[-74.00716781616211,40.745501264456436],[-74.0070766210556,40.74546062274209],[-74.00704443454742,40.74550939279632],[-74.00713562965393,40.745545970313515]]]}},{"type":"Feature","properties":{"id":"39303362-6439-3463-B665-646562353264","building_id":"4e2f55a8-eedf-4cf9-93b8-828c3009f63b","height":21.5,"min_height":19.4},"geometry":{"type":"Polygon","coordinates":[[[-74.00710344314575,40.74609463065747],[-74.00708734989166,40.74611495132399],[-74.00715172290802,40.74613933611565],[-74.00716245174408,40.7461230795889],[-74.00710344314575,40.74609463065747]]]}},{"type":"Feature","properties":{"id":"65303433-3764-3931-B835-386162353639","building_id":"33b4b335-6061-4ae5-ba76-b3c43c0be6c8","height":35.2,"min_height":32.2},"geometry":{"type":"Polygon","coordinates":[[[-74.00640606880188,40.74645227348174],[-74.00648653507233,40.74648478637039],[-74.00654554367065,40.746403504118945],[-74.00646507740021,40.74636692707338],[-74.00640606880188,40.74645227348174]]]}},{"type":"Feature","properties":{"id":"32356339-3638-3033-B935-366339306137","building_id":"273ebdbb-c1e2-43fd-aac0-a1dac499de79","height":33,"min_height":0},"geometry":{"type":"Polygon","coordinates":[[[-74.00652408599854,40.743773969694615],[-74.00665283203125,40.74382680525832],[-74.00667428970337,40.74380241961876],[-74.00654554367065,40.743745519758306],[-74.00652408599854,40.743773969694615]]]}},{"type":"Feature","properties":{"id":"65303139-6535-3335-A431-326534326265","building_id":"4d319717-2281-478b-bcc8-42831e155423","height":21,"min_height":0},"geometry":{"type":"Polygon","coordinates":[[[-74.00428712368011,40.74281072936785],[-74.00427103042603,40.74283917970402],[-74.00431394577026,40.74285543703351],[-74.00433003902435,40.7428310510378],[-74.00428712368011,40.74281072936785]]]}},{"type":"Feature","properties":{"id":"39623336-6436-3265-B532-343133333036","building_id":"1ae425b2-1908-4334-bb08-c0b70dd513c0","height":3.5,"min_height":0},"geometry":{"type":"Polygon","coordinates":[[[-74.00746285915375,40.74557441947965],[-74.00750041007996,40.74551752113521],[-74.00735020637512,40.74545249439626],[-74.00730729103088,40.74551345696588],[-74.00746285915375,40.74557441947965]]]}},{"type":"Feature","properties":{"id":"35396132-3539-3336-A266-393961643765","building_id":"d7229dd0-f232-4f42-b58b-19cda30d066e","height":21,"min_height":0},"geometry":{"type":"Polygon","coordinates":[[[-74.00474846363068,40.74146948542446],[-74.00445342063904,40.74134755281577],[-74.00444269180298,40.74136381050985],[-74.00473237037659,40.74148574308876],[-74.00474846363068,40.74146948542446]]]}},{"type":"Feature","properties":{"id":"62623538-3132-3139-A237-373538383265","building_id":"0b329443-ce43-417c-9c44-b11e2625887d","height":21,"min_height":0},"geometry":{"type":"Polygon","coordinates":[[[-74.00384187698364,40.74412349649032],[-74.00385797023773,40.744099110959525],[-74.0038150548935,40.74407878967705],[-74.0037989616394,40.744107239470765],[-74.00384187698364,40.74412349649032]]]}},{"type":"Feature","properties":{"id":"38326134-6236-3237-B837-663038376462","building_id":"51b23753-d363-4411-b658-ad8d554c151e","height":8,"min_height":0},"geometry":{"type":"Polygon","coordinates":[[[-74.00501132011414,40.74228236377033],[-74.00469481945038,40.74214823952764],[-74.0046089887619,40.742274235036035],[-74.00492012500763,40.74240429466536],[-74.00501132011414,40.74228236377033]]]}},{"type":"Feature","properties":{"id":"37326265-3765-3061-A465-346263343763","building_id":"c3f05be6-559d-4c12-bd34-0132071dad1f","height":5,"min_height":0},"geometry":{"type":"Polygon","coordinates":[[[-74.0035629272461,40.74311148944875],[-74.0035629272461,40.74312774671168],[-74.00357365608215,40.74311555376485],[-74.0035629272461,40.74311148944875]]]}},{"type":"Feature","properties":{"id":"39353434-6261-3461-B063-623832336465","building_id":"be183e1e-cce5-4552-a042-ecdfd42c9a74","height":5.5,"min_height":0},"geometry":{"type":"Polygon","coordinates":[[[-74.00647580623627,40.74533869745008],[-74.0064811706543,40.745330569089305],[-74.00647044181824,40.745326504908576],[-74.00646507740021,40.745334633269806],[-74.00647580623627,40.74533869745008]]]}},{"type":"Feature","properties":{"id":"65333730-6165-3166-B031-333764383134","building_id":"be183e1e-cce5-4552-a042-ecdfd42c9a74","height":5.5,"min_height":0},"geometry":{"type":"Polygon","coordinates":[[[-74.0067708492279,40.74507452521718],[-74.00677621364594,40.74506639682414],[-74.00676548480988,40.74506233262724],[-74.00676012039185,40.74507046102076],[-74.0067708492279,40.74507452521718]]]}},{"type":"Feature","properties":{"id":"35376162-3734-3166-B631-343231303438","building_id":"d7229dd0-f232-4f42-b58b-19cda30d066e","height":37,"min_height":0},"geometry":{"type":"Polygon","coordinates":[[[-74.0048235654831,40.74136787493276],[-74.00452852249146,40.741245942137766],[-74.00445342063904,40.74134755281577],[-74.00474846363068,40.74146948542446],[-74.0048235654831,40.74136787493276]]]}},{"type":"Feature","properties":{"id":"66636164-3731-3333-B765-626362336263","building_id":"7de92765-2fbb-4c4b-a0af-3845c1d07e77","height":25.9,"min_height":25.5},"geometry":{"type":"Polygon","coordinates":[[[-74.00643289089203,40.746293772921916],[-74.00625586509705,40.74621655456363],[-74.00625050067902,40.74622061868999],[-74.006427526474,40.74629783704356],[-74.00643289089203,40.746293772921916]]]}},{"type":"Feature","properties":{"id":"38376132-3237-3365-B062-356261643532","building_id":"23e5591d-15b7-4ae5-8b4a-b9f59e05e9de","height":71.8,"min_height":0},"geometry":{"type":"Polygon","coordinates":[[[-74.00513470172882,40.742977366877966],[-74.00504887104034,40.7429407879481],[-74.00501668453217,40.74298549552634],[-74.00510251522064,40.74302207443162],[-74.00513470172882,40.742977366877966]]]}},{"type":"Feature","properties":{"id":"38623538-3362-3035-B931-663866646532","building_id":"3e461131-7c59-4bb6-9d2c-23fb4913379c","height":35.5,"min_height":0},"geometry":{"type":"Polygon","coordinates":[[[-74.00687277317047,40.746496978699554],[-74.00706052780151,40.74657419673224],[-74.00706589221954,40.74656606852247],[-74.0068781375885,40.746488850480375],[-74.00687277317047,40.746496978699554]]]}},{"type":"Feature","properties":{"id":"66353232-6166-3438-B335-366465356561","building_id":"d161d218-0f3c-4562-a4ae-8aee90495e6d","height":19,"min_height":0},"geometry":{"type":"Polygon","coordinates":[[[-74.00400817394257,40.7431602612256],[-74.00389015674591,40.74331876925339],[-74.00386869907379,40.743310640645774],[-74.00378823280334,40.743420376764846],[-74.00394380092621,40.7434854054907],[-74.00402426719666,40.74337566947892],[-74.00400280952454,40.74336347657754],[-74.00411546230316,40.7432049686563],[-74.00413691997528,40.74321716158673],[-74.00422275066376,40.74310336081581],[-74.0040671825409,40.743038331716406],[-74.00398671627045,40.743152132598595],[-74.00400817394257,40.7431602612256]]]}},{"type":"Feature","properties":{"id":"38373735-3264-3136-B865-656561363766","building_id":"02c6d05a-83f0-479c-b321-6a9ee9a05329","height":12,"min_height":0},"geometry":{"type":"Polygon","coordinates":[[[-74.01128768920898,40.746927772894594],[-74.01140034198761,40.74693996514253],[-74.01140570640564,40.74691151656057],[-74.01145398616791,40.74691964472808],[-74.0115076303482,40.746622965969834],[-74.01134133338928,40.74660670956126],[-74.01128768920898,40.746927772894594]]]}},{"type":"Feature","properties":{"id":"65633162-3431-3466-B933-363035333332","building_id":"5140a944-5d0a-428f-a565-a7a82110ef16","height":37.3,"min_height":35},"geometry":{"type":"Polygon","coordinates":[[[-74.0057784318924,40.74496072762426],[-74.00580525398254,40.74492414978519],[-74.00573551654816,40.74489163613353],[-74.00570869445801,40.74492821399053],[-74.0057784318924,40.74496072762426]]]}},{"type":"Feature","properties":{"id":"62303939-6662-3561-B136-313637616635","building_id":"7de92765-2fbb-4c4b-a0af-3845c1d07e77","height":25.5,"min_height":25.1},"geometry":{"type":"Polygon","coordinates":[[[-74.00645434856415,40.74630190116494],[-74.00623440742493,40.746208426310176],[-74.0062290430069,40.74621249043702],[-74.00645434856415,40.7463059652861],[-74.00645434856415,40.74630190116494]]]}},{"type":"Feature","properties":{"id":"33333061-6530-3530-A635-653366613266","building_id":"02c6d05a-83f0-479c-b321-6a9ee9a05329","height":12,"min_height":0},"geometry":{"type":"Polygon","coordinates":[[[-74.0088039636612,40.74598896309129],[-74.00873959064484,40.74633441412712],[-74.00924384593964,40.74638724765674],[-74.00930285453796,40.746041796895355],[-74.0088039636612,40.74598896309129]]]}},{"type":"Feature","properties":{"id":"37343135-3261-3666-B061-353232356636","building_id":"39546cb3-d712-496c-8e29-7669369f1cd0","height":10,"min_height":0},"geometry":{"type":"Polygon","coordinates":[[[-74.0074896812439,40.7462612599399],[-74.00737702846527,40.746415696463],[-74.00765061378479,40.74653355567358],[-74.00768280029297,40.74652136335112],[-74.00770425796509,40.746350670602254],[-74.0074896812439,40.7462612599399]]]}},{"type":"Feature","properties":{"id":"32303539-6163-3561-B139-363835376433","building_id":"23e5591d-15b7-4ae5-8b4a-b9f59e05e9de","height":71.8,"min_height":0},"geometry":{"type":"Polygon","coordinates":[[[-74.00501132011414,40.74299362417369],[-74.00509178638458,40.74288388735053],[-74.00488793849945,40.7427985363629],[-74.00486648082733,40.74282698670427],[-74.0048611164093,40.74282292237055],[-74.00486648082733,40.7428310510378],[-74.00483429431915,40.74287575868976],[-74.0048235654831,40.74287575868976],[-74.00482892990112,40.742879823020274],[-74.00481283664703,40.74290827332689],[-74.00501132011414,40.74299362417369]]]}},{"type":"Feature","properties":{"id":"33316166-3131-3230-B531-333139303037","building_id":"273ebdbb-c1e2-43fd-aac0-a1dac499de79","height":33,"min_height":30},"geometry":{"type":"Polygon","coordinates":[[[-74.0065723657608,40.743326897860044],[-74.00643825531006,40.74326999759276],[-74.00638997554779,40.743330962162986],[-74.00652408599854,40.74338786237806],[-74.0065723657608,40.743326897860044]]]}},{"type":"Feature","properties":{"id":"35363364-3435-3065-B966-323031343635","building_id":"51b23753-d363-4411-b658-ad8d554c151e","height":26,"min_height":0},"geometry":{"type":"Polygon","coordinates":[[[-74.00720536708832,40.742717249606216],[-74.00688350200653,40.74258312624045],[-74.00672793388367,40.7427985363629],[-74.00679767131805,40.74282698670427],[-74.00672793388367,40.74291640198368],[-74.0066796541214,40.74289608033982],[-74.00663137435913,40.7429651739036],[-74.00657773017883,40.7429407879481],[-74.00649189949036,40.74306271763612],[-74.0069854259491,40.7432659332861],[-74.00724291801453,40.74290827332689],[-74.00710880756378,40.742851372701494],[-74.00720536708832,40.742717249606216]]]}},{"type":"Feature","properties":{"id":"38383331-3032-3966-B933-353337393461","building_id":"51b23753-d363-4411-b658-ad8d554c151e","height":26,"min_height":14},"geometry":{"type":"Polygon","coordinates":[[[-74.00734484195709,40.74277415034632],[-74.0069854259491,40.7432659332861],[-74.00713562965393,40.743330962162986],[-74.00734484195709,40.743038331716406],[-74.00738775730133,40.74299362417369],[-74.00749504566193,40.74284324403678],[-74.00734484195709,40.74277415034632]]]}},{"type":"Feature","properties":{"id":"65323065-3361-3137-A139-623434376537","building_id":"5140a944-5d0a-428f-a565-a7a82110ef16","height":4,"min_height":0},"geometry":{"type":"Polygon","coordinates":[[[-74.00571942329407,40.74491602137374],[-74.0057784318924,40.74484286562631],[-74.00566041469574,40.74479409508331],[-74.00560677051544,40.7448672508844],[-74.00571942329407,40.74491602137374]]]}},{"type":"Feature","properties":{"id":"35663365-3563-3431-B362-626664636565","building_id":"7e21060f-d4ae-4bc1-89f7-766cd0f965e8","height":41,"min_height":0},"geometry":{"type":"Polygon","coordinates":[[[-74.00411546230316,40.7414207124078],[-74.00390088558197,40.741327230692605],[-74.00389015674591,40.741343488391635],[-74.0041047334671,40.74143697008401],[-74.00411546230316,40.7414207124078]]]}},{"type":"Feature","properties":{"id":"30643861-6562-3562-B263-383630653161","building_id":"51b23753-d363-4411-b658-ad8d554c151e","height":37.7,"min_height":0},"geometry":{"type":"Polygon","coordinates":[[[-74.00529026985168,40.74191656974406],[-74.00496304035187,40.74178244476374],[-74.00478601455688,40.7420303725456],[-74.00510787963867,40.74216449702598],[-74.00529026985168,40.74191656974406]]]}},{"type":"Feature","properties":{"id":"61376461-3630-3436-A662-396265393737","building_id":"7e21060f-d4ae-4bc1-89f7-766cd0f965e8","height":80,"min_height":0},"geometry":{"type":"Polygon","coordinates":[[[-74.00419056415558,40.74198159994023],[-74.00431394577026,40.74195721362412],[-74.00447487831116,40.74172960757602],[-74.00443732738495,40.74164425510716],[-74.0042120218277,40.74155077370611],[-74.00409936904907,40.74157516017124],[-74.00402426719666,40.74154264488243],[-74.00386333465576,40.74177025157027],[-74.00393843650818,40.74180276674784],[-74.00397062301636,40.74189218340413],[-74.00419056415558,40.74198159994023]]]}},{"type":"Feature","properties":{"id":"65353264-3264-3430-A333-373962616539","building_id":"7e21060f-d4ae-4bc1-89f7-766cd0f965e8","height":44,"min_height":0},"geometry":{"type":"Polygon","coordinates":[[[-74.00377213954926,40.74189218340413],[-74.00380969047546,40.74184341069741],[-74.0035629272461,40.74174180077691],[-74.0035629272461,40.74180683114389],[-74.00377213954926,40.74189218340413]]]}},{"type":"Feature","properties":{"id":"63306130-6534-3332-B730-363738616631","building_id":"5a037889-0f90-4982-ac3b-7fe7ca2277cb","height":71.8,"min_height":0},"geometry":{"type":"Polygon","coordinates":[[[-74.00434076786041,40.74407878967705],[-74.00425493717194,40.74403814709342],[-74.0042120218277,40.74409098244726],[-74.0043032169342,40.7441316249986],[-74.00434076786041,40.74407878967705]]]}},{"type":"Feature","properties":{"id":"39363737-3962-3962-B639-613465616131","building_id":"5a037889-0f90-4982-ac3b-7fe7ca2277cb","height":71.8,"min_height":0},"geometry":{"type":"Polygon","coordinates":[[[-74.00449633598328,40.744233231268225],[-74.00452852249146,40.74418852452871],[-74.00452315807343,40.74418852452871],[-74.00449097156525,40.744233231268225],[-74.00449633598328,40.744233231268225]]]}},{"type":"Feature","properties":{"id":"30303636-6138-3362-B765-396664393432","building_id":"33b4b335-6061-4ae5-ba76-b3c43c0be6c8","height":32.2,"min_height":0},"geometry":{"type":"Polygon","coordinates":[[[-74.00665819644928,40.746675799270236],[-74.00681376457214,40.74646040170538],[-74.00649726390839,40.746326285888074],[-74.00634169578552,40.7465416838873],[-74.00665819644928,40.746675799270236]]]}},{"type":"Feature","properties":{"id":"38353431-6531-3336-A665-633137313031","building_id":"7de92765-2fbb-4c4b-a0af-3845c1d07e77","height":24.7,"min_height":0},"geometry":{"type":"Polygon","coordinates":[[[-74.00618612766266,40.74618810567216],[-74.00602519512177,40.746411632348554],[-74.00634169578552,40.7465416838873],[-74.00650262832642,40.74632222176817],[-74.00618612766266,40.74618810567216]]]}},{"type":"Feature","properties":{"id":"64613830-3034-3563-A132-336662653139","building_id":"94e0862f-d2b1-4675-b8cc-9dac14747f5f","height":3.5,"min_height":0},"geometry":{"type":"Polygon","coordinates":[[[-74.00730192661285,40.74550939279632],[-74.00735557079315,40.74543623770157],[-74.0070390701294,40.74530618400112],[-74.0069854259491,40.74537933923892],[-74.00730192661285,40.74550939279632]]]}},{"type":"Feature","properties":{"id":"65376666-3332-3231-B934-303834326135","building_id":"33b4b335-6061-4ae5-ba76-b3c43c0be6c8","height":32.2,"min_height":0},"geometry":{"type":"Polygon","coordinates":[[[-74.00681912899017,40.74645227348174],[-74.00650262832642,40.74632222176817],[-74.00649726390839,40.746326285888074],[-74.00681376457214,40.74646040170538],[-74.00681912899017,40.74645227348174]]]}},{"type":"Feature","properties":{"id":"65363266-3835-3664-B737-616463666434","building_id":"7e21060f-d4ae-4bc1-89f7-766cd0f965e8","height":56,"min_height":0},"geometry":{"type":"Polygon","coordinates":[[[-74.00456607341766,40.741623933074635],[-74.00459289550781,40.74163612629491],[-74.0046089887619,40.74166051272874],[-74.00459289550781,40.741688963556896],[-74.0046089887619,40.7416970923627],[-74.00464653968811,40.74164019070116],[-74.0045714378357,40.74161173985215],[-74.00456607341766,40.741623933074635]]]}},{"type":"Feature","properties":{"id":"37356334-3461-3137-B266-633232663763","building_id":"2e470956-5f49-41ff-9629-0bedccb900f2","height":46,"min_height":0},"geometry":{"type":"Polygon","coordinates":[[[-74.0077954530716,40.74583046142726],[-74.00786519050598,40.745761370840086],[-74.00784909725189,40.74573292175393],[-74.00788128376007,40.745655702744415],[-74.00786519050598,40.74564351026106],[-74.00790274143219,40.7455581628148],[-74.0078866481781,40.74552564947314],[-74.00784373283386,40.74549720028614],[-74.00780081748962,40.74551345696588],[-74.0077257156372,40.74541591682765],[-74.00770425796509,40.74544030187562],[-74.0076345205307,40.74536308252635],[-74.0075808763504,40.745391531770736],[-74.00755941867828,40.74542810935276],[-74.00766134262085,40.74548094360239],[-74.00762379169464,40.74553377781004],[-74.00760769844055,40.74561099696109],[-74.00754868984222,40.745647574422435],[-74.0075808763504,40.745716665127816],[-74.00759160518646,40.74576543499427],[-74.00770962238312,40.74579388406653],[-74.0077954530716,40.74583046142726]]]}},{"type":"Feature","properties":{"id":"39653836-6564-3364-A636-666366373939","building_id":"81b67924-0ddf-4b17-a83f-5cc93c4dbe1f","height":20,"min_height":0},"geometry":{"type":"Polygon","coordinates":[[[-74.00775790214539,40.74148167867307],[-74.0075808763504,40.74172554317522],[-74.00770962238312,40.74178244476374],[-74.00777399539948,40.741489807504195],[-74.00775790214539,40.74148167867307]]]}},{"type":"Feature","properties":{"id":"65343364-3531-3165-B739-323139613361","building_id":"02c6d05a-83f0-479c-b321-6a9ee9a05329","height":17.5,"min_height":0},"geometry":{"type":"Polygon","coordinates":[[[-74.00834262371063,40.74699279819109],[-74.00840699672699,40.74662703007135],[-74.00840163230896,40.746622965969834],[-74.0083372592926,40.74698873411194],[-74.00834262371063,40.74699279819109]]]}},{"type":"Feature","properties":{"id":"36623936-3162-3166-A566-306436663134","building_id":"d161d218-0f3c-4562-a4ae-8aee90495e6d","height":22,"min_height":0},"geometry":{"type":"Polygon","coordinates":[[[-74.00412619113922,40.74316432553874],[-74.00404572486877,40.743131811026785],[-74.00402426719666,40.74316432553874],[-74.0041047334671,40.743196840034784],[-74.00412619113922,40.74316432553874]]]}},{"type":"Feature","properties":{"id":"32336536-3265-3461-B736-313431663335","building_id":"02c6d05a-83f0-479c-b321-6a9ee9a05329","height":20.5,"min_height":0},"geometry":{"type":"Polygon","coordinates":[[[-74.00845527648926,40.746362862955976],[-74.00846600532532,40.7463059652861],[-74.00846064090729,40.7463059652861],[-74.00844991207123,40.746362862955976],[-74.00845527648926,40.746362862955976]]]}},{"type":"Feature","properties":{"id":"32363464-6430-3235-B439-666139303662","building_id":"02c6d05a-83f0-479c-b321-6a9ee9a05329","height":17,"min_height":0},"geometry":{"type":"Polygon","coordinates":[[[-74.00852501392365,40.74595644996023],[-74.00846600532532,40.7463059652861],[-74.00873959064484,40.74633441412712],[-74.0088039636612,40.74598896309129],[-74.00852501392365,40.74595644996023]]]}},{"type":"Feature","properties":{"id":"30613963-3839-3761-B130-376462366436","building_id":"5140a944-5d0a-428f-a565-a7a82110ef16","height":21.5,"min_height":0},"geometry":{"type":"Polygon","coordinates":[[[-74.0057784318924,40.74484286562631],[-74.00571942329407,40.74491602137374],[-74.00560677051544,40.7448672508844],[-74.00553703308105,40.74496072762426],[-74.00585353374481,40.74509891039031],[-74.0059769153595,40.74492821399053],[-74.0057784318924,40.74484286562631]]]}},{"type":"Feature","properties":{"id":"32636436-3131-3939-A661-383736333863","building_id":"6aa1b616-9529-4173-81ec-0c771e4840da","height":22,"min_height":0},"geometry":{"type":"Polygon","coordinates":[[[-74.0054190158844,40.74368455556811],[-74.00546193122864,40.74361952703697],[-74.0054190158844,40.74360326989424],[-74.00537610054016,40.743664234158956],[-74.0054190158844,40.74368455556811]]]}},{"type":"Feature","properties":{"id":"63316436-6236-3662-B134-636238346466","building_id":"51b23753-d363-4411-b658-ad8d554c151e","height":29,"min_height":26},"geometry":{"type":"Polygon","coordinates":[[[-74.00685667991638,40.74261970536702],[-74.00672793388367,40.7427985363629],[-74.00689959526062,40.742867630028],[-74.00682985782623,40.74295704525275],[-74.0069854259491,40.74302207443162],[-74.00717854499817,40.74275382865903],[-74.00685667991638,40.74261970536702]]]}},{"type":"Feature","properties":{"id":"39663238-6635-3131-A462-353632663431","building_id":"d2b8403f-bf0c-430f-8c7a-0b8a00204749","height":27,"min_height":24.9},"geometry":{"type":"Polygon","coordinates":[[[-74.0059232711792,40.743298447732485],[-74.00595545768738,40.743253740364594],[-74.0059232711792,40.7432415474409],[-74.00589108467102,40.74328625481695],[-74.0059232711792,40.743298447732485]]]}},{"type":"Feature","properties":{"id":"61343137-6638-3763-B866-663432313963","building_id":"3e461131-7c59-4bb6-9d2c-23fb4913379c","height":32,"min_height":0},"geometry":{"type":"Polygon","coordinates":[[[-74.00688350200653,40.74648072226017],[-74.0068781375885,40.746488850480375],[-74.00706589221954,40.74656606852247],[-74.00707125663757,40.74656200441723],[-74.00688350200653,40.74648072226017]]]}},{"type":"Feature","properties":{"id":"64616437-3136-3339-B130-313435393339","building_id":"4b49e375-3070-4b51-8f9a-912ee539fd6b","height":24.7,"min_height":0},"geometry":{"type":"Polygon","coordinates":[[[-74.00881469249725,40.74557848364529],[-74.00885760784149,40.74535495416859],[-74.0086430311203,40.745330569089305],[-74.00860548019409,40.74555409864797],[-74.00881469249725,40.74557848364529]]]}},{"type":"Feature","properties":{"id":"31333363-6139-3263-B736-343432636332","building_id":"597c0c7c-cd25-47ea-8267-9f17feb0522c","height":18,"min_height":0},"geometry":{"type":"Polygon","coordinates":[[[-74.00716781616211,40.74186779705522],[-74.00693714618683,40.74177025157027],[-74.0069317817688,40.741778380366156],[-74.00716781616211,40.741875925839196],[-74.00716781616211,40.74186779705522]]]}},{"type":"Feature","properties":{"id":"34643638-3836-3262-A535-383062656338","building_id":"046c286d-9d15-4aec-a794-28500f3e536c","height":18,"min_height":0},"geometry":{"type":"Polygon","coordinates":[[[-74.00523126125336,40.74551752113521],[-74.00524735450745,40.745501264456436],[-74.00519907474518,40.74548094360239],[-74.00525271892548,40.74540778847634],[-74.0052205324173,40.745395595947485],[-74.00515615940094,40.74548500777371],[-74.00523126125336,40.74551752113521]]]}},{"type":"Feature","properties":{"id":"62646438-6562-3865-B738-356262373363","building_id":"4b49e375-3070-4b51-8f9a-912ee539fd6b","height":17.5,"min_height":0},"geometry":{"type":"Polygon","coordinates":[[[-74.00871813297272,40.74493634240045],[-74.00871276855469,40.74493227819562],[-74.00864839553833,40.74527773472022],[-74.00865375995636,40.74527773472022],[-74.00871813297272,40.74493634240045]]]}},{"type":"Feature","properties":{"id":"64336534-3463-3161-B464-363962663563","building_id":"51b23753-d363-4411-b658-ad8d554c151e","height":33,"min_height":26},"geometry":{"type":"Polygon","coordinates":[[[-74.00697469711304,40.74311555376485],[-74.00699615478516,40.74308710354691],[-74.00691568851471,40.743050524677386],[-74.00689423084259,40.74308303922908],[-74.00697469711304,40.74311555376485]]]}},{"type":"Feature","properties":{"id":"66313064-6239-3261-A431-373134613630","building_id":"33b4b335-6061-4ae5-ba76-b3c43c0be6c8","height":35.2,"min_height":32.2},"geometry":{"type":"Polygon","coordinates":[[[-74.00669574737549,40.746411632348554],[-74.00670111179352,40.746403504118945],[-74.00663673877716,40.74637505530748],[-74.00663137435913,40.74638318354059],[-74.00669574737549,40.746411632348554]]]}},{"type":"Feature","properties":{"id":"65353161-3366-3631-A462-616266616461","building_id":"51b23753-d363-4411-b658-ad8d554c151e","height":35,"min_height":0},"geometry":{"type":"Polygon","coordinates":[[[-74.00581061840057,40.74277415034632],[-74.00649189949036,40.74306271763612],[-74.00657773017883,40.7429407879481],[-74.00663137435913,40.7429651739036],[-74.0066796541214,40.74289608033982],[-74.00663137435913,40.74287575868976],[-74.00666356086731,40.7428310510378],[-74.0059769153595,40.74254248274286],[-74.00581061840057,40.74277415034632]]]}},{"type":"Feature","properties":{"id":"34306535-6431-3139-A566-363065333536","building_id":"7e21060f-d4ae-4bc1-89f7-766cd0f965e8","height":41,"min_height":0},"geometry":{"type":"Polygon","coordinates":[[[-74.0036541223526,40.741245942137766],[-74.00366485118866,40.74122968441489],[-74.0035629272461,40.741184975656466],[-74.0035629272461,40.741205297823115],[-74.0036541223526,40.741245942137766]]]}},{"type":"Feature","properties":{"id":"33663438-3438-3431-A436-653435373037","building_id":"23e5591d-15b7-4ae5-8b4a-b9f59e05e9de","height":71.8,"min_height":0},"geometry":{"type":"Polygon","coordinates":[[[-74.0053278207779,40.74308303922908],[-74.00536000728607,40.743038331716406],[-74.00535464286804,40.74303426739556],[-74.00532245635986,40.74308303922908],[-74.0053278207779,40.74308303922908]]]}},{"type":"Feature","properties":{"id":"34366264-3065-3031-B538-383238353235","building_id":"1ea1c1f3-2de4-40d7-ab55-66d448010c9a","height":10,"min_height":0},"geometry":{"type":"Polygon","coordinates":[[[-74.00512933731079,40.746659542874596],[-74.00544047355652,40.74679365801981],[-74.00551557540894,40.74668799156436],[-74.00520980358124,40.74655794031173],[-74.00512933731079,40.746659542874596]]]}},{"type":"Feature","properties":{"id":"65666461-3138-3966-A630-386233626339","building_id":"273ebdbb-c1e2-43fd-aac0-a1dac499de79","height":25,"min_height":0},"geometry":{"type":"Polygon","coordinates":[[[-74.00641143321991,40.743757712589655],[-74.00578916072845,40.743497598369714],[-74.00576770305634,40.743526048412065],[-74.00639533996582,40.743778033970244],[-74.00641143321991,40.743757712589655]]]}},{"type":"Feature","properties":{"id":"33343831-6334-3365-B961-373338633632","building_id":"1ae425b2-1908-4334-bb08-c0b70dd513c0","height":30.4,"min_height":0},"geometry":{"type":"Polygon","coordinates":[[[-74.00719463825226,40.745655702744415],[-74.00735557079315,40.74572479344138],[-74.0073823928833,40.74568821602253],[-74.00722146034241,40.74562318945047],[-74.00719463825226,40.745655702744415]]]}},{"type":"Feature","properties":{"id":"62383737-3032-3337-B832-636666323662","building_id":"4b49e375-3070-4b51-8f9a-912ee539fd6b","height":17,"min_height":0},"geometry":{"type":"Polygon","coordinates":[[[-74.00877177715302,40.74562725361304],[-74.00859475135803,40.7456069327975],[-74.00852501392365,40.74595644996023],[-74.00870740413666,40.74597677066902],[-74.00877177715302,40.74562725361304]]]}},{"type":"Feature","properties":{"id":"31656438-3937-3632-B564-396261323634","building_id":"51b23753-d363-4411-b658-ad8d554c151e","height":29,"min_height":26},"geometry":{"type":"Polygon","coordinates":[[[-74.00710880756378,40.742851372701494],[-74.00685131549835,40.7432049686563],[-74.00692641735077,40.74323341882382],[-74.00699615478516,40.743135875341636],[-74.00706052780151,40.74316432553874],[-74.0071302652359,40.74306678195521],[-74.00715172290802,40.74307084627404],[-74.00718927383423,40.74301801010981],[-74.00717318058014,40.74300988146544],[-74.00724291801453,40.74290827332689],[-74.00710880756378,40.742851372701494]]]}},{"type":"Feature","properties":{"id":"38663232-3332-3931-B331-623062313630","building_id":"51b23753-d363-4411-b658-ad8d554c151e","height":26,"min_height":23},"geometry":{"type":"Polygon","coordinates":[[[-74.00682985782623,40.742652220129315],[-74.00688350200653,40.74258312624045],[-74.00677621364594,40.742538418391746],[-74.00672793388367,40.742607512327055],[-74.00682985782623,40.742652220129315]]]}},{"type":"Feature","properties":{"id":"31393338-3934-3461-A263-343563373732","building_id":"1ae425b2-1908-4334-bb08-c0b70dd513c0","height":37.2,"min_height":0},"geometry":{"type":"Polygon","coordinates":[[[-74.00722146034241,40.74562318945047],[-74.0073823928833,40.74568821602253],[-74.00746285915375,40.74557441947965],[-74.00730192661285,40.74550939279632],[-74.00722146034241,40.74562318945047]]]}},{"type":"Feature","properties":{"id":"63343839-3530-3531-B866-333636303862","building_id":"d2b8403f-bf0c-430f-8c7a-0b8a00204749","height":28,"min_height":24.9},"geometry":{"type":"Polygon","coordinates":[[[-74.00599300861359,40.743046460357306],[-74.0059232711792,40.74301801010981],[-74.00587499141693,40.74307897491096],[-74.00591254234314,40.743095232181844],[-74.00592863559723,40.74307491059264],[-74.00596618652344,40.74309116786449],[-74.00599300861359,40.743046460357306]]]}},{"type":"Feature","properties":{"id":"38353866-3231-3531-B861-623634303963","building_id":"7e21060f-d4ae-4bc1-89f7-766cd0f965e8","height":56,"min_height":0},"geometry":{"type":"Polygon","coordinates":[[[-74.00417983531952,40.74146135659086],[-74.00419056415558,40.74144916333856],[-74.00411546230316,40.7414207124078],[-74.00407791137695,40.74147354984092],[-74.00409400463104,40.74147761425712],[-74.00411546230316,40.74144916333856],[-74.00414764881134,40.74144916333856],[-74.00417983531952,40.74146135659086]]]}},{"type":"Feature","properties":{"id":"30663739-3433-3037-A636-646265613931","building_id":"51b23753-d363-4411-b658-ad8d554c151e","height":15,"min_height":7.5},"geometry":{"type":"Polygon","coordinates":[[[-74.00749504566193,40.74284324403678],[-74.00747895240784,40.74283511537104],[-74.00747358798981,40.74284730836925],[-74.0074896812439,40.74285543703351],[-74.00749504566193,40.74284324403678]]]}},{"type":"Feature","properties":{"id":"62616231-6630-3661-B337-656366356132","building_id":"4d319717-2281-478b-bcc8-42831e155423","height":19,"min_height":0},"geometry":{"type":"Polygon","coordinates":[[[-74.00434076786041,40.74290014466908],[-74.0045553445816,40.742989559850145],[-74.00453925132751,40.74300988146544],[-74.00468409061432,40.74306678195521],[-74.0047699213028,40.74295298092696],[-74.00462508201599,40.7428920160103],[-74.0046089887619,40.74291233765541],[-74.00439441204071,40.74282292237055],[-74.0044105052948,40.7428066650331],[-74.00426030158997,40.74274569998235],[-74.00417983531952,40.742859501365245],[-74.00432467460632,40.742920466311716],[-74.00434076786041,40.74290014466908]]]}},{"type":"Feature","properties":{"id":"34663461-3331-3663-B937-303832343336","building_id":"0b329443-ce43-417c-9c44-b11e2625887d","height":22,"min_height":0},"geometry":{"type":"Polygon","coordinates":[[[-74.0035629272461,40.74394873332207],[-74.0035629272461,40.74396499038036],[-74.00356829166412,40.74395279758701],[-74.0035629272461,40.74394873332207]]]}},{"type":"Feature","properties":{"id":"32646130-3432-3530-A161-346333656664","building_id":"4a882ec3-a00a-4fec-9770-c98f16a0ea56","height":80,"min_height":75.7},"geometry":{"type":"Polygon","coordinates":[[[-74.00764524936676,40.746131207852784],[-74.00757551193237,40.74617184915732],[-74.00762915611267,40.74622468281609],[-74.00769889354706,40.74618810567216],[-74.00764524936676,40.746131207852784]]]}},{"type":"Feature","properties":{"id":"37376636-6530-3631-A164-393730613233","building_id":"273ebdbb-c1e2-43fd-aac0-a1dac499de79","height":30,"min_height":0},"geometry":{"type":"Polygon","coordinates":[[[-74.00676012039185,40.74337160517874],[-74.00607883930206,40.74308303922908],[-74.00598227977753,40.74322122589638],[-74.00665819644928,40.74350572695448],[-74.00676012039185,40.74337160517874]]]}},{"type":"Feature","properties":{"id":"63356132-3863-3365-A362-643430313766","building_id":"be282fe3-9ad6-4f3c-a7df-efa7dddbf301","height":71.8,"min_height":0},"geometry":{"type":"Polygon","coordinates":[[[-74.00495231151581,40.74359107703461],[-74.00474846363068,40.74350572695448],[-74.00466799736023,40.74361546275168],[-74.00487184524536,40.743700812690975],[-74.00489330291748,40.74367236272337],[-74.00489866733551,40.74367236272337],[-74.00489330291748,40.743668298441264],[-74.00492548942566,40.743623591322034],[-74.00493621826172,40.743623591322034],[-74.00493085384369,40.74361952703697],[-74.00495231151581,40.74359107703461]]]}},{"type":"Feature","properties":{"id":"66626639-3735-3139-B433-343131333230","building_id":"597c0c7c-cd25-47ea-8267-9f17feb0522c","height":18,"min_height":0},"geometry":{"type":"Polygon","coordinates":[[[-74.00681376457214,40.74235552233418],[-74.00657773017883,40.74225391319598],[-74.0065723657608,40.74226204193275],[-74.00680840015411,40.742363651058525],[-74.00681376457214,40.74235552233418]]]}},{"type":"Feature","properties":{"id":"37363037-6361-3934-A638-306333646336","building_id":"273ebdbb-c1e2-43fd-aac0-a1dac499de79","height":83.1,"min_height":76},"geometry":{"type":"Polygon","coordinates":[[[-74.00630414485931,40.743668298441264],[-74.00634169578552,40.74361952703697],[-74.00627732276917,40.743578884172706],[-74.0061217546463,40.743530112702814],[-74.00608420372009,40.743578884172706],[-74.00630414485931,40.743668298441264]]]}},{"type":"Feature","properties":{"id":"39393865-3933-3230-A531-663436346233","building_id":"4b49e375-3070-4b51-8f9a-912ee539fd6b","height":24.5,"min_height":0},"geometry":{"type":"Polygon","coordinates":[[[-74.00964617729187,40.74559880446952],[-74.00966227054596,40.74549720028614],[-74.00884687900543,40.74541591682765],[-74.00882542133331,40.74551345696588],[-74.00964617729187,40.74559880446952]]]}},{"type":"Feature","properties":{"id":"32396465-3563-3136-B034-363234666561","building_id":"597c0c7c-cd25-47ea-8267-9f17feb0522c","height":16,"min_height":0},"geometry":{"type":"Polygon","coordinates":[[[-74.00693714618683,40.74177025157027],[-74.0065723657608,40.74226204193275],[-74.00680840015411,40.742363651058525],[-74.00697469711304,40.742136046401214],[-74.00694251060486,40.7421238532726],[-74.00696933269501,40.742087273873324],[-74.00700151920319,40.74209946700867],[-74.00716781616211,40.74186779705522],[-74.00693714618683,40.74177025157027]]]}},{"type":"Feature","properties":{"id":"30626131-6365-3464-A537-643038646566","building_id":"4a882ec3-a00a-4fec-9770-c98f16a0ea56","height":69,"min_height":0},"geometry":{"type":"Polygon","coordinates":[[[-74.00765061378479,40.746249067567504],[-74.0076345205307,40.7462693881869],[-74.00769352912903,40.746326285888074],[-74.00770425796509,40.7463059652861],[-74.00765061378479,40.746249067567504]]]}},{"type":"Feature","properties":{"id":"33316634-3338-3965-B164-616630313930","building_id":"51b23753-d363-4411-b658-ad8d554c151e","height":5.5,"min_height":0},"geometry":{"type":"Polygon","coordinates":[[[-74.00724291801453,40.74290827332689],[-74.0069854259491,40.7432659332861],[-74.00714099407196,40.74333502646567],[-74.00736629962921,40.742989559850145],[-74.00724291801453,40.74290827332689]]]}},{"type":"Feature","properties":{"id":"38303238-3632-3238-A337-366164313832","building_id":"4b49e375-3070-4b51-8f9a-912ee539fd6b","height":25,"min_height":0},"geometry":{"type":"Polygon","coordinates":[[[-74.00860548019409,40.74555409864797],[-74.0086430311203,40.745330569089305],[-74.00863766670227,40.745330569089305],[-74.00860011577606,40.74555409864797],[-74.00860548019409,40.74555409864797]]]}},{"type":"Feature","properties":{"id":"35666362-3034-3631-B736-386534323931","building_id":"4b49e375-3070-4b51-8f9a-912ee539fd6b","height":12,"min_height":0},"geometry":{"type":"Polygon","coordinates":[[[-74.00888442993164,40.74495666342091],[-74.00882542133331,40.7452980556364],[-74.00942623615265,40.74536308252635],[-74.009490609169,40.74502169064468],[-74.00888442993164,40.74495666342091]]]}},{"type":"Feature","properties":{"id":"37313463-3461-3039-A130-353366363936","building_id":"3d6a0236-a758-452b-91a9-66c115244e13","height":21,"min_height":0},"geometry":{"type":"Polygon","coordinates":[[[-74.00404572486877,40.74384712661782],[-74.00406181812286,40.74382274098568],[-74.00401890277863,40.74380241961876],[-74.00400280952454,40.74383086953071],[-74.00404572486877,40.74384712661782]]]}},{"type":"Feature","properties":{"id":"38663034-3165-3136-B531-386436313861","building_id":"8cd993e0-995a-41b8-8886-58185d35ca16","height":44,"min_height":0},"geometry":{"type":"Polygon","coordinates":[[[-74.00358438491821,40.74254248274286],[-74.0035629272461,40.74253435404037],[-74.0035629272461,40.74257499754293],[-74.00358438491821,40.74254248274286]]]}},{"type":"Feature","properties":{"id":"64326666-3932-3964-A365-646163353433","building_id":"8cd993e0-995a-41b8-8886-58185d35ca16","height":50,"min_height":0},"geometry":{"type":"Polygon","coordinates":[[[-74.0035629272461,40.74242461645949],[-74.0035629272461,40.742473388739995],[-74.00360584259033,40.7424896461589],[-74.00363802909851,40.74244900260422],[-74.00356829166412,40.74241648774259],[-74.0035629272461,40.74242461645949]]]}},{"type":"Feature","properties":{"id":"36336263-3563-3332-B765-303039303839","building_id":"7e21060f-d4ae-4bc1-89f7-766cd0f965e8","height":71,"min_height":0},"geometry":{"type":"Polygon","coordinates":[[[-74.00435149669647,40.742018179397604],[-74.00436758995056,40.74202630816316],[-74.0045714378357,40.74174992957623],[-74.00454998016357,40.74174180077691],[-74.00435149669647,40.742018179397604]]]}},{"type":"Feature","properties":{"id":"31336637-6433-3363-A433-333966326261","building_id":"163abb59-6b0c-4852-b1ac-fa9abaa6bf83","height":36.6,"min_height":0},"geometry":{"type":"Polygon","coordinates":[[[-74.00669574737549,40.74095330251785],[-74.00680840015411,40.74080698222511],[-74.00649726390839,40.74067285500732],[-74.00638461112976,40.7408232400513],[-74.00669574737549,40.74095330251785]]]}},{"type":"Feature","properties":{"id":"38666334-3863-3763-A461-663364333830","building_id":"5a037889-0f90-4982-ac3b-7fe7ca2277cb","height":71.8,"min_height":0},"geometry":{"type":"Polygon","coordinates":[[[-74.00400280952454,40.744025954313486],[-74.00403499603271,40.743981247434675],[-74.00402426719666,40.743981247434675],[-74.00399208068848,40.744021890053034],[-74.00400280952454,40.744025954313486]]]}},{"type":"Feature","properties":{"id":"30313334-3339-3830-B836-393435313132","building_id":"273ebdbb-c1e2-43fd-aac0-a1dac499de79","height":76,"min_height":0},"geometry":{"type":"Polygon","coordinates":[[[-74.00652408599854,40.743773969694615],[-74.00660991668701,40.74365610559357],[-74.00628805160522,40.743566691308615],[-74.0060144662857,40.74345695543096],[-74.00595545768738,40.74353824128363],[-74.00652408599854,40.743773969694615]]]}},{"type":"Feature","properties":{"id":"33656239-3036-3463-B462-396265393534","building_id":"273ebdbb-c1e2-43fd-aac0-a1dac499de79","height":8,"min_height":0},"geometry":{"type":"Polygon","coordinates":[[[-74.00665819644928,40.74350572695448],[-74.00598227977753,40.74322122589638],[-74.00588572025299,40.74335941227659],[-74.00607883930206,40.74344069824849],[-74.00608956813812,40.74342444106205],[-74.00627195835114,40.743497598369714],[-74.00625586509705,40.74351791982977],[-74.00654017925262,40.74363578417572],[-74.00658309459686,40.74358294846027],[-74.00659918785095,40.74359107703461],[-74.00665819644928,40.74350572695448]]]}},{"type":"Feature","properties":{"id":"62316562-3462-3837-A333-656337333665","building_id":"7e21060f-d4ae-4bc1-89f7-766cd0f965e8","height":68,"min_height":0},"geometry":{"type":"Polygon","coordinates":[[[-74.0035629272461,40.741290650855234],[-74.0035629272461,40.74134755281577],[-74.00395452976227,40.741510129577705],[-74.00405645370483,40.74150200074905],[-74.00384187698364,40.74140851914808],[-74.0038526058197,40.74139226146491],[-74.00362193584442,40.74129471528258],[-74.00361120700836,40.74131097298957],[-74.0035629272461,40.741290650855234]]]}},{"type":"Feature","properties":{"id":"39353836-3761-3939-B932-663131393239","building_id":"7e21060f-d4ae-4bc1-89f7-766cd0f965e8","height":65,"min_height":0},"geometry":{"type":"Polygon","coordinates":[[[-74.00362193584442,40.74129471528258],[-74.0035629272461,40.74127032871465],[-74.0035629272461,40.741290650855234],[-74.00361120700836,40.74131097298957],[-74.00362193584442,40.74129471528258]]]}},{"type":"Feature","properties":{"id":"37393863-6661-3038-B461-303962616364","building_id":"4b49e375-3070-4b51-8f9a-912ee539fd6b","height":20,"min_height":0},"geometry":{"type":"Polygon","coordinates":[[[-74.00859475135803,40.7456069327975],[-74.00962471961975,40.745716665127816],[-74.00968372821808,40.745391531770736],[-74.00865375995636,40.74527773472022],[-74.00859475135803,40.7456069327975]]]}},{"type":"Feature","properties":{"id":"65353263-6666-3263-B466-316334346638","building_id":"6ca85b66-d0cf-4550-a2ee-571e11e7e92b","height":22,"min_height":0},"geometry":{"type":"Polygon","coordinates":[[[-74.00561213493347,40.74342444106205],[-74.00565505027771,40.74336347657754],[-74.00561213493347,40.743343155070306],[-74.0055638551712,40.74340411957343],[-74.00561213493347,40.74342444106205]]]}},{"type":"Feature","properties":{"id":"37316336-3336-3734-B432-613239613638","building_id":"51b23753-d363-4411-b658-ad8d554c151e","height":5.5,"min_height":0},"geometry":{"type":"Polygon","coordinates":[[[-74.00724291801453,40.74290827332689],[-74.00738775730133,40.74299362417369],[-74.00749504566193,40.74284324403678],[-74.00720536708832,40.742717249606216],[-74.00710880756378,40.742851372701494],[-74.00724291801453,40.74290827332689]]]}},{"type":"Feature","properties":{"id":"31316361-6437-3938-B639-366435323563","building_id":"046c286d-9d15-4aec-a794-28500f3e536c","height":28.8,"min_height":21},"geometry":{"type":"Polygon","coordinates":[[[-74.00536000728607,40.74545249439626],[-74.0053278207779,40.74544030187562],[-74.00528490543365,40.74549720028614],[-74.00539755821228,40.745545970313515],[-74.00545656681061,40.74546062274209],[-74.00537610054016,40.74542810935276],[-74.00536000728607,40.74545249439626]]]}},{"type":"Feature","properties":{"id":"33396666-3337-3664-B966-366639383162","building_id":"23e5591d-15b7-4ae5-8b4a-b9f59e05e9de","height":71.8,"min_height":0},"geometry":{"type":"Polygon","coordinates":[[[-74.00517225265503,40.7429245306395],[-74.00508642196655,40.74288795168053],[-74.00504887104034,40.7429407879481],[-74.00513470172882,40.742977366877966],[-74.00517225265503,40.7429245306395]]]}},{"type":"Feature","properties":{"id":"31373234-3363-3431-B236-383264663666","building_id":"273ebdbb-c1e2-43fd-aac0-a1dac499de79","height":10,"min_height":0},"geometry":{"type":"Polygon","coordinates":[[[-74.00674939155579,40.74372926264638],[-74.00669038295746,40.74380648389263],[-74.00667428970337,40.74380241961876],[-74.00665283203125,40.74382680525832],[-74.00674939155579,40.7438674479711],[-74.00679767131805,40.74380648389263],[-74.006786942482,40.743741455480716],[-74.00674939155579,40.74372926264638]]]}},{"type":"Feature","properties":{"id":"30303738-3862-3466-B132-313261313132","building_id":"94e0862f-d2b1-4675-b8cc-9dac14747f5f","height":30.4,"min_height":0},"geometry":{"type":"Polygon","coordinates":[[[-74.00719463825226,40.745655702744415],[-74.00722146034241,40.74562318945047],[-74.00690495967865,40.745489071944746],[-74.00688350200653,40.74552564947314],[-74.00719463825226,40.745655702744415]]]}},{"type":"Feature","properties":{"id":"39326637-6333-3538-A232-333765633835","building_id":"163abb59-6b0c-4852-b1ac-fa9abaa6bf83","height":14,"min_height":0},"geometry":{"type":"Polygon","coordinates":[[[-74.00669574737549,40.74095330251785],[-74.00638461112976,40.7408232400513],[-74.00615930557251,40.74112807355684],[-74.0063202381134,40.74119716895717],[-74.0065187215805,40.74092485137501],[-74.00667428970337,40.74098988254076],[-74.00669574737549,40.74095330251785]]]}},{"type":"Feature","properties":{"id":"34363038-3565-3661-A638-633534383730","building_id":"6ca85b66-d0cf-4550-a2ee-571e11e7e92b","height":22,"min_height":0},"geometry":{"type":"Polygon","coordinates":[[[-74.00534927845001,40.74323341882382],[-74.00530636310577,40.743298447732485],[-74.00534927845001,40.74331470494971],[-74.00539755821228,40.743253740364594],[-74.00534927845001,40.74323341882382]]]}},{"type":"Feature","properties":{"id":"33373536-3563-3638-B263-333664663936","building_id":"1ea1c1f3-2de4-40d7-ab55-66d448010c9a","height":15.4,"min_height":0},"geometry":{"type":"Polygon","coordinates":[[[-74.00544583797455,40.7467814657451],[-74.00550484657288,40.74670018385626],[-74.00520443916321,40.74657013262748],[-74.00514543056488,40.746651414675284],[-74.00544583797455,40.7467814657451]]]}},{"type":"Feature","properties":{"id":"38373734-3530-3838-B033-613762323562","building_id":"33b4b335-6061-4ae5-ba76-b3c43c0be6c8","height":35.2,"min_height":32.2},"geometry":{"type":"Polygon","coordinates":[[[-74.00665283203125,40.746472594039034],[-74.00669574737549,40.746411632348554],[-74.00663137435913,40.74638318354059],[-74.00658845901489,40.7464441452571],[-74.00665283203125,40.746472594039034]]]}},{"type":"Feature","properties":{"id":"63626465-3236-3532-A338-613439393664","building_id":"3e461131-7c59-4bb6-9d2c-23fb4913379c","height":39,"min_height":0},"geometry":{"type":"Polygon","coordinates":[[[-74.00688350200653,40.74648072226017],[-74.00681912899017,40.74645227348174],[-74.00665819644928,40.746675799270236],[-74.00697469711304,40.74680991438268],[-74.00713562965393,40.74658638904498],[-74.00707125663757,40.74656200441723],[-74.00706052780151,40.74657419673224],[-74.00687277317047,40.746496978699554],[-74.00688350200653,40.74648072226017]]]}},{"type":"Feature","properties":{"id":"39666136-3636-3164-B062-313630346363","building_id":"7de92765-2fbb-4c4b-a0af-3845c1d07e77","height":26.4,"min_height":25.9},"geometry":{"type":"Polygon","coordinates":[[[-74.00641143321991,40.74628158055555],[-74.00627732276917,40.74622468281609],[-74.00627195835114,40.74623281106756],[-74.00640606880188,40.74628970880005],[-74.00641143321991,40.74628158055555]]]}},{"type":"Feature","properties":{"id":"66646238-3539-3232-A633-303136393963","building_id":"5a037889-0f90-4982-ac3b-7fe7ca2277cb","height":77,"min_height":0},"geometry":{"type":"Polygon","coordinates":[[[-74.00429248809814,40.74416007476975],[-74.00433540344238,40.744099110959525],[-74.00422811508179,40.744054404129855],[-74.00418519973755,40.74411536798104],[-74.00429248809814,40.74416007476975]]]}},{"type":"Feature","properties":{"id":"36613730-6564-3633-B064-393139353533","building_id":"c3f05be6-559d-4c12-bd34-0132071dad1f","height":20,"min_height":0},"geometry":{"type":"Polygon","coordinates":[[[-74.00365948677063,40.74299362417369],[-74.00356829166412,40.74295298092696],[-74.0035629272461,40.74295704525275],[-74.0035629272461,40.74311148944875],[-74.00357365608215,40.74311555376485],[-74.00365948677063,40.74299362417369]]]}},{"type":"Feature","properties":{"id":"64653761-3165-3365-A165-316434643530","building_id":"02c6d05a-83f0-479c-b321-6a9ee9a05329","height":20.5,"min_height":0},"geometry":{"type":"Polygon","coordinates":[[[-74.00840699672699,40.74662703007135],[-74.00841772556305,40.74657826083674],[-74.00841236114502,40.74657826083674],[-74.00840163230896,40.746622965969834],[-74.00840699672699,40.74662703007135]]]}},{"type":"Feature","properties":{"id":"63643961-3932-3431-B437-656234353133","building_id":"7e21060f-d4ae-4bc1-89f7-766cd0f965e8","height":41,"min_height":0},"geometry":{"type":"Polygon","coordinates":[[[-74.0035629272461,40.74180683114389],[-74.0035629272461,40.74182715312057],[-74.00375604629517,40.74190844096506],[-74.00377213954926,40.74189218340413],[-74.0035629272461,40.74180683114389]]]}},{"type":"Feature","properties":{"id":"37636266-6334-3933-B933-303333363662","building_id":"4a882ec3-a00a-4fec-9770-c98f16a0ea56","height":20,"min_height":0},"geometry":{"type":"Polygon","coordinates":[[[-74.00780081748962,40.74639131177267],[-74.00784373283386,40.7461230795889],[-74.00748431682587,40.74596864238623],[-74.00745749473572,40.74600521965087],[-74.00775253772736,40.74612714372097],[-74.0077954530716,40.74616778502798],[-74.00780618190765,40.74618810567216],[-74.00777399539948,40.74637911942415],[-74.00780081748962,40.74639131177267]]]}},{"type":"Feature","properties":{"id":"31663735-6362-3939-A562-326632663865","building_id":"51b23753-d363-4411-b658-ad8d554c151e","height":30,"min_height":0},"geometry":{"type":"Polygon","coordinates":[[[-74.00616466999054,40.74228236377033],[-74.00529026985168,40.74191656974406],[-74.00512397289276,40.742140110776944],[-74.00552093982697,40.74230674996721],[-74.0053278207779,40.74257499754293],[-74.00581061840057,40.74277415034632],[-74.00616466999054,40.74228236377033]]]}},{"type":"Feature","properties":{"id":"35353036-6333-3064-A230-333163386639","building_id":"4e2f55a8-eedf-4cf9-93b8-828c3009f63b","height":22,"min_height":19.4},"geometry":{"type":"Polygon","coordinates":[[[-74.00650262832642,40.746131207852784],[-74.00656163692474,40.74604992516919],[-74.00651335716248,40.74602960448277],[-74.00645434856415,40.74611088719121],[-74.00650262832642,40.746131207852784]]]}},{"type":"Feature","properties":{"id":"39623261-3564-3433-A264-656235353630","building_id":"8cd993e0-995a-41b8-8886-58185d35ca16","height":47,"min_height":0},"geometry":{"type":"Polygon","coordinates":[[[-74.0035629272461,40.74240429466536],[-74.0035629272461,40.742493710513],[-74.00360584259033,40.742514032279814],[-74.0036541223526,40.74244493824739],[-74.0035629272461,40.74240429466536]]]}},{"type":"Feature","properties":{"id":"63323332-6162-3338-A539-356632343433","building_id":"4e2f55a8-eedf-4cf9-93b8-828c3009f63b","height":19.4,"min_height":0},"geometry":{"type":"Polygon","coordinates":[[[-74.00661528110504,40.74589142365045],[-74.00645434856415,40.74611088719121],[-74.00700151920319,40.746346606483826],[-74.00716245174408,40.7461230795889],[-74.00710344314575,40.74609463065747],[-74.00708734989166,40.74611495132399],[-74.00697469711304,40.74606618171384],[-74.0069854259491,40.7460458610324],[-74.00679230690002,40.7459645782445],[-74.00677621364594,40.74598083481001],[-74.00666356086731,40.74593612924525],[-74.0066796541214,40.745915808524074],[-74.00661528110504,40.74589142365045]]]}},{"type":"Feature","properties":{"id":"35636433-3466-3262-A466-323534313965","building_id":"046c286d-9d15-4aec-a794-28500f3e536c","height":15,"min_height":0},"geometry":{"type":"Polygon","coordinates":[[[-74.00520443916321,40.74555409864797],[-74.00523126125336,40.74551752113521],[-74.00515615940094,40.74548500777371],[-74.00512933731079,40.74552158530432],[-74.00520443916321,40.74555409864797]]]}},{"type":"Feature","properties":{"id":"34623738-3663-3136-B966-323364363364","building_id":"be282fe3-9ad6-4f3c-a7df-efa7dddbf301","height":82,"min_height":0},"geometry":{"type":"Polygon","coordinates":[[[-74.00474309921265,40.743513855538254],[-74.00465726852417,40.743477276903434],[-74.00459289550781,40.743566691308615],[-74.00467872619629,40.74360326989424],[-74.00474309921265,40.743513855538254]]]}},{"type":"Feature","properties":{"id":"62666133-6537-3365-A439-343531336630","building_id":"84b1c968-6d2a-4326-840a-3a31813fc3d5","height":21,"min_height":0},"geometry":{"type":"Polygon","coordinates":[[[-74.00489866733551,40.74267660619057],[-74.0049147605896,40.742652220129315],[-74.00487184524536,40.74263189840474],[-74.00485575199127,40.74266034881737],[-74.00489866733551,40.74267660619057]]]}},{"type":"Feature","properties":{"id":"34636539-3239-3832-A433-653764643261","building_id":"4b49e375-3070-4b51-8f9a-912ee539fd6b","height":17,"min_height":0},"geometry":{"type":"Polygon","coordinates":[[[-74.00865375995636,40.74527773472022],[-74.00882542133331,40.7452980556364],[-74.00888979434967,40.7449525992173],[-74.00871813297272,40.74493634240045],[-74.00865375995636,40.74527773472022]]]}},{"type":"Feature","properties":{"id":"32373731-3531-3437-A561-353732326563","building_id":"39546cb3-d712-496c-8e29-7669369f1cd0","height":28.3,"min_height":0},"geometry":{"type":"Polygon","coordinates":[[[-74.0074896812439,40.7462612599399],[-74.00732338428497,40.74618810567216],[-74.00716245174408,40.746411632348554],[-74.00770425796509,40.74664328647498],[-74.00777399539948,40.74661483776606],[-74.00780081748962,40.74639131177267],[-74.00770425796509,40.746350670602254],[-74.00768280029297,40.74652136335112],[-74.00765061378479,40.74653355567358],[-74.00737702846527,40.746415696463],[-74.0074896812439,40.7462612599399]]]}},{"type":"Feature","properties":{"id":"61393639-3536-3161-B834-653334626138","building_id":"6ca85b66-d0cf-4550-a2ee-571e11e7e92b","height":21,"min_height":0},"geometry":{"type":"Polygon","coordinates":[[[-74.00566577911377,40.74342444106205],[-74.00568723678589,40.74340005527495],[-74.00563895702362,40.74337973377888],[-74.00562286376953,40.74340411957343],[-74.00566577911377,40.74342444106205]]]}},{"type":"Feature","properties":{"id":"66363565-3537-3333-A662-373537666536","building_id":"4d319717-2281-478b-bcc8-42831e155423","height":21,"min_height":0},"geometry":{"type":"Polygon","coordinates":[[[-74.00465726852417,40.74300175282005],[-74.00467872619629,40.742977366877966],[-74.00463581085205,40.74295704525275],[-74.00461435317993,40.74298549552634],[-74.00465726852417,40.74300175282005]]]}},{"type":"Feature","properties":{"id":"31646639-6536-3237-A337-636438303139","building_id":"3d6a0236-a758-452b-91a9-66c115244e13","height":15,"min_height":0},"geometry":{"type":"Polygon","coordinates":[[[-74.00372385978699,40.7437495840357],[-74.00393307209015,40.74383899807478],[-74.00392234325409,40.74385525515987],[-74.0040671825409,40.74391621919361],[-74.00415301322937,40.74380241961876],[-74.00400817394257,40.743741455480716],[-74.00399208068848,40.743757712589655],[-74.00378823280334,40.743668298441264],[-74.0037989616394,40.7436520413105],[-74.00364875793457,40.743587012747554],[-74.0035629272461,40.743704876971066],[-74.00371313095093,40.74376584114262],[-74.00372385978699,40.7437495840357]]]}},{"type":"Feature","properties":{"id":"35653166-6232-3035-B730-393064613265","building_id":"6ca85b66-d0cf-4550-a2ee-571e11e7e92b","height":19,"min_height":0},"geometry":{"type":"Polygon","coordinates":[[[-74.00534391403198,40.743326897860044],[-74.00555312633514,40.74341631246733],[-74.00554239749908,40.743432569655766],[-74.00568723678589,40.74349353407695],[-74.00577306747437,40.74337566947892],[-74.00562822818756,40.74331470494971],[-74.0056174993515,40.743330962162986],[-74.00540828704834,40.7432415474409],[-74.0054190158844,40.74322529020577],[-74.00526881217957,40.74316432553874],[-74.00518298149109,40.743278126205354],[-74.00533318519592,40.743343155070306],[-74.00534391403198,40.743326897860044]]]}},{"type":"Feature","properties":{"id":"34366631-3131-3332-B839-636630633331","building_id":"51b23753-d363-4411-b658-ad8d554c151e","height":29,"min_height":26},"geometry":{"type":"Polygon","coordinates":[[[-74.00720536708832,40.742717249606216],[-74.00717318058014,40.74276602167214],[-74.00724828243256,40.7427985363629],[-74.00728583335876,40.74274976432079],[-74.00720536708832,40.742717249606216]]]}},{"type":"Feature","properties":{"id":"62373637-6231-3137-B238-303732636637","building_id":"23e5591d-15b7-4ae5-8b4a-b9f59e05e9de","height":71.8,"min_height":0},"geometry":{"type":"Polygon","coordinates":[[[-74.00538146495819,40.74300175282005],[-74.00517761707306,40.742920466311716],[-74.00509715080261,40.74303020307451],[-74.00530099868774,40.74311148944875],[-74.00532245635986,40.74308303922908],[-74.00535464286804,40.74303426739556],[-74.00536000728607,40.74303426739556],[-74.00538146495819,40.74300175282005]]]}},{"type":"Feature","properties":{"id":"61303164-3038-3531-A638-626635653731","building_id":"116122d9-d6bb-4308-8297-30afc4486dea","height":8.5,"min_height":0},"geometry":{"type":"Polygon","coordinates":[[[-74.00679230690002,40.746923708811465],[-74.00689959526062,40.74677740165299],[-74.00673866271973,40.746708312049606],[-74.00663137435913,40.74685461936008],[-74.00679230690002,40.746923708811465]]]}},{"type":"Feature","properties":{"id":"37316234-3531-3536-B731-396133363766","building_id":"273ebdbb-c1e2-43fd-aac0-a1dac499de79","height":35,"min_height":0},"geometry":{"type":"Polygon","coordinates":[[[-74.00659918785095,40.74359107703461],[-74.00665283203125,40.7436113984661],[-74.006786942482,40.74342444106205],[-74.0067332983017,40.74340411957343],[-74.00659918785095,40.74359107703461]]]}},{"type":"Feature","properties":{"id":"63306661-6136-3031-B864-303664356462","building_id":"4b49e375-3070-4b51-8f9a-912ee539fd6b","height":20.5,"min_height":0},"geometry":{"type":"Polygon","coordinates":[[[-74.0086430311203,40.745330569089305],[-74.00865375995636,40.74527773472022],[-74.00864839553833,40.74527773472022],[-74.00863766670227,40.745330569089305],[-74.0086430311203,40.745330569089305]]]}},{"type":"Feature","properties":{"id":"32636263-3735-3834-B934-626336306532","building_id":"6aa1b616-9529-4173-81ec-0c771e4840da","height":21,"min_height":0},"geometry":{"type":"Polygon","coordinates":[[[-74.00510787963867,40.74349353407695],[-74.00508642196655,40.74351791982977],[-74.00512933731079,40.74353824128363],[-74.00515079498291,40.74350979124651],[-74.00510787963867,40.74349353407695]]]}},{"type":"Feature","properties":{"id":"36343763-3036-3635-A136-366563376366","building_id":"7e21060f-d4ae-4bc1-89f7-766cd0f965e8","height":68,"min_height":0},"geometry":{"type":"Polygon","coordinates":[[[-74.00426030158997,40.741489807504195],[-74.004265666008,40.74148167867307],[-74.00419056415558,40.74144916333856],[-74.00417983531952,40.74146135659086],[-74.00414764881134,40.74144916333856],[-74.00411546230316,40.74144916333856],[-74.00409400463104,40.74147761425712],[-74.00407791137695,40.74147354984092],[-74.0040671825409,40.74148574308876],[-74.00414228439331,40.74151825840539],[-74.00415301322937,40.74150200074905],[-74.00422811508179,40.741534516057726],[-74.00426030158997,40.741489807504195]]]}},{"type":"Feature","properties":{"id":"38663165-6532-3230-A337-383333613735","building_id":"02c6d05a-83f0-479c-b321-6a9ee9a05329","height":25,"min_height":0},"geometry":{"type":"Polygon","coordinates":[[[-74.00845527648926,40.746362862955976],[-74.00844991207123,40.746362862955976],[-74.00841236114502,40.74657826083674],[-74.00841772556305,40.74657826083674],[-74.00845527648926,40.746362862955976]]]}},{"type":"Feature","properties":{"id":"31396332-6334-3161-B234-386638303339","building_id":"7e21060f-d4ae-4bc1-89f7-766cd0f965e8","height":68,"min_height":0},"geometry":{"type":"Polygon","coordinates":[[[-74.00414228439331,40.74206695197617],[-74.00421738624573,40.74209946700867],[-74.00422811508179,40.742087273873324],[-74.00425493717194,40.74209946700867],[-74.00429248809814,40.74209946700867],[-74.00431394577026,40.74207101635608],[-74.00433003902435,40.74207914511521],[-74.00436758995056,40.74202630816316],[-74.00429248809814,40.741993793094906],[-74.00425493717194,40.742046630072764],[-74.00417983531952,40.74201411501443],[-74.00414228439331,40.74206695197617]]]}},{"type":"Feature","properties":{"id":"63663339-3164-3564-B437-643539353037","building_id":"4a882ec3-a00a-4fec-9770-c98f16a0ea56","height":78,"min_height":75.7},"geometry":{"type":"Polygon","coordinates":[[[-74.00756478309631,40.74610275892482],[-74.00745213031769,40.74605398930572],[-74.00741457939148,40.74610682305811],[-74.0075272321701,40.746151528508136],[-74.00756478309631,40.74610275892482]]]}},{"type":"Feature","properties":{"id":"35326332-6534-3562-B230-363363363064","building_id":"3d6a0236-a758-452b-91a9-66c115244e13","height":22,"min_height":0},"geometry":{"type":"Polygon","coordinates":[[[-74.00398671627045,40.74384712661782],[-74.00403499603271,40.743786162520735],[-74.00399208068848,40.74376584114262],[-74.00394380092621,40.74382680525832],[-74.00398671627045,40.74384712661782]]]}},{"type":"Feature","properties":{"id":"33633637-6135-3934-A338-646434323431","building_id":"84b1c968-6d2a-4326-840a-3a31813fc3d5","height":22,"min_height":0},"geometry":{"type":"Polygon","coordinates":[[[-74.00458216667175,40.7424896461589],[-74.00453925132751,40.742550611444386],[-74.00458216667175,40.74256686884439],[-74.00462508201599,40.74250590357383],[-74.00458216667175,40.7424896461589]]]}},{"type":"Feature","properties":{"id":"66363335-3661-3634-B966-366265373764","building_id":"7e21060f-d4ae-4bc1-89f7-766cd0f965e8","height":71,"min_height":0},"geometry":{"type":"Polygon","coordinates":[[[-74.00414764881134,40.74205882321553],[-74.00391697883606,40.74196127801076],[-74.00390625,40.74197347116919],[-74.00414228439331,40.74206695197617],[-74.00414764881134,40.74205882321553]]]}},{"type":"Feature","properties":{"id":"31373866-3434-3462-A532-346466303961","building_id":"7e21060f-d4ae-4bc1-89f7-766cd0f965e8","height":68,"min_height":0},"geometry":{"type":"Polygon","coordinates":[[[-74.00391697883606,40.74196127801076],[-74.00394916534424,40.74191656974406],[-74.00387406349182,40.74188811901328],[-74.00388479232788,40.74187186144732],[-74.00380969047546,40.74184341069741],[-74.0037989616394,40.74185560387747],[-74.0038150548935,40.74186373266289],[-74.00379359722137,40.74189218340413],[-74.00380969047546,40.74191250535472],[-74.00384187698364,40.74192469852204],[-74.00383114814758,40.74194095607507],[-74.00390625,40.74197347116919],[-74.00391697883606,40.74196127801076]]]}},{"type":"Feature","properties":{"id":"64623632-3266-3762-B763-626337343534","building_id":"51b23753-d363-4411-b658-ad8d554c151e","height":28,"min_height":0},"geometry":{"type":"Polygon","coordinates":[[[-74.00552093982697,40.74230674996721],[-74.00520980358124,40.74217262577366],[-74.00501132011414,40.742440873890274],[-74.0053278207779,40.74257499754293],[-74.00552093982697,40.74230674996721]]]}},{"type":"Feature","properties":{"id":"38306431-3639-3037-B962-326164623061","building_id":"be282fe3-9ad6-4f3c-a7df-efa7dddbf301","height":71.8,"min_height":0},"geometry":{"type":"Polygon","coordinates":[[[-74.00467872619629,40.74360326989424],[-74.00459289550781,40.743566691308615],[-74.00458753108978,40.74357481988494],[-74.00467336177826,40.7436113984661],[-74.00467872619629,40.74360326989424]]]}},{"type":"Feature","properties":{"id":"39626439-6662-3637-A438-656262353361","building_id":"d161d218-0f3c-4562-a4ae-8aee90495e6d","height":22,"min_height":0},"geometry":{"type":"Polygon","coordinates":[[[-74.00387942790985,40.74335941227659],[-74.0039598941803,40.74339599097624],[-74.00398135185242,40.74336347657754],[-74.00390088558197,40.743326897860044],[-74.00387942790985,40.74335941227659]]]}},{"type":"Feature","properties":{"id":"63613565-3866-3731-B436-313331633064","building_id":"51b23753-d363-4411-b658-ad8d554c151e","height":8,"min_height":0},"geometry":{"type":"Polygon","coordinates":[[[-74.00672793388367,40.74291640198368],[-74.00679767131805,40.74282698670427],[-74.00672793388367,40.7427985363629],[-74.00675475597382,40.74276195733469],[-74.00603592395782,40.742465260029064],[-74.0059769153595,40.74254248274286],[-74.00666356086731,40.7428310510378],[-74.00663137435913,40.74287575868976],[-74.00672793388367,40.74291640198368]]]}},{"type":"Feature","properties":{"id":"30303338-3035-3063-B131-383431323833","building_id":"be183e1e-cce5-4552-a042-ecdfd42c9a74","height":5.5,"min_height":0},"geometry":{"type":"Polygon","coordinates":[[[-74.00669038295746,40.74504201163907],[-74.00669574737549,40.74503388324206],[-74.00668501853943,40.74502981904317],[-74.0066796541214,40.74503794744069],[-74.00669038295746,40.74504201163907]]]}},{"type":"Feature","properties":{"id":"37623235-3533-3531-A562-306630323234","building_id":"046c286d-9d15-4aec-a794-28500f3e536c","height":33,"min_height":28.8},"geometry":{"type":"Polygon","coordinates":[[[-74.00534927845001,40.745493136115584],[-74.0053653717041,40.74547687943084],[-74.00536000728607,40.74546468691466],[-74.00533854961395,40.74546062274209],[-74.00532245635986,40.745468751086946],[-74.00532245635986,40.74548500777371],[-74.00534927845001,40.745493136115584]]]}},{"type":"Feature","properties":{"id":"33303630-6434-3366-B034-646330343561","building_id":"273ebdbb-c1e2-43fd-aac0-a1dac499de79","height":33,"min_height":0},"geometry":{"type":"Polygon","coordinates":[[[-74.00604128837585,40.74342444106205],[-74.00588572025299,40.74335941227659],[-74.00578916072845,40.743497598369714],[-74.00593936443329,40.743558562731266],[-74.00604128837585,40.74342444106205]]]}},{"type":"Feature","properties":{"id":"66636437-6634-3365-B439-383633316336","building_id":"3d6a0236-a758-452b-91a9-66c115244e13","height":22,"min_height":0},"geometry":{"type":"Polygon","coordinates":[[[-74.00372922420502,40.74366016987639],[-74.00368630886078,40.74372113408896],[-74.00372922420502,40.74373739120287],[-74.00377213954926,40.7436764270052],[-74.00372922420502,40.74366016987639]]]}},{"type":"Feature","properties":{"id":"32656639-6430-3839-B936-383838303834","building_id":"02c6d05a-83f0-479c-b321-6a9ee9a05329","height":24.7,"min_height":0},"geometry":{"type":"Polygon","coordinates":[[[-74.00868594646454,40.74660670956126],[-74.00872349739075,40.74639131177267],[-74.00845527648926,40.746362862955976],[-74.00841772556305,40.74657826083674],[-74.00868594646454,40.74660670956126]]]}},{"type":"Feature","properties":{"id":"38663133-6330-3339-A635-323338343438","building_id":"273ebdbb-c1e2-43fd-aac0-a1dac499de79","height":35,"min_height":30},"geometry":{"type":"Polygon","coordinates":[[[-74.00661528110504,40.74342850535905],[-74.00666356086731,40.74336754087824],[-74.0065723657608,40.743326897860044],[-74.00652408599854,40.74338786237806],[-74.00661528110504,40.74342850535905]]]}},{"type":"Feature","properties":{"id":"66373964-6635-3331-B137-303731656361","building_id":"046c286d-9d15-4aec-a794-28500f3e536c","height":24.5,"min_height":21},"geometry":{"type":"Polygon","coordinates":[[[-74.00545656681061,40.74546062274209],[-74.00539755821228,40.745545970313515],[-74.00530099868774,40.74550532862651],[-74.00526344776154,40.745550034480885],[-74.00540828704834,40.74561099696109],[-74.00553703308105,40.74543217352729],[-74.00541365146637,40.74537933923892],[-74.00537610054016,40.74542810935276],[-74.00545656681061,40.74546062274209]]]}},{"type":"Feature","properties":{"id":"30353131-6463-3139-B939-303136663163","building_id":"51b23753-d363-4411-b658-ad8d554c151e","height":23,"min_height":0},"geometry":{"type":"Polygon","coordinates":[[[-74.00616466999054,40.74228236377033],[-74.00603592395782,40.742465260029064],[-74.00675475597382,40.74276195733469],[-74.00688350200653,40.74258312624045],[-74.00616466999054,40.74228236377033]]]}},{"type":"Feature","properties":{"id":"66623661-6630-3463-A665-636539326466","building_id":"94e0862f-d2b1-4675-b8cc-9dac14747f5f","height":37.2,"min_height":0},"geometry":{"type":"Polygon","coordinates":[[[-74.00722146034241,40.74562318945047],[-74.00730192661285,40.74550939279632],[-74.0069854259491,40.74537933923892],[-74.00690495967865,40.745489071944746],[-74.00722146034241,40.74562318945047]]]}},{"type":"Feature","properties":{"id":"38393163-3137-3838-A333-346432346637","building_id":"273ebdbb-c1e2-43fd-aac0-a1dac499de79","height":74,"min_height":0},"geometry":{"type":"Polygon","coordinates":[[[-74.006427526474,40.74373332692474],[-74.00595545768738,40.74353824128363],[-74.00593936443329,40.743558562731266],[-74.00641143321991,40.743757712589655],[-74.006427526474,40.74373332692474]]]}},{"type":"Feature","properties":{"id":"65616430-3737-3133-B933-633261643437","building_id":"3d6a0236-a758-452b-91a9-66c115244e13","height":21,"min_height":0},"geometry":{"type":"Polygon","coordinates":[[[-74.00367558002472,40.74365610559357],[-74.00365948677063,40.74368455556811],[-74.00370240211487,40.743700812690975],[-74.00371849536896,40.7436764270052],[-74.00367558002472,40.74365610559357]]]}},{"type":"Feature","properties":{"id":"63353061-3764-3334-B438-373564623263","building_id":"bb6e71fe-bd60-46c0-85e4-0d0d8999f086","height":5.5,"min_height":0},"geometry":{"type":"Polygon","coordinates":[[[-74.00760233402252,40.742684734875695],[-74.00760769844055,40.74267660619057],[-74.00759696960449,40.74267254184767],[-74.00759160518646,40.742680670533275],[-74.00760233402252,40.742684734875695]]]}},{"type":"Feature","properties":{"id":"32363338-3164-3165-A332-323332353432","building_id":"4a882ec3-a00a-4fec-9770-c98f16a0ea56","height":75.7,"min_height":0},"geometry":{"type":"Polygon","coordinates":[[[-74.00777399539948,40.74637911942415],[-74.00776326656342,40.746358798838315],[-74.0077954530716,40.74618810567216],[-74.00778472423553,40.74617184915732],[-74.00774717330933,40.74613527198434],[-74.00746822357178,40.746017412067914],[-74.00745749473572,40.74600521965087],[-74.00739312171936,40.74609463065747],[-74.00757551193237,40.74617184915732],[-74.00770425796509,40.7463059652861],[-74.00768280029297,40.74634254236517],[-74.00777399539948,40.74637911942415]]]}},{"type":"Feature","properties":{"id":"33666437-3865-3166-A163-336334393836","building_id":"d161d218-0f3c-4562-a4ae-8aee90495e6d","height":21,"min_height":0},"geometry":{"type":"Polygon","coordinates":[[[-74.00387942790985,40.74340411957343],[-74.00391161441803,40.74341631246733],[-74.00393843650818,40.74338379807861],[-74.00390088558197,40.74337160517874],[-74.00387942790985,40.74340411957343]]]}},{"type":"Feature","properties":{"id":"39666265-3937-3237-A665-363639343361","building_id":"8cd993e0-995a-41b8-8886-58185d35ca16","height":27,"min_height":0},"geometry":{"type":"Polygon","coordinates":[[[-74.00358438491821,40.74225391319598],[-74.0037077665329,40.74207914511521],[-74.0035629272461,40.742018179397604],[-74.0035629272461,40.74224578445822],[-74.00358438491821,40.74225391319598]]]}},{"type":"Feature","properties":{"id":"66333265-6666-3438-B334-633134346432","building_id":"7e21060f-d4ae-4bc1-89f7-766cd0f965e8","height":68,"min_height":0},"geometry":{"type":"Polygon","coordinates":[[[-74.0035629272461,40.74166864153801],[-74.0035629272461,40.74174180077691],[-74.00358974933624,40.74175399397558],[-74.0036004781723,40.74173773637685],[-74.0038150548935,40.74182715312057],[-74.00377213954926,40.741758058374614],[-74.0035629272461,40.74166864153801]]]}},{"type":"Feature","properties":{"id":"62343563-3761-3162-A362-636436323031","building_id":"4b49e375-3070-4b51-8f9a-912ee539fd6b","height":17.5,"min_height":0},"geometry":{"type":"Polygon","coordinates":[[[-74.00852501392365,40.74595644996023],[-74.00859475135803,40.7456069327975],[-74.00858938694,40.7456069327975],[-74.00852501392365,40.74595644996023]]]}},{"type":"Feature","properties":{"id":"38326464-3165-3063-A266-656465633333","building_id":"1ea1c1f3-2de4-40d7-ab55-66d448010c9a","height":16,"min_height":0},"geometry":{"type":"Polygon","coordinates":[[[-74.00514543056488,40.746651414675284],[-74.00520443916321,40.74657013262748],[-74.00519907474518,40.74657013262748],[-74.00514006614685,40.746647350575216],[-74.00514543056488,40.746651414675284]]]}},{"type":"Feature","properties":{"id":"38663733-3235-3962-A562-353439353566","building_id":"be183e1e-cce5-4552-a042-ecdfd42c9a74","height":5.5,"min_height":0},"geometry":{"type":"Polygon","coordinates":[[[-74.00657773017883,40.745204579370665],[-74.00658309459686,40.74519645099352],[-74.0065723657608,40.745192386804575],[-74.00656700134277,40.745200515182205],[-74.00657773017883,40.745204579370665]]]}},{"type":"Feature","properties":{"id":"62623538-3034-3539-B337-623035323935","building_id":"4e2f55a8-eedf-4cf9-93b8-828c3009f63b","height":21.5,"min_height":19.4},"geometry":{"type":"Polygon","coordinates":[[[-74.0066796541214,40.745915808524074],[-74.00661528110504,40.74589142365045],[-74.00659918785095,40.74590768023387],[-74.00666356086731,40.74593612924525],[-74.0066796541214,40.745915808524074]]]}},{"type":"Feature","properties":{"id":"38303339-3738-3838-B437-303234303262","building_id":"d161d218-0f3c-4562-a4ae-8aee90495e6d","height":21,"min_height":0},"geometry":{"type":"Polygon","coordinates":[[[-74.00412619113922,40.743123682396316],[-74.00409400463104,40.74310742513239],[-74.00407254695892,40.74313993965626],[-74.0041047334671,40.743156196912224],[-74.00412619113922,40.743123682396316]]]}},{"type":"Feature","properties":{"id":"62393365-6366-3635-B161-623138373034","building_id":"7e21060f-d4ae-4bc1-89f7-766cd0f965e8","height":71,"min_height":0},"geometry":{"type":"Polygon","coordinates":[[[-74.004265666008,40.74148167867307],[-74.00426030158997,40.741489807504195],[-74.00449097156525,40.74158735340043],[-74.00449633598328,40.74157922458119],[-74.004265666008,40.74148167867307]]]}},{"type":"Feature","properties":{"id":"33313635-3261-3462-B833-653135323364","building_id":"bb6e71fe-bd60-46c0-85e4-0d0d8999f086","height":5.5,"min_height":0},"geometry":{"type":"Polygon","coordinates":[[[-74.00747358798981,40.74263189840474],[-74.00747895240784,40.74261970536702],[-74.00746822357178,40.74261564102062],[-74.00746285915375,40.74262376971316],[-74.00747358798981,40.74263189840474]]]}},{"type":"Feature","properties":{"id":"32633939-3831-3334-A238-633738383933","building_id":"81b67924-0ddf-4b17-a83f-5cc93c4dbe1f","height":62.4,"min_height":20},"geometry":{"type":"Polygon","coordinates":[[[-74.0079402923584,40.741819024330624],[-74.008047580719,40.74166457713349],[-74.0077257156372,40.74153045164502],[-74.00761306285858,40.74168083475007],[-74.0079402923584,40.741819024330624]]]}},{"type":"Feature","properties":{"id":"61626239-3831-3835-A234-333661653439","building_id":"273ebdbb-c1e2-43fd-aac0-a1dac499de79","height":38,"min_height":35},"geometry":{"type":"Polygon","coordinates":[[[-74.00666356086731,40.743745519758306],[-74.00675475597382,40.743647977027166],[-74.0067708492279,40.74359107703461],[-74.00674939155579,40.743578884172706],[-74.00676012039185,40.743558562731266],[-74.00670111179352,40.74353824128363],[-74.00657773017883,40.74371300553051],[-74.00666356086731,40.743745519758306]]]}},{"type":"Feature","properties":{"id":"32393465-6566-3133-B437-323166326534","building_id":"4a882ec3-a00a-4fec-9770-c98f16a0ea56","height":10,"min_height":0},"geometry":{"type":"Polygon","coordinates":[[[-74.00760769844055,40.74631002940697],[-74.00765061378479,40.746249067567504],[-74.00757551193237,40.74617184915732],[-74.00739312171936,40.74609463065747],[-74.00732338428497,40.74618810567216],[-74.00760769844055,40.74631002940697]]]}},{"type":"Feature","properties":{"id":"64346534-3235-3239-B532-656661383732","building_id":"6ca85b66-d0cf-4550-a2ee-571e11e7e92b","height":21,"min_height":0},"geometry":{"type":"Polygon","coordinates":[[[-74.00529563426971,40.74323341882382],[-74.00527954101562,40.743261868979204],[-74.00532245635986,40.743278126205354],[-74.00533854961395,40.743253740364594],[-74.00529563426971,40.74323341882382]]]}},{"type":"Feature","properties":{"id":"63383637-3134-3435-B934-643736343531","building_id":"23e5591d-15b7-4ae5-8b4a-b9f59e05e9de","height":77,"min_height":0},"geometry":{"type":"Polygon","coordinates":[[[-74.00512397289276,40.74300581714286],[-74.005166888237,40.74294891660094],[-74.0050595998764,40.74290420899811],[-74.00501668453217,40.74296110957829],[-74.00512397289276,40.74300581714286]]]}},{"type":"Feature","properties":{"id":"38343837-3436-3234-B436-643066323063","building_id":"02c6d05a-83f0-479c-b321-6a9ee9a05329","height":17.5,"min_height":0},"geometry":{"type":"Polygon","coordinates":[[[-74.00846600532532,40.7463059652861],[-74.00852501392365,40.74595644996023],[-74.00846064090729,40.7463059652861],[-74.00846600532532,40.7463059652861]]]}},{"type":"Feature","properties":{"id":"34623137-3966-3639-A561-346238633662","building_id":"7e21060f-d4ae-4bc1-89f7-766cd0f965e8","height":74,"min_height":0},"geometry":{"type":"Polygon","coordinates":[[[-74.00391697883606,40.74196127801076],[-74.00414764881134,40.74205882321553],[-74.00417983531952,40.74201411501443],[-74.00425493717194,40.742046630072764],[-74.00429248809814,40.741993793094906],[-74.00435149669647,40.742018179397604],[-74.00454998016357,40.74174180077691],[-74.00449097156525,40.74171334997132],[-74.00453388690948,40.74166051272874],[-74.00445878505707,40.74162799748166],[-74.00449097156525,40.74158735340043],[-74.00426030158997,40.741489807504195],[-74.00422811508179,40.741534516057726],[-74.00415301322937,40.74150200074905],[-74.00414228439331,40.74151825840539],[-74.0040671825409,40.74148574308876],[-74.00405645370483,40.74150200074905],[-74.00395452976227,40.741510129577705],[-74.00377213954926,40.741758058374614],[-74.0038150548935,40.74182715312057],[-74.00380969047546,40.74184341069741],[-74.00388479232788,40.74187186144732],[-74.00387406349182,40.74188811901328],[-74.00394916534424,40.74191656974406],[-74.00391697883606,40.74196127801076]]]}},{"type":"Feature","properties":{"id":"33343434-3735-3166-B038-323938376335","building_id":"84b1c968-6d2a-4326-840a-3a31813fc3d5","height":19,"min_height":0},"geometry":{"type":"Polygon","coordinates":[[[-74.00457680225372,40.74257499754293],[-74.00479137897491,40.742664413161066],[-74.00477528572083,40.742684734875695],[-74.00492012500763,40.742741635643625],[-74.00500059127808,40.74263189840474],[-74.0048611164093,40.742570933193775],[-74.00484502315521,40.74258719058881],[-74.00463044643402,40.74249777486685],[-74.00464653968811,40.74248151744993],[-74.0045017004013,40.74242055210115],[-74.00442123413086,40.74253435404037],[-74.00456070899963,40.74259125493697],[-74.00457680225372,40.74257499754293]]]}},{"type":"Feature","properties":{"id":"66636666-3138-3662-B939-393337626436","building_id":"5a037889-0f90-4982-ac3b-7fe7ca2277cb","height":71.8,"min_height":0},"geometry":{"type":"Polygon","coordinates":[[[-74.00417983531952,40.744143817759124],[-74.00426030158997,40.74403408283371],[-74.00405645370483,40.74394873332207],[-74.00403499603271,40.74397718317147],[-74.00402963161469,40.743973118908],[-74.00403499603271,40.743981247434675],[-74.00400280952454,40.744025954313486],[-74.00399208068848,40.744025954313486],[-74.0039974451065,40.74403001857371],[-74.00397598743439,40.74405846838832],[-74.00417983531952,40.744143817759124]]]}},{"type":"Feature","properties":{"id":"31363338-3039-3034-A630-623537623933","building_id":"1c499615-c809-4606-a6e8-bddd5a206230","height":25,"min_height":19.6},"geometry":{"type":"Polygon","coordinates":[[[-74.0076345205307,40.746956221469645],[-74.00765061378479,40.74693590106014],[-74.00766134262085,40.746870875708055],[-74.00762915611267,40.74685868344744],[-74.0076345205307,40.74683023483067],[-74.00748431682587,40.74676927346809],[-74.00750041007996,40.746748953001486],[-74.00745213031769,40.74672863252863],[-74.00739312171936,40.74680991438268],[-74.00740921497345,40.7468139784728],[-74.00737166404724,40.74686274753455],[-74.00735557079315,40.74685868344744],[-74.00730729103088,40.746923708811465],[-74.00741457939148,40.746964349631696],[-74.00746822357178,40.74688713205205],[-74.0076345205307,40.746956221469645]]]}},{"type":"Feature","properties":{"id":"38613432-3261-3163-A563-383436353238","building_id":"be183e1e-cce5-4552-a042-ecdfd42c9a74","height":5.5,"min_height":0},"geometry":{"type":"Polygon","coordinates":[[[-74.00665283203125,40.745237092869274],[-74.00666356086731,40.745228964496135],[-74.00665283203125,40.74522083612197],[-74.00664210319519,40.74523302868283],[-74.00665283203125,40.745237092869274]]]}},{"type":"Feature","properties":{"id":"37343861-3863-3530-A439-643037653233","building_id":"5a037889-0f90-4982-ac3b-7fe7ca2277cb","height":71.8,"min_height":0},"geometry":{"type":"Polygon","coordinates":[[[-74.0043032169342,40.7441316249986],[-74.0042120218277,40.74409098244726],[-74.00418519973755,40.744135689252346],[-74.00427103042603,40.74417226752507],[-74.0043032169342,40.7441316249986]]]}},{"type":"Feature","properties":{"id":"63366538-3736-3634-A163-393335396363","building_id":"4e2f55a8-eedf-4cf9-93b8-828c3009f63b","height":22,"min_height":19.4},"geometry":{"type":"Polygon","coordinates":[[[-74.00700151920319,40.746346606483826],[-74.00706052780151,40.7462612599399],[-74.00701224803925,40.74624093931806],[-74.00695323944092,40.74632222176817],[-74.00700151920319,40.746346606483826]]]}},{"type":"Feature","properties":{"id":"39376330-3861-3038-B630-626366396633","building_id":"25d032d0-78c4-407a-9a97-0d5533855e3d","height":60,"min_height":57},"geometry":{"type":"Polygon","coordinates":[[[-74.0014922618866,40.7471675533603],[-74.00133669376373,40.747102528234706],[-74.00134205818176,40.74709033601661],[-74.00131523609161,40.747078143796216],[-74.00132596492767,40.74706595157363],[-74.00130987167358,40.747061887498916],[-74.00133669376373,40.74702124673831],[-74.00128304958344,40.74699686227001],[-74.00122940540314,40.74699686227001],[-74.00119721889496,40.74703750304553],[-74.00118112564087,40.747029374892435],[-74.00112211704254,40.74711065637888],[-74.00113821029663,40.74711878452206],[-74.00112748146057,40.747139104875714],[-74.00121867656708,40.74717568149654],[-74.00120794773102,40.74718787369903],[-74.00133669376373,40.74724477061437],[-74.00134742259979,40.74722851435783],[-74.00142788887024,40.747261026866965],[-74.0014922618866,40.7471675533603]]]}},{"type":"Feature","properties":{"id":"63616364-3033-3535-B137-633235623232","building_id":"6e80fcb1-8e5d-4103-ba55-f3608b668816","height":37.6,"min_height":0},"geometry":{"type":"Polygon","coordinates":[[[-74.00139033794403,40.74971161149142],[-74.00147080421448,40.74960594967243],[-74.00142252445221,40.74958969399307],[-74.00141716003418,40.74956531046658],[-74.00144398212433,40.74953279908402],[-74.00130450725555,40.749475904126285],[-74.0012776851654,40.74950841553667],[-74.00125086307526,40.74951654338679],[-74.00120794773102,40.74949622375962],[-74.0011328458786,40.74960188575298],[-74.00117039680481,40.74961814142935],[-74.00118112564087,40.74964252493646],[-74.00115966796875,40.74967503626539],[-74.0012937784195,40.749731931052736],[-74.00132060050964,40.749699419751664],[-74.00134742259979,40.74969129192388],[-74.00139033794403,40.74971161149142]]]}},{"type":"Feature","properties":{"id":"35643664-6232-3462-B635-376530663433","building_id":"d770374b-1c40-410e-aecc-0658c6e22aaa","height":51.5,"min_height":47},"geometry":{"type":"Polygon","coordinates":[[[-74.00302648544312,40.74750487017897],[-74.00303184986115,40.74749674208297],[-74.0030425786972,40.74750487017897],[-74.0030962228775,40.74742358917433],[-74.00306940078735,40.74741139701504],[-74.00305330753326,40.747431717279255],[-74.00302112102509,40.74741952512147],[-74.00302648544312,40.747415461068385],[-74.00291919708252,40.74737075646803],[-74.00291919708252,40.747374820523845],[-74.00289237499237,40.74736262835563],[-74.00290310382843,40.74734230807033],[-74.00287628173828,40.74733011589615],[-74.00284945964813,40.74736262835563],[-74.00282800197601,40.7473504361852],[-74.00282263755798,40.74736262835563],[-74.00281190872192,40.74735450024224],[-74.00278508663177,40.747391076744634],[-74.00279581546783,40.74739514079923],[-74.0027904510498,40.74740326890762],[-74.00286018848419,40.74743984538321],[-74.00285482406616,40.747447973486146],[-74.00297284126282,40.74749674208297],[-74.00297820568085,40.747492678034604],[-74.00302112102509,40.7475089342266],[-74.00302648544312,40.74750487017897]]]}},{"type":"Feature","properties":{"id":"66343531-3364-3566-A133-333563663164","building_id":"4ad3452c-e4fd-468b-a255-6b62ca7f77d7","height":48.4,"min_height":40},"geometry":{"type":"Polygon","coordinates":[[[-74.00338590145111,40.749528735160084],[-74.003546833992,40.749309282898594],[-74.00346100330353,40.74927270745124],[-74.00339126586914,40.74937024193278],[-74.0033107995987,40.74933773045481],[-74.00321960449219,40.749459648415126],[-74.00338590145111,40.749528735160084]]]}},{"type":"Feature","properties":{"id":"33336239-6361-3666-B739-316137323064","building_id":"f0008e74-ae8e-4f3f-8243-790bb1aea936","height":47,"min_height":0},"geometry":{"type":"Polygon","coordinates":[[[-74.0025007724762,40.747549574689174],[-74.00225937366486,40.74745203753724],[-74.00217890739441,40.74756176682311],[-74.00226473808289,40.74759834321151],[-74.00227546691895,40.74761053533652],[-74.00252759456635,40.74770807225596],[-74.00260269641876,40.74759834321151],[-74.0025007724762,40.747549574689174]]]}},{"type":"Feature","properties":{"id":"62626565-3064-3463-A564-653234326436","building_id":"777b00f2-db2a-4530-b2ec-a2897518fd28","height":31.2,"min_height":27},"geometry":{"type":"Polygon","coordinates":[[[-73.99670720100403,40.752405931147194],[-73.99672329425812,40.75238561240303],[-73.99668574333191,40.75237342115352],[-73.99667501449585,40.75238967615235],[-73.99670720100403,40.752405931147194]]]}},{"type":"Feature","properties":{"id":"36376663-3265-3231-B038-386232363665","building_id":"94a63fb5-57e5-40cf-b9a8-e5f6a9a1dbcf","height":51.5,"min_height":47},"geometry":{"type":"Polygon","coordinates":[[[-74.00163173675537,40.747216322162785],[-74.00162637233734,40.74722038622804],[-74.00161564350128,40.747216322162785],[-74.00156199932098,40.747297603420776],[-74.00159418582916,40.7473097956009],[-74.00161027908325,40.74728947529945],[-74.00173902511597,40.7473504361852],[-74.001744389534,40.74734637212788],[-74.00177121162415,40.74735450024224],[-74.00175511837006,40.747378884579405],[-74.00178730487823,40.747391076744634],[-74.00181412696838,40.74735856429908],[-74.0018355846405,40.74736669241196],[-74.00184094905853,40.74735856429908],[-74.00185167789459,40.74736262835563],[-74.00187849998474,40.747326051837604],[-74.00186777114868,40.747321987778804],[-74.00187313556671,40.74731385966044],[-74.00180339813232,40.74727728311561],[-74.00180339813232,40.747273219053824],[-74.00168538093567,40.74722038622804],[-74.00168001651764,40.74722851435783],[-74.0016371011734,40.74721225809728],[-74.00163173675537,40.747216322162785]]]}},{"type":"Feature","properties":{"id":"61663039-6562-3662-B533-333664666637","building_id":"8f00e870-b888-476c-9d5d-a406c2623956","height":23,"min_height":0},"geometry":{"type":"Polygon","coordinates":[[[-74.0011328458786,40.75121930607929],[-74.00132060050964,40.75130058244443],[-74.00165855884552,40.75083324198812],[-73.99914264678955,40.74977257015678],[-73.99880468845367,40.75023991806788],[-74.0011328458786,40.75121930607929]]]}},{"type":"Feature","properties":{"id":"39353337-3830-3266-B931-356431623132","building_id":"777b00f2-db2a-4530-b2ec-a2897518fd28","height":30,"min_height":0},"geometry":{"type":"Polygon","coordinates":[[[-73.99463653564453,40.75153221954008],[-73.99467408657074,40.75147939009807],[-73.99460434913635,40.75145094345805],[-73.99456679821014,40.75150377292266],[-73.99463653564453,40.75153221954008]]]}},{"type":"Feature","properties":{"id":"37373333-3038-3236-A431-646637386234","building_id":"2e7113ea-6ffd-410e-b8fc-03518996cff2","height":40,"min_height":0},"geometry":{"type":"Polygon","coordinates":[[[-74.00213599205017,40.75076415659851],[-74.00232374668121,40.750841369676266],[-74.0025007724762,40.750601602457465],[-74.00231301784515,40.75052438910126],[-74.00213599205017,40.75076415659851]]]}},{"type":"Feature","properties":{"id":"61353961-6163-3634-B032-373838343339","building_id":"c2df86e0-1542-4e13-8ce7-41923278d5eb","height":53.4,"min_height":45},"geometry":{"type":"Polygon","coordinates":[[[-74.00332689285278,40.7480819624553],[-74.00331616401672,40.748090090479764],[-74.00344491004944,40.74814292261459],[-74.0034556388855,40.74813479459655],[-74.00332689285278,40.7480819624553]]]}},{"type":"Feature","properties":{"id":"63333132-3330-3837-A463-343064393337","building_id":"6e80fcb1-8e5d-4103-ba55-f3608b668816","height":7,"min_height":0},"geometry":{"type":"Polygon","coordinates":[[[-74.0012937784195,40.749731931052736],[-74.00161564350128,40.749870103905096],[-74.00171220302582,40.74974005887552],[-74.00167465209961,40.74972380322896],[-74.0016907453537,40.749699419751664],[-74.0016907453537,40.749553118699964],[-74.00168001651764,40.74953279908402],[-74.00164246559143,40.74950841553667],[-74.00159955024719,40.74950435161125],[-74.00156199932098,40.74951247946183],[-74.0015298128128,40.74954092693113],[-74.00151908397675,40.749536863007705],[-74.00152444839478,40.749528735160084],[-74.00126695632935,40.74941900911986],[-74.00120794773102,40.74949622375962],[-74.00125086307526,40.74951654338679],[-74.0012776851654,40.74950841553667],[-74.00130450725555,40.749475904126285],[-74.00144398212433,40.74953279908402],[-74.00141716003418,40.74956531046658],[-74.00142252445221,40.74958969399307],[-74.00147080421448,40.74960594967243],[-74.00139033794403,40.74971161149142],[-74.00134742259979,40.74969129192388],[-74.00132060050964,40.749699419751664],[-74.0012937784195,40.749731931052736]]]}},{"type":"Feature","properties":{"id":"36356539-3539-3166-B536-313639336536","building_id":"777b00f2-db2a-4530-b2ec-a2897518fd28","height":29.1,"min_height":27},"geometry":{"type":"Polygon","coordinates":[[[-73.99729192256927,40.75165413347679],[-73.99733483791351,40.751593176536375],[-73.997243642807,40.75155660234532],[-73.99720072746277,40.75161755931927],[-73.99729192256927,40.75165413347679]]]}},{"type":"Feature","properties":{"id":"66616235-6437-3338-A266-306139363461","building_id":"c2df86e0-1542-4e13-8ce7-41923278d5eb","height":71,"min_height":59.7},"geometry":{"type":"Polygon","coordinates":[[[-74.00352001190186,40.748037258302986],[-74.00352537631989,40.74802506625622],[-74.00349855422974,40.748012874207234],[-74.0034931898117,40.74802506625622],[-74.00352001190186,40.748037258302986]]]}},{"type":"Feature","properties":{"id":"63383464-3363-3238-B336-643336376231","building_id":"9d3ddc43-b5b3-4fbf-bc13-73af8febe9bb","height":5.5,"min_height":0},"geometry":{"type":"Polygon","coordinates":[[[-74.00319278240204,40.75147939009807],[-74.00318741798401,40.75148751770726],[-74.00326251983643,40.75152002813411],[-74.00326788425446,40.75150783672592],[-74.00319278240204,40.75147939009807]]]}},{"type":"Feature","properties":{"id":"65383533-3761-3639-A463-373231663537","building_id":"eb931587-856e-4ae0-935d-19fa8ec345c9","height":60,"min_height":51.5},"geometry":{"type":"Polygon","coordinates":[[[-74.00309085845947,40.74783405723187],[-74.00305330753326,40.74787876152078],[-74.00311768054962,40.747907209689004],[-74.00315523147583,40.74785844139319],[-74.00309085845947,40.74783405723187]]]}},{"type":"Feature","properties":{"id":"66623861-3339-3532-A165-363431616435","building_id":"4ad3452c-e4fd-468b-a255-6b62ca7f77d7","height":43,"min_height":40},"geometry":{"type":"Polygon","coordinates":[[[-74.00310695171356,40.74958156615193],[-74.00303721427917,40.749549054777276],[-74.00301575660706,40.74957750223095],[-74.00308549404144,40.74960594967243],[-74.00310695171356,40.74958156615193]]]}},{"type":"Feature","properties":{"id":"32316361-3561-3361-A234-343739643631","building_id":"6e80fcb1-8e5d-4103-ba55-f3608b668816","height":11,"min_height":7},"geometry":{"type":"Polygon","coordinates":[[[-74.00159418582916,40.74976850624748],[-74.00165319442749,40.74968316409516],[-74.0015834569931,40.74965471668668],[-74.00152444839478,40.74974005887552],[-74.00159418582916,40.74976850624748]]]}},{"type":"Feature","properties":{"id":"66303161-6134-3166-A639-353131373438","building_id":"a66e9a4f-10c7-4f61-b490-1395d1534731","height":61.6,"min_height":0},"geometry":{"type":"Polygon","coordinates":[[[-73.9987564086914,40.75077634814306],[-73.99881541728973,40.7506950711371],[-73.99864375591278,40.75062598560393],[-73.99858474731445,40.750707262694334],[-73.9987564086914,40.75077634814306]]]}},{"type":"Feature","properties":{"id":"30383761-3636-3436-A232-623338343265","building_id":"25d032d0-78c4-407a-9a97-0d5533855e3d","height":66,"min_height":60},"geometry":{"type":"Polygon","coordinates":[[[-74.00131523609161,40.74709440008954],[-74.00125086307526,40.74707001564806],[-74.00122940540314,40.747098464162235],[-74.00124549865723,40.74710659230692],[-74.00123476982117,40.74712284859328],[-74.0012776851654,40.747143168945684],[-74.00124549865723,40.74719193776605],[-74.00131523609161,40.74722038622804],[-74.00135815143585,40.7471675533603],[-74.00132060050964,40.747151297084855],[-74.00132596492767,40.747139104875714],[-74.0012937784195,40.74712691266424],[-74.00131523609161,40.74709440008954]]]}},{"type":"Feature","properties":{"id":"64313436-6531-3161-B538-633235396166","building_id":"94ba6f18-a50c-4a14-8cd8-f5910bf2c857","height":60,"min_height":51.5},"geometry":{"type":"Polygon","coordinates":[[[-74.0033107995987,40.74761866341859],[-74.0033483505249,40.74756989491115],[-74.00328397750854,40.74754144659866],[-74.00325179100037,40.747590215126934],[-74.0033107995987,40.74761866341859]]]}},{"type":"Feature","properties":{"id":"35373963-3338-3164-A139-353262356366","building_id":"c09d14b1-48a9-4169-b95e-eece288eafeb","height":10,"min_height":0},"geometry":{"type":"Polygon","coordinates":[[[-74.00128841400146,40.751950789789106],[-74.00130987167358,40.75195891734069],[-74.00140106678009,40.75184106774566],[-74.00136888027191,40.7518288763963],[-74.00128841400146,40.751950789789106]]]}},{"type":"Feature","properties":{"id":"36656130-3134-3536-A663-306635666633","building_id":"a66e9a4f-10c7-4f61-b490-1395d1534731","height":47,"min_height":0},"geometry":{"type":"Polygon","coordinates":[[[-74.00033354759216,40.75131683770556],[-74.0003764629364,40.751259944274295],[-74.0002691745758,40.75121524225844],[-74.00022625923157,40.75127213572793],[-74.00033354759216,40.75131683770556]]]}},{"type":"Feature","properties":{"id":"66313332-3239-3639-A331-303438303634","building_id":"94ba6f18-a50c-4a14-8cd8-f5910bf2c857","height":51.5,"min_height":47},"geometry":{"type":"Polygon","coordinates":[[[-74.00338053703308,40.74765117573699],[-74.00338590145111,40.74764711169806],[-74.0034019947052,40.74765117573699],[-74.0034556388855,40.74756989491115],[-74.00342345237732,40.74755770277872],[-74.00340735912323,40.7475780229982],[-74.00337517261505,40.74756583086727],[-74.00338053703308,40.74756176682311],[-74.00327861309052,40.747517062321094],[-74.00327324867249,40.747521126367985],[-74.00324642658234,40.7475089342266],[-74.00326251983643,40.74748861398601],[-74.00323033332825,40.747476421838655],[-74.0032035112381,40.7475089342266],[-74.00318205356598,40.74749674208297],[-74.00317668914795,40.7475089342266],[-74.00316596031189,40.74750487017897],[-74.00313913822174,40.74753738255302],[-74.0031498670578,40.74754551064402],[-74.00314450263977,40.747549574689174],[-74.00321424007416,40.74758615108428],[-74.00320887565613,40.74759427916936],[-74.00332689285278,40.7476430476589],[-74.00333225727081,40.74763898361945],[-74.00338053703308,40.74765523977567],[-74.00338053703308,40.74765117573699]]]}},{"type":"Feature","properties":{"id":"64646632-6565-3435-B362-376166613532","building_id":"a66e9a4f-10c7-4f61-b490-1395d1534731","height":44,"min_height":0},"geometry":{"type":"Polygon","coordinates":[[[-73.99932503700256,40.75090232730594],[-73.99938404560089,40.75082511429895],[-73.9992606639862,40.750772284295124],[-73.99920165538788,40.750853561206696],[-73.99932503700256,40.75090232730594]]]}},{"type":"Feature","properties":{"id":"31353064-3331-3437-B664-383865353138","building_id":"a66e9a4f-10c7-4f61-b490-1395d1534731","height":44,"min_height":0},"geometry":{"type":"Polygon","coordinates":[[[-74.00022089481354,40.751475326293104],[-74.00026381015778,40.75141436918875],[-74.00015652179718,40.75136966727672],[-74.00011360645294,40.75143062442203],[-74.00022089481354,40.751475326293104]]]}},{"type":"Feature","properties":{"id":"65663663-6132-3538-B139-663235386134","building_id":"25d032d0-78c4-407a-9a97-0d5533855e3d","height":53.4,"min_height":45},"geometry":{"type":"Polygon","coordinates":[[[-74.00133669376373,40.74724477061437],[-74.00120794773102,40.74718787369903],[-74.00120258331299,40.74720006589928],[-74.00132596492767,40.74725289874118],[-74.00133669376373,40.74724477061437]]]}},{"type":"Feature","properties":{"id":"35353165-3338-3733-A466-373261353663","building_id":"9d3ddc43-b5b3-4fbf-bc13-73af8febe9bb","height":5.5,"min_height":0},"geometry":{"type":"Polygon","coordinates":[[[-74.0026992559433,40.75126807191029],[-74.00268852710724,40.751276199545316],[-74.00279581546783,40.75132090152019],[-74.00280117988586,40.751312773890646],[-74.0026992559433,40.75126807191029]]]}},{"type":"Feature","properties":{"id":"63373235-3134-3431-B962-663066376666","building_id":"777b00f2-db2a-4530-b2ec-a2897518fd28","height":29.8,"min_height":27},"geometry":{"type":"Polygon","coordinates":[[[-73.99728655815125,40.75164194209319],[-73.99732410907745,40.75159724033415],[-73.99724900722504,40.75156472994507],[-73.99721682071686,40.75161349552275],[-73.99728655815125,40.75164194209319]]]}},{"type":"Feature","properties":{"id":"62666164-6334-3838-B661-623531636636","building_id":"c09d14b1-48a9-4169-b95e-eece288eafeb","height":99,"min_height":0},"geometry":{"type":"Polygon","coordinates":[[[-74.00161564350128,40.7522027434259],[-74.00172829627991,40.752052384112375],[-74.00141179561615,40.751914215794756],[-74.00129914283752,40.75206457542072],[-74.00161564350128,40.7522027434259]]]}},{"type":"Feature","properties":{"id":"39343837-3366-3462-B262-303736313131","building_id":"777b00f2-db2a-4530-b2ec-a2897518fd28","height":29.8,"min_height":27},"geometry":{"type":"Polygon","coordinates":[[[-73.99451851844788,40.75150783672592],[-73.99455606937408,40.75146313487667],[-73.99448096752167,40.75143062442203],[-73.99444878101349,40.75147939009807],[-73.99451851844788,40.75150783672592]]]}},{"type":"Feature","properties":{"id":"32623762-3030-3666-A634-663233323533","building_id":"777b00f2-db2a-4530-b2ec-a2897518fd28","height":18,"min_height":0},"geometry":{"type":"Polygon","coordinates":[[[-73.99480819702148,40.75143875203719],[-73.99530172348022,40.75164194209319],[-73.99540901184082,40.75149970911917],[-73.99491548538208,40.751292454812386],[-73.99480819702148,40.75143875203719]]]}},{"type":"Feature","properties":{"id":"33656436-3436-3131-A334-633035636131","building_id":"d770374b-1c40-410e-aecc-0658c6e22aaa","height":47,"min_height":0},"geometry":{"type":"Polygon","coordinates":[[[-74.00282263755798,40.747297603420776],[-74.00274217128754,40.74740733296147],[-74.00281727313995,40.74743984538321],[-74.00281190872192,40.74744390943479],[-74.00284945964813,40.74746422968906],[-74.00297284126282,40.747517062321094],[-74.00301575660706,40.747529254461],[-74.00302112102509,40.74752519041462],[-74.00309085845947,40.747553638734075],[-74.00317132472992,40.74744390943479],[-74.00292992591858,40.747334179954464],[-74.00290846824646,40.747334179954464],[-74.00282263755798,40.747297603420776]]]}},{"type":"Feature","properties":{"id":"38316361-3030-3862-B330-353830613333","building_id":"c09d14b1-48a9-4169-b95e-eece288eafeb","height":81,"min_height":0},"geometry":{"type":"Polygon","coordinates":[[[-74.00131523609161,40.75204425657222],[-74.00141179561615,40.751914215794756],[-74.00154054164886,40.7519711086662],[-74.00162100791931,40.751865450437606],[-74.0014386177063,40.75178823854904],[-74.00126695632935,40.75201987394581],[-74.00131523609161,40.75204425657222]]]}},{"type":"Feature","properties":{"id":"31326136-3961-3133-A634-373932343437","building_id":"777b00f2-db2a-4530-b2ec-a2897518fd28","height":32,"min_height":0},"geometry":{"type":"Polygon","coordinates":[[[-73.99541437625885,40.75173947309952],[-73.995441198349,40.75180042990584],[-73.9959454536438,40.75110551900116],[-73.99586498737335,40.751125838136545],[-73.99541437625885,40.75173947309952]]]}},{"type":"Feature","properties":{"id":"63383232-6162-3761-B139-636364306438","building_id":"f6d35d41-5056-4155-b338-ef56781ad443","height":3.6,"min_height":0},"geometry":{"type":"Polygon","coordinates":[[[-74.00268852710724,40.750528452964346],[-74.00275826454163,40.750560963860096],[-74.00280117988586,40.7505000059175],[-74.00272607803345,40.750467494991966],[-74.00268852710724,40.750528452964346]]]}},{"type":"Feature","properties":{"id":"63623930-6331-3233-B931-316535306365","building_id":"24200290-6a59-4f84-a95d-0e090c8e11aa","height":47,"min_height":0},"geometry":{"type":"Polygon","coordinates":[[[-74.0023934841156,40.747261026866965],[-74.00249004364014,40.747305731541104],[-74.00274217128754,40.74740733296147],[-74.00282263755798,40.747297603420776],[-74.00258660316467,40.74719193776605],[-74.00256514549255,40.74718787369903],[-74.00247395038605,40.747151297084855],[-74.0023934841156,40.747261026866965]]]}},{"type":"Feature","properties":{"id":"63373361-6339-3338-B466-343964623632","building_id":"94a63fb5-57e5-40cf-b9a8-e5f6a9a1dbcf","height":47,"min_height":0},"geometry":{"type":"Polygon","coordinates":[[[-74.00156199932098,40.74715942522309],[-74.00148153305054,40.747269154991784],[-74.00173366069794,40.74738294863474],[-74.00176048278809,40.74738294863474],[-74.00183022022247,40.747415461068385],[-74.00191068649292,40.747305731541104],[-74.0018355846405,40.74727728311561],[-74.00184094905853,40.747269154991784],[-74.00180339813232,40.74725289874118],[-74.00180339813232,40.74724883467789],[-74.00169610977173,40.747204129965525],[-74.0016907453537,40.74720819403154],[-74.0016371011734,40.74718787369903],[-74.0016371011734,40.74719193776605],[-74.00156199932098,40.74715942522309]]]}},{"type":"Feature","properties":{"id":"35646162-3937-3033-B033-666365653961","building_id":"eb931587-856e-4ae0-935d-19fa8ec345c9","height":51.5,"min_height":47},"geometry":{"type":"Polygon","coordinates":[[[-74.00302112102509,40.74780154500286],[-74.00301575660706,40.747805609032355],[-74.00299966335297,40.74780154500286],[-74.0029513835907,40.74788282554556],[-74.00297820568085,40.74789501761839],[-74.00299429893494,40.74787063347051],[-74.00302648544312,40.74788688957011],[-74.00302112102509,40.74789095359438],[-74.00312840938568,40.747931593823495],[-74.00313377380371,40.7479275298017],[-74.00316059589386,40.747939721866345],[-74.00314450263977,40.747960041969094],[-74.00317668914795,40.7479722340278],[-74.00319814682007,40.747939721866345],[-74.00321960449219,40.747951913928745],[-74.00323033332825,40.747939721866345],[-74.0032410621643,40.7479437858874],[-74.00326251983643,40.747907209689004],[-74.00325179100037,40.74790314566573],[-74.0032571554184,40.7478990816422],[-74.00318741798401,40.74786250541919],[-74.00319278240204,40.747854377366934],[-74.00307476520538,40.747805609032355],[-74.00306403636932,40.74781373709061],[-74.00302112102509,40.74779341694315],[-74.00302112102509,40.74780154500286]]]}},{"type":"Feature","properties":{"id":"62663131-6636-3365-B338-353432623061","building_id":"6d275059-a5d2-4af3-aaff-ed25c45a3f55","height":6.5,"min_height":5.2},"geometry":{"type":"Polygon","coordinates":[[[-74.00306940078735,40.75086575273485],[-74.00319278240204,40.7506950711371],[-74.00313377380371,40.75067068801596],[-74.00301575660706,40.75084543352],[-74.00306940078735,40.75086575273485]]]}},{"type":"Feature","properties":{"id":"64633334-3766-3461-B964-643730373738","building_id":"777b00f2-db2a-4530-b2ec-a2897518fd28","height":32,"min_height":0},"geometry":{"type":"Polygon","coordinates":[[[-73.9955323934555,40.751394050141556],[-73.99567723274231,40.751194923150365],[-73.9956396818161,40.75117866785945],[-73.9954948425293,40.7513777948993],[-73.9955323934555,40.751394050141556]]]}},{"type":"Feature","properties":{"id":"64383939-6463-3266-B262-336637363465","building_id":"24200290-6a59-4f84-a95d-0e090c8e11aa","height":51.5,"min_height":47},"geometry":{"type":"Polygon","coordinates":[[[-74.00267779827118,40.74735450024224],[-74.00268316268921,40.7473504361852],[-74.0026992559433,40.74735450024224],[-74.0027529001236,40.747273219053824],[-74.00272071361542,40.747261026866965],[-74.00270462036133,40.747281347177136],[-74.00267243385315,40.747269154991784],[-74.00267779827118,40.74726509092949],[-74.00257587432861,40.74722038622804],[-74.00257050991058,40.74722445029306],[-74.00254368782043,40.74721225809728],[-74.00255978107452,40.74719193776605],[-74.00252759456635,40.747179745564296],[-74.0025007724762,40.74721225809728],[-74.00247931480408,40.747204129965525],[-74.00247395038605,40.74721225809728],[-74.00246322154999,40.74720819403154],[-74.00243639945984,40.74724477061437],[-74.0024471282959,40.74724883467789],[-74.00244176387787,40.74725289874118],[-74.00251150131226,40.74728947529945],[-74.00250613689423,40.747297603420776],[-74.00262415409088,40.74734637212788],[-74.00262951850891,40.74734230807033],[-74.00267779827118,40.74735856429908],[-74.00267779827118,40.74735450024224]]]}},{"type":"Feature","properties":{"id":"32313236-3935-3935-A336-633637666131","building_id":"8f00e870-b888-476c-9d5d-a406c2623956","height":26,"min_height":0},"geometry":{"type":"Polygon","coordinates":[[[-73.99929821491241,40.750361834374075],[-73.99921238422394,40.7503252595057],[-73.99916410446167,40.75039028148004],[-73.99924993515015,40.75042685631263],[-73.99929821491241,40.750361834374075]]]}},{"type":"Feature","properties":{"id":"64303730-3937-3137-A230-396134316134","building_id":"ad5ecc5d-c0d7-450e-b397-d050e3c98f96","height":45,"min_height":0},"geometry":{"type":"Polygon","coordinates":[[[-73.99898171424866,40.749366177998866],[-73.99899244308472,40.749349922260905],[-73.99898171424866,40.7493255386465],[-73.99896025657654,40.74931334683595],[-73.99892807006836,40.74932147470989],[-73.99891197681427,40.74934179439043],[-73.99892270565033,40.749366177998866],[-73.99894416332245,40.74937430586638],[-73.99898171424866,40.749366177998866]]]}},{"type":"Feature","properties":{"id":"62323762-6431-3739-A330-313133386631","building_id":"a66e9a4f-10c7-4f61-b490-1395d1534731","height":44,"min_height":0},"geometry":{"type":"Polygon","coordinates":[[[-74.00037109851837,40.75167445244452],[-74.00041401386261,40.75161755931927],[-74.00038182735443,40.75160536792896],[-74.00033891201019,40.75166226106464],[-74.00037109851837,40.75167445244452]]]}},{"type":"Feature","properties":{"id":"64303935-3538-3561-B162-346239633562","building_id":"25d032d0-78c4-407a-9a97-0d5533855e3d","height":51,"min_height":45},"geometry":{"type":"Polygon","coordinates":[[[-74.00132596492767,40.74725289874118],[-74.00120258331299,40.74720006589928],[-74.00119185447693,40.74721225809728],[-74.00132060050964,40.74726509092949],[-74.00132596492767,40.74725289874118]]]}},{"type":"Feature","properties":{"id":"33643162-3034-3661-B661-323735623135","building_id":"9a605630-3090-4ddf-babc-1c5fa5cd05e0","height":51.5,"min_height":47},"geometry":{"type":"Polygon","coordinates":[[[-74.00266170501709,40.74765117573699],[-74.00266170501709,40.74765523977567],[-74.002645611763,40.74765117573699],[-74.0025919675827,40.747732456463496],[-74.00262415409088,40.74774464856387],[-74.00264024734497,40.74772026436085],[-74.00267243385315,40.7477365204972],[-74.00266706943512,40.747740584530675],[-74.00277435779572,40.74778122485171],[-74.00277435779572,40.747777160820704],[-74.0028065443039,40.74778935291289],[-74.0027904510498,40.747809673061596],[-74.00282263755798,40.74782186514787],[-74.0028440952301,40.74778935291289],[-74.00286555290222,40.74780154500286],[-74.00287091732025,40.74778935291289],[-74.00288164615631,40.74779341694315],[-74.00290846824646,40.74775684066205],[-74.0028977394104,40.74775277662957],[-74.00290310382843,40.74774871259686],[-74.00283336639404,40.74771213629117],[-74.00283873081207,40.747704008220495],[-74.00271534919739,40.74765523977567],[-74.00270998477936,40.74766336785231],[-74.00266706943512,40.7476430476589],[-74.00266170501709,40.74765117573699]]]}},{"type":"Feature","properties":{"id":"33313566-3334-3033-B262-656337636536","building_id":"b57f4541-920a-480a-9c1d-df5fa9623f38","height":60,"min_height":51.5},"geometry":{"type":"Polygon","coordinates":[[[-74.0020501613617,40.74739514079923],[-74.00201261043549,40.74744390943479],[-74.00207698345184,40.74746829373916],[-74.00210916996002,40.74742358917433],[-74.0020501613617,40.74739514079923]]]}},{"type":"Feature","properties":{"id":"64383065-3764-3136-A631-356233356534","building_id":"8f00e870-b888-476c-9d5d-a406c2623956","height":28,"min_height":0},"geometry":{"type":"Polygon","coordinates":[[[-73.99890661239624,40.75028055686147],[-73.99893343448639,40.750248045828585],[-73.998863697052,40.75021553477984],[-73.99914801120758,40.749821337048814],[-73.99922311306,40.749853848290314],[-73.99924993515015,40.749817273142526],[-73.99914264678955,40.74977257015678],[-73.99880468845367,40.75023991806788],[-73.99890661239624,40.75028055686147]]]}},{"type":"Feature","properties":{"id":"61383739-3834-3530-B961-356434376365","building_id":"4ad3452c-e4fd-468b-a255-6b62ca7f77d7","height":44,"min_height":40},"geometry":{"type":"Polygon","coordinates":[[[-74.00323569774628,40.749443392700016],[-74.00315523147583,40.74941088125783],[-74.00304794311523,40.749557182622425],[-74.00332689285278,40.74967503626539],[-74.00341808795929,40.74954499085433],[-74.00321960449219,40.749459648415126],[-74.00323569774628,40.749443392700016]]]}},{"type":"Feature","properties":{"id":"32353265-6234-3330-B365-383033303131","building_id":"d770374b-1c40-410e-aecc-0658c6e22aaa","height":60,"min_height":51.5},"geometry":{"type":"Polygon","coordinates":[[[-74.00295674800873,40.74746829373916],[-74.00299429893494,40.74742358917433],[-74.00292992591858,40.74739514079923],[-74.00289237499237,40.74744390943479],[-74.00295674800873,40.74746829373916]]]}},{"type":"Feature","properties":{"id":"35393666-3062-3131-B533-373666616266","building_id":"c09d14b1-48a9-4169-b95e-eece288eafeb","height":10,"min_height":0},"geometry":{"type":"Polygon","coordinates":[[[-74.00130987167358,40.75211740439778],[-74.00180339813232,40.7523246561332],[-74.00187313556671,40.75222712598523],[-74.00185167789459,40.75210521309907],[-74.00178730487823,40.752076766726844],[-74.00167465209961,40.75222712598523],[-74.0013313293457,40.75208083049506],[-74.00130987167358,40.75211740439778]]]}},{"type":"Feature","properties":{"id":"34666238-3236-3539-B236-353332343966","building_id":"25d032d0-78c4-407a-9a97-0d5533855e3d","height":45,"min_height":0},"geometry":{"type":"Polygon","coordinates":[[[-74.00135815143585,40.747061887498916],[-74.001384973526,40.747025310815474],[-74.00131523609161,40.74699686227001],[-74.00116503238678,40.74699686227001],[-74.00105237960815,40.747151297084855],[-74.00144398212433,40.74731792371975],[-74.00156736373901,40.7471472330154],[-74.00135815143585,40.747061887498916]]]}},{"type":"Feature","properties":{"id":"34343233-6165-3039-B261-376465613263","building_id":"c09d14b1-48a9-4169-b95e-eece288eafeb","height":18,"min_height":0},"geometry":{"type":"Polygon","coordinates":[[[-74.00130987167358,40.75195891734069],[-74.00128841400146,40.751950789789106],[-74.00120258331299,40.7520727029584],[-74.00130987167358,40.75211740439778],[-74.0013313293457,40.75208083049506],[-74.00129914283752,40.75206457542072],[-74.00131523609161,40.75204425657222],[-74.00126695632935,40.75201987394581],[-74.00130987167358,40.75195891734069]]]}},{"type":"Feature","properties":{"id":"61646538-6134-3131-B662-346235333939","building_id":"777b00f2-db2a-4530-b2ec-a2897518fd28","height":28.4,"min_height":27},"geometry":{"type":"Polygon","coordinates":[[[-73.99672329425812,40.75245063236255],[-73.99678230285645,40.75237342115352],[-73.99666965007782,40.7523246561332],[-73.99661600589752,40.75240186739887],[-73.99672329425812,40.75245063236255]]]}},{"type":"Feature","properties":{"id":"38623866-6636-3533-B738-653638656162","building_id":"4ad3452c-e4fd-468b-a255-6b62ca7f77d7","height":45,"min_height":40},"geometry":{"type":"Polygon","coordinates":[[[-74.00344491004944,40.749297091085026],[-74.00336980819702,40.749268643511414],[-74.00331616401672,40.74933773045481],[-74.00339126586914,40.74937024193278],[-74.00344491004944,40.749297091085026]]]}},{"type":"Feature","properties":{"id":"66333364-6239-3132-A664-626432626465","building_id":"f6d35d41-5056-4155-b338-ef56781ad443","height":22,"min_height":0},"geometry":{"type":"Polygon","coordinates":[[[-74.0023934841156,40.75040653696368],[-74.00268852710724,40.750528452964346],[-74.00272607803345,40.750467494991966],[-74.00243639945984,40.75034964275349],[-74.0023934841156,40.75040653696368]]]}},{"type":"Feature","properties":{"id":"61616534-6330-3733-A634-633163633832","building_id":"94ba6f18-a50c-4a14-8cd8-f5910bf2c857","height":47,"min_height":0},"geometry":{"type":"Polygon","coordinates":[[[-74.00317132472992,40.74744390943479],[-74.00309085845947,40.747553638734075],[-74.00316059589386,40.747582087041366],[-74.00316059589386,40.747590215126934],[-74.00319814682007,40.747606471295086],[-74.00319814682007,40.74761053533652],[-74.00332152843475,40.74766336785231],[-74.00332152843475,40.74765930381412],[-74.00336444377899,40.74767555996536],[-74.00336444377899,40.74766743189025],[-74.00343954563141,40.7476999441848],[-74.00352001190186,40.747590215126934],[-74.00342881679535,40.747553638734075],[-74.00341808795929,40.74754144659866],[-74.00328397750854,40.74748454993713],[-74.00326251983643,40.74748454993713],[-74.00317132472992,40.74744390943479]]]}},{"type":"Feature","properties":{"id":"34653964-6163-3566-A639-616466323364","building_id":"777b00f2-db2a-4530-b2ec-a2897518fd28","height":38.5,"min_height":30},"geometry":{"type":"Polygon","coordinates":[[[-73.99682521820068,40.75174760067691],[-73.9964497089386,40.751593176536375],[-73.99639070034027,40.75167445244452],[-73.99676084518433,40.75183294017967],[-73.99682521820068,40.75174760067691]]]}},{"type":"Feature","properties":{"id":"64643062-6138-3939-B736-313363616331","building_id":"c2df86e0-1542-4e13-8ce7-41923278d5eb","height":71,"min_height":66},"geometry":{"type":"Polygon","coordinates":[[[-74.00342345237732,40.748090090479764],[-74.00344491004944,40.7480819624553],[-74.00344491004944,40.748065706403395],[-74.00343418121338,40.74805351436186],[-74.00341272354126,40.74804945034751],[-74.00339126586914,40.748061642389786],[-74.00339126586914,40.74807789844269],[-74.0034019947052,40.748090090479764],[-74.00342345237732,40.748090090479764]]]}},{"type":"Feature","properties":{"id":"63666235-6534-3538-B737-623266393565","building_id":"b57f4541-920a-480a-9c1d-df5fa9623f38","height":47,"min_height":0},"geometry":{"type":"Polygon","coordinates":[[[-74.00191068649292,40.747305731541104],[-74.00183022022247,40.747415461068385],[-74.00193750858307,40.7474601656387],[-74.00194823741913,40.747472357789036],[-74.00207698345184,40.74752519041462],[-74.00209844112396,40.747529254461],[-74.00217890739441,40.74756176682311],[-74.00225937366486,40.74745203753724],[-74.00218427181244,40.74742358917433],[-74.00218963623047,40.747415461068385],[-74.00215208530426,40.747399204853565],[-74.00215744972229,40.74739514079923],[-74.00202870368958,40.74734230807033],[-74.00202333927155,40.74734637212788],[-74.00198578834534,40.74733011589615],[-74.00198042392731,40.747334179954464],[-74.00191068649292,40.747305731541104]]]}},{"type":"Feature","properties":{"id":"66376366-3034-3666-A338-316230386661","building_id":"a66e9a4f-10c7-4f61-b490-1395d1534731","height":44,"min_height":0},"geometry":{"type":"Polygon","coordinates":[[[-73.99998486042023,40.75104049772625],[-74.00002777576447,40.75098360405855],[-73.99999558925629,40.75097141255199],[-73.99995803833008,40.751032370062404],[-73.99998486042023,40.75104049772625]]]}},{"type":"Feature","properties":{"id":"39356533-3434-3762-B837-636637373534","building_id":"9a605630-3090-4ddf-babc-1c5fa5cd05e0","height":47,"min_height":0},"geometry":{"type":"Polygon","coordinates":[[[-74.00260269641876,40.74759834321151],[-74.00252759456635,40.74770807225596],[-74.00262415409088,40.74774871259686],[-74.00263488292694,40.747760904694275],[-74.00287091732025,40.747854377366934],[-74.0029513835907,40.74774464856387],[-74.00288164615631,40.747716200326124],[-74.00288701057434,40.74771213629117],[-74.0028440952301,40.747695880148854],[-74.00284945964813,40.74769181611265],[-74.00272071361542,40.74763491957978],[-74.00272071361542,40.74763898361945],[-74.00267779827118,40.74762272745926],[-74.00267779827118,40.74762679149967],[-74.00260269641876,40.74759834321151]]]}},{"type":"Feature","properties":{"id":"63346237-3036-3738-B737-653335356638","building_id":"2e7113ea-6ffd-410e-b8fc-03518996cff2","height":6,"min_height":0},"geometry":{"type":"Polygon","coordinates":[[[-74.00232374668121,40.750841369676266],[-74.0024471282959,40.75089419962521],[-74.00261878967285,40.75065443259689],[-74.0025007724762,40.750601602457465],[-74.00232374668121,40.750841369676266]]]}},{"type":"Feature","properties":{"id":"34626163-6131-3930-B863-343532643334","building_id":"b57f4541-920a-480a-9c1d-df5fa9623f38","height":51.5,"min_height":47},"geometry":{"type":"Polygon","coordinates":[[[-74.00198042392731,40.74736262835563],[-74.00197505950928,40.74736669241196],[-74.00195896625519,40.74736262835563],[-74.00191068649292,40.74744390943479],[-74.00193750858307,40.747456101588114],[-74.00195360183716,40.74743578133135],[-74.0020877122879,40.74749674208297],[-74.0020877122879,40.74748861398601],[-74.00211989879608,40.747500806131086],[-74.00210380554199,40.747521126367985],[-74.00213599205017,40.74753738255302],[-74.00215744972229,40.747500806131086],[-74.00217890739441,40.747512998273976],[-74.00218963623047,40.747500806131086],[-74.00220036506653,40.74750487017897],[-74.00222182273865,40.747472357789036],[-74.00221109390259,40.74746829373916],[-74.00221645832062,40.7474601656387],[-74.00214672088623,40.74742358917433],[-74.00215208530426,40.74741952512147],[-74.00202870368958,40.74736669241196],[-74.00202333927155,40.747374820523845],[-74.00198042392731,40.74735856429908],[-74.00198042392731,40.74736262835563]]]}},{"type":"Feature","properties":{"id":"36333939-6138-3638-B235-313233633332","building_id":"8f00e870-b888-476c-9d5d-a406c2623956","height":28,"min_height":0},"geometry":{"type":"Polygon","coordinates":[[[-74.000483751297,40.75033745113072],[-74.00039255619049,40.75030087624893],[-74.00034964084625,40.750361834374075],[-74.00043547153473,40.75040247309312],[-74.000483751297,40.75033745113072]]]}},{"type":"Feature","properties":{"id":"62373336-3663-3863-B136-313664633133","building_id":"777b00f2-db2a-4530-b2ec-a2897518fd28","height":29.8,"min_height":27},"geometry":{"type":"Polygon","coordinates":[[[-73.99509251117706,40.75071945424932],[-73.99513006210327,40.75067068801596],[-73.99505496025085,40.750642241029965],[-73.99502277374268,40.75068694343108],[-73.99509251117706,40.75071945424932]]]}},{"type":"Feature","properties":{"id":"61326430-3239-3435-A439-663163343866","building_id":"25d032d0-78c4-407a-9a97-0d5533855e3d","height":71,"min_height":59.7},"geometry":{"type":"Polygon","coordinates":[[[-74.00128304958344,40.74709440008954],[-74.00130987167358,40.74710659230692],[-74.00131523609161,40.74709440008954],[-74.00128841400146,40.747086271943374],[-74.00128304958344,40.74709440008954]]]}},{"type":"Feature","properties":{"id":"64653039-6164-3665-B464-636536633735","building_id":"c2df86e0-1542-4e13-8ce7-41923278d5eb","height":51,"min_height":45},"geometry":{"type":"Polygon","coordinates":[[[-74.00331616401672,40.748090090479764],[-74.0033107995987,40.74810228251462],[-74.00343954563141,40.74815511463973],[-74.00344491004944,40.74814292261459],[-74.00331616401672,40.748090090479764]]]}},{"type":"Feature","properties":{"id":"39643063-3138-3662-A333-303762393364","building_id":"777b00f2-db2a-4530-b2ec-a2897518fd28","height":30,"min_height":0},"geometry":{"type":"Polygon","coordinates":[[[-73.99541437625885,40.75185325909274],[-73.99545192718506,40.75180449369094],[-73.99523198604584,40.75171509036136],[-73.99520516395569,40.751751664465246],[-73.99528563022614,40.751784174762946],[-73.99527490139008,40.75179636612049],[-73.99541437625885,40.75185325909274]]]}},{"type":"Feature","properties":{"id":"37616430-3166-3334-B830-343566646630","building_id":"8f00e870-b888-476c-9d5d-a406c2623956","height":28,"min_height":0},"geometry":{"type":"Polygon","coordinates":[[[-74.00108993053436,40.750593474739986],[-74.00099873542786,40.75055283613764],[-74.00095045566559,40.75061785788944],[-74.0010416507721,40.75065443259689],[-74.00108993053436,40.750593474739986]]]}},{"type":"Feature","properties":{"id":"34646562-3337-3537-A436-326636653439","building_id":"94a63fb5-57e5-40cf-b9a8-e5f6a9a1dbcf","height":60,"min_height":51.5},"geometry":{"type":"Polygon","coordinates":[[[-74.00170147418976,40.74724883467789],[-74.00166928768158,40.747297603420776],[-74.00173366069794,40.747321987778804],[-74.00176584720612,40.74727728311561],[-74.00170147418976,40.74724883467789]]]}},{"type":"Feature","properties":{"id":"31393334-3637-3362-B430-313565353364","building_id":"ad5ecc5d-c0d7-450e-b397-d050e3c98f96","height":15,"min_height":0},"geometry":{"type":"Polygon","coordinates":[[[-73.99867057800293,40.74914266125339],[-73.9985740184784,40.74927270745124],[-73.99891197681427,40.74941494518896],[-73.9990085363388,40.74928083533018],[-73.99867057800293,40.74914266125339]]]}},{"type":"Feature","properties":{"id":"64643061-6263-3539-A539-363963626432","building_id":"25d032d0-78c4-407a-9a97-0d5533855e3d","height":71,"min_height":66},"geometry":{"type":"Polygon","coordinates":[[[-74.00127232074738,40.74718380963179],[-74.00128304958344,40.747196001832776],[-74.00130450725555,40.74720006589928],[-74.00132060050964,40.74718787369903],[-74.00132596492767,40.74717161742856],[-74.00130987167358,40.74715942522309],[-74.00128841400146,40.74715942522309],[-74.00127232074738,40.7471675533603],[-74.00127232074738,40.74718380963179]]]}},{"type":"Feature","properties":{"id":"61333866-6333-3437-A433-643761643566","building_id":"8f00e870-b888-476c-9d5d-a406c2623956","height":30,"min_height":0},"geometry":{"type":"Polygon","coordinates":[[[-73.99978637695312,40.75040247309312],[-73.9998346567154,40.75034557887949],[-73.99971127510071,40.75029274849467],[-73.99966835975647,40.75034964275349],[-73.99978637695312,40.75040247309312]]]}},{"type":"Feature","properties":{"id":"38386231-3861-3864-A362-623434366133","building_id":"777b00f2-db2a-4530-b2ec-a2897518fd28","height":28.4,"min_height":27},"geometry":{"type":"Polygon","coordinates":[[[-73.9972972869873,40.75166632485818],[-73.9973509311676,40.751589112738344],[-73.997243642807,40.75154441094381],[-73.99718463420868,40.75162162311554],[-73.9972972869873,40.75166632485818]]]}},{"type":"Feature","properties":{"id":"64326539-3430-3065-B037-623165303530","building_id":"25d032d0-78c4-407a-9a97-0d5533855e3d","height":57,"min_height":45},"geometry":{"type":"Polygon","coordinates":[[[-74.00131523609161,40.74699686227001],[-74.00120258331299,40.74699686227001],[-74.00109529495239,40.747143168945684],[-74.00142788887024,40.747281347177136],[-74.00152444839478,40.747151297084855],[-74.00134742259979,40.747078143796216],[-74.001384973526,40.747025310815474],[-74.00131523609161,40.74699686227001]]]}},{"type":"Feature","properties":{"id":"65363534-3830-3533-B438-313262383238","building_id":"2e7113ea-6ffd-410e-b8fc-03518996cff2","height":44,"min_height":40},"geometry":{"type":"Polygon","coordinates":[[[-74.00229156017303,40.7507885396854],[-74.00234520435333,40.750812922763316],[-74.00238811969757,40.750751965051705],[-74.00226473808289,40.75069913498976],[-74.00222182273865,40.75076009274983],[-74.00229156017303,40.7507885396854]]]}},{"type":"Feature","properties":{"id":"38636434-6630-3962-A432-653563396333","building_id":"777b00f2-db2a-4530-b2ec-a2897518fd28","height":31.2,"min_height":27},"geometry":{"type":"Polygon","coordinates":[[[-73.99451315402985,40.75148751770726],[-73.9945238828659,40.751467198682406],[-73.99449169635773,40.751455007264525],[-73.99447560310364,40.75147126248788],[-73.99451315402985,40.75148751770726]]]}},{"type":"Feature","properties":{"id":"34323963-6330-3736-A134-343935626661","building_id":"777b00f2-db2a-4530-b2ec-a2897518fd28","height":27,"min_height":0},"geometry":{"type":"Polygon","coordinates":[[[-73.99588108062744,40.75132496533462],[-73.99608492851257,40.75141030537981],[-73.99622440338135,40.75121930607929],[-73.9972060918808,40.75163381450287],[-73.996701836586,40.75233278363905],[-73.99570941925049,40.75192234335077],[-73.99570405483246,40.75192640712842],[-73.99550020694733,40.75184106774566],[-73.995441198349,40.75192234335077],[-73.99565041065216,40.752011746401706],[-73.99564504623413,40.75201987394581],[-73.99674475193024,40.75248314231851],[-73.99739921092987,40.751585048940115],[-73.99629414081573,40.75111771048313],[-73.9962887763977,40.751125838136545],[-73.99608492851257,40.751036433894456],[-73.99588108062744,40.75132496533462]]]}},{"type":"Feature","properties":{"id":"30393039-6535-3935-B035-353237613938","building_id":"ad5ecc5d-c0d7-450e-b397-d050e3c98f96","height":15,"min_height":0},"geometry":{"type":"Polygon","coordinates":[[[-73.99892270565033,40.74918736466262],[-73.9989709854126,40.74912234151199],[-73.99876713752747,40.74903699853036],[-73.99872422218323,40.749097957814115],[-73.99892270565033,40.74918736466262]]]}},{"type":"Feature","properties":{"id":"35396634-3733-3661-B838-376464376136","building_id":"fa065110-7390-46e6-aeed-1a430c04efca","height":51.5,"min_height":47},"geometry":{"type":"Polygon","coordinates":[[[-74.00199115276337,40.74707001564806],[-74.0019965171814,40.747061887498916],[-74.00201261043549,40.74707001564806],[-74.00205552577972,40.74699686227001],[-74.00201797485352,40.74699686227001],[-74.00180876255035,40.74699686227001],[-74.00182485580444,40.74700499042709],[-74.00181949138641,40.7470131185832],[-74.00193750858307,40.747061887498916],[-74.0019428730011,40.7470537593488],[-74.00199115276337,40.74707407972227],[-74.00199115276337,40.74707001564806]]]}},{"type":"Feature","properties":{"id":"66366535-3662-3361-B264-353562323834","building_id":"ad5ecc5d-c0d7-450e-b397-d050e3c98f96","height":15,"min_height":0},"geometry":{"type":"Polygon","coordinates":[[[-73.99874567985535,40.74938649766577],[-73.99889051914215,40.74919142860739],[-73.99885296821594,40.74917517282668],[-73.998863697052,40.749158917042024],[-73.99870812892914,40.7490938938636],[-73.99856328964233,40.7492889632081],[-73.99859011173248,40.74930115502315],[-73.99857938289642,40.74931334683595],[-73.99861693382263,40.74932960258286],[-73.99860620498657,40.749345858325796],[-73.99869740009308,40.749382433732876],[-73.99870812892914,40.74937024193278],[-73.99874567985535,40.74938649766577]]]}},{"type":"Feature","properties":{"id":"66663831-6338-3135-A138-393561646164","building_id":"6784165a-9973-49a1-90ba-09ec3f52587e","height":51.5,"min_height":47},"geometry":{"type":"Polygon","coordinates":[[[-74.00232911109924,40.74720819403154],[-74.00233447551727,40.747204129965525],[-74.00234520435333,40.74720819403154],[-74.00239884853363,40.74712691266424],[-74.00237202644348,40.74711472045061],[-74.00235593318939,40.74713504080549],[-74.00232374668121,40.74712284859328],[-74.00232911109924,40.74711878452206],[-74.00222182273865,40.74707407972227],[-74.00222182273865,40.747078143796216],[-74.0021950006485,40.74706595157363],[-74.00220572948456,40.747045631197636],[-74.00217890739441,40.74703343896908],[-74.00215208530426,40.74706595157363],[-74.00213062763214,40.74705782342397],[-74.00212526321411,40.74706595157363],[-74.00211453437805,40.747061887498916],[-74.0020877122879,40.747098464162235],[-74.00209844112396,40.747102528234706],[-74.00209307670593,40.74710659230692],[-74.00216281414032,40.747143168945684],[-74.00215744972229,40.747151297084855],[-74.00227546691895,40.74720006589928],[-74.00228083133698,40.747196001832776],[-74.00232374668121,40.74721225809728],[-74.00232911109924,40.74720819403154]]]}},{"type":"Feature","properties":{"id":"63313438-3961-3534-B733-353930643433","building_id":"c09d14b1-48a9-4169-b95e-eece288eafeb","height":63,"min_height":0},"geometry":{"type":"Polygon","coordinates":[[[-74.00161564350128,40.7522027434259],[-74.00167465209961,40.75222712598523],[-74.00178730487823,40.752076766726844],[-74.00172829627991,40.752052384112375],[-74.00161564350128,40.7522027434259]]]}},{"type":"Feature","properties":{"id":"63623233-3833-3536-B064-396437366164","building_id":"fa065110-7390-46e6-aeed-1a430c04efca","height":47,"min_height":0},"geometry":{"type":"Polygon","coordinates":[[[-74.00176584720612,40.74700499042709],[-74.00180339813232,40.74702124673831],[-74.00180339813232,40.747025310815474],[-74.00192677974701,40.747078143796216],[-74.00193214416504,40.74707407972227],[-74.00197505950928,40.74709033601661],[-74.00198042392731,40.747086271943374],[-74.0020501613617,40.74711472045061],[-74.00213062763214,40.74700499042709],[-74.00210380554199,40.74699686227001],[-74.00177121162415,40.74699686227001],[-74.00176584720612,40.74700499042709]]]}},{"type":"Feature","properties":{"id":"65626330-6166-3735-A439-636335313363","building_id":"1eb40075-bb8c-4707-b968-b3ed07164882","height":54.8,"min_height":52},"geometry":{"type":"Polygon","coordinates":[[[-74.00351464748383,40.749780697974586],[-74.00353074073792,40.749752250607855],[-74.00354146957397,40.74975631451815],[-74.0035629272461,40.74972786714099],[-74.00354146957397,40.74971567540416],[-74.003546833992,40.749707547578424],[-74.00353074073792,40.749699419751664],[-74.00347709655762,40.74976444233795],[-74.00351464748383,40.749780697974586]]]}},{"type":"Feature","properties":{"id":"37646666-3332-3532-A466-636136623232","building_id":"a66e9a4f-10c7-4f61-b490-1395d1534731","height":55,"min_height":0},"geometry":{"type":"Polygon","coordinates":[[[-73.99919629096985,40.75059753859884],[-73.99869740009308,40.75039028148004],[-73.99835407733917,40.75086168889237],[-73.99908363819122,40.75115834874023],[-73.99914264678955,40.751081136030535],[-73.9990621805191,40.751048625389075],[-73.99928212165833,40.75074790120229],[-73.99934649467468,40.750772284295124],[-73.99941086769104,40.75068694343108],[-73.99919629096985,40.75059753859884]],[[-73.99868667125702,40.75074790120229],[-73.9987564086914,40.75077634814306],[-73.99881541728973,40.7506950711371],[-73.99874567985535,40.75066662416157],[-73.9987725019455,40.75063411331746],[-73.9990246295929,40.75073977350269],[-73.9989173412323,40.750886071943484],[-73.9986652135849,40.750784475838174],[-73.99868667125702,40.75074790120229]]]}},{"type":"Feature","properties":{"id":"37656563-6461-3236-B036-613938626630","building_id":"9a605630-3090-4ddf-babc-1c5fa5cd05e0","height":60,"min_height":51.5},"geometry":{"type":"Polygon","coordinates":[[[-74.00273144245148,40.7476836880395],[-74.0026992559433,40.74772839242951],[-74.00276362895966,40.74775684066205],[-74.00279581546783,40.74770807225596],[-74.00273144245148,40.7476836880395]]]}},{"type":"Feature","properties":{"id":"61666462-6530-3365-A366-376138393664","building_id":"eb931587-856e-4ae0-935d-19fa8ec345c9","height":47,"min_height":0},"geometry":{"type":"Polygon","coordinates":[[[-74.0029513835907,40.74774464856387],[-74.00287091732025,40.747854377366934],[-74.00296747684479,40.74789501761839],[-74.00297820568085,40.747907209689004],[-74.00321960449219,40.74800068215603],[-74.00330007076263,40.74789095359438],[-74.00323033332825,40.74786250541919],[-74.00323033332825,40.747854377366934],[-74.00319278240204,40.747838121259406],[-74.00319278240204,40.74783405723187],[-74.00307476520538,40.7477852888824],[-74.00306940078735,40.74778935291289],[-74.00302648544312,40.74776903275799],[-74.00302648544312,40.747777160820704],[-74.0029513835907,40.74774464856387]]]}},{"type":"Feature","properties":{"id":"33353832-6565-3439-B039-323638656236","building_id":"6784165a-9973-49a1-90ba-09ec3f52587e","height":60,"min_height":51.5},"geometry":{"type":"Polygon","coordinates":[[[-74.00225937366486,40.74717568149654],[-74.00229692459106,40.74712691266424],[-74.0022325515747,40.747098464162235],[-74.0021950006485,40.7471472330154],[-74.00225937366486,40.74717568149654]]]}},{"type":"Feature","properties":{"id":"63306163-6537-3232-B834-343965346538","building_id":"9d3ddc43-b5b3-4fbf-bc13-73af8febe9bb","height":5.5,"min_height":0},"geometry":{"type":"Polygon","coordinates":[[[-74.00296747684479,40.75138185871026],[-74.00295674800873,40.75138998633136],[-74.00303184986115,40.75142249680587],[-74.00303721427917,40.75141436918875],[-74.00296747684479,40.75138185871026]]]}},{"type":"Feature","properties":{"id":"30323664-3536-3561-B336-313331393436","building_id":"6d275059-a5d2-4af3-aaff-ed25c45a3f55","height":5.2,"min_height":0},"geometry":{"type":"Polygon","coordinates":[[[-74.0030586719513,40.75091858266441],[-74.00322496891022,40.750678815724],[-74.00313377380371,40.75064630488586],[-74.00296747684479,40.75088200810225],[-74.0030586719513,40.75091858266441]]]}},{"type":"Feature","properties":{"id":"37626363-3032-3864-B630-376666616632","building_id":"25d032d0-78c4-407a-9a97-0d5533855e3d","height":53.4,"min_height":45},"geometry":{"type":"Polygon","coordinates":[[[-74.00110602378845,40.74710659230692],[-74.00112211704254,40.74711065637888],[-74.00118112564087,40.747029374892435],[-74.00116503238678,40.74702124673831],[-74.00110602378845,40.74710659230692]]]}},{"type":"Feature","properties":{"id":"38306336-3363-3135-A166-343038393232","building_id":"ad5ecc5d-c0d7-450e-b397-d050e3c98f96","height":20,"min_height":0},"geometry":{"type":"Polygon","coordinates":[[[-73.99896562099457,40.74938649766577],[-73.9990085363388,40.749333666518964],[-73.99893879890442,40.74930115502315],[-73.99889588356018,40.74935805013038],[-73.99896562099457,40.74938649766577]]]}},{"type":"Feature","properties":{"id":"39666466-6339-3031-B437-636439313930","building_id":"a66e9a4f-10c7-4f61-b490-1395d1534731","height":40,"min_height":0},"geometry":{"type":"Polygon","coordinates":[[[-73.99908363819122,40.75115834874023],[-74.00087535381317,40.75192640712842],[-74.00121331214905,40.75145094345805],[-73.99941086769104,40.75068694343108],[-73.99934649467468,40.750772284295124],[-73.99928212165833,40.75074790120229],[-73.9990621805191,40.751048625389075],[-73.99914264678955,40.751081136030535],[-73.99908363819122,40.75115834874023]]]}},{"type":"Feature","properties":{"id":"63663131-3630-3432-B932-316562626464","building_id":"6784165a-9973-49a1-90ba-09ec3f52587e","height":47,"min_height":0},"geometry":{"type":"Polygon","coordinates":[[[-74.00213062763214,40.74700499042709],[-74.0020501613617,40.74711472045061],[-74.00211989879608,40.747143168945684],[-74.00211453437805,40.747151297084855],[-74.00215208530426,40.74717161742856],[-74.00228083133698,40.74722445029306],[-74.00231838226318,40.74723664248663],[-74.00232374668121,40.74723257842231],[-74.0023934841156,40.747261026866965],[-74.00247395038605,40.747151297084855],[-74.00237202644348,40.74711065637888],[-74.00236129760742,40.747098464162235],[-74.00223791599274,40.747045631197636],[-74.00221109390259,40.74704156712173],[-74.00213062763214,40.74700499042709]]]}},{"type":"Feature","properties":{"id":"39633934-3931-3138-A566-343763333436","building_id":"25d032d0-78c4-407a-9a97-0d5533855e3d","height":10,"min_height":0},"geometry":{"type":"Polygon","coordinates":[[[-74.00156736373901,40.7471472330154],[-74.00167465209961,40.74699686227001],[-74.00131523609161,40.74699686227001],[-74.001384973526,40.747025310815474],[-74.00135815143585,40.747061887498916],[-74.00156736373901,40.7471472330154]]]}},{"type":"Feature","properties":{"id":"62653962-3138-3537-B261-383735333134","building_id":"a66e9a4f-10c7-4f61-b490-1395d1534731","height":44,"min_height":0},"geometry":{"type":"Polygon","coordinates":[[[-74.00091290473938,40.75156879374458],[-74.00097191333771,40.75147939009807],[-74.00084316730499,40.75142656061408],[-74.00077879428864,40.75151190052887],[-74.00091290473938,40.75156879374458]]]}},{"type":"Feature","properties":{"id":"62626137-3365-3363-A633-663335343538","building_id":"777b00f2-db2a-4530-b2ec-a2897518fd28","height":27.7,"min_height":27},"geometry":{"type":"Polygon","coordinates":[[[-73.99730265140533,40.75167851623735],[-73.99737238883972,40.751585048940115],[-73.99723827838898,40.75152815573833],[-73.99716854095459,40.75162568691158],[-73.99730265140533,40.75167851623735]]]}},{"type":"Feature","properties":{"id":"31396161-6330-3264-B364-623533646532","building_id":"9d3ddc43-b5b3-4fbf-bc13-73af8febe9bb","height":27,"min_height":0},"geometry":{"type":"Polygon","coordinates":[[[-74.00268852710724,40.751276199545316],[-74.00267243385315,40.75130464626008],[-74.00316596031189,40.75151596433162],[-74.00319278240204,40.75147939009807],[-74.00303721427917,40.75141436918875],[-74.00303184986115,40.75142249680587],[-74.00295674800873,40.75138998633136],[-74.00296747684479,40.75138185871026],[-74.00280117988586,40.751312773890646],[-74.00279581546783,40.75132090152019],[-74.00268852710724,40.751276199545316]]]}},{"type":"Feature","properties":{"id":"35303461-6339-3233-A534-623664636336","building_id":"24200290-6a59-4f84-a95d-0e090c8e11aa","height":60,"min_height":51.5},"geometry":{"type":"Polygon","coordinates":[[[-74.00260806083679,40.747321987778804],[-74.002645611763,40.747273219053824],[-74.00258123874664,40.74724477061437],[-74.00254905223846,40.74729353936024],[-74.00260806083679,40.747321987778804]]]}},{"type":"Feature","properties":{"id":"37633030-3932-3730-A435-646438366538","building_id":"25d032d0-78c4-407a-9a97-0d5533855e3d","height":51,"min_height":45},"geometry":{"type":"Polygon","coordinates":[[[-74.00110602378845,40.74710659230692],[-74.00116503238678,40.74702124673831],[-74.00114893913269,40.74701718266087],[-74.00108993053436,40.747098464162235],[-74.00110602378845,40.74710659230692]]]}},{"type":"Feature","properties":{"id":"62663036-6464-3933-B636-393738643933","building_id":"fa065110-7390-46e6-aeed-1a430c04efca","height":60,"min_height":51.5},"geometry":{"type":"Polygon","coordinates":[[[-74.00192141532898,40.74703343896908],[-74.00195360183716,40.74699686227001],[-74.00186777114868,40.74699686227001],[-74.00186240673065,40.74700499042709],[-74.00192141532898,40.74703343896908]]]}},{"type":"Feature","properties":{"id":"34626466-3132-3966-B533-386237313464","building_id":"6e80fcb1-8e5d-4103-ba55-f3608b668816","height":48,"min_height":37.6},"geometry":{"type":"Polygon","coordinates":[[[-74.00129914283752,40.74965471668668],[-74.00135278701782,40.7495856300726],[-74.00128841400146,40.74956124654463],[-74.0012401342392,40.74962626926606],[-74.00129914283752,40.74965471668668]]]}},{"type":"Feature","properties":{"id":"32653737-3133-3439-A336-653631396666","building_id":"a66e9a4f-10c7-4f61-b490-1395d1534731","height":44,"min_height":0},"geometry":{"type":"Polygon","coordinates":[[[-73.99922311306,40.75117054021251],[-73.99935722351074,40.750979540223256],[-73.99923384189606,40.75092671034213],[-73.99918019771576,40.75099579556286],[-73.99912118911743,40.75097141255199],[-73.9990621805191,40.751048625389075],[-73.99914264678955,40.751081136030535],[-73.99911046028137,40.751125838136545],[-73.99922311306,40.75117054021251]]]}},{"type":"Feature","properties":{"id":"38613339-3339-3639-A430-316164386135","building_id":"c09d14b1-48a9-4169-b95e-eece288eafeb","height":18,"min_height":0},"geometry":{"type":"Polygon","coordinates":[[[-74.00162100791931,40.751865450437606],[-74.00171756744385,40.75173540931044],[-74.00149762630463,40.75164600588798],[-74.00136888027191,40.7518288763963],[-74.00140106678009,40.75184106774566],[-74.0014386177063,40.75178823854904],[-74.00162100791931,40.751865450437606]]]}},{"type":"Feature","properties":{"id":"39323231-3466-3936-A231-336332653834","building_id":"9d3ddc43-b5b3-4fbf-bc13-73af8febe9bb","height":37,"min_height":0},"geometry":{"type":"Polygon","coordinates":[[[-74.00316596031189,40.75151596433162],[-74.00354146957397,40.75167445244452],[-74.0035629272461,40.75164600588798],[-74.00348782539368,40.75161349552275],[-74.0034931898117,40.75160536792896],[-74.00326788425446,40.75150783672592],[-74.00326251983643,40.75152002813411],[-74.00318741798401,40.75148751770726],[-74.00316596031189,40.75151596433162]]]}},{"type":"Feature","properties":{"id":"62323665-6131-3761-B935-373963663035","building_id":"f0008e74-ae8e-4f3f-8243-790bb1aea936","height":60,"min_height":51.5},"geometry":{"type":"Polygon","coordinates":[[[-74.00237739086151,40.747533318507124],[-74.0023398399353,40.7475780229982],[-74.00240421295166,40.747606471295086],[-74.00244176387787,40.74755770277872],[-74.00237739086151,40.747533318507124]]]}},{"type":"Feature","properties":{"id":"65393336-6235-3438-A634-323136323063","building_id":"f0008e74-ae8e-4f3f-8243-790bb1aea936","height":51.5,"min_height":47},"geometry":{"type":"Polygon","coordinates":[[[-74.00230765342712,40.747500806131086],[-74.0023022890091,40.74750487017897],[-74.00229156017303,40.747500806131086],[-74.00223791599274,40.747582087041366],[-74.00227010250092,40.74759427916936],[-74.002286195755,40.74756989491115],[-74.00231301784515,40.74758615108428],[-74.00231301784515,40.747590215126934],[-74.00241494178772,40.74763085553985],[-74.00242030620575,40.74762679149967],[-74.0024471282959,40.74763898361945],[-74.00243103504181,40.74765930381412],[-74.00246322154999,40.74767149592793],[-74.00249004364014,40.74763898361945],[-74.00251150131226,40.74765117573699],[-74.00251686573029,40.74763898361945],[-74.00252759456635,40.7476430476589],[-74.0025544166565,40.747606471295086],[-74.00254368782043,40.747602407253396],[-74.00254905223846,40.74759834321151],[-74.00247395038605,40.74756176682311],[-74.00247931480408,40.747553638734075],[-74.00236129760742,40.74750487017897],[-74.00235593318939,40.747512998273976],[-74.00231301784515,40.747492678034604],[-74.00230765342712,40.747500806131086]]]}},{"type":"Feature","properties":{"id":"35303861-3734-3862-A162-666239663566","building_id":"2e7113ea-6ffd-410e-b8fc-03518996cff2","height":46.6,"min_height":44},"geometry":{"type":"Polygon","coordinates":[[[-74.00226473808289,40.75069913498976],[-74.00222182273865,40.75076009274983],[-74.00229156017303,40.7507885396854],[-74.00233447551727,40.75072758195142],[-74.00226473808289,40.75069913498976]]]}},{"type":"Feature","properties":{"id":"66643934-3133-3932-B339-393565343766","building_id":"a66e9a4f-10c7-4f61-b490-1395d1534731","height":20,"min_height":0},"geometry":{"type":"Polygon","coordinates":[[[-73.99868667125702,40.75074790120229],[-73.9986652135849,40.750784475838174],[-73.9989173412323,40.750886071943484],[-73.9990246295929,40.75073977350269],[-73.9987725019455,40.75063411331746],[-73.99874567985535,40.75066662416157],[-73.99881541728973,40.7506950711371],[-73.9987564086914,40.75077634814306],[-73.99868667125702,40.75074790120229]]]}},{"type":"Feature","properties":{"id":"35303935-6133-3732-A561-653636393065","building_id":"8f00e870-b888-476c-9d5d-a406c2623956","height":26,"min_height":5.5},"geometry":{"type":"Polygon","coordinates":[[[-74.00108993053436,40.751125838136545],[-74.00100409984589,40.751089263688414],[-74.00095582008362,40.751150221090796],[-74.0010416507721,40.751190859328034],[-74.00108993053436,40.751125838136545]]]}},{"type":"Feature","properties":{"id":"35363239-3865-3064-B965-666630663562","building_id":"434c40a3-edc3-4605-96e3-1216d68018f2","height":18,"min_height":0},"geometry":{"type":"Polygon","coordinates":[[[-73.99695932865143,40.74161173985215],[-73.99698615074158,40.741623933074635],[-73.99702370166779,40.74156703135051],[-73.99699687957764,40.741554838117565],[-73.99695932865143,40.74161173985215]]]}},{"type":"Feature","properties":{"id":"63393030-6164-3837-B330-366366653637","building_id":"ccf66c56-83c3-4db8-a313-6abb16dc385c","height":47,"min_height":0},"geometry":{"type":"Polygon","coordinates":[[[-74.00171220302582,40.74567602354509],[-74.00177121162415,40.74559880446952],[-74.00174975395203,40.74558661197574],[-74.00185704231262,40.74544030187562],[-74.00184094905853,40.74543623770157],[-74.00173366069794,40.74559067614055],[-74.00175511837006,40.745602868633625],[-74.00170147418976,40.74567602354509],[-74.00171220302582,40.74567602354509]]]}},{"type":"Feature","properties":{"id":"61393737-3536-3633-B734-323032346630","building_id":"25d032d0-78c4-407a-9a97-0d5533855e3d","height":54,"min_height":45},"geometry":{"type":"Polygon","coordinates":[[[-74.00164783000946,40.7468139784728],[-74.00165319442749,40.74680585029236],[-74.0015298128128,40.746748953001486],[-74.00151908397675,40.746761145282164],[-74.00164783000946,40.7468139784728]]]}},{"type":"Feature","properties":{"id":"38656139-3166-3737-A131-653636386333","building_id":"8cb78d4f-76f4-437e-b22a-3116a3c8ed02","height":67,"min_height":63.5},"geometry":{"type":"Polygon","coordinates":[[[-74.00102019309998,40.74133942396725],[-74.00105774402618,40.741286586427606],[-74.00084853172302,40.741201233390285],[-74.00081098079681,40.74125407099771],[-74.00102019309998,40.74133942396725]]]}},{"type":"Feature","properties":{"id":"32636335-3138-3364-A439-383661633165","building_id":"7e21060f-d4ae-4bc1-89f7-766cd0f965e8","height":65,"min_height":0},"geometry":{"type":"Polygon","coordinates":[[[-74.00318205356598,40.74111181580514],[-74.00296747684479,40.74102239809977],[-74.00295674800873,40.741038655873325],[-74.00316596031189,40.74112807355684],[-74.00318205356598,40.74111181580514]]]}},{"type":"Feature","properties":{"id":"39396431-3132-3563-B830-636366613039","building_id":"173284e4-8a2c-4861-90df-e1daf9928fb7","height":50,"min_height":46.6},"geometry":{"type":"Polygon","coordinates":[[[-73.99740993976593,40.742249848827214],[-73.99744749069214,40.7422010763828],[-73.99737775325775,40.74217262577366],[-73.99735629558563,40.7422010763828],[-73.99740993976593,40.7422254626095],[-73.99739384651184,40.74224578445822],[-73.99740993976593,40.742249848827214]]]}},{"type":"Feature","properties":{"id":"39343463-6230-3031-A538-313033366438","building_id":"173284e4-8a2c-4861-90df-e1daf9928fb7","height":46.6,"min_height":0},"geometry":{"type":"Polygon","coordinates":[[[-73.99757087230682,40.74208320949441],[-73.99737775325775,40.74200192186345],[-73.99721682071686,40.742221398238996],[-73.99759232997894,40.74237990850426],[-73.99766206741333,40.74228236377033],[-73.99764597415924,40.742278299403296],[-73.99768352508545,40.74222952697974],[-73.99757623672485,40.74218481889335],[-73.99757087230682,40.74219294763856],[-73.99746894836426,40.74215230390257],[-73.99750113487244,40.742111660141745],[-73.99753868579865,40.74212791764904],[-73.99757087230682,40.74208320949441]]]}},{"type":"Feature","properties":{"id":"33633032-3534-3666-A333-616131636630","building_id":"ccf66c56-83c3-4db8-a313-6abb16dc385c","height":47,"min_height":0},"geometry":{"type":"Polygon","coordinates":[[[-74.00141179561615,40.74550939279632],[-74.00140106678009,40.7455297136417],[-74.00158882141113,40.74561099696109],[-74.00157809257507,40.745631317775434],[-74.00170683860779,40.74568415186363],[-74.00171220302582,40.74567602354509],[-74.00158882141113,40.74562725361304],[-74.00160491466522,40.7456069327975],[-74.00141716003418,40.74552564947314],[-74.00142252445221,40.74551345696588],[-74.00141179561615,40.74550939279632]]]}},{"type":"Feature","properties":{"id":"34623263-3639-3132-B462-656166613930","building_id":"5aa35efd-797a-4fa0-b223-f77c74cbff13","height":5,"min_height":0},"geometry":{"type":"Polygon","coordinates":[[[-73.9963960647583,40.74235552233418],[-73.99629950523376,40.742310814332484],[-73.99613857269287,40.742530289688744],[-73.99620831012726,40.74255874014486],[-73.9962887763977,40.74244900260422],[-73.99631559848785,40.74246119567323],[-73.9963960647583,40.74235552233418]]]}},{"type":"Feature","properties":{"id":"30623165-6565-3565-A462-626630373362","building_id":"ccf66c56-83c3-4db8-a313-6abb16dc385c","height":6,"min_height":0},"geometry":{"type":"Polygon","coordinates":[[[-74.00162637233734,40.74542404517797],[-74.0016371011734,40.74541591682765],[-74.00164783000946,40.745411852652126],[-74.00166392326355,40.745419981002925],[-74.00169610977173,40.74537527506115],[-74.00156736373901,40.74531837654632],[-74.0015298128128,40.745367146704865],[-74.00155663490295,40.74537933923892],[-74.0015459060669,40.745391531770736],[-74.00162637233734,40.74542404517797]]]}},{"type":"Feature","properties":{"id":"61653533-3734-3037-B235-333033336434","building_id":"25d032d0-78c4-407a-9a97-0d5533855e3d","height":51,"min_height":45},"geometry":{"type":"Polygon","coordinates":[[[-74.00165319442749,40.74680585029236],[-74.00166392326355,40.74679365801981],[-74.00153517723083,40.74674082481309],[-74.0015298128128,40.746748953001486],[-74.00165319442749,40.74680585029236]]]}},{"type":"Feature","properties":{"id":"61386663-3833-3437-B562-623361363038","building_id":"11d542b8-bf41-4f73-8b73-87490954e136","height":9,"min_height":0},"geometry":{"type":"Polygon","coordinates":[[[-73.99658918380737,40.74558254781061],[-73.99665355682373,40.745570355313816],[-73.99669647216797,40.74550532862651],[-73.99634778499603,40.745359018347614],[-73.9963048696518,40.745419981002925],[-73.99632096290588,40.745472815259006],[-73.99658918380737,40.74558254781061]]]}},{"type":"Feature","properties":{"id":"38343165-3234-3939-B036-366265336463","building_id":"7e21060f-d4ae-4bc1-89f7-766cd0f965e8","height":65,"min_height":0},"geometry":{"type":"Polygon","coordinates":[[[-74.00335907936096,40.74165644832371],[-74.00336980819702,40.74164019070116],[-74.00316059589386,40.74155077370611],[-74.0031498670578,40.74156703135051],[-74.00335907936096,40.74165644832371]]]}},{"type":"Feature","properties":{"id":"38316264-3735-3537-A135-653930666536","building_id":"8cb78d4f-76f4-437e-b22a-3116a3c8ed02","height":8,"min_height":0},"geometry":{"type":"Polygon","coordinates":[[[-74.00126159191132,40.7410549136429],[-74.00095582008362,40.74092485137501],[-74.0007734298706,40.74117684678805],[-74.0007895231247,40.741180911222386],[-74.00065004825592,40.74137193935539],[-74.00093972682953,40.7414938719194],[-74.00101482868195,40.741396325886086],[-74.00077879428864,40.741298779709695],[-74.0007895231247,40.74128252199972],[-74.00075197219849,40.74126626428577],[-74.00083243846893,40.741156524612734],[-74.00086998939514,40.74117278235349],[-74.0008807182312,40.741156524612734],[-74.00108993053436,40.741245942137766],[-74.00117039680481,40.741140266868],[-74.00119185447693,40.74114839574088],[-74.00126159191132,40.7410549136429]]]}},{"type":"Feature","properties":{"id":"35323736-6338-3637-A434-633164643332","building_id":"11d542b8-bf41-4f73-8b73-87490954e136","height":45,"min_height":0},"geometry":{"type":"Polygon","coordinates":[[[-73.99606347084045,40.74581826897591],[-73.99618685245514,40.745647574422435],[-73.99610638618469,40.74561912528759],[-73.99605810642242,40.74568415186363],[-73.9959990978241,40.745655702744415],[-73.99603128433228,40.745615061124454],[-73.99599373340607,40.74559880446952],[-73.99588644504547,40.74574511422091],[-73.99606347084045,40.74581826897591]]]}},{"type":"Feature","properties":{"id":"34616164-3435-3265-B833-303032343330","building_id":"e2e1e215-03de-441b-801e-6c6d093211de","height":38.8,"min_height":0},"geometry":{"type":"Polygon","coordinates":[[[-73.9969003200531,40.74316432553874],[-73.99696469306946,40.74307084627404],[-73.99668574333191,40.74295298092696],[-73.9965569972992,40.74312774671168],[-73.99674475193024,40.74320903296672],[-73.99680376052856,40.74312774671168],[-73.9969003200531,40.74316432553874]]]}},{"type":"Feature","properties":{"id":"66376332-3563-3966-A339-346137366238","building_id":"25d032d0-78c4-407a-9a97-0d5533855e3d","height":45,"min_height":0},"geometry":{"type":"Polygon","coordinates":[[[-74.00148153305054,40.7468911961374],[-74.0016907453537,40.74698060595284],[-74.00178730487823,40.74684649118461],[-74.00139570236206,40.74667986336851],[-74.00127232074738,40.74684649118461],[-74.00145471096039,40.746923708811465],[-74.00148153305054,40.7468911961374]]]}},{"type":"Feature","properties":{"id":"36613539-6630-3164-B030-356539646161","building_id":"7e21060f-d4ae-4bc1-89f7-766cd0f965e8","height":41,"min_height":0},"geometry":{"type":"Polygon","coordinates":[[[-74.00287091732025,40.741534516057726],[-74.00288164615631,40.74152232281884],[-74.00267243385315,40.741432905665334],[-74.00265634059906,40.74144916333856],[-74.00287091732025,40.741534516057726]]]}},{"type":"Feature","properties":{"id":"64613437-3766-3466-B761-313466316266","building_id":"b8745b38-ba42-467f-ba04-3857dbdf86f9","height":13.9,"min_height":0},"geometry":{"type":"Polygon","coordinates":[[[-74.00109529495239,40.74418852452871],[-74.00117576122284,40.74407878967705],[-74.00113821029663,40.74406253264658],[-74.00105774402618,40.74417226752507],[-74.00109529495239,40.74418852452871]]]}},{"type":"Feature","properties":{"id":"66306665-3332-3837-A561-653062363838","building_id":"25d032d0-78c4-407a-9a97-0d5533855e3d","height":71,"min_height":66},"geometry":{"type":"Polygon","coordinates":[[[-74.0015298128128,40.74682617074157],[-74.00154054164886,40.74684242709651],[-74.00156199932098,40.74684242709651],[-74.00157809257507,40.74683429891954],[-74.0015834569931,40.7468139784728],[-74.00156736373901,40.74680178620176],[-74.0015459060669,40.74680178620176],[-74.0015298128128,40.74680991438268],[-74.0015298128128,40.74682617074157]]]}},{"type":"Feature","properties":{"id":"37623738-3263-3563-A664-343163396639","building_id":"7e21060f-d4ae-4bc1-89f7-766cd0f965e8","height":65,"min_height":0},"geometry":{"type":"Polygon","coordinates":[[[-74.00272607803345,40.74094110917244],[-74.0027368068695,40.74092485137501],[-74.00256514549255,40.740847626783165],[-74.00254905223846,40.740863884599406],[-74.00272607803345,40.74094110917244]]]}},{"type":"Feature","properties":{"id":"64363530-6138-3234-B666-643965646234","building_id":"8cb78d4f-76f4-437e-b22a-3116a3c8ed02","height":57,"min_height":0},"geometry":{"type":"Polygon","coordinates":[[[-74.0007895231247,40.74128252199972],[-74.00086998939514,40.74117278235349],[-74.00083243846893,40.741156524612734],[-74.00075197219849,40.74126626428577],[-74.0007895231247,40.74128252199972]]]}},{"type":"Feature","properties":{"id":"36363632-3835-3636-B734-376165346133","building_id":"25d032d0-78c4-407a-9a97-0d5533855e3d","height":60,"min_height":57},"geometry":{"type":"Polygon","coordinates":[[[-74.00167465209961,40.74691964472808],[-74.00171220302582,40.74686274753455],[-74.0016371011734,40.74683023483067],[-74.00164783000946,40.7468139784728],[-74.00151908397675,40.746761145282164],[-74.00150835514069,40.746773337560654],[-74.00141716003418,40.746736760718505],[-74.00140643119812,40.74675301709527],[-74.001384973526,40.746744888907386],[-74.00134205818176,40.74680585029236],[-74.00136351585388,40.7468139784728],[-74.00132596492767,40.74685868344744],[-74.00142252445221,40.74689932430741],[-74.00145471096039,40.74685868344744],[-74.00147080421448,40.74686274753455],[-74.00147616863251,40.74685461936008],[-74.00150299072266,40.7468668116214],[-74.00151371955872,40.74685055527246],[-74.00167465209961,40.74691964472808]]]}},{"type":"Feature","properties":{"id":"30626130-3163-3533-B661-373062333636","building_id":"7e21060f-d4ae-4bc1-89f7-766cd0f965e8","height":56,"min_height":0},"geometry":{"type":"Polygon","coordinates":[[[-74.00256514549255,40.740847626783165],[-74.00261342525482,40.74078665993676],[-74.00246858596802,40.740729757496354],[-74.0024471282959,40.740754144262496],[-74.00251686573029,40.74078665993676],[-74.00253295898438,40.740815111138716],[-74.00252223014832,40.74082730450721],[-74.00256514549255,40.740847626783165]]]}},{"type":"Feature","properties":{"id":"39303163-6363-3366-A666-383263376131","building_id":"11d542b8-bf41-4f73-8b73-87490954e136","height":48,"min_height":0},"geometry":{"type":"Polygon","coordinates":[[[-73.99605810642242,40.74568415186363],[-73.99621367454529,40.74547687943084],[-73.99614930152893,40.74544843022298],[-73.9959990978241,40.745655702744415],[-73.99605810642242,40.74568415186363]]]}},{"type":"Feature","properties":{"id":"34353037-3031-3566-A631-636633383135","building_id":"7e21060f-d4ae-4bc1-89f7-766cd0f965e8","height":80,"min_height":0},"geometry":{"type":"Polygon","coordinates":[[[-74.00323033332825,40.74143697008401],[-74.0033107995987,40.741327230692605],[-74.00307476520538,40.74122561998354],[-74.00299429893494,40.74133942396725],[-74.00323033332825,40.74143697008401]]]}},{"type":"Feature","properties":{"id":"66393036-3939-3132-B138-613831396162","building_id":"11d542b8-bf41-4f73-8b73-87490954e136","height":39,"min_height":0},"geometry":{"type":"Polygon","coordinates":[[[-73.99668574333191,40.74552564947314],[-73.99682521820068,40.74558661197574],[-73.99683594703674,40.745566291147725],[-73.99669647216797,40.74550532862651],[-73.99668574333191,40.74552564947314]]]}},{"type":"Feature","properties":{"id":"39373735-3762-3234-A135-306361323330","building_id":"ef794193-153e-4e01-84d6-15f2397d3451","height":30,"min_height":0},"geometry":{"type":"Polygon","coordinates":[[[-74.00291919708252,40.74185560387747],[-74.0029513835907,40.74181495993534],[-74.0028977394104,40.74179463795494],[-74.00286555290222,40.74183528190946],[-74.00291919708252,40.74185560387747]]]}},{"type":"Feature","properties":{"id":"61613665-3137-3666-A534-326364653237","building_id":"014daeff-db3c-4de4-8786-ed49b1b59203","height":17,"min_height":0},"geometry":{"type":"Polygon","coordinates":[[[-73.99964153766632,40.74506233262724],[-73.99966299533844,40.74502981904317],[-73.99962544441223,40.74501356224519],[-73.99960398674011,40.74504607583722],[-73.99964153766632,40.74506233262724]]]}},{"type":"Feature","properties":{"id":"64353234-6563-3364-B639-303739393933","building_id":"a1b3db46-629f-4163-be41-7bc2a809d571","height":23,"min_height":0},"geometry":{"type":"Polygon","coordinates":[[[-73.99552166461945,40.743810548166266],[-73.99556457996368,40.743757712589655],[-73.9954948425293,40.74372926264638],[-73.99545192718506,40.74378209824562],[-73.99552166461945,40.743810548166266]]]}},{"type":"Feature","properties":{"id":"39313261-6233-3363-A462-303162353339","building_id":"ccf66c56-83c3-4db8-a313-6abb16dc385c","height":54.4,"min_height":0},"geometry":{"type":"Polygon","coordinates":[[[-74.00163173675537,40.745541906145945],[-74.00167465209961,40.74548500777371],[-74.00158882141113,40.74545249439626],[-74.00155127048492,40.74550939279632],[-74.00163173675537,40.745541906145945]]]}},{"type":"Feature","properties":{"id":"63323763-3935-3164-B064-343639313438","building_id":"434c40a3-edc3-4605-96e3-1216d68018f2","height":18,"min_height":0},"geometry":{"type":"Polygon","coordinates":[[[-73.99721682071686,40.74164831951293],[-73.99718999862671,40.74163612629491],[-73.99716854095459,40.74166457713349],[-73.99719536304474,40.74167677034632],[-73.99721682071686,40.74164831951293]]]}},{"type":"Feature","properties":{"id":"62626237-3165-3235-B539-633330376464","building_id":"014daeff-db3c-4de4-8786-ed49b1b59203","height":30,"min_height":0},"geometry":{"type":"Polygon","coordinates":[[[-73.99965226650238,40.74505014003509],[-73.99965763092041,40.74504201163907],[-73.99965226650238,40.74502575484405],[-73.99964153766632,40.74502169064468],[-73.9996200799942,40.74502575484405],[-73.99961471557617,40.74503388324206],[-73.9996200799942,40.74505014003509],[-73.99963080883026,40.74505420423273],[-73.99965226650238,40.74505014003509]]]}},{"type":"Feature","properties":{"id":"39656566-3962-3139-B334-386263643338","building_id":"11d542b8-bf41-4f73-8b73-87490954e136","height":53.8,"min_height":0},"geometry":{"type":"Polygon","coordinates":[[[-73.99646043777466,40.74576543499427],[-73.99653553962708,40.74579794821872],[-73.99664282798767,40.745647574422435],[-73.99656772613525,40.74561912528759],[-73.99646043777466,40.74576543499427]]]}},{"type":"Feature","properties":{"id":"66316536-3362-3663-B331-353065333139","building_id":"25d032d0-78c4-407a-9a97-0d5533855e3d","height":51,"min_height":45},"geometry":{"type":"Polygon","coordinates":[[[-74.00136888027191,40.746736760718505],[-74.00135815143585,40.746732696623695],[-74.00130987167358,40.74679365801981],[-74.00132596492767,40.7467977221109],[-74.00136888027191,40.746736760718505]]]}},{"type":"Feature","properties":{"id":"38363666-6364-3439-A138-396334346462","building_id":"7e21060f-d4ae-4bc1-89f7-766cd0f965e8","height":65,"min_height":0},"geometry":{"type":"Polygon","coordinates":[[[-74.0024846792221,40.74126626428577],[-74.00230765342712,40.74119716895717],[-74.00229692459106,40.741213426688034],[-74.00247395038605,40.74128252199972],[-74.0024846792221,40.74126626428577]]]}},{"type":"Feature","properties":{"id":"39633237-3433-3338-A261-386231373532","building_id":"11d542b8-bf41-4f73-8b73-87490954e136","height":53.8,"min_height":0},"geometry":{"type":"Polygon","coordinates":[[[-73.99610638618469,40.74561912528759],[-73.99618685245514,40.745647574422435],[-73.9962887763977,40.74550532862651],[-73.99621367454529,40.745472815259006],[-73.99610638618469,40.74561912528759]]]}},{"type":"Feature","properties":{"id":"61316539-3132-3064-B566-623965303865","building_id":"434c40a3-edc3-4605-96e3-1216d68018f2","height":18,"min_height":0},"geometry":{"type":"Polygon","coordinates":[[[-73.99668037891388,40.741993793094906],[-73.99670720100403,40.742005986247364],[-73.99675011634827,40.74195314923722],[-73.99671792984009,40.74194095607507],[-73.99668037891388,40.741993793094906]]]}},{"type":"Feature","properties":{"id":"32643732-3038-3234-B233-396265636439","building_id":"434c40a3-edc3-4605-96e3-1216d68018f2","height":18,"min_height":0},"geometry":{"type":"Polygon","coordinates":[[[-73.99691641330719,40.74206288759598],[-73.99688959121704,40.74205069445392],[-73.99687349796295,40.74207508073579],[-73.9969003200531,40.742087273873324],[-73.99691641330719,40.74206288759598]]]}},{"type":"Feature","properties":{"id":"30663330-3762-3361-B939-386233613036","building_id":"7cc8aae6-7044-4900-8dc6-a3115d6a2c2c","height":53,"min_height":0},"geometry":{"type":"Polygon","coordinates":[[[-73.9950281381607,40.74451366376701],[-73.99496376514435,40.74448521414709],[-73.99500131607056,40.74442831487082],[-73.9950281381607,40.74443644334184],[-73.99504959583282,40.744407993688895],[-73.99510324001312,40.744432379106456],[-73.99523735046387,40.74425355250352],[-73.99522662162781,40.74424948825697],[-73.99524807929993,40.744221038524074],[-73.99514079093933,40.74417633177637],[-73.99497449398041,40.744399865214376],[-73.99484574794769,40.74434703010593],[-73.99478137493134,40.744432379106456],[-73.99501740932465,40.74452992068717],[-73.9950281381607,40.74451366376701]]]}},{"type":"Feature","properties":{"id":"32353038-6332-3930-B065-653130303337","building_id":"25d032d0-78c4-407a-9a97-0d5533855e3d","height":57,"min_height":45},"geometry":{"type":"Polygon","coordinates":[[[-74.00129914283752,40.74685868344744],[-74.00145471096039,40.746923708811465],[-74.0014922618866,40.746874939794395],[-74.00166928768158,40.7469480933066],[-74.00173902511597,40.74685461936008],[-74.00140643119812,40.746712376145894],[-74.00129914283752,40.74685868344744]]]}},{"type":"Feature","properties":{"id":"30343433-3036-3431-A264-666362366337","building_id":"15dd5709-b10e-4c3e-a2f8-a6a14b34110e","height":6,"min_height":0},"geometry":{"type":"Polygon","coordinates":[[[-74.00191605091095,40.743863383700926],[-74.00206625461578,40.743928411993664],[-74.0020877122879,40.743895897855225],[-74.00193750858307,40.74383086953071],[-74.00191605091095,40.743863383700926]]]}},{"type":"Feature","properties":{"id":"38663466-3334-3363-B537-363964633631","building_id":"15dd5709-b10e-4c3e-a2f8-a6a14b34110e","height":13,"min_height":0},"geometry":{"type":"Polygon","coordinates":[[[-74.00191605091095,40.743863383700926],[-74.00193750858307,40.74383086953071],[-74.00183022022247,40.743790226795625],[-74.00180876255035,40.743818676712806],[-74.00191605091095,40.743863383700926]]]}},{"type":"Feature","properties":{"id":"38653766-3362-3330-A531-633761333465","building_id":"25d032d0-78c4-407a-9a97-0d5533855e3d","height":66,"min_height":60},"geometry":{"type":"Polygon","coordinates":[[[-74.00147616863251,40.74684242709651],[-74.00148689746857,40.74682617074157],[-74.00157272815704,40.7468668116214],[-74.00161564350128,40.74680991438268],[-74.00153517723083,40.74677740165299],[-74.00151371955872,40.74680991438268],[-74.00146007537842,40.74678552983693],[-74.00143325328827,40.74682210665222],[-74.00147616863251,40.74684242709651]]]}},{"type":"Feature","properties":{"id":"38303130-3631-3335-B664-323530636437","building_id":"7e21060f-d4ae-4bc1-89f7-766cd0f965e8","height":41,"min_height":0},"geometry":{"type":"Polygon","coordinates":[[[-74.00278508663177,40.740859820145715],[-74.00261342525482,40.74078665993676],[-74.00259733200073,40.74080291776792],[-74.00276899337769,40.74087607795903],[-74.00278508663177,40.740859820145715]]]}},{"type":"Feature","properties":{"id":"35613130-6539-3066-B237-643231383064","building_id":"434c40a3-edc3-4605-96e3-1216d68018f2","height":42,"min_height":0},"geometry":{"type":"Polygon","coordinates":[[[-73.99673402309418,40.741969406783284],[-73.99690568447113,40.74204256569135],[-73.99716854095459,40.74168083475007],[-73.99699687957764,40.74160767544416],[-73.99692177772522,40.74171334997132],[-73.99667501449585,40.74161173985215],[-73.99656236171722,40.74176212277342],[-73.9968091249466,40.74186373266289],[-73.99673402309418,40.741969406783284]]]}},{"type":"Feature","properties":{"id":"34393036-3434-3431-B731-353231353836","building_id":"014daeff-db3c-4de4-8786-ed49b1b59203","height":17,"min_height":0},"geometry":{"type":"Polygon","coordinates":[[[-73.99978637695312,40.745119231361116],[-73.99980783462524,40.74509078200026],[-73.999764919281,40.74507452521718],[-73.99974346160889,40.745102974584995],[-73.99978637695312,40.745119231361116]]]}},{"type":"Feature","properties":{"id":"64383934-6566-3566-A134-653539626366","building_id":"7e21060f-d4ae-4bc1-89f7-766cd0f965e8","height":41,"min_height":0},"geometry":{"type":"Polygon","coordinates":[[[-74.00243639945984,40.74133535954263],[-74.00226473808289,40.74126219985669],[-74.0022486448288,40.74127845757161],[-74.00242567062378,40.74135161723967],[-74.00243639945984,40.74133535954263]]]}},{"type":"Feature","properties":{"id":"31633562-6663-3962-B437-383366656533","building_id":"0b329443-ce43-417c-9c44-b11e2625887d","height":21,"min_height":0},"geometry":{"type":"Polygon","coordinates":[[[-74.00347173213959,40.74393247625983],[-74.0034556388855,40.74396092611616],[-74.00349855422974,40.74397718317147],[-74.00351464748383,40.74395279758701],[-74.00347173213959,40.74393247625983]]]}},{"type":"Feature","properties":{"id":"36373237-6132-3336-A634-333833323330","building_id":"434c40a3-edc3-4605-96e3-1216d68018f2","height":5,"min_height":0},"geometry":{"type":"Polygon","coordinates":[[[-73.99668037891388,40.741993793094906],[-73.99671792984009,40.74194095607507],[-73.99675011634827,40.74195314923722],[-73.9968091249466,40.74186373266289],[-73.99656236171722,40.74176212277342],[-73.99646043777466,40.741900312185095],[-73.99668037891388,40.741993793094906]]]}},{"type":"Feature","properties":{"id":"32303637-6432-3231-A362-633737313737","building_id":"7e21060f-d4ae-4bc1-89f7-766cd0f965e8","height":65,"min_height":0},"geometry":{"type":"Polygon","coordinates":[[[-74.00291919708252,40.74146948542446],[-74.00292992591858,40.74145322775624],[-74.00271534919739,40.74136381050985],[-74.00270462036133,40.74138006819993],[-74.00291919708252,40.74146948542446]]]}},{"type":"Feature","properties":{"id":"30373231-6233-3162-B361-333162616633","building_id":"7e21060f-d4ae-4bc1-89f7-766cd0f965e8","height":56,"min_height":0},"geometry":{"type":"Polygon","coordinates":[[[-74.00224328041077,40.740632210342454],[-74.00212526321411,40.74058343671186],[-74.00201261043549,40.74074195088056],[-74.00202333927155,40.7407500798021],[-74.00210380554199,40.74063627481007],[-74.00214672088623,40.74062814587461],[-74.00222182273865,40.74066066161046],[-74.00224328041077,40.740632210342454]]]}},{"type":"Feature","properties":{"id":"35626639-3236-3465-B535-393736623365","building_id":"11d542b8-bf41-4f73-8b73-87490954e136","height":48,"min_height":0},"geometry":{"type":"Polygon","coordinates":[[[-73.99655163288116,40.74588735950397],[-73.996701836586,40.74568008770447],[-73.99664282798767,40.745655702744415],[-73.99648725986481,40.745858910471696],[-73.99655163288116,40.74588735950397]]]}},{"type":"Feature","properties":{"id":"36353363-3331-3533-A334-316663666265","building_id":"11d542b8-bf41-4f73-8b73-87490954e136","height":39,"min_height":0},"geometry":{"type":"Polygon","coordinates":[[[-73.9961975812912,40.74531837654632],[-73.99633705615997,40.74537933923892],[-73.99634778499603,40.745359018347614],[-73.99620831012726,40.74530211981889],[-73.9961975812912,40.74531837654632]]]}},{"type":"Feature","properties":{"id":"34633033-3030-3435-B334-643031643034","building_id":"ccf66c56-83c3-4db8-a313-6abb16dc385c","height":35,"min_height":0},"geometry":{"type":"Polygon","coordinates":[[[-74.00140643119812,40.74551752113521],[-74.00141179561615,40.74550939279632],[-74.0012401342392,40.74543623770157],[-74.00122404098511,40.74545655856929],[-74.00112748146057,40.745411852652126],[-74.00112211704254,40.74542404517797],[-74.00122940540314,40.745468751086946],[-74.00124549865723,40.74544843022298],[-74.00140643119812,40.74551752113521]]]}},{"type":"Feature","properties":{"id":"39343463-3662-3163-B539-313263366233","building_id":"173284e4-8a2c-4861-90df-e1daf9928fb7","height":53.3,"min_height":46.6},"geometry":{"type":"Polygon","coordinates":[[[-73.99740993976593,40.742249848827214],[-73.99747967720032,40.74228236377033],[-73.99751722812653,40.74223359134973],[-73.99749040603638,40.742221398238996],[-73.99752259254456,40.742180754520405],[-73.99747967720032,40.74216043265176],[-73.99740993976593,40.742249848827214]]]}},{"type":"Feature","properties":{"id":"30336536-6362-3437-A138-323566636432","building_id":"15dd5709-b10e-4c3e-a2f8-a6a14b34110e","height":20,"min_height":0},"geometry":{"type":"Polygon","coordinates":[[[-74.00181949138641,40.74409098244726],[-74.00196969509125,40.74388370504923],[-74.00176048278809,40.74379429107023],[-74.00161027908325,40.74400156874694],[-74.00181949138641,40.74409098244726]]]}},{"type":"Feature","properties":{"id":"64343165-3736-3330-B039-663039396132","building_id":"7e21060f-d4ae-4bc1-89f7-766cd0f965e8","height":41,"min_height":0},"geometry":{"type":"Polygon","coordinates":[[[-74.00322496891022,40.74104678475862],[-74.00301575660706,40.74095736696583],[-74.003005027771,40.74097362475527],[-74.00321424007416,40.74106304252621],[-74.00322496891022,40.74104678475862]]]}},{"type":"Feature","properties":{"id":"62343839-3339-3866-A531-626464353932","building_id":"11d542b8-bf41-4f73-8b73-87490954e136","height":45,"min_height":0},"geometry":{"type":"Polygon","coordinates":[[[-73.99651408195496,40.74600928379013],[-73.99662137031555,40.74586297461991],[-73.99658381938934,40.74584671802555],[-73.99655163288116,40.74588735950397],[-73.99648725986481,40.745858910471696],[-73.99653553962708,40.74579794821872],[-73.99646043777466,40.74576543499427],[-73.99633705615997,40.7459320651015],[-73.99651408195496,40.74600928379013]]]}},{"type":"Feature","properties":{"id":"39313334-3765-3934-A466-653139323738","building_id":"1587b6d8-3e3b-4454-aa70-b966fd27c2c0","height":21,"min_height":0},"geometry":{"type":"Polygon","coordinates":[[[-74.00351464748383,40.7443551585869],[-74.0034931898117,40.74438360826241],[-74.00354146957397,40.744399865214376],[-74.00355756282806,40.744375479784935],[-74.00351464748383,40.7443551585869]]]}},{"type":"Feature","properties":{"id":"38343134-3138-3663-B463-656662343666","building_id":"e2e1e215-03de-441b-801e-6c6d093211de","height":4,"min_height":0},"geometry":{"type":"Polygon","coordinates":[[[-73.99674475193024,40.74320903296672],[-73.99687349796295,40.743261868979204],[-73.99693250656128,40.74318058278871],[-73.99680376052856,40.74312774671168],[-73.99674475193024,40.74320903296672]]]}},{"type":"Feature","properties":{"id":"63636265-3736-3934-B138-653536313662","building_id":"11d542b8-bf41-4f73-8b73-87490954e136","height":56,"min_height":53.8},"geometry":{"type":"Polygon","coordinates":[[[-73.99613320827484,40.7456069327975],[-73.99618148803711,40.74562725361304],[-73.99622440338135,40.745562226981406],[-73.99618148803711,40.745545970313515],[-73.99613320827484,40.7456069327975]]]}},{"type":"Feature","properties":{"id":"31623230-6261-3661-B236-623837653933","building_id":"bde7e143-4ecd-4b30-aab9-fa3b4f0ed63f","height":24.8,"min_height":0},"geometry":{"type":"Polygon","coordinates":[[[-73.99946987628937,40.74461120522852],[-73.99939477443695,40.74471281076549],[-73.99948060512543,40.74474938872078],[-73.999582529068,40.74461120522852],[-73.99929285049438,40.744489278379234],[-73.99919092655182,40.74462339790114],[-73.9992606639862,40.74465184746194],[-73.99933576583862,40.74455024183183],[-73.9993679523468,40.74455837028796],[-73.99928748607635,40.744664040127134],[-73.9993679523468,40.74470061810925],[-73.99944305419922,40.744599012553664],[-73.99946987628937,40.74461120522852]]]}},{"type":"Feature","properties":{"id":"31373035-6262-3734-A362-396237643438","building_id":"25d032d0-78c4-407a-9a97-0d5533855e3d","height":71,"min_height":60},"geometry":{"type":"Polygon","coordinates":[[[-74.00147616863251,40.74685461936008],[-74.00150299072266,40.7468668116214],[-74.00151908397675,40.74684242709651],[-74.00148689746857,40.74682617074157],[-74.00147080421448,40.74685055527246],[-74.00147616863251,40.74685461936008]]]}},{"type":"Feature","properties":{"id":"33376334-6439-3738-B365-623939326662","building_id":"ccf66c56-83c3-4db8-a313-6abb16dc385c","height":5,"min_height":0},"geometry":{"type":"Polygon","coordinates":[[[-74.00157809257507,40.745631317775434],[-74.00158882141113,40.74561099696109],[-74.00140106678009,40.7455297136417],[-74.00140643119812,40.74551752113521],[-74.001384973526,40.74550939279632],[-74.00136351585388,40.74553784197812],[-74.00157809257507,40.745631317775434]]]}},{"type":"Feature","properties":{"id":"33313664-6334-3533-B035-373663313735","building_id":"7e21060f-d4ae-4bc1-89f7-766cd0f965e8","height":77,"min_height":0},"geometry":{"type":"Polygon","coordinates":[[[-74.00203943252563,40.740754144262496],[-74.00210380554199,40.74078259547835],[-74.00211453437805,40.740766337642214],[-74.0025007724762,40.74092891582475],[-74.00251150131226,40.74091265802437],[-74.0023934841156,40.740863884599406],[-74.00243639945984,40.74080698222511],[-74.0021413564682,40.740680983937295],[-74.00211989879608,40.74071349964734],[-74.00208234786987,40.74069724179432],[-74.00203943252563,40.740754144262496]]]}},{"type":"Feature","properties":{"id":"61613964-3566-3839-A235-343838336238","building_id":"434c40a3-edc3-4605-96e3-1216d68018f2","height":60,"min_height":54},"geometry":{"type":"Polygon","coordinates":[[[-73.99681448936462,40.74180683114389],[-73.99688422679901,40.74183528190946],[-73.99692714214325,40.741778380366156],[-73.99685204029083,40.74174992957623],[-73.99681448936462,40.74180683114389]]]}},{"type":"Feature","properties":{"id":"36393137-3438-3566-A634-346138663766","building_id":"a1b3db46-629f-4163-be41-7bc2a809d571","height":20.1,"min_height":0},"geometry":{"type":"Polygon","coordinates":[[[-73.99582743644714,40.74355449844225],[-73.9956396818161,40.743477276903434],[-73.99548411369324,40.743688619849195],[-73.99511933326721,40.743534176993364],[-73.99501740932465,40.7436764270052],[-73.99557530879974,40.743908090659005],[-73.99582743644714,40.74355449844225]]]}},{"type":"Feature","properties":{"id":"37656262-3430-3563-B639-366332653161","building_id":"434c40a3-edc3-4605-96e3-1216d68018f2","height":48,"min_height":45},"geometry":{"type":"Polygon","coordinates":[[[-73.99692177772522,40.741851539484344],[-73.99684131145477,40.74181495993534],[-73.99683058261871,40.74183121751517],[-73.99691104888916,40.74186373266289],[-73.99692177772522,40.741851539484344]]]}},{"type":"Feature","properties":{"id":"65353364-6263-3338-B835-633866336335","building_id":"8cd993e0-995a-41b8-8886-58185d35ca16","height":50,"min_height":0},"geometry":{"type":"Polygon","coordinates":[[[-74.00308012962341,40.74227017066852],[-74.0031498670578,40.7422986212359],[-74.00318205356598,40.74225391319598],[-74.00311231613159,40.7422254626095],[-74.00308012962341,40.74227017066852]]]}},{"type":"Feature","properties":{"id":"65383735-3764-3965-A635-393730396663","building_id":"434c40a3-edc3-4605-96e3-1216d68018f2","height":45,"min_height":42},"geometry":{"type":"Polygon","coordinates":[[[-73.99669647216797,40.741819024330624],[-73.9968091249466,40.74186373266289],[-73.99673402309418,40.741969406783284],[-73.99690568447113,40.74204256569135],[-73.99716854095459,40.74168083475007],[-73.99699687957764,40.74160767544416],[-73.99692177772522,40.74171334997132],[-73.99680376052856,40.74166457713349],[-73.99669647216797,40.741819024330624]]]}},{"type":"Feature","properties":{"id":"35633033-3738-3565-B737-383234396262","building_id":"7cc8aae6-7044-4900-8dc6-a3115d6a2c2c","height":40,"min_height":0},"geometry":{"type":"Polygon","coordinates":[[[-73.99510860443115,40.74454617760338],[-73.9950281381607,40.74451366376701],[-73.99501740932465,40.74452992068717],[-73.99478137493134,40.744432379106456],[-73.9947384595871,40.744489278379234],[-73.99505496025085,40.74462339790114],[-73.99510860443115,40.74454617760338]]]}},{"type":"Feature","properties":{"id":"35373761-6334-3337-B039-323536356635","building_id":"7cc8aae6-7044-4900-8dc6-a3115d6a2c2c","height":56.9,"min_height":0},"geometry":{"type":"Polygon","coordinates":[[[-73.99496376514435,40.74448521414709],[-73.99504959583282,40.74452179222757],[-73.99509251117706,40.74446489298259],[-73.99507105350494,40.744456764515036],[-73.99509251117706,40.74442831487082],[-73.99504959583282,40.744407993688895],[-73.9950281381607,40.74443644334184],[-73.99500131607056,40.74442831487082],[-73.99496376514435,40.74448521414709]]]}},{"type":"Feature","properties":{"id":"32356332-3234-3364-A339-633835353732","building_id":"ccf66c56-83c3-4db8-a313-6abb16dc385c","height":47,"min_height":0},"geometry":{"type":"Polygon","coordinates":[[[-74.00170147418976,40.74567602354509],[-74.00175511837006,40.745602868633625],[-74.00173366069794,40.74559067614055],[-74.00184094905853,40.74543623770157],[-74.00169610977173,40.74537527506115],[-74.00166392326355,40.745419981002925],[-74.00164783000946,40.745411852652126],[-74.0016371011734,40.74541591682765],[-74.00162637233734,40.74542404517797],[-74.00150835514069,40.74537527506115],[-74.00141179561615,40.74550939279632],[-74.00142252445221,40.74551345696588],[-74.00141716003418,40.74552564947314],[-74.00160491466522,40.7456069327975],[-74.00158882141113,40.74562725361304],[-74.00170147418976,40.74567602354509]]]}},{"type":"Feature","properties":{"id":"64636636-6232-3337-B962-373437393939","building_id":"173284e4-8a2c-4861-90df-e1daf9928fb7","height":57,"min_height":53.3},"geometry":{"type":"Polygon","coordinates":[[[-73.99746894836426,40.74225797756449],[-73.99747967720032,40.74225391319598],[-73.99748504161835,40.74223765571949],[-73.99747967720032,40.74222952697974],[-73.9974582195282,40.742221398238996],[-73.99744749069214,40.7422254626095],[-73.99743676185608,40.74224172008897],[-73.99744749069214,40.74225797756449],[-73.99746894836426,40.74225797756449]]]}},{"type":"Feature","properties":{"id":"64616435-3564-3162-B437-306335386237","building_id":"7e21060f-d4ae-4bc1-89f7-766cd0f965e8","height":77,"min_height":0},"geometry":{"type":"Polygon","coordinates":[[[-74.00187313556671,40.7409817536485],[-74.00191068649292,40.74099394698652],[-74.0018892288208,40.74102239809977],[-74.00218963623047,40.74115246017692],[-74.0022325515747,40.74109962248875],[-74.0023398399353,40.741144331304554],[-74.00235593318939,40.74112400911929],[-74.00198042392731,40.74096143141358],[-74.00198578834534,40.74094923806962],[-74.00191605091095,40.740920786925074],[-74.00187313556671,40.7409817536485]]]}},{"type":"Feature","properties":{"id":"38353764-6164-3362-A564-623439396666","building_id":"173284e4-8a2c-4861-90df-e1daf9928fb7","height":50,"min_height":46.6},"geometry":{"type":"Polygon","coordinates":[[[-73.9974957704544,40.74225797756449],[-73.99753868579865,40.742278299403296],[-73.99756014347076,40.742249848827214],[-73.99751722812653,40.74223359134973],[-73.9974957704544,40.74225797756449]]]}},{"type":"Feature","properties":{"id":"63636233-3638-3866-A461-336536653935","building_id":"b8745b38-ba42-467f-ba04-3857dbdf86f9","height":13.9,"min_height":0},"geometry":{"type":"Polygon","coordinates":[[[-74.00117576122284,40.74407878967705],[-74.00109529495239,40.74418852452871],[-74.00113821029663,40.744204781528396],[-74.00121867656708,40.744095046703535],[-74.00117576122284,40.74407878967705]]]}},{"type":"Feature","properties":{"id":"36353331-3338-3666-A161-336239316430","building_id":"5aa35efd-797a-4fa0-b223-f77c74cbff13","height":42,"min_height":0},"geometry":{"type":"Polygon","coordinates":[[[-73.9964497089386,40.7423758441432],[-73.9963960647583,40.74235145797164],[-73.99631559848785,40.74246119567323],[-73.99636924266815,40.742485581804544],[-73.99639070034027,40.74245306696079],[-73.99637460708618,40.74244493824739],[-73.99640679359436,40.742400230305805],[-73.99642288684845,40.742408359024694],[-73.9964497089386,40.7423758441432]]]}},{"type":"Feature","properties":{"id":"62616262-3061-3966-A662-366535663631","building_id":"ef794193-153e-4e01-84d6-15f2397d3451","height":22.6,"min_height":0},"geometry":{"type":"Polygon","coordinates":[[[-74.00292456150055,40.74175399397558],[-74.00281727313995,40.741900312185095],[-74.00283336639404,40.74190844096506],[-74.0027904510498,40.741969406783284],[-74.0030586719513,40.74207914511521],[-74.00311231613159,40.741997857479305],[-74.00314450263977,40.74201005063105],[-74.00323569774628,40.741884054622176],[-74.00292456150055,40.74175399397558]]]}},{"type":"Feature","properties":{"id":"31626537-3864-3235-A166-636631366363","building_id":"014daeff-db3c-4de4-8786-ed49b1b59203","height":23.2,"min_height":0},"geometry":{"type":"Polygon","coordinates":[[[-73.999764919281,40.74507452521718],[-73.99966299533844,40.74502981904317],[-73.99951815605164,40.74523302868283],[-73.9996200799942,40.74527367053625],[-73.999764919281,40.74507452521718]]]}},{"type":"Feature","properties":{"id":"62376437-3964-3462-B832-396338613963","building_id":"25d032d0-78c4-407a-9a97-0d5533855e3d","height":53.4,"min_height":45},"geometry":{"type":"Polygon","coordinates":[[[-74.00136888027191,40.746736760718505],[-74.00132596492767,40.7467977221109],[-74.00134205818176,40.74680585029236],[-74.001384973526,40.746744888907386],[-74.00136888027191,40.746736760718505]]]}},{"type":"Feature","properties":{"id":"31386130-3261-3634-A364-636634313263","building_id":"7e21060f-d4ae-4bc1-89f7-766cd0f965e8","height":56,"min_height":0},"geometry":{"type":"Polygon","coordinates":[[[-74.00229692459106,40.741213426688034],[-74.00225937366486,40.74119716895717],[-74.0022486448288,40.741217491120096],[-74.00220572948456,40.74122155555196],[-74.00213599205017,40.74119310452386],[-74.00211453437805,40.74122155555196],[-74.0022486448288,40.74127845757161],[-74.00229692459106,40.741213426688034]]]}},{"type":"Feature","properties":{"id":"38316337-3231-3137-A630-383038356165","building_id":"014daeff-db3c-4de4-8786-ed49b1b59203","height":15,"min_height":0},"geometry":{"type":"Polygon","coordinates":[[[-73.99959325790405,40.74526554216757],[-73.99962544441223,40.74527773472022],[-73.99962544441223,40.745285863087446],[-73.99964153766632,40.745289927270676],[-73.99979174137115,40.74508265360922],[-73.99964153766632,40.74502169064468],[-73.99949133396149,40.745228964496135],[-73.99959325790405,40.74527367053625],[-73.99959325790405,40.74526554216757]]]}},{"type":"Feature","properties":{"id":"30663830-3066-3631-B430-303661623133","building_id":"7e21060f-d4ae-4bc1-89f7-766cd0f965e8","height":60,"min_height":0},"geometry":{"type":"Polygon","coordinates":[[[-74.0022325515747,40.74064846821139],[-74.00245785713196,40.74074195088056],[-74.00246858596802,40.740729757496354],[-74.00224328041077,40.740632210342454],[-74.0022325515747,40.74064846821139]]]}},{"type":"Feature","properties":{"id":"34633434-3334-3664-A261-316664353035","building_id":"11d542b8-bf41-4f73-8b73-87490954e136","height":48,"min_height":0},"geometry":{"type":"Polygon","coordinates":[[[-73.99656236171722,40.74562318945047],[-73.9962887763977,40.74550939279632],[-73.99618685245514,40.745647574422435],[-73.99646043777466,40.74576543499427],[-73.99656236171722,40.74562318945047]]]}},{"type":"Feature","properties":{"id":"32636364-6437-3366-B032-386133333261","building_id":"434c40a3-edc3-4605-96e3-1216d68018f2","height":30,"min_height":0},"geometry":{"type":"Polygon","coordinates":[[[-73.99688959121704,40.74205069445392],[-73.99691641330719,40.74206288759598],[-73.99719536304474,40.74167677034632],[-73.99716854095459,40.74166457713349],[-73.99718999862671,40.74163612629491],[-73.99702370166779,40.74156703135051],[-73.99699687957764,40.74160767544416],[-73.99716854095459,40.74168083475007],[-73.99690568447113,40.74204256569135],[-73.99673402309418,40.741969406783284],[-73.99670720100403,40.742005986247364],[-73.99687349796295,40.74207508073579],[-73.99688959121704,40.74205069445392]]]}},{"type":"Feature","properties":{"id":"33616166-6430-3966-A561-653063376134","building_id":"7e21060f-d4ae-4bc1-89f7-766cd0f965e8","height":80,"min_height":0},"geometry":{"type":"Polygon","coordinates":[[[-74.00191605091095,40.740920786925074],[-74.00198578834534,40.74094923806962],[-74.00198042392731,40.74096143141358],[-74.00235593318939,40.74112400911929],[-74.0025007724762,40.74092891582475],[-74.00211453437805,40.740766337642214],[-74.00210380554199,40.74078259547835],[-74.00203943252563,40.740754144262496],[-74.00191605091095,40.740920786925074]]]}},{"type":"Feature","properties":{"id":"65393263-3365-3764-B561-623537376534","building_id":"434c40a3-edc3-4605-96e3-1216d68018f2","height":5,"min_height":0},"geometry":{"type":"Polygon","coordinates":[[[-73.99698615074158,40.741623933074635],[-73.99695932865143,40.74161173985215],[-73.99699687957764,40.741554838117565],[-73.99675011634827,40.74145322775624],[-73.9965945482254,40.74166457713349],[-73.99662673473358,40.74167677034632],[-73.99667501449585,40.74161173985215],[-73.99692177772522,40.74171334997132],[-73.99698615074158,40.741623933074635]]]}},{"type":"Feature","properties":{"id":"65613365-3639-3735-B531-303432643236","building_id":"ccf66c56-83c3-4db8-a313-6abb16dc385c","height":35,"min_height":0},"geometry":{"type":"Polygon","coordinates":[[[-74.00141179561615,40.74550939279632],[-74.00150835514069,40.74537527506115],[-74.0015459060669,40.745391531770736],[-74.00155663490295,40.74537933923892],[-74.00137424468994,40.74530211981889],[-74.00135815143585,40.7453102481831],[-74.00128841400146,40.74527773472022],[-74.00126159191132,40.7453102481831],[-74.00122940540314,40.7452980556364],[-74.00119721889496,40.74533869745008],[-74.00118112564087,40.74533869745008],[-74.00112748146057,40.745411852652126],[-74.00122404098511,40.74545655856929],[-74.0012401342392,40.74543623770157],[-74.00141179561615,40.74550939279632]]]}},{"type":"Feature","properties":{"id":"65363631-3335-3835-B232-396536376232","building_id":"434c40a3-edc3-4605-96e3-1216d68018f2","height":54,"min_height":45},"geometry":{"type":"Polygon","coordinates":[[[-73.99692714214325,40.741851539484344],[-73.99697005748749,40.7417987023515],[-73.99685204029083,40.74174992957623],[-73.99681448936462,40.74180683114389],[-73.99692714214325,40.741851539484344]]]}},{"type":"Feature","properties":{"id":"32346633-6361-3336-B064-633531633361","building_id":"7cc8aae6-7044-4900-8dc6-a3115d6a2c2c","height":28,"min_height":0},"geometry":{"type":"Polygon","coordinates":[[[-73.99509251117706,40.74446489298259],[-73.99504959583282,40.74452179222757],[-73.99510860443115,40.74454617760338],[-73.99515151977539,40.744489278379234],[-73.99509251117706,40.74446489298259]]]}},{"type":"Feature","properties":{"id":"30666465-3062-3562-B465-376365366335","building_id":"11d542b8-bf41-4f73-8b73-87490954e136","height":56,"min_height":53.8},"geometry":{"type":"Polygon","coordinates":[[[-73.99648725986481,40.745757306685675],[-73.99653017520905,40.74577356330187],[-73.99657845497131,40.74571260097068],[-73.99653017520905,40.745692280181174],[-73.99648725986481,40.745757306685675]]]}},{"type":"Feature","properties":{"id":"38633564-6432-3139-B331-373538303731","building_id":"11d542b8-bf41-4f73-8b73-87490954e136","height":45,"min_height":0},"geometry":{"type":"Polygon","coordinates":[[[-73.99666965007782,40.74572479344138],[-73.99671256542206,40.745741050065504],[-73.99682521820068,40.74558661197574],[-73.99668574333191,40.74552564947314],[-73.99665355682373,40.745570355313816],[-73.99658918380737,40.74558254781061],[-73.99632096290588,40.745472815259006],[-73.9963048696518,40.745419981002925],[-73.99633705615997,40.74537933923892],[-73.9961975812912,40.74531837654632],[-73.99608492851257,40.74547687943084],[-73.99611711502075,40.745489071944746],[-73.99614930152893,40.74544843022298],[-73.99621367454529,40.74547687943084],[-73.99621367454529,40.745472815259006],[-73.99656236171722,40.74562318945047],[-73.99656772613525,40.74561912528759],[-73.99664282798767,40.745647574422435],[-73.99664282798767,40.745655702744415],[-73.996701836586,40.74568008770447],[-73.99666965007782,40.74572479344138]]]}},{"type":"Feature","properties":{"id":"39656639-3739-3636-A166-646635346432","building_id":"11d542b8-bf41-4f73-8b73-87490954e136","height":39,"min_height":0},"geometry":{"type":"Polygon","coordinates":[[[-73.99631559848785,40.74596051410248],[-73.99649798870087,40.74603773275808],[-73.99651408195496,40.74600928379013],[-73.99633705615997,40.7459320651015],[-73.99631559848785,40.74596051410248]]]}},{"type":"Feature","properties":{"id":"38383735-3437-3238-B562-333662646361","building_id":"7e21060f-d4ae-4bc1-89f7-766cd0f965e8","height":60,"min_height":0},"geometry":{"type":"Polygon","coordinates":[[[-74.00212526321411,40.741205297823115],[-74.00189995765686,40.74111181580514],[-74.0018892288208,40.74112400911929],[-74.00211453437805,40.74122155555196],[-74.00212526321411,40.741205297823115]]]}},{"type":"Feature","properties":{"id":"63306165-6130-3761-B063-656662336238","building_id":"11d542b8-bf41-4f73-8b73-87490954e136","height":9,"min_height":0},"geometry":{"type":"Polygon","coordinates":[[[-73.99631559848785,40.74596051410248],[-73.99646043777466,40.74576543499427],[-73.99618685245514,40.745647574422435],[-73.99604201316833,40.74584671802555],[-73.99631559848785,40.74596051410248]]]}},{"type":"Feature","properties":{"id":"36353539-6133-3633-B237-626562633731","building_id":"014daeff-db3c-4de4-8786-ed49b1b59203","height":24,"min_height":0},"geometry":{"type":"Polygon","coordinates":[[[-73.99979174137115,40.74511110297354],[-73.99979710578918,40.74509891039031],[-73.99979174137115,40.74508671780487],[-73.9997810125351,40.74507858941334],[-73.99975955486298,40.74508265360922],[-73.99975419044495,40.74509484619543],[-73.99975955486298,40.745107038779395],[-73.99977028369904,40.745115167167455],[-73.99979174137115,40.74511110297354]]]}},{"type":"Feature","properties":{"id":"32313235-6166-3662-A666-306438346466","building_id":"6a0f9499-5418-44ba-af0c-5d6c081135f3","height":27,"min_height":0},"geometry":{"type":"Polygon","coordinates":[[[-74.00174975395203,40.746509171026446],[-74.00185167789459,40.74636692707338],[-74.00167465209961,40.74628970880005],[-74.00157272815704,40.74643601703144],[-74.00174975395203,40.746509171026446]]]}},{"type":"Feature","properties":{"id":"61396135-3338-3562-B030-303033323531","building_id":"7cc8aae6-7044-4900-8dc6-a3115d6a2c2c","height":40,"min_height":0},"geometry":{"type":"Polygon","coordinates":[[[-73.99515151977539,40.744489278379234],[-73.99532318115234,40.74425355250352],[-73.99524807929993,40.744221038524074],[-73.99522662162781,40.74424948825697],[-73.99523735046387,40.74425355250352],[-73.99510324001312,40.744432379106456],[-73.99509251117706,40.74442831487082],[-73.99507105350494,40.744456764515036],[-73.99515151977539,40.744489278379234]]]}},{"type":"Feature","properties":{"id":"34643739-6461-3035-B838-666439613935","building_id":"5aa35efd-797a-4fa0-b223-f77c74cbff13","height":6,"min_height":0},"geometry":{"type":"Polygon","coordinates":[[[-73.99655163288116,40.74256280449475],[-73.99663209915161,40.74245306696079],[-73.99658918380737,40.74243680953296],[-73.99650871753693,40.742546547093724],[-73.99655163288116,40.74256280449475]]]}},{"type":"Feature","properties":{"id":"37306132-3566-3561-A465-333835353565","building_id":"e2e1e215-03de-441b-801e-6c6d093211de","height":48,"min_height":38.8},"geometry":{"type":"Polygon","coordinates":[[[-73.99678766727448,40.743135875341636],[-73.99681985378265,40.74309116786449],[-73.99676084518433,40.74306678195521],[-73.99672865867615,40.74311148944875],[-73.99678766727448,40.743135875341636]]]}},{"type":"Feature","properties":{"id":"34393037-6132-3636-B264-633231663033","building_id":"7e21060f-d4ae-4bc1-89f7-766cd0f965e8","height":68,"min_height":0},"geometry":{"type":"Polygon","coordinates":[[[-74.00225937366486,40.74119716895717],[-74.00214672088623,40.74115246017692],[-74.00213062763214,40.74117278235349],[-74.00190532207489,40.74107930028981],[-74.00193214416504,40.7410427203161],[-74.00185167789459,40.74100614032224],[-74.00191605091095,40.740920786925074],[-74.00189995765686,40.74091672247485],[-74.00181949138641,40.741026462543545],[-74.0018355846405,40.74106304252621],[-74.00191068649292,40.741095558049466],[-74.00189995765686,40.74111181580514],[-74.00212526321411,40.741205297823115],[-74.00213599205017,40.74119310452386],[-74.00220572948456,40.74122155555196],[-74.0022486448288,40.741217491120096],[-74.00225937366486,40.74119716895717]]]}},{"type":"Feature","properties":{"id":"65623935-6264-3563-B335-366139386364","building_id":"7e21060f-d4ae-4bc1-89f7-766cd0f965e8","height":56,"min_height":0},"geometry":{"type":"Polygon","coordinates":[[[-74.0018892288208,40.74112400911929],[-74.00191068649292,40.741095558049466],[-74.0018355846405,40.74106304252621],[-74.00181949138641,40.741026462543545],[-74.00189995765686,40.74091672247485],[-74.0018892288208,40.740908593573664],[-74.00177121162415,40.74107523584928],[-74.0018892288208,40.74112400911929]]]}},{"type":"Feature","properties":{"id":"32326264-3265-3633-A532-633538633664","building_id":"7e21060f-d4ae-4bc1-89f7-766cd0f965e8","height":68,"min_height":0},"geometry":{"type":"Polygon","coordinates":[[[-74.00252223014832,40.74082730450721],[-74.00253295898438,40.740815111138716],[-74.00251686573029,40.74078665993676],[-74.0024471282959,40.740754144262496],[-74.00245785713196,40.74074195088056],[-74.0022325515747,40.74064846821139],[-74.00222182273865,40.74066066161046],[-74.00214672088623,40.74062814587461],[-74.00210380554199,40.74063627481007],[-74.00202333927155,40.7407500798021],[-74.00203943252563,40.740754144262496],[-74.00210380554199,40.74066472607632],[-74.00217890739441,40.74069724179432],[-74.00220036506653,40.740668790541946],[-74.00242567062378,40.740766337642214],[-74.00241494178772,40.74078259547835],[-74.00252223014832,40.74082730450721]]]}},{"type":"Feature","properties":{"id":"34313732-3463-3836-B434-396135623832","building_id":"5aa35efd-797a-4fa0-b223-f77c74cbff13","height":45.7,"min_height":0},"geometry":{"type":"Polygon","coordinates":[[[-73.99642288684845,40.742408359024694],[-73.99640679359436,40.742400230305805],[-73.99637460708618,40.74244493824739],[-73.99639070034027,40.74245306696079],[-73.99636924266815,40.742485581804544],[-73.99650871753693,40.742546547093724],[-73.99658918380737,40.74243680953296],[-73.9964497089386,40.7423758441432],[-73.99642288684845,40.742408359024694]]]}},{"type":"Feature","properties":{"id":"32306334-6262-3632-B432-616132313464","building_id":"7e21060f-d4ae-4bc1-89f7-766cd0f965e8","height":60,"min_height":0},"geometry":{"type":"Polygon","coordinates":[[[-74.00189995765686,40.74091672247485],[-74.00202333927155,40.7407500798021],[-74.00201261043549,40.74074195088056],[-74.0018892288208,40.740908593573664],[-74.00189995765686,40.74091672247485]]]}},{"type":"Feature","properties":{"id":"38346163-3739-3038-B936-313930663230","building_id":"7e21060f-d4ae-4bc1-89f7-766cd0f965e8","height":41,"min_height":0},"geometry":{"type":"Polygon","coordinates":[[[-74.0033107995987,40.74172147877417],[-74.00332152843475,40.74170522116751],[-74.00311231613159,40.741619868667385],[-74.00310158729553,40.741632061888396],[-74.0033107995987,40.74172147877417]]]}},{"type":"Feature","properties":{"id":"32623735-6565-3434-A333-643338633862","building_id":"8cb78d4f-76f4-437e-b22a-3116a3c8ed02","height":63.5,"min_height":0},"geometry":{"type":"Polygon","coordinates":[[[-74.00077879428864,40.741298779709695],[-74.00106847286224,40.74141664798816],[-74.00117039680481,40.74127439314327],[-74.0008807182312,40.741156524612734],[-74.00077879428864,40.741298779709695]]]}},{"type":"Feature","properties":{"id":"37333533-6138-3465-B761-316432303235","building_id":"11d542b8-bf41-4f73-8b73-87490954e136","height":39,"min_height":0},"geometry":{"type":"Polygon","coordinates":[[[-73.99586498737335,40.745769499148196],[-73.99604201316833,40.74584671802555],[-73.99606347084045,40.74581826897591],[-73.99588644504547,40.74574511422091],[-73.99586498737335,40.745769499148196]]]}},{"type":"Feature","properties":{"id":"30343765-3934-3631-A366-376661383836","building_id":"15dd5709-b10e-4c3e-a2f8-a6a14b34110e","height":34.7,"min_height":0},"geometry":{"type":"Polygon","coordinates":[[[-74.00171220302582,40.744111303726044],[-74.00172293186188,40.744107239470765],[-74.00171756744385,40.744099110959525],[-74.001744389534,40.74405846838832],[-74.00175511837006,40.74405846838832],[-74.00175511837006,40.74405033987111],[-74.00173902511597,40.74405033987111],[-74.0016907453537,40.74403408283371],[-74.0016907453537,40.744025954313486],[-74.00168001651764,40.744025954313486],[-74.00168001651764,40.74403408283371],[-74.00165319442749,40.74407472541978],[-74.00164246559143,40.74407472541978],[-74.00164246559143,40.744082853934],[-74.00165319442749,40.74407878967705],[-74.00170683860779,40.74410317521529],[-74.00171220302582,40.744111303726044]]]}},{"type":"Feature","properties":{"id":"63663164-3834-3263-B933-643331313164","building_id":"8cb78d4f-76f4-437e-b22a-3116a3c8ed02","height":24,"min_height":0},"geometry":{"type":"Polygon","coordinates":[[[-74.00101482868195,40.741396325886086],[-74.00093972682953,40.7414938719194],[-74.00102019309998,40.74152638723206],[-74.00133669376373,40.741087429170136],[-74.00126159191132,40.7410549136429],[-74.00119185447693,40.74114839574088],[-74.00117039680481,40.741140266868],[-74.00108993053436,40.741245942137766],[-74.00117039680481,40.74127439314327],[-74.00106847286224,40.74141664798816],[-74.00101482868195,40.741396325886086]]]}},{"type":"Feature","properties":{"id":"62376462-3238-3130-B466-613463303639","building_id":"5aa35efd-797a-4fa0-b223-f77c74cbff13","height":55,"min_height":0},"geometry":{"type":"Polygon","coordinates":[[[-73.99646580219269,40.742485581804544],[-73.99649798870087,40.74243680953296],[-73.99643898010254,40.74241242338377],[-73.99640679359436,40.74246119567323],[-73.99646580219269,40.742485581804544]]]}},{"type":"Feature","properties":{"id":"35383139-3234-3962-B463-313839366336","building_id":"014daeff-db3c-4de4-8786-ed49b1b59203","height":8,"min_height":0},"geometry":{"type":"Polygon","coordinates":[[[-73.99959325790405,40.74527367053625],[-73.99946451187134,40.74522083612197],[-73.99945914745331,40.74523302868283],[-73.999582529068,40.745285863087446],[-73.99959325790405,40.74527367053625]]]}},{"type":"Feature","properties":{"id":"63393936-6638-3137-B662-326331643263","building_id":"7cc8aae6-7044-4900-8dc6-a3115d6a2c2c","height":6,"min_height":0},"geometry":{"type":"Polygon","coordinates":[[[-73.99514079093933,40.74417633177637],[-73.99500668048859,40.744119432235806],[-73.99484574794769,40.74434703010593],[-73.99497449398041,40.744399865214376],[-73.99514079093933,40.74417633177637]]]}}]}