{"type":"FeatureCollection","features":[{"type":"Feature","properties":{"id":"4b8b570c-d0dc-4a9b-b704-f8a8f93b4301","height":5.4,"subtype":null,"class":null},"geometry":{"type":"Polygon","coordinates":[[[-74.0047538280487,40.750516261374344],[-74.00470018386841,40.7504918781876],[-74.00453388690948,40.75073164580209],[-74.00458753108978,40.750751965051705],[-74.0047538280487,40.750516261374344]]]}},{"type":"Feature","properties":{"id":"a6ad7d3a-5de4-41dd-882c-03133fb11bc8","height":25.3,"subtype":null,"class":null},"geometry":{"type":"Polygon","coordinates":[[[-74.00554239749908,40.75004485151305],[-74.00530636310577,40.749943254122456],[-74.00515079498291,40.750158640406255],[-74.00538682937622,40.7502561735883],[-74.00554239749908,40.75004485151305]]]}},{"type":"Feature","properties":{"id":"6a33ec1b-cf78-4153-b7e7-1988074dc6f0","height":17.8,"subtype":null,"class":null},"geometry":{"type":"Polygon","coordinates":[[[-74.00419592857361,40.74737075646803],[-74.00412082672119,40.7473382440125],[-74.00402426719666,40.747472357789036],[-74.00409936904907,40.74750487017897],[-74.00419592857361,40.74737075646803]]]}},{"type":"Feature","properties":{"id":"4bfaac97-fb9c-4a84-b02f-a3c3e3bbe607","height":12.1,"subtype":null,"class":null},"geometry":{"type":"Polygon","coordinates":[[[-74.00495767593384,40.749297091085026],[-74.00488257408142,40.74926457957133],[-74.00471091270447,40.74950028768558],[-74.00478601455688,40.74953279908402],[-74.00495767593384,40.749297091085026]]]}},{"type":"Feature","properties":{"id":"74d1c696-5226-4af2-9c2b-2cd626abdd91","height":14.1,"subtype":null,"class":null},"geometry":{"type":"Polygon","coordinates":[[[-74.00643289089203,40.74887444016704],[-74.00638997554779,40.748935399599844],[-74.00647044181824,40.74896791127452],[-74.0064811706543,40.74895978335732],[-74.00649726390839,40.74896791127452],[-74.00649189949036,40.748976039190666],[-74.00656700134277,40.749008550845474],[-74.0065723657608,40.74900042293325],[-74.00659918785095,40.749008550845474],[-74.00659382343292,40.74902074271188],[-74.0066796541214,40.749057318297815],[-74.00676548480988,40.74893946356005],[-74.00646507740021,40.748813480678365],[-74.00642216205597,40.74887037620286],[-74.00643289089203,40.74887444016704]],[[-74.00656700134277,40.748935399599844],[-74.0064811706543,40.74889882394686],[-74.00650262832642,40.74887444016704],[-74.00658309459686,40.748906951871504],[-74.00656700134277,40.748935399599844]]]}},{"type":"Feature","properties":{"id":"c2df86e0-1542-4e13-8ce7-41923278d5eb","height":68.7,"subtype":null,"class":null},"geometry":{"type":"Polygon","coordinates":[[[-74.0036541223526,40.74763085553985],[-74.0035629272461,40.747590215126934],[-74.0035629272461,40.748207946722886],[-74.00357902050018,40.74821607473194],[-74.00392234325409,40.74774464856387],[-74.0036541223526,40.74763085553985]]]}},{"type":"Feature","properties":{"id":"e6dc0b48-2e85-448e-9884-6a66839acd0d","height":41,"subtype":null,"class":null},"geometry":{"type":"Polygon","coordinates":[[[-74.00586426258087,40.74917923677225],[-74.00602519512177,40.7492442598672],[-74.00627195835114,40.74891101583344],[-74.00564432144165,40.74864685779082],[-74.00539755821228,40.7489801031484],[-74.00586426258087,40.74917923677225]]]}},{"type":"Feature","properties":{"id":"bc87c4a5-fc53-47fa-a5ee-218c5889c583","height":6,"subtype":null,"class":null},"geometry":{"type":"Polygon","coordinates":[[[-74.00606274604797,40.74721225809728],[-74.00590181350708,40.7471472330154],[-74.00573015213013,40.74738294863474],[-74.00589108467102,40.747447973486146],[-74.00606274604797,40.74721225809728]]]}},{"type":"Feature","properties":{"id":"ceba8a38-06c8-494f-a5ef-c76070116284","height":12.9,"subtype":null,"class":null},"geometry":{"type":"Polygon","coordinates":[[[-74.00427103042603,40.74805757837595],[-74.00414228439331,40.748004746173336],[-74.0041047334671,40.74805351436186],[-74.00423884391785,40.74810634652573],[-74.00427103042603,40.74805757837595]]]}},{"type":"Feature","properties":{"id":"e855ef00-7102-4bef-9272-e357845c4b3c","height":15.8,"subtype":null,"class":null},"geometry":{"type":"Polygon","coordinates":[[[-74.00427103042603,40.74699686227001],[-74.00420665740967,40.74699686227001],[-74.00413691997528,40.74709033601661],[-74.00419056415558,40.74711065637888],[-74.00427103042603,40.74699686227001]]]}},{"type":"Feature","properties":{"id":"d27ae5cf-2f07-440f-930b-f35acfd44624","height":10.7,"subtype":null,"class":null},"geometry":{"type":"Polygon","coordinates":[[[-74.00693714618683,40.74756989491115],[-74.00669574737549,40.747472357789036],[-74.0065187215805,40.747716200326124],[-74.00676012039185,40.74781373709061],[-74.00693714618683,40.74756989491115]]]}},{"type":"Feature","properties":{"id":"36aa7640-3874-41bb-ab13-a032957ae935","height":41,"subtype":null,"class":null},"geometry":{"type":"Polygon","coordinates":[[[-74.00503814220428,40.74932960258286],[-74.00495767593384,40.749297091085026],[-74.00478601455688,40.74953279908402],[-74.00510251522064,40.74966690843465],[-74.0052741765976,40.74943120091106],[-74.00503814220428,40.74932960258286]]]}},{"type":"Feature","properties":{"id":"2a2df24e-787a-4e61-b06b-83d68468b9a2","height":43.5,"subtype":null,"class":null},"geometry":{"type":"Polygon","coordinates":[[[-74.00479674339294,40.74811447454721],[-74.00468409061432,40.748065706403395],[-74.00456070899963,40.7482323307471],[-74.00467336177826,40.7482810987687],[-74.00479674339294,40.74811447454721]]]}},{"type":"Feature","properties":{"id":"9360243e-22eb-4a34-bb5b-e35af196a235","height":18,"subtype":null,"class":null},"geometry":{"type":"Polygon","coordinates":[[[-74.00370240211487,40.74715942522309],[-74.00363266468048,40.74713097673501],[-74.0035629272461,40.74722851435783],[-74.0035629272461,40.74727728311561],[-74.00360584259033,40.74729353936024],[-74.00370240211487,40.74715942522309]]]}},{"type":"Feature","properties":{"id":"51df9a23-5541-4228-804a-d45fd24fe8a6","height":5.4,"subtype":null,"class":null},"geometry":{"type":"Polygon","coordinates":[[[-74.00420665740967,40.74848023448578],[-74.0042495727539,40.74841927463572],[-74.00393307209015,40.74828922676883],[-74.00389015674591,40.74835018673812],[-74.00420665740967,40.74848023448578]]]}},{"type":"Feature","properties":{"id":"177c4317-23aa-4f0b-a3e2-0ab83cc5bccc","height":19,"subtype":null,"class":null},"geometry":{"type":"Polygon","coordinates":[[[-74.0069854259491,40.747590215126934],[-74.00693714618683,40.74756989491115],[-74.00676012039185,40.74781373709061],[-74.00707125663757,40.7479478499082],[-74.00724828243256,40.747704008220495],[-74.00720000267029,40.7476836880395],[-74.00718927383423,40.7476999441848],[-74.00697469711304,40.74761053533652],[-74.0069854259491,40.747590215126934]]]}},{"type":"Feature","properties":{"id":"830b856e-8f88-407e-8e26-2e97fd2f7058","height":4.2,"subtype":null,"class":null},"geometry":{"type":"Polygon","coordinates":[[[-74.00368630886078,40.749065446203076],[-74.00371849536896,40.749016678756675],[-74.0035629272461,40.74895571939837],[-74.0035629272461,40.74901261480116],[-74.00368630886078,40.749065446203076]]]}},{"type":"Feature","properties":{"id":"a436306c-9769-45fc-86e2-e40c34e2e8bf","height":22.4,"subtype":null,"class":null},"geometry":{"type":"Polygon","coordinates":[[[-74.00463581085205,40.75135747584093],[-74.00461971759796,40.751349348215825],[-74.00448560714722,40.75153221954008],[-74.00478601455688,40.75165819727084],[-74.0049684047699,40.75141436918875],[-74.0046626329422,40.75128432717935],[-74.00465190410614,40.75130464626008],[-74.00466799736023,40.751312773890646],[-74.00463581085205,40.75135747584093]]]}},{"type":"Feature","properties":{"id":"74359ede-5f50-4d5f-abd3-65e9b08744e7","height":8.3,"subtype":null,"class":null},"geometry":{"type":"Polygon","coordinates":[[[-74.00422811508179,40.74817949868333],[-74.00406181812286,40.74811041053658],[-74.00401890277863,40.74817137066978],[-74.00433540344238,40.748305482766085],[-74.00437831878662,40.74824452275584],[-74.00422811508179,40.74817949868333]]]}},{"type":"Feature","properties":{"id":"eed21b86-8695-4fe4-9f13-85af5d728586","height":41.1,"subtype":null,"class":null},"geometry":{"type":"Polygon","coordinates":[[[-74.00360584259033,40.751150221090796],[-74.00359511375427,40.751142093440365],[-74.00376677513123,40.75091045498567],[-74.0035629272461,40.750821050453965],[-74.0035629272461,40.75121117843733],[-74.00360584259033,40.751150221090796]]]}},{"type":"Feature","properties":{"id":"2d8200f4-6d30-42e5-88fd-2f791b158bae","height":16.7,"subtype":null,"class":null},"geometry":{"type":"Polygon","coordinates":[[[-74.00523126125336,40.74699686227001],[-74.00518298149109,40.74699686227001],[-74.0052205324173,40.7470131185832],[-74.00523126125336,40.74699686227001]]]}},{"type":"Feature","properties":{"id":"b6baf3ea-6219-4c8c-93a4-348a78e4c948","height":9,"subtype":null,"class":null},"geometry":{"type":"Polygon","coordinates":[[[-74.00629878044128,40.7473097956009],[-74.00614321231842,40.74724477061437],[-74.00597155094147,40.74748454993713],[-74.0061217546463,40.747549574689174],[-74.00629878044128,40.7473097956009]]]}},{"type":"Feature","properties":{"id":"be58b80e-b4de-4fc2-8755-85fb7f5e63ff","height":52.3,"subtype":null,"class":null},"geometry":{"type":"Polygon","coordinates":[[[-74.00599300861359,40.74879316083636],[-74.00627195835114,40.74891101583344],[-74.00636851787567,40.74877284098818],[-74.00574088096619,40.748508682396704],[-74.00564432144165,40.74864685779082],[-74.00599300861359,40.74879316083636]]]}},{"type":"Feature","properties":{"id":"3af7a520-c256-4b06-955f-7b91dffb020b","height":20.9,"subtype":null,"class":null},"geometry":{"type":"Polygon","coordinates":[[[-74.004265666008,40.74727728311561],[-74.00419056415558,40.74724477061437],[-74.00412082672119,40.7473382440125],[-74.00419592857361,40.74737075646803],[-74.004265666008,40.74727728311561]]]}},{"type":"Feature","properties":{"id":"02c6d05a-83f0-479c-b321-6a9ee9a05329","height":21.7,"subtype":null,"class":null},"geometry":{"type":"Polygon","coordinates":[[[-74.00912582874298,40.74699686227001],[-74.00839626789093,40.74699686227001],[-74.00911509990692,40.74707407972227],[-74.00912582874298,40.74699686227001]]]}},{"type":"Feature","properties":{"id":"fc899e62-22fa-4b9c-ac1c-caa4ed37e281","height":90.6,"subtype":null,"class":null},"geometry":{"type":"Polygon","coordinates":[[[-74.0049147605896,40.749776634065796],[-74.00474309921265,40.75001234036495],[-74.00495231151581,40.75010174598398],[-74.00512397289276,40.74986604000176],[-74.0049147605896,40.749776634065796]]]}},{"type":"Feature","properties":{"id":"7b4094f7-c481-4a5c-9039-a2c61911faff","height":40.6,"subtype":null,"class":null},"geometry":{"type":"Polygon","coordinates":[[[-74.00378286838531,40.75133309296268],[-74.0037077665329,40.75130058244443],[-74.00359511375427,40.75145094345805],[-74.00398671627045,40.75161755931927],[-74.00409936904907,40.75146313487667],[-74.00378823280334,40.75132496533462],[-74.00378286838531,40.75133309296268]]]}},{"type":"Feature","properties":{"id":"4ad4c1d4-e941-427e-9b09-93f4a79e1e6e","height":18.3,"subtype":null,"class":null},"geometry":{"type":"Polygon","coordinates":[[[-74.00391161441803,40.74724477061437],[-74.00384187698364,40.747216322162785],[-74.00373995304108,40.74735450024224],[-74.00380969047546,40.74738294863474],[-74.00391161441803,40.74724477061437]]]}},{"type":"Feature","properties":{"id":"95cc86e0-1042-4f58-84a5-2f0683fe7bda","height":5,"subtype":null,"class":null},"geometry":{"type":"Polygon","coordinates":[[[-74.0084981918335,40.751593176536375],[-74.00831580162048,40.75155660234532],[-74.0082836151123,40.75165413347679],[-74.00846600532532,40.75168664382218],[-74.0084981918335,40.751593176536375]]]}},{"type":"Feature","properties":{"id":"e4fc2dc1-6952-4c9a-9655-61510e467fc5","height":6.6,"subtype":null,"class":null},"geometry":{"type":"Polygon","coordinates":[[[-74.00649189949036,40.74789095359438],[-74.00633633136749,40.747825929176116],[-74.00616466999054,40.748061642389786],[-74.0063202381134,40.748126666577576],[-74.00649189949036,40.74789095359438]]]}},{"type":"Feature","properties":{"id":"45a4eedf-a881-468d-a278-b99698c0c244","height":24.8,"subtype":null,"class":null},"geometry":{"type":"Polygon","coordinates":[[[-74.0057247877121,40.74787876152078],[-74.00586426258087,40.74793565784506],[-74.00584816932678,40.74795597794906],[-74.00591254234314,40.74798442608423],[-74.00610029697418,40.74772432839529],[-74.00585889816284,40.74762679149967],[-74.00568723678589,40.74786250541919],[-74.0057247877121,40.74787876152078]]]}},{"type":"Feature","properties":{"id":"975f06c5-eaa8-4250-8516-4e3ec56746c2","height":20.6,"subtype":null,"class":null},"geometry":{"type":"Polygon","coordinates":[[[-74.0040510892868,40.747305731541104],[-74.00398135185242,40.74727728311561],[-74.00388479232788,40.74741139701504],[-74.00395452976227,40.74744390943479],[-74.0040510892868,40.747305731541104]]]}},{"type":"Feature","properties":{"id":"47500d02-3910-4338-9f60-e79205821e6d","height":22,"subtype":null,"class":null},"geometry":{"type":"Polygon","coordinates":[[[-74.00363266468048,40.74713097673501],[-74.00356829166412,40.747102528234706],[-74.0035629272461,40.74710659230692],[-74.0035629272461,40.74722851435783],[-74.00363266468048,40.74713097673501]]]}},{"type":"Feature","properties":{"id":"1c499615-c809-4606-a6e8-bddd5a206230","height":19.6,"subtype":null,"class":null},"geometry":{"type":"Polygon","coordinates":[[[-74.007688164711,40.74704969527335],[-74.00769889354706,40.74699686227001],[-74.00756478309631,40.74699686227001],[-74.007688164711,40.74704969527335]]]}},{"type":"Feature","properties":{"id":"a61ae10b-1a55-4592-89b6-7480b7360c0a","height":12,"subtype":null,"class":null},"geometry":{"type":"Polygon","coordinates":[[[-74.00423347949982,40.74867936960655],[-74.00405645370483,40.748915079795125],[-74.0042495727539,40.74899635897677],[-74.00442123413086,40.7487606490763],[-74.00423347949982,40.74867936960655]]]}},{"type":"Feature","properties":{"id":"a2eb5d94-1aae-462e-b423-640aa08735fa","height":28.6,"subtype":null,"class":null},"geometry":{"type":"Polygon","coordinates":[[[-74.0054726600647,40.747732456463496],[-74.00549411773682,40.747740584530675],[-74.0054726600647,40.74776903275799],[-74.00568723678589,40.74786250541919],[-74.00585889816284,40.74762679149967],[-74.00524199008942,40.74736669241196],[-74.00509178638458,40.7475739589548],[-74.00513470172882,40.747590215126934],[-74.00515615940094,40.74756583086727],[-74.00549411773682,40.74770807225596],[-74.0054726600647,40.747732456463496]]]}},{"type":"Feature","properties":{"id":"1f617ae0-95fd-45d0-a176-a5f45b7b2926","height":27.6,"subtype":null,"class":null},"geometry":{"type":"Polygon","coordinates":[[[-74.00621831417084,40.75036996211986],[-74.0060144662857,40.75064630488586],[-74.0071839094162,40.75113802961479],[-74.00706589221954,40.75130058244443],[-74.00766670703888,40.75155253854504],[-74.007688164711,40.75155253854504],[-74.00771498680115,40.75154441094381],[-74.00776863098145,40.75140217776118],[-74.00775790214539,40.75137373108811],[-74.0077257156372,40.75136153965312],[-74.00775253772736,40.75130464626008],[-74.00779008865356,40.75130464626008],[-74.00781154632568,40.75128432717935],[-74.00789201259613,40.75107300837166],[-74.00621831417084,40.75036996211986]]]}},{"type":"Feature","properties":{"id":"f0c351f8-3ea9-4990-a9af-1b5b86eae79a","height":9,"subtype":null,"class":null},"geometry":{"type":"Polygon","coordinates":[[[-74.00590717792511,40.747139104875714],[-74.00590181350708,40.7471472330154],[-74.00629878044128,40.7473097956009],[-74.00647044181824,40.74707407972227],[-74.00628805160522,40.74699686227001],[-74.00600910186768,40.74699686227001],[-74.00590717792511,40.747139104875714]]]}},{"type":"Feature","properties":{"id":"4ab50f04-f9ab-49cb-8fe7-aba9adcff75a","height":14.1,"subtype":null,"class":null},"geometry":{"type":"Polygon","coordinates":[[[-74.0072911977768,40.748228266743695],[-74.00704443454742,40.748126666577576],[-74.00700688362122,40.74818356268972],[-74.00724828243256,40.748285162768894],[-74.0072911977768,40.748228266743695]]]}},{"type":"Feature","properties":{"id":"f3e69b85-36dc-4de7-9744-d9e0568ed004","height":76.2,"subtype":null,"class":null},"geometry":{"type":"Polygon","coordinates":[[[-74.00669038295746,40.74835018673812],[-74.00676012039185,40.74825265076046],[-74.00659918785095,40.74818356268972],[-74.00656163692474,40.748228266743695],[-74.00639533996582,40.74817137066978],[-74.0062290430069,40.74839895467329],[-74.00694251060486,40.74869562550842],[-74.00724828243256,40.748285162768894],[-74.00700688362122,40.74818356268972],[-74.00704443454742,40.748126666577576],[-74.00697469711304,40.74809415449164],[-74.00684595108032,40.74826890676667],[-74.0069317817688,40.74830141876717],[-74.00684595108032,40.74841521064374],[-74.00669038295746,40.74835018673812]]]}},{"type":"Feature","properties":{"id":"4ba4ac1b-5e60-4a69-ab79-cec17ecb8fc1","height":16.3,"subtype":null,"class":null},"geometry":{"type":"Polygon","coordinates":[[[-74.00394380092621,40.74699686227001],[-74.00391697883606,40.74699686227001],[-74.00393843650818,40.74700499042709],[-74.00394380092621,40.74699686227001]]]}},{"type":"Feature","properties":{"id":"846b84ff-8f66-4ce3-a543-5badafbd872c","height":26,"subtype":null,"class":null},"geometry":{"type":"Polygon","coordinates":[[[-74.00393307209015,40.75047968659089],[-74.00389015674591,40.75046343112513],[-74.00371849536896,40.75069913498976],[-74.00384724140167,40.750751965051705],[-74.0040135383606,40.750516261374344],[-74.00393307209015,40.75047968659089]]]}},{"type":"Feature","properties":{"id":"ea7009d7-af80-4c79-94f7-8cb4e06a5217","height":13.2,"subtype":null,"class":null},"geometry":{"type":"Polygon","coordinates":[[[-74.00436222553253,40.747931593823495],[-74.00423347949982,40.74787876152078],[-74.00414228439331,40.748004746173336],[-74.00427103042603,40.74805757837595],[-74.00436222553253,40.747931593823495]]]}},{"type":"Feature","properties":{"id":"83336534-b0a9-485f-8580-e93ce157f44e","height":12.7,"subtype":null,"class":null},"geometry":{"type":"Polygon","coordinates":[[[-74.0045553445816,40.748012874207234],[-74.00448560714722,40.74798442608423],[-74.00442123413086,40.74807789844269],[-74.00448560714722,40.74810634652573],[-74.0045553445816,40.748012874207234]]]}},{"type":"Feature","properties":{"id":"55892f46-85e7-45f2-b58d-566df5cb6355","height":9,"subtype":null,"class":null},"geometry":{"type":"Polygon","coordinates":[[[-74.0047162771225,40.74922394015687],[-74.00473237037659,40.74920362044031],[-74.00503814220428,40.74932960258286],[-74.00520980358124,40.7490938938636],[-74.00489330291748,40.74895978335732],[-74.0047162771225,40.74919549255196],[-74.00464117527008,40.74916298098856],[-74.00462508201599,40.74918736466262],[-74.0047162771225,40.74922394015687]]]}},{"type":"Feature","properties":{"id":"09fcb85d-21d7-4a74-83b0-c34b6dc72dde","height":39.7,"subtype":"residential","class":"apartments"},"geometry":{"type":"Polygon","coordinates":[[[-74.00468409061432,40.747321987778804],[-74.00464653968811,40.7473097956009],[-74.0044105052948,40.74763898361945],[-74.00473237037659,40.747773096789444],[-74.0049684047699,40.74744390943479],[-74.00468409061432,40.747321987778804]]]}},{"type":"Feature","properties":{"id":"eded4df8-89d0-4dcc-b7fc-28bbc530fbff","height":8.3,"subtype":null,"class":null},"geometry":{"type":"Polygon","coordinates":[[[-74.00614321231842,40.74724477061437],[-74.00606274604797,40.74721225809728],[-74.00589108467102,40.747447973486146],[-74.00597155094147,40.74748454993713],[-74.00614321231842,40.74724477061437]]]}},{"type":"Feature","properties":{"id":"a7b0105c-b27e-427f-b450-389c6175a6d7","height":15.9,"subtype":null,"class":null},"geometry":{"type":"Polygon","coordinates":[[[-74.00423884391785,40.74810634652573],[-74.0041047334671,40.74805351436186],[-74.00406181812286,40.74811041053658],[-74.00422811508179,40.74817949868333],[-74.00427103042603,40.74812260256769],[-74.00423884391785,40.74810634652573]]]}},{"type":"Feature","properties":{"id":"623a047c-67c0-4aab-8509-f0767006c9c1","height":25.1,"subtype":null,"class":null},"geometry":{"type":"Polygon","coordinates":[[[-74.00393843650818,40.749703483665144],[-74.00401890277863,40.74974005887552],[-74.0040135383606,40.74974818669733],[-74.0042495727539,40.7498457204814],[-74.00442123413086,40.74961001359165],[-74.00437295436859,40.74958969399307],[-74.00439441204071,40.74956124654463],[-74.00412619113922,40.749447456629156],[-74.00393843650818,40.749703483665144]]]}},{"type":"Feature","properties":{"id":"7c8ca38a-554a-4d2b-b491-ed429ae6bb60","height":15.7,"subtype":null,"class":null},"geometry":{"type":"Polygon","coordinates":[[[-74.0040135383606,40.74699686227001],[-74.00394380092621,40.74699686227001],[-74.00393843650818,40.74700499042709],[-74.00399208068848,40.747029374892435],[-74.0040135383606,40.74699686227001]]]}},{"type":"Feature","properties":{"id":"8c59363c-9e72-4cd2-a2e2-bbee3213dc48","height":12,"subtype":null,"class":null},"geometry":{"type":"Polygon","coordinates":[[[-74.00510251522064,40.74824452275584],[-74.0050220489502,40.748207946722886],[-74.00485038757324,40.74844365858246],[-74.00493621826172,40.748476170497526],[-74.00510251522064,40.74824452275584]]]}},{"type":"Feature","properties":{"id":"ea544c56-9b42-4b12-855c-aec5778c3dfb","height":16.4,"subtype":null,"class":null},"geometry":{"type":"Polygon","coordinates":[[[-74.00437831878662,40.747029374892435],[-74.00433003902435,40.74700499042709],[-74.00423884391785,40.74713097673501],[-74.00428712368011,40.747155361154114],[-74.00437831878662,40.747029374892435]]]}},{"type":"Feature","properties":{"id":"bcb1bd14-99e0-46f1-9319-62821b507cec","height":9.4,"subtype":null,"class":null},"geometry":{"type":"Polygon","coordinates":[[[-74.00416910648346,40.748988231063066],[-74.00417983531952,40.74896791127452],[-74.00405645370483,40.748915079795125],[-74.00388479232788,40.749154853095234],[-74.00400817394257,40.74920362044031],[-74.00416910648346,40.748988231063066]]]}},{"type":"Feature","properties":{"id":"56c55164-e4a1-497a-9d03-f0b9988c0d42","height":30.5,"subtype":null,"class":null},"geometry":{"type":"Polygon","coordinates":[[[-74.00517761707306,40.74702124673831],[-74.00519371032715,40.747000926348704],[-74.00518298149109,40.74699686227001],[-74.00488257408142,40.74699686227001],[-74.00486648082733,40.74701718266087],[-74.00510787963867,40.74711878452206],[-74.00517761707306,40.74702124673831]]]}},{"type":"Feature","properties":{"id":"157e0637-3c0e-4163-a27c-7302d98395f4","height":12.8,"subtype":null,"class":null},"geometry":{"type":"Polygon","coordinates":[[[-74.00448560714722,40.74798442608423],[-74.00436222553253,40.747931593823495],[-74.00429248809814,40.74802506625622],[-74.00442123413086,40.74807789844269],[-74.00448560714722,40.74798442608423]]]}},{"type":"Feature","properties":{"id":"b126317c-ae8b-498e-a2f5-b72a6f2b244a","height":26.3,"subtype":null,"class":null},"geometry":{"type":"Polygon","coordinates":[[[-74.00407791137695,40.75054064455213],[-74.0040135383606,40.750516261374344],[-74.00384724140167,40.750751965051705],[-74.00390625,40.750780411990746],[-74.00407791137695,40.75054064455213]]]}},{"type":"Feature","properties":{"id":"c2dc87cb-6251-48c2-9475-1e506cf713f3","height":19.6,"subtype":null,"class":null},"geometry":{"type":"Polygon","coordinates":[[[-74.00814950466156,40.748037258302986],[-74.00807976722717,40.74840301866627],[-74.00841772556305,40.74853713029543],[-74.00876641273499,40.74857370614734],[-74.00879323482513,40.748423338627475],[-74.00886833667755,40.74842740261897],[-74.00892198085785,40.74811853855758],[-74.00814950466156,40.748037258302986]]]}},{"type":"Feature","properties":{"id":"a40df70d-cce7-43e2-9959-ed8b0e04a38b","height":44.8,"subtype":"commercial","class":"commercial"},"geometry":{"type":"Polygon","coordinates":[[[-74.00575160980225,40.74707407972227],[-74.0057784318924,40.74703343896908],[-74.00593936443329,40.747098464162235],[-74.00600910186768,40.74699686227001],[-74.00549411773682,40.74699686227001],[-74.00533854961395,40.747216322162785],[-74.00557458400726,40.74731385966044],[-74.00575160980225,40.74707407972227]]]}},{"type":"Feature","properties":{"id":"fe44c257-c34e-4ebf-90bf-2afe3e2d12fd","height":11.8,"subtype":null,"class":null},"geometry":{"type":"Polygon","coordinates":[[[-74.00501668453217,40.74851274638297],[-74.00493621826172,40.748476170497526],[-74.00476455688477,40.74871594538024],[-74.00484502315521,40.74874845716215],[-74.00501668453217,40.74851274638297]]]}},{"type":"Feature","properties":{"id":"62576fbe-0cc3-4d66-a37d-1d7d7a5a54cb","height":24.34979248046875,"subtype":"commercial","class":"commercial"},"geometry":{"type":"Polygon","coordinates":[[[-74.00575160980225,40.75093890185693],[-74.0057247877121,40.75094702953217],[-74.00540828704834,40.75138185871026],[-74.00541365146637,40.75140217776118],[-74.00741994380951,40.752255572293166],[-74.00744676589966,40.75224744477785],[-74.00763988494873,40.75174760067691],[-74.0076345205307,40.75173134552111],[-74.00575160980225,40.75093890185693]]]}},{"type":"Feature","properties":{"id":"2954e2a5-27bd-4a80-a3ea-c513623945e8","height":35,"subtype":null,"class":null},"geometry":{"type":"Polygon","coordinates":[[[-74.0069854259491,40.75120711461594],[-74.00707125663757,40.75109332751697],[-74.00595545768738,40.75062192174684],[-74.00583744049072,40.750784475838174],[-74.00695323944092,40.75125181663725],[-74.0069854259491,40.75120711461594]]]}},{"type":"Feature","properties":{"id":"d364ed25-932a-447a-87d9-ff42117fe199","height":47,"subtype":null,"class":null},"geometry":{"type":"Polygon","coordinates":[[[-74.0037453174591,40.748724073327196],[-74.00364875793457,40.748683433582386],[-74.00357902050018,40.748776904958305],[-74.0038150548935,40.74887444016704],[-74.00386869907379,40.748801288773905],[-74.00394380092621,40.74883380051415],[-74.00409936904907,40.7486224739186],[-74.0040135383606,40.74858589809352],[-74.00387406349182,40.748776904958305],[-74.0037453174591,40.748724073327196]]]}},{"type":"Feature","properties":{"id":"e8cb1b51-1055-4d7e-a65e-d463e31dcd02","height":22,"subtype":null,"class":null},"geometry":{"type":"Polygon","coordinates":[[[-74.00659918785095,40.74740733296147],[-74.00658845901489,40.74742358917433],[-74.00669574737549,40.747472357789036],[-74.00686740875244,40.74724070655063],[-74.00647044181824,40.74707407972227],[-74.00631487369537,40.74728947529945],[-74.00659918785095,40.74740733296147]]]}},{"type":"Feature","properties":{"id":"dc3a852e-ddb6-4626-99f3-7741cfd4f4a5","height":23.7,"subtype":null,"class":null},"geometry":{"type":"Polygon","coordinates":[[[-74.0038150548935,40.74887444016704],[-74.00357902050018,40.748776904958305],[-74.0035629272461,40.748801288773905],[-74.0035629272461,40.74889475998418],[-74.00375068187714,40.748971975232706],[-74.00368630886078,40.74906951015532],[-74.0037614107132,40.749097957814115],[-74.00389552116394,40.74891101583344],[-74.0038150548935,40.74887444016704]]]}},{"type":"Feature","properties":{"id":"e7a4acbe-1966-4037-87d9-c75d30c18605","height":32,"subtype":null,"class":null},"geometry":{"type":"Polygon","coordinates":[[[-74.0047162771225,40.74922394015687],[-74.00462508201599,40.74918736466262],[-74.00446951389313,40.74939868946291],[-74.00458753108978,40.749447456629156],[-74.00475919246674,40.74921581227099],[-74.00473237037659,40.74920362044031],[-74.0047162771225,40.74922394015687]]]}},{"type":"Feature","properties":{"id":"f5a58c1e-ef11-4faf-a7e7-820dae3de922","height":40.4,"subtype":null,"class":null},"geometry":{"type":"Polygon","coordinates":[[[-74.00454461574554,40.7486224739186],[-74.00460362434387,40.74864685779082],[-74.0047699213028,40.74841927463572],[-74.00453388690948,40.748321738759415],[-74.00436758995056,40.748549322248294],[-74.00454461574554,40.7486224739186]]]}},{"type":"Feature","properties":{"id":"a2fe1034-25a4-485a-91b8-1b42f91348db","height":9.1,"subtype":null,"class":null},"geometry":{"type":"Polygon","coordinates":[[[-74.00501132011414,40.75005297929761],[-74.0049684047699,40.75010987376157],[-74.00513470172882,40.750178959830976],[-74.00530636310577,40.749943254122456],[-74.00512397289276,40.74986604000176],[-74.00498986244202,40.75004485151305],[-74.00501132011414,40.75005297929761]]]}},{"type":"Feature","properties":{"id":"7cce61fc-8deb-4ac3-bab6-6dff2c9f6c20","height":22.4,"subtype":null,"class":null},"geometry":{"type":"Polygon","coordinates":[[[-74.00461971759796,40.75188983312066],[-74.00478601455688,40.75165819727084],[-74.00448560714722,40.75153221954008],[-74.00431394577026,40.751763855828756],[-74.00461971759796,40.75188983312066]]]}},{"type":"Feature","properties":{"id":"9d3d7ce0-bf50-4837-a6b1-be2bc07c7c85","height":13.7,"subtype":null,"class":null},"geometry":{"type":"Polygon","coordinates":[[[-74.00375068187714,40.748971975232706],[-74.0035629272461,40.74889475998418],[-74.0035629272461,40.74895571939837],[-74.00371849536896,40.749016678756675],[-74.00375068187714,40.748971975232706]]]}},{"type":"Feature","properties":{"id":"5bf7a616-3383-493c-911b-127be5638ccc","height":17.7,"subtype":null,"class":null},"geometry":{"type":"Polygon","coordinates":[[[-74.00359511375427,40.751142093440365],[-74.00360584259033,40.751150221090796],[-74.0035629272461,40.75121117843733],[-74.0035629272461,40.7514428158444],[-74.00358974933624,40.751455007264525],[-74.00393307209015,40.750979540223256],[-74.00376677513123,40.75091045498567],[-74.00359511375427,40.751142093440365]]]}},{"type":"Feature","properties":{"id":"b1d82c55-44f6-44df-a120-2f9023eff9e9","height":10.7,"subtype":null,"class":null},"geometry":{"type":"Polygon","coordinates":[[[-74.00694251060486,40.74699686227001],[-74.00673866271973,40.74699686227001],[-74.00689423084259,40.747061887498916],[-74.00694251060486,40.74699686227001]]]}},{"type":"Feature","properties":{"id":"47a3b0a4-46b6-4172-998c-c4ac800977df","height":14.2,"subtype":null,"class":null},"geometry":{"type":"Polygon","coordinates":[[[-74.0052205324173,40.74704156712173],[-74.00517761707306,40.74702124673831],[-74.00510251522064,40.74712284859328],[-74.00517225265503,40.747151297084855],[-74.00526344776154,40.74703343896908],[-74.00523662567139,40.74702124673831],[-74.0052205324173,40.74704156712173]]]}},{"type":"Feature","properties":{"id":"b5a600bd-95fe-493f-87fb-0018a62693fd","height":19.5,"subtype":null,"class":null},"geometry":{"type":"Polygon","coordinates":[[[-74.00384187698364,40.747216322162785],[-74.00377750396729,40.74718787369903],[-74.00367558002472,40.747326051837604],[-74.00373995304108,40.74735450024224],[-74.00384187698364,40.747216322162785]]]}},{"type":"Feature","properties":{"id":"568e8cc4-c6a9-4540-b22a-ded72b80354c","height":50.3,"subtype":null,"class":null},"geometry":{"type":"Polygon","coordinates":[[[-74.00493621826172,40.747854377366934],[-74.00530099868774,40.74800881019041],[-74.0054190158844,40.74784218528666],[-74.00503277778625,40.74767962400256],[-74.0049147605896,40.74784218528666],[-74.00493621826172,40.747854377366934]]]}},{"type":"Feature","properties":{"id":"b39bddcd-3fb5-41d6-937b-2bcfc5c3778f","height":8.1,"subtype":null,"class":null},"geometry":{"type":"Polygon","coordinates":[[[-74.004265666008,40.75031306787844],[-74.00409400463104,40.75054877227606],[-74.00453388690948,40.75073164580209],[-74.00470018386841,40.7504918781876],[-74.004265666008,40.75031306787844]]]}},{"type":"Feature","properties":{"id":"218e91d5-e23d-4dd6-80df-2e2ad5b8f988","height":6.8,"subtype":null,"class":null},"geometry":{"type":"Polygon","coordinates":[[[-74.00427103042603,40.74726509092949],[-74.00433540344238,40.74717568149654],[-74.00428712368011,40.747155361154114],[-74.00422275066376,40.74724477061437],[-74.00427103042603,40.74726509092949]]]}},{"type":"Feature","properties":{"id":"3d2363c2-a1e3-4ff3-9eda-7a25bb4f71d7","height":27.7,"subtype":null,"class":null},"geometry":{"type":"Polygon","coordinates":[[[-74.00488257408142,40.74926457957133],[-74.00475919246674,40.74921581227099],[-74.00458753108978,40.749447456629156],[-74.00471091270447,40.74950028768558],[-74.00488257408142,40.74926457957133]]]}},{"type":"Feature","properties":{"id":"7ea41fd5-1b5d-457b-bedf-c01df931a82a","height":19.8,"subtype":null,"class":null},"geometry":{"type":"Polygon","coordinates":[[[-74.0050756931305,40.74728947529945],[-74.00499522686005,40.747256962804215],[-74.00490939617157,40.747374820523845],[-74.00499522686005,40.74740733296147],[-74.0050756931305,40.74728947529945]]]}},{"type":"Feature","properties":{"id":"12864ccb-72fb-443e-bf12-f3b3e744f6da","height":22.3,"subtype":null,"class":null},"geometry":{"type":"Polygon","coordinates":[[[-74.00437295436859,40.74958969399307],[-74.00442123413086,40.74961001359165],[-74.0042495727539,40.7498457204814],[-74.0045553445816,40.749975765304356],[-74.0047538280487,40.74971161149142],[-74.00439441204071,40.74956124654463],[-74.00437295436859,40.74958969399307]]]}},{"type":"Feature","properties":{"id":"2659be22-d8d0-4dce-9505-6b1d87be86f7","height":41.3,"subtype":null,"class":null},"geometry":{"type":"Polygon","coordinates":[[[-74.00486648082733,40.74814292261459],[-74.00479674339294,40.74811447454721],[-74.00463044643402,40.748342058745436],[-74.00470018386841,40.74837457071018],[-74.00486648082733,40.74814292261459]]]}},{"type":"Feature","properties":{"id":"d176a567-1fda-47eb-81ba-55ae6f139bb9","height":57,"subtype":null,"class":null},"geometry":{"type":"Polygon","coordinates":[[[-74.00568723678589,40.74786250541919],[-74.0054726600647,40.74776903275799],[-74.00530099868774,40.74800881019041],[-74.00575697422028,40.748199818712806],[-74.00591254234314,40.74798442608423],[-74.00570869445801,40.7478990816422],[-74.0057247877121,40.74787876152078],[-74.00568723678589,40.74786250541919]]]}},{"type":"Feature","properties":{"id":"d7f50c9b-2cb2-4195-a523-c9aa012958b4","height":27.4,"subtype":null,"class":null},"geometry":{"type":"Polygon","coordinates":[[[-74.00453388690948,40.75073164580209],[-74.00437831878662,40.75066662416157],[-74.00420129299164,40.75091451882517],[-74.0044105052948,40.75099579556286],[-74.00444269180298,40.75095515720645],[-74.00438904762268,40.75093077418063],[-74.00453388690948,40.75073164580209]]]}},{"type":"Feature","properties":{"id":"12ab95ac-98bd-445d-a7c8-d3279e27755f","height":12.3,"subtype":null,"class":null},"geometry":{"type":"Polygon","coordinates":[[[-74.00545656681061,40.74950841553667],[-74.0052741765976,40.74943120091106],[-74.00510251522064,40.74966690843465],[-74.00566041469574,40.74990261512275],[-74.00583207607269,40.74966690843465],[-74.00545656681061,40.74950841553667]]]}},{"type":"Feature","properties":{"id":"9043bd2b-592a-4f60-8750-2343b6dac147","height":16.4,"subtype":null,"class":null},"geometry":{"type":"Polygon","coordinates":[[[-74.00414228439331,40.74699686227001],[-74.00407791137695,40.74699686227001],[-74.00404036045074,40.74704969527335],[-74.00408864021301,40.74707001564806],[-74.00414228439331,40.74699686227001]]]}},{"type":"Feature","properties":{"id":"873e7241-e840-44e2-bc0b-197c09bd0066","height":5.6,"subtype":null,"class":null},"geometry":{"type":"Polygon","coordinates":[[[-74.00488793849945,40.74740733296147],[-74.00490939617157,40.747374820523845],[-74.00466799736023,40.74727728311561],[-74.00464653968811,40.7473097956009],[-74.00488793849945,40.74740733296147]]]}},{"type":"Feature","properties":{"id":"12ba24da-63ed-4aac-ba22-b9bc438ac985","height":41.8,"subtype":null,"class":null},"geometry":{"type":"Polygon","coordinates":[[[-74.0040135383606,40.74858589809352],[-74.00379359722137,40.748492426449104],[-74.00364875793457,40.748683433582386],[-74.0037453174591,40.748724073327196],[-74.00378286838531,40.74867124165411],[-74.00386333465576,40.7487037534579],[-74.00387942790985,40.74867936960655],[-74.00392770767212,40.74869968948329],[-74.0040135383606,40.74858589809352]]]}},{"type":"Feature","properties":{"id":"6161209a-92d4-4474-ac0e-50401f121430","height":16.3,"subtype":null,"class":null},"geometry":{"type":"Polygon","coordinates":[[[-74.00489330291748,40.74895978335732],[-74.00442123413086,40.7487606490763],[-74.004265666008,40.748971975232706],[-74.00473773479462,40.74917110888089],[-74.00489330291748,40.74895978335732]]]}},{"type":"Feature","properties":{"id":"e4b14068-a77f-450c-b72f-35e5a55de142","height":18.4,"subtype":null,"class":null},"geometry":{"type":"Polygon","coordinates":[[[-74.00433540344238,40.75114615726571],[-74.00393307209015,40.750979540223256],[-74.00380432605743,40.75115428491563],[-74.00420665740967,40.75132090152019],[-74.00433540344238,40.75114615726571]]]}},{"type":"Feature","properties":{"id":"9ffe730f-8804-4a3b-a4fb-af5391eebf39","height":9.6,"subtype":null,"class":null},"geometry":{"type":"Polygon","coordinates":[[[-74.00538682937622,40.749167044934836],[-74.00520980358124,40.749402753394804],[-74.00545656681061,40.74950841553667],[-74.00562822818756,40.749268643511414],[-74.00538682937622,40.749167044934836]]]}},{"type":"Feature","properties":{"id":"4ad3452c-e4fd-468b-a255-6b62ca7f77d7","height":40,"subtype":"education","class":"school"},"geometry":{"type":"Polygon","coordinates":[[[-74.00364875793457,40.7492442598672],[-74.0035629272461,40.74921174832767],[-74.0035629272461,40.74936211406478],[-74.00364875793457,40.7492442598672]]]}},{"type":"Feature","properties":{"id":"0d4ac3c4-8217-4c6a-b5f6-8148b890c082","height":34,"subtype":null,"class":null},"geometry":{"type":"Polygon","coordinates":[[[-74.00540828704834,40.7507885396854],[-74.0050220489502,40.75062598560393],[-74.0048611164093,40.75084543352],[-74.00494158267975,40.750877944260765],[-74.0047538280487,40.75113396578894],[-74.00506496429443,40.75126400809242],[-74.00540828704834,40.7507885396854]]]}},{"type":"Feature","properties":{"id":"6c4dea73-9093-40e1-a6f6-566a6e9a9fdd","height":24.158275604248047,"subtype":null,"class":null},"geometry":{"type":"Polygon","coordinates":[[[-74.00387406349182,40.74934179439043],[-74.00380969047546,40.74931334683595],[-74.00362193584442,40.7495693743883],[-74.00393843650818,40.749703483665144],[-74.00412619113922,40.749447456629156],[-74.00387406349182,40.74934179439043]]]}},{"type":"Feature","properties":{"id":"f0c2196e-6ddb-4d95-9755-1503971734ba","height":47.2,"subtype":null,"class":null},"geometry":{"type":"Polygon","coordinates":[[[-74.00613784790039,40.749796953607245],[-74.00583207607269,40.74966690843465],[-74.00566041469574,40.74990261512275],[-74.00596618652344,40.7500326598344],[-74.00613784790039,40.749796953607245]]]}},{"type":"Feature","properties":{"id":"2734f75d-242d-4df9-9c9e-1ec8bb5c69fe","height":9.7,"subtype":null,"class":null},"geometry":{"type":"Polygon","coordinates":[[[-74.00448024272919,40.75151190052887],[-74.00440514087677,40.75147939009807],[-74.00422811508179,40.75172321794173],[-74.0043032169342,40.751751664465246],[-74.00448024272919,40.75151190052887]]]}},{"type":"Feature","properties":{"id":"81c55797-240e-4b2f-a2d0-8571dd33dd29","height":14,"subtype":null,"class":null},"geometry":{"type":"Polygon","coordinates":[[[-74.00689423084259,40.748065706403395],[-74.0067332983017,40.74799255412063],[-74.00659382343292,40.74818356268972],[-74.00676012039185,40.74825265076046],[-74.00689423084259,40.748065706403395]]]}},{"type":"Feature","properties":{"id":"c7674ee4-33c4-4ea1-92a7-279e361bfa11","height":8.7,"subtype":"entertainment","class":null},"geometry":{"type":"Polygon","coordinates":[[[-74.00908291339874,40.75199955508364],[-74.00907218456268,40.75201581017387],[-74.00910437107086,40.752052384112375],[-74.00915801525116,40.7520930217982],[-74.00925993919373,40.75214585075264],[-74.00941014289856,40.75221087094664],[-74.00947451591492,40.75220680718641],[-74.00945842266083,40.752162105807116],[-74.00932431221008,40.752076766726844],[-74.00921702384949,40.752023937717496],[-74.0091472864151,40.75199955508364],[-74.00911509990692,40.75199549131048],[-74.00908291339874,40.75199955508364]]]}},{"type":"Feature","properties":{"id":"81dd7605-0d89-4dd9-b316-4866b53a6ccf","height":41.3,"subtype":null,"class":null},"geometry":{"type":"Polygon","coordinates":[[[-74.00532245635986,40.748951655439186],[-74.00539755821228,40.7489801031484],[-74.0055102109909,40.74882567258058],[-74.00495231151581,40.748594026056395],[-74.00484502315521,40.74874845716215],[-74.00532245635986,40.748951655439186]]]}},{"type":"Feature","properties":{"id":"2cb3ee97-bb96-4ac3-a93f-60d673799c9e","height":6.6,"subtype":null,"class":null},"geometry":{"type":"Polygon","coordinates":[[[-74.00394380092621,40.75046343112513],[-74.00393307209015,40.75047968659089],[-74.00409400463104,40.75054877227606],[-74.004265666008,40.75031306787844],[-74.00409936904907,40.75024398194839],[-74.00394380092621,40.75046343112513]]]}},{"type":"Feature","properties":{"id":"4f2d97d5-0ba0-4254-837c-61e6cd4188f7","height":41.9,"subtype":null,"class":null},"geometry":{"type":"Polygon","coordinates":[[[-74.00470018386841,40.74837457071018],[-74.00469481945038,40.74838676269286],[-74.0047699213028,40.74841927463572],[-74.00477528572083,40.748411146651506],[-74.00485038757324,40.74844365858246],[-74.0050220489502,40.748207946722886],[-74.00486648082733,40.74814292261459],[-74.00470018386841,40.74837457071018]]]}},{"type":"Feature","properties":{"id":"ea37e04b-9a37-4351-bd01-3c70afbfde68","height":22.2,"subtype":null,"class":null},"geometry":{"type":"Polygon","coordinates":[[[-74.00434076786041,40.749061382250545],[-74.00423347949982,40.749016678756675],[-74.00414764881134,40.74913453335756],[-74.00453925132751,40.74930115502315],[-74.00464117527008,40.74916298098856],[-74.0043568611145,40.74904106248431],[-74.00434076786041,40.749061382250545]]]}},{"type":"Feature","properties":{"id":"12bffb9f-b006-427d-a9c9-a7602a616f77","height":15.8,"subtype":null,"class":null},"geometry":{"type":"Polygon","coordinates":[[[-74.00407791137695,40.74699686227001],[-74.0040135383606,40.74699686227001],[-74.00399208068848,40.747029374892435],[-74.00404036045074,40.74704969527335],[-74.00407791137695,40.74699686227001]]]}},{"type":"Feature","properties":{"id":"7d564681-7cbb-42cf-a9c2-742cb5d1c236","height":22.6,"subtype":null,"class":null},"geometry":{"type":"Polygon","coordinates":[[[-74.0050220489502,40.75062598560393],[-74.0047538280487,40.750516261374344],[-74.00458753108978,40.750751965051705],[-74.00485038757324,40.75086168889237],[-74.0050220489502,40.75062598560393]]]}},{"type":"Feature","properties":{"id":"369d3a48-e115-4238-9c12-6fb5cfc49af3","height":9.4,"subtype":null,"class":null},"geometry":{"type":"Polygon","coordinates":[[[-74.00562822818756,40.749268643511414],[-74.00545656681061,40.74950841553667],[-74.00613784790039,40.749796953607245],[-74.00631487369537,40.749557182622425],[-74.00562822818756,40.749268643511414]]]}},{"type":"Feature","properties":{"id":"3bb07ebf-1850-4cbf-8a1b-0a7736311005","height":16.4,"subtype":null,"class":null},"geometry":{"type":"Polygon","coordinates":[[[-74.00433003902435,40.74700499042709],[-74.00430858135223,40.74699686227001],[-74.00427103042603,40.74699686227001],[-74.00419056415558,40.74711065637888],[-74.00423884391785,40.74713097673501],[-74.00433003902435,40.74700499042709]]]}},{"type":"Feature","properties":{"id":"d2d1f262-6fdd-4c6e-9e86-38feb698293c","height":36.4,"subtype":null,"class":null},"geometry":{"type":"Polygon","coordinates":[[[-74.00383651256561,40.750134257088376],[-74.00370240211487,40.75007736264527],[-74.0035629272461,40.75027242910474],[-74.0035629272461,40.75030494012566],[-74.00368094444275,40.750353706627266],[-74.00383651256561,40.750134257088376]]]}},{"type":"Feature","properties":{"id":"179b3aae-6633-4362-a6f8-447b161cf339","height":23.2,"subtype":null,"class":null},"geometry":{"type":"Polygon","coordinates":[[[-74.0049147605896,40.749776634065796],[-74.0047538280487,40.74971161149142],[-74.0045553445816,40.749975765304356],[-74.00465726852417,40.75001640425933],[-74.00468409061432,40.749975765304356],[-74.00474846363068,40.75000421257545],[-74.0049147605896,40.749776634065796]]]}},{"type":"Feature","properties":{"id":"c6b2207f-7fc7-4555-a3e5-d6ae4a056198","height":8.9,"subtype":null,"class":null},"geometry":{"type":"Polygon","coordinates":[[[-74.00634706020355,40.74812260256769],[-74.00641143321991,40.7481469866232],[-74.00640070438385,40.74816324265524],[-74.00656163692474,40.748228266743695],[-74.00657773017883,40.748207946722886],[-74.00656163692474,40.748199818712806],[-74.00664746761322,40.74808602646766],[-74.00666356086731,40.748090090479764],[-74.0067332983017,40.74799255412063],[-74.00649189949036,40.74789095359438],[-74.00642216205597,40.74798849010256],[-74.00643825531006,40.74799255412063],[-74.00634706020355,40.74812260256769]]]}},{"type":"Feature","properties":{"id":"471e2df4-7954-4721-bcc2-bdcf38dfebc1","height":27.1,"subtype":null,"class":null},"geometry":{"type":"Polygon","coordinates":[[[-74.00520980358124,40.7490938938636],[-74.00503814220428,40.74932960258286],[-74.00520980358124,40.749402753394804],[-74.00538682937622,40.749167044934836],[-74.00520980358124,40.7490938938636]]]}},{"type":"Feature","properties":{"id":"d5ab6dbc-9ede-47c5-b384-7dc9d62325a3","height":29.6,"subtype":null,"class":null},"geometry":{"type":"Polygon","coordinates":[[[-74.00633633136749,40.747825929176116],[-74.00610029697418,40.74772432839529],[-74.0059232711792,40.7479722340278],[-74.00615930557251,40.74806977041675],[-74.00633633136749,40.747825929176116]]]}},{"type":"Feature","properties":{"id":"f89bb72e-1e46-4e79-8ae9-5f95b8908661","height":26.1,"subtype":null,"class":null},"geometry":{"type":"Polygon","coordinates":[[[-74.00658309459686,40.747492678034604],[-74.00626122951508,40.74735450024224],[-74.0061217546463,40.747549574689174],[-74.0065187215805,40.747716200326124],[-74.00669574737549,40.747472357789036],[-74.00662064552307,40.74743984538321],[-74.00658309459686,40.747492678034604]]]}},{"type":"Feature","properties":{"id":"3afe2f30-a677-4547-a82d-ba5a7c54ac35","height":19.5,"subtype":null,"class":null},"geometry":{"type":"Polygon","coordinates":[[[-74.00453925132751,40.74930115502315],[-74.00414764881134,40.74913453335756],[-74.00407254695892,40.74923206804172],[-74.00446951389313,40.74939868946291],[-74.00453925132751,40.74930115502315]]]}},{"type":"Feature","properties":{"id":"7d87bc36-9b1a-4c79-95ce-d87dc30c307b","height":15.759317398071289,"subtype":"residential","class":"apartments"},"geometry":{"type":"Polygon","coordinates":[[[-74.006427526474,40.74941494518896],[-74.00659382343292,40.74917517282668],[-74.00642216205597,40.74910202176437],[-74.00638997554779,40.74915078914819],[-74.00636851787567,40.74914266125339],[-74.00629341602325,40.74924832380853],[-74.00630950927734,40.74925645169043],[-74.00625050067902,40.74934179439043],[-74.006427526474,40.74941494518896]]]}},{"type":"Feature","properties":{"id":"412ecd43-b44a-4c82-98fa-cd54b68810fa","height":50.3,"subtype":null,"class":null},"geometry":{"type":"Polygon","coordinates":[[[-74.0042495727539,40.7498457204814],[-74.0040135383606,40.74974818669733],[-74.00386333465576,40.74995138191943],[-74.0045714378357,40.750248045828585],[-74.00473237037659,40.75002859594099],[-74.00471091270447,40.75002046815345],[-74.00470018386841,40.75003672372753],[-74.0042495727539,40.7498457204814]]]}},{"type":"Feature","properties":{"id":"9f01dc4d-f4fb-4497-836e-9484370d5292","height":11.5,"subtype":null,"class":null},"geometry":{"type":"Polygon","coordinates":[[[-74.00362193584442,40.75197923621528],[-74.0035629272461,40.751954853565024],[-74.0035629272461,40.75206051165151],[-74.00362193584442,40.75197923621528]]]}},{"type":"Feature","properties":{"id":"6dca4a4f-566d-4273-a0f4-2b950bf589bf","height":16.4,"subtype":null,"class":null},"geometry":{"type":"Polygon","coordinates":[[[-74.00590717792511,40.747139104875714],[-74.00575160980225,40.74707407972227],[-74.00557458400726,40.74731385966044],[-74.00573015213013,40.74738294863474],[-74.00590717792511,40.747139104875714]]]}},{"type":"Feature","properties":{"id":"f78c1f9e-58f9-46bb-9e30-d4396703ab1f","height":26.4,"subtype":null,"class":null},"geometry":{"type":"Polygon","coordinates":[[[-74.00409400463104,40.75054877227606],[-74.00407791137695,40.75054064455213],[-74.00390625,40.750780411990746],[-74.00420665740967,40.75090639114592],[-74.00437831878662,40.75066662416157],[-74.00409400463104,40.75054877227606]]]}},{"type":"Feature","properties":{"id":"f9355cfd-845e-439c-b7c9-18a2a4bfcf2e","height":14.7,"subtype":null,"class":null},"geometry":{"type":"Polygon","coordinates":[[[-74.00423347949982,40.749016678756675],[-74.00416910648346,40.748988231063066],[-74.00400817394257,40.74920362044031],[-74.00407254695892,40.74923206804172],[-74.00423347949982,40.749016678756675]]]}},{"type":"Feature","properties":{"id":"72f640d3-8372-44ec-aa47-d42eb647070c","height":17.4,"subtype":null,"class":null},"geometry":{"type":"Polygon","coordinates":[[[-74.00499522686005,40.747256962804215],[-74.0047538280487,40.74715942522309],[-74.00466799736023,40.74727728311561],[-74.00490939617157,40.747374820523845],[-74.00499522686005,40.747256962804215]]]}},{"type":"Feature","properties":{"id":"59d39ded-647f-4563-8fe2-8d8d12a4c133","height":18.1,"subtype":null,"class":null},"geometry":{"type":"Polygon","coordinates":[[[-74.00398135185242,40.74727728311561],[-74.00391161441803,40.74724477061437],[-74.00380969047546,40.74738294863474],[-74.00388479232788,40.74741139701504],[-74.00398135185242,40.74727728311561]]]}},{"type":"Feature","properties":{"id":"2100a7fa-57f1-49b6-8219-d0f75c77e3bf","height":18.7,"subtype":null,"class":null},"geometry":{"type":"Polygon","coordinates":[[[-74.00377750396729,40.74718787369903],[-74.00370240211487,40.74715942522309],[-74.00360584259033,40.74729353936024],[-74.00367558002472,40.747326051837604],[-74.00377750396729,40.74718787369903]]]}},{"type":"Feature","properties":{"id":"f10b398d-b90f-474c-9840-c2b846aa3541","height":23.6,"subtype":null,"class":null},"geometry":{"type":"Polygon","coordinates":[[[-74.00370240211487,40.75007736264527],[-74.0035629272461,40.75002046815345],[-74.0035629272461,40.75027242910474],[-74.00370240211487,40.75007736264527]]]}},{"type":"Feature","properties":{"id":"d3ffac0a-595a-4743-b381-579bd2887870","height":40,"subtype":null,"class":null},"geometry":{"type":"Polygon","coordinates":[[[-74.00627195835114,40.74891101583344],[-74.00619685649872,40.749008550845474],[-74.00628805160522,40.74904512643806],[-74.00645971298218,40.748813480678365],[-74.00636851787567,40.74877284098818],[-74.00627195835114,40.74891101583344]]]}},{"type":"Feature","properties":{"id":"de04cb8e-7a05-4330-886c-e47758641dec","height":11.7,"subtype":null,"class":null},"geometry":{"type":"Polygon","coordinates":[[[-74.00485038757324,40.74844365858246],[-74.00477528572083,40.748411146651506],[-74.00460362434387,40.74864685779082],[-74.00476455688477,40.74871594538024],[-74.00493621826172,40.748476170497526],[-74.00485038757324,40.74844365858246]]]}},{"type":"Feature","properties":{"id":"dfe3ea47-b90c-4f5a-a226-1a2b9ea94591","height":20.6,"subtype":null,"class":null},"geometry":{"type":"Polygon","coordinates":[[[-74.00413691997528,40.74731385966044],[-74.0040671825409,40.74728541123844],[-74.00395452976227,40.74744390943479],[-74.00402426719666,40.747472357789036],[-74.00413691997528,40.74731385966044]]]}},{"type":"Feature","properties":{"id":"52696065-b000-4757-b389-094083560d2b","height":17,"subtype":null,"class":null},"geometry":{"type":"Polygon","coordinates":[[[-74.00615930557251,40.74806977041675],[-74.0059232711792,40.7479722340278],[-74.00575697422028,40.748199818712806],[-74.0062290430069,40.74839895467329],[-74.00639533996582,40.74817137066978],[-74.00615930557251,40.74806977041675]]]}},{"type":"Feature","properties":{"id":"4095cf51-ec27-4c7b-b444-786d3bc4e442","height":42.9,"subtype":null,"class":null},"geometry":{"type":"Polygon","coordinates":[[[-74.00692641735077,40.74726509092949],[-74.00686740875244,40.74724070655063],[-74.00669574737549,40.747472357789036],[-74.00693714618683,40.74756989491115],[-74.00710344314575,40.74734230807033],[-74.00692641735077,40.74726509092949]]]}},{"type":"Feature","properties":{"id":"1eb40075-bb8c-4707-b968-b3ed07164882","height":24.70625877380371,"subtype":null,"class":null},"geometry":{"type":"Polygon","coordinates":[[[-74.0040135383606,40.74974818669733],[-74.00401890277863,40.74974005887552],[-74.00362193584442,40.7495693743883],[-74.0035629272461,40.749650652770185],[-74.0035629272461,40.749825400954876],[-74.00386333465576,40.74995138191943],[-74.0040135383606,40.74974818669733]]]}},{"type":"Feature","properties":{"id":"d2f3873b-2c39-49be-b833-5d0af544dffa","height":18.2,"subtype":"industrial","class":"industrial"},"geometry":{"type":"Polygon","coordinates":[[[-74.00657773017883,40.74976444233795],[-74.00625586509705,40.750207407015154],[-74.00626122951508,40.750223662543505],[-74.00645971298218,40.75030494012566],[-74.0064811706543,40.750296812371914],[-74.00704979896545,40.75053251682718],[-74.00705516338348,40.75055283613764],[-74.00721609592438,40.75062192174684],[-74.00724291801453,40.750613794031835],[-74.00776326656342,40.750837305832334],[-74.007688164711,40.7509226465034],[-74.00776326656342,40.75095109336942],[-74.00780618190765,40.75095515720645],[-74.00785982608795,40.75095109336942],[-74.00791883468628,40.75092671034213],[-74.00797247886658,40.75086981657708],[-74.0081387758255,40.75043904791903],[-74.0081387758255,40.750422792443345],[-74.00783836841583,40.75030087624893],[-74.0078330039978,40.75028055686147],[-74.00767207145691,40.750211470897625],[-74.00765061378479,40.7502195986618],[-74.00679767131805,40.7498619760982],[-74.006786942482,40.74984165657659],[-74.00659918785095,40.749760378428164],[-74.00657773017883,40.74976444233795]]]}},{"type":"Feature","properties":{"id":"a5418ddd-8496-46e9-b725-97bfd2f123e5","height":27,"subtype":null,"class":null},"geometry":{"type":"Polygon","coordinates":[[[-74.00464653968811,40.751280263362446],[-74.00433540344238,40.75114615726571],[-74.00422811508179,40.751292454812386],[-74.0042495727539,40.75130464626008],[-74.00411546230316,40.75148345390278],[-74.00409400463104,40.751475326293104],[-74.00398671627045,40.75162162311554],[-74.00422811508179,40.75172321794173],[-74.00433003902435,40.75157692134283],[-74.0043032169342,40.75156472994507],[-74.00438904762268,40.751446879651354],[-74.00449633598328,40.75149158151149],[-74.00460362434387,40.75134122058975],[-74.00463581085205,40.75135747584093],[-74.00466799736023,40.751312773890646],[-74.00463044643402,40.75129651862855],[-74.00464653968811,40.751280263362446]]]}},{"type":"Feature","properties":{"id":"63ebed43-842e-4c11-ae20-0a40f6d4547b","height":12.7,"subtype":null,"class":null},"geometry":{"type":"Polygon","coordinates":[[[-74.00731801986694,40.747732456463496],[-74.00724828243256,40.747704008220495],[-74.00707125663757,40.7479478499082],[-74.00739848613739,40.74808602646766],[-74.00754868984222,40.747874697495774],[-74.00755405426025,40.747829993204135],[-74.00731801986694,40.747732456463496]]]}},{"type":"Feature","properties":{"id":"77904abd-6466-4e5e-ad68-860b92b5406e","height":50.9,"subtype":null,"class":null},"geometry":{"type":"Polygon","coordinates":[[[-74.00433540344238,40.748305482766085],[-74.00401890277863,40.74817137066978],[-74.00393307209015,40.74828922676883],[-74.0042495727539,40.74841927463572],[-74.00433540344238,40.748305482766085]]]}},{"type":"Feature","properties":{"id":"e3164a91-2c2e-45fa-8141-d6ae70b5532a","height":15.7,"subtype":null,"class":null},"geometry":{"type":"Polygon","coordinates":[[[-74.00420665740967,40.74699686227001],[-74.00414228439331,40.74699686227001],[-74.00408864021301,40.74707001564806],[-74.00413691997528,40.74709033601661],[-74.00420665740967,40.74699686227001]]]}},{"type":"Feature","properties":{"id":"541d4422-901f-42d5-bd33-9ae7e4fe1f7e","height":3.7,"subtype":null,"class":null},"geometry":{"type":"Polygon","coordinates":[[[-74.00443196296692,40.74704969527335],[-74.00437831878662,40.747029374892435],[-74.00428712368011,40.747155361154114],[-74.00433540344238,40.74717568149654],[-74.00443196296692,40.74704969527335]]]}},{"type":"Feature","properties":{"id":"21a20f86-ba89-47bb-98e1-371669b41801","height":20.8,"subtype":null,"class":null},"geometry":{"type":"Polygon","coordinates":[[[-74.00409936904907,40.75024398194839],[-74.00383651256561,40.750134257088376],[-74.00368094444275,40.750353706627266],[-74.00394380092621,40.75046343112513],[-74.00409936904907,40.75024398194839]]]}},{"type":"Feature","properties":{"id":"54514a5e-b284-4a8d-96f4-b29821785ba5","height":18,"subtype":"residential","class":"apartments"},"geometry":{"type":"Polygon","coordinates":[[[-74.00713562965393,40.74735856429908],[-74.00711417198181,40.74754551064402],[-74.00725364685059,40.747606471295086],[-74.00720000267029,40.7476836880395],[-74.00755405426025,40.747829993204135],[-74.00760233402252,40.747549574689174],[-74.00713562965393,40.74735856429908]]]}},{"type":"Feature","properties":{"id":"903ecf0d-6640-4193-a5ff-6a2e38741b2b","height":23,"subtype":null,"class":null},"geometry":{"type":"Polygon","coordinates":[[[-74.0042495727539,40.74488350771816],[-74.00440514087677,40.744948535013464],[-74.00456070899963,40.74473719607127],[-74.00440514087677,40.74467216856934],[-74.0042495727539,40.74488350771816]]]}},{"type":"Feature","properties":{"id":"1ae425b2-1908-4334-bb08-c0b70dd513c0","height":40,"subtype":null,"class":null},"geometry":{"type":"Polygon","coordinates":[[[-74.00730729103088,40.74551345696588],[-74.00730192661285,40.74550939279632],[-74.00719463825226,40.745655702744415],[-74.00735557079315,40.74572479344138],[-74.00750041007996,40.74551752113521],[-74.00735020637512,40.74545249439626],[-74.00730729103088,40.74551345696588]]]}},{"type":"Feature","properties":{"id":"c397e218-9726-4400-baf7-584ec61850ef","height":52.6,"subtype":"commercial","class":"office"},"geometry":{"type":"Polygon","coordinates":[[[-74.00762915611267,40.74322122589638],[-74.00744676589966,40.74346508402067],[-74.00827288627625,40.743810548166266],[-74.00838553905487,40.74321716158673],[-74.00780618190765,40.74297330255342],[-74.00762915611267,40.74322122589638]]]}},{"type":"Feature","properties":{"id":"4686c179-c44f-4fa4-b38e-7ca367a85f64","height":18.3,"subtype":null,"class":null},"geometry":{"type":"Polygon","coordinates":[[[-74.00384187698364,40.74489570034086],[-74.00382578372955,40.744903828754786],[-74.00378286838531,40.74496072762426],[-74.00388479232788,40.74500543384468],[-74.00392770767212,40.74494447080937],[-74.00392770767212,40.74493227819562],[-74.0039598941803,40.744887571926],[-74.00397062301636,40.74489163613353],[-74.00398135185242,40.74487537930179],[-74.00397062301636,40.74487131509321],[-74.00403499603271,40.74478190244196],[-74.00394916534424,40.74474532450452],[-74.00384187698364,40.74489570034086]]]}},{"type":"Feature","properties":{"id":"de1343fd-dd7d-4d2f-8d8d-07dfe2e17b68","height":11.4,"subtype":null,"class":null},"geometry":{"type":"Polygon","coordinates":[[[-74.00525271892548,40.743790226795625],[-74.00517761707306,40.743757712589655],[-74.00501668453217,40.74397718317147],[-74.00509178638458,40.744009697270144],[-74.00525271892548,40.743790226795625]]]}},{"type":"Feature","properties":{"id":"4b41ad06-608d-4b7f-902e-3f66a807248a","height":4.8,"subtype":null,"class":null},"geometry":{"type":"Polygon","coordinates":[[[-74.0069317817688,40.74573292175393],[-74.00676548480988,40.74595644996023],[-74.00700688362122,40.74605398930572],[-74.00716781616211,40.74583452557721],[-74.0069317817688,40.74573292175393]]]}},{"type":"Feature","properties":{"id":"d7229dd0-f232-4f42-b58b-19cda30d066e","height":44.4,"subtype":null,"class":null},"geometry":{"type":"Polygon","coordinates":[[[-74.0048235654831,40.74136787493276],[-74.00452852249146,40.741245942137766],[-74.00444269180298,40.74136381050985],[-74.00475919246674,40.741497936334355],[-74.00484502315521,40.74137600377779],[-74.0048235654831,40.74136787493276]]]}},{"type":"Feature","properties":{"id":"7e21060f-d4ae-4bc1-89f7-766cd0f965e8","height":82.6,"subtype":"commercial","class":"office"},"geometry":{"type":"Polygon","coordinates":[[[-74.0035629272461,40.741184975656466],[-74.0035629272461,40.74182715312057],[-74.00429248809814,40.742131982025285],[-74.00464653968811,40.74164019070116],[-74.0035629272461,40.741184975656466]]]}},{"type":"Feature","properties":{"id":"18a42e02-b74c-4277-954e-630d8fb1c1e3","height":14.9,"subtype":null,"class":null},"geometry":{"type":"Polygon","coordinates":[[[-74.00379359722137,40.74092485137501],[-74.0037614107132,40.74091265802437],[-74.00367021560669,40.741038655873325],[-74.00372922420502,40.74106304252621],[-74.00379359722137,40.74097362475527],[-74.0037614107132,40.74096143141358],[-74.00379359722137,40.74092485137501]]]}},{"type":"Feature","properties":{"id":"f88369e9-b955-43a4-834e-fcf944b66e53","height":18.5,"subtype":"residential","class":"apartments"},"geometry":{"type":"Polygon","coordinates":[[[-74.00472164154053,40.74116058904829],[-74.00490403175354,40.74091265802437],[-74.00480210781097,40.74086794905287],[-74.00461971759796,40.74111994468146],[-74.00472164154053,40.74116058904829]]]}},{"type":"Feature","properties":{"id":"d856065b-7afa-4b75-95bc-239d5047ab25","height":14.3,"subtype":null,"class":null},"geometry":{"type":"Polygon","coordinates":[[[-74.00640606880188,40.7415467092944],[-74.0062290430069,40.74178244476374],[-74.00649726390839,40.74189624779473],[-74.00666892528534,40.74165644832371],[-74.00640606880188,40.7415467092944]]]}},{"type":"Feature","properties":{"id":"42a22fd4-f740-4e1a-9a89-352044c25e7d","height":59.8,"subtype":"residential","class":"apartments"},"geometry":{"type":"Polygon","coordinates":[[[-74.00495231151581,40.74435109434654],[-74.00507032871246,40.74418852452871],[-74.00466799736023,40.74401376153136],[-74.00456607341766,40.744151946264935],[-74.00466799736023,40.744196653029036],[-74.00465190410614,40.744221038524074],[-74.00495231151581,40.74435109434654]]]}},{"type":"Feature","properties":{"id":"c43cceec-7959-4ff7-8ff1-dd85dafdb273","height":15,"subtype":null,"class":null},"geometry":{"type":"Polygon","coordinates":[[[-74.00530636310577,40.74471281076549],[-74.00522589683533,40.74468029701055],[-74.00514006614685,40.74479409508331],[-74.0052205324173,40.74483067299391],[-74.00530636310577,40.74471281076549]]]}},{"type":"Feature","properties":{"id":"fc54c291-5340-45d7-8ed9-4fa403fc1759","height":17.6,"subtype":null,"class":null},"geometry":{"type":"Polygon","coordinates":[[[-74.00517225265503,40.745395595947485],[-74.00512933731079,40.74537933923892],[-74.00504350662231,40.745493136115584],[-74.00512397289276,40.74552564947314],[-74.00526881217957,40.745326504908576],[-74.00520980358124,40.74530211981889],[-74.00515615940094,40.74537527506115],[-74.00518298149109,40.74538340341644],[-74.00517225265503,40.745395595947485]]]}},{"type":"Feature","properties":{"id":"1fc7ce3b-73fa-4b3f-92fd-4a508c8eff52","height":15.9,"subtype":null,"class":null},"geometry":{"type":"Polygon","coordinates":[[[-74.00442659854889,40.74624500344291],[-74.00437295436859,40.74622061868999],[-74.00427103042603,40.746358798838315],[-74.00433003902435,40.74638318354059],[-74.00442659854889,40.74624500344291]]]}},{"type":"Feature","properties":{"id":"19e08650-9136-423c-a608-45b25df80ded","height":17.5,"subtype":null,"class":null},"geometry":{"type":"Polygon","coordinates":[[[-74.00640606880188,40.7415467092944],[-74.00614321231842,40.741432905665334],[-74.00597155094147,40.74167270594228],[-74.0062290430069,40.74178244476374],[-74.00640606880188,40.7415467092944]]]}},{"type":"Feature","properties":{"id":"09110879-6412-4f86-88e5-25f71c8c1f3b","height":11,"subtype":null,"class":null},"geometry":{"type":"Polygon","coordinates":[[[-74.00462508201599,40.746326285888074],[-74.00456607341766,40.74630190116494],[-74.00448024272919,40.74641976057717],[-74.00453925132751,40.7464441452571],[-74.00462508201599,40.746326285888074]]]}},{"type":"Feature","properties":{"id":"dfe073b1-f7ed-4d0f-897a-8f0eaa1f3486","height":10.5,"subtype":null,"class":null},"geometry":{"type":"Polygon","coordinates":[[[-74.00481820106506,40.74640756823388],[-74.0047538280487,40.74638318354059],[-74.00467872619629,40.74648072226017],[-74.00474309921265,40.746509171026446],[-74.00481820106506,40.74640756823388]]]}},{"type":"Feature","properties":{"id":"9e8c65c1-be07-49e6-a9a0-fd2073ec2b51","height":17.2,"subtype":null,"class":null},"geometry":{"type":"Polygon","coordinates":[[[-74.00428712368011,40.74497698443514],[-74.00420665740967,40.74494447080937],[-74.00409936904907,40.74509484619543],[-74.00417983531952,40.74512735974767],[-74.00428712368011,40.74497698443514]]]}},{"type":"Feature","properties":{"id":"98a3fe6d-0d04-46a1-aec6-ba7988474f44","height":4.7,"subtype":null,"class":null},"geometry":{"type":"Polygon","coordinates":[[[-74.00716781616211,40.7461230795889],[-74.00716245174408,40.7461230795889],[-74.00700151920319,40.746346606483826],[-74.00716245174408,40.746411632348554],[-74.00732338428497,40.74618810567216],[-74.00716781616211,40.7461230795889]]]}},{"type":"Feature","properties":{"id":"d2b8403f-bf0c-430f-8c7a-0b8a00204749","height":24.9,"subtype":null,"class":null},"geometry":{"type":"Polygon","coordinates":[[[-74.00598227977753,40.74322122589638],[-74.00607883930206,40.74308303922908],[-74.0059232711792,40.74301801010981],[-74.0057623386383,40.74323341882382],[-74.0059232711792,40.743298447732485],[-74.00598227977753,40.74322122589638]]]}},{"type":"Feature","properties":{"id":"bce71754-d38f-4c1d-a0e9-bb20a86555ab","height":8.9,"subtype":null,"class":null},"geometry":{"type":"Polygon","coordinates":[[[-74.00677621364594,40.74566789522558],[-74.00671184062958,40.74564351026106],[-74.00655090808868,40.74586297461991],[-74.00661528110504,40.74589142365045],[-74.00677621364594,40.74566789522558]]]}},{"type":"Feature","properties":{"id":"f19cdcaf-b371-49d9-857b-4a7d128fced3","height":13,"subtype":null,"class":null},"geometry":{"type":"Polygon","coordinates":[[[-74.00759696960449,40.74141664798816],[-74.00752186775208,40.741384132621874],[-74.00734484195709,40.74162799748166],[-74.00741994380951,40.74166051272874],[-74.00759696960449,40.74141664798816]]]}},{"type":"Feature","properties":{"id":"6ca85b66-d0cf-4550-a2ee-571e11e7e92b","height":19,"subtype":null,"class":null},"geometry":{"type":"Polygon","coordinates":[[[-74.00533318519592,40.743343155070306],[-74.00534391403198,40.743326897860044],[-74.00538146495819,40.7433390907681],[-74.00555312633514,40.74341631246733],[-74.00554239749908,40.743432569655766],[-74.00568723678589,40.74349353407695],[-74.00577306747437,40.74337566947892],[-74.00562822818756,40.74331470494971],[-74.0056174993515,40.743330962162986],[-74.00540828704834,40.7432415474409],[-74.0054190158844,40.74322529020577],[-74.00526881217957,40.74316432553874],[-74.00518298149109,40.743278126205354],[-74.00533318519592,40.743343155070306]]]}},{"type":"Feature","properties":{"id":"2d285fbe-4e2a-4e8a-8857-ad7440d4b85a","height":17.8,"subtype":null,"class":null},"geometry":{"type":"Polygon","coordinates":[[[-74.00363802909851,40.74643601703144],[-74.00361657142639,40.74643601703144],[-74.00358438491821,40.74648072226017],[-74.00368094444275,40.74652136335112],[-74.00371313095093,40.7464766581497],[-74.00370240211487,40.74646040170538],[-74.00372922420502,40.74642788880482],[-74.00375068187714,40.746423824691135],[-74.0037614107132,40.746411632348554],[-74.00375068187714,40.746399440003785],[-74.0038150548935,40.74631002940697],[-74.0037453174591,40.74627751643288],[-74.00368094444275,40.74637099119056],[-74.00366485118866,40.74637099119056],[-74.0036541223526,40.74638318354059],[-74.00366485118866,40.746399440003785],[-74.00363802909851,40.74643601703144]]]}},{"type":"Feature","properties":{"id":"403c9aa5-a18d-4c12-99aa-10ca1bc21a3b","height":15.5,"subtype":null,"class":null},"geometry":{"type":"Polygon","coordinates":[[[-74.00411546230316,40.74611088719121],[-74.00405645370483,40.74609056652341],[-74.00396525859833,40.74621655456363],[-74.00401890277863,40.74624093931806],[-74.00411546230316,40.74611088719121]]]}},{"type":"Feature","properties":{"id":"b1503ee7-0b64-4e62-a4f3-e8d1d354db37","height":10.1,"subtype":null,"class":null},"geometry":{"type":"Polygon","coordinates":[[[-74.00621294975281,40.746013347929164],[-74.00634706020355,40.74606618171384],[-74.00650799274445,40.745842653876366],[-74.00637924671173,40.74578981991411],[-74.00621294975281,40.746013347929164]]]}},{"type":"Feature","properties":{"id":"cd6a7951-9ce2-413f-8116-d905913fffdb","height":24.3,"subtype":"residential","class":"apartments"},"geometry":{"type":"Polygon","coordinates":[[[-74.00683522224426,40.7410549136429],[-74.00681912899017,40.74107930028981],[-74.00696933269501,40.741144331304554],[-74.00714635848999,40.74090046467148],[-74.00691568851471,40.74080291776792],[-74.00675475597382,40.74102239809977],[-74.00683522224426,40.7410549136429]]]}},{"type":"Feature","properties":{"id":"0242d1d1-4d30-4c9a-8554-a83818ba7d50","height":19.9,"subtype":"transportation","class":"parking"},"geometry":{"type":"Polygon","coordinates":[[[-74.00621294975281,40.746013347929164],[-74.00637924671173,40.74578981991411],[-74.00591790676117,40.745594740305194],[-74.00575160980225,40.74581826897591],[-74.00621294975281,40.746013347929164]]]}},{"type":"Feature","properties":{"id":"68fa1b62-0ef8-4364-bb33-cf0c87bd0902","height":17.5,"subtype":null,"class":null},"geometry":{"type":"Polygon","coordinates":[[[-74.00438368320465,40.74494447080937],[-74.00433003902435,40.744920085579594],[-74.00417983531952,40.74512735974767],[-74.00426030158997,40.74515987328408],[-74.00436758995056,40.74500949804505],[-74.00434076786041,40.744997305443206],[-74.00438368320465,40.74494447080937]]]}},{"type":"Feature","properties":{"id":"be282fe3-9ad6-4f3c-a7df-efa7dddbf301","height":27.6523494720459,"subtype":null,"class":null},"geometry":{"type":"Polygon","coordinates":[[[-74.00467336177826,40.7436113984661],[-74.00466799736023,40.74361546275168],[-74.00487184524536,40.743700812690975],[-74.00489330291748,40.74367236272337],[-74.00489866733551,40.74367236272337],[-74.00495231151581,40.74359107703461],[-74.00474846363068,40.74350572695448],[-74.00474309921265,40.743513855538254],[-74.00465726852417,40.743477276903434],[-74.0046626329422,40.74346914831517],[-74.00445878505707,40.74338379807861],[-74.00439441204071,40.74346508402067],[-74.00439977645874,40.74346508402067],[-74.00437831878662,40.74349353407695],[-74.00458216667175,40.743578884172706],[-74.00458753108978,40.74357481988494],[-74.00467336177826,40.7436113984661]]]}},{"type":"Feature","properties":{"id":"6aa1b616-9529-4173-81ec-0c771e4840da","height":19,"subtype":null,"class":null},"geometry":{"type":"Polygon","coordinates":[[[-74.00514543056488,40.74360326989424],[-74.00515615940094,40.743587012747554],[-74.0053653717041,40.7436764270052],[-74.00534927845001,40.743692684130025],[-74.00549411773682,40.743753648312804],[-74.0055799484253,40.74363578417572],[-74.00543510913849,40.74357481988494],[-74.00542438030243,40.74359107703461],[-74.00521516799927,40.743501662662226],[-74.00522589683533,40.7434854054907],[-74.00508105754852,40.74342444106205],[-74.00499522686005,40.74354230557364],[-74.00514543056488,40.74360326989424]]]}},{"type":"Feature","properties":{"id":"5b01c687-3366-4c0d-a54b-819695e60445","height":15.9,"subtype":null,"class":null},"geometry":{"type":"Polygon","coordinates":[[[-74.00367558002472,40.74512735974767],[-74.00364875793457,40.745115167167455],[-74.0035629272461,40.745237092869274],[-74.0035629272461,40.745269606352025],[-74.00361120700836,40.74529399145365],[-74.00365948677063,40.74523302868283],[-74.00368630886078,40.745228964496135],[-74.00370240211487,40.745204579370665],[-74.00368630886078,40.74518832261538],[-74.00371849536896,40.74514361651788],[-74.00367558002472,40.74512735974767]]]}},{"type":"Feature","properties":{"id":"4a882ec3-a00a-4fec-9770-c98f16a0ea56","height":83.8,"subtype":"residential","class":"apartments"},"geometry":{"type":"Polygon","coordinates":[[[-74.00777399539948,40.74637911942415],[-74.00780081748962,40.74639131177267],[-74.00784373283386,40.7461230795889],[-74.00748431682587,40.74596864238623],[-74.00732338428497,40.74618810567216],[-74.00777399539948,40.74637911942415]]]}},{"type":"Feature","properties":{"id":"1e46388e-4c80-44e8-bf90-e278c24a9291","height":14.5,"subtype":null,"class":null},"geometry":{"type":"Polygon","coordinates":[[[-74.0057247877121,40.7439853116976],[-74.00537073612213,40.74383899807478],[-74.00521516799927,40.74405846838832],[-74.00580525398254,40.74430638768624],[-74.00596082210541,40.74408691819079],[-74.0057247877121,40.7439853116976]]]}},{"type":"Feature","properties":{"id":"c8aeedeb-cd53-41e2-9a02-bb9155f43fa7","height":13.4,"subtype":null,"class":null},"geometry":{"type":"Polygon","coordinates":[[[-74.00472164154053,40.74116058904829],[-74.00461971759796,40.74111994468146],[-74.00458753108978,40.74116058904829],[-74.00490403175354,40.74129471528258],[-74.00493621826172,40.74125407099771],[-74.00472164154053,40.74116058904829]]]}},{"type":"Feature","properties":{"id":"74dca307-497d-4f27-a435-29ca052a9c52","height":22.7,"subtype":null,"class":null},"geometry":{"type":"Polygon","coordinates":[[[-74.00488793849945,40.74565163858355],[-74.00468945503235,40.745566291147725],[-74.00453925132751,40.745769499148196],[-74.00473237037659,40.745854846323226],[-74.00488793849945,40.74565163858355]]]}},{"type":"Feature","properties":{"id":"69eb8867-8388-41ec-a1e4-054595abaa04","height":13.1,"subtype":null,"class":null},"geometry":{"type":"Polygon","coordinates":[[[-74.00456070899963,40.74473719607127],[-74.00447487831116,40.74485099404666],[-74.00464117527008,40.74491602137374],[-74.00472164154053,40.74480628772238],[-74.00456070899963,40.74473719607127]]]}},{"type":"Feature","properties":{"id":"68bf66ac-2294-4c36-9696-9c9794f0f561","height":41.1,"subtype":"commercial","class":"office"},"geometry":{"type":"Polygon","coordinates":[[[-74.00570869445801,40.74161580425991],[-74.00562286376953,40.74157516017124],[-74.00563359260559,40.74155890252882],[-74.00525271892548,40.741396325886086],[-74.00508642196655,40.74163612629491],[-74.00562822818756,40.74185966827031],[-74.00578379631042,40.74164425510716],[-74.00570869445801,40.74161580425991]]]}},{"type":"Feature","properties":{"id":"8cd993e0-995a-41b8-8886-58185d35ca16","height":50.2,"subtype":null,"class":null},"geometry":{"type":"MultiPolygon","coordinates":[[[[-74.0035629272461,40.74257499754293],[-74.00387406349182,40.74214823952764],[-74.00378823280334,40.74211572451895],[-74.00362730026245,40.7423392648825],[-74.0035629272461,40.742310814332484],[-74.0035629272461,40.74257499754293]]],[[[-74.0037077665329,40.74207914511521],[-74.0035629272461,40.742018179397604],[-74.0035629272461,40.74228236377033],[-74.0037077665329,40.74207914511521]]]]}},{"type":"Feature","properties":{"id":"5d1e2cca-9961-4c99-aafb-b72f917ed978","height":16.1,"subtype":null,"class":null},"geometry":{"type":"Polygon","coordinates":[[[-74.00437295436859,40.74622061868999],[-74.00430858135223,40.74619623392812],[-74.00420129299164,40.74633847824629],[-74.004265666008,40.74636692707338],[-74.00437295436859,40.74622061868999]]]}},{"type":"Feature","properties":{"id":"60b1786b-e0ee-42b6-86ec-b8b80b948794","height":21.1,"subtype":null,"class":null},"geometry":{"type":"Polygon","coordinates":[[[-74.0070390701294,40.74530618400112],[-74.00688350200653,40.745237092869274],[-74.00672256946564,40.74546062274209],[-74.00688350200653,40.74552564947314],[-74.0070390701294,40.74530618400112]]]}},{"type":"Feature","properties":{"id":"dbfcce36-f2a7-4665-81a1-82cb5af2b77d","height":15.6,"subtype":null,"class":null},"geometry":{"type":"Polygon","coordinates":[[[-74.00391697883606,40.741026462543545],[-74.0038526058197,40.740998011432],[-74.00378823280334,40.741087429170136],[-74.0038526058197,40.74111588024343],[-74.00391697883606,40.741026462543545]]]}},{"type":"Feature","properties":{"id":"5a037889-0f90-4982-ac3b-7fe7ca2277cb","height":27.31817054748535,"subtype":null,"class":null},"geometry":{"type":"Polygon","coordinates":[[[-74.00427103042603,40.74417226752507],[-74.004265666008,40.74418039602739],[-74.00446951389313,40.744265745241734],[-74.00452852249146,40.74418852452871],[-74.00454998016357,40.74415601051746],[-74.00434613227844,40.74407066116231],[-74.00434076786041,40.74407878967705],[-74.00425493717194,40.74403814709342],[-74.00426030158997,40.74403408283371],[-74.00405645370483,40.74394873332207],[-74.00399208068848,40.744025954313486],[-74.0039974451065,40.74403001857371],[-74.00397598743439,40.74405846838832],[-74.00417983531952,40.744143817759124],[-74.00418519973755,40.744135689252346],[-74.00427103042603,40.74417226752507]]]}},{"type":"Feature","properties":{"id":"96e92932-bca9-4f80-962b-ab0be86a8a04","height":17.3,"subtype":null,"class":null},"geometry":{"type":"Polygon","coordinates":[[[-74.00358974933624,40.74473719607127],[-74.0035629272461,40.74472500341949],[-74.0035629272461,40.74477377401317],[-74.00358974933624,40.74473719607127]]]}},{"type":"Feature","properties":{"id":"515ed0a2-7987-419f-a4d7-a754a6f17618","height":16.2,"subtype":null,"class":null},"geometry":{"type":"Polygon","coordinates":[[[-74.00544047355652,40.741140266868],[-74.00525271892548,40.741396325886086],[-74.00563359260559,40.74155890252882],[-74.00582671165466,40.741298779709695],[-74.00544047355652,40.741140266868]]]}},{"type":"Feature","properties":{"id":"0e707d44-5497-4e81-98dc-c1d4dd5bae7f","height":15.4,"subtype":"religious","class":"church"},"geometry":{"type":"Polygon","coordinates":[[[-74.00511860847473,40.7467977221109],[-74.00517761707306,40.74671644024198],[-74.00510787963867,40.74668392746656],[-74.00500059127808,40.74683836300812],[-74.0053117275238,40.74696841371235],[-74.00544047355652,40.74679365801981],[-74.00533318519592,40.746744888907386],[-74.00531709194183,40.746773337560654],[-74.00534927845001,40.74678552983693],[-74.00529563426971,40.74686274753455],[-74.00530636310577,40.7468668116214],[-74.00530099868774,40.746874939794395],[-74.00511860847473,40.7467977221109]]]}},{"type":"Feature","properties":{"id":"c175643a-a5fb-4243-b8d9-9d8dd687fd42","height":28.8,"subtype":null,"class":null},"geometry":{"type":"Polygon","coordinates":[[[-74.00492012500763,40.744533984916615],[-74.00475919246674,40.74446489298259],[-74.00467336177826,40.74458681987653],[-74.00483429431915,40.74465184746194],[-74.00492012500763,40.744533984916615]]]}},{"type":"Feature","properties":{"id":"351bda42-933d-4c68-a262-797a800f65a9","height":16.5,"subtype":null,"class":null},"geometry":{"type":"Polygon","coordinates":[[[-74.00575697422028,40.74523302868283],[-74.00553166866302,40.745139552325725],[-74.00548875331879,40.745204579370665],[-74.00570869445801,40.7452980556364],[-74.00575697422028,40.74523302868283]]]}},{"type":"Feature","properties":{"id":"955a4dea-a54b-49b4-aa0d-56e9ec55285b","height":23.9,"subtype":null,"class":null},"geometry":{"type":"Polygon","coordinates":[[[-74.00414228439331,40.745757306685675],[-74.00405645370483,40.7458670387679],[-74.00497376918793,40.74625313169187],[-74.00503814220428,40.74615965676858],[-74.00497913360596,40.74613527198434],[-74.00501668453217,40.74608243825455],[-74.00504350662231,40.74608243825455],[-74.00505423545837,40.74606618171384],[-74.00504887104034,40.74604992516919],[-74.00499522686005,40.74602960448277],[-74.00510787963867,40.74589142365045],[-74.00509715080261,40.74588735950397],[-74.00512397289276,40.7458507821745],[-74.00515079498291,40.745858910471696],[-74.00517761707306,40.745854846323226],[-74.00523126125336,40.74578169160847],[-74.0050059556961,40.745692280181174],[-74.00495231151581,40.745761370840086],[-74.00496304035187,40.74577762745531],[-74.00498986244202,40.74579388406653],[-74.00485575199127,40.745972706527766],[-74.00483965873718,40.745972706527766],[-74.00482892990112,40.74598083481001],[-74.00483429431915,40.74600115551132],[-74.00479137897491,40.74605805344203],[-74.00427639484406,40.7458385897269],[-74.00428712368011,40.74581826897591],[-74.00414228439331,40.745757306685675]]]}},{"type":"Feature","properties":{"id":"daa54f68-75c0-4927-a36d-a8944ebdd189","height":8.3,"subtype":null,"class":null},"geometry":{"type":"Polygon","coordinates":[[[-74.00656700134277,40.74411536798104],[-74.00625050067902,40.743981247434675],[-74.00620758533478,40.744042211352905],[-74.00652408599854,40.74417226752507],[-74.00656700134277,40.74411536798104]]]}},{"type":"Feature","properties":{"id":"bb6e71fe-bd60-46c0-85e4-0d0d8999f086","height":5.3,"subtype":null,"class":null},"geometry":{"type":"Polygon","coordinates":[[[-74.00796175003052,40.74220514075452],[-74.00763988494873,40.74206695197617],[-74.00728583335876,40.742554675794736],[-74.00761306285858,40.742696927901505],[-74.00796175003052,40.74220514075452]]]}},{"type":"Feature","properties":{"id":"1872536c-e13c-4387-b508-ddc637211ec2","height":21.2,"subtype":null,"class":null},"geometry":{"type":"Polygon","coordinates":[[[-74.00596082210541,40.741688963556896],[-74.00579988956451,40.741619868667385],[-74.00562822818756,40.74185966827031],[-74.00578379631042,40.7419287629107],[-74.00596082210541,40.741688963556896]]]}},{"type":"Feature","properties":{"id":"e3bbb3ac-d8f2-49ca-b1b6-83801b5997ff","height":15.5,"subtype":null,"class":null},"geometry":{"type":"Polygon","coordinates":[[[-74.00405645370483,40.74609056652341],[-74.00400817394257,40.74606618171384],[-74.00391161441803,40.74619623392812],[-74.00396525859833,40.74621655456363],[-74.00405645370483,40.74609056652341]]]}},{"type":"Feature","properties":{"id":"2e8730a8-4c71-447c-812a-c390811a7dbf","height":12.5,"subtype":null,"class":null},"geometry":{"type":"Polygon","coordinates":[[[-74.00490403175354,40.74129471528258],[-74.00458753108978,40.74116058904829],[-74.00456607341766,40.74119716895717],[-74.00487720966339,40.74133129511773],[-74.00490403175354,40.74129471528258]]]}},{"type":"Feature","properties":{"id":"5bf05da9-cbc7-4ac5-bbc9-02979fa204ba","height":14.9,"subtype":null,"class":null},"geometry":{"type":"Polygon","coordinates":[[[-74.0062826871872,40.74393247625983],[-74.0061217546463,40.7438674479711],[-74.0059769153595,40.74407066116231],[-74.00608420372009,40.744119432235806],[-74.00607347488403,40.7441316249986],[-74.00612711906433,40.744151946264935],[-74.0062826871872,40.74393247625983]]]}},{"type":"Feature","properties":{"id":"4ccf83be-4715-4f4a-b28d-5c3fc01d816b","height":21.5,"subtype":null,"class":null},"geometry":{"type":"Polygon","coordinates":[[[-74.00540828704834,40.74471281076549],[-74.0053278207779,40.74468029701055],[-74.0052205324173,40.74483067299391],[-74.00529563426971,40.74486318667533],[-74.00540828704834,40.74471281076549]]]}},{"type":"Feature","properties":{"id":"c3f05be6-559d-4c12-bd34-0132071dad1f","height":24.9,"subtype":null,"class":null},"geometry":{"type":"Polygon","coordinates":[[[-74.00357365608215,40.74311555376485],[-74.00365948677063,40.74299362417369],[-74.00356829166412,40.74295298092696],[-74.0035629272461,40.74295704525275],[-74.0035629272461,40.74312774671168],[-74.00357365608215,40.74311555376485]]]}},{"type":"Feature","properties":{"id":"0b329443-ce43-417c-9c44-b11e2625887d","height":19,"subtype":null,"class":null},"geometry":{"type":"Polygon","coordinates":[[[-74.0035629272461,40.74391215492642],[-74.0035629272461,40.744046275612135],[-74.00372922420502,40.74411536798104],[-74.00371849536896,40.7441316249986],[-74.00386333465576,40.744192588778986],[-74.00394916534424,40.74407472541978],[-74.00380432605743,40.74401376153136],[-74.00379359722137,40.74403001857371],[-74.00358438491821,40.74394466905687],[-74.00359511375427,40.743928411993664],[-74.0035629272461,40.74391215492642]]]}},{"type":"Feature","properties":{"id":"efe7e96c-4ac7-472c-aa0f-2bd361e4882c","height":14.1,"subtype":null,"class":null},"geometry":{"type":"Polygon","coordinates":[[[-74.0044641494751,40.74125000656787],[-74.00435149669647,40.741201233390285],[-74.00428175926208,40.741298779709695],[-74.00444269180298,40.74136381050985],[-74.00451242923737,40.74127032871465],[-74.0044641494751,40.74125000656787]]]}},{"type":"Feature","properties":{"id":"6160e132-de64-42a2-9f42-87c780ec5e3a","height":18.1,"subtype":null,"class":null},"geometry":{"type":"Polygon","coordinates":[[[-74.00456607341766,40.74630190116494],[-74.00448024272919,40.7462693881869],[-74.00439441204071,40.74638724765674],[-74.00448024272919,40.74641976057717],[-74.00456607341766,40.74630190116494]]]}},{"type":"Feature","properties":{"id":"e85cf94d-8dff-42ef-acbb-4b3a9a91f3e6","height":19.9,"subtype":null,"class":null},"geometry":{"type":"Polygon","coordinates":[[[-74.00730729103088,40.74096956030829],[-74.00714635848999,40.74090046467148],[-74.006786942482,40.74139226146491],[-74.00694787502289,40.74146135659086],[-74.00730729103088,40.74096956030829]]]}},{"type":"Feature","properties":{"id":"7ccd2926-7dff-4768-8564-0a4796149ae6","height":9.9,"subtype":"commercial","class":"commercial"},"geometry":{"type":"Polygon","coordinates":[[[-74.00552093982697,40.743131811026785],[-74.0057623386383,40.74323341882382],[-74.0059232711792,40.74301801010981],[-74.00568187236786,40.74291640198368],[-74.00552093982697,40.743131811026785]]]}},{"type":"Feature","properties":{"id":"e0e6677a-74ef-494e-8cfd-9eccbd992897","height":14,"subtype":null,"class":null},"geometry":{"type":"Polygon","coordinates":[[[-74.00666892528534,40.74165644832371],[-74.00649726390839,40.74189624779473],[-74.00676012039185,40.742005986247364],[-74.00693714618683,40.74177025157027],[-74.00666892528534,40.74165644832371]]]}},{"type":"Feature","properties":{"id":"02666bcd-1916-4ee6-93c8-ea4bc996e739","height":20.8,"subtype":null,"class":null},"geometry":{"type":"Polygon","coordinates":[[[-74.00405645370483,40.74111994468146],[-74.0040135383606,40.7411036869278],[-74.00396525859833,40.74116465348362],[-74.00412619113922,40.74122968441489],[-74.00417447090149,40.74116871791867],[-74.00412619113922,40.74115246017692],[-74.00419056415558,40.74106304252621],[-74.00423884391785,40.74107930028981],[-74.00428175926208,40.741018333655774],[-74.00412082672119,40.74094923806962],[-74.00407791137695,40.74101426921152],[-74.00412082672119,40.74103052698706],[-74.00405645370483,40.74111994468146]]]}},{"type":"Feature","properties":{"id":"e003cbef-a959-45ea-a943-9c22a5fc26ee","height":8.2,"subtype":null,"class":null},"geometry":{"type":"Polygon","coordinates":[[[-74.00739312171936,40.7459320651015],[-74.007328748703,40.745903616088384],[-74.00716781616211,40.7461230795889],[-74.00723218917847,40.746151528508136],[-74.00739312171936,40.7459320651015]]]}},{"type":"Feature","properties":{"id":"790cec41-4ef3-4bce-b84e-3d37d75f12c3","height":34.9,"subtype":null,"class":null},"geometry":{"type":"Polygon","coordinates":[[[-74.00763988494873,40.74206695197617],[-74.00716781616211,40.74186779705522],[-74.00681376457214,40.74235552233418],[-74.00728583335876,40.742554675794736],[-74.00763988494873,40.74206695197617]]]}},{"type":"Feature","properties":{"id":"165a4f7a-c52c-47d6-b774-db8128690be5","height":16.7,"subtype":null,"class":null},"geometry":{"type":"Polygon","coordinates":[[[-74.00659918785095,40.74406659690459],[-74.0062826871872,40.74393247625983],[-74.00625050067902,40.743981247434675],[-74.00656700134277,40.74411536798104],[-74.00659918785095,40.74406659690459]]]}},{"type":"Feature","properties":{"id":"be183e1e-cce5-4552-a042-ecdfd42c9a74","height":89.6,"subtype":"residential","class":"apartments"},"geometry":{"type":"Polygon","coordinates":[[[-74.0070390701294,40.74530618400112],[-74.00735557079315,40.74543623770157],[-74.00750577449799,40.74522083612197],[-74.00750041007996,40.74520864355884],[-74.00695323944092,40.744985112839146],[-74.00692641735077,40.744985112839146],[-74.00691032409668,40.7449932412421],[-74.00687277317047,40.74505014003509],[-74.00685131549835,40.74502981904317],[-74.00682985782623,40.74497698443514],[-74.00679767131805,40.74495666342091],[-74.00676012039185,40.74494447080937],[-74.0066796541214,40.74496072762426],[-74.00663673877716,40.7449525992173],[-74.0066796541214,40.74489163613353],[-74.0066796541214,40.74487944351009],[-74.0065187215805,40.74480628772238],[-74.00649726390839,40.74480628772238],[-74.0064811706543,40.74481441614722],[-74.00618612766266,40.74522083612197],[-74.00619149208069,40.745237092869274],[-74.00621294975281,40.74524928542718],[-74.00641143321991,40.745326504908576],[-74.00644361972809,40.74533869745008],[-74.00648653507233,40.74533869745008],[-74.0065723657608,40.74537121088315],[-74.00659382343292,40.74540778847634],[-74.00672256946564,40.74546062274209],[-74.00688350200653,40.745237092869274],[-74.0070390701294,40.74530618400112]]]}},{"type":"Feature","properties":{"id":"4815206d-189f-4bba-b3e7-8d46e0040180","height":18,"subtype":null,"class":null},"geometry":{"type":"Polygon","coordinates":[[[-74.00364339351654,40.7428920160103],[-74.00364339351654,40.74290420899811],[-74.0037077665329,40.74293265929427],[-74.00375068187714,40.742871694359025],[-74.0035629272461,40.74279040769173],[-74.0035629272461,40.742859501365245],[-74.00357902050018,40.742867630028],[-74.00358438491821,40.742879823020274],[-74.0036004781723,40.74288795168053],[-74.00361120700836,40.74288388735053],[-74.00364339351654,40.7428920160103]]]}},{"type":"Feature","properties":{"id":"d79dfe12-4b29-4530-a07a-981d36ed1d30","height":18.2,"subtype":"commercial","class":null},"geometry":{"type":"Polygon","coordinates":[[[-74.00480210781097,40.74086794905287],[-74.00464117527008,40.74080291776792],[-74.00438368320465,40.74116058904829],[-74.00453925132751,40.74122968441489],[-74.00480210781097,40.74086794905287]]]}},{"type":"Feature","properties":{"id":"d5fea887-f59f-4047-972c-545f206e04b9","height":4,"subtype":null,"class":null},"geometry":{"type":"Polygon","coordinates":[[[-74.00620222091675,40.744399865214376],[-74.00615930557251,40.744456764515036],[-74.00627732276917,40.744509599536315],[-74.0063202381134,40.74444863604651],[-74.00620222091675,40.744399865214376]]]}},{"type":"Feature","properties":{"id":"163abb59-6b0c-4852-b1ac-fa9abaa6bf83","height":42.5,"subtype":"residential","class":"apartments"},"geometry":{"type":"Polygon","coordinates":[[[-74.00667428970337,40.74098988254076],[-74.00683522224426,40.74077040210162],[-74.00652408599854,40.74063627481007],[-74.00615930557251,40.74112807355684],[-74.0063202381134,40.74119716895717],[-74.0065187215805,40.74092485137501],[-74.00667428970337,40.74098988254076]]]}},{"type":"Feature","properties":{"id":"1ea1c1f3-2de4-40d7-ab55-66d448010c9a","height":10,"subtype":"religious","class":"church"},"geometry":{"type":"Polygon","coordinates":[[[-74.00514006614685,40.746647350575216],[-74.00512933731079,40.746659542874596],[-74.00544047355652,40.74679365801981],[-74.00551557540894,40.74668799156436],[-74.00520980358124,40.74655794031173],[-74.00514006614685,40.746647350575216]]]}},{"type":"Feature","properties":{"id":"348ec304-52df-4587-a321-c637aa13c1e2","height":15.8,"subtype":null,"class":null},"geometry":{"type":"Polygon","coordinates":[[[-74.00591254234314,40.74133535954263],[-74.00582671165466,40.741298779709695],[-74.00562286376953,40.74157516017124],[-74.00570869445801,40.74161580425991],[-74.00591254234314,40.74133535954263]]]}},{"type":"Feature","properties":{"id":"169353fe-45da-4a19-a9aa-e1a25a095f21","height":20.8,"subtype":null,"class":null},"geometry":{"type":"Polygon","coordinates":[[[-74.00421738624573,40.74118904009029],[-74.00417447090149,40.74116871791867],[-74.00412619113922,40.74122968441489],[-74.00428175926208,40.741298779709695],[-74.00433003902435,40.741233748845985],[-74.00428712368011,40.741217491120096],[-74.00435149669647,40.74112807355684],[-74.00439441204071,40.741144331304554],[-74.00443732738495,40.74108336473009],[-74.00428175926208,40.741018333655774],[-74.00423884391785,40.74107930028981],[-74.00428175926208,40.74109962248875],[-74.00421738624573,40.74118904009029]]]}},{"type":"Feature","properties":{"id":"fd193448-dfaf-4291-8ade-278c22c01005","height":17,"subtype":null,"class":null},"geometry":{"type":"Polygon","coordinates":[[[-74.00385797023773,40.74485099404666],[-74.00379359722137,40.74482254457109],[-74.00371313095093,40.74493227819562],[-74.00378286838531,40.74496072762426],[-74.00385797023773,40.74485099404666]]]}},{"type":"Feature","properties":{"id":"9aaf00bc-1add-4831-8545-302d2106de3d","height":7.1,"subtype":null,"class":null},"geometry":{"type":"Polygon","coordinates":[[[-74.0061217546463,40.7438674479711],[-74.00588572025299,40.74376584114262],[-74.0057247877121,40.7439853116976],[-74.00596082210541,40.74408691819079],[-74.0061217546463,40.7438674479711]]]}},{"type":"Feature","properties":{"id":"5b169a42-9e9f-45bc-9c5a-45b81e2997c7","height":42,"subtype":null,"class":null},"geometry":{"type":"Polygon","coordinates":[[[-74.00825679302216,40.743989375960325],[-74.00733947753906,40.74360326989424],[-74.00701224803925,40.744054404129855],[-74.00815486907959,40.744542113374706],[-74.00825679302216,40.743989375960325]]]}},{"type":"Feature","properties":{"id":"d247a1f7-f7f0-4a31-95d1-5f2a446dbd14","height":23.9,"subtype":null,"class":null},"geometry":{"type":"Polygon","coordinates":[[[-74.00654554367065,40.74103459143029],[-74.00646507740021,40.740998011432],[-74.0063202381134,40.74119716895717],[-74.00655627250671,40.74129471528258],[-74.00673866271973,40.74105084920089],[-74.00658309459686,40.74098581809474],[-74.00654554367065,40.74103459143029]]]}},{"type":"Feature","properties":{"id":"a13e8953-0d35-4c2d-8dc2-b164a07def80","height":7.2,"subtype":null,"class":null},"geometry":{"type":"Polygon","coordinates":[[[-74.00640606880188,40.74433077314106],[-74.00617003440857,40.74422916702042],[-74.00608420372009,40.74434703010593],[-74.0063202381134,40.74444863604651],[-74.00640606880188,40.74433077314106]]]}},{"type":"Feature","properties":{"id":"e241eb2b-9c3e-44fd-b079-36bf43227d85","height":14.5,"subtype":null,"class":null},"geometry":{"type":"Polygon","coordinates":[[[-74.00464117527008,40.74563538193755],[-74.00457680225372,40.7456069327975],[-74.00449097156525,40.74572479344138],[-74.00454998016357,40.74575324253101],[-74.00464117527008,40.74563538193755]]]}},{"type":"Feature","properties":{"id":"23e5591d-15b7-4ae5-8b4a-b9f59e05e9de","height":19.913150787353516,"subtype":null,"class":null},"geometry":{"type":"Polygon","coordinates":[[[-74.00510251522064,40.74302207443162],[-74.00509715080261,40.74303020307451],[-74.00530099868774,40.74311148944875],[-74.00532245635986,40.74308303922908],[-74.0053278207779,40.74308303922908],[-74.00538146495819,40.74300175282005],[-74.00517761707306,40.742920466311716],[-74.00517225265503,40.7429245306395],[-74.00508642196655,40.74288795168053],[-74.00509178638458,40.74288388735053],[-74.00488793849945,40.7427985363629],[-74.0048235654831,40.74287575868976],[-74.00482892990112,40.742879823020274],[-74.00481283664703,40.74290827332689],[-74.00501132011414,40.74299362417369],[-74.00501668453217,40.74298549552634],[-74.00510251522064,40.74302207443162]]]}},{"type":"Feature","properties":{"id":"f51bc0ba-8a2a-4da9-b2b1-e775ea8e4df4","height":18.7,"subtype":null,"class":null},"geometry":{"type":"Polygon","coordinates":[[[-74.00454998016357,40.7449932412421],[-74.0045017004013,40.74497292023281],[-74.00434076786041,40.74519645099352],[-74.00442123413086,40.745228964496135],[-74.0045177936554,40.74509078200026],[-74.00446951389313,40.74506639682414],[-74.00448024272919,40.745058268430085],[-74.0045017004013,40.745058268430085],[-74.00454998016357,40.7449932412421]]]}},{"type":"Feature","properties":{"id":"9f367587-51b7-49bb-bd89-b573dcec7500","height":7.417058944702148,"subtype":null,"class":null},"geometry":{"type":"Polygon","coordinates":[[[-74.0069317817688,40.74442425063489],[-74.0069317817688,40.7442169742755],[-74.00687277317047,40.7442169742755],[-74.00685131549835,40.74425355250352],[-74.00685667991638,40.74425761674985],[-74.0066260099411,40.74465591168391],[-74.00664210319519,40.74465997590562],[-74.00665283203125,40.744639654794526],[-74.00668501853943,40.744647783239714],[-74.00674939155579,40.744647783239714],[-74.00674939155579,40.74469248967051],[-74.0067708492279,40.74469248967051],[-74.0067708492279,40.74465591168391],[-74.00679230690002,40.74465997590562],[-74.00679230690002,40.74470874654699],[-74.00684058666229,40.74470874654699],[-74.00688886642456,40.74463152634834],[-74.00688886642456,40.74468436123078],[-74.00693714618683,40.74459088410248],[-74.00694251060486,40.74442831487082],[-74.0069317817688,40.74442425063489]]]}},{"type":"Feature","properties":{"id":"38d866e6-a643-48e5-8402-4248059bdd89","height":30.8,"subtype":null,"class":null},"geometry":{"type":"Polygon","coordinates":[[[-74.00481283664703,40.744887571926],[-74.00478065013885,40.74487131509321],[-74.00470554828644,40.74497292023281],[-74.00474309921265,40.744989177040736],[-74.00473237037659,40.745001369644086],[-74.0049684047699,40.745102974584995],[-74.00497913360596,40.74509078200026],[-74.00501668453217,40.745107038779395],[-74.00509178638458,40.74500543384468],[-74.00505423545837,40.744989177040736],[-74.00506496429443,40.74497292023281],[-74.00482892990112,40.74487131509321],[-74.00481283664703,40.744887571926]]]}},{"type":"Feature","properties":{"id":"1a8128c7-ec92-4699-954c-e6b0d78a1d0e","height":6.1,"subtype":null,"class":null},"geometry":{"type":"Polygon","coordinates":[[[-74.00535464286804,40.74507046102076],[-74.00519371032715,40.74500543384468],[-74.00503814220428,40.74521677193451],[-74.00519907474518,40.74528179890396],[-74.00535464286804,40.74507046102076]]]}},{"type":"Feature","properties":{"id":"24d3be91-df50-4a7b-9e7a-83182986afcc","height":10.5,"subtype":null,"class":null},"geometry":{"type":"Polygon","coordinates":[[[-74.00488257408142,40.74643601703144],[-74.00481820106506,40.74640756823388],[-74.00474309921265,40.746509171026446],[-74.004807472229,40.746537619780554],[-74.00488257408142,40.74643601703144]]]}},{"type":"Feature","properties":{"id":"2bd56a65-32ad-4912-ad69-039a4e40b55f","height":5.9,"subtype":null,"class":null},"geometry":{"type":"Polygon","coordinates":[[[-74.00716781616211,40.74583452557721],[-74.00700688362122,40.74605398930572],[-74.00716781616211,40.7461230795889],[-74.007328748703,40.745903616088384],[-74.00716781616211,40.74583452557721]]]}},{"type":"Feature","properties":{"id":"2e470956-5f49-41ff-9629-0bedccb900f2","height":25,"subtype":null,"class":null},"geometry":{"type":"Polygon","coordinates":[[[-74.00759696960449,40.74581826897591],[-74.00766670703888,40.74580201237066],[-74.00770425796509,40.74582639727706],[-74.00776863098145,40.74586297461991],[-74.00787591934204,40.74589142365045],[-74.00787055492401,40.745854846323226],[-74.00784373283386,40.74581826897591],[-74.00789737701416,40.74579388406653],[-74.00787591934204,40.745708536813254],[-74.00791347026825,40.745692280181174],[-74.00789737701416,40.745602868633625],[-74.00793492794037,40.74558661197574],[-74.00791347026825,40.745501264456436],[-74.00795102119446,40.74548094360239],[-74.00795102119446,40.74545249439626],[-74.00794565677643,40.745411852652126],[-74.00785446166992,40.74538340341644],[-74.00774717330933,40.745367146704865],[-74.00773108005524,40.74532244072756],[-74.00756478309631,40.74525334961265],[-74.00746285915375,40.745395595947485],[-74.0076345205307,40.745468751086946],[-74.00761306285858,40.74548094360239],[-74.00759696960449,40.74555409864797],[-74.00753796100616,40.74559067614055],[-74.00754868984222,40.74561099696109],[-74.0074360370636,40.74574917837609],[-74.00759696960449,40.74581826897591]]]}},{"type":"Feature","properties":{"id":"84b1c968-6d2a-4326-840a-3a31813fc3d5","height":19,"subtype":null,"class":null},"geometry":{"type":"Polygon","coordinates":[[[-74.00456070899963,40.74259125493697],[-74.00457680225372,40.74257499754293],[-74.00479137897491,40.742664413161066],[-74.00477528572083,40.742684734875695],[-74.00492012500763,40.742741635643625],[-74.00500059127808,40.74263189840474],[-74.0048611164093,40.742570933193775],[-74.00484502315521,40.74258719058881],[-74.00463044643402,40.74249777486685],[-74.00464653968811,40.74248151744993],[-74.0045017004013,40.74242055210115],[-74.00442123413086,40.74253435404037],[-74.00456070899963,40.74259125493697]]]}},{"type":"Feature","properties":{"id":"20ce7a96-3aed-488a-9e0f-6df8a540aae6","height":10.5,"subtype":null,"class":null},"geometry":{"type":"Polygon","coordinates":[[[-74.0047538280487,40.74638318354059],[-74.00468945503235,40.7463547347204],[-74.00459825992584,40.74648072226017],[-74.0046626329422,40.746509171026446],[-74.0047538280487,40.74638318354059]]]}},{"type":"Feature","properties":{"id":"1587b6d8-3e3b-4454-aa70-b966fd27c2c0","height":19,"subtype":null,"class":null},"geometry":{"type":"Polygon","coordinates":[[[-74.0035629272461,40.7443226446571],[-74.0035629272461,40.74444863604651],[-74.00377750396729,40.7445380491458],[-74.0037614107132,40.744554306060024],[-74.00391161441803,40.744615269452964],[-74.00399208068848,40.744501471074244],[-74.00384724140167,40.74444050757697],[-74.00383651256561,40.744456764515036],[-74.00362193584442,40.744367351306465],[-74.00363266468048,40.74435109434654],[-74.0035629272461,40.7443226446571]]]}},{"type":"Feature","properties":{"id":"21b6a711-c98b-4d94-940c-3f4a09108abb","height":19,"subtype":null,"class":null},"geometry":{"type":"Polygon","coordinates":[[[-74.00361120700836,40.74670424795303],[-74.0035629272461,40.74668392746656],[-74.0035629272461,40.74676927346809],[-74.00361120700836,40.74670424795303]]]}},{"type":"Feature","properties":{"id":"b4d8f0ae-c058-4112-95a2-ff8ee2ee99c1","height":16.8,"subtype":null,"class":null},"geometry":{"type":"Polygon","coordinates":[[[-74.00386869907379,40.74600928379013],[-74.00378823280334,40.745972706527766],[-74.00363266468048,40.74618810567216],[-74.00371313095093,40.74622061868999],[-74.00386869907379,40.74600928379013]]]}},{"type":"Feature","properties":{"id":"41d63197-a48a-4591-87d5-c103a87564e1","height":17.3,"subtype":null,"class":null},"geometry":{"type":"Polygon","coordinates":[[[-74.00357902050018,40.74487537930179],[-74.00365948677063,40.74476564558336],[-74.00358974933624,40.74473719607127],[-74.0035629272461,40.74477377401317],[-74.0035629272461,40.7448672508844],[-74.00357902050018,40.74487537930179]]]}},{"type":"Feature","properties":{"id":"0cc56a52-2da7-43b7-9828-1ce90d6b1fbb","height":17.4,"subtype":null,"class":null},"geometry":{"type":"Polygon","coordinates":[[[-74.00614321231842,40.741432905665334],[-74.00598764419556,40.74136787493276],[-74.00579988956451,40.741619868667385],[-74.00596082210541,40.741688963556896],[-74.00614321231842,40.741432905665334]]]}},{"type":"Feature","properties":{"id":"377092b0-521b-44f9-8f39-5c17807f1077","height":5.9,"subtype":null,"class":null},"geometry":{"type":"Polygon","coordinates":[[[-74.00676012039185,40.742005986247364],[-74.00667428970337,40.74197347116919],[-74.00649189949036,40.7422254626095],[-74.0065723657608,40.74226204193275],[-74.00676012039185,40.742005986247364]]]}},{"type":"Feature","properties":{"id":"94e0862f-d2b1-4675-b8cc-9dac14747f5f","height":44.5,"subtype":null,"class":null},"geometry":{"type":"Polygon","coordinates":[[[-74.00735557079315,40.74543623770157],[-74.0070390701294,40.74530618400112],[-74.00688350200653,40.74552564947314],[-74.00719463825226,40.745655702744415],[-74.00735557079315,40.74543623770157]]]}},{"type":"Feature","properties":{"id":"82fe5735-23a0-4c73-aba5-c42e8424ab6b","height":20,"subtype":null,"class":null},"geometry":{"type":"Polygon","coordinates":[[[-74.00753796100616,40.7432415474409],[-74.00759160518646,40.74326999759276],[-74.00762915611267,40.74322122589638],[-74.0075808763504,40.743188711412245],[-74.0074360370636,40.74302207443162],[-74.00738775730133,40.74299362417369],[-74.00735557079315,40.74304239603697],[-74.00739312171936,40.74307491059264],[-74.00753796100616,40.7432415474409]]]}},{"type":"Feature","properties":{"id":"3dc4f7b2-d181-447f-b211-b3f1ac431cbc","height":23,"subtype":null,"class":null},"geometry":{"type":"Polygon","coordinates":[[[-74.00696933269501,40.741144331304554],[-74.00688886642456,40.74111181580514],[-74.00670647621155,40.74135974608669],[-74.006786942482,40.74139226146491],[-74.00696933269501,40.741144331304554]]]}},{"type":"Feature","properties":{"id":"e6b342b2-e8be-45e7-9af9-344df3086222","height":21.7,"subtype":null,"class":null},"geometry":{"type":"Polygon","coordinates":[[[-74.00834262371063,40.74699279819109],[-74.0083372592926,40.74698873411194],[-74.00824069976807,40.747517062321094],[-74.01006996631622,40.747517062321094],[-74.00905072689056,40.74741139701504],[-74.00911509990692,40.74707407972227],[-74.00834262371063,40.74699279819109]]]}},{"type":"Feature","properties":{"id":"bd353ff4-2096-42e9-b084-4a1b87a19a5d","height":15.3,"subtype":null,"class":null},"geometry":{"type":"Polygon","coordinates":[[[-74.00397598743439,40.74646446581684],[-74.00392770767212,40.7464441452571],[-74.00382578372955,40.74658232494096],[-74.00387406349182,40.74660264545852],[-74.00397598743439,40.74646446581684]]]}},{"type":"Feature","properties":{"id":"2929c7c0-e3a0-4e1d-acaa-dacc1961c286","height":20,"subtype":null,"class":null},"geometry":{"type":"Polygon","coordinates":[[[-74.00721609592438,40.74691151656057],[-74.00728583335876,40.74693996514253],[-74.00745213031769,40.74672050433779],[-74.00713562965393,40.74658638904498],[-74.00697469711304,40.74680991438268],[-74.00721609592438,40.74691151656057]]]}},{"type":"Feature","properties":{"id":"86751f9a-fc41-4fee-8cd3-e33d9f27e3de","height":11.3,"subtype":null,"class":null},"geometry":{"type":"Polygon","coordinates":[[[-74.00612711906433,40.744151946264935],[-74.00609493255615,40.744196653029036],[-74.00640606880188,40.74433077314106],[-74.00652408599854,40.74417226752507],[-74.00620758533478,40.744042211352905],[-74.00612711906433,40.744151946264935]]]}},{"type":"Feature","properties":{"id":"25415961-a1f1-4724-b046-5bce8f969aac","height":18.6,"subtype":null,"class":null},"geometry":{"type":"Polygon","coordinates":[[[-74.00568723678589,40.74474938872078],[-74.00553166866302,40.74468436123078],[-74.00537610054016,40.74489570034086],[-74.00553166866302,40.74496479182736],[-74.00568723678589,40.74474938872078]]]}},{"type":"Feature","properties":{"id":"000a59da-072d-4a1e-bc2b-c49c4cbdfff7","height":19.3,"subtype":null,"class":null},"geometry":{"type":"Polygon","coordinates":[[[-74.00377213954926,40.74676927346809],[-74.00366485118866,40.74672456843331],[-74.00356829166412,40.74685868344744],[-74.00367558002472,40.74690338839204],[-74.00377213954926,40.74676927346809]]]}},{"type":"Feature","properties":{"id":"fc54f2ef-c570-4fe9-b39e-886d26cf30e2","height":25.4,"subtype":null,"class":null},"geometry":{"type":"Polygon","coordinates":[[[-74.00519371032715,40.74500543384468],[-74.00511860847473,40.74497292023281],[-74.00496304035187,40.74518425842595],[-74.00503814220428,40.74521677193451],[-74.00519371032715,40.74500543384468]]]}},{"type":"Feature","properties":{"id":"3a3e2151-6a78-4e71-8e32-3e9308baf6a1","height":11.4,"subtype":"commercial","class":"commercial"},"geometry":{"type":"Polygon","coordinates":[[[-74.00495231151581,40.74435109434654],[-74.00490939617157,40.744407993688895],[-74.00519371032715,40.74452992068717],[-74.00535464286804,40.74430638768624],[-74.00507032871246,40.74418852452871],[-74.00495231151581,40.74435109434654]]]}},{"type":"Feature","properties":{"id":"05ef565d-c990-41a6-86e4-70cc2a0e2dba","height":5,"subtype":null,"class":null},"geometry":{"type":"Polygon","coordinates":[[[-74.00519907474518,40.74528179890396],[-74.00519371032715,40.74529399145365],[-74.00526881217957,40.745326504908576],[-74.00530099868774,40.745285863087446],[-74.00536000728607,40.745314312364854],[-74.00549411773682,40.74513142394059],[-74.00535464286804,40.74507046102076],[-74.00519907474518,40.74528179890396]]]}},{"type":"Feature","properties":{"id":"75b020be-1cbf-4444-8f7b-22ea1e91f1c4","height":14.5,"subtype":null,"class":null},"geometry":{"type":"Polygon","coordinates":[[[-74.0035629272461,40.74508671780487],[-74.0035629272461,40.745237092869274],[-74.00364339351654,40.745119231361116],[-74.0035629272461,40.74508671780487]]]}},{"type":"Feature","properties":{"id":"442e3934-9fc4-485e-b8b4-c42e8ae04363","height":19.7,"subtype":null,"class":null},"geometry":{"type":"Polygon","coordinates":[[[-74.00387942790985,40.7468139784728],[-74.00377213954926,40.74676927346809],[-74.00367558002472,40.74690338839204],[-74.00377750396729,40.7469480933066],[-74.00387942790985,40.7468139784728]]]}},{"type":"Feature","properties":{"id":"517c914b-8c44-422c-b44f-f872bac31c62","height":18.8,"subtype":null,"class":null},"geometry":{"type":"Polygon","coordinates":[[[-74.00726974010468,40.741595482218656],[-74.00744676589966,40.74135161723967],[-74.00736093521118,40.74131503741572],[-74.00717854499817,40.74155890252882],[-74.00726974010468,40.741595482218656]]]}},{"type":"Feature","properties":{"id":"598de6e4-5ad7-438a-9f8b-b8d93178fc21","height":22.9,"subtype":null,"class":null},"geometry":{"type":"Polygon","coordinates":[[[-74.00443196296692,40.74449334261118],[-74.00458753108978,40.74456243451564],[-74.00473237037659,40.7443551585869],[-74.00470018386841,40.74434296586509],[-74.00471091270447,40.74433077314106],[-74.00458753108978,40.7442779379777],[-74.00443196296692,40.74449334261118]]]}},{"type":"Feature","properties":{"id":"1fb31a82-14fb-47c3-aae1-535f2983c959","height":17.6,"subtype":null,"class":null},"geometry":{"type":"Polygon","coordinates":[[[-74.00641679763794,40.74376990541876],[-74.00639533996582,40.74379429107023],[-74.00670647621155,40.743928411993664],[-74.00674939155579,40.7438674479711],[-74.00658845901489,40.743810548166266],[-74.00658309459686,40.743818676712806],[-74.00655090808868,40.74380241961876],[-74.00655627250671,40.74379429107023],[-74.00651335716248,40.74376990541876],[-74.00644361972809,40.743741455480716],[-74.00642216205597,40.74376990541876],[-74.00641679763794,40.74376990541876]]]}},{"type":"Feature","properties":{"id":"d161d218-0f3c-4562-a4ae-8aee90495e6d","height":5,"subtype":null,"class":null},"geometry":{"type":"Polygon","coordinates":[[[-74.00411009788513,40.74305458899721],[-74.0040671825409,40.743038331716406],[-74.00378823280334,40.743420376764846],[-74.00383114814758,40.74343663395226],[-74.0038150548935,40.74346101972597],[-74.00418519973755,40.74361952703697],[-74.00428175926208,40.7434854054907],[-74.0041047334671,40.74340818387165],[-74.00419056415558,40.743290319122366],[-74.00426030158997,40.74331876925339],[-74.00438368320465,40.74314806828474],[-74.00412082672119,40.743038331716406],[-74.00411009788513,40.74305458899721]]]}},{"type":"Feature","properties":{"id":"90e90fa6-2f16-46b1-8446-631ec272ec47","height":27.1,"subtype":null,"class":null},"geometry":{"type":"Polygon","coordinates":[[[-74.00686740875244,40.74111588024343],[-74.0067332983017,40.7410549136429],[-74.00655627250671,40.74129471528258],[-74.00670647621155,40.74135974608669],[-74.00688886642456,40.74111181580514],[-74.0068781375885,40.7411036869278],[-74.00686740875244,40.74111588024343]]]}},{"type":"Feature","properties":{"id":"cd9f0878-a877-4125-9c14-67e7fe324819","height":14.4,"subtype":null,"class":null},"geometry":{"type":"Polygon","coordinates":[[[-74.00498449802399,40.74529399145365],[-74.00493085384369,40.74527367053625],[-74.00483429431915,40.7454037243003],[-74.00488793849945,40.74542810935276],[-74.00498449802399,40.74529399145365]]]}},{"type":"Feature","properties":{"id":"d08784e0-a4c8-42af-82ee-064c7ce826cc","height":15.3,"subtype":null,"class":null},"geometry":{"type":"Polygon","coordinates":[[[-74.00375068187714,40.74090046467148],[-74.0037077665329,40.740884206864166],[-74.00361120700836,40.74101426921152],[-74.00367021560669,40.741038655873325],[-74.00373458862305,40.74094923806962],[-74.00372385978699,40.74094110917244],[-74.00375068187714,40.74090046467148]]]}},{"type":"Feature","properties":{"id":"ad6b2d76-412c-40ae-a3d9-76b71dd646f0","height":18.3,"subtype":null,"class":null},"geometry":{"type":"Polygon","coordinates":[[[-74.00394916534424,40.744940406605025],[-74.00392770767212,40.74494447080937],[-74.00388479232788,40.74500543384468],[-74.00399208068848,40.74505014003509],[-74.00403499603271,40.744989177040736],[-74.00403499603271,40.74497698443514],[-74.0040671825409,40.74493227819562],[-74.00407254695892,40.74493634240045],[-74.00408864021301,40.744920085579594],[-74.00407791137695,40.74491602137374],[-74.00414228439331,40.74482660878263],[-74.00405645370483,40.74479003086978],[-74.00399208068848,40.74487944351009],[-74.00398135185242,40.74487537930179],[-74.00397062301636,40.74489163613353],[-74.00398135185242,40.74489570034086],[-74.00394916534424,40.744940406605025]]]}},{"type":"Feature","properties":{"id":"bfa9fd40-544a-47c4-9479-f858c936d6cc","height":13.2,"subtype":null,"class":null},"geometry":{"type":"Polygon","coordinates":[[[-74.00487720966339,40.74133129511773],[-74.00456607341766,40.74119716895717],[-74.00452852249146,40.741245942137766],[-74.00484502315521,40.74137600377779],[-74.00487720966339,40.74133129511773]]]}},{"type":"Feature","properties":{"id":"06022912-7c82-4395-81cf-ceff3c33bb3d","height":15.6,"subtype":null,"class":null},"geometry":{"type":"Polygon","coordinates":[[[-74.00509178638458,40.74533869745008],[-74.00503277778625,40.74531837654632],[-74.00494158267975,40.74544843022298],[-74.00499522686005,40.745468751086946],[-74.00509178638458,40.74533869745008]]]}},{"type":"Feature","properties":{"id":"cace5c2e-642c-4934-84ae-486d923ab721","height":4.3,"subtype":null,"class":null},"geometry":{"type":"Polygon","coordinates":[[[-74.00611102581024,40.74615559263847],[-74.00594472885132,40.74608650238909],[-74.00562822818756,40.74652949156632],[-74.00578916072845,40.7465985813555],[-74.00611102581024,40.74615559263847]]]}},{"type":"Feature","properties":{"id":"116122d9-d6bb-4308-8297-30afc4486dea","height":8.4,"subtype":null,"class":null},"geometry":{"type":"Polygon","coordinates":[[[-74.00679230690002,40.746923708811465],[-74.00689959526062,40.74677740165299],[-74.00673866271973,40.746708312049606],[-74.00657773017883,40.746927772894594],[-74.00673866271973,40.74699686227001],[-74.00679230690002,40.746923708811465]]]}},{"type":"Feature","properties":{"id":"d749d1e8-9f31-4edf-beaf-e237f079ec91","height":16.5,"subtype":null,"class":null},"geometry":{"type":"Polygon","coordinates":[[[-74.00570869445801,40.7452980556364],[-74.00548875331879,40.745204579370665],[-74.00544047355652,40.74526554216757],[-74.00566577911377,40.745359018347614],[-74.00570869445801,40.7452980556364]]]}},{"type":"Feature","properties":{"id":"a05133f4-d39f-4970-97f7-e2f33725a61c","height":15.9,"subtype":null,"class":null},"geometry":{"type":"Polygon","coordinates":[[[-74.00420665740967,40.7456069327975],[-74.00421738624573,40.745602868633625],[-74.0044105052948,40.74568415186363],[-74.0044105052948,40.745692280181174],[-74.00449097156525,40.74572479344138],[-74.00459289550781,40.74558661197574],[-74.00451242923737,40.7455581628148],[-74.0045017004013,40.7455581628148],[-74.00430858135223,40.74547687943084],[-74.0043032169342,40.745468751086946],[-74.00423347949982,40.74543623770157],[-74.00422275066376,40.74544030187562],[-74.00413155555725,40.745570355313816],[-74.00413155555725,40.74557441947965],[-74.00420665740967,40.7456069327975]]]}},{"type":"Feature","properties":{"id":"4e2f55a8-eedf-4cf9-93b8-828c3009f63b","height":19.4,"subtype":null,"class":null},"geometry":{"type":"Polygon","coordinates":[[[-74.0066796541214,40.745915808524074],[-74.00661528110504,40.74589142365045],[-74.00645434856415,40.74611088719121],[-74.00700151920319,40.746346606483826],[-74.00716245174408,40.7461230795889],[-74.00710344314575,40.74609463065747],[-74.00708734989166,40.74611495132399],[-74.00697469711304,40.74606618171384],[-74.0069854259491,40.7460458610324],[-74.00679230690002,40.7459645782445],[-74.00677621364594,40.74598083481001],[-74.00666356086731,40.74593612924525],[-74.0066796541214,40.745915808524074]]]}},{"type":"Feature","properties":{"id":"5140a944-5d0a-428f-a565-a7a82110ef16","height":42.9,"subtype":null,"class":null},"geometry":{"type":"Polygon","coordinates":[[[-74.00567650794983,40.74479815929661],[-74.00566041469574,40.74479409508331],[-74.00553703308105,40.74496072762426],[-74.00585353374481,40.74509891039031],[-74.0059769153595,40.74492821399053],[-74.00567650794983,40.74479815929661]]]}},{"type":"Feature","properties":{"id":"3e9ba41a-a66f-4a2b-84e8-2df446f666fc","height":10.2,"subtype":null,"class":null},"geometry":{"type":"Polygon","coordinates":[[[-74.00595009326935,40.74461933367718],[-74.00590717792511,40.744599012553664],[-74.00585889816284,40.744668104348335],[-74.00609493255615,40.74476970979839],[-74.00613248348236,40.74471281076549],[-74.00593936443329,40.74463152634834],[-74.00595009326935,40.74461933367718]]]}},{"type":"Feature","properties":{"id":"6b8f960b-ce27-45b0-ae38-e9b69aaacb6b","height":14,"subtype":null,"class":null},"geometry":{"type":"Polygon","coordinates":[[[-74.00604128837585,40.744407993688895],[-74.00615930557251,40.744456764515036],[-74.00620222091675,40.744399865214376],[-74.00608420372009,40.74434703010593],[-74.00604128837585,40.744407993688895]]]}},{"type":"Feature","properties":{"id":"8431f65d-4fcb-41a7-8c4c-bf77b803e955","height":8.5,"subtype":null,"class":null},"geometry":{"type":"Polygon","coordinates":[[[-74.00663137435913,40.74685461936008],[-74.00673866271973,40.746708312049606],[-74.00641679763794,40.74657419673224],[-74.00626122951508,40.74679365801981],[-74.00657773017883,40.746927772894594],[-74.00663137435913,40.74685461936008]]]}},{"type":"Feature","properties":{"id":"4b49e375-3070-4b51-8f9a-912ee539fd6b","height":21.4,"subtype":null,"class":null},"geometry":{"type":"Polygon","coordinates":[[[-74.00871813297272,40.74493634240045],[-74.00871276855469,40.74493227819562],[-74.00851964950562,40.74595644996023],[-74.00930285453796,40.746041796895355],[-74.00936722755432,40.74568821602253],[-74.00962471961975,40.745716665127816],[-74.00968372821808,40.745391531770736],[-74.00942623615265,40.74536308252635],[-74.009490609169,40.74502169064468],[-74.00871813297272,40.74493634240045]]]}},{"type":"Feature","properties":{"id":"6305f81b-db44-42d2-a1a7-0efd98171e0a","height":18.1,"subtype":null,"class":null},"geometry":{"type":"Polygon","coordinates":[[[-74.0045017004013,40.74485912246601],[-74.00448024272919,40.74485099404666],[-74.00426030158997,40.74515987328408],[-74.00434076786041,40.74519645099352],[-74.00444269180298,40.74505420423273],[-74.00438904762268,40.74503388324206],[-74.0045017004013,40.74485912246601]]]}},{"type":"Feature","properties":{"id":"63b8032b-d084-4f92-8d02-51dea3bf71e2","height":123,"subtype":"residential","class":"apartments"},"geometry":{"type":"Polygon","coordinates":[[[-74.00739312171936,40.74498104863724],[-74.00802075862885,40.74524522124145],[-74.00811195373535,40.74471687498374],[-74.00761842727661,40.74450553530539],[-74.00761306285858,40.74451772799739],[-74.00746822357178,40.7444527002809],[-74.00746822357178,40.74443644334184],[-74.00715708732605,40.74430638768624],[-74.00715172290802,40.74434296586509],[-74.00713562965393,40.74433890162399],[-74.00706589221954,40.74469248967051],[-74.00698006153107,40.74480628772238],[-74.00739312171936,40.74498104863724]]]}},{"type":"Feature","properties":{"id":"33b4b335-6061-4ae5-ba76-b3c43c0be6c8","height":40.9,"subtype":null,"class":null},"geometry":{"type":"Polygon","coordinates":[[[-74.00640606880188,40.74645227348174],[-74.00634169578552,40.7465416838873],[-74.00665819644928,40.746675799270236],[-74.00681912899017,40.74645227348174],[-74.00650262832642,40.74632222176817],[-74.00640606880188,40.74645227348174]]]}},{"type":"Feature","properties":{"id":"ecb3a1ee-53d3-4145-9b83-ebacd8286a1d","height":13.7,"subtype":null,"class":null},"geometry":{"type":"Polygon","coordinates":[[[-74.00359511375427,40.7463547347204],[-74.0035629272461,40.74633847824629],[-74.0035629272461,40.74639537588834],[-74.00359511375427,40.7463547347204]]]}},{"type":"Feature","properties":{"id":"64aba547-7046-4975-8d05-d311b446fb6c","height":12.5,"subtype":null,"class":null},"geometry":{"type":"Polygon","coordinates":[[[-74.00575160980225,40.744664040127134],[-74.00573551654816,40.74468842545076],[-74.00605201721191,40.74482254457109],[-74.00609493255615,40.74476970979839],[-74.0057784318924,40.74463152634834],[-74.00575160980225,40.744664040127134]]]}},{"type":"Feature","properties":{"id":"4d319717-2281-478b-bcc8-42831e155423","height":19,"subtype":null,"class":null},"geometry":{"type":"Polygon","coordinates":[[[-74.00432467460632,40.742920466311716],[-74.00434076786041,40.74290014466908],[-74.0045553445816,40.742989559850145],[-74.00453925132751,40.74300988146544],[-74.00468409061432,40.74306678195521],[-74.0047699213028,40.74295298092696],[-74.00462508201599,40.7428920160103],[-74.0046089887619,40.74291233765541],[-74.00439441204071,40.74282292237055],[-74.0044105052948,40.7428066650331],[-74.00426030158997,40.74274569998235],[-74.00417983531952,40.742859501365245],[-74.00432467460632,40.742920466311716]]]}},{"type":"Feature","properties":{"id":"bd838124-8c81-4f94-854b-bfd49652ee92","height":25.4,"subtype":null,"class":null},"geometry":{"type":"Polygon","coordinates":[[[-74.00602519512177,40.746411632348554],[-74.00595009326935,40.74637911942415],[-74.00578916072845,40.7465985813555],[-74.00626122951508,40.74679365801981],[-74.00641679763794,40.74657419673224],[-74.00602519512177,40.746411632348554]]]}},{"type":"Feature","properties":{"id":"3db80ea9-538b-4948-815a-714f90d95863","height":82.6,"subtype":"commercial","class":"hotel"},"geometry":{"type":"Polygon","coordinates":[[[-74.00578379631042,40.7419287629107],[-74.00610566139221,40.74206288759598],[-74.00629341602325,40.74181089553974],[-74.00597155094147,40.74167270594228],[-74.00578379631042,40.7419287629107]]]}},{"type":"Feature","properties":{"id":"3e461131-7c59-4bb6-9d2c-23fb4913379c","height":48,"subtype":null,"class":null},"geometry":{"type":"Polygon","coordinates":[[[-74.00713562965393,40.74658638904498],[-74.00681912899017,40.74645227348174],[-74.00665819644928,40.746675799270236],[-74.00697469711304,40.74680991438268],[-74.00713562965393,40.74658638904498]]]}},{"type":"Feature","properties":{"id":"38d926a6-585d-4910-a146-611d8d439499","height":18,"subtype":null,"class":null},"geometry":{"type":"Polygon","coordinates":[[[-74.00400817394257,40.74606618171384],[-74.00392770767212,40.746033668620555],[-74.00379359722137,40.74622061868999],[-74.00386869907379,40.74625313169187],[-74.00400817394257,40.74606618171384]]]}},{"type":"Feature","properties":{"id":"8f69848e-ad07-4aae-8bfb-0363563a5f79","height":39.3,"subtype":null,"class":null},"geometry":{"type":"Polygon","coordinates":[[[-74.00586426258087,40.74451772799739],[-74.00578379631042,40.74448521414709],[-74.00567650794983,40.74463152634834],[-74.00575160980225,40.744664040127134],[-74.00586426258087,40.74451772799739]]]}},{"type":"Feature","properties":{"id":"9783be03-62ea-4565-95eb-62d3655cb071","height":36.5,"subtype":null,"class":null},"geometry":{"type":"Polygon","coordinates":[[[-74.00594472885132,40.74455024183183],[-74.00586426258087,40.74451772799739],[-74.0057784318924,40.74463152634834],[-74.00585889816284,40.744668104348335],[-74.00594472885132,40.74455024183183]]]}},{"type":"Feature","properties":{"id":"f63040a5-aa4f-4471-a883-b8e1d6a80e3a","height":13.9,"subtype":null,"class":null},"geometry":{"type":"Polygon","coordinates":[[[-74.00384724140167,40.74642788880482],[-74.00377213954926,40.74639537588834],[-74.00368094444275,40.74652136335112],[-74.0037614107132,40.74655387620598],[-74.00384724140167,40.74642788880482]]]}},{"type":"Feature","properties":{"id":"e7836da4-1623-4336-8b55-01ecb1e7853e","height":13.9,"subtype":null,"class":null},"geometry":{"type":"Polygon","coordinates":[[[-74.00464117527008,40.74515174490148],[-74.00459289550781,40.74513142394059],[-74.0045017004013,40.74526147798284],[-74.00454461574554,40.74528179890396],[-74.00464117527008,40.74515174490148]]]}},{"type":"Feature","properties":{"id":"592cc773-421a-4c05-96df-e702b89a746d","height":18,"subtype":null,"class":null},"geometry":{"type":"Polygon","coordinates":[[[-74.0035629272461,40.74288795168053],[-74.0035629272461,40.74294485227463],[-74.00365948677063,40.74299362417369],[-74.0037077665329,40.74293265929427],[-74.00364875793457,40.74290827332689],[-74.00363266468048,40.74290827332689],[-74.00356829166412,40.742879823020274],[-74.0035629272461,40.74288795168053]]]}},{"type":"Feature","properties":{"id":"aaa84bdd-c0f9-4568-a7c4-dd0c25662070","height":25,"subtype":"residential","class":"apartments"},"geometry":{"type":"Polygon","coordinates":[[[-74.00563359260559,40.74595644996023],[-74.00531709194183,40.746399440003785],[-74.00562822818756,40.74652949156632],[-74.00594472885132,40.74608650238909],[-74.00563359260559,40.74595644996023]]]}},{"type":"Feature","properties":{"id":"1b400660-389f-4f53-875e-bf870f2addc3","height":14.3,"subtype":null,"class":null},"geometry":{"type":"Polygon","coordinates":[[[-74.00487720966339,40.74524928542718],[-74.00482892990112,40.745228964496135],[-74.00473237037659,40.745359018347614],[-74.00478065013885,40.74537933923892],[-74.00487720966339,40.74524928542718]]]}},{"type":"Feature","properties":{"id":"3f96dcb5-a69d-42a9-acdb-de0d234d40f6","height":15.8,"subtype":null,"class":null},"geometry":{"type":"Polygon","coordinates":[[[-74.00430858135223,40.74619623392812],[-74.00424420833588,40.74616778502798],[-74.00414228439331,40.74631002940697],[-74.00420129299164,40.74633847824629],[-74.00430858135223,40.74619623392812]]]}},{"type":"Feature","properties":{"id":"f366950c-65ba-42ef-a147-0820f4b0393d","height":17,"subtype":null,"class":null},"geometry":{"type":"Polygon","coordinates":[[[-74.00591254234314,40.74133535954263],[-74.00570869445801,40.74161580425991],[-74.00578379631042,40.74164425510716],[-74.00598764419556,40.74136787493276],[-74.00591254234314,40.74133535954263]]]}},{"type":"Feature","properties":{"id":"91476506-ebc7-4fee-b8bd-b8c8305039fb","height":24.8,"subtype":null,"class":null},"geometry":{"type":"Polygon","coordinates":[[[-74.00548338890076,40.74474532450452],[-74.00540828704834,40.74471281076549],[-74.00529563426971,40.74486318667533],[-74.00537610054016,40.74489570034086],[-74.00548338890076,40.74474532450452]]]}},{"type":"Feature","properties":{"id":"24c0620b-6990-45f2-b25d-462805ef2f11","height":11.7,"subtype":null,"class":null},"geometry":{"type":"Polygon","coordinates":[[[-74.00541365146637,40.74433077314106],[-74.00535464286804,40.74430638768624],[-74.00528490543365,40.74440392945178],[-74.00534391403198,40.74442831487082],[-74.00541365146637,40.74433077314106]]]}},{"type":"Feature","properties":{"id":"6c4e1e68-a2f3-404f-8b3f-bbd4ab824181","height":18.3,"subtype":null,"class":null},"geometry":{"type":"Polygon","coordinates":[[[-74.0040510892868,40.744985112839146],[-74.00403499603271,40.744989177040736],[-74.00399208068848,40.74505014003509],[-74.00409936904907,40.74509484619543],[-74.00414228439331,40.74503388324206],[-74.00414228439331,40.74502169064468],[-74.0042495727539,40.74487131509321],[-74.00416374206543,40.74483473720497],[-74.00409936904907,40.74492414978519],[-74.00408864021301,40.744920085579594],[-74.00407254695892,40.74493634240045],[-74.00408327579498,40.744940406605025],[-74.0040510892868,40.744985112839146]]]}},{"type":"Feature","properties":{"id":"71f3d015-1f14-4e5d-8c19-de619eab4edb","height":12.2,"subtype":null,"class":null},"geometry":{"type":"Polygon","coordinates":[[[-74.00618076324463,40.74465184746194],[-74.00594472885132,40.74455024183183],[-74.00590717792511,40.744599012553664],[-74.00595009326935,40.74461933367718],[-74.00593936443329,40.74463152634834],[-74.00613248348236,40.74471281076549],[-74.00618076324463,40.74465184746194]]]}},{"type":"Feature","properties":{"id":"273ebdbb-c1e2-43fd-aac0-a1dac499de79","height":21.58779525756836,"subtype":"residential","class":"apartments"},"geometry":{"type":"Polygon","coordinates":[[[-74.00639533996582,40.743778033970244],[-74.006427526474,40.74373332692474],[-74.00674939155579,40.7438674479711],[-74.00679767131805,40.74380648389263],[-74.006786942482,40.743741455480716],[-74.00674939155579,40.74372926264638],[-74.00683522224426,40.743623591322034],[-74.00684058666229,40.74344882684022],[-74.0067332983017,40.74340411957343],[-74.00676012039185,40.74337160517874],[-74.00607883930206,40.74308303922908],[-74.00576770305634,40.743526048412065],[-74.00639533996582,40.743778033970244]]]}},{"type":"Feature","properties":{"id":"a7107276-1f31-4e2a-b7af-0e5aa7f283c7","height":13.9,"subtype":null,"class":null},"geometry":{"type":"Polygon","coordinates":[[[-74.00482892990112,40.745228964496135],[-74.00474846363068,40.74519645099352],[-74.00465190410614,40.745326504908576],[-74.00473237037659,40.745359018347614],[-74.00482892990112,40.745228964496135]]]}},{"type":"Feature","properties":{"id":"70e29382-160a-47c8-b95a-c6f73f519d93","height":12.3,"subtype":null,"class":null},"geometry":{"type":"Polygon","coordinates":[[[-74.00635242462158,40.74086794905287],[-74.0062665939331,40.740831368962915],[-74.00607347488403,40.74109149360993],[-74.00615930557251,40.74112807355684],[-74.00635242462158,40.74086794905287]]]}},{"type":"Feature","properties":{"id":"046c286d-9d15-4aec-a794-28500f3e536c","height":30.4,"subtype":null,"class":null},"geometry":{"type":"Polygon","coordinates":[[[-74.00536000728607,40.745314312364854],[-74.00530099868774,40.745285863087446],[-74.00512933731079,40.74552158530432],[-74.00520443916321,40.74555409864797],[-74.00519907474518,40.745566291147725],[-74.00542974472046,40.74566383106543],[-74.00561213493347,40.74541591682765],[-74.00536000728607,40.745314312364854]]]}},{"type":"Feature","properties":{"id":"deef88bf-2961-4b8f-b012-7c9058eb6fe5","height":13,"subtype":null,"class":null},"geometry":{"type":"Polygon","coordinates":[[[-74.00775790214539,40.74148167867307],[-74.00759696960449,40.74141664798816],[-74.00741994380951,40.74166051272874],[-74.0075808763504,40.74172554317522],[-74.00775790214539,40.74148167867307]]]}},{"type":"Feature","properties":{"id":"5a0ef1b1-a6e0-4464-a3f5-4e38a554c269","height":23.4,"subtype":null,"class":null},"geometry":{"type":"Polygon","coordinates":[[[-74.00664746761322,40.74201005063105],[-74.00626122951508,40.74184747509102],[-74.00610566139221,40.74206288759598],[-74.00649189949036,40.7422254626095],[-74.00664746761322,40.74201005063105]]]}},{"type":"Feature","properties":{"id":"e4c0f6db-4d64-49a2-974d-ed50502d1868","height":19.3,"subtype":null,"class":null},"geometry":{"type":"Polygon","coordinates":[[[-74.00392770767212,40.7464441452571],[-74.00385797023773,40.746415696463],[-74.0037614107132,40.74655387620598],[-74.00382578372955,40.74658232494096],[-74.00392770767212,40.7464441452571]]]}},{"type":"Feature","properties":{"id":"7ef165b1-c1be-4f0d-85e2-1dda7f95583f","height":60.7,"subtype":"commercial","class":"office"},"geometry":{"type":"Polygon","coordinates":[[[-74.00803685188293,40.74127032871465],[-74.00796711444855,40.741571095761],[-74.0080851316452,40.741619868667385],[-74.00792956352234,40.74182715312057],[-74.00800466537476,40.74185966827031],[-74.00797247886658,40.74190437657521],[-74.00810122489929,40.74196127801076],[-74.00810658931732,40.74195314923722],[-74.0081387758255,40.741969406783284],[-74.0084981918335,40.74146948542446],[-74.00803685188293,40.74127032871465]]]}},{"type":"Feature","properties":{"id":"2e2c2e32-7eb0-4e51-841c-7a54c2ab6245","height":15.8,"subtype":null,"class":null},"geometry":{"type":"Polygon","coordinates":[[[-74.00416374206543,40.74613527198434],[-74.00411546230316,40.74611088719121],[-74.00401890277863,40.74624093931806],[-74.00407254695892,40.7462612599399],[-74.00416374206543,40.74613527198434]]]}},{"type":"Feature","properties":{"id":"3420a1cd-2df5-49c4-a60d-a44294deec3e","height":13.6,"subtype":null,"class":null},"geometry":{"type":"Polygon","coordinates":[[[-74.00469481945038,40.74517206585614],[-74.00464117527008,40.74515174490148],[-74.00454461574554,40.74528179890396],[-74.00459825992584,40.74530211981889],[-74.00469481945038,40.74517206585614]]]}},{"type":"Feature","properties":{"id":"295e01e1-3c80-4a6a-8c79-c665dfdc3b9e","height":14.4,"subtype":null,"class":null},"geometry":{"type":"Polygon","coordinates":[[[-74.00473237037659,40.746647350575216],[-74.004807472229,40.746537619780554],[-74.00474309921265,40.746509171026446],[-74.0046626329422,40.74661890186809],[-74.00473237037659,40.746647350575216]]]}},{"type":"Feature","properties":{"id":"9be3961f-f980-4a58-84b6-0e3a067a0782","height":13.6,"subtype":null,"class":null},"geometry":{"type":"Polygon","coordinates":[[[-74.00514006614685,40.745359018347614],[-74.00509178638458,40.74533869745008],[-74.00499522686005,40.745468751086946],[-74.00504350662231,40.745493136115584],[-74.00514006614685,40.745359018347614]]]}},{"type":"Feature","properties":{"id":"b02c24ff-2e05-4243-b8b0-793abc495422","height":18.5,"subtype":null,"class":null},"geometry":{"type":"Polygon","coordinates":[[[-74.00398135185242,40.74685868344744],[-74.00387942790985,40.7468139784728],[-74.00378286838531,40.74693996514253],[-74.00388479232788,40.746984670032504],[-74.00398135185242,40.74685868344744]]]}},{"type":"Feature","properties":{"id":"89a94a6b-ea1d-4d30-a9eb-51827c629974","height":21.3,"subtype":null,"class":null},"geometry":{"type":"Polygon","coordinates":[[[-74.00747895240784,40.74136381050985],[-74.00744676589966,40.74135161723967],[-74.00726974010468,40.741595482218656],[-74.00734484195709,40.74162799748166],[-74.00752186775208,40.741384132621874],[-74.00747895240784,40.74136381050985]]]}},{"type":"Feature","properties":{"id":"b70efd60-3555-4415-b594-7e9da2e9e6d0","height":16.7,"subtype":null,"class":null},"geometry":{"type":"Polygon","coordinates":[[[-74.00379359722137,40.74482254457109],[-74.00372922420502,40.74479409508331],[-74.00364875793457,40.744903828754786],[-74.00371313095093,40.74493227819562],[-74.00379359722137,40.74482254457109]]]}},{"type":"Feature","properties":{"id":"b19d2aa5-2d38-45c9-a078-1d19453d2c1a","height":19.6,"subtype":null,"class":null},"geometry":{"type":"Polygon","coordinates":[[[-74.00461435317993,40.74501762644505],[-74.00458216667175,40.74500543384468],[-74.00442123413086,40.745228964496135],[-74.0045017004013,40.74526147798284],[-74.0046089887619,40.745115167167455],[-74.00456070899963,40.74509484619543],[-74.00461435317993,40.74501762644505]]]}},{"type":"Feature","properties":{"id":"30f0127d-7e48-4095-b4f8-40a168cbd1f1","height":15.9,"subtype":null,"class":null},"geometry":{"type":"Polygon","coordinates":[[[-74.0039974451065,40.740998011432],[-74.00394916534424,40.740977689202026],[-74.0038526058197,40.74111588024343],[-74.00390625,40.741140266868],[-74.00397598743439,40.74105084920089],[-74.0039598941803,40.74104678475862],[-74.0039974451065,40.740998011432]]]}},{"type":"Feature","properties":{"id":"4cbec4ed-af98-470d-9f5f-af94f8d50856","height":15.3,"subtype":null,"class":null},"geometry":{"type":"Polygon","coordinates":[[[-74.00403499603271,40.74107523584928],[-74.00397598743439,40.74105084920089],[-74.00390625,40.741140266868],[-74.00396525859833,40.74116465348362],[-74.00403499603271,40.74107523584928]]]}},{"type":"Feature","properties":{"id":"354c4495-af7b-4266-af18-9b12f329bbc7","height":4,"subtype":"residential","class":"garages"},"geometry":{"type":"Polygon","coordinates":[[[-74.00515615940094,40.7437495840357],[-74.00508642196655,40.74372113408896],[-74.00504350662231,40.743778033970244],[-74.0051132440567,40.74380648389263],[-74.00515615940094,40.7437495840357]]]}},{"type":"Feature","properties":{"id":"a2ad7e09-38f5-4af9-ba9a-74bff58abcbd","height":19.4,"subtype":null,"class":null},"geometry":{"type":"Polygon","coordinates":[[[-74.00366485118866,40.74672456843331],[-74.00361120700836,40.74670424795303],[-74.0035629272461,40.74676927346809],[-74.0035629272461,40.74685868344744],[-74.00356829166412,40.74685868344744],[-74.00366485118866,40.74672456843331]]]}},{"type":"Feature","properties":{"id":"1c87907d-e69d-480f-8315-bdfc5625c404","height":16.5,"subtype":null,"class":null},"geometry":{"type":"Polygon","coordinates":[[[-74.00424420833588,40.74616778502798],[-74.00416374206543,40.74613527198434],[-74.00405645370483,40.7462856446779],[-74.00413691997528,40.746318157648005],[-74.00424420833588,40.74616778502798]]]}},{"type":"Feature","properties":{"id":"c6d37dec-9723-4967-98e8-afd7c78e1883","height":8.2,"subtype":null,"class":null},"geometry":{"type":"Polygon","coordinates":[[[-74.00748431682587,40.74596864238623],[-74.00739312171936,40.7459320651015],[-74.00723218917847,40.746151528508136],[-74.00732338428497,40.74618810567216],[-74.00748431682587,40.74596864238623]]]}},{"type":"Feature","properties":{"id":"80fd3ec2-a381-4951-8fe4-bb0b6215c906","height":16.6,"subtype":null,"class":null},"geometry":{"type":"Polygon","coordinates":[[[-74.00371849536896,40.74627345231002],[-74.00367021560669,40.74625313169187],[-74.0035629272461,40.74639537588834],[-74.0035629272461,40.74646852992805],[-74.00358438491821,40.74648072226017],[-74.0036541223526,40.74638318354059],[-74.00364339351654,40.74637911942415],[-74.00371849536896,40.74627345231002]]]}},{"type":"Feature","properties":{"id":"78b051d1-9c75-480b-b33e-3f363304e8c2","height":15.8,"subtype":null,"class":null},"geometry":{"type":"Polygon","coordinates":[[[-74.00481820106506,40.74439173673889],[-74.00473237037659,40.7443551585869],[-74.00458753108978,40.74456243451564],[-74.00466799736023,40.7445949483282],[-74.00481820106506,40.74439173673889]]]}},{"type":"Feature","properties":{"id":"5521c2c2-802c-4886-bb8e-3091f5f34fb3","height":14.7,"subtype":null,"class":null},"geometry":{"type":"Polygon","coordinates":[[[-74.00493085384369,40.74527367053625],[-74.00487720966339,40.74524928542718],[-74.00478065013885,40.74537933923892],[-74.00483429431915,40.7454037243003],[-74.00493085384369,40.74527367053625]]]}},{"type":"Feature","properties":{"id":"3d6a0236-a758-452b-91a9-66c115244e13","height":15,"subtype":null,"class":null},"geometry":{"type":"Polygon","coordinates":[[[-74.00371313095093,40.74376584114262],[-74.00372385978699,40.7437495840357],[-74.00393307209015,40.74383899807478],[-74.00392234325409,40.74385525515987],[-74.0040671825409,40.74391621919361],[-74.00415301322937,40.74380241961876],[-74.00400817394257,40.743741455480716],[-74.00399208068848,40.743757712589655],[-74.00378823280334,40.743668298441264],[-74.0037989616394,40.7436520413105],[-74.00364875793457,40.743587012747554],[-74.0035629272461,40.743704876971066],[-74.00371313095093,40.74376584114262]]]}},{"type":"Feature","properties":{"id":"597c0c7c-cd25-47ea-8267-9f17feb0522c","height":16,"subtype":null,"class":null},"geometry":{"type":"Polygon","coordinates":[[[-74.00695323944092,40.741778380366156],[-74.00693714618683,40.74177025157027],[-74.0065723657608,40.74226204193275],[-74.00680840015411,40.742363651058525],[-74.00697469711304,40.742136046401214],[-74.00694251060486,40.7421238532726],[-74.00696933269501,40.742087273873324],[-74.00700151920319,40.74209946700867],[-74.00716781616211,40.74186779705522],[-74.00695323944092,40.741778380366156]]]}},{"type":"Feature","properties":{"id":"093253ab-c9d6-4af4-8e33-22760c653d64","height":8.7,"subtype":"religious","class":null},"geometry":{"type":"Polygon","coordinates":[[[-74.00655090808868,40.74586297461991],[-74.00650799274445,40.745842653876366],[-74.00634706020355,40.74606618171384],[-74.00645434856415,40.74611088719121],[-74.00661528110504,40.74589142365045],[-74.00655090808868,40.74586297461991]]]}},{"type":"Feature","properties":{"id":"a50f8222-3a6d-4533-a981-d0487466268f","height":16.5,"subtype":null,"class":null},"geometry":{"type":"Polygon","coordinates":[[[-74.00544047355652,40.74526554216757],[-74.00539755821228,40.745326504908576],[-74.00562286376953,40.745419981002925],[-74.00566577911377,40.745359018347614],[-74.00544047355652,40.74526554216757]]]}},{"type":"Feature","properties":{"id":"d28c8b62-9d97-48ed-b25c-c9195a8cee93","height":12,"subtype":null,"class":null},"geometry":{"type":"Polygon","coordinates":[[[-74.00480210781097,40.74483880141577],[-74.00472164154053,40.74480628772238],[-74.00460362434387,40.74496479182736],[-74.00468945503235,40.744997305443206],[-74.00480210781097,40.74483880141577]]]}},{"type":"Feature","properties":{"id":"64623d66-6dbb-4e8b-860a-c8ce6069e0ec","height":16,"subtype":null,"class":null},"geometry":{"type":"Polygon","coordinates":[[[-74.00382578372955,40.74096956030829],[-74.00380432605743,40.74096143141358],[-74.00372922420502,40.74106304252621],[-74.00378823280334,40.741087429170136],[-74.0038526058197,40.740998011432],[-74.00382041931152,40.7409817536485],[-74.00382578372955,40.74096956030829]]]}},{"type":"Feature","properties":{"id":"49ebb628-c625-42cc-bde5-16e69c56b1df","height":14,"subtype":null,"class":null},"geometry":{"type":"Polygon","coordinates":[[[-74.0047538280487,40.74518832261538],[-74.00470018386841,40.74516393747501],[-74.00459825992584,40.74530211981889],[-74.00465190410614,40.745326504908576],[-74.0047538280487,40.74518832261538]]]}},{"type":"Feature","properties":{"id":"db4ec548-99f0-45d8-94ba-f5e4279bbd82","height":36.8,"subtype":null,"class":null},"geometry":{"type":"Polygon","coordinates":[[[-74.00364339351654,40.745541906145945],[-74.0035629272461,40.74550532862651],[-74.0035629272461,40.745655702744415],[-74.0040135383606,40.7458507821745],[-74.0040510892868,40.74580201237066],[-74.00404036045074,40.74579794821872],[-74.00408327579498,40.74573698590984],[-74.00399208068848,40.745696344339564],[-74.00398671627045,40.745708536813254],[-74.00378286838531,40.74562318945047],[-74.00388479232788,40.745489071944746],[-74.00376677513123,40.74543623770157],[-74.00366485118866,40.74557441947965],[-74.00363266468048,40.7455581628148],[-74.00364339351654,40.745541906145945]]]}},{"type":"Feature","properties":{"id":"2655a26b-2c1d-448a-a500-0629da460fa8","height":13.7,"subtype":null,"class":null},"geometry":{"type":"Polygon","coordinates":[[[-74.00503277778625,40.74531837654632],[-74.00498449802399,40.74529399145365],[-74.00488793849945,40.74542810935276],[-74.00494158267975,40.74544843022298],[-74.00503277778625,40.74531837654632]]]}},{"type":"Feature","properties":{"id":"e82b4196-8c94-4317-b9be-5c08d1cccd70","height":5,"subtype":null,"class":null},"geometry":{"type":"Polygon","coordinates":[[[-74.00537073612213,40.74383899807478],[-74.00525271892548,40.743790226795625],[-74.00509178638458,40.744009697270144],[-74.00521516799927,40.74405846838832],[-74.00537073612213,40.74383899807478]]]}},{"type":"Feature","properties":{"id":"d5ec5d98-3cfd-4771-a25a-d7129a62cac4","height":36.5,"subtype":null,"class":null},"geometry":{"type":"Polygon","coordinates":[[[-74.00578379631042,40.74448521414709],[-74.00541365146637,40.74433077314106],[-74.00530099868774,40.74448114991469],[-74.00567650794983,40.744635590571534],[-74.00578379631042,40.74448521414709]]]}},{"type":"Feature","properties":{"id":"74d1ae26-e87d-46a5-b760-9cea454c4e6a","height":10.8,"subtype":null,"class":null},"geometry":{"type":"Polygon","coordinates":[[[-74.00362730026245,40.7423392648825],[-74.00378823280334,40.74211572451895],[-74.0037077665329,40.74207914511521],[-74.0035629272461,40.74228236377033],[-74.0035629272461,40.742310814332484],[-74.00362730026245,40.7423392648825]]]}},{"type":"Feature","properties":{"id":"81b67924-0ddf-4b17-a83f-5cc93c4dbe1f","height":20,"subtype":null,"class":null},"geometry":{"type":"Polygon","coordinates":[[[-74.00777399539948,40.741489807504195],[-74.00775790214539,40.74148167867307],[-74.0075808763504,40.74172554317522],[-74.00790274143219,40.74186373266289],[-74.0080851316452,40.741619868667385],[-74.00777399539948,40.741489807504195]]]}},{"type":"Feature","properties":{"id":"0be4a303-fba2-4236-a8ca-f5fddc46c2f7","height":36.3,"subtype":null,"class":null},"geometry":{"type":"Polygon","coordinates":[[[-74.00519371032715,40.74452992068717],[-74.00498986244202,40.74444050757697],[-74.0048235654831,40.744664040127134],[-74.00514006614685,40.74479409508331],[-74.00530099868774,40.74457462719721],[-74.00519371032715,40.74452992068717]]]}},{"type":"Feature","properties":{"id":"bccd78db-5ee4-49fd-84de-2316462ca9dc","height":12.5,"subtype":null,"class":null},"geometry":{"type":"Polygon","coordinates":[[[-74.00378823280334,40.745972706527766],[-74.00372385978699,40.74594832167497],[-74.00364875793457,40.7460458610324],[-74.00371313095093,40.74607430998469],[-74.00378823280334,40.745972706527766]]]}},{"type":"Feature","properties":{"id":"ed45df99-3af6-420b-a8e0-cb7b2f3bc692","height":15.7,"subtype":null,"class":null},"geometry":{"type":"Polygon","coordinates":[[[-74.00448024272919,40.7462693881869],[-74.00442659854889,40.74624500344291],[-74.00433003902435,40.74638318354059],[-74.00438368320465,40.746403504118945],[-74.00448024272919,40.7462693881869]]]}},{"type":"Feature","properties":{"id":"cee26e86-6f49-4b0d-ab1a-fb00f10e4ad1","height":15,"subtype":null,"class":null},"geometry":{"type":"Polygon","coordinates":[[[-74.0035629272461,40.740977689202026],[-74.0035629272461,40.74099394698652],[-74.00361120700836,40.74101426921152],[-74.00368094444275,40.740920786925074],[-74.00362193584442,40.74089640022004],[-74.0035629272461,40.740977689202026]]]}},{"type":"Feature","properties":{"id":"7eb8e3a8-cd22-469d-a44c-b4a50e140867","height":12.6,"subtype":null,"class":null},"geometry":{"type":"Polygon","coordinates":[[[-74.00392770767212,40.746033668620555],[-74.00386869907379,40.74600928379013],[-74.00372922420502,40.74619216980028],[-74.00379359722137,40.74622061868999],[-74.00392770767212,40.746033668620555]]]}},{"type":"Feature","properties":{"id":"11f3a585-dcb5-459a-a0ff-e7b8f22e1db4","height":17.3,"subtype":null,"class":null},"geometry":{"type":"Polygon","coordinates":[[[-74.00372922420502,40.74479409508331],[-74.00365948677063,40.74476564558336],[-74.00357902050018,40.74487537930179],[-74.00364875793457,40.744903828754786],[-74.00372922420502,40.74479409508331]]]}},{"type":"Feature","properties":{"id":"56d319a2-bdcc-4679-867f-169ee8494216","height":12,"subtype":null,"class":null},"geometry":{"type":"Polygon","coordinates":[[[-74.00862693786621,40.74187186144732],[-74.00861620903015,40.74186779705522],[-74.00844991207123,40.74209133825204],[-74.00857865810394,40.74214417515239],[-74.00862693786621,40.74187186144732]]]}},{"type":"Feature","properties":{"id":"1a998b67-2373-4cc5-90bb-2b7f5311b82d","height":8.2,"subtype":null,"class":null},"geometry":{"type":"Polygon","coordinates":[[[-74.00608420372009,40.744119432235806],[-74.0059769153595,40.74407066116231],[-74.00580525398254,40.74430638768624],[-74.00604128837585,40.744407993688895],[-74.00617003440857,40.74422916702042],[-74.00609493255615,40.744196653029036],[-74.00612711906433,40.744151946264935],[-74.00607347488403,40.7441316249986],[-74.00608420372009,40.744119432235806]]]}},{"type":"Feature","properties":{"id":"39546cb3-d712-496c-8e29-7669369f1cd0","height":40.6,"subtype":null,"class":null},"geometry":{"type":"Polygon","coordinates":[[[-74.0074896812439,40.7462612599399],[-74.00732338428497,40.74618810567216],[-74.00716245174408,40.746411632348554],[-74.00770425796509,40.74664328647498],[-74.00777399539948,40.74661483776606],[-74.00780081748962,40.74639131177267],[-74.0074896812439,40.7462612599399]]]}},{"type":"Feature","properties":{"id":"6e77eb4f-ea5e-4bb0-8c82-deea6ed21ac9","height":16.6,"subtype":null,"class":null},"geometry":{"type":"Polygon","coordinates":[[[-74.00618612766266,40.74618810567216],[-74.00611102581024,40.74615559263847],[-74.00595009326935,40.74637911942415],[-74.00602519512177,40.746411632348554],[-74.00618612766266,40.74618810567216]]]}},{"type":"Feature","properties":{"id":"7de92765-2fbb-4c4b-a0af-3845c1d07e77","height":24.7,"subtype":null,"class":null},"geometry":{"type":"Polygon","coordinates":[[[-74.00620758533478,40.74619623392812],[-74.00618612766266,40.74618810567216],[-74.00602519512177,40.746411632348554],[-74.00634169578552,40.7465416838873],[-74.00650262832642,40.74632222176817],[-74.00620758533478,40.74619623392812]]]}},{"type":"Feature","properties":{"id":"c4956618-295c-432b-a675-2346233bdd7a","height":18.5,"subtype":"residential","class":"apartments"},"geometry":{"type":"Polygon","coordinates":[[[-74.00490403175354,40.74091265802437],[-74.00472164154053,40.74116058904829],[-74.00493621826172,40.74125407099771],[-74.00498986244202,40.74094923806962],[-74.00490403175354,40.74091265802437]]]}},{"type":"Feature","properties":{"id":"3f5bf920-60ac-4f15-b6c5-d82aff95f58f","height":20.7,"subtype":null,"class":null},"geometry":{"type":"Polygon","coordinates":[[[-74.00605201721191,40.74482254457109],[-74.00575160980225,40.74469248967051],[-74.00567650794983,40.74479815929661],[-74.0059769153595,40.74492821399053],[-74.00605201721191,40.74482254457109]]]}},{"type":"Feature","properties":{"id":"27543a58-7129-410f-b8f2-249aae497781","height":5.2,"subtype":null,"class":null},"geometry":{"type":"Polygon","coordinates":[[[-74.00677621364594,40.74566789522558],[-74.00661528110504,40.74589142365045],[-74.00676548480988,40.74595644996023],[-74.0069317817688,40.74573292175393],[-74.00677621364594,40.74566789522558]]]}},{"type":"Feature","properties":{"id":"16370eed-bf49-4049-b2c8-d33a8286f039","height":46.1,"subtype":null,"class":null},"geometry":{"type":"Polygon","coordinates":[[[-74.00372385978699,40.74594832167497],[-74.0035629272461,40.74587923121027],[-74.0035629272461,40.74609869479124],[-74.00357902050018,40.74610275892482],[-74.00362730026245,40.746041796895355],[-74.00359511375427,40.74602960448277],[-74.00362730026245,40.74599302723158],[-74.00367558002472,40.746013347929164],[-74.00372385978699,40.74594832167497]]]}},{"type":"Feature","properties":{"id":"51b23753-d363-4411-b658-ad8d554c151e","height":19.471067428588867,"subtype":null,"class":null},"geometry":{"type":"Polygon","coordinates":[[[-74.00713562965393,40.743330962162986],[-74.00714099407196,40.74333502646567],[-74.00734484195709,40.74304239603697],[-74.00749504566193,40.74284324403678],[-74.00496304035187,40.74178244476374],[-74.0046089887619,40.742274235036035],[-74.00713562965393,40.743330962162986]]]}},{"type":"Feature","properties":{"id":"7c569daa-6315-47ea-8cf4-176b5237dca5","height":10.5,"subtype":null,"class":null},"geometry":{"type":"Polygon","coordinates":[[[-74.00468945503235,40.7463547347204],[-74.00462508201599,40.746326285888074],[-74.00453925132751,40.746440081144414],[-74.00456070899963,40.74644820936953],[-74.00456070899963,40.74646852992805],[-74.00459825992584,40.74648072226017],[-74.00468945503235,40.7463547347204]]]}},{"type":"Feature","properties":{"id":"52776195-88c3-4470-91d3-d0681a85f06b","height":4.2,"subtype":null,"class":null},"geometry":{"type":"Polygon","coordinates":[[[-74.00056958198547,40.74711065637888],[-74.00045692920685,40.747061887498916],[-74.00011360645294,40.747533318507124],[-74.00022625923157,40.747582087041366],[-74.00031208992004,40.747602407253396],[-74.00050520896912,40.747334179954464],[-74.00049984455109,40.74733011589615],[-74.0006285905838,40.747151297084855],[-74.00056958198547,40.74711065637888]]]}},{"type":"Feature","properties":{"id":"eb931587-856e-4ae0-935d-19fa8ec345c9","height":47,"subtype":null,"class":null},"geometry":{"type":"Polygon","coordinates":[[[-74.00302648544312,40.747777160820704],[-74.0029513835907,40.74774464856387],[-74.00287091732025,40.747854377366934],[-74.00296747684479,40.74789501761839],[-74.00297820568085,40.747907209689004],[-74.00321960449219,40.74800068215603],[-74.00330007076263,40.74789095359438],[-74.00323033332825,40.74786250541919],[-74.00323033332825,40.747854377366934],[-74.00319278240204,40.747838121259406],[-74.00319278240204,40.74783405723187],[-74.00307476520538,40.7477852888824],[-74.00306940078735,40.74778935291289],[-74.00302648544312,40.74776903275799],[-74.00302648544312,40.747777160820704]]]}},{"type":"Feature","properties":{"id":"eacb1c29-b57b-47a7-a3c3-9f4d61c2129e","height":44.3,"subtype":"residential","class":"apartments"},"geometry":{"type":"Polygon","coordinates":[[[-73.99799466133118,40.75049594205268],[-73.99791419506073,40.75046343112513],[-73.99782299995422,40.750593474739986],[-73.99789810180664,40.75062598560393],[-73.99788737297058,40.75063817717387],[-73.99795174598694,40.75066256030692],[-73.997962474823,40.750650368741475],[-73.99802684783936,40.750678815724],[-73.99812340736389,40.75054877227606],[-73.9980536699295,40.750520325237915],[-73.99805903434753,40.750508133646434],[-73.9980000257492,40.75048375045671],[-73.99799466133118,40.75049594205268]]]}},{"type":"Feature","properties":{"id":"8dc8a1f2-3a96-49b2-87e5-724c904184e3","height":9.3,"subtype":null,"class":null},"geometry":{"type":"Polygon","coordinates":[[[-73.99624586105347,40.7475089342266],[-73.99637997150421,40.74756583086727],[-73.99635851383209,40.74759427916936],[-73.9965409040451,40.74767555996536],[-73.99661064147949,40.747582087041366],[-73.9962887763977,40.747447973486146],[-73.99624586105347,40.7475089342266]]]}},{"type":"Feature","properties":{"id":"c80e60fa-89a3-4eb7-b0e3-80ba92d434d0","height":12.6,"subtype":null,"class":null},"geometry":{"type":"Polygon","coordinates":[[[-73.9981073141098,40.75027242910474],[-73.99807512760162,40.75031306787844],[-73.99827361106873,40.75039840922233],[-73.99831116199493,40.75034964275349],[-73.9981073141098,40.75027242910474]]]}},{"type":"Feature","properties":{"id":"b8e5901c-77e7-4407-a55d-7d05e9e98051","height":35.3,"subtype":"residential","class":"apartments"},"geometry":{"type":"Polygon","coordinates":[[[-74.00185704231262,40.74906951015532],[-74.00201261043549,40.749061382250545],[-74.00201797485352,40.749167044934836],[-74.00213062763214,40.74916298098856],[-74.00212526321411,40.749057318297815],[-74.00216817855835,40.749057318297815],[-74.00215208530426,40.74882160861341],[-74.00235593318939,40.748813480678365],[-74.00235056877136,40.748732201273185],[-74.0021950006485,40.74873626524578],[-74.00218963623047,40.74863466585583],[-74.00207161903381,40.748638729834425],[-74.00207698345184,40.74874032921815],[-74.0020340681076,40.74874439319029],[-74.0020501613617,40.748976039190666],[-74.00185167789459,40.748984167105874],[-74.00185704231262,40.74906951015532]]]}},{"type":"Feature","properties":{"id":"1e21af1f-19e7-492c-bec9-2dfb85048c96","height":58,"subtype":null,"class":null},"geometry":{"type":"Polygon","coordinates":[[[-73.99555385112762,40.74844365858246],[-73.99574160575867,40.748520874354796],[-73.99571478366852,40.74855745021563],[-73.99582743644714,40.74860621799883],[-73.99587571620941,40.74853713029543],[-73.99590790271759,40.74855338623209],[-73.99596691131592,40.74846397853125],[-73.99595618247986,40.748459914541996],[-73.99597227573395,40.7484355306012],[-73.99573087692261,40.748333930751784],[-73.99571478366852,40.748358314729785],[-73.99563431739807,40.74832580275711],[-73.99555385112762,40.74844365858246]]]}},{"type":"Feature","properties":{"id":"f8f8cc2b-be45-47e4-9c33-e72acddca9bc","height":36,"subtype":null,"class":null},"geometry":{"type":"Polygon","coordinates":[[[-73.99698615074158,40.750528452964346],[-73.99695932865143,40.750520325237915],[-73.99687886238098,40.750630049460824],[-73.99691104888916,40.750642241029965],[-73.9969003200531,40.75065443259689],[-73.9969915151596,40.75069100728419],[-73.99699687957764,40.750678815724],[-73.99702370166779,40.75069100728419],[-73.99710953235626,40.75058128316189],[-73.99708271026611,40.75056909158158],[-73.99708807468414,40.750560963860096],[-73.99703979492188,40.75054064455213],[-73.99703979492188,40.750544708414225],[-73.9969915151596,40.75052438910126],[-73.99698615074158,40.750528452964346]]]}},{"type":"Feature","properties":{"id":"e8701389-cb49-4ca8-a150-493d46c6c1e0","height":18.5,"subtype":null,"class":null},"geometry":{"type":"Polygon","coordinates":[[[-73.99605810642242,40.74968316409516],[-73.99598836898804,40.749650652770185],[-73.99587571620941,40.749805081422096],[-73.9959454536438,40.749837592671554],[-73.99605810642242,40.74968316409516]]]}},{"type":"Feature","properties":{"id":"59585f85-d9b4-4803-8d1f-8bf53f40a0af","height":11.3,"subtype":null,"class":null},"geometry":{"type":"Polygon","coordinates":[[[-74.0025383234024,40.74845585055246],[-74.00247395038605,40.74842740261897],[-74.00239884853363,40.748524938340324],[-74.00246322154999,40.74855338623209],[-74.0025383234024,40.74845585055246]]]}},{"type":"Feature","properties":{"id":"af84b3a9-bf44-4e3a-9dc4-22898ebe2805","height":54.9,"subtype":null,"class":null},"geometry":{"type":"Polygon","coordinates":[[[-73.99685204029083,40.75018302371518],[-73.9969539642334,40.750223662543505],[-73.99692714214325,40.75026023746776],[-73.99701833724976,40.75030087624893],[-73.99714708328247,40.7501220654261],[-73.99697542190552,40.750057043189486],[-73.99695932865143,40.7500814265357],[-73.99691641330719,40.750061107081166],[-73.99694859981537,40.75002046815345],[-73.99688422679901,40.749996084784925],[-73.99692714214325,40.7498863595159],[-73.99697005748749,40.74990261512275],[-73.99703979492188,40.74980101751481],[-73.99712562561035,40.74983352876623],[-73.99718463420868,40.749752250607855],[-73.99690568447113,40.749634397101744],[-73.9968466758728,40.7497197393167],[-73.99693250656128,40.749752250607855],[-73.99685740470886,40.749853848290314],[-73.9969003200531,40.74987416780817],[-73.99686276912689,40.74998389309732],[-73.99683594703674,40.75002859594099],[-73.99680376052856,40.75001234036495],[-73.99681985378265,40.74999202088932],[-73.9967393875122,40.74995950971538],[-73.99674475193024,40.74995138191943],[-73.99665892124176,40.749914806825245],[-73.99653017520905,40.750093618205426],[-73.99672865867615,40.75017489594654],[-73.99674475193024,40.75015457652057],[-73.99684131145477,40.75019521536629],[-73.99685204029083,40.75018302371518]]]}},{"type":"Feature","properties":{"id":"b57f4541-920a-480a-9c1d-df5fa9623f38","height":47,"subtype":null,"class":null},"geometry":{"type":"Polygon","coordinates":[[[-74.00198042392731,40.747334179954464],[-74.00191068649292,40.747305731541104],[-74.00183022022247,40.747415461068385],[-74.00193750858307,40.7474601656387],[-74.00194823741913,40.747472357789036],[-74.00207698345184,40.74752519041462],[-74.00209844112396,40.747529254461],[-74.00217890739441,40.74756176682311],[-74.00225937366486,40.74745203753724],[-74.00218427181244,40.74742358917433],[-74.00218963623047,40.747415461068385],[-74.00215208530426,40.747399204853565],[-74.00215744972229,40.74739514079923],[-74.00202870368958,40.74734230807033],[-74.00202333927155,40.74734637212788],[-74.00198578834534,40.74733011589615],[-74.00198042392731,40.747334179954464]]]}},{"type":"Feature","properties":{"id":"3f92f9c5-de15-4d73-b89b-051ad2cd1344","height":7.9,"subtype":null,"class":null},"geometry":{"type":"Polygon","coordinates":[[[-73.99478137493134,40.750093618205426],[-73.99460971355438,40.75002046815345],[-73.99456679821014,40.75007736264527],[-73.9947384595871,40.75015051263463],[-73.99478137493134,40.750093618205426]]]}},{"type":"Feature","properties":{"id":"47856dff-0660-4326-9594-3f0b8ff47859","height":38.2,"subtype":null,"class":null},"geometry":{"type":"Polygon","coordinates":[[[-73.99587035179138,40.750057043189486],[-73.99584889411926,40.75004891540547],[-73.99575769901276,40.750170832061826],[-73.99582207202911,40.7501992792495],[-73.99582207202911,40.750191151482824],[-73.9959454536438,40.750252109708555],[-73.9960366487503,40.7501261293138],[-73.99597764015198,40.750093618205426],[-73.99592399597168,40.7500692348637],[-73.99587035179138,40.75005297929761],[-73.99587035179138,40.750057043189486]]]}},{"type":"Feature","properties":{"id":"ad5ecc5d-c0d7-450e-b397-d050e3c98f96","height":5.025211811065674,"subtype":"religious","class":"church"},"geometry":{"type":"Polygon","coordinates":[[[-73.99872422218323,40.749097957814115],[-73.99870812892914,40.7490938938636],[-73.99856328964233,40.7492889632081],[-73.99859011173248,40.74930115502315],[-73.99857938289642,40.74931334683595],[-73.99861693382263,40.74932960258286],[-73.99860620498657,40.749345858325796],[-73.99869740009308,40.749382433732876],[-73.99870812892914,40.74937024193278],[-73.99874567985535,40.74938649766577],[-73.9987725019455,40.749353986195786],[-73.99891197681427,40.74941494518896],[-73.99893879890442,40.74937430586638],[-73.99896562099457,40.74938649766577],[-73.9990085363388,40.749333666518964],[-73.99898171424866,40.74932147470989],[-73.9990085363388,40.74928083533018],[-73.998863697052,40.74922394015687],[-73.99889051914215,40.74919142860739],[-73.99885296821594,40.74917517282668],[-73.998863697052,40.749158917042024],[-73.99892270565033,40.74918736466262],[-73.9989709854126,40.74912234151199],[-73.99876713752747,40.74903699853036],[-73.99872422218323,40.749097957814115]]]}},{"type":"Feature","properties":{"id":"1a7446bf-e26e-4c71-9525-175d7c1037bd","height":32,"subtype":"residential","class":"apartments"},"geometry":{"type":"Polygon","coordinates":[[[-74.00202333927155,40.74992699852555],[-74.00206625461578,40.74992699852555],[-74.00207161903381,40.75004485151305],[-74.00218963623047,40.75004078762041],[-74.00218427181244,40.74992293462569],[-74.00232911109924,40.74991887072562],[-74.00232911109924,40.749837592671554],[-74.00213062763214,40.74984165657659],[-74.00211453437805,40.74958969399307],[-74.00207161903381,40.74958969399307],[-74.00206625461578,40.74947184019885],[-74.00194823741913,40.749475904126285],[-74.00195896625519,40.74959375791329],[-74.00180876255035,40.74959782183328],[-74.00181412696838,40.74967910018037],[-74.00201261043549,40.74967503626539],[-74.00202333927155,40.74992699852555]]]}},{"type":"Feature","properties":{"id":"4f82ba1c-e3c7-4b6f-acad-d0f975dbb480","height":8.2,"subtype":null,"class":null},"geometry":{"type":"Polygon","coordinates":[[[-74.00306403636932,40.750613794031835],[-74.0029889345169,40.75058534702151],[-74.00287091732025,40.75074790120229],[-74.00294601917267,40.75077634814306],[-74.00306403636932,40.750613794031835]]]}},{"type":"Feature","properties":{"id":"342f219c-fc3c-4382-93b9-8d027d3056f7","height":10.1,"subtype":null,"class":null},"geometry":{"type":"Polygon","coordinates":[[[-74.00322496891022,40.74825265076046],[-74.00315523147583,40.748228266743695],[-74.00306940078735,40.74834612274188],[-74.00310158729553,40.748358314729785],[-74.00312840938568,40.74832580275711],[-74.00311768054962,40.748321738759415],[-74.00312840938568,40.748305482766085],[-74.00317132472992,40.74832580275711],[-74.00322496891022,40.74825265076046]]]}},{"type":"Feature","properties":{"id":"42eec47b-074c-4ad8-bb2e-58d9b9269f12","height":13.5,"subtype":null,"class":null},"geometry":{"type":"Polygon","coordinates":[[[-73.99778544902802,40.751064880711795],[-73.99747967720032,40.75093483801891],[-73.99744212627411,40.750979540223256],[-73.99775326251984,40.75110958282875],[-73.99778544902802,40.751064880711795]]]}},{"type":"Feature","properties":{"id":"523b0b09-2eef-455e-b187-d20cc1913424","height":24.5,"subtype":null,"class":null},"geometry":{"type":"Polygon","coordinates":[[[-74.00247395038605,40.74842740261897],[-74.00257050991058,40.74828922676883],[-74.00203943252563,40.748065706403395],[-74.00186777114868,40.74830141876717],[-74.00239884853363,40.748524938340324],[-74.00247395038605,40.74842740261897]]]}},{"type":"Feature","properties":{"id":"127dab3f-85f2-4001-bd94-4abdf8641618","height":11.8,"subtype":null,"class":null},"geometry":{"type":"Polygon","coordinates":[[[-74.00259733200073,40.74848023448578],[-74.0025383234024,40.74845585055246],[-74.00246322154999,40.74855338623209],[-74.00252759456635,40.74857777012966],[-74.00259733200073,40.74848023448578]]]}},{"type":"Feature","properties":{"id":"590512fe-1bf7-433c-bd4e-851ae0703e43","height":15.5,"subtype":null,"class":null},"geometry":{"type":"Polygon","coordinates":[[[-73.9977103471756,40.75002453204738],[-73.99764597415924,40.749996084784925],[-73.99752259254456,40.75016270429171],[-73.99757087230682,40.75018302371518],[-73.99759769439697,40.75014644874847],[-73.99761915206909,40.75015457652057],[-73.9977103471756,40.75002453204738]]]}},{"type":"Feature","properties":{"id":"e9ac1a1a-53b5-49bc-859b-716ac68363bf","height":19.3,"subtype":null,"class":null},"geometry":{"type":"Polygon","coordinates":[[[-74.0012776851654,40.74783405723187],[-74.00119721889496,40.74780154500286],[-74.00107383728027,40.74796817000848],[-74.00115966796875,40.748004746173336],[-74.0012776851654,40.74783405723187]]]}},{"type":"Feature","properties":{"id":"908eaa83-d9bb-4f87-a0ce-143f4e5817ef","height":16.9,"subtype":null,"class":null},"geometry":{"type":"Polygon","coordinates":[[[-74.00260806083679,40.74804132231807],[-74.00254368782043,40.748012874207234],[-74.00244176387787,40.7481469866232],[-74.00250613689423,40.748175434676654],[-74.00260806083679,40.74804132231807]]]}},{"type":"Feature","properties":{"id":"e800130e-0002-4c2a-9a55-57ce98bc57e5","height":12.8,"subtype":null,"class":null},"geometry":{"type":"Polygon","coordinates":[[[-74.00341272354126,40.75197923621528],[-74.00333225727081,40.75194672601296],[-74.00321960449219,40.75210114933239],[-74.00330007076263,40.75213772322391],[-74.00341272354126,40.75197923621528]]]}},{"type":"Feature","properties":{"id":"9e0f44c8-b8ea-45fe-ae89-ae0bf13d9efc","height":17.7,"subtype":null,"class":null},"geometry":{"type":"Polygon","coordinates":[[[-74.0015459060669,40.74789095359438],[-74.00146543979645,40.74785844139319],[-74.00131523609161,40.74806977041675],[-74.00139033794403,40.74810228251462],[-74.0015459060669,40.74789095359438]]]}},{"type":"Feature","properties":{"id":"6d83541f-9d82-4686-9160-edeb0c8eb143","height":12.8,"subtype":null,"class":null},"geometry":{"type":"Polygon","coordinates":[[[-73.99532854557037,40.748971975232706],[-73.99522662162781,40.748927271678696],[-73.99517834186554,40.748988231063066],[-73.99528563022614,40.74903293457609],[-73.99532854557037,40.748971975232706]]]}},{"type":"Feature","properties":{"id":"b7906b58-1d9a-49c9-a53e-f63b30375e6b","height":11.6,"subtype":null,"class":null},"geometry":{"type":"Polygon","coordinates":[[[-73.99935722351074,40.75196704489127],[-73.99929285049438,40.75194266223656],[-73.99922847747803,40.75203612903107],[-73.99929285049438,40.75206457542072],[-73.99935722351074,40.75196704489127]]]}},{"type":"Feature","properties":{"id":"79f167cc-a7ae-400b-886c-e749c946f16f","height":8.2,"subtype":null,"class":null},"geometry":{"type":"Polygon","coordinates":[[[-74.00296211242676,40.749955445817506],[-74.00278508663177,40.749878231710994],[-74.00271534919739,40.749967637510366],[-74.00289237499237,40.75004485151305],[-74.00296211242676,40.749955445817506]]]}},{"type":"Feature","properties":{"id":"73b23843-eaa8-404a-99ed-e2b1fedf7427","height":23.6,"subtype":null,"class":null},"geometry":{"type":"Polygon","coordinates":[[[-73.99469554424286,40.749821337048814],[-73.99459898471832,40.749780697974586],[-73.99455606937408,40.74984165657659],[-73.99487257003784,40.749975765304356],[-73.99491548538208,40.749914806825245],[-73.99469554424286,40.749821337048814]]]}},{"type":"Feature","properties":{"id":"1556e7c8-45a7-4d53-a798-bdd3dbcd4f05","height":79.6,"subtype":null,"class":null},"geometry":{"type":"Polygon","coordinates":[[[-73.99633169174194,40.747269154991784],[-73.99640142917633,40.747297603420776],[-73.99644434452057,40.74723664248663],[-73.99676620960236,40.74737075646803],[-73.99688959121704,40.747204129965525],[-73.99649798870087,40.74703750304553],[-73.99633169174194,40.747269154991784]]]}},{"type":"Feature","properties":{"id":"f539ac7c-a781-4af9-a617-219a70951db5","height":18.9,"subtype":"education","class":"school"},"geometry":{"type":"Polygon","coordinates":[[[-74.00001168251038,40.74928489926927],[-74.00009214878082,40.74928489926927],[-74.00009214878082,40.749293027146706],[-74.00014579296112,40.749293027146706],[-74.00014579296112,40.74928083533018],[-74.00022625923157,40.74928083533018],[-74.00022089481354,40.74915078914819],[-74.00048911571503,40.749146725200916],[-74.000483751297,40.749065446203076],[-74.00074124336243,40.749061382250545],[-74.00074124336243,40.74900042293325],[-74.00075197219849,40.74900042293325],[-74.00075197219849,40.74895978335732],[-74.00074124336243,40.74895978335732],[-74.0007358789444,40.74890288790931],[-74.00021553039551,40.74891101583344],[-74.00020480155945,40.74860215401827],[-74.00012969970703,40.74860215401827],[-74.00012969970703,40.748594026056395],[-74.0000706911087,40.748594026056395],[-74.0000706911087,40.74860215401827],[-73.99999022483826,40.74860621799883],[-74.00000095367432,40.74896384731602],[-73.99999022483826,40.74896384731602],[-73.99999022483826,40.74901261480116],[-73.9997273683548,40.749016678756675],[-73.99973273277283,40.749158917042024],[-74.00000631809235,40.749154853095234],[-74.00001168251038,40.74928489926927]]]}},{"type":"Feature","properties":{"id":"6225825b-9a15-4387-808c-567a324111a6","height":27.3,"subtype":null,"class":null},"geometry":{"type":"Polygon","coordinates":[[[-74.00096118450165,40.747838121259406],[-74.00100409984589,40.7477852888824],[-74.00068759918213,40.74765523977567],[-74.00060176849365,40.74776903275799],[-74.00091826915741,40.74790314566573],[-74.00096118450165,40.747838121259406]]]}},{"type":"Feature","properties":{"id":"51af8ffc-0354-4fe8-b56f-8aa381b03db6","height":14,"subtype":null,"class":null},"geometry":{"type":"Polygon","coordinates":[[[-73.99543583393097,40.750134257088376],[-73.99523198604584,40.75004485151305],[-73.9951890707016,40.750105809872935],[-73.99539291858673,40.750191151482824],[-73.99543583393097,40.750134257088376]]]}},{"type":"Feature","properties":{"id":"f29ad7ca-2494-42db-98bb-4f820620f37a","height":15.7,"subtype":null,"class":null},"geometry":{"type":"Polygon","coordinates":[[[-73.99722754955292,40.749821337048814],[-73.99715781211853,40.74979288969945],[-73.99709343910217,40.74988229561359],[-73.99716317653656,40.7499107429247],[-73.99722754955292,40.749821337048814]]]}},{"type":"Feature","properties":{"id":"2588ba50-c464-4c16-902f-52edef5a974b","height":18.5,"subtype":null,"class":null},"geometry":{"type":"Polygon","coordinates":[[[-74.00305330753326,40.74836644272048],[-74.00302648544312,40.74840301866627],[-74.0033483505249,40.74854119427994],[-74.00339126586914,40.74848023448578],[-74.00306940078735,40.74834612274188],[-74.00305330753326,40.74836644272048]]]}},{"type":"Feature","properties":{"id":"c09d14b1-48a9-4169-b95e-eece288eafeb","height":26.16581153869629,"subtype":"residential","class":"apartments"},"geometry":{"type":"Polygon","coordinates":[[[-74.00175511837006,40.752304337364166],[-74.00180339813232,40.7523246561332],[-74.00187313556671,40.75222712598523],[-74.00185167789459,40.75210521309907],[-74.00154054164886,40.7519711086662],[-74.00171756744385,40.75173540931044],[-74.00149762630463,40.75164600588798],[-74.00120258331299,40.7520727029584],[-74.00175511837006,40.752304337364166]]]}},{"type":"Feature","properties":{"id":"10851c73-d70b-4433-9737-8ea149297a05","height":59.3,"subtype":null,"class":null},"geometry":{"type":"Polygon","coordinates":[[[-73.99767816066742,40.74878909686723],[-73.99764597415924,40.748776904958305],[-73.99762451648712,40.74879722480529],[-73.99779617786407,40.74887037620286],[-73.99787664413452,40.74874439319029],[-73.99802148342133,40.74880941671046],[-73.99810194969177,40.74869562550842],[-73.99798929691315,40.74864685779082],[-73.9980000257492,40.74863060187701],[-73.99798929691315,40.7486224739186],[-73.99803757667542,40.74855338623209],[-73.99792492389679,40.74850461841018],[-73.99787664413452,40.74857777012966],[-73.99786591529846,40.74857370614734],[-73.99784982204437,40.74858996207507],[-73.99769961833954,40.748529002325625],[-73.99761915206909,40.748638729834425],[-73.99773716926575,40.748687497557995],[-73.99772644042969,40.7487037534579],[-73.99773716926575,40.74870781743226],[-73.99767816066742,40.74878909686723]]]}},{"type":"Feature","properties":{"id":"d27da3e5-ad7d-4334-bfb9-a8615f974485","height":17.9,"subtype":null,"class":null},"geometry":{"type":"Polygon","coordinates":[[[-74.00339663028717,40.74699686227001],[-74.00332689285278,40.74699686227001],[-74.00323033332825,40.74713504080549],[-74.00331616401672,40.74717161742856],[-74.00342345237732,40.747025310815474],[-74.00338590145111,40.74700905450527],[-74.00339663028717,40.74699686227001]]]}},{"type":"Feature","properties":{"id":"317c9825-13c4-4a6f-b2ae-43d3efc22b43","height":13.9,"subtype":null,"class":null},"geometry":{"type":"Polygon","coordinates":[[[-73.99591326713562,40.749366177998866],[-73.99576306343079,40.749305218960984],[-73.99572551250458,40.74935805013038],[-73.99591863155365,40.749443392700016],[-73.99595618247986,40.7493905615984],[-73.99595618247986,40.749382433732876],[-73.99591326713562,40.749366177998866]]]}},{"type":"Feature","properties":{"id":"dc5876ab-601e-4f33-b361-c93ee49c48fe","height":13.3,"subtype":"religious","class":null},"geometry":{"type":"Polygon","coordinates":[[[-73.99921774864197,40.74768775207619],[-73.99914264678955,40.74765523977567],[-73.9989709854126,40.74789095359438],[-73.99912118911743,40.747960041969094],[-73.99919629096985,40.74785844139319],[-73.99917483329773,40.74785031334042],[-73.99920165538788,40.74781373709061],[-73.99922311306,40.74782186514787],[-73.99928748607635,40.7477365204972],[-73.99926602840424,40.74772432839529],[-73.9992767572403,40.74770807225596],[-73.99922311306,40.7476836880395],[-73.99921774864197,40.74768775207619]]]}},{"type":"Feature","properties":{"id":"67168208-a38c-4fe2-8438-d2915c442757","height":21.4,"subtype":null,"class":null},"geometry":{"type":"Polygon","coordinates":[[[-73.99881541728973,40.747512998273976],[-73.99897634983063,40.74727728311561],[-73.9987564086914,40.74718787369903],[-73.99859011173248,40.747415461068385],[-73.99881541728973,40.747512998273976]]]}},{"type":"Feature","properties":{"id":"31e29a86-2155-4a27-829f-e7641197d3dd","height":23,"subtype":null,"class":null},"geometry":{"type":"Polygon","coordinates":[[[-73.99743676185608,40.750678815724],[-73.99729192256927,40.75061785788944],[-73.99718463420868,40.75076415659851],[-73.99728655815125,40.75080885891762],[-73.9972972869873,40.750796667379035],[-73.99733483791351,40.750812922763316],[-73.99743676185608,40.750678815724]]]}},{"type":"Feature","properties":{"id":"f6090847-a86c-490c-9185-84708ed0b4bd","height":15.1,"subtype":null,"class":null},"geometry":{"type":"Polygon","coordinates":[[[-73.99743676185608,40.7499107429247],[-73.99736166000366,40.74988229561359],[-73.99727046489716,40.75000827647031],[-73.99734020233154,40.75004078762041],[-73.99743676185608,40.7499107429247]]]}},{"type":"Feature","properties":{"id":"25d032d0-78c4-407a-9a97-0d5533855e3d","height":69.9,"subtype":null,"class":null},"geometry":{"type":"Polygon","coordinates":[[[-74.00105237960815,40.747151297084855],[-74.00144398212433,40.74731792371975],[-74.00168001651764,40.74699686227001],[-74.00116503238678,40.74699686227001],[-74.00105237960815,40.747151297084855]]]}},{"type":"Feature","properties":{"id":"5b9c6c7d-c593-4b79-bf94-396a7f5ca942","height":34.1,"subtype":"residential","class":"apartments"},"geometry":{"type":"Polygon","coordinates":[[[-74.00242030620575,40.749309282898594],[-74.00257587432861,40.74930115502315],[-74.00258123874664,40.749402753394804],[-74.0026992559433,40.74939868946291],[-74.00269389152527,40.749297091085026],[-74.00273144245148,40.749293027146706],[-74.00272071361542,40.749061382250545],[-74.00291383266449,40.74905325434483],[-74.00290846824646,40.74896791127452],[-74.00275826454163,40.748971975232706],[-74.0027529001236,40.74887037620286],[-74.00263488292694,40.74887444016704],[-74.00264024734497,40.7489801031484],[-74.00259733200073,40.7489801031484],[-74.00261342525482,40.74921581227099],[-74.00241494178772,40.74922394015687],[-74.00242030620575,40.749309282898594]]]}},{"type":"Feature","properties":{"id":"9503e698-d11c-4546-a125-f63786636e12","height":11.1,"subtype":null,"class":null},"geometry":{"type":"Polygon","coordinates":[[[-73.99774253368378,40.75047562272482],[-73.99767816066742,40.75044717565538],[-73.99761378765106,40.750536580689754],[-73.99767816066742,40.75056502772097],[-73.99774253368378,40.75047562272482]]]}},{"type":"Feature","properties":{"id":"6300d3af-7b19-4ca2-bcb0-a8b52255753c","height":13,"subtype":null,"class":null},"geometry":{"type":"Polygon","coordinates":[[[-73.99572551250458,40.74935805013038],[-73.99568796157837,40.749406817326445],[-73.99591326713562,40.74950028768558],[-73.9959454536438,40.749455584486725],[-73.99572551250458,40.74935805013038]]]}},{"type":"Feature","properties":{"id":"0f1c2cde-69c1-4a15-92ee-ff6d9ed43456","height":38.4,"subtype":null,"class":null},"geometry":{"type":"Polygon","coordinates":[[[-73.99485647678375,40.74973599496428],[-73.99478137493134,40.749703483665144],[-73.99469554424286,40.749821337048814],[-73.99491548538208,40.749914806825245],[-73.99500131607056,40.749796953607245],[-73.99485647678375,40.74973599496428]]]}},{"type":"Feature","properties":{"id":"afa2eddd-ae2b-413d-8e12-630d1d922dad","height":7,"subtype":null,"class":null},"geometry":{"type":"Polygon","coordinates":[[[-73.99818778038025,40.74742358917433],[-73.99826288223267,40.747321987778804],[-73.99810194969177,40.74725289874118],[-73.99802684783936,40.74735450024224],[-73.99818778038025,40.74742358917433]]]}},{"type":"Feature","properties":{"id":"8de6a9cc-d9aa-4ee2-b448-530165a204be","height":12.8,"subtype":null,"class":null},"geometry":{"type":"Polygon","coordinates":[[[-73.99570941925049,40.74882160861341],[-73.99550557136536,40.74873626524578],[-73.99547338485718,40.748776904958305],[-73.99567723274231,40.74886631223845],[-73.99570941925049,40.74882160861341]]]}},{"type":"Feature","properties":{"id":"3182fccc-37c9-43df-afba-6801648cb7e7","height":15.5,"subtype":null,"class":null},"geometry":{"type":"Polygon","coordinates":[[[-73.99560749530792,40.750528452964346],[-73.99632096290588,40.750812922763316],[-73.99649262428284,40.75058128316189],[-73.99577379226685,40.75029274849467],[-73.99560749530792,40.750528452964346]]]}},{"type":"Feature","properties":{"id":"3a6be893-b4d0-42a7-acfe-aff5f57b3929","height":17.3,"subtype":null,"class":null},"geometry":{"type":"Polygon","coordinates":[[[-74.00149762630463,40.75164600588798],[-74.00171756744385,40.75173540931044],[-74.00176048278809,40.75167851623735],[-74.00154054164886,40.751589112738344],[-74.00149762630463,40.75164600588798]]]}},{"type":"Feature","properties":{"id":"d9d9e980-7fc9-4b59-a716-9aad11d9a561","height":17.3,"subtype":null,"class":null},"geometry":{"type":"Polygon","coordinates":[[[-73.99626195430756,40.749402753394804],[-73.99618148803711,40.74937024193278],[-73.9960902929306,40.74950028768558],[-73.99616539478302,40.74953279908402],[-73.99626195430756,40.749402753394804]]]}},{"type":"Feature","properties":{"id":"3c44d451-e567-487c-a542-fa4c74437e8e","height":13.3,"subtype":null,"class":null},"geometry":{"type":"Polygon","coordinates":[[[-73.99618148803711,40.75015457652057],[-73.99612247943878,40.7501261293138],[-73.99603128433228,40.750252109708555],[-73.9960902929306,40.75027649298323],[-73.99618148803711,40.75015457652057]]]}},{"type":"Feature","properties":{"id":"35c5ad34-d4a5-4e5e-8130-1598867ff348","height":17.2,"subtype":null,"class":null},"geometry":{"type":"Polygon","coordinates":[[[-74.00267243385315,40.748065706403395],[-74.00260806083679,40.74804132231807],[-74.00250613689423,40.748175434676654],[-74.00257587432861,40.748203882717974],[-74.00267243385315,40.748065706403395]]]}},{"type":"Feature","properties":{"id":"a66e9a4f-10c7-4f61-b490-1395d1534731","height":63.9,"subtype":null,"class":null},"geometry":{"type":"Polygon","coordinates":[[[-74.00121331214905,40.75145094345805],[-73.99941086769104,40.75068694343108],[-73.99869740009308,40.75039028148004],[-73.99835407733917,40.75086168889237],[-73.99908363819122,40.75115834874023],[-74.00087535381317,40.75192640712842],[-74.00121331214905,40.75145094345805]]]}},{"type":"Feature","properties":{"id":"e26d5f68-186e-4162-8eba-fa04b4bd2fb9","height":54.9,"subtype":null,"class":null},"geometry":{"type":"Polygon","coordinates":[[[-73.99450242519379,40.748065706403395],[-73.99447023868561,40.74810634652573],[-73.9946311712265,40.748175434676654],[-73.99464726448059,40.74815105063158],[-73.99486184120178,40.74824045875317],[-73.99487793445587,40.74821607473194],[-73.99489402770996,40.748224202740005],[-73.99503350257874,40.748037258302986],[-73.99464190006256,40.74787063347051],[-73.99450242519379,40.748065706403395]]]}},{"type":"Feature","properties":{"id":"94329d58-e8a8-429d-94ba-afa24c2fbf8b","height":16.1,"subtype":null,"class":null},"geometry":{"type":"Polygon","coordinates":[[[-73.99792492389679,40.75011393765001],[-73.99784982204437,40.750085490425846],[-73.9977639913559,40.750203343132455],[-73.99783372879028,40.7502317903062],[-73.99792492389679,40.75011393765001]]]}},{"type":"Feature","properties":{"id":"75231bc4-d0ba-49cc-887b-24c288c91146","height":17.1,"subtype":null,"class":null},"geometry":{"type":"Polygon","coordinates":[[[-73.99855256080627,40.747321987778804],[-73.99863302707672,40.74735856429908],[-73.99874567985535,40.747204129965525],[-73.9986652135849,40.7471675533603],[-73.99855256080627,40.747321987778804]]]}},{"type":"Feature","properties":{"id":"a81f017c-a1a2-4d3c-982c-fcd0ab69f7d8","height":19.6,"subtype":null,"class":null},"geometry":{"type":"Polygon","coordinates":[[[-74.00243103504181,40.750508133646434],[-74.00242567062378,40.7505000059175],[-74.00235056877136,40.750467494991966],[-74.00231301784515,40.75052438910126],[-74.00258660316467,40.75063817717387],[-74.00262951850891,40.75058128316189],[-74.00254905223846,40.75054877227606],[-74.0025383234024,40.750556899999],[-74.00243103504181,40.750508133646434]]]}},{"type":"Feature","properties":{"id":"c3e3e1cd-bede-48fd-9712-176af0b5d227","height":19.4,"subtype":null,"class":null},"geometry":{"type":"Polygon","coordinates":[[[-73.99720072746277,40.75031306787844],[-73.99718999862671,40.75030494012566],[-73.99715781211853,40.750357770500784],[-73.9972597360611,40.75040247309312],[-73.9972972869873,40.75034964275349],[-73.99728655815125,40.75034557887949],[-73.99734020233154,40.75026836522599],[-73.99732410907745,40.75026023746776],[-73.99733483791351,40.75024398194839],[-73.99735629558563,40.750252109708555],[-73.99739921092987,40.750191151482824],[-73.9973133802414,40.75015457652057],[-73.99726510047913,40.7502195986618],[-73.99727582931519,40.75022772642498],[-73.99723291397095,40.75026836522599],[-73.99722754955292,40.750264301347016],[-73.99720072746277,40.75031306787844]]]}},{"type":"Feature","properties":{"id":"524442ea-e24b-47c6-b5aa-3bd5284747b4","height":3.7,"subtype":null,"class":null},"geometry":{"type":"Polygon","coordinates":[[[-74.00301575660706,40.74866311370067],[-74.00295674800873,40.748638729834425],[-74.00288701057434,40.748732201273185],[-74.00294601917267,40.748756585105184],[-74.00301575660706,40.74866311370067]]]}},{"type":"Feature","properties":{"id":"1173132e-50de-4fdd-9cbd-16fb88b9710b","height":11.8,"subtype":null,"class":null},"geometry":{"type":"Polygon","coordinates":[[[-74.00293529033661,40.748175434676654],[-74.00286555290222,40.74815105063158],[-74.00277435779572,40.7482810987687],[-74.00281190872192,40.74829735476797],[-74.00283336639404,40.7482729707676],[-74.00285482406616,40.7482810987687],[-74.00293529033661,40.748175434676654]]]}},{"type":"Feature","properties":{"id":"b92346df-8f8c-4e14-abfd-62209bdc099d","height":59.3,"subtype":"residential","class":"apartments"},"geometry":{"type":"Polygon","coordinates":[[[-73.99773716926575,40.74894759147972],[-73.99779617786407,40.74887037620286],[-73.99762451648712,40.74879722480529],[-73.99761378765106,40.74882160861341],[-73.99764597415924,40.74883380051415],[-73.99758696556091,40.748915079795125],[-73.99757087230682,40.74891101583344],[-73.99756014347076,40.748927271678696],[-73.99744212627411,40.74887850413097],[-73.99736166000366,40.748988231063066],[-73.9975118637085,40.74905325434483],[-73.9974957704544,40.74906951015532],[-73.9975118637085,40.74907763805905],[-73.99746358394623,40.749146725200916],[-73.99757623672485,40.74919549255196],[-73.99762988090515,40.74912234151199],[-73.99764060974121,40.749130469409295],[-73.99765133857727,40.749110149664176],[-73.9977639913559,40.749158917042024],[-73.99784982204437,40.74904919039156],[-73.99769961833954,40.748984167105874],[-73.99773180484772,40.74894352752],[-73.99773716926575,40.74894759147972]]]}},{"type":"Feature","properties":{"id":"f82d5d1f-1fc5-4da0-b99b-6f387f3d97f6","height":6.3,"subtype":null,"class":null},"geometry":{"type":"Polygon","coordinates":[[[-73.99450778961182,40.7499107429247],[-73.99447023868561,40.74996357361297],[-73.99478137493134,40.750093618205426],[-73.99481892585754,40.75004078762041],[-73.99450778961182,40.7499107429247]]]}},{"type":"Feature","properties":{"id":"87d4eedb-d2bd-4c56-9c1b-e7bfea3ec07c","height":14.8,"subtype":"residential","class":"apartments"},"geometry":{"type":"Polygon","coordinates":[[[-74.00094509124756,40.747447973486146],[-74.00086462497711,40.747415461068385],[-74.00081634521484,40.747476421838655],[-74.00097727775574,40.74754144659866],[-74.001025557518,40.74748048588802],[-74.00094509124756,40.747447973486146]]]}},{"type":"Feature","properties":{"id":"8f00e870-b888-476c-9d5d-a406c2623956","height":23,"subtype":null,"class":null},"geometry":{"type":"Polygon","coordinates":[[[-73.99930357933044,40.750451239523215],[-74.00132060050964,40.75130058244443],[-74.00165855884552,40.75083324198812],[-73.99914264678955,40.74977257015678],[-73.99880468845367,40.75023991806788],[-73.99930357933044,40.750451239523215]]]}},{"type":"Feature","properties":{"id":"e2f733ca-8e42-4360-aaca-09c7790a58cd","height":16.7,"subtype":null,"class":null},"geometry":{"type":"Polygon","coordinates":[[[-73.996342420578,40.74941494518896],[-73.99627804756165,40.749382433732876],[-73.99616539478302,40.74953279908402],[-73.99623513221741,40.74956531046658],[-73.996342420578,40.74941494518896]]]}},{"type":"Feature","properties":{"id":"bda79ad9-8a8b-45e8-a5a7-f09b04f12df8","height":27.8,"subtype":"residential","class":"dormitory"},"geometry":{"type":"Polygon","coordinates":[[[-73.99510860443115,40.74699686227001],[-73.99509787559509,40.74699686227001],[-73.99510860443115,40.747000926348704],[-73.99510860443115,40.74699686227001]]]}},{"type":"Feature","properties":{"id":"cf1d59f9-a5c3-4ad7-bfc4-28b099ab8484","height":21.6,"subtype":null,"class":null},"geometry":{"type":"Polygon","coordinates":[[[-73.99804294109344,40.7501220654261],[-73.9980161190033,40.75010987376157],[-73.99786591529846,40.75031306787844],[-73.9979088306427,40.75032932338095],[-73.997962474823,40.7502561735883],[-73.99798929691315,40.75026836522599],[-73.99809122085571,40.750130193201215],[-73.99805903434753,40.7501180015382],[-73.99804294109344,40.7501220654261]]]}},{"type":"Feature","properties":{"id":"9ab3fd10-cdf1-4bbd-9bd3-31f8a812732a","height":18.4,"subtype":null,"class":null},"geometry":{"type":"Polygon","coordinates":[[[-74.00332152843475,40.74837457071018],[-74.00327324867249,40.74835018673812],[-74.00322496891022,40.748411146651506],[-74.00339126586914,40.74848023448578],[-74.00343418121338,40.74841927463572],[-74.00332152843475,40.74837457071018]]]}},{"type":"Feature","properties":{"id":"6332af54-11f8-4cea-9dfb-c0bbf97ec1e5","height":12.9,"subtype":null,"class":null},"geometry":{"type":"Polygon","coordinates":[[[-73.99827897548676,40.74699686227001],[-73.99802684783936,40.74699686227001],[-73.99790346622467,40.74717161742856],[-73.9982682466507,40.747321987778804],[-73.99837017059326,40.74718380963179],[-73.99848282337189,40.74722851435783],[-73.99856328964233,40.74711472045061],[-73.99827897548676,40.74699686227001]]]}},{"type":"Feature","properties":{"id":"580f3284-20ec-42b7-aff8-c778d1099df9","height":7,"subtype":null,"class":null},"geometry":{"type":"Polygon","coordinates":[[[-74.00128841400146,40.74767555996536],[-74.00121331214905,40.7476430476589],[-74.00117039680481,40.7476999441848],[-74.00125086307526,40.747732456463496],[-74.00128841400146,40.74767555996536]]]}},{"type":"Feature","properties":{"id":"637aaa18-1f98-4f60-8129-fc06670c2350","height":13,"subtype":null,"class":null},"geometry":{"type":"Polygon","coordinates":[[[-73.99626195430756,40.75018708759913],[-73.99618148803711,40.75015457652057],[-73.9960902929306,40.75027649298323],[-73.99617075920105,40.75031306787844],[-73.99626195430756,40.75018708759913]]]}},{"type":"Feature","properties":{"id":"600859de-9ac6-4967-813b-0d78c5fdbe5f","height":6.2,"subtype":"commercial","class":"commercial"},"geometry":{"type":"Polygon","coordinates":[[[-74.00202333927155,40.75157692134283],[-74.00213599205017,40.75162568691158],[-74.00229692459106,40.75140217776118],[-74.00216817855835,40.751349348215825],[-74.0020340681076,40.75153221954008],[-74.0020501613617,40.75154034714279],[-74.00202333927155,40.75157692134283]]]}},{"type":"Feature","properties":{"id":"4fe8f17c-1505-4c27-9e39-0ae1442ed3d9","height":21.4,"subtype":"religious","class":null},"geometry":{"type":"Polygon","coordinates":[[[-73.99897634983063,40.74727728311561],[-73.99881541728973,40.747512998273976],[-73.99898707866669,40.74758615108428],[-73.99901926517487,40.74754144659866],[-73.99902999401093,40.74754551064402],[-73.9991694688797,40.74735856429908],[-73.99897634983063,40.74727728311561]]]}},{"type":"Feature","properties":{"id":"ee28a292-a8e9-45bc-9a20-11c15ecc2543","height":25.7,"subtype":null,"class":null},"geometry":{"type":"Polygon","coordinates":[[[-74.00257050991058,40.75201987394581],[-74.00240421295166,40.751950789789106],[-74.0022486448288,40.752162105807116],[-74.00240957736969,40.75222712598523],[-74.00257050991058,40.75201987394581]]]}},{"type":"Feature","properties":{"id":"a675b476-1702-4907-85af-d9ab9407e322","height":15.3,"subtype":null,"class":null},"geometry":{"type":"Polygon","coordinates":[[[-73.99585425853729,40.74918330071753],[-73.995800614357,40.74925645169043],[-73.99598836898804,40.74933773045481],[-73.99604201316833,40.74926457957133],[-73.99585425853729,40.74918330071753]]]}},{"type":"Feature","properties":{"id":"8587fef9-5a6b-4384-9c57-0b47321a9094","height":27,"subtype":null,"class":null},"geometry":{"type":"Polygon","coordinates":[[[-73.99591863155365,40.7470537593488],[-73.9958918094635,40.74709033601661],[-73.9960366487503,40.747151297084855],[-73.9960366487503,40.747143168945684],[-73.9960902929306,40.7471675533603],[-73.99621367454529,40.74699686227001],[-73.99596154689789,40.74699686227001],[-73.99591863155365,40.7470537593488]]]}},{"type":"Feature","properties":{"id":"6acedea7-6a42-48c4-bbaf-33b320092c45","height":5.4,"subtype":null,"class":null},"geometry":{"type":"Polygon","coordinates":[[[-73.99537682533264,40.74928489926927],[-73.99506032466888,40.74915078914819],[-73.99502277374268,40.74919955649625],[-73.99533927440643,40.74932960258286],[-73.99537682533264,40.74928489926927]]]}},{"type":"Feature","properties":{"id":"617b96c4-5bbf-438e-a3ed-5662e3509ad9","height":18,"subtype":null,"class":null},"geometry":{"type":"Polygon","coordinates":[[[-74.00143325328827,40.747907209689004],[-74.0012776851654,40.74784218528666],[-74.00115966796875,40.748004746173336],[-74.00131523609161,40.74806977041675],[-74.00143325328827,40.747907209689004]]]}},{"type":"Feature","properties":{"id":"b1922a40-64a1-4d93-a08c-5c59fb12840e","height":83.5,"subtype":null,"class":null},"geometry":{"type":"Polygon","coordinates":[[[-73.99530172348022,40.74851681036898],[-73.99550020694733,40.7482323307471],[-73.99503350257874,40.748037258302986],[-73.99470627307892,40.74851274638297],[-73.99515688419342,40.7487037534579],[-73.9952963590622,40.74851274638297],[-73.99530172348022,40.74851681036898]]]}},{"type":"Feature","properties":{"id":"29565423-0ff8-4a5f-8127-f69cb5da77db","height":12.3,"subtype":null,"class":null},"geometry":{"type":"Polygon","coordinates":[[[-74.00304794311523,40.74867530563046],[-74.00301575660706,40.74866311370067],[-74.00298357009888,40.74870781743226],[-74.00316596031189,40.74878909686723],[-74.0032035112381,40.74874032921815],[-74.00304794311523,40.74867530563046]]]}},{"type":"Feature","properties":{"id":"6ef9eff3-699f-48ca-a8e5-6f948a308111","height":11.2,"subtype":null,"class":null},"geometry":{"type":"Polygon","coordinates":[[[-73.99735629558563,40.750784475838174],[-73.99729192256927,40.750877944260765],[-73.99733483791351,40.75089419962521],[-73.99739921092987,40.75080885891762],[-73.99740993976593,40.75081698660878],[-73.99749040603638,40.75070319884219],[-73.99743139743805,40.750678815724],[-73.99735629558563,40.750784475838174]]]}},{"type":"Feature","properties":{"id":"015f3d6e-e190-4f97-abf8-def7e5cdbcf9","height":15.6,"subtype":null,"class":null},"geometry":{"type":"Polygon","coordinates":[[[-74.00327324867249,40.74835018673812],[-74.00332152843475,40.74837457071018],[-74.00336444377899,40.74831361076323],[-74.0033107995987,40.748293290768515],[-74.00327324867249,40.74835018673812]]]}},{"type":"Feature","properties":{"id":"28398890-3ac1-41cf-b7d0-e308f78103ee","height":11.9,"subtype":null,"class":null},"geometry":{"type":"Polygon","coordinates":[[[-73.99788737297058,40.750504069782096],[-73.99782299995422,40.75047562272482],[-73.99773716926575,40.75058941088088],[-73.99780690670013,40.75061785788944],[-73.99788737297058,40.750504069782096]]]}},{"type":"Feature","properties":{"id":"777b00f2-db2a-4530-b2ec-a2897518fd28","height":15.870587348937988,"subtype":"commercial","class":"commercial"},"geometry":{"type":"Polygon","coordinates":[[[-73.99578988552094,40.75208083049506],[-73.99578988552094,40.752076766726844],[-73.99674475193024,40.75248314231851],[-73.99739921092987,40.751585048940115],[-73.99629414081573,40.75111771048313],[-73.9962887763977,40.751125838136545],[-73.99608492851257,40.751036433894456],[-73.9960902929306,40.751028306230126],[-73.99594008922577,40.7509632848797],[-73.99593472480774,40.75096734871599],[-73.99521052837372,40.75066256030692],[-73.99522125720978,40.750650368741475],[-73.99504959583282,40.750577219302045],[-73.99503886699677,40.750593474739986],[-73.99503350257874,40.75058941088088],[-73.99495840072632,40.75068694343108],[-73.99496376514435,40.75069100728419],[-73.99445414543152,40.751394050141556],[-73.99444878101349,40.75138998633136],[-73.9943790435791,40.75148345390278],[-73.99438440799713,40.75148751770726],[-73.99437367916107,40.75150377292266],[-73.99455070495605,40.7515809851416],[-73.99456143379211,40.75156066614531],[-73.99543583393097,40.75193047090585],[-73.995441198349,40.75192234335077],[-73.99565041065216,40.752011746401706],[-73.99564504623413,40.75201987394581],[-73.99578988552094,40.75208083049506]]]}},{"type":"Feature","properties":{"id":"20f6b5e4-262b-4880-bb33-a5d2a2da9f05","height":11.6,"subtype":null,"class":null},"geometry":{"type":"Polygon","coordinates":[[[-73.99477064609528,40.74954092693113],[-73.99469017982483,40.74950841553667],[-73.99453997612,40.74971567540416],[-73.99461507797241,40.74974818669733],[-73.99477064609528,40.74954092693113]]]}},{"type":"Feature","properties":{"id":"6894b827-103a-4a84-9e09-84f0ab29a1af","height":15.9,"subtype":null,"class":null},"geometry":{"type":"Polygon","coordinates":[[[-73.9967393875122,40.74961814142935],[-73.99666965007782,40.74958969399307],[-73.99658381938934,40.749707547578424],[-73.99665355682373,40.74973599496428],[-73.9967393875122,40.74961814142935]]]}},{"type":"Feature","properties":{"id":"1a8bfbdd-a8fd-4937-8282-e91728c99ed4","height":60.6,"subtype":null,"class":null},"geometry":{"type":"Polygon","coordinates":[[[-73.9948296546936,40.7487606490763],[-73.99465799331665,40.74899635897677],[-73.99481356143951,40.749061382250545],[-73.99498522281647,40.74882567258058],[-73.9948296546936,40.7487606490763]]]}},{"type":"Feature","properties":{"id":"8b4dc440-a675-45ea-88bf-55c32f1b8b07","height":19.3,"subtype":null,"class":null},"geometry":{"type":"Polygon","coordinates":[[[-74.00206625461578,40.74802913027207],[-74.00207698345184,40.74803319428764],[-74.0020501613617,40.74806977041675],[-74.0021950006485,40.74813073058721],[-74.00225937366486,40.748037258302986],[-74.0022486448288,40.74803319428764],[-74.00226473808289,40.748004746173336],[-74.00228083133698,40.748012874207234],[-74.00237202644348,40.74789095359438],[-74.00221645832062,40.747825929176116],[-74.00216817855835,40.74788688957011],[-74.00217354297638,40.74789501761839],[-74.00215744972229,40.74791940175737],[-74.00214672088623,40.74791533773481],[-74.00212526321411,40.7479437858874],[-74.0021413564682,40.747951913928745],[-74.00212526321411,40.74798036206565],[-74.00210916996002,40.7479722340278],[-74.00206625461578,40.74802913027207]]]}},{"type":"Feature","properties":{"id":"7f2dc53f-2b31-4e3c-b79c-7eec81de86dc","height":14.2,"subtype":null,"class":null},"geometry":{"type":"Polygon","coordinates":[[[-73.99760842323303,40.75074790120229],[-73.9975494146347,40.7507235181005],[-73.99744749069214,40.75086168889237],[-73.99750649929047,40.750886071943484],[-73.99760842323303,40.75074790120229]]]}},{"type":"Feature","properties":{"id":"200cb67c-1d20-4eb6-9e40-5a2b9ba8c2a8","height":21.6,"subtype":null,"class":null},"geometry":{"type":"Polygon","coordinates":[[[-74.00323033332825,40.74699686227001],[-74.00312304496765,40.74699686227001],[-74.00306940078735,40.74707001564806],[-74.0031498670578,40.747102528234706],[-74.00323033332825,40.74699686227001]]]}},{"type":"Feature","properties":{"id":"bb98bd05-81f0-4b60-a108-59d784f60b70","height":19.7,"subtype":null,"class":null},"geometry":{"type":"Polygon","coordinates":[[[-73.99552166461945,40.74855338623209],[-73.99548411369324,40.748610281979154],[-73.99577379226685,40.748732201273185],[-73.99581670761108,40.74867936960655],[-73.99552166461945,40.74855338623209]]]}},{"type":"Feature","properties":{"id":"0f3dd974-618a-4c6d-b120-244e0f7261ce","height":12.6,"subtype":null,"class":null},"geometry":{"type":"Polygon","coordinates":[[[-74.00272607803345,40.748520874354796],[-74.00266170501709,40.748492426449104],[-74.00258123874664,40.74860215401827],[-74.002645611763,40.74863060187701],[-74.00272607803345,40.748520874354796]]]}},{"type":"Feature","properties":{"id":"0243810b-9b82-4e0b-aabc-f79b497f3c27","height":7.1,"subtype":null,"class":null},"geometry":{"type":"Polygon","coordinates":[[[-73.99527490139008,40.74998389309732],[-73.99523198604584,40.75004485151305],[-73.99551093578339,40.75016676817688],[-73.99555385112762,40.750105809872935],[-73.99527490139008,40.74998389309732]]]}},{"type":"Feature","properties":{"id":"59080de8-c705-4a50-88b0-e9ccff921c02","height":16.1,"subtype":null,"class":null},"geometry":{"type":"Polygon","coordinates":[[[-73.99818778038025,40.75023585418717],[-73.99815022945404,40.75028462073945],[-73.99831116199493,40.75034964275349],[-73.99834334850311,40.75030087624893],[-73.99818778038025,40.75023585418717]]]}},{"type":"Feature","properties":{"id":"0c4b331c-0140-42c8-89f4-69886f355f0b","height":36.5,"subtype":"residential","class":"apartments"},"geometry":{"type":"Polygon","coordinates":[[[-73.99703979492188,40.74699686227001],[-73.9968466758728,40.74699686227001],[-73.99699687957764,40.74705782342397],[-73.99703979492188,40.74699686227001]]]}},{"type":"Feature","properties":{"id":"dfdcaf50-57be-47d2-b211-c55f727132a8","height":17.6,"subtype":null,"class":null},"geometry":{"type":"Polygon","coordinates":[[[-74.0009343624115,40.747602407253396],[-74.0007734298706,40.747533318507124],[-74.00073051452637,40.74759427916936],[-74.00099337100983,40.747704008220495],[-74.00103628635406,40.7476430476589],[-74.0009343624115,40.747602407253396]]]}},{"type":"Feature","properties":{"id":"8e1513df-91d8-425c-b6e6-a29a8ab44663","height":10.8,"subtype":null,"class":null},"geometry":{"type":"Polygon","coordinates":[[[-74.00313377380371,40.74826077876406],[-74.00306940078735,40.7482323307471],[-74.00296211242676,40.748378634704665],[-74.0029889345169,40.74838676269286],[-74.00301575660706,40.74835018673812],[-74.00305330753326,40.74836644272048],[-74.00313377380371,40.74826077876406]]]}},{"type":"Feature","properties":{"id":"817b55f5-1ba8-487c-bfe1-2ea6e6780f11","height":15.7,"subtype":null,"class":null},"geometry":{"type":"Polygon","coordinates":[[[-73.99764597415924,40.749996084784925],[-73.99757623672485,40.749967637510366],[-73.99747967720032,40.75009768209483],[-73.9975494146347,40.7501261293138],[-73.99764597415924,40.749996084784925]]]}},{"type":"Feature","properties":{"id":"e5d54804-1cb8-42fd-9fc9-332d8fa8f189","height":12.9,"subtype":null,"class":null},"geometry":{"type":"Polygon","coordinates":[[[-74.0027904510498,40.748545258264244],[-74.00272607803345,40.748520874354796],[-74.002645611763,40.74863060187701],[-74.00270462036133,40.74865498574624],[-74.0027904510498,40.748545258264244]]]}},{"type":"Feature","properties":{"id":"58f72242-ea6f-4dd4-b720-827f7d972bcb","height":10.9,"subtype":null,"class":null},"geometry":{"type":"Polygon","coordinates":[[[-73.99676620960236,40.74737075646803],[-73.99644434452057,40.74723664248663],[-73.99640142917633,40.74729353936024],[-73.99672329425812,40.74742765322691],[-73.99676620960236,40.74737075646803]]]}},{"type":"Feature","properties":{"id":"1bcf5a1b-9acc-4136-9bb2-f5a9efa54545","height":4,"subtype":null,"class":null},"geometry":{"type":"Polygon","coordinates":[[[-74.002286195755,40.75090232730594],[-74.00232374668121,40.75084543352],[-74.002286195755,40.75082511429895],[-74.00224328041077,40.75088200810225],[-74.002286195755,40.75090232730594]]]}},{"type":"Feature","properties":{"id":"7d1ea63c-5092-4bfb-a4f8-dd7d19e61218","height":19.1,"subtype":"residential","class":"apartments"},"geometry":{"type":"Polygon","coordinates":[[[-73.99690568447113,40.749634397101744],[-73.9968466758728,40.74961001359165],[-73.99672329425812,40.74977257015678],[-73.99678766727448,40.74980101751481],[-73.99690568447113,40.749634397101744]]]}},{"type":"Feature","properties":{"id":"5cc2d071-67ad-4e37-a9af-2ed5cf5e86e1","height":22.4,"subtype":null,"class":null},"geometry":{"type":"Polygon","coordinates":[[[-74.00301575660706,40.75040247309312],[-74.00325179100037,40.7505000059175],[-74.00340735912323,40.7502886846172],[-74.00323033332825,40.75021553477984],[-74.00324642658234,40.750191151482824],[-74.00321424007416,40.750178959830976],[-74.0032035112381,40.7501992792495],[-74.00317132472992,40.75018708759913],[-74.00301575660706,40.75040247309312]]]}},{"type":"Feature","properties":{"id":"6e80fcb1-8e5d-4103-ba55-f3608b668816","height":11.748089790344238,"subtype":null,"class":null},"geometry":{"type":"Polygon","coordinates":[[[-74.00152444839478,40.749528735160084],[-74.00126695632935,40.74941900911986],[-74.0011328458786,40.74960188575298],[-74.00117039680481,40.74961814142935],[-74.00118112564087,40.74964252493646],[-74.00115966796875,40.74967503626539],[-74.00161564350128,40.749870103905096],[-74.00171220302582,40.74974005887552],[-74.00167465209961,40.74972380322896],[-74.0016907453537,40.749699419751664],[-74.0016907453537,40.749553118699964],[-74.00166928768158,40.74952060731147],[-74.00162100791931,40.74950435161125],[-74.00159955024719,40.74950435161125],[-74.00156199932098,40.74951247946183],[-74.0015298128128,40.74954092693113],[-74.00151908397675,40.749536863007705],[-74.00152444839478,40.749528735160084]]]}},{"type":"Feature","properties":{"id":"360ae34d-96ef-468f-a461-03f31e8670a9","height":23.9,"subtype":null,"class":null},"geometry":{"type":"Polygon","coordinates":[[[-73.99524807929993,40.74863060187701],[-73.99522125720978,40.74861840993904],[-73.99515688419342,40.7487037534579],[-73.995441198349,40.74882567258058],[-73.99550557136536,40.74873626524578],[-73.9954948425293,40.748732201273185],[-73.9955484867096,40.74865498574624],[-73.99529099464417,40.748549322248294],[-73.99527490139008,40.74857777012966],[-73.99528563022614,40.74858183411172],[-73.99524807929993,40.74863060187701]]]}},{"type":"Feature","properties":{"id":"95d76d88-c1f0-42c9-953e-e7a89ec5753b","height":34,"subtype":null,"class":null},"geometry":{"type":"Polygon","coordinates":[[[-74.00353074073792,40.75040247309312],[-74.00337517261505,40.75033745113072],[-74.00326251983643,40.75048375045671],[-74.00342345237732,40.75055283613764],[-74.00353074073792,40.75040247309312]]]}},{"type":"Feature","properties":{"id":"b6b30efa-a530-4bad-887d-7f1d8a0fb959","height":15.7,"subtype":null,"class":null},"geometry":{"type":"Polygon","coordinates":[[[-73.99750649929047,40.749939190223614],[-73.99743676185608,40.7499107429247],[-73.99734020233154,40.75004078762041],[-73.99740993976593,40.7500692348637],[-73.99750649929047,40.749939190223614]]]}},{"type":"Feature","properties":{"id":"c315f138-878a-4ddd-bea5-08d55f6f95cb","height":45.4,"subtype":null,"class":null},"geometry":{"type":"Polygon","coordinates":[[[-74.00054275989532,40.74824452275584],[-74.00031208992004,40.7481469866232],[-74.00012969970703,40.748390826686574],[-74.00045692920685,40.748529002325625],[-74.00061249732971,40.74832580275711],[-74.00051593780518,40.748285162768894],[-74.00054275989532,40.74824452275584]]]}},{"type":"Feature","properties":{"id":"52ddcc05-81fb-49fc-89a2-18b5c0c9d3d7","height":15.9,"subtype":null,"class":null},"geometry":{"type":"Polygon","coordinates":[[[-73.9963960647583,40.74946777627119],[-73.99632632732391,40.74943932877062],[-73.99622976779938,40.7495693743883],[-73.99629950523376,40.74959782183328],[-73.9963960647583,40.74946777627119]]]}},{"type":"Feature","properties":{"id":"f64a920a-28c7-4b08-acf8-4b543b362bb6","height":14,"subtype":null,"class":null},"geometry":{"type":"Polygon","coordinates":[[[-73.99820387363434,40.75049594205268],[-73.99824142456055,40.75044311178735],[-73.99811804294586,40.75039028148004],[-73.99811267852783,40.75039840922233],[-73.99804830551147,40.75036996211986],[-73.9980161190033,40.75041466470398],[-73.99820387363434,40.75049594205268]]]}},{"type":"Feature","properties":{"id":"2e7113ea-6ffd-410e-b8fc-03518996cff2","height":48,"subtype":null,"class":null},"geometry":{"type":"Polygon","coordinates":[[[-74.00231301784515,40.75052438910126],[-74.00213599205017,40.75076415659851],[-74.0024471282959,40.75089419962521],[-74.00261878967285,40.75065443259689],[-74.00231301784515,40.75052438910126]]]}},{"type":"Feature","properties":{"id":"ca22b283-284f-4005-972a-6a8eaad4124c","height":12.3,"subtype":null,"class":null},"geometry":{"type":"Polygon","coordinates":[[[-74.00342345237732,40.74996357361297],[-74.00326788425446,40.75018302371518],[-74.0033483505249,40.75021553477984],[-74.00350391864777,40.749996084784925],[-74.00342345237732,40.74996357361297]]]}},{"type":"Feature","properties":{"id":"7be05668-a041-489c-9914-12147f51cf44","height":10.1,"subtype":null,"class":null},"geometry":{"type":"Polygon","coordinates":[[[-73.9948296546936,40.7487606490763],[-73.99475991725922,40.748728137300304],[-73.99458825588226,40.74896791127452],[-73.99465799331665,40.74899635897677],[-73.9948296546936,40.7487606490763]]]}},{"type":"Feature","properties":{"id":"b5e9d6f6-081b-4fe2-b7ef-9bb4c6458120","height":19.6,"subtype":null,"class":null},"geometry":{"type":"Polygon","coordinates":[[[-74.00204479694366,40.7479437858874],[-74.00202870368958,40.747939721866345],[-74.00198578834534,40.747996618138444],[-74.00205552577972,40.74802506625622],[-74.00209844112396,40.74796817000848],[-74.0020877122879,40.7479641059889],[-74.00210916996002,40.747939721866345],[-74.00212526321411,40.7479437858874],[-74.00215208530426,40.74791127371205],[-74.0021413564682,40.74790314566573],[-74.00215744972229,40.74788282554556],[-74.00216817855835,40.74788688957011],[-74.00221109390259,40.747829993204135],[-74.00213062763214,40.747797480973134],[-74.0020877122879,40.747854377366934],[-74.00209844112396,40.74785844139319],[-74.00208234786987,40.74787876152078],[-74.00207698345184,40.747874697495774],[-74.0020501613617,40.74791127371205],[-74.00206625461578,40.74791533773481],[-74.00204479694366,40.7479437858874]]]}},{"type":"Feature","properties":{"id":"77b35899-1594-493e-befd-96163326c783","height":15.4,"subtype":null,"class":null},"geometry":{"type":"Polygon","coordinates":[[[-73.99736166000366,40.74988229561359],[-73.9972972869873,40.749849784386015],[-73.9972060918808,40.749971701407475],[-73.99727582931519,40.75000014868033],[-73.99736166000366,40.74988229561359]]]}},{"type":"Feature","properties":{"id":"c6b3ce1e-4bec-4773-a209-55783ace423d","height":3.8,"subtype":null,"class":null},"geometry":{"type":"Polygon","coordinates":[[[-74.00182485580444,40.74943120091106],[-74.0017980337143,40.74942307305051],[-74.00177121162415,40.74943120091106],[-74.00177121162415,40.74949215983344],[-74.0017980337143,40.74950435161125],[-74.00183022022247,40.74949215983344],[-74.00182485580444,40.74943120091106]]]}},{"type":"Feature","properties":{"id":"63219f11-673a-4ade-9f38-71d2fd4fcf07","height":72.6,"subtype":null,"class":null},"geometry":{"type":"Polygon","coordinates":[[[-73.99744212627411,40.750979540223256],[-73.99705588817596,40.75081698660878],[-73.99688422679901,40.751048625389075],[-73.99758160114288,40.75134528440293],[-73.99775326251984,40.75110958282875],[-73.99744212627411,40.750979540223256]]]}},{"type":"Feature","properties":{"id":"ccd14d12-4f18-4ec6-8f3d-1ce215ddf772","height":12.8,"subtype":null,"class":null},"geometry":{"type":"Polygon","coordinates":[[[-73.99633705615997,40.7502195986618],[-73.99626195430756,40.75018708759913],[-73.99617075920105,40.75031306787844],[-73.99624586105347,40.75034151500523],[-73.99633705615997,40.7502195986618]]]}},{"type":"Feature","properties":{"id":"d8ceaa0a-9abc-4fea-845b-f4d115c80691","height":4.1,"subtype":null,"class":null},"geometry":{"type":"Polygon","coordinates":[[[-73.9981609582901,40.75016270429171],[-73.99812340736389,40.750211470897625],[-73.99834334850311,40.75030087624893],[-73.99838089942932,40.750252109708555],[-73.9981609582901,40.75016270429171]]]}},{"type":"Feature","properties":{"id":"277f1cdf-6e79-4367-bfda-a1008e2e7ca5","height":13,"subtype":null,"class":null},"geometry":{"type":"Polygon","coordinates":[[[-74.00297820568085,40.74860621799883],[-74.00291919708252,40.74858183411172],[-74.00282800197601,40.74870781743226],[-74.00288701057434,40.748732201273185],[-74.00297820568085,40.74860621799883]]]}},{"type":"Feature","properties":{"id":"21e6ce72-f77b-4f46-844c-b42cc2ad289b","height":14.6,"subtype":"commercial","class":"hotel"},"geometry":{"type":"Polygon","coordinates":[[[-73.99562358856201,40.749898551221406],[-73.99558067321777,40.74995950971538],[-73.99567723274231,40.75000014868033],[-73.99572014808655,40.749939190223614],[-73.99562358856201,40.749898551221406]]]}},{"type":"Feature","properties":{"id":"16ae104c-df61-419a-bd4a-f027adfb7ac3","height":8,"subtype":null,"class":null},"geometry":{"type":"Polygon","coordinates":[[[-74.00313377380371,40.75064630488586],[-74.00306403636932,40.750613794031835],[-74.00289237499237,40.750849497363475],[-74.00296747684479,40.75088200810225],[-74.00313377380371,40.75064630488586]]]}},{"type":"Feature","properties":{"id":"a4728a71-4e7a-440c-90fd-63221fa549fd","height":10,"subtype":null,"class":null},"geometry":{"type":"Polygon","coordinates":[[[-74.00236666202545,40.747492678034604],[-74.0025007724762,40.747549574689174],[-74.00254368782043,40.74748861398601],[-74.00255978107452,40.74749674208297],[-74.00260806083679,40.74742765322691],[-74.0025919675827,40.74742358917433],[-74.00263488292694,40.74736669241196],[-74.00249004364014,40.747305731541104],[-74.00237202644348,40.74746829373916],[-74.00238275527954,40.747472357789036],[-74.00236666202545,40.747492678034604]]]}},{"type":"Feature","properties":{"id":"54b78e32-a00c-4c8e-870b-a1279c6835ba","height":58.8,"subtype":null,"class":null},"geometry":{"type":"Polygon","coordinates":[[[-73.99580597877502,40.7470537593488],[-73.99574160575867,40.747029374892435],[-73.99556994438171,40.74726509092949],[-73.99579524993896,40.74735856429908],[-73.99596691131592,40.74712284859328],[-73.99580597877502,40.7470537593488]]]}},{"type":"Feature","properties":{"id":"7ece8aa4-6897-4e4a-b806-d0c131c525f5","height":41.1,"subtype":null,"class":null},"geometry":{"type":"Polygon","coordinates":[[[-73.99757087230682,40.750796667379035],[-73.99747967720032,40.75093483801891],[-73.99778544902802,40.751064880711795],[-73.99792492389679,40.75087388041905],[-73.99760842323303,40.75074383735259],[-73.99757087230682,40.750796667379035]]]}},{"type":"Feature","properties":{"id":"25f7675b-96b4-4984-8ff6-55bffc04364f","height":7.1,"subtype":null,"class":null},"geometry":{"type":"Polygon","coordinates":[[[-74.00240421295166,40.751950789789106],[-74.00232374668121,40.75191827957289],[-74.00215208530426,40.752153978280376],[-74.0022325515747,40.75218648838134],[-74.00240421295166,40.751950789789106]]]}},{"type":"Feature","properties":{"id":"df4c28b9-bb8b-4978-8778-7b3471a7d78c","height":12.8,"subtype":null,"class":null},"geometry":{"type":"Polygon","coordinates":[[[-73.99564504623413,40.74891101583344],[-73.99567723274231,40.74886631223845],[-73.99547338485718,40.748776904958305],[-73.995441198349,40.74882567258058],[-73.99564504623413,40.74891101583344]]]}},{"type":"Feature","properties":{"id":"bf2fa5a3-cef5-4e3b-a10e-df35bf4165f0","height":21.1,"subtype":null,"class":null},"geometry":{"type":"Polygon","coordinates":[[[-74.00197505950928,40.74772839242951],[-74.00189459323883,40.747695880148854],[-74.00185167789459,40.74775277662957],[-74.00186240673065,40.747760904694275],[-74.00184631347656,40.747777160820704],[-74.0018355846405,40.747773096789444],[-74.00180876255035,40.747809673061596],[-74.00183022022247,40.74781780111937],[-74.00180876255035,40.74784624931365],[-74.0017980337143,40.74784218528666],[-74.00175511837006,40.7478990816422],[-74.00180876255035,40.74792346577965],[-74.00187313556671,40.747838121259406],[-74.00188386440277,40.74784218528666],[-74.00197505950928,40.74772839242951]]]}},{"type":"Feature","properties":{"id":"4a1f3237-dc5d-4e15-afcd-abc168a7b84f","height":21.5,"subtype":null,"class":null},"geometry":{"type":"Polygon","coordinates":[[[-74.00332152843475,40.74700499042709],[-74.00330543518066,40.74699686227001],[-74.00323033332825,40.74699686227001],[-74.0031498670578,40.747102528234706],[-74.00323033332825,40.74713504080549],[-74.00332152843475,40.74700499042709]]]}},{"type":"Feature","properties":{"id":"d55a4784-7053-4a60-a7c1-5c460b8f0c96","height":32.1,"subtype":"residential","class":"apartments"},"geometry":{"type":"Polygon","coordinates":[[[-74.00067687034607,40.749366177998866],[-74.0008270740509,40.74936211406478],[-74.00083780288696,40.74946777627119],[-74.00094509124756,40.74946371234327],[-74.00093972682953,40.74932147470989],[-74.00131523609161,40.749309282898594],[-74.00130987167358,40.74927677139084],[-74.00146543979645,40.74927270745124],[-74.00146007537842,40.74918330071753],[-74.00130987167358,40.74918736466262],[-74.00130450725555,40.74907763805905],[-74.00119185447693,40.749081702010585],[-74.00120258331299,40.74922800409942],[-74.00085389614105,40.74923613198379],[-74.00085389614105,40.74921581227099],[-74.0008270740509,40.74921581227099],[-74.0008270740509,40.749268643511414],[-74.00067150592804,40.74927677139084],[-74.00067687034607,40.749366177998866]]]}},{"type":"Feature","properties":{"id":"d5af1802-72e4-45e7-8381-7ff3e6236b73","height":4,"subtype":null,"class":null},"geometry":{"type":"Polygon","coordinates":[[[-74.00104701519012,40.747492678034604],[-74.001025557518,40.74748048588802],[-74.00097727775574,40.74754144659866],[-74.0011328458786,40.747606471295086],[-74.00117576122284,40.74754551064402],[-74.00104701519012,40.747492678034604]]]}},{"type":"Feature","properties":{"id":"148762ec-084a-4006-834f-4a334444821b","height":13.8,"subtype":null,"class":null},"geometry":{"type":"Polygon","coordinates":[[[-73.997603058815,40.750378089864654],[-73.99757623672485,40.75036589824708],[-73.99749040603638,40.7504878143223],[-73.99755477905273,40.75051219751052],[-73.99768888950348,40.7503252595057],[-73.99764060974121,40.75030494012566],[-73.997603058815,40.750357770500784],[-73.99761915206909,40.750361834374075],[-73.997603058815,40.750378089864654]]]}},{"type":"Feature","properties":{"id":"70ab7a99-08f4-4d5d-8413-026d6a0fac75","height":21.4,"subtype":null,"class":null},"geometry":{"type":"Polygon","coordinates":[[[-73.99666428565979,40.74984165657659],[-73.99631559848785,40.7496953558379],[-73.99615466594696,40.74991887072562],[-73.9965033531189,40.75006517097256],[-73.99666428565979,40.74984165657659]]]}},{"type":"Feature","properties":{"id":"49ac8211-dabd-46ac-adaf-2e2904ae6b79","height":11.7,"subtype":null,"class":null},"geometry":{"type":"Polygon","coordinates":[[[-73.99531781673431,40.74992699852555],[-73.99527490139008,40.74998389309732],[-73.99559140205383,40.7501220654261],[-73.99563431739807,40.750061107081166],[-73.99531781673431,40.74992699852555]]]}},{"type":"Feature","properties":{"id":"32f38121-26ce-43d3-b5de-59410dcb527e","height":14.6,"subtype":null,"class":null},"geometry":{"type":"Polygon","coordinates":[[[-73.9972060918808,40.75058128316189],[-73.99713099002838,40.75054877227606],[-73.99703979492188,40.75067475187009],[-73.99711489677429,40.750707262694334],[-73.9972060918808,40.75058128316189]]]}},{"type":"Feature","properties":{"id":"ca5b377e-0faa-49fb-b9ed-4ef5b94a10b4","height":12.8,"subtype":null,"class":null},"geometry":{"type":"Polygon","coordinates":[[[-73.9975494146347,40.75030900400216],[-73.9974957704544,40.75028462073945],[-73.99738311767578,40.75044311178735],[-73.99743676185608,40.75046343112513],[-73.9975494146347,40.75030900400216]]]}},{"type":"Feature","properties":{"id":"253efce0-df91-4e62-b7c1-5f70e2ee0420","height":11.3,"subtype":null,"class":null},"geometry":{"type":"Polygon","coordinates":[[[-73.99725437164307,40.750601602457465],[-73.9972060918808,40.75058128316189],[-73.99711489677429,40.750707262694334],[-73.99716317653656,40.75072758195142],[-73.99725437164307,40.750601602457465]]]}},{"type":"Feature","properties":{"id":"27b73bd0-c2a3-4bbd-9cf6-a46149549c76","height":10.7,"subtype":null,"class":null},"geometry":{"type":"Polygon","coordinates":[[[-74.00341272354126,40.75197923621528],[-74.00330007076263,40.75213772322391],[-74.00338590145111,40.75217023333286],[-74.00355756282806,40.75193453468299],[-74.00347173213959,40.751897960679685],[-74.00341272354126,40.75197923621528]]]}},{"type":"Feature","properties":{"id":"6bc7dd1c-5ce4-4801-8987-99c0f77641bc","height":8.304143905639648,"subtype":null,"class":null},"geometry":{"type":"Polygon","coordinates":[[[-73.99713099002838,40.747492678034604],[-73.99694859981537,40.747695880148854],[-73.99713099002838,40.74779341694315],[-73.99720072746277,40.747716200326124],[-73.99708807468414,40.74765523977567],[-73.99716317653656,40.7475739589548],[-73.99717926979065,40.747582087041366],[-73.99721682071686,40.74754144659866],[-73.99723291397095,40.747549574689174],[-73.99725437164307,40.74752519041462],[-73.99722218513489,40.7475089342266],[-73.99720072746277,40.747529254461],[-73.99713099002838,40.747492678034604]]]}},{"type":"Feature","properties":{"id":"b3437b4c-728a-40b5-941a-931ffb587804","height":11.5,"subtype":null,"class":null},"geometry":{"type":"Polygon","coordinates":[[[-73.99488866329193,40.7495856300726],[-73.99484038352966,40.749650652770185],[-73.99504959583282,40.74974005887552],[-73.99509251117706,40.74967910018037],[-73.99508714675903,40.74966690843465],[-73.99488866329193,40.7495856300726]]]}},{"type":"Feature","properties":{"id":"bbbc9d99-b246-4a25-aa1a-1c772167ea37","height":59.8,"subtype":null,"class":null},"geometry":{"type":"Polygon","coordinates":[[[-73.99760842323303,40.74708220786994],[-73.99753868579865,40.747179745564296],[-73.99768352508545,40.74724070655063],[-73.9977478981018,40.747151297084855],[-73.99777472019196,40.747163489291836],[-73.99778008460999,40.747151297084855],[-73.99788200855255,40.74719193776605],[-73.99794101715088,40.74711065637888],[-73.99784445762634,40.74706595157363],[-73.99784982204437,40.74705782342397],[-73.99782299995422,40.747045631197636],[-73.99786055088043,40.74699686227001],[-73.99748504161835,40.74699686227001],[-73.99747967720032,40.747000926348704],[-73.99755477905273,40.747029374892435],[-73.99753868579865,40.7470537593488],[-73.99760842323303,40.74708220786994]]]}},{"type":"Feature","properties":{"id":"c68e750e-a0a2-4c78-b838-30a7384e32a6","height":29.1,"subtype":null,"class":null},"geometry":{"type":"Polygon","coordinates":[[[-73.9960366487503,40.747151297084855],[-73.99596691131592,40.74712284859328],[-73.99579524993896,40.74735856429908],[-73.99587571620941,40.74739514079923],[-73.99603128433228,40.74718380963179],[-73.99601519107819,40.74717568149654],[-73.9960366487503,40.747151297084855]]]}},{"type":"Feature","properties":{"id":"073d6a33-e024-480e-88ed-3cd2db99bce7","height":12.3,"subtype":null,"class":null},"geometry":{"type":"Polygon","coordinates":[[[-74.00266170501709,40.748492426449104],[-74.00260806083679,40.748468042520244],[-74.00252759456635,40.74857777012966],[-74.00258123874664,40.74860215401827],[-74.00266170501709,40.748492426449104]]]}},{"type":"Feature","properties":{"id":"e7492f81-5ac4-4446-907e-26aeb954f947","height":4.4,"subtype":null,"class":null},"geometry":{"type":"Polygon","coordinates":[[[-74.00091826915741,40.749849784386015],[-74.00080025196075,40.74980101751481],[-74.00075197219849,40.7498619760982],[-74.00087535381317,40.749914806825245],[-74.00091826915741,40.749849784386015]]]}},{"type":"Feature","properties":{"id":"90cb226f-9bbe-42e9-bf1a-4c93e0142973","height":22.1,"subtype":null,"class":null},"geometry":{"type":"Polygon","coordinates":[[[-74.00214672088623,40.752129595694214],[-74.00216281414032,40.75213772322391],[-74.00232374668121,40.75191827957289],[-74.00217354297638,40.75185325909274],[-74.00201261043549,40.7520727029584],[-74.00214672088623,40.752129595694214]]]}},{"type":"Feature","properties":{"id":"9e1074e6-4a6d-4018-b81a-f7cfd6a930f8","height":59.5,"subtype":null,"class":null},"geometry":{"type":"Polygon","coordinates":[[[-73.99665892124176,40.748423338627475],[-73.99666965007782,40.74842740261897],[-73.99661600589752,40.74850055442337],[-73.99672865867615,40.748549322248294],[-73.99678230285645,40.748476170497526],[-73.99679839611053,40.74848429847381],[-73.9968091249466,40.74846397853125],[-73.99692177772522,40.74851274638297],[-73.99700224399567,40.74840301866627],[-73.99685740470886,40.748342058745436],[-73.99688959121704,40.74829735476797],[-73.99689495563507,40.74830141876717],[-73.9970076084137,40.7481469866232],[-73.99700224399567,40.74814292261459],[-73.99703443050385,40.74810228251462],[-73.99717926979065,40.74816324265524],[-73.9972597360611,40.74805351436186],[-73.99714171886444,40.748004746173336],[-73.99715781211853,40.74798442608423],[-73.99714708328247,40.74798036206565],[-73.99719536304474,40.747907209689004],[-73.99708807468414,40.74785844139319],[-73.99703443050385,40.747931593823495],[-73.99701833724976,40.7479275298017],[-73.9970076084137,40.7479437858874],[-73.99685740470886,40.74788282554556],[-73.99677693843842,40.74799255412063],[-73.99689495563507,40.74804132231807],[-73.99687886238098,40.748061642389786],[-73.99689495563507,40.748065706403395],[-73.99674475193024,40.7482729707676],[-73.99672865867615,40.74826484276548],[-73.99671792984009,40.7482810987687],[-73.99659991264343,40.7482323307471],[-73.99651944637299,40.748342058745436],[-73.99666965007782,40.748407082659014],[-73.99665892124176,40.748423338627475]]]}},{"type":"Feature","properties":{"id":"25fdc141-bcfd-4803-832c-9adf0c42eb58","height":18.5,"subtype":null,"class":null},"geometry":{"type":"Polygon","coordinates":[[[-73.99584889411926,40.74699686227001],[-73.9957469701767,40.74699686227001],[-73.99573087692261,40.74702124673831],[-73.99580597877502,40.7470537593488],[-73.99584889411926,40.74699686227001]]]}},{"type":"Feature","properties":{"id":"08be1b2d-973e-4ccb-8a75-a8c9e2048db7","height":12.8,"subtype":null,"class":null},"geometry":{"type":"Polygon","coordinates":[[[-73.9981609582901,40.75016270429171],[-73.99809122085571,40.750130193201215],[-73.9980000257492,40.750252109708555],[-73.99803757667542,40.750264301347016],[-73.99800539016724,40.75030900400216],[-73.99803757667542,40.7503252595057],[-73.9981609582901,40.75016270429171]]]}},{"type":"Feature","properties":{"id":"64f660dd-6bce-4d7b-851b-47adc2757efd","height":17.1,"subtype":null,"class":null},"geometry":{"type":"Polygon","coordinates":[[[-73.99626195430756,40.74711065637888],[-73.99624049663544,40.747102528234706],[-73.99618685245514,40.74717568149654],[-73.99626731872559,40.74720819403154],[-73.99632096290588,40.74713504080549],[-73.99629950523376,40.74712691266424],[-73.99632096290588,40.74709440008954],[-73.996342420578,40.74710659230692],[-73.99641752243042,40.74700499042709],[-73.9963960647583,40.74699686227001],[-73.99631559848785,40.74699686227001],[-73.99626195430756,40.74707001564806],[-73.99628341197968,40.747078143796216],[-73.99626195430756,40.74711065637888]]]}},{"type":"Feature","properties":{"id":"0afa1d41-c95d-4eb8-9437-bee17ea04c2c","height":17.9,"subtype":null,"class":null},"geometry":{"type":"Polygon","coordinates":[[[-74.00097727775574,40.747838121259406],[-74.00096118450165,40.747838121259406],[-74.00091826915741,40.74790314566573],[-74.00099337100983,40.74793565784506],[-74.0010416507721,40.747874697495774],[-74.00103628635406,40.74786250541919],[-74.00105237960815,40.74784218528666],[-74.00103628635406,40.74783405723187],[-74.00105774402618,40.747805609032355],[-74.00107383728027,40.74781373709061],[-74.00108993053436,40.74778935291289],[-74.00110602378845,40.74778935291289],[-74.00114893913269,40.74772839242951],[-74.00106847286224,40.747695880148854],[-74.001025557518,40.74775277662957],[-74.00103092193604,40.747764968726244],[-74.00097727775574,40.747838121259406]]]}},{"type":"Feature","properties":{"id":"818e4445-6d88-4ed7-9ed2-e19f1ed435f0","height":10.8,"subtype":null,"class":null},"geometry":{"type":"Polygon","coordinates":[[[-73.9975494146347,40.7507235181005],[-73.9974957704544,40.75069913498976],[-73.99739384651184,40.750841369676266],[-73.99744749069214,40.75086168889237],[-73.9975494146347,40.7507235181005]]]}},{"type":"Feature","properties":{"id":"c7441b38-e081-4cdc-97f5-b906a42e6bcf","height":15.3,"subtype":null,"class":null},"geometry":{"type":"Polygon","coordinates":[[[-73.99573087692261,40.74702124673831],[-73.99567186832428,40.74699686227001],[-73.99565577507019,40.74699686227001],[-73.99548411369324,40.74723664248663],[-73.99556457996368,40.747269154991784],[-73.99574160575867,40.747029374892435],[-73.99573087692261,40.74702124673831]]]}},{"type":"Feature","properties":{"id":"6af74715-f49a-41a7-a78b-bc0dd2ce3e13","height":18.1,"subtype":null,"class":null},"geometry":{"type":"Polygon","coordinates":[[[-74.00354146957397,40.7470537593488],[-74.0035092830658,40.74704156712173],[-74.00339126586914,40.747204129965525],[-74.00346636772156,40.74723664248663],[-74.00355756282806,40.74711065637888],[-74.00351464748383,40.74709033601661],[-74.00354146957397,40.7470537593488]]]}},{"type":"Feature","properties":{"id":"8061d45d-2542-4ae1-956a-9278ce31cd87","height":14.3,"subtype":null,"class":null},"geometry":{"type":"Polygon","coordinates":[[[-73.99589717388153,40.749650652770185],[-73.99582743644714,40.74962220534783],[-73.99573624134064,40.74974818669733],[-73.99580597877502,40.749776634065796],[-73.99589717388153,40.749650652770185]]]}},{"type":"Feature","properties":{"id":"36c6ed92-150e-4df4-aa29-aaccee26c6ea","height":40.8,"subtype":"residential","class":"dormitory"},"geometry":{"type":"Polygon","coordinates":[[[-73.99550557136536,40.74699686227001],[-73.99514079093933,40.74699686227001],[-73.99515688419342,40.747000926348704],[-73.99514615535736,40.7470131185832],[-73.9951890707016,40.747029374892435],[-73.99519443511963,40.74701718266087],[-73.99523198604584,40.74703343896908],[-73.99522125720978,40.747045631197636],[-73.99530172348022,40.747078143796216],[-73.99530708789825,40.74706595157363],[-73.99534463882446,40.74708220786994],[-73.99533927440643,40.74709440008954],[-73.99541437625885,40.74712691266424],[-73.99541974067688,40.74711472045061],[-73.99545729160309,40.74713097673501],[-73.99544656276703,40.747139104875714],[-73.99548947811127,40.747155361154114],[-73.9954948425293,40.7471472330154],[-73.9955323934555,40.747163489291836],[-73.99561822414398,40.74704969527335],[-73.99554312229156,40.7470131185832],[-73.99553775787354,40.74701718266087],[-73.99550020694733,40.747000926348704],[-73.99550557136536,40.74699686227001]]]}},{"type":"Feature","properties":{"id":"523a08a4-0f3f-4ae3-b2f6-6eb42a9b47b4","height":56.4,"subtype":"residential","class":"apartments"},"geometry":{"type":"Polygon","coordinates":[[[-74.00140643119812,40.74869968948329],[-74.00137960910797,40.748687497557995],[-74.00130450725555,40.74879316083636],[-74.00157809257507,40.74891101583344],[-74.00166392326355,40.74879722480529],[-74.0015298128128,40.74874032921815],[-74.00158882141113,40.74866311370067],[-74.00160491466522,40.74867124165411],[-74.00172829627991,40.748508682396704],[-74.00156199932098,40.74843959459196],[-74.00144398212433,40.74859809003743],[-74.00147080421448,40.748610281979154],[-74.00140643119812,40.74869968948329]]]}},{"type":"Feature","properties":{"id":"58ba351e-3e9a-4780-9e6f-50f55f316a19","height":11,"subtype":null,"class":null},"geometry":{"type":"Polygon","coordinates":[[[-74.00286555290222,40.74815105063158],[-74.00280117988586,40.74812260256769],[-74.00272607803345,40.748228266743695],[-74.0027904510498,40.74825671476236],[-74.00286555290222,40.74815105063158]]]}},{"type":"Feature","properties":{"id":"ef010191-20bc-47be-aa5f-e30e10114f35","height":38.9,"subtype":null,"class":null},"geometry":{"type":"Polygon","coordinates":[[[-73.99533927440643,40.74932960258286],[-73.99502277374268,40.74919955649625],[-73.99487793445587,40.74939868946291],[-73.99519443511963,40.749528735160084],[-73.99533927440643,40.74932960258286]]]}},{"type":"Feature","properties":{"id":"c2fc096a-e1de-4c2b-baee-21845a1e5567","height":15.7,"subtype":null,"class":null},"geometry":{"type":"Polygon","coordinates":[[[-73.9972972869873,40.749849784386015],[-73.99722754955292,40.749821337048814],[-73.99710416793823,40.749996084784925],[-73.99716854095459,40.75002453204738],[-73.9972972869873,40.749849784386015]]]}},{"type":"Feature","properties":{"id":"b5903e7f-8a97-429b-a54c-262a836922ba","height":15.7,"subtype":null,"class":null},"geometry":{"type":"Polygon","coordinates":[[[-73.99757623672485,40.749967637510366],[-73.99750649929047,40.749939190223614],[-73.99740993976593,40.7500692348637],[-73.99747967720032,40.75009768209483],[-73.99757623672485,40.749967637510366]]]}},{"type":"Feature","properties":{"id":"d02d6bb3-dba1-45cc-8fec-23f6da330ef7","height":11.3,"subtype":null,"class":null},"geometry":{"type":"Polygon","coordinates":[[[-74.00280117988586,40.74812260256769],[-74.0027368068695,40.74809415449164],[-74.00264024734497,40.748224202740005],[-74.00270998477936,40.74825265076046],[-74.00280117988586,40.74812260256769]]]}},{"type":"Feature","properties":{"id":"1ad5032b-ca25-4919-9f1b-4c0e76ea6fbb","height":15.6,"subtype":null,"class":null},"geometry":{"type":"Polygon","coordinates":[[[-73.99570941925049,40.75010174598398],[-73.9957845211029,40.750134257088376],[-73.99587571620941,40.75000827647031],[-73.995800614357,40.749975765304356],[-73.99570941925049,40.75010174598398]]]}},{"type":"Feature","properties":{"id":"5ba241d8-c4b9-4cb6-b649-8125992e4d55","height":34.3,"subtype":null,"class":null},"geometry":{"type":"Polygon","coordinates":[[[-73.99705588817596,40.75081698660878],[-73.9968091249466,40.75071132654625],[-73.99663746356964,40.75094702953217],[-73.99688422679901,40.751048625389075],[-73.99705588817596,40.75081698660878]]]}},{"type":"Feature","properties":{"id":"be984c4b-2397-4dcd-a729-b688e8fb9c0e","height":19.2,"subtype":null,"class":null},"geometry":{"type":"Polygon","coordinates":[[[-74.00189459323883,40.747695880148854],[-74.00173366069794,40.74763085553985],[-74.00169610977173,40.74767962400256],[-74.00171756744385,40.74768775207619],[-74.00160491466522,40.74784218528666],[-74.00172293186188,40.74789095359438],[-74.0018355846405,40.7477365204972],[-74.00185704231262,40.74774464856387],[-74.00189459323883,40.747695880148854]]]}},{"type":"Feature","properties":{"id":"715b2d4c-b691-4993-8cd1-3a973032cfe6","height":12.9,"subtype":null,"class":null},"geometry":{"type":"Polygon","coordinates":[[[-73.99809122085571,40.750321195630164],[-73.99805903434753,40.75036589824708],[-73.99824142456055,40.75044311178735],[-73.99827361106873,40.75039840922233],[-73.99809122085571,40.750321195630164]]]}},{"type":"Feature","properties":{"id":"f0008e74-ae8e-4f3f-8243-790bb1aea936","height":47,"subtype":null,"class":null},"geometry":{"type":"Polygon","coordinates":[[[-74.0025383234024,40.74756176682311],[-74.00233447551727,40.74748048588802],[-74.00232911109924,40.74748454993713],[-74.00225937366486,40.74745203753724],[-74.00217890739441,40.74756176682311],[-74.00226473808289,40.74759834321151],[-74.00227546691895,40.74761053533652],[-74.00252759456635,40.74770807225596],[-74.00260269641876,40.74759834321151],[-74.00253295898438,40.74756989491115],[-74.0025383234024,40.74756176682311]]]}},{"type":"Feature","properties":{"id":"c184df6e-0282-49c1-b775-9a57ee5a1bd6","height":11.8,"subtype":null,"class":null},"geometry":{"type":"Polygon","coordinates":[[[-74.00134205818176,40.74746422968906],[-74.00126159191132,40.74742765322691],[-74.00116503238678,40.74755770277872],[-74.00125086307526,40.74759427916936],[-74.00134205818176,40.74746422968906]]]}},{"type":"Feature","properties":{"id":"f6af5648-1dce-4333-88cc-7a7fa19448ca","height":14,"subtype":null,"class":null},"geometry":{"type":"Polygon","coordinates":[[[-73.99535000324249,40.750252109708555],[-73.99539291858673,40.750191151482824],[-73.9951890707016,40.750105809872935],[-73.99514615535736,40.75016270429171],[-73.99535000324249,40.750252109708555]]]}},{"type":"Feature","properties":{"id":"a23d3ea0-1497-4b91-9dee-b18f139a78d8","height":37.2,"subtype":null,"class":null},"geometry":{"type":"Polygon","coordinates":[[[-74.0019428730011,40.74805757837595],[-74.0015459060669,40.74789095359438],[-74.00139033794403,40.74810228251462],[-74.00186777114868,40.74830141876717],[-74.00198042392731,40.7481469866232],[-74.00189995765686,40.74811447454721],[-74.0019428730011,40.74805757837595]]]}},{"type":"Feature","properties":{"id":"12411589-b53f-47a6-b75c-bd6e032ff6a9","height":7.7,"subtype":null,"class":null},"geometry":{"type":"Polygon","coordinates":[[[-73.9954948425293,40.75047562272482],[-73.99560749530792,40.750528452964346],[-73.99577379226685,40.75029274849467],[-73.99565577507019,40.750248045828585],[-73.9954948425293,40.75047562272482]]]}},{"type":"Feature","properties":{"id":"36fa62f9-c5ee-4681-b235-d260d98a6376","height":21.4,"subtype":null,"class":null},"geometry":{"type":"Polygon","coordinates":[[[-73.99734556674957,40.750357770500784],[-73.99730265140533,40.75034151500523],[-73.9972597360611,40.75040247309312],[-73.99737775325775,40.75044717565538],[-73.99742066860199,40.75039028148004],[-73.99739921092987,40.75038215373672],[-73.99750113487244,40.75023585418717],[-73.99740993976593,40.75019521536629],[-73.99735629558563,40.75026836522599],[-73.99738311767578,40.75027649298323],[-73.99737238883972,40.75029274849467],[-73.99738311767578,40.75030494012566],[-73.99734556674957,40.750357770500784]]]}},{"type":"Feature","properties":{"id":"9d31f17b-e2e4-40ad-84d1-e1d45c86b411","height":59.2,"subtype":null,"class":null},"geometry":{"type":"Polygon","coordinates":[[[-73.99896025657654,40.74886631223845],[-73.99897634983063,40.74887037620286],[-73.99892270565033,40.74894759147972],[-73.99903535842896,40.74899229502006],[-73.99908900260925,40.74892320771775],[-73.99909973144531,40.748927271678696],[-73.9991158246994,40.74891101583344],[-73.99926602840424,40.748971975232706],[-73.99934113025665,40.74886224827378],[-73.99922847747803,40.748813480678365],[-73.99923920631409,40.74879316083636],[-73.99922847747803,40.74878909686723],[-73.99928212165833,40.748711881406365],[-73.9993143081665,40.748724073327196],[-73.99935185909271,40.74867530563046],[-73.99931967258453,40.74866311370067],[-73.99937868118286,40.74858183411172],[-73.99939477443695,40.74858996207507],[-73.99940550327301,40.74857370614734],[-73.99951815605164,40.74861840993904],[-73.99959862232208,40.748508682396704],[-73.99945378303528,40.748447722572706],[-73.99946451187134,40.74842740261897],[-73.99945378303528,40.748423338627475],[-73.99950206279755,40.74835018673812],[-73.99938941001892,40.748305482766085],[-73.99934113025665,40.748378634704665],[-73.99932503700256,40.748370506715446],[-73.9993143081665,40.748390826686574],[-73.99919092655182,40.748342058745436],[-73.9991158246994,40.748447722572706],[-73.99926602840424,40.748508682396704],[-73.99923384189606,40.74855745021563],[-73.99922311306,40.74855338623209],[-73.99908900260925,40.74875252113378],[-73.99893879890442,40.74869156153335],[-73.99885833263397,40.748801288773905],[-73.99897634983063,40.748850056378274],[-73.99896025657654,40.74886631223845]]]}},{"type":"Feature","properties":{"id":"c293d8bd-1a38-4c24-be3c-22c5bf50fbf6","height":12.5,"subtype":null,"class":null},"geometry":{"type":"Polygon","coordinates":[[[-73.99648189544678,40.75028055686147],[-73.99641215801239,40.750252109708555],[-73.99632632732391,40.75036589824708],[-73.9963960647583,40.75039840922233],[-73.99648189544678,40.75028055686147]]]}},{"type":"Feature","properties":{"id":"57552cfc-d661-4c1e-a64e-e7c9daa9313e","height":17.5,"subtype":null,"class":null},"geometry":{"type":"Polygon","coordinates":[[[-74.00190532207489,40.7510851998596],[-74.00186240673065,40.75115428491563],[-74.00201797485352,40.75121930607929],[-74.00203943252563,40.75120711461594],[-74.00207161903381,40.75121930607929],[-74.00210380554199,40.75117866785945],[-74.00207161903381,40.75116647638865],[-74.00206625461578,40.75115428491563],[-74.00190532207489,40.7510851998596]]]}},{"type":"Feature","properties":{"id":"6f8b800f-ea01-419b-a8a9-0a7fa7d7319c","height":13.3,"subtype":null,"class":null},"geometry":{"type":"Polygon","coordinates":[[[-73.99612247943878,40.7501261293138],[-73.9960527420044,40.75010174598398],[-73.99596691131592,40.750223662543505],[-73.99603128433228,40.750252109708555],[-73.99612247943878,40.7501261293138]]]}},{"type":"Feature","properties":{"id":"b0048995-e731-4bdf-b625-86f2e0582bad","height":12.8,"subtype":null,"class":null},"geometry":{"type":"Polygon","coordinates":[[[-74.002286195755,40.75082511429895],[-74.00213599205017,40.75076415659851],[-74.00209307670593,40.750821050453965],[-74.00224328041077,40.75088200810225],[-74.002286195755,40.75082511429895]]]}},{"type":"Feature","properties":{"id":"f6d35d41-5056-4155-b338-ef56781ad443","height":21.9,"subtype":null,"class":null},"geometry":{"type":"Polygon","coordinates":[[[-74.00243639945984,40.75034964275349],[-74.0023934841156,40.75040653696368],[-74.00275826454163,40.750560963860096],[-74.00280117988586,40.7505000059175],[-74.00243639945984,40.75034964275349]]]}},{"type":"Feature","properties":{"id":"5642c1c2-3af3-450c-87f0-b4845aad0b29","height":13.3,"subtype":null,"class":null},"geometry":{"type":"Polygon","coordinates":[[[-73.9959454536438,40.749317410773045],[-73.995800614357,40.74925645169043],[-73.99576306343079,40.749305218960984],[-73.99591326713562,40.749366177998866],[-73.9959454536438,40.749317410773045]]]}},{"type":"Feature","properties":{"id":"ad3a5df0-5aec-493c-9612-817d7511b4a8","height":19.2,"subtype":null,"class":null},"geometry":{"type":"Polygon","coordinates":[[[-74.00189459323883,40.747866569444966],[-74.00186240673065,40.747854377366934],[-74.00180876255035,40.74792346577965],[-74.00189995765686,40.747960041969094],[-74.0019428730011,40.7478990816422],[-74.00193214416504,40.7478990816422],[-74.00195360183716,40.74787063347051],[-74.00196969509125,40.74787876152078],[-74.00200188159943,40.74781780111937],[-74.00200724601746,40.74782186514787],[-74.0020501613617,40.747760904694275],[-74.00197505950928,40.74772839242951],[-74.00193214416504,40.74778935291289],[-74.00193750858307,40.74779341694315],[-74.00192141532898,40.747809673061596],[-74.00191068649292,40.747805609032355],[-74.00188386440277,40.74784218528666],[-74.00190532207489,40.74785031334042],[-74.00189459323883,40.747866569444966]]]}},{"type":"Feature","properties":{"id":"0819fe8a-3ad9-483a-abb3-f8cea15f5698","height":16.8,"subtype":null,"class":null},"geometry":{"type":"Polygon","coordinates":[[[-73.99773180484772,40.75034151500523],[-73.99768888950348,40.7503252595057],[-73.99755477905273,40.75051219751052],[-73.99761378765106,40.750536580689754],[-73.9976567029953,40.75047562272482],[-73.99765133857727,40.750467494991966],[-73.99766206741333,40.75045530339074],[-73.99767279624939,40.75045530339074],[-73.9977103471756,40.75040247309312],[-73.99769425392151,40.75039434535131],[-73.99773180484772,40.75034151500523]]]}},{"type":"Feature","properties":{"id":"226ba179-79d6-44d1-b40f-31dc44770384","height":21.4,"subtype":null,"class":null},"geometry":{"type":"Polygon","coordinates":[[[-74.00291383266449,40.74699686227001],[-74.00290310382843,40.74699686227001],[-74.00290846824646,40.747000926348704],[-74.00291383266449,40.74699686227001]]]}},{"type":"Feature","properties":{"id":"2fd37cbc-4ebf-4e69-bdd6-dbb4fba15b34","height":18.2,"subtype":null,"class":null},"geometry":{"type":"Polygon","coordinates":[[[-74.0030962228775,40.748476170497526],[-74.00307476520538,40.74850055442337],[-74.00330543518066,40.74859809003743],[-74.0033483505249,40.74854119427994],[-74.00305330753326,40.74841521064374],[-74.00303184986115,40.748447722572706],[-74.0030962228775,40.748476170497526]]]}},{"type":"Feature","properties":{"id":"58e336b9-f82f-42c5-b9be-1352f4dde5cc","height":13.1,"subtype":null,"class":null},"geometry":{"type":"Polygon","coordinates":[[[-73.99641215801239,40.750252109708555],[-73.99633705615997,40.7502195986618],[-73.99621367454529,40.75038215373672],[-73.9962887763977,40.75041466470398],[-73.99641215801239,40.750252109708555]]]}},{"type":"Feature","properties":{"id":"8606e1b8-ac3d-4d10-b9f9-72a87a171a2e","height":10.2,"subtype":null,"class":null},"geometry":{"type":"Polygon","coordinates":[[[-73.99481356143951,40.749061382250545],[-73.99473309516907,40.7490288706216],[-73.99456143379211,40.74926457957133],[-73.99472236633301,40.74932960258286],[-73.99489402770996,40.7490938938636],[-73.99481356143951,40.749061382250545]]]}},{"type":"Feature","properties":{"id":"0f248483-0001-4513-ab8d-aca2a6377695","height":16,"subtype":null,"class":null},"geometry":{"type":"Polygon","coordinates":[[[-73.99554312229156,40.749061382250545],[-73.99532854557037,40.748971975232706],[-73.99528563022614,40.74903293457609],[-73.99550020694733,40.74912234151199],[-73.99554312229156,40.749061382250545]]]}},{"type":"Feature","properties":{"id":"84e6abaa-8f4c-49fc-a88a-7e9701b7158e","height":12.3,"subtype":null,"class":null},"geometry":{"type":"Polygon","coordinates":[[[-74.00323569774628,40.74869562550842],[-74.00308012962341,40.74863060187701],[-74.00304794311523,40.74867530563046],[-74.0032035112381,40.74874032921815],[-74.00323569774628,40.74869562550842]]]}},{"type":"Feature","properties":{"id":"bb76b16c-7090-43f6-8978-1aea711c012d","height":63.6,"subtype":"residential","class":"apartments"},"geometry":{"type":"Polygon","coordinates":[[[-73.99828970432281,40.749967637510366],[-73.99829506874084,40.74995950971538],[-73.99833261966705,40.749975765304356],[-73.99838626384735,40.749898551221406],[-73.99839699268341,40.74990667902384],[-73.9984130859375,40.7498863595159],[-73.99856865406036,40.74994731802107],[-73.99864375591278,40.749837592671554],[-73.99852573871613,40.749788825791455],[-73.99853646755219,40.74977257015678],[-73.99852573871613,40.74976444233795],[-73.99859011173248,40.749670972350145],[-73.99847209453583,40.74962220534783],[-73.99840772151947,40.74971567540416],[-73.99839162826538,40.74971161149142],[-73.99838089942932,40.74972786714099],[-73.99823606014252,40.74966690843465],[-73.99815559387207,40.749780697974586],[-73.9982682466507,40.74982946486068],[-73.99825751781464,40.7498457204814],[-73.99827361106873,40.749849784386015],[-73.9982146024704,40.74992699852555],[-73.99828970432281,40.749967637510366]]]}},{"type":"Feature","properties":{"id":"a30f3467-3da1-48f6-8fbc-43234a1ab09b","height":19.6,"subtype":null,"class":null},"geometry":{"type":"Polygon","coordinates":[[[-74.0025544166565,40.750544708414225],[-74.00254905223846,40.75054877227606],[-74.00262951850891,40.75058128316189],[-74.00267243385315,40.750520325237915],[-74.0023934841156,40.75040653696368],[-74.00235056877136,40.750467494991966],[-74.00249540805817,40.750520325237915],[-74.0025007724762,40.75051219751052],[-74.00252759456635,40.75052438910126],[-74.00252223014832,40.750528452964346],[-74.0025544166565,40.750544708414225]]]}},{"type":"Feature","properties":{"id":"735e247f-ca88-4802-8a4b-f19764da354a","height":10.7,"subtype":null,"class":null},"geometry":{"type":"Polygon","coordinates":[[[-73.99477064609528,40.74954092693113],[-73.99472773075104,40.74960188575298],[-73.99484038352966,40.749650652770185],[-73.99488866329193,40.7495856300726],[-73.9947760105133,40.749536863007705],[-73.99477064609528,40.74954092693113]]]}},{"type":"Feature","properties":{"id":"ca47b2ce-9fdc-47f8-976b-ff816133a706","height":12.5,"subtype":null,"class":null},"geometry":{"type":"Polygon","coordinates":[[[-74.0027368068695,40.74809415449164],[-74.00267243385315,40.748065706403395],[-74.00257587432861,40.74819575470741],[-74.00264024734497,40.748224202740005],[-74.0027368068695,40.74809415449164]]]}},{"type":"Feature","properties":{"id":"2c87cd66-50b5-4c41-8c4d-482d2ab02d3d","height":8.6,"subtype":null,"class":null},"geometry":{"type":"Polygon","coordinates":[[[-74.00289237499237,40.75004485151305],[-74.00271534919739,40.749967637510366],[-74.00262951850891,40.750085490425846],[-74.00294065475464,40.75021553477984],[-74.00302648544312,40.75010174598398],[-74.00289237499237,40.75004485151305]]]}},{"type":"Feature","properties":{"id":"9967003e-18c5-44c7-8c8a-8c1ef82701fb","height":17.3,"subtype":null,"class":null},"geometry":{"type":"Polygon","coordinates":[[[-74.00099337100983,40.747704008220495],[-74.00073051452637,40.74759427916936],[-74.00068759918213,40.74765523977567],[-74.00095045566559,40.747764968726244],[-74.00099337100983,40.747704008220495]]]}},{"type":"Feature","properties":{"id":"4bc17ade-02d2-42de-bfcd-5ed23e294f92","height":160,"subtype":"residential","class":"residential"},"geometry":{"type":"Polygon","coordinates":[[[-74.0020340681076,40.75153221954008],[-74.00220572948456,40.75129651862855],[-74.00186240673065,40.75115428491563],[-74.0016907453537,40.75138998633136],[-74.0020340681076,40.75153221954008]]]}},{"type":"Feature","properties":{"id":"145157f6-b0a8-46a7-b6b5-19dd0bdeec12","height":10.3,"subtype":null,"class":null},"geometry":{"type":"Polygon","coordinates":[[[-73.99577379226685,40.748732201273185],[-73.99556994438171,40.74864685779082],[-73.99553775787354,40.74869562550842],[-73.99574160575867,40.74878096892823],[-73.99577379226685,40.748732201273185]]]}},{"type":"Feature","properties":{"id":"a794b757-2aab-4e45-b6c0-620e3785a29a","height":12.3,"subtype":null,"class":null},"geometry":{"type":"Polygon","coordinates":[[[-74.00327324867249,40.74864685779082],[-74.00311768054962,40.74858183411172],[-74.00308012962341,40.74863060187701],[-74.00323569774628,40.74869562550842],[-74.00327324867249,40.74864685779082]]]}},{"type":"Feature","properties":{"id":"e5304430-b81a-4794-a76d-a59f91b42b62","height":16.2,"subtype":null,"class":null},"geometry":{"type":"Polygon","coordinates":[[[-74.00236666202545,40.75155253854504],[-74.00238275527954,40.75155660234532],[-74.00242567062378,40.75149970911917],[-74.00235056877136,40.751467198682406],[-74.00231301784515,40.75152409193632],[-74.00231838226318,40.75152815573833],[-74.00229692459106,40.75155660234532],[-74.00226473808289,40.75154441094381],[-74.002286195755,40.75151596433162],[-74.00229692459106,40.75152002813411],[-74.00233447551727,40.751467198682406],[-74.00227010250092,40.75143875203719],[-74.0022325515747,40.75148751770726],[-74.00224328041077,40.75149158151149],[-74.00222182273865,40.75152409193632],[-74.00221109390259,40.75152409193632],[-74.00211989879608,40.75164600588798],[-74.00227010250092,40.75170696277996],[-74.00236129760742,40.751585048940115],[-74.00235056877136,40.75157692134283],[-74.00236666202545,40.75155253854504]]]}},{"type":"Feature","properties":{"id":"339f5c0f-6f1a-40b1-961d-af569d478b49","height":19.4,"subtype":null,"class":null},"geometry":{"type":"Polygon","coordinates":[[[-74.00141716003418,40.74749674208297],[-74.00134205818176,40.74746422968906],[-74.00122404098511,40.74763085553985],[-74.00129914283752,40.74766336785231],[-74.00141716003418,40.74749674208297]]]}},{"type":"Feature","properties":{"id":"17153551-e9c0-4f74-bfbc-e11a62acc4f6","height":8.7,"subtype":null,"class":null},"geometry":{"type":"Polygon","coordinates":[[[-73.99624586105347,40.7475089342266],[-73.99621903896332,40.74749674208297],[-73.9961975812912,40.747529254461],[-73.99635851383209,40.74759427916936],[-73.99637997150421,40.74756583086727],[-73.99624586105347,40.7475089342266]]]}},{"type":"Feature","properties":{"id":"9d3ddc43-b5b3-4fbf-bc13-73af8febe9bb","height":82,"subtype":"residential","class":"apartments"},"geometry":{"type":"Polygon","coordinates":[[[-74.00378823280334,40.752032065260124],[-74.00402963161469,40.75213365945922],[-74.0038526058197,40.75236935740318],[-74.00416910648346,40.75250752477501],[-74.0042495727539,40.75239780365027],[-74.0042495727539,40.75192234335077],[-74.0026992559433,40.75126807191029],[-74.00258123874664,40.75142656061408],[-74.00311768054962,40.75165413347679],[-74.00311231613159,40.75166226106464],[-74.00341808795929,40.75179230233488],[-74.00336980819702,40.75185732287463],[-74.00378823280334,40.752032065260124]]]}},{"type":"Feature","properties":{"id":"dc7066d0-3a7a-418b-bc75-e2e3cb2ffece","height":15.6,"subtype":null,"class":null},"geometry":{"type":"Polygon","coordinates":[[[-74.00347709655762,40.74836237872526],[-74.00336444377899,40.74831361076323],[-74.00332152843475,40.74837457071018],[-74.00343418121338,40.74841927463572],[-74.00347709655762,40.74836237872526]]]}},{"type":"Feature","properties":{"id":"df39bdc4-b962-40a5-bd2e-a8e5668467b2","height":46.6,"subtype":"education","class":"college"},"geometry":{"type":"Polygon","coordinates":[[[-73.99442195892334,40.74724883467789],[-73.99441123008728,40.747261026866965],[-73.99447560310364,40.74728947529945],[-73.99440050125122,40.74739514079923],[-73.99447560310364,40.74742765322691],[-73.99445414543152,40.7474601656387],[-73.99436295032501,40.74742358917433],[-73.99429321289062,40.747521126367985],[-73.99437367916107,40.747553638734075],[-73.99436295032501,40.74756989491115],[-73.99489402770996,40.7477852888824],[-73.99490475654602,40.74776903275799],[-73.99498522281647,40.74780154500286],[-73.99505496025085,40.747704008220495],[-73.99497449398041,40.74767149592793],[-73.99499595165253,40.74763898361945],[-73.99507641792297,40.74767149592793],[-73.99528563022614,40.74736669241196],[-73.99460971355438,40.74709440008954],[-73.99458825588226,40.74712284859328],[-73.99452924728394,40.747098464162235],[-73.99457216262817,40.74703750304553],[-73.99447560310364,40.74699686227001],[-73.99411082267761,40.74699686227001],[-73.99404644966125,40.747086271943374],[-73.99442195892334,40.74724883467789]]]}},{"type":"Feature","properties":{"id":"e5d1d896-d5f8-46d7-b905-de235f15df3e","height":29.9,"subtype":null,"class":null},"geometry":{"type":"Polygon","coordinates":[[[-73.99487257003784,40.749975765304356],[-73.99455606937408,40.74984165657659],[-73.99450778961182,40.7499107429247],[-73.99481892585754,40.75004078762041],[-73.99487257003784,40.749975765304356]]]}},{"type":"Feature","properties":{"id":"ceb182f6-9838-4518-939a-924b726d103b","height":15.6,"subtype":null,"class":null},"geometry":{"type":"Polygon","coordinates":[[[-73.99778008460999,40.750057043189486],[-73.9977103471756,40.75002453204738],[-73.99762988090515,40.75013832097531],[-73.99764060974121,40.750142384862016],[-73.99762451648712,40.75016676817688],[-73.99761378765106,40.75016676817688],[-73.99759232997894,40.75019521536629],[-73.99764060974121,40.75021553477984],[-73.99767816066742,40.750170832061826],[-73.99769425392151,40.750178959830976],[-73.99778008460999,40.750057043189486]]]}},{"type":"Feature","properties":{"id":"e48af6fe-c730-4b4e-be81-06a8db4c6984","height":17.5,"subtype":null,"class":null},"geometry":{"type":"Polygon","coordinates":[[[-74.00194823741913,40.75102424239759],[-74.00190532207489,40.7510851998596],[-74.00206625461578,40.75115428491563],[-74.0020877122879,40.751150221090796],[-74.00211453437805,40.751162412564554],[-74.0021413564682,40.75112177430998],[-74.00211453437805,40.75110958282875],[-74.00211453437805,40.75109332751697],[-74.00194823741913,40.75102424239759]]]}},{"type":"Feature","properties":{"id":"9f8e8204-fb02-47ac-93c9-02257f0b531f","height":20.1,"subtype":null,"class":null},"geometry":{"type":"Polygon","coordinates":[[[-73.99705052375793,40.75031306787844],[-73.99715781211853,40.750357770500784],[-73.99717926979065,40.7503252595057],[-73.99716317653656,40.75031713175443],[-73.99718999862671,40.75028055686147],[-73.99721145629883,40.75028055686147],[-73.99722218513489,40.750264301347016],[-73.99721145629883,40.7502561735883],[-73.99729192256927,40.750142384862016],[-73.99721145629883,40.75010987376157],[-73.99713635444641,40.7502195986618],[-73.99712026119232,40.7502195986618],[-73.99710953235626,40.7502317903062],[-73.99712026119232,40.75024398194839],[-73.99708807468414,40.75028462073945],[-73.99707734584808,40.75028055686147],[-73.99705052375793,40.75031306787844]]]}},{"type":"Feature","properties":{"id":"95e905ce-a9e8-4205-b142-aa614bfb5e7d","height":12.3,"subtype":null,"class":null},"geometry":{"type":"Polygon","coordinates":[[[-73.99902999401093,40.74754551064402],[-73.99901926517487,40.74754144659866],[-73.99898707866669,40.74758615108428],[-73.99914264678955,40.74765117573699],[-73.99917483329773,40.747606471295086],[-73.99909436702728,40.7475739589548],[-73.99914264678955,40.74750487017897],[-73.9991694688797,40.747517062321094],[-73.99919092655182,40.747492678034604],[-73.99924457073212,40.747512998273976],[-73.99931967258453,40.74741139701504],[-73.99923920631409,40.747378884579405],[-73.99922311306,40.747399204853565],[-73.99917483329773,40.74737075646803],[-73.99915337562561,40.747374820523845],[-73.99906754493713,40.74749674208297],[-73.99909436702728,40.7475089342266],[-73.99912118911743,40.747472357789036],[-73.99914264678955,40.74748048588802],[-73.9990782737732,40.74756583086727],[-73.99902999401093,40.74754551064402]]]}},{"type":"Feature","properties":{"id":"85fd4d15-48dd-4e7c-a6ec-bad95789339c","height":22,"subtype":null,"class":null},"geometry":{"type":"Polygon","coordinates":[[[-74.00104701519012,40.747492678034604],[-74.00114357471466,40.747533318507124],[-74.00122940540314,40.747415461068385],[-74.00094509124756,40.747297603420776],[-74.00086462497711,40.747415461068385],[-74.00094509124756,40.747447973486146],[-74.00096654891968,40.74741952512147],[-74.0009880065918,40.74741952512147],[-74.00106310844421,40.74745203753724],[-74.00106847286224,40.74746422968906],[-74.00104701519012,40.747492678034604]]]}},{"type":"Feature","properties":{"id":"95f3dde2-df24-4509-9f9e-239b89b41e92","height":18.3,"subtype":null,"class":null},"geometry":{"type":"Polygon","coordinates":[[[-74.00105774402618,40.747874697495774],[-74.0010416507721,40.747874697495774],[-74.00099337100983,40.74793565784506],[-74.00107383728027,40.74796817000848],[-74.00112211704254,40.747907209689004],[-74.00111675262451,40.7478990816422],[-74.0011328458786,40.747874697495774],[-74.00111675262451,40.747866569444966],[-74.00113821029663,40.747838121259406],[-74.00115430355072,40.74784624931365],[-74.00117039680481,40.74782186514787],[-74.00118112564087,40.74782186514787],[-74.00122404098511,40.747760904694275],[-74.00114893913269,40.74772839242951],[-74.00110602378845,40.74778935291289],[-74.00111138820648,40.747797480973134],[-74.00105774402618,40.747874697495774]]]}},{"type":"Feature","properties":{"id":"258aeff8-00c9-41da-abd8-60b79f608933","height":23.7,"subtype":null,"class":null},"geometry":{"type":"Polygon","coordinates":[[[-73.99639070034027,40.74731385966044],[-73.99604201316833,40.7471675533603],[-73.99587571620941,40.74739514079923],[-73.9961975812912,40.747529254461],[-73.99621903896332,40.74749674208297],[-73.99624586105347,40.7475089342266],[-73.99639070034027,40.74731385966044]]]}},{"type":"Feature","properties":{"id":"455f543e-1f51-4edb-812c-ce96553825cc","height":12.3,"subtype":null,"class":null},"geometry":{"type":"Polygon","coordinates":[[[-74.00316596031189,40.74878909686723],[-74.00298357009888,40.74870781743226],[-74.00294601917267,40.748756585105184],[-74.00313377380371,40.74883786448055],[-74.00316596031189,40.74878909686723]]]}},{"type":"Feature","properties":{"id":"de4c9575-9d30-48ee-8a8b-841f6418a087","height":3.4225807189941406,"subtype":null,"class":null},"geometry":{"type":"Polygon","coordinates":[[[-74.00299966335297,40.747606471295086],[-74.00296747684479,40.74759834321151],[-74.00294065475464,40.74763898361945],[-74.00297284126282,40.74765117573699],[-74.00299966335297,40.747606471295086]]]}},{"type":"Feature","properties":{"id":"dbbde910-5a00-4df1-93cf-e974ea2b2861","height":41,"subtype":"residential","class":"apartments"},"geometry":{"type":"Polygon","coordinates":[[[-74.00311768054962,40.751255880455886],[-74.00346636772156,40.750780411990746],[-74.00330543518066,40.75071132654625],[-74.00313913822174,40.75095109336942],[-74.0027368068695,40.7507885396854],[-74.00255978107452,40.75102424239759],[-74.00311768054962,40.751255880455886]]]}},{"type":"Feature","properties":{"id":"fa065110-7390-46e6-aeed-1a430c04efca","height":47,"subtype":null,"class":null},"geometry":{"type":"Polygon","coordinates":[[[-74.00176584720612,40.74700499042709],[-74.00180339813232,40.74702124673831],[-74.00180339813232,40.747025310815474],[-74.00192677974701,40.747078143796216],[-74.00193214416504,40.74707407972227],[-74.00197505950928,40.74709033601661],[-74.00198042392731,40.747086271943374],[-74.0020501613617,40.74711472045061],[-74.00213062763214,40.74700499042709],[-74.00210380554199,40.74699686227001],[-74.00177121162415,40.74699686227001],[-74.00176584720612,40.74700499042709]]]}},{"type":"Feature","properties":{"id":"bfec95e3-0fde-4ba2-8125-6ab8ed6d660f","height":18.7,"subtype":"residential","class":"apartments"},"geometry":{"type":"Polygon","coordinates":[[[-73.9968466758728,40.74961001359165],[-73.99677157402039,40.74957750223095],[-73.99665355682373,40.74974412278658],[-73.99672329425812,40.74977257015678],[-73.9968466758728,40.74961001359165]]]}},{"type":"Feature","properties":{"id":"f952a02c-98c8-4425-971e-2a5d3e64a0f6","height":14.5,"subtype":null,"class":null},"geometry":{"type":"Polygon","coordinates":[[[-74.00081634521484,40.747476421838655],[-74.0007734298706,40.747533318507124],[-74.0009343624115,40.747602407253396],[-74.00097727775574,40.74754144659866],[-74.00081634521484,40.747476421838655]]]}},{"type":"Feature","properties":{"id":"949bfd20-027d-46d2-9e6b-e3bff3bae1b0","height":19.3,"subtype":null,"class":null},"geometry":{"type":"Polygon","coordinates":[[[-74.00144934654236,40.74767555996536],[-74.00132596492767,40.74762272745926],[-74.00127232074738,40.7476999441848],[-74.00158882141113,40.74783405723187],[-74.00164246559143,40.74775684066205],[-74.00159418582916,40.7477365204972],[-74.00159955024719,40.74772839242951],[-74.00154054164886,40.747704008220495],[-74.00157809257507,40.74765523977567],[-74.00168538093567,40.747695880148854],[-74.00173366069794,40.74763085553985],[-74.00141716003418,40.74749674208297],[-74.00137424468994,40.74756176682311],[-74.00144934654236,40.74759427916936],[-74.00144398212433,40.747602407253396],[-74.00148689746857,40.74762272745926],[-74.00144934654236,40.74767555996536]]]}},{"type":"Feature","properties":{"id":"6d275059-a5d2-4af3-aaff-ed25c45a3f55","height":5.2,"subtype":null,"class":null},"geometry":{"type":"Polygon","coordinates":[[[-74.00313377380371,40.75064630488586],[-74.00296747684479,40.75088200810225],[-74.0030586719513,40.75091858266441],[-74.00322496891022,40.750678815724],[-74.00313377380371,40.75064630488586]]]}},{"type":"Feature","properties":{"id":"9fdf0312-6ba2-4a31-9cd7-0645a8480e67","height":11.2,"subtype":null,"class":null},"geometry":{"type":"Polygon","coordinates":[[[-73.99729192256927,40.75061785788944],[-73.99725437164307,40.750601602457465],[-73.99716317653656,40.75072758195142],[-73.99720072746277,40.75074383735259],[-73.99729192256927,40.75061785788944]]]}},{"type":"Feature","properties":{"id":"0e528212-f2fb-40b6-8baa-364db874e8ec","height":10.8,"subtype":null,"class":null},"geometry":{"type":"Polygon","coordinates":[[[-74.00299966335297,40.748203882717974],[-74.00293529033661,40.748175434676654],[-74.00285482406616,40.7482810987687],[-74.00292456150055,40.7483095467648],[-74.00299966335297,40.748203882717974]]]}},{"type":"Feature","properties":{"id":"98f25e50-329b-4b94-88da-20624a20af02","height":42.3,"subtype":"education","class":"college"},"geometry":{"type":"Polygon","coordinates":[[[-73.99568796157837,40.74767555996536],[-73.995441198349,40.7480169382238],[-73.99591863155365,40.74822013873609],[-73.99592936038971,40.748203882717974],[-73.99596154689789,40.74821607473194],[-73.99595081806183,40.7482323307471],[-73.99606347084045,40.7482810987687],[-73.99637997150421,40.74784218528666],[-73.99600982666016,40.74768775207619],[-73.9959454536438,40.74778122485171],[-73.99568796157837,40.74767555996536]]]}},{"type":"Feature","properties":{"id":"94a63fb5-57e5-40cf-b9a8-e5f6a9a1dbcf","height":47,"subtype":null,"class":null},"geometry":{"type":"Polygon","coordinates":[[[-74.0016371011734,40.74719193776605],[-74.00156199932098,40.74715942522309],[-74.00148153305054,40.747269154991784],[-74.00173366069794,40.74738294863474],[-74.00176048278809,40.74738294863474],[-74.00183022022247,40.747415461068385],[-74.00191068649292,40.747305731541104],[-74.0018355846405,40.74727728311561],[-74.00184094905853,40.747269154991784],[-74.00180339813232,40.74725289874118],[-74.00180339813232,40.74724883467789],[-74.00169610977173,40.747204129965525],[-74.0016907453537,40.74720819403154],[-74.0016371011734,40.74718787369903],[-74.0016371011734,40.74719193776605]]]}},{"type":"Feature","properties":{"id":"00c923a6-2bdf-4d6c-af23-5c43d7fde87a","height":55,"subtype":null,"class":null},"geometry":{"type":"Polygon","coordinates":[[[-73.99975955486298,40.75195891734069],[-73.99973273277283,40.75194672601296],[-73.99956107139587,40.752178360857584],[-73.99985611438751,40.752304337364166],[-73.99994730949402,40.752178360857584],[-74.0000706911087,40.752231189744265],[-74.00016725063324,40.75210521309907],[-74.00005459785461,40.75205644788207],[-74.00004923343658,40.75206457542072],[-73.99989902973175,40.75199955508364],[-73.99990975856781,40.75198329998943],[-73.99979174137115,40.75193453468299],[-73.9997810125351,40.75194672601296],[-73.99977028369904,40.75194266223656],[-73.99975955486298,40.75195891734069]]]}},{"type":"Feature","properties":{"id":"d6225640-c7c6-4191-bc2c-b5d2f80142a0","height":16.9,"subtype":null,"class":null},"geometry":{"type":"Polygon","coordinates":[[[-73.99659991264343,40.74956124654463],[-73.99653017520905,40.749528735160084],[-73.99644434452057,40.749650652770185],[-73.99651408195496,40.74967910018037],[-73.99659991264343,40.74956124654463]]]}},{"type":"Feature","properties":{"id":"49b14ae7-3c78-4178-a43f-a8cbb4fc3851","height":59.9,"subtype":null,"class":null},"geometry":{"type":"Polygon","coordinates":[[[-73.99961471557617,40.74805757837595],[-73.99962544441223,40.748045386332905],[-73.99966835975647,40.748061642389786],[-73.99965763092041,40.748073834429846],[-73.99969518184662,40.748090090479764],[-73.99974882602692,40.748012874207234],[-73.99975955486298,40.74802100224014],[-73.99977564811707,40.748004746173336],[-73.99992048740387,40.748065706403395],[-74.00000095367432,40.74795597794906],[-73.99988830089569,40.747907209689004],[-73.99990439414978,40.74789095359438],[-73.99988830089569,40.74788282554556],[-73.99995267391205,40.74778935291289],[-73.99991512298584,40.747773096789444],[-73.99990439414978,40.74778935291289],[-73.9998722076416,40.747773096789444],[-73.99987757205963,40.747760904694275],[-73.99984002113342,40.747740584530675],[-73.99977564811707,40.747825929176116],[-73.99973809719086,40.747809673061596],[-73.99974346160889,40.747797480973134],[-73.99970591068268,40.7477852888824],[-73.99967908859253,40.74782186514787],[-73.99959862232208,40.7477852888824],[-73.99951815605164,40.74789501761839],[-73.99963617324829,40.7479437858874],[-73.99962544441223,40.7479641059889],[-73.99963617324829,40.74796817000848],[-73.999582529068,40.748045386332905],[-73.99961471557617,40.74805757837595]]]}},{"type":"Feature","properties":{"id":"74c6e47d-05c5-46fb-9244-13ab3100d236","height":18.8,"subtype":null,"class":null},"geometry":{"type":"Polygon","coordinates":[[[-73.99532854557037,40.74851681036898],[-73.99546802043915,40.748569642164796],[-73.99565577507019,40.74829735476797],[-73.99550020694733,40.7482323307471],[-73.99530172348022,40.74851681036898],[-73.99532318115234,40.748524938340324],[-73.99532854557037,40.74851681036898]]]}},{"type":"Feature","properties":{"id":"d770374b-1c40-410e-aecc-0658c6e22aaa","height":47,"subtype":null,"class":null},"geometry":{"type":"Polygon","coordinates":[[[-74.00290846824646,40.747334179954464],[-74.00282263755798,40.747297603420776],[-74.00274217128754,40.74740733296147],[-74.00281727313995,40.74743984538321],[-74.00281190872192,40.74744390943479],[-74.00284945964813,40.74746422968906],[-74.00297284126282,40.747517062321094],[-74.00301575660706,40.747529254461],[-74.00302112102509,40.74752519041462],[-74.00309085845947,40.747553638734075],[-74.00317132472992,40.74744390943479],[-74.00292992591858,40.747334179954464],[-74.00290846824646,40.747334179954464]]]}},{"type":"Feature","properties":{"id":"84fa045e-9db9-493f-aed1-409f0354b772","height":15.9,"subtype":null,"class":null},"geometry":{"type":"Polygon","coordinates":[[[-73.99784982204437,40.750085490425846],[-73.99778008460999,40.750057043189486],[-73.99769425392151,40.75017489594654],[-73.9977639913559,40.750203343132455],[-73.99784982204437,40.750085490425846]]]}},{"type":"Feature","properties":{"id":"3b652c87-3fad-4abf-978a-14ef7ba4074f","height":4.6,"subtype":null,"class":null},"geometry":{"type":"Polygon","coordinates":[[[-74.00114357471466,40.74766336785231],[-74.0011864900589,40.7476836880395],[-74.00121867656708,40.74763491957978],[-74.00117576122284,40.74761866341859],[-74.00117039680481,40.74762272745926],[-74.00113821029663,40.74761053533652],[-74.00110065937042,40.74766743189025],[-74.0011328458786,40.74767962400256],[-74.00114357471466,40.74766336785231]]]}},{"type":"Feature","properties":{"id":"f13b0659-2726-448a-bdb9-818075f6e69f","height":23.5,"subtype":null,"class":null},"geometry":{"type":"Polygon","coordinates":[[[-73.99677693843842,40.75076009274983],[-73.99646043777466,40.75062598560393],[-73.99632096290588,40.750812922763316],[-73.99663746356964,40.75094702953217],[-73.99677693843842,40.75076009274983]]]}},{"type":"Feature","properties":{"id":"94f541d5-23da-4bf3-82a3-69c6f7802a94","height":17.4,"subtype":null,"class":null},"geometry":{"type":"Polygon","coordinates":[[[-73.99493157863617,40.74975631451815],[-73.9949369430542,40.74976850624748],[-73.99500668048859,40.74980101751481],[-73.99504959583282,40.74974005887552],[-73.9949369430542,40.749699419751664],[-73.99493157863617,40.749687228009634],[-73.99488866329193,40.749670972350145],[-73.9948832988739,40.74968316409516],[-73.99483501911163,40.749662844518895],[-73.99484038352966,40.749650652770185],[-73.99476528167725,40.74962220534783],[-73.99472773075104,40.74967503626539],[-73.99480283260345,40.749703483665144],[-73.99481356143951,40.749699419751664],[-73.99486184120178,40.7497197393167],[-73.99485647678375,40.74973599496428],[-73.9948832988739,40.74974818669733],[-73.99490475654602,40.74974412278658],[-73.99493157863617,40.74975631451815]]]}},{"type":"Feature","properties":{"id":"2121a4c7-2a50-4777-a087-55f48aa0fe5e","height":10.6,"subtype":null,"class":null},"geometry":{"type":"Polygon","coordinates":[[[-74.0027904510498,40.75071132654625],[-74.00287091732025,40.75074790120229],[-74.0029889345169,40.75058534702151],[-74.00290846824646,40.75054877227606],[-74.0027904510498,40.75071132654625]]]}},{"type":"Feature","properties":{"id":"9019c940-54fb-49aa-add7-dca61a54e33d","height":46.1,"subtype":null,"class":null},"geometry":{"type":"Polygon","coordinates":[[[-73.99481892585754,40.74834612274188],[-73.99450242519379,40.74821607473194],[-73.99441659450531,40.748333930751784],[-73.99473309516907,40.74846397853125],[-73.99481892585754,40.74834612274188]]]}},{"type":"Feature","properties":{"id":"5cdb1f44-84f9-45f9-8fdd-568a4f78ebdc","height":16.4,"subtype":null,"class":null},"geometry":{"type":"Polygon","coordinates":[[[-73.99666965007782,40.74958969399307],[-73.99659991264343,40.74956124654463],[-73.99651408195496,40.74967910018037],[-73.99658381938934,40.749707547578424],[-73.99666965007782,40.74958969399307]]]}},{"type":"Feature","properties":{"id":"443b4075-6133-4d57-93fb-d9cbe4b969ae","height":14.7,"subtype":null,"class":null},"geometry":{"type":"Polygon","coordinates":[[[-73.99571478366852,40.74855745021563],[-73.99556457996368,40.748496490436395],[-73.99552166461945,40.74855338623209],[-73.99581670761108,40.74867936960655],[-73.99585962295532,40.74861840993904],[-73.99571478366852,40.74855745021563]]]}},{"type":"Feature","properties":{"id":"0039aaa8-f0d9-45bb-90c5-d8a6781c4fbd","height":44.2,"subtype":"education","class":"college"},"geometry":{"type":"Polygon","coordinates":[[[-73.99510324001312,40.74768775207619],[-73.99554312229156,40.747874697495774],[-73.99575769901276,40.747582087041366],[-73.99531781673431,40.74739514079923],[-73.9952963590622,40.74742765322691],[-73.99525880813599,40.74741139701504],[-73.99509787559509,40.7476430476589],[-73.99512469768524,40.74765523977567],[-73.99510324001312,40.74768775207619]]]}},{"type":"Feature","properties":{"id":"2fa9fcde-2ccc-4216-b72f-cd53b2280f88","height":17.2,"subtype":null,"class":null},"geometry":{"type":"Polygon","coordinates":[[[-73.996342420578,40.7471472330154],[-73.99632096290588,40.74713504080549],[-73.99626731872559,40.74720819403154],[-73.99634778499603,40.74724070655063],[-73.99640142917633,40.74717161742856],[-73.99637460708618,40.74715942522309],[-73.9963960647583,40.74712691266424],[-73.99642288684845,40.747139104875714],[-73.99649798870087,40.74703750304553],[-73.99641752243042,40.74700499042709],[-73.996342420578,40.74710659230692],[-73.99636387825012,40.74711472045061],[-73.996342420578,40.7471472330154]]]}},{"type":"Feature","properties":{"id":"9a605630-3090-4ddf-babc-1c5fa5cd05e0","height":47,"subtype":null,"class":null},"geometry":{"type":"Polygon","coordinates":[[[-74.00267779827118,40.74762679149967],[-74.00260269641876,40.74759834321151],[-74.00252759456635,40.74770807225596],[-74.00262415409088,40.74774871259686],[-74.00263488292694,40.747760904694275],[-74.00287091732025,40.747854377366934],[-74.0029513835907,40.74774464856387],[-74.00288164615631,40.747716200326124],[-74.00288701057434,40.74771213629117],[-74.0028440952301,40.747695880148854],[-74.00284945964813,40.74769181611265],[-74.00272071361542,40.74763491957978],[-74.00272071361542,40.74763898361945],[-74.00267779827118,40.74762272745926],[-74.00267779827118,40.74762679149967]]]}},{"type":"Feature","properties":{"id":"d2449484-6f06-47f1-a87a-cc1f22832963","height":22.3,"subtype":null,"class":null},"geometry":{"type":"Polygon","coordinates":[[[-74.00348246097565,40.747078143796216],[-74.00340735912323,40.747045631197636],[-74.00331616401672,40.74717161742856],[-74.00339126586914,40.747204129965525],[-74.00348246097565,40.747078143796216]]]}},{"type":"Feature","properties":{"id":"9af7f599-b6f5-4ed8-9f67-4fecb05f8369","height":5.8,"subtype":null,"class":null},"geometry":{"type":"Polygon","coordinates":[[[-74.00234520435333,40.75111771048313],[-74.0023022890091,40.75110145517337],[-74.00217354297638,40.75128432717935],[-74.00220572948456,40.75129651862855],[-74.00216817855835,40.751349348215825],[-74.00217890739441,40.75135341202852],[-74.00234520435333,40.75111771048313]]]}},{"type":"Feature","properties":{"id":"8509d973-0faf-46e6-b295-25ff63bc36de","height":22,"subtype":null,"class":null},"geometry":{"type":"Polygon","coordinates":[[[-74.00312304496765,40.74699686227001],[-74.00301575660706,40.74699686227001],[-74.0029889345169,40.74703343896908],[-74.00306940078735,40.74707001564806],[-74.00312304496765,40.74699686227001]]]}},{"type":"Feature","properties":{"id":"6de6e812-d2b0-4493-a525-012236c13b50","height":75,"subtype":null,"class":null},"geometry":{"type":"Polygon","coordinates":[[[-73.99573624134064,40.74974818669733],[-73.9958381652832,40.74960188575298],[-73.99561822414398,40.74951247946183],[-73.99550020694733,40.74966690843465],[-73.99573087692261,40.74975631451815],[-73.99573624134064,40.74974818669733]]]}},{"type":"Feature","properties":{"id":"8d2d7e9b-37eb-4c91-b61b-6e5f010a212e","height":37.2,"subtype":null,"class":null},"geometry":{"type":"Polygon","coordinates":[[[-73.99677157402039,40.75043904791903],[-73.9967393875122,40.75042685631263],[-73.99665892124176,40.750536580689754],[-73.99669110774994,40.75055283613764],[-73.99668574333191,40.750560963860096],[-73.99676084518433,40.750593474739986],[-73.99677157402039,40.75058534702151],[-73.99680376052856,40.75059753859884],[-73.99688422679901,40.75048375045671],[-73.99685740470886,40.75047562272482],[-73.99686813354492,40.75046343112513],[-73.99681985378265,40.75044311178735],[-73.99681448936462,40.750451239523215],[-73.99677157402039,40.750430920181685],[-73.99677157402039,40.75043904791903]]]}},{"type":"Feature","properties":{"id":"63ddbded-ee61-4d81-80aa-e700686761ba","height":5.1,"subtype":null,"class":null},"geometry":{"type":"Polygon","coordinates":[[[-74.0028977394104,40.75027649298323],[-74.00294065475464,40.75021553477984],[-74.00262951850891,40.750085490425846],[-74.0025383234024,40.750203343132455],[-74.00272607803345,40.75028462073945],[-74.00277435779572,40.750223662543505],[-74.0028977394104,40.75027649298323]]]}},{"type":"Feature","properties":{"id":"13692e4e-8393-461b-97e8-c1d4448fe348","height":13,"subtype":null,"class":null},"geometry":{"type":"Polygon","coordinates":[[[-74.00290846824646,40.74859809003743],[-74.00285482406616,40.74857370614734],[-74.00277435779572,40.748683433582386],[-74.00282800197601,40.74870781743226],[-74.00290846824646,40.74859809003743]]]}},{"type":"Feature","properties":{"id":"6e1319eb-b49f-47c7-8131-c271bd6ad2f8","height":10.7,"subtype":null,"class":null},"geometry":{"type":"Polygon","coordinates":[[[-74.00247395038605,40.74798442608423],[-74.00240957736969,40.74795597794906],[-74.00233447551727,40.748061642389786],[-74.00239884853363,40.748090090479764],[-74.00247395038605,40.74798442608423]]]}},{"type":"Feature","properties":{"id":"bbf9244a-a269-4ffc-97cd-0a125e5fb7ed","height":21.4,"subtype":null,"class":null},"geometry":{"type":"Polygon","coordinates":[[[-74.00200724601746,40.74784624931365],[-74.0019965171814,40.74784218528666],[-74.00196969509125,40.74787876152078],[-74.00198578834534,40.74788282554556],[-74.00196433067322,40.74791127371205],[-74.00195896625519,40.747907209689004],[-74.00191605091095,40.74796817000848],[-74.00198578834534,40.747996618138444],[-74.00202870368958,40.747939721866345],[-74.00201261043549,40.747931593823495],[-74.0020340681076,40.74790314566573],[-74.0020501613617,40.74791127371205],[-74.00207698345184,40.747874697495774],[-74.00206625461578,40.74787063347051],[-74.00207698345184,40.74785031334042],[-74.0020877122879,40.747854377366934],[-74.00213062763214,40.747797480973134],[-74.0020501613617,40.747760904694275],[-74.00200724601746,40.74782186514787],[-74.00201797485352,40.747825929176116],[-74.00200724601746,40.74784624931365]]]}},{"type":"Feature","properties":{"id":"a5de6bf3-4288-44ed-98aa-f2f18d82162d","height":56,"subtype":null,"class":null},"geometry":{"type":"Polygon","coordinates":[[[-73.99495303630829,40.74911827756296],[-73.99489402770996,40.7490938938636],[-73.99472236633301,40.74932960258286],[-73.99487793445587,40.74939868946291],[-73.99504959583282,40.74916298098856],[-73.99495303630829,40.74911827756296]]]}},{"type":"Feature","properties":{"id":"9721f16c-1ae5-4741-a378-dd980f435779","height":75.2,"subtype":"residential","class":"dormitory"},"geometry":{"type":"Polygon","coordinates":[[[-73.99850964546204,40.751446879651354],[-73.99847745895386,40.75140217776118],[-73.99830043315887,40.75164600588798],[-73.99922847747803,40.75203612903107],[-73.99937868118286,40.7518288763963],[-73.99918019771576,40.75175572825333],[-73.99916410446167,40.7517801109766],[-73.99856328964233,40.75155660234532],[-73.99849355220795,40.75147126248788],[-73.99850964546204,40.751446879651354]]]}},{"type":"Feature","properties":{"id":"d7378b4b-740e-4567-b7a0-c6f83679f5ad","height":63,"subtype":"residential","class":"apartments"},"geometry":{"type":"Polygon","coordinates":[[[-73.99522662162781,40.748927271678696],[-73.99512469768524,40.74888256809464],[-73.99495303630829,40.74911827756296],[-73.99504959583282,40.74916298098856],[-73.99522662162781,40.748927271678696]]]}},{"type":"Feature","properties":{"id":"a083ba89-268e-46b9-b5be-9a7516b8a60c","height":15.3,"subtype":null,"class":null},"geometry":{"type":"Polygon","coordinates":[[[-73.99647653102875,40.749475904126285],[-73.99640679359436,40.749447456629156],[-73.99631023406982,40.74958156615193],[-73.99637997150421,40.74961001359165],[-73.99647653102875,40.749475904126285]]]}},{"type":"Feature","properties":{"id":"3d0bdfbe-a059-4524-88d1-9e968bd7a142","height":20.3,"subtype":null,"class":null},"geometry":{"type":"Polygon","coordinates":[[[-74.00001168251038,40.749479968053464],[-73.99982392787933,40.74939868946291],[-73.99964690208435,40.74963846101923],[-73.9997810125351,40.7496953558379],[-73.99975955486298,40.74972380322896],[-73.99986147880554,40.74976444233795],[-73.99993658065796,40.749658780602914],[-73.99989366531372,40.74963846101923],[-74.00001168251038,40.749479968053464]]]}},{"type":"Feature","properties":{"id":"876c092e-3a6a-49fc-9233-78919842e1d9","height":19,"subtype":null,"class":null},"geometry":{"type":"Polygon","coordinates":[[[-73.99641215801239,40.747431717279255],[-73.99642825126648,40.74743984538321],[-73.99639070034027,40.74748861398601],[-73.99661064147949,40.747582087041366],[-73.99672329425812,40.74742765322691],[-73.99640142917633,40.74729353936024],[-73.9962887763977,40.747447973486146],[-73.99637460708618,40.74748048588802],[-73.99641215801239,40.747431717279255]]]}},{"type":"Feature","properties":{"id":"94541f5d-d607-431f-ad43-1b01d46c5900","height":12.9,"subtype":null,"class":null},"geometry":{"type":"Polygon","coordinates":[[[-73.99757623672485,40.75036589824708],[-73.99752259254456,40.75034557887949],[-73.99743676185608,40.75046343112513],[-73.99749040603638,40.7504878143223],[-73.99757623672485,40.75036589824708]]]}},{"type":"Feature","properties":{"id":"d34c0676-e50f-42f3-9ef5-b2af783b9663","height":10.5,"subtype":null,"class":null},"geometry":{"type":"Polygon","coordinates":[[[-74.00240957736969,40.74795597794906],[-74.0023398399353,40.7479275298017],[-74.00226473808289,40.74803319428764],[-74.00233447551727,40.748061642389786],[-74.00240957736969,40.74795597794906]]]}},{"type":"Feature","properties":{"id":"9961750e-60ce-406b-a825-d7da56408452","height":19,"subtype":null,"class":null},"geometry":{"type":"Polygon","coordinates":[[[-73.99676084518433,40.75039840922233],[-73.99648189544678,40.75028055686147],[-73.99637460708618,40.750430920181685],[-73.9966481924057,40.75054877227606],[-73.99676084518433,40.75039840922233]]]}},{"type":"Feature","properties":{"id":"e3c9c4ae-3baa-4003-8316-d2ff997ba547","height":74.5,"subtype":null,"class":null},"geometry":{"type":"Polygon","coordinates":[[[-74.00047838687897,40.74791940175737],[-74.00031208992004,40.7481469866232],[-74.00065004825592,40.74828922676883],[-74.00081098079681,40.748061642389786],[-74.00047838687897,40.74791940175737]]]}},{"type":"Feature","properties":{"id":"783fcf40-665d-4869-9458-898d0efd34f1","height":16.8,"subtype":null,"class":null},"geometry":{"type":"Polygon","coordinates":[[[-73.99653017520905,40.749528735160084],[-73.99646043777466,40.74950028768558],[-73.99636924266815,40.74962220534783],[-73.99643898010254,40.74965471668668],[-73.99653017520905,40.749528735160084]]]}},{"type":"Feature","properties":{"id":"36978c0d-dda1-4a2f-a8df-3ea35e3ed1c6","height":8.9,"subtype":null,"class":null},"geometry":{"type":"Polygon","coordinates":[[[-74.00282263755798,40.75024398194839],[-74.00277435779572,40.750223662543505],[-74.00272607803345,40.75028462073945],[-74.00277972221375,40.75030494012566],[-74.00282263755798,40.75024398194839]]]}},{"type":"Feature","properties":{"id":"95e46ef4-466c-4f9f-9ea7-2c826c55ac43","height":11.7,"subtype":null,"class":null},"geometry":{"type":"Polygon","coordinates":[[[-74.00254368782043,40.748012874207234],[-74.00247395038605,40.74798442608423],[-74.00239884853363,40.748090090479764],[-74.00246322154999,40.74811853855758],[-74.00254368782043,40.748012874207234]]]}},{"type":"Feature","properties":{"id":"d4a26aa5-bbf5-4162-84f8-7d9eb3802d37","height":59.2,"subtype":null,"class":null},"geometry":{"type":"Polygon","coordinates":[[[-73.9994215965271,40.74711878452206],[-73.99943232536316,40.74712284859328],[-73.99941623210907,40.74719193776605],[-73.99954497814178,40.74721225809728],[-73.99956107139587,40.747143168945684],[-73.99957716464996,40.747143168945684],[-73.999582529068,40.74712284859328],[-73.99974882602692,40.7471472330154],[-73.9997810125351,40.747025310815474],[-73.99964690208435,40.74700499042709],[-73.99965226650238,40.74699686227001],[-73.99931967258453,40.74699686227001],[-73.99929821491241,40.74708220786994],[-73.99942696094513,40.747102528234706],[-73.9994215965271,40.74711878452206]]]}},{"type":"Feature","properties":{"id":"9f2252e1-9bb5-499d-98c0-dc910663bae0","height":20.6,"subtype":null,"class":null},"geometry":{"type":"Polygon","coordinates":[[[-73.99618148803711,40.74937024193278],[-73.99610638618469,40.74933773045481],[-73.99600982666016,40.74946777627119],[-73.9960902929306,40.74950028768558],[-73.99618148803711,40.74937024193278]]]}},{"type":"Feature","properties":{"id":"948a1703-e96b-4ac0-8d50-d9b749bd30e7","height":13.3,"subtype":null,"class":null},"geometry":{"type":"Polygon","coordinates":[[[-73.99562358856201,40.749898551221406],[-73.99540364742279,40.749805081422096],[-73.99536073207855,40.74986604000176],[-73.99558067321777,40.74995950971538],[-73.99562358856201,40.749898551221406]]]}},{"type":"Feature","properties":{"id":"2b0e5950-72e3-4f02-873b-3cdf0096d69e","height":4.8,"subtype":null,"class":null},"geometry":{"type":"Polygon","coordinates":[[[-74.00222718715668,40.749699419751664],[-74.00226473808289,40.74968316409516],[-74.00231301784515,40.749703483665144],[-74.00230765342712,40.749760378428164],[-74.00238275527954,40.74979288969945],[-74.0024471282959,40.74975631451815],[-74.0024471282959,40.749707547578424],[-74.0025007724762,40.74967910018037],[-74.00250613689423,40.74961814142935],[-74.00244176387787,40.74959782183328],[-74.00244176387787,40.74954499085433],[-74.00236666202545,40.74952060731147],[-74.00231301784515,40.74954499085433],[-74.00227010250092,40.749528735160084],[-74.00226473808289,40.749475904126285],[-74.0021950006485,40.749447456629156],[-74.00212526321411,40.74948403198036],[-74.00213599205017,40.749670972350145],[-74.00222718715668,40.749699419751664]]]}},{"type":"Feature","properties":{"id":"b55f027a-0656-426a-ab9b-05d917f2960b","height":41.1,"subtype":"residential","class":"residential"},"geometry":{"type":"Polygon","coordinates":[[[-74.00283873081207,40.75163787829817],[-74.00266706943512,40.75187357799962],[-74.00321960449219,40.75210114933239],[-74.00339126586914,40.751865450437606],[-74.00283873081207,40.75163787829817]]]}},{"type":"Feature","properties":{"id":"27895be7-d9ce-40d0-98b6-3d834ccf8f8a","height":16.6,"subtype":null,"class":null},"geometry":{"type":"Polygon","coordinates":[[[-73.99618148803711,40.747078143796216],[-73.99616003036499,40.74707001564806],[-73.99610638618469,40.747139104875714],[-73.99618685245514,40.74717568149654],[-73.99624049663544,40.747102528234706],[-73.99621903896332,40.74709440008954],[-73.99624049663544,40.747061887498916],[-73.99626195430756,40.74707001564806],[-73.99631559848785,40.74699686227001],[-73.99621367454529,40.74699686227001],[-73.99618148803711,40.74703750304553],[-73.99620294570923,40.747045631197636],[-73.99618148803711,40.747078143796216]]]}},{"type":"Feature","properties":{"id":"454a8a20-a01a-4f37-8ebf-c2e710831127","height":12.6,"subtype":null,"class":null},"geometry":{"type":"Polygon","coordinates":[[[-74.00285482406616,40.74857370614734],[-74.0027904510498,40.748545258264244],[-74.00270462036133,40.74865498574624],[-74.00277435779572,40.748683433582386],[-74.00285482406616,40.74857370614734]]]}},{"type":"Feature","properties":{"id":"220c7bc9-eb2f-4eba-b8fa-955f30c8a1db","height":10.9,"subtype":null,"class":null},"geometry":{"type":"Polygon","coordinates":[[[-73.99558067321777,40.74995950971538],[-73.99536073207855,40.74986604000176],[-73.99531781673431,40.74992699852555],[-73.99562358856201,40.750057043189486],[-73.99566650390625,40.749996084784925],[-73.99558067321777,40.74995950971538]]]}},{"type":"Feature","properties":{"id":"c831775a-c863-4393-b410-ce88f7a414ca","height":14.2,"subtype":"religious","class":null},"geometry":{"type":"Polygon","coordinates":[[[-74.0002316236496,40.747025310815474],[-74.00015652179718,40.74699686227001],[-74.00015115737915,40.74699686227001],[-74.00000631809235,40.747196001832776],[-74.00015115737915,40.747256962804215],[-74.00029599666595,40.7470537593488],[-74.00025844573975,40.74703750304553],[-74.00027990341187,40.7470131185832],[-74.00024771690369,40.747000926348704],[-74.0002316236496,40.747025310815474]]]}},{"type":"Feature","properties":{"id":"6c9826fc-22d6-4080-b6c7-b3299d32d49b","height":10.8,"subtype":null,"class":null},"geometry":{"type":"Polygon","coordinates":[[[-74.00306940078735,40.7482323307471],[-74.00299966335297,40.748203882717974],[-74.00292456150055,40.7483095467648],[-74.0029889345169,40.74833799474874],[-74.00306940078735,40.7482323307471]]]}},{"type":"Feature","properties":{"id":"e1ff18f3-6114-4ebd-86cc-14512dc6e95a","height":22.5,"subtype":"residential","class":"apartments"},"geometry":{"type":"Polygon","coordinates":[[[-73.99847745895386,40.749293027146706],[-73.99854183197021,40.74932147470989],[-73.99865984916687,40.749158917042024],[-73.99859547615051,40.749130469409295],[-73.99847745895386,40.749293027146706]]]}},{"type":"Feature","properties":{"id":"ae3631c7-7253-44a6-84c1-455bae3a80bd","height":16.6,"subtype":null,"class":null},"geometry":{"type":"Polygon","coordinates":[[[-73.99595618247986,40.749630333184],[-73.99592399597168,40.74961407751064],[-73.99580597877502,40.749776634065796],[-73.99587571620941,40.749805081422096],[-73.99596691131592,40.74967910018037],[-73.99592936038971,40.749662844518895],[-73.99595618247986,40.749630333184]]]}},{"type":"Feature","properties":{"id":"350baf57-e8ce-45d1-a98b-1d614436ac24","height":11.4,"subtype":null,"class":null},"geometry":{"type":"Polygon","coordinates":[[[-73.99782299995422,40.75047562272482],[-73.9977639913559,40.750451239523215],[-73.99767816066742,40.75056502772097],[-73.99773716926575,40.75058941088088],[-73.99782299995422,40.75047562272482]]]}},{"type":"Feature","properties":{"id":"b85e2f86-b476-43f5-9bdd-26915b8adc79","height":31.8,"subtype":null,"class":null},"geometry":{"type":"Polygon","coordinates":[[[-73.99604201316833,40.749805081422096],[-73.99598836898804,40.749780697974586],[-73.99594008922577,40.7498457204814],[-73.9961439371109,40.749931062425134],[-73.99619221687317,40.74986604000176],[-73.99613857269287,40.7498457204814],[-73.99618685245514,40.749776634065796],[-73.99624049663544,40.74980101751481],[-73.9962887763977,40.74973599496428],[-73.99608492851257,40.749650652770185],[-73.9960366487503,40.74971567540416],[-73.9960902929306,40.74973599496428],[-73.99604201316833,40.749805081422096]]]}},{"type":"Feature","properties":{"id":"c5dba4ae-ef63-47bf-bc47-8636a583315e","height":22,"subtype":null,"class":null},"geometry":{"type":"Polygon","coordinates":[[[-74.00301575660706,40.74699686227001],[-74.00291383266449,40.74699686227001],[-74.00290846824646,40.747000926348704],[-74.0029889345169,40.74703343896908],[-74.00301575660706,40.74699686227001]]]}},{"type":"Feature","properties":{"id":"6b774391-744b-483f-8d61-1f653725efac","height":10.1,"subtype":null,"class":null},"geometry":{"type":"Polygon","coordinates":[[[-74.00330543518066,40.75071132654625],[-74.00322496891022,40.750678815724],[-74.00307476520538,40.75089013578446],[-74.00315523147583,40.7509226465034],[-74.00330543518066,40.75071132654625]]]}},{"type":"Feature","properties":{"id":"24200290-6a59-4f84-a95d-0e090c8e11aa","height":47,"subtype":null,"class":null},"geometry":{"type":"Polygon","coordinates":[[[-74.00247395038605,40.747151297084855],[-74.0023934841156,40.747261026866965],[-74.00249004364014,40.747305731541104],[-74.00274217128754,40.74740733296147],[-74.00282263755798,40.747297603420776],[-74.00258660316467,40.74719193776605],[-74.00256514549255,40.74718787369903],[-74.00247395038605,40.747151297084855]]]}},{"type":"Feature","properties":{"id":"49dbe715-aaf4-4284-b7c0-7725c8b0472b","height":12.1,"subtype":null,"class":null},"geometry":{"type":"Polygon","coordinates":[[[-74.00330543518066,40.74859809003743],[-74.0031498670578,40.74853306631064],[-74.00311768054962,40.74858183411172],[-74.00327324867249,40.74864685779082],[-74.00330543518066,40.74859809003743]]]}},{"type":"Feature","properties":{"id":"86c7e354-9314-43f7-ab1f-2bc7911d8a9d","height":14.7,"subtype":null,"class":null},"geometry":{"type":"Polygon","coordinates":[[[-73.99595618247986,40.749382433732876],[-73.99595081806183,40.7493905615984],[-73.99604201316833,40.7494271369809],[-73.99613320827484,40.74930115502315],[-73.99604201316833,40.74926457957133],[-73.99595618247986,40.749382433732876]]]}},{"type":"Feature","properties":{"id":"6fcfc4d2-8465-4c03-bd3b-2932bf00a2da","height":17.5,"subtype":null,"class":null},"geometry":{"type":"Polygon","coordinates":[[[-74.0019965171814,40.75096734871599],[-74.00194823741913,40.75102424239759],[-74.0022486448288,40.75115428491563],[-74.00229156017303,40.75109332751697],[-74.0019965171814,40.75096734871599]]]}},{"type":"Feature","properties":{"id":"39f886e6-be66-47ff-9189-8c78f6f34323","height":10.5,"subtype":null,"class":null},"geometry":{"type":"Polygon","coordinates":[[[-73.99574160575867,40.74878096892823],[-73.99553775787354,40.74869562550842],[-73.99550557136536,40.74873626524578],[-73.99570941925049,40.74882160861341],[-73.99574160575867,40.74878096892823]]]}},{"type":"Feature","properties":{"id":"94ba6f18-a50c-4a14-8cd8-f5910bf2c857","height":47,"subtype":null,"class":null},"geometry":{"type":"Polygon","coordinates":[[[-74.00326251983643,40.74748454993713],[-74.00317132472992,40.74744390943479],[-74.00309085845947,40.747553638734075],[-74.00316059589386,40.747582087041366],[-74.00316059589386,40.747590215126934],[-74.00319814682007,40.747606471295086],[-74.00319814682007,40.74761053533652],[-74.00332152843475,40.74766336785231],[-74.00332152843475,40.74765930381412],[-74.00336444377899,40.74767555996536],[-74.00336444377899,40.74766743189025],[-74.00343954563141,40.7476999441848],[-74.00352001190186,40.747590215126934],[-74.00342881679535,40.747553638734075],[-74.00341808795929,40.74754144659866],[-74.00328397750854,40.74748454993713],[-74.00326251983643,40.74748454993713]]]}},{"type":"Feature","properties":{"id":"2d15b2c6-61b8-49a0-8a11-5ee769de98e7","height":26,"subtype":null,"class":null},"geometry":{"type":"Polygon","coordinates":[[[-73.99790346622467,40.75147939009807],[-73.99830043315887,40.75164600588798],[-73.99842917919159,40.75147126248788],[-73.99802684783936,40.75130464626008],[-73.99790346622467,40.75147939009807]]]}},{"type":"Feature","properties":{"id":"a24a0e8d-24d5-40a1-a98b-d4698c8eddde","height":15.4,"subtype":null,"class":null},"geometry":{"type":"Polygon","coordinates":[[[-73.99596154689789,40.74699686227001],[-73.99584889411926,40.74699686227001],[-73.99583280086517,40.74701718266087],[-73.99591863155365,40.7470537593488],[-73.99596154689789,40.74699686227001]]]}},{"type":"Feature","properties":{"id":"06f0d319-8b75-49b2-b322-4d98d18775ee","height":55.8,"subtype":"residential","class":"apartments"},"geometry":{"type":"Polygon","coordinates":[[[-74.00089144706726,40.748407082659014],[-74.00086998939514,40.74839895467329],[-74.00075197219849,40.74856151419894],[-74.00091826915741,40.74863060187701],[-74.00103628635406,40.74847210650901],[-74.00100946426392,40.748459914541996],[-74.00108993053436,40.74835425073408],[-74.00111138820648,40.74836237872526],[-74.00117576122284,40.74827703476825],[-74.00090217590332,40.748159178647626],[-74.00081634521484,40.7482729707676],[-74.00095045566559,40.74832580275711],[-74.00089144706726,40.748407082659014]]]}},{"type":"Feature","properties":{"id":"f601976e-59f9-4b39-a322-3e78fc0b65d1","height":65,"subtype":"residential","class":"apartments"},"geometry":{"type":"Polygon","coordinates":[[[-73.99621903896332,40.74893946356005],[-73.99624586105347,40.74894759147972],[-73.99616003036499,40.749057318297815],[-73.99631023406982,40.74912234151199],[-73.99637460708618,40.74903699853036],[-73.9963960647583,40.74904512643806],[-73.99640142917633,40.74903293457609],[-73.99651944637299,40.74908576596184],[-73.99658381938934,40.74899635897677],[-73.99646580219269,40.74894352752],[-73.99647116661072,40.748935399599844],[-73.9964497089386,40.748927271678696],[-73.99653017520905,40.748813480678365],[-73.99638533592224,40.74875252113378],[-73.99632096290588,40.74884192844672],[-73.99629950523376,40.748829736547464],[-73.9962887763977,40.74884192844672],[-73.99619221687317,40.748801288773905],[-73.99612784385681,40.74888663205809],[-73.99622976779938,40.748927271678696],[-73.99621903896332,40.74893946356005]]]}},{"type":"Feature","properties":{"id":"f0e2ac31-ac1a-46e7-b948-90fb455821f2","height":16.1,"subtype":null,"class":null},"geometry":{"type":"Polygon","coordinates":[[[-73.99794638156891,40.7501220654261],[-73.99792492389679,40.75011393765001],[-73.99783372879028,40.7502317903062],[-73.99786055088043,40.75024398194839],[-73.99782299995422,40.750296812371914],[-73.99786591529846,40.75031306787844],[-73.99801075458527,40.75011393765001],[-73.99798393249512,40.75010174598398],[-73.99795711040497,40.75010987376157],[-73.99794638156891,40.7501220654261]]]}},{"type":"Feature","properties":{"id":"6784165a-9973-49a1-90ba-09ec3f52587e","height":47,"subtype":null,"class":null},"geometry":{"type":"Polygon","coordinates":[[[-74.00221109390259,40.74704156712173],[-74.00213062763214,40.74700499042709],[-74.0020501613617,40.74711472045061],[-74.00211989879608,40.747143168945684],[-74.00211453437805,40.747151297084855],[-74.00215208530426,40.74717161742856],[-74.00228083133698,40.74722445029306],[-74.00231838226318,40.74723664248663],[-74.00232374668121,40.74723257842231],[-74.0023934841156,40.747261026866965],[-74.00247395038605,40.747151297084855],[-74.00237202644348,40.74711065637888],[-74.00236129760742,40.747098464162235],[-74.00223791599274,40.747045631197636],[-74.00221109390259,40.74704156712173]]]}},{"type":"Feature","properties":{"id":"a5b9e7ae-cff5-4976-8c08-bfdb7a79e9c0","height":12.5,"subtype":null,"class":null},"geometry":{"type":"Polygon","coordinates":[[[-73.9956933259964,40.74941088125783],[-73.99561822414398,40.74951247946183],[-73.9958381652832,40.74960188575298],[-73.99591326713562,40.74950028768558],[-73.9956933259964,40.74941088125783]]]}},{"type":"Feature","properties":{"id":"6d952886-14b0-4a53-ab6d-ded48adc42bd","height":14.1,"subtype":null,"class":null},"geometry":{"type":"Polygon","coordinates":[[[-73.99698078632355,40.7504878143223],[-73.99690568447113,40.75045530339074],[-73.99683594703674,40.75054877227606],[-73.99691104888916,40.75058128316189],[-73.99698078632355,40.7504878143223]]]}},{"type":"Feature","properties":{"id":"6a0f9499-5418-44ba-af0c-5d6c081135f3","height":27,"subtype":null,"class":null},"geometry":{"type":"Polygon","coordinates":[[[-74.00199115276337,40.746423824691135],[-74.00205552577972,40.74633441412712],[-74.001744389534,40.746200298055726],[-74.00157272815704,40.74643601703144],[-74.00174975395203,40.746509171026446],[-74.00185167789459,40.74636692707338],[-74.00199115276337,40.746423824691135]]]}},{"type":"Feature","properties":{"id":"733edd76-e5f9-4c87-911d-9ed6a720226c","height":11.1,"subtype":null,"class":null},"geometry":{"type":"Polygon","coordinates":[[[-74.00232374668121,40.74379835534461],[-74.00227010250092,40.743778033970244],[-74.00218427181244,40.743895897855225],[-74.00223791599274,40.74392028346051],[-74.00232374668121,40.74379835534461]]]}},{"type":"Feature","properties":{"id":"e0a9c964-7aec-488d-8455-a23997f7f4fa","height":15.1,"subtype":null,"class":null},"geometry":{"type":"Polygon","coordinates":[[[-74.00207698345184,40.7429245306395],[-74.00200188159943,40.74289608033982],[-74.00192141532898,40.74300175282005],[-74.0019965171814,40.74303426739556],[-74.00207698345184,40.7429245306395]]]}},{"type":"Feature","properties":{"id":"2bd7780d-4e72-4044-be2d-232332f65754","height":10.4,"subtype":null,"class":null},"geometry":{"type":"Polygon","coordinates":[[[-73.99817168712616,40.74235552233418],[-73.99809658527374,40.74232300742685],[-73.99794638156891,40.74252622533689],[-73.99802148342133,40.74255874014486],[-73.99817168712616,40.74235552233418]]]}},{"type":"Feature","properties":{"id":"90659113-2dac-4145-ae1e-4202a3bc3f7a","height":14.7,"subtype":null,"class":null},"geometry":{"type":"Polygon","coordinates":[[[-74.00155663490295,40.745001369644086],[-74.00148689746857,40.74497292023281],[-74.00140106678009,40.74509078200026],[-74.00147080421448,40.745119231361116],[-74.00155663490295,40.745001369644086]]]}},{"type":"Feature","properties":{"id":"2a1fb606-400c-48b5-a923-8cae4f6081c4","height":22.6,"subtype":null,"class":null},"geometry":{"type":"Polygon","coordinates":[[[-73.9975118637085,40.74558254781061],[-73.99749040603638,40.74557441947965],[-73.99745285511017,40.745631317775434],[-73.99758160114288,40.74568821602253],[-73.99761915206909,40.74563538193755],[-73.997603058815,40.74562725361304],[-73.99766206741333,40.745541906145945],[-73.99764597415924,40.74553377781004],[-73.99765133857727,40.74552564947314],[-73.99769425392151,40.74553377781004],[-73.99772644042969,40.74548500777371],[-73.99759769439697,40.74542810935276],[-73.99756014347076,40.74548094360239],[-73.99758160114288,40.745489071944746],[-73.99759232997894,40.745501264456436],[-73.99758160114288,40.74551345696588],[-73.9975655078888,40.74550532862651],[-73.9975118637085,40.74558254781061]]]}},{"type":"Feature","properties":{"id":"d407d599-e480-4c29-905f-35d1454924bd","height":72.8,"subtype":null,"class":null},"geometry":{"type":"Polygon","coordinates":[[[-73.99492621421814,40.74537527506115],[-73.99570941925049,40.745708536813254],[-73.9960527420044,40.745237092869274],[-73.99526953697205,40.744903828754786],[-73.99492621421814,40.74537527506115]]]}},{"type":"Feature","properties":{"id":"ee9d0ffe-ec0d-4f06-808a-757e4c3d4d05","height":10.7,"subtype":null,"class":null},"geometry":{"type":"Polygon","coordinates":[[[-74.00102019309998,40.74293672362131],[-74.00095045566559,40.74290827332689],[-74.0008807182312,40.742997688496985],[-74.00095045566559,40.74303020307451],[-74.00102019309998,40.74293672362131]]]}},{"type":"Feature","properties":{"id":"140aa580-3c50-4a3d-bd98-e3ed1d069a13","height":17.4,"subtype":null,"class":null},"geometry":{"type":"Polygon","coordinates":[[[-74.00090754032135,40.7449525992173],[-74.00090217590332,40.744948535013464],[-74.00087535381317,40.744985112839146],[-74.00095582008362,40.74501762644505],[-74.00100409984589,40.744948535013464],[-74.00098264217377,40.744940406605025],[-74.00100946426392,40.74490789296132],[-74.001025557518,40.744920085579594],[-74.00105774402618,40.74486318667533],[-74.00107383728027,40.74485912246601],[-74.00110602378845,40.74481441614722],[-74.001025557518,40.74477783822769],[-74.0009880065918,40.74482660878263],[-74.00099337100983,40.74483880141577],[-74.00095045566559,40.744887571926],[-74.00097191333771,40.74489163613353],[-74.00094509124756,40.74492414978519],[-74.00092899799347,40.74491602137374],[-74.00090754032135,40.7449525992173]]]}},{"type":"Feature","properties":{"id":"580520e6-a1fe-45e2-9dc0-fd81b04a61e0","height":17.5,"subtype":null,"class":null},"geometry":{"type":"Polygon","coordinates":[[[-74.0000331401825,40.74446082874891],[-74.0000170469284,40.74446489298259],[-73.99999558925629,40.74449334261118],[-74.00001168251038,40.74449740684281],[-73.99993658065796,40.74459088410248],[-74.00000631809235,40.74461933367718],[-74.00004923343658,40.7445664987431],[-74.0000331401825,40.74456243451564],[-74.00005996227264,40.74452179222757],[-74.00007605552673,40.74452992068717],[-74.00011360645294,40.74446082874891],[-74.000124335289,40.74446489298259],[-74.00016188621521,40.744412057925786],[-74.00008141994476,40.744379544023786],[-74.00004386901855,40.74442831487082],[-74.00004923343658,40.74444050757697],[-74.0000331401825,40.74446082874891]]]}},{"type":"Feature","properties":{"id":"3434b9cd-ac67-4d76-b363-ac7884a8f893","height":60,"subtype":null,"class":null},"geometry":{"type":"Polygon","coordinates":[[[-73.9984667301178,40.74672050433779],[-73.99848818778992,40.746708312049606],[-73.9985740184784,40.7467814657451],[-73.99869740009308,40.746692055661896],[-73.99857938289642,40.7465985813555],[-73.99862766265869,40.74656606852247],[-73.99863302707672,40.74657013262748],[-73.99880468845367,40.74644820936953],[-73.99879932403564,40.7464441452571],[-73.99884760379791,40.746411632348554],[-73.99896025657654,40.74650510691774],[-73.99908363819122,40.746415696463],[-73.99899244308472,40.746346606483826],[-73.99901390075684,40.746330350007725],[-73.99900317192078,40.746326285888074],[-73.99908363819122,40.7462693881869],[-73.99899244308472,40.74619623392812],[-73.9989173412323,40.74625313169187],[-73.99890661239624,40.74624500344291],[-73.99888515472412,40.746257195816014],[-73.99876713752747,40.74616372089841],[-73.99864912033081,40.746249067567504],[-73.99874031543732,40.74632222176817],[-73.9987188577652,40.74633847824629],[-73.99872958660126,40.74634254236517],[-73.99864375591278,40.74640756823388],[-73.99861693382263,40.74638318354059],[-73.99856328964233,40.746423824691135],[-73.99859011173248,40.7464441452571],[-73.998504281044,40.74650510691774],[-73.99849355220795,40.746496978699554],[-73.99847209453583,40.74651323513493],[-73.99838089942932,40.74643601703144],[-73.99826288223267,40.746525427458835],[-73.99837553501129,40.74661890186809],[-73.9983594417572,40.74663109417264],[-73.99837017059326,40.7466392223744],[-73.99828970432281,40.74669611975921],[-73.99838089942932,40.74676520937524],[-73.99845600128174,40.746712376145894],[-73.9984667301178,40.74672050433779]]]}},{"type":"Feature","properties":{"id":"e376e731-e371-4865-8dd8-904f53e9e6c5","height":21.1,"subtype":null,"class":null},"geometry":{"type":"Polygon","coordinates":[[[-74.00292992591858,40.74683836300812],[-74.00284945964813,40.74680178620176],[-74.0027529001236,40.74693590106014],[-74.00283336639404,40.74696841371235],[-74.00292992591858,40.74683836300812]]]}},{"type":"Feature","properties":{"id":"ac5e58af-77ce-4f5b-aa43-39965733d047","height":50.5,"subtype":null,"class":null},"geometry":{"type":"Polygon","coordinates":[[[-73.9947760105133,40.7424896461589],[-73.99459898471832,40.74241242338377],[-73.99444878101349,40.74262376971316],[-73.99462580680847,40.742696927901505],[-73.9947760105133,40.7424896461589]]]}},{"type":"Feature","properties":{"id":"7ad52982-1eaa-4c2d-8cea-7c81ee031b1e","height":36.6,"subtype":"residential","class":"apartments"},"geometry":{"type":"Polygon","coordinates":[[[-73.99703979492188,40.74645227348174],[-73.99672865867615,40.74632222176817],[-73.99655163288116,40.74656200441723],[-73.99685204029083,40.74668799156436],[-73.99693787097931,40.74657013262748],[-73.9969539642334,40.74657419673224],[-73.99703979492188,40.74645227348174]]]}},{"type":"Feature","properties":{"id":"948f5ccc-ef0a-4d27-aa6d-5572800f9819","height":9,"subtype":null,"class":null},"geometry":{"type":"Polygon","coordinates":[[[-73.99786591529846,40.745192386804575],[-73.9977478981018,40.74514361651788],[-73.99757623672485,40.74537527506115],[-73.99769425392151,40.74542404517797],[-73.99786591529846,40.745192386804575]]]}},{"type":"Feature","properties":{"id":"5bfd52a1-05f6-40df-acc9-7b4a2e87fdb0","height":18.4,"subtype":null,"class":null},"geometry":{"type":"Polygon","coordinates":[[[-74.00242030620575,40.74433077314106],[-74.00237739086151,40.74431451617218],[-74.00233447551727,40.744375479784935],[-74.00258660316467,40.74448114991469],[-74.00263488292694,40.74441612216239],[-74.00242567062378,40.74433077314106],[-74.00242030620575,40.7443226446571],[-74.00242030620575,40.74433077314106]]]}},{"type":"Feature","properties":{"id":"2d19d3bf-e3d8-4a0e-87ad-05959e3fadfc","height":27.2,"subtype":null,"class":null},"geometry":{"type":"Polygon","coordinates":[[[-73.99991512298584,40.74546062274209],[-73.99975955486298,40.74567195938545],[-73.99991512298584,40.74573698590984],[-74.00008141994476,40.745501264456436],[-73.99993121623993,40.74543623770157],[-73.99991512298584,40.74546062274209]]]}},{"type":"Feature","properties":{"id":"81773028-1192-47d8-8980-4fffce1afae6","height":50.5,"subtype":null,"class":null},"geometry":{"type":"Polygon","coordinates":[[[-73.99480283260345,40.74249777486685],[-73.9947760105133,40.7424896461589],[-73.99462580680847,40.742696927901505],[-73.99474918842316,40.74274976432079],[-73.99490475654602,40.74254248274286],[-73.99480283260345,40.74249777486685]]]}},{"type":"Feature","properties":{"id":"4b9f89c1-7ed4-4a1b-afc3-7af0e494c7cd","height":17.3,"subtype":null,"class":null},"geometry":{"type":"Polygon","coordinates":[[[-73.998504281044,40.74326999759276],[-73.99844527244568,40.743245611749046],[-73.99831116199493,40.743432569655766],[-73.99837017059326,40.74345695543096],[-73.998504281044,40.74326999759276]]]}},{"type":"Feature","properties":{"id":"563e38b9-f1f0-444f-92d5-a1e42fce57b7","height":14.8,"subtype":null,"class":null},"geometry":{"type":"Polygon","coordinates":[[[-74.00159418582916,40.74425355250352],[-74.0015298128128,40.74422510277236],[-74.00142252445221,40.744375479784935],[-74.00148689746857,40.74440392945178],[-74.00159418582916,40.74425355250352]]]}},{"type":"Feature","properties":{"id":"e104edc5-e45f-462e-b386-784987f6df7a","height":7.3,"subtype":null,"class":null},"geometry":{"type":"Polygon","coordinates":[[[-73.99727046489716,40.74342850535905],[-73.99718999862671,40.743391926677276],[-73.99714708328247,40.74345289113572],[-73.99722754955292,40.74348946978395],[-73.99727046489716,40.74342850535905]]]}},{"type":"Feature","properties":{"id":"b8818ba4-3a29-4a64-b02d-36bc0ce3e7c7","height":10.4,"subtype":null,"class":null},"geometry":{"type":"Polygon","coordinates":[[[-74.0002691745758,40.74369674841063],[-74.00019943714142,40.743668298441264],[-74.00014579296112,40.743745519758306],[-74.00021016597748,40.743773969694615],[-74.0002691745758,40.74369674841063]]]}},{"type":"Feature","properties":{"id":"299e866a-917a-4df1-b81a-bfd6c8137331","height":17.1,"subtype":null,"class":null},"geometry":{"type":"Polygon","coordinates":[[[-74.00308012962341,40.74436328706685],[-74.00303184986115,40.74442425063489],[-74.00319278240204,40.744489278379234],[-74.0032035112381,40.74447302144915],[-74.00335907936096,40.7445380491458],[-74.00339126586914,40.74449334261118],[-74.00308012962341,40.74436328706685]]]}},{"type":"Feature","properties":{"id":"e9e179bd-9bdb-45e7-9c3d-fed2617086b6","height":18.8,"subtype":null,"class":null},"geometry":{"type":"Polygon","coordinates":[[[-73.9995288848877,40.74414788201216],[-73.9994752407074,40.7442169742755],[-73.99966299533844,40.7442941949555],[-73.9996737241745,40.74429013071145],[-73.99970054626465,40.74430232344292],[-73.99970054626465,40.74431045192935],[-73.9997810125351,40.74434296586509],[-73.99982929229736,40.7442779379777],[-73.9995288848877,40.74414788201216]]]}},{"type":"Feature","properties":{"id":"afed87ee-0e81-475d-b688-674b29d548ae","height":24.3,"subtype":null,"class":null},"geometry":{"type":"Polygon","coordinates":[[[-73.99517834186554,40.74345695543096],[-73.99510860443115,40.74342850535905],[-73.99495303630829,40.743647977027166],[-73.99501740932465,40.7436764270052],[-73.99517834186554,40.74345695543096]]]}},{"type":"Feature","properties":{"id":"eca250ab-9e45-4524-b8ba-818f774bb6c8","height":12.1,"subtype":null,"class":null},"geometry":{"type":"Polygon","coordinates":[[[-74.00186240673065,40.74513142394059],[-74.00180876255035,40.74511110297354],[-74.00172829627991,40.74522083612197],[-74.00178730487823,40.74524115705552],[-74.00186240673065,40.74513142394059]]]}},{"type":"Feature","properties":{"id":"342f458f-958a-4ba5-be43-266f8391e52f","height":28.4,"subtype":null,"class":null},"geometry":{"type":"Polygon","coordinates":[[[-73.99675011634827,40.74145322775624],[-73.99660527706146,40.74139226146491],[-73.99646043777466,40.74159141780967],[-73.99660527706146,40.74165238391845],[-73.99675011634827,40.74145322775624]]]}},{"type":"Feature","properties":{"id":"2aee951e-072e-4a95-a57d-9a632c35c70a","height":11.9,"subtype":null,"class":null},"geometry":{"type":"Polygon","coordinates":[[[-74.00072515010834,40.74250590357383],[-74.00068759918213,40.74255874014486],[-74.00100409984589,40.742692863559796],[-74.0010416507721,40.74264002709532],[-74.00072515010834,40.74250590357383]]]}},{"type":"Feature","properties":{"id":"1ea09100-9a6c-4ce4-bea3-d4583b66d90b","height":20.6,"subtype":null,"class":null},"geometry":{"type":"Polygon","coordinates":[[[-73.99913728237152,40.74500543384468],[-73.99910509586334,40.74504607583722],[-73.99920165538788,40.74508671780487],[-73.99934649467468,40.74487944351009],[-73.99923384189606,40.74483473720497],[-73.99915337562561,40.744948535013464],[-73.99911046028137,40.74492821399053],[-73.99919092655182,40.74481848035927],[-73.99907290935516,40.74476564558336],[-73.99892807006836,40.74497292023281],[-73.9990246295929,40.74500949804505],[-73.99905681610107,40.74495666342091],[-73.99907290935516,40.74495666342091],[-73.99913728237152,40.744985112839146],[-73.99914264678955,40.7449932412421],[-73.99913728237152,40.74500543384468]]]}},{"type":"Feature","properties":{"id":"10b6f6b5-51b8-4ed6-b6bd-842981467e78","height":15.4,"subtype":null,"class":null},"geometry":{"type":"Polygon","coordinates":[[[-74.00016188621521,40.74553377781004],[-74.00008141994476,40.745501264456436],[-73.99990975856781,40.74574511422091],[-73.99999022483826,40.74577356330187],[-74.00016188621521,40.74553377781004]]]}},{"type":"Feature","properties":{"id":"78264dbd-5174-44d5-9890-d63d791815cc","height":13.4,"subtype":null,"class":null},"geometry":{"type":"Polygon","coordinates":[[[-73.99709343910217,40.74271318526576],[-73.99691641330719,40.74264002709532],[-73.99683594703674,40.74274569998235],[-73.99701297283173,40.74281885803657],[-73.99709343910217,40.74271318526576]]]}},{"type":"Feature","properties":{"id":"f497fdf0-cc4d-4775-b91e-cadfd1c63cec","height":14.8,"subtype":null,"class":null},"geometry":{"type":"Polygon","coordinates":[[[-73.9969003200531,40.74385525515987],[-73.99685204029083,40.74383493380287],[-73.9967554807663,40.74396905464431],[-73.99679839611053,40.743989375960325],[-73.9969003200531,40.74385525515987]]]}},{"type":"Feature","properties":{"id":"5e047abd-a6e6-46d8-a4af-8b4e71ee483d","height":17.8,"subtype":null,"class":null},"geometry":{"type":"Polygon","coordinates":[[[-74.00156736373901,40.74207508073579],[-74.00155127048492,40.74207914511521],[-74.00150835514069,40.74214417515239],[-74.00152444839478,40.74215230390257],[-74.00151371955872,40.74216449702598],[-74.00155127048492,40.742180754520405],[-74.00156199932098,40.74216449702598],[-74.00158882141113,40.74217669014715],[-74.00163173675537,40.742111660141745],[-74.00163173675537,40.74209540263047],[-74.00164783000946,40.74207101635608],[-74.00166392326355,40.74206695197617],[-74.00170683860779,40.74200192186345],[-74.00162637233734,40.741969406783284],[-74.0015834569931,40.74203443692778],[-74.0015834569931,40.742046630072764],[-74.00156736373901,40.74207508073579]]]}},{"type":"Feature","properties":{"id":"6c42a446-378d-47cc-89cc-62d5a5c045dd","height":20.8,"subtype":null,"class":null},"geometry":{"type":"Polygon","coordinates":[[[-74.00122404098511,40.74180276674784],[-74.00118112564087,40.74185966827031],[-74.00150299072266,40.741993793094906],[-74.0015459060669,40.741936891687175],[-74.00122404098511,40.74180276674784]]]}},{"type":"Feature","properties":{"id":"06f69add-205f-4559-9fbe-21bb87370df7","height":20.5,"subtype":"residential","class":"apartments"},"geometry":{"type":"Polygon","coordinates":[[[-73.99621903896332,40.74628158055555],[-73.99616003036499,40.746257195816014],[-73.99610638618469,40.746326285888074],[-73.99624049663544,40.74637911942415],[-73.99628341197968,40.74632222176817],[-73.99633705615997,40.74634254236517],[-73.99629414081573,40.746403504118945],[-73.9963960647583,40.7464441452571],[-73.99643898010254,40.74638724765674],[-73.99649262428284,40.746411632348554],[-73.9964497089386,40.74646852992805],[-73.99658381938934,40.746525427458835],[-73.99663209915161,40.746456337593685],[-73.99656772613525,40.74643195291824],[-73.99660527706146,40.74638724765674],[-73.99662137031555,40.74638318354059],[-73.99666428565979,40.746403504118945],[-73.99672865867615,40.74632222176817],[-73.99658381938934,40.7462693881869],[-73.9965569972992,40.74630190116494],[-73.99651944637299,40.7462856446779],[-73.99652481079102,40.74627345231002],[-73.99641752243042,40.74622874694194],[-73.99640679359436,40.74624093931806],[-73.99636387825012,40.74622061868999],[-73.99639070034027,40.74618404154384],[-73.9962512254715,40.74612714372097],[-73.9961975812912,40.746208426310176],[-73.99624586105347,40.74622874694194],[-73.9962512254715,40.74623687519292],[-73.99621903896332,40.74628158055555]]]}},{"type":"Feature","properties":{"id":"57bf3d6e-a2d5-4b66-b59b-933538bccbbf","height":18.5,"subtype":"religious","class":"synagogue"},"geometry":{"type":"Polygon","coordinates":[[[-73.99737238883972,40.744407993688895],[-73.99722218513489,40.74434296586509],[-73.99707198143005,40.744542113374706],[-73.99722754955292,40.744607141003826],[-73.99737238883972,40.744407993688895]]]}},{"type":"Feature","properties":{"id":"8462f013-59b8-4a89-ad3c-50350c853a49","height":44.1,"subtype":"residential","class":"apartments"},"geometry":{"type":"Polygon","coordinates":[[[-73.99953424930573,40.74131097298957],[-73.99929285049438,40.74120936225569],[-73.99909973144531,40.74147761425712],[-73.99920701980591,40.74152232281884],[-73.99934113025665,40.74133942396725],[-73.99950742721558,40.741412583568206],[-73.99954497814178,40.74135974608669],[-73.99952352046967,40.74135161723967],[-73.99953424930573,40.741343488391635],[-73.9995127916336,40.74133535954263],[-73.99953424930573,40.74131097298957]]]}},{"type":"Feature","properties":{"id":"e176330f-23c0-4169-a626-509d3b02c899","height":11.9,"subtype":null,"class":null},"geometry":{"type":"Polygon","coordinates":[[[-74.00158882141113,40.74272131394639],[-74.00151908397675,40.74268879921789],[-74.00144398212433,40.74279040769173],[-74.00151371955872,40.74281885803657],[-74.00158882141113,40.74272131394639]]]}},{"type":"Feature","properties":{"id":"547e7806-cd3d-479d-b8d1-1554fd0443ae","height":19.7,"subtype":null,"class":null},"geometry":{"type":"Polygon","coordinates":[[[-74.00237202644348,40.74617997741527],[-74.00231301784515,40.74615559263847],[-74.00221645832062,40.746293772921916],[-74.00227010250092,40.746318157648005],[-74.00237202644348,40.74617997741527]]]}},{"type":"Feature","properties":{"id":"a670bf89-c41e-49f1-9e52-bccd21d4a725","height":17.4,"subtype":null,"class":null},"geometry":{"type":"Polygon","coordinates":[[[-74.00008141994476,40.745204579370665],[-74.0000170469284,40.7451761300463],[-73.99992048740387,40.74530618400112],[-73.99999022483826,40.745334633269806],[-74.00008141994476,40.745204579370665]]]}},{"type":"Feature","properties":{"id":"36b50dea-9ee1-418f-a90f-ef79eef976c5","height":16.6,"subtype":null,"class":null},"geometry":{"type":"Polygon","coordinates":[[[-73.99887979030609,40.74234739360884],[-73.99879932403564,40.74231487869753],[-73.9986652135849,40.742493710513],[-73.99875104427338,40.74252622533689],[-73.99887979030609,40.74234739360884]]]}},{"type":"Feature","properties":{"id":"1e66e60d-5284-4631-96f9-887080e4b0de","height":18.7,"subtype":null,"class":null},"geometry":{"type":"Polygon","coordinates":[[[-73.99841845035553,40.74307084627404],[-73.99842381477356,40.74307897491096],[-73.99839699268341,40.74311148944875],[-73.99846136569977,40.74313993965626],[-73.99848818778992,40.74310336081581],[-73.99849891662598,40.74310336081581],[-73.99858474731445,40.74298549552634],[-73.99850964546204,40.74295704525275],[-73.99841845035553,40.74307084627404]]]}},{"type":"Feature","properties":{"id":"4939ee21-6197-472b-b51e-8f411fa07a2c","height":10.4,"subtype":null,"class":null},"geometry":{"type":"Polygon","coordinates":[[[-74.00310695171356,40.74376990541876],[-74.00296211242676,40.7437089412509],[-74.00292992591858,40.7437495840357],[-74.00307476520538,40.743810548166266],[-74.00310695171356,40.74376990541876]]]}},{"type":"Feature","properties":{"id":"524d6825-4be9-4fbf-8ff9-78521ab6c977","height":15,"subtype":null,"class":null},"geometry":{"type":"Polygon","coordinates":[[[-73.99730265140533,40.74607024584938],[-73.9972597360611,40.746131207852784],[-73.99757623672485,40.7462612599399],[-73.99761915206909,40.74620436218308],[-73.99730265140533,40.74607024584938]]]}},{"type":"Feature","properties":{"id":"4062271a-b1a2-48b1-a5c2-cd95f6cb2fda","height":20.5,"subtype":null,"class":null},"geometry":{"type":"Polygon","coordinates":[[[-74.00052666664124,40.745107038779395],[-74.00050520896912,40.74509484619543],[-74.00046765804291,40.74515174490148],[-74.00060713291168,40.74520864355884],[-74.00064468383789,40.74515580909289],[-74.00062322616577,40.745147680709806],[-74.00072515010834,40.74500543384468],[-74.0006285905838,40.74496479182736],[-74.00052666664124,40.745107038779395]]]}},{"type":"Feature","properties":{"id":"1c1c3965-c242-486d-92aa-ed59431694ad","height":15.6,"subtype":null,"class":null},"geometry":{"type":"Polygon","coordinates":[[[-74.00228083133698,40.744143817759124],[-74.00222182273865,40.74412349649032],[-74.00211453437805,40.744273873732595],[-74.00217354297638,40.7442941949555],[-74.00228083133698,40.744143817759124]]]}},{"type":"Feature","properties":{"id":"81e1cea0-5169-4af7-a94b-f79faaf4b67a","height":12.3,"subtype":null,"class":null},"geometry":{"type":"Polygon","coordinates":[[[-73.99716854095459,40.742530289688744],[-73.99703443050385,40.742473388739995],[-73.99699687957764,40.742530289688744],[-73.99713099002838,40.74258312624045],[-73.99716854095459,40.742530289688744]]]}},{"type":"Feature","properties":{"id":"a774a2ab-79a5-4ca2-9b50-0ac260a36f8c","height":11.8,"subtype":null,"class":null},"geometry":{"type":"Polygon","coordinates":[[[-74.00185704231262,40.74360326989424],[-74.0017819404602,40.74357481988494],[-74.00172293186188,40.74366016987639],[-74.00179266929626,40.743692684130025],[-74.00185704231262,40.74360326989424]]]}},{"type":"Feature","properties":{"id":"28900f07-a8ae-40c9-9393-a14aab4ec43c","height":12.5,"subtype":null,"class":null},"geometry":{"type":"Polygon","coordinates":[[[-74.00292992591858,40.746041796895355],[-74.00286555290222,40.746013347929164],[-74.00277435779572,40.74613933611565],[-74.00283873081207,40.74616372089841],[-74.00292992591858,40.746041796895355]]]}},{"type":"Feature","properties":{"id":"bde7e143-4ecd-4b30-aab9-fa3b4f0ed63f","height":24.8,"subtype":null,"class":null},"geometry":{"type":"Polygon","coordinates":[[[-73.99939477443695,40.74471281076549],[-73.99948060512543,40.74474938872078],[-73.999582529068,40.74461120522852],[-73.99929285049438,40.744489278379234],[-73.99919092655182,40.74462339790114],[-73.99939477443695,40.74471281076549]]]}},{"type":"Feature","properties":{"id":"0b0f25f1-48c0-46d0-88a0-775e218f02e3","height":16.6,"subtype":null,"class":null},"geometry":{"type":"Polygon","coordinates":[[[-73.99897634983063,40.74267254184767],[-73.99888515472412,40.74263596275014],[-73.99872422218323,40.742851372701494],[-73.99881541728973,40.7428920160103],[-73.99897634983063,40.74267254184767]]]}},{"type":"Feature","properties":{"id":"b84704a2-991b-4f18-b30f-77d66fcb4d6f","height":40.8,"subtype":null,"class":null},"geometry":{"type":"Polygon","coordinates":[[[-73.9957469701767,40.74296110957829],[-73.99559676647186,40.74289608033982],[-73.99547338485718,40.74305865331678],[-73.99562895298004,40.743123682396316],[-73.9957469701767,40.74296110957829]]]}},{"type":"Feature","properties":{"id":"98681170-110a-4617-b6a5-d5492a1841b3","height":15.3,"subtype":null,"class":null},"geometry":{"type":"Polygon","coordinates":[[[-74.00195896625519,40.74420884577765],[-74.00201261043549,40.74422916702042],[-74.00212526321411,40.74407878967705],[-74.00207161903381,40.74405846838832],[-74.00195896625519,40.74420884577765]]]}},{"type":"Feature","properties":{"id":"1ee3e733-6f36-466a-af31-2f61b7286590","height":16.6,"subtype":null,"class":null},"geometry":{"type":"Polygon","coordinates":[[[-74.00137424468994,40.74416007476975],[-74.00129914283752,40.74412756074457],[-74.00120794773102,40.74424948825697],[-74.00126695632935,40.74426980948729],[-74.00128304958344,40.74424542401016],[-74.00130450725555,40.74425355250352],[-74.00137424468994,40.74416007476975]]]}},{"type":"Feature","properties":{"id":"25edbc3f-0f06-49e6-888e-fcfafa597c9f","height":11.4,"subtype":null,"class":null},"geometry":{"type":"Polygon","coordinates":[[[-74.00206089019775,40.743688619849195],[-74.00199115276337,40.74366016987639],[-74.00192677974701,40.7437495840357],[-74.0019965171814,40.743778033970244],[-74.00206089019775,40.743688619849195]]]}},{"type":"Feature","properties":{"id":"c5bddd67-25d0-499a-a3c0-22e786d91243","height":16,"subtype":null,"class":null},"geometry":{"type":"Polygon","coordinates":[[[-74.00307476520538,40.7464766581497],[-74.00301039218903,40.74644820936953],[-74.00291383266449,40.74658232494096],[-74.00297820568085,40.74660670956126],[-74.00307476520538,40.7464766581497]]]}},{"type":"Feature","properties":{"id":"75e896af-0aab-4616-bd01-6018577f0956","height":22.4,"subtype":null,"class":null},"geometry":{"type":"Polygon","coordinates":[[[-73.99501204490662,40.7439853116976],[-73.99493157863617,40.74395279758701],[-73.99475455284119,40.74418852452871],[-73.99484038352966,40.74422510277236],[-73.99501204490662,40.7439853116976]]]}},{"type":"Feature","properties":{"id":"bbc07b66-ce3f-463c-9701-a9b462b4bcff","height":19.1,"subtype":null,"class":null},"geometry":{"type":"Polygon","coordinates":[[[-73.99854719638824,40.744273873732595],[-73.99851500988007,40.74426168099589],[-73.9984667301178,40.7443226446571],[-73.99855256080627,40.7443551585869],[-73.99859547615051,40.7442941949555],[-73.99856328964233,40.74428200222252],[-73.9985740184784,40.74426980948729],[-73.99860084056854,40.74428606646708],[-73.99863302707672,40.74424542401016],[-73.99861693382263,40.7442372955158],[-73.99862229824066,40.74422510277236],[-73.99863839149475,40.744233231268225],[-73.99865448474884,40.74420884577765],[-73.99865448474884,40.744192588778986],[-73.99868667125702,40.74414788201216],[-73.99863302707672,40.74412349649032],[-73.99860084056854,40.744168203273546],[-73.99857938289642,40.74417633177637],[-73.9985579252243,40.74420071727886],[-73.99857938289642,40.74420884577765],[-73.9985740184784,40.7442169742755],[-73.99855256080627,40.74420884577765],[-73.99852573871613,40.74424948825697],[-73.99855256080627,40.74426168099589],[-73.99854719638824,40.744273873732595]]]}},{"type":"Feature","properties":{"id":"d269e6ca-3b37-4002-bb48-954281d9eb0a","height":16.8,"subtype":null,"class":null},"geometry":{"type":"Polygon","coordinates":[[[-73.99747431278229,40.74252216098478],[-73.99739921092987,40.742493710513],[-73.99736166000366,40.74254248274286],[-73.99736702442169,40.742554675794736],[-73.9973509311676,40.7425790618918],[-73.99734020233154,40.74257499754293],[-73.99728119373322,40.74265628447347],[-73.9973133802414,40.74266847750448],[-73.99734020233154,40.74262783405908],[-73.99735629558563,40.74262376971316],[-73.99736166000366,40.74263189840474],[-73.99732947349548,40.74267660619057],[-73.99735629558563,40.742684734875695],[-73.99741530418396,40.742607512327055],[-73.99740993976593,40.74260344797989],[-73.99747431278229,40.74252216098478]]]}},{"type":"Feature","properties":{"id":"180e9f41-9b5a-44bd-870e-e6baee4ce06c","height":38,"subtype":null,"class":null},"geometry":{"type":"Polygon","coordinates":[[[-73.99569869041443,40.74480628772238],[-73.99567186832428,40.74479409508331],[-73.99562358856201,40.74486318667533],[-73.99598300457001,40.74501356224519],[-73.9960366487503,40.744940406605025],[-73.9959990978241,40.74492821399053],[-73.99608492851257,40.744810351934944],[-73.99591863155365,40.74473719607127],[-73.99588108062744,40.74479003086978],[-73.99584889411926,40.74477377401317],[-73.99579524993896,40.7448469298366],[-73.99577915668488,40.74483880141577],[-73.99589717388153,40.74467216856934],[-73.99581670761108,40.744639654794526],[-73.99569869041443,40.74480628772238]]]}},{"type":"Feature","properties":{"id":"53f6ce58-d008-498e-b453-f370adeec7a2","height":14.4,"subtype":null,"class":null},"geometry":{"type":"Polygon","coordinates":[[[-73.9963960647583,40.7436317198914],[-73.996342420578,40.7436113984661],[-73.99627268314362,40.743704876971066],[-73.99632632732391,40.74372926264638],[-73.9963960647583,40.7436317198914]]]}},{"type":"Feature","properties":{"id":"af7dfb4d-e7a5-4b54-a22b-fdd56a8e131f","height":9.2,"subtype":null,"class":null},"geometry":{"type":"Polygon","coordinates":[[[-74.00141716003418,40.74438767250078],[-74.00133669376373,40.7443551585869],[-74.0012937784195,40.74441612216239],[-74.00137424468994,40.74444863604651],[-74.00141716003418,40.74438767250078]]]}},{"type":"Feature","properties":{"id":"a2096366-61a5-468c-aa96-95cf87a88ec7","height":7.7,"subtype":null,"class":null},"geometry":{"type":"Polygon","coordinates":[[[-73.9977478981018,40.74514361651788],[-73.99768352508545,40.745115167167455],[-73.99751722812653,40.74535088998931],[-73.99757623672485,40.74537527506115],[-73.9977478981018,40.74514361651788]]]}},{"type":"Feature","properties":{"id":"c52c09e2-d70e-4643-b43e-3697835cf710","height":55.2,"subtype":null,"class":null},"geometry":{"type":"Polygon","coordinates":[[[-74.00217354297638,40.74468029701055],[-74.00221645832062,40.74470061810925],[-74.00218427181244,40.74474126028804],[-74.00234520435333,40.744810351934944],[-74.00247931480408,40.74462746212487],[-74.00227546691895,40.744542113374706],[-74.00226473808289,40.74455024183183],[-74.00225937366486,40.74455024183183],[-74.00217354297638,40.74468029701055]]]}},{"type":"Feature","properties":{"id":"c93abbd5-6439-4af8-a428-6d05ab831add","height":17,"subtype":null,"class":null},"geometry":{"type":"Polygon","coordinates":[[[-74.00352537631989,40.74470874654699],[-74.00346100330353,40.74468436123078],[-74.00338053703308,40.74479003086978],[-74.00344491004944,40.74481848035927],[-74.00352537631989,40.74470874654699]]]}},{"type":"Feature","properties":{"id":"5360c62a-a70f-4d5f-8501-60746b698f76","height":13.9,"subtype":null,"class":null},"geometry":{"type":"Polygon","coordinates":[[[-73.99730265140533,40.74664328647498],[-73.99705052375793,40.746537619780554],[-73.9970076084137,40.7465985813555],[-73.9972597360611,40.74670424795303],[-73.99730265140533,40.74664328647498]]]}},{"type":"Feature","properties":{"id":"7143072b-e345-4e48-9ba1-69bb1f13796f","height":21.4,"subtype":null,"class":null},"geometry":{"type":"Polygon","coordinates":[[[-73.99896562099457,40.7442372955158],[-73.99895489215851,40.74424948825697],[-73.9990246295929,40.7442779379777],[-73.99909436702728,40.74418446027818],[-73.99901926517487,40.74415601051746],[-73.9990085363388,40.74417226752507],[-73.99879932403564,40.74408691819079],[-73.9987564086914,40.74414788201216],[-73.99896562099457,40.7442372955158]]]}},{"type":"Feature","properties":{"id":"d7c431bc-08a9-4b4c-808e-16705f9da962","height":14.4,"subtype":null,"class":null},"geometry":{"type":"Polygon","coordinates":[[[-73.9964497089386,40.74365610559357],[-73.9963960647583,40.7436317198914],[-73.99632632732391,40.74372926264638],[-73.99637997150421,40.7437495840357],[-73.9964497089386,40.74365610559357]]]}},{"type":"Feature","properties":{"id":"03d08c9b-6fbb-468e-a853-1d6e47297cfb","height":18,"subtype":null,"class":null},"geometry":{"type":"Polygon","coordinates":[[[-73.99763524532318,40.74335534797541],[-73.9975494146347,40.74331876925339],[-73.99744212627411,40.743473212609445],[-73.99744749069214,40.7434854054907],[-73.99741530418396,40.743526048412065],[-73.99747431278229,40.74355043415298],[-73.99750649929047,40.74350979124651],[-73.99752259254456,40.74350572695448],[-73.99763524532318,40.74335534797541]]]}},{"type":"Feature","properties":{"id":"8431e531-1c4c-4ed2-9a75-4d515e33b185","height":26.6,"subtype":null,"class":null},"geometry":{"type":"Polygon","coordinates":[[[-73.99740993976593,40.74580607652234],[-73.99709343910217,40.74567602354509],[-73.99694323539734,40.74588735950397],[-73.9970076084137,40.745915808524074],[-73.99705588817596,40.74584671802555],[-73.99717390537262,40.74589955194264],[-73.99713099002838,40.74596051410248],[-73.99710416793823,40.74594832167497],[-73.99708271026611,40.74597677066902],[-73.99717390537262,40.746017412067914],[-73.99718999862671,40.74599302723158],[-73.99725437164307,40.746017412067914],[-73.99740993976593,40.74580607652234]]]}},{"type":"Feature","properties":{"id":"f80cfec8-4e80-4b85-bab7-dbd3745587c4","height":29.8,"subtype":null,"class":null},"geometry":{"type":"Polygon","coordinates":[[[-73.99968445301056,40.745367146704865],[-73.99954497814178,40.7453102481831],[-73.99939477443695,40.74551752113521],[-73.99953424930573,40.74557441947965],[-73.99968445301056,40.745367146704865]]]}},{"type":"Feature","properties":{"id":"3b8b149e-b318-4ccb-ba30-c6bbc4813d50","height":14.1,"subtype":null,"class":null},"geometry":{"type":"Polygon","coordinates":[[[-74.00200188159943,40.74442425063489],[-74.00192677974701,40.744395800976775],[-74.00185704231262,40.744489278379234],[-74.00193214416504,40.74451772799739],[-74.00200188159943,40.74442425063489]]]}},{"type":"Feature","properties":{"id":"a8df21a3-42e2-4cdf-ba3f-87056306d780","height":16.6,"subtype":null,"class":null},"geometry":{"type":"Polygon","coordinates":[[[-74.00349855422974,40.74628158055555],[-74.0034556388855,40.7462653240635],[-74.00336444377899,40.74638724765674],[-74.00341272354126,40.74640756823388],[-74.00349855422974,40.74628158055555]]]}},{"type":"Feature","properties":{"id":"05353a5b-a934-498e-b59e-8ac887d861fc","height":17.8,"subtype":null,"class":null},"geometry":{"type":"Polygon","coordinates":[[[-74.00029599666595,40.74467216856934],[-74.0002852678299,40.744668104348335],[-74.00024235248566,40.74472093920173],[-74.00031745433807,40.74474938872078],[-74.0003764629364,40.74465184746194],[-74.00039255619049,40.74465591168391],[-74.00040864944458,40.74463152634834],[-74.00040864944458,40.74461933367718],[-74.00042474269867,40.744599012553664],[-74.00043547153473,40.7445949483282],[-74.00047302246094,40.74454617760338],[-74.00039255619049,40.74451366376701],[-74.00036036968231,40.74456243451564],[-74.00036036968231,40.74457462719721],[-74.00031208992004,40.74462746212487],[-74.00032818317413,40.744635590571534],[-74.00029599666595,40.74467216856934]]]}},{"type":"Feature","properties":{"id":"29b68bd4-2802-4529-8e85-2d35425795c0","height":1.8,"subtype":null,"class":null},"geometry":{"type":"Polygon","coordinates":[[[-73.9983057975769,40.74309929649894],[-73.99834334850311,40.7431196180807],[-73.99847209453583,40.7429407879481],[-73.99843454360962,40.7429245306395],[-73.9983057975769,40.74309929649894]]]}},{"type":"Feature","properties":{"id":"85ed4640-6813-441a-9c1b-d539f6fb38d2","height":11.3,"subtype":null,"class":null},"geometry":{"type":"Polygon","coordinates":[[[-73.99521052837372,40.74407066116231],[-73.99515151977539,40.744046275612135],[-73.99507641792297,40.74414788201216],[-73.99514079093933,40.74417633177637],[-73.99521052837372,40.74407066116231]]]}},{"type":"Feature","properties":{"id":"a5663c17-c390-4654-988c-e64989a83776","height":11.7,"subtype":null,"class":null},"geometry":{"type":"Polygon","coordinates":[[[-73.99714708328247,40.74285543703351],[-73.99707734584808,40.74282292237055],[-73.99701833724976,40.74290014466908],[-73.99708807468414,40.742928594967],[-73.99714708328247,40.74285543703351]]]}},{"type":"Feature","properties":{"id":"11d542b8-bf41-4f73-8b73-87490954e136","height":59.4,"subtype":null,"class":null},"geometry":{"type":"Polygon","coordinates":[[[-73.99603128433228,40.745615061124454],[-73.99599373340607,40.74559880446952],[-73.99586498737335,40.745769499148196],[-73.99649798870087,40.74603773275808],[-73.99662137031555,40.74586297461991],[-73.99658381938934,40.74584671802555],[-73.99666965007782,40.74572479344138],[-73.99671256542206,40.745741050065504],[-73.99683594703674,40.745566291147725],[-73.99620831012726,40.74530211981889],[-73.99608492851257,40.74547687943084],[-73.99611711502075,40.745489071944746],[-73.99603128433228,40.745615061124454]]]}},{"type":"Feature","properties":{"id":"f645d6b3-b754-46bb-845a-1e0cb8050f8d","height":11.7,"subtype":null,"class":null},"geometry":{"type":"Polygon","coordinates":[[[-73.99591863155365,40.743432569655766],[-73.99573087692261,40.74335534797541],[-73.99570405483246,40.743391926677276],[-73.9958918094635,40.74346914831517],[-73.99591863155365,40.743432569655766]]]}},{"type":"Feature","properties":{"id":"3209e343-77b9-492a-be1f-80660b98b123","height":16,"subtype":null,"class":null},"geometry":{"type":"Polygon","coordinates":[[[-74.00283336639404,40.74557441947965],[-74.00276362895966,40.745541906145945],[-74.00267779827118,40.74565976690505],[-74.00274753570557,40.74568821602253],[-74.00283336639404,40.74557441947965]]]}},{"type":"Feature","properties":{"id":"80383ca6-8745-4adb-a1e6-45f3b4390ddc","height":17.4,"subtype":null,"class":null},"geometry":{"type":"Polygon","coordinates":[[[-74.00223791599274,40.74568415186363],[-74.0021950006485,40.74566383106543],[-74.00206089019775,40.745842653876366],[-74.00210380554199,40.74586297461991],[-74.00223791599274,40.74568415186363]]]}},{"type":"Feature","properties":{"id":"93219ced-861c-45e1-98bb-4d72e405c7ad","height":25.7,"subtype":"education","class":"school"},"geometry":{"type":"Polygon","coordinates":[[[-74.0004301071167,40.741766187171976],[-74.00019407272339,40.74166457713349],[-74.00003850460052,40.741875925839196],[-74.00027453899384,40.74197753555481],[-74.0004301071167,40.741766187171976]]]}},{"type":"Feature","properties":{"id":"54d07d60-12b0-4493-976c-f1d5c8db381d","height":17.6,"subtype":null,"class":null},"geometry":{"type":"Polygon","coordinates":[[[-74.00267243385315,40.744367351306465],[-74.00251150131226,40.744298259199326],[-74.00247395038605,40.74435109434654],[-74.00263488292694,40.74441612216239],[-74.00267243385315,40.744367351306465]]]}},{"type":"Feature","properties":{"id":"651b3e47-2f95-4e7d-b108-e86179787156","height":12.6,"subtype":null,"class":null},"geometry":{"type":"Polygon","coordinates":[[[-74.00071978569031,40.743501662662226],[-74.00063931941986,40.74346914831517],[-74.00054812431335,40.74359514132141],[-74.0005749464035,40.743607334180325],[-74.00055348873138,40.74363578417572],[-74.00060713291168,40.74365610559357],[-74.00071978569031,40.743501662662226]]]}},{"type":"Feature","properties":{"id":"8849a019-2007-44f6-b6d0-adc5b37209e1","height":4.4,"subtype":null,"class":null},"geometry":{"type":"Polygon","coordinates":[[[-73.99905681610107,40.74340818387165],[-73.99897634983063,40.74337160517874],[-73.99893343448639,40.74342444106205],[-73.99901926517487,40.74346101972597],[-73.99905681610107,40.74340818387165]]]}},{"type":"Feature","properties":{"id":"3d1f9e65-2cbc-4b77-846d-86f482177670","height":13.8,"subtype":null,"class":null},"geometry":{"type":"Polygon","coordinates":[[[-74.00135278701782,40.74381461243968],[-74.00129914283752,40.74379429107023],[-74.00121331214905,40.74391215492642],[-74.00126695632935,40.74393247625983],[-74.00135278701782,40.74381461243968]]]}},{"type":"Feature","properties":{"id":"7de14a15-1027-4e9c-8b4c-063054706824","height":16.1,"subtype":null,"class":null},"geometry":{"type":"Polygon","coordinates":[[[-73.99882078170776,40.7434854054907],[-73.99874031543732,40.74345289113572],[-73.99864912033081,40.74357481988494],[-73.99872958660126,40.743607334180325],[-73.99882078170776,40.7434854054907]]]}},{"type":"Feature","properties":{"id":"4e1eced8-31f6-410e-abd3-218c331d36e6","height":11.6,"subtype":null,"class":null},"geometry":{"type":"Polygon","coordinates":[[[-73.99897634983063,40.742388037225595],[-73.99892807006836,40.7423677154203],[-73.99885296821594,40.74246932438467],[-73.99890124797821,40.7424896461589],[-73.99897634983063,40.742388037225595]]]}},{"type":"Feature","properties":{"id":"edd30af8-9412-43cb-8fe9-cac2e2c41990","height":12.2,"subtype":null,"class":null},"geometry":{"type":"Polygon","coordinates":[[[-73.99707198143005,40.74242055210115],[-73.99703443050385,40.742473388739995],[-73.99720072746277,40.74254248274286],[-73.99723827838898,40.7424896461589],[-73.99707198143005,40.74242055210115]]]}},{"type":"Feature","properties":{"id":"cf6f3709-5a5b-4c23-a34f-3369b864e9a4","height":12.3,"subtype":null,"class":null},"geometry":{"type":"Polygon","coordinates":[[[-73.99923384189606,40.743261868979204],[-73.99918556213379,40.7432415474409],[-73.99911046028137,40.743347219372254],[-73.99915874004364,40.74336754087824],[-73.99923384189606,40.743261868979204]]]}},{"type":"Feature","properties":{"id":"c744996d-8604-42f6-961f-1b37dbae81a0","height":11.6,"subtype":null,"class":null},"geometry":{"type":"Polygon","coordinates":[[[-73.99946451187134,40.74308710354691],[-73.99946451187134,40.74310336081581],[-73.99942696094513,40.743152132598595],[-73.9995664358139,40.74321309727685],[-73.99961471557617,40.743152132598595],[-73.99958789348602,40.74313993965626],[-73.99959862232208,40.743131811026785],[-73.99946987628937,40.74307491059264],[-73.99946451187134,40.74308710354691]]]}},{"type":"Feature","properties":{"id":"385cea64-91f9-4a28-b318-666e24df9508","height":37.6,"subtype":null,"class":null},"geometry":{"type":"Polygon","coordinates":[[[-73.99600982666016,40.741140266868],[-73.99588644504547,40.741087429170136],[-73.99574160575867,40.741286586427606],[-73.99586498737335,40.74133942396725],[-73.99600982666016,40.741140266868]]]}},{"type":"Feature","properties":{"id":"28676fd7-824e-442c-bbee-c5a5b413e919","height":10.6,"subtype":null,"class":null},"geometry":{"type":"Polygon","coordinates":[[[-74.00029063224792,40.742530289688744],[-74.00000631809235,40.74241242338377],[-73.99996340274811,40.74246932438467],[-74.00024771690369,40.74258719058881],[-74.00029063224792,40.742530289688744]]]}},{"type":"Feature","properties":{"id":"0d0c5907-4ee5-43cc-a0f6-c6396de63319","height":12.7,"subtype":null,"class":null},"geometry":{"type":"Polygon","coordinates":[[[-73.9966481924057,40.7437495840357],[-73.99659991264343,40.74372926264638],[-73.99649798870087,40.743863383700926],[-73.99655163288116,40.74388370504923],[-73.9966481924057,40.7437495840357]]]}},{"type":"Feature","properties":{"id":"32a29046-a16d-4e19-9a64-a411f8f236f4","height":22.3,"subtype":null,"class":null},"geometry":{"type":"Polygon","coordinates":[[[-73.99904072284698,40.74101426921152],[-73.99902999401093,40.74101426921152],[-73.99891197681427,40.74117278235349],[-73.99906754493713,40.741237813276825],[-73.99919092655182,40.74107523584928],[-73.99920165538788,40.74107930028981],[-73.9992767572403,40.7409817536485],[-73.9991158246994,40.74091265802437],[-73.99904072284698,40.74101426921152]]]}},{"type":"Feature","properties":{"id":"5b545a43-0254-4619-8b0e-c9c827b39c3b","height":19.8,"subtype":null,"class":null},"geometry":{"type":"Polygon","coordinates":[[[-73.99739384651184,40.74501762644505],[-73.99735629558563,40.745001369644086],[-73.99728119373322,40.745107038779395],[-73.99732410907745,40.74512735974767],[-73.99732947349548,40.745119231361116],[-73.99743139743805,40.74516393747501],[-73.99741530418396,40.74518019423624],[-73.99737775325775,40.74516393747501],[-73.99733483791351,40.745224900309154],[-73.99751722812653,40.74530211981889],[-73.99758160114288,40.74521677193451],[-73.99755477905273,40.745204579370665],[-73.99757623672485,40.7451761300463],[-73.99762451648712,40.74519645099352],[-73.99768352508545,40.745115167167455],[-73.99749040603638,40.74503388324206],[-73.99748504161835,40.74504201163907],[-73.9974045753479,40.74500949804505],[-73.99739384651184,40.74501762644505]]]}},{"type":"Feature","properties":{"id":"9f294b00-7cbe-4b63-8c1d-26456b05c2ab","height":16,"subtype":null,"class":null},"geometry":{"type":"Polygon","coordinates":[[[-74.00233447551727,40.744168203273546],[-74.00228083133698,40.744143817759124],[-74.00217354297638,40.7442941949555],[-74.00222182273865,40.744318580414756],[-74.00233447551727,40.744168203273546]]]}},{"type":"Feature","properties":{"id":"4b645d3e-4e8e-4c33-9d5a-315e863c8e25","height":13.8,"subtype":null,"class":null},"geometry":{"type":"Polygon","coordinates":[[[-73.99683594703674,40.74515580909289],[-73.99676620960236,40.74512735974767],[-73.9966481924057,40.74529399145365],[-73.99671256542206,40.74532244072756],[-73.99683594703674,40.74515580909289]]]}},{"type":"Feature","properties":{"id":"078c8385-4a7b-4d96-b4ee-af8248eee65c","height":13.5,"subtype":null,"class":null},"geometry":{"type":"Polygon","coordinates":[[[-74.00126159191132,40.74337160517874],[-74.00119721889496,40.743343155070306],[-74.00110065937042,40.743477276903434],[-74.00116503238678,40.743501662662226],[-74.00126159191132,40.74337160517874]]]}},{"type":"Feature","properties":{"id":"30a3ff60-3c7c-4cd6-a6e5-33ca91b0b185","height":13.4,"subtype":null,"class":null},"geometry":{"type":"Polygon","coordinates":[[[-73.99701833724976,40.74290014466908],[-73.997061252594,40.74283917970402],[-73.99683594703674,40.74274569998235],[-73.9967930316925,40.7428066650331],[-73.99701833724976,40.74290014466908]]]}},{"type":"Feature","properties":{"id":"ac7874ab-9926-45c9-b7e3-81e962067e44","height":14.3,"subtype":null,"class":null},"geometry":{"type":"Polygon","coordinates":[[[-73.99779081344604,40.74384306234643],[-73.9977103471756,40.743810548166266],[-73.99761378765106,40.74394060479145],[-73.99769425392151,40.74397718317147],[-73.99779081344604,40.74384306234643]]]}},{"type":"Feature","properties":{"id":"d6589d74-e850-444e-a5fc-8691cdd97193","height":13.8,"subtype":null,"class":null},"geometry":{"type":"Polygon","coordinates":[[[-73.99874567985535,40.74305458899721],[-73.99867057800293,40.74302207443162],[-73.99856328964233,40.743168389851604],[-73.99863839149475,40.743200904345684],[-73.99874567985535,40.74305458899721]]]}},{"type":"Feature","properties":{"id":"c3195843-04ae-4b5a-9b39-68e023a8bc88","height":12.8,"subtype":null,"class":null},"geometry":{"type":"Polygon","coordinates":[[[-73.99779081344604,40.74189218340413],[-73.99753332138062,40.74178244476374],[-73.9974957704544,40.74183528190946],[-73.99775326251984,40.74194095607507],[-73.99779081344604,40.74189218340413]]]}},{"type":"Feature","properties":{"id":"06c4979a-692e-477d-870d-539d8daeb154","height":24.5,"subtype":null,"class":null},"geometry":{"type":"Polygon","coordinates":[[[-74.00146007537842,40.741571095761],[-74.00141716003418,40.74155077370611],[-74.0013313293457,40.74166457713349],[-74.00165319442749,40.7417987023515],[-74.0016907453537,40.74174180077691],[-74.00167465209961,40.74173773637685],[-74.00166928768158,40.74172554317522],[-74.00170147418976,40.74167270594228],[-74.00164783000946,40.74164831951293],[-74.00163173675537,40.74165644832371],[-74.00154054164886,40.74161580425991],[-74.00154054164886,40.741603611035885],[-74.00151908397675,40.741595482218656],[-74.00150299072266,40.74159954662741],[-74.00144934654236,40.74157922458119],[-74.00146007537842,40.741571095761]]]}},{"type":"Feature","properties":{"id":"ec3ab528-d238-4499-b2f6-95a0939ef2e9","height":17.9,"subtype":null,"class":null},"geometry":{"type":"Polygon","coordinates":[[[-74.00141716003418,40.74494447080937],[-74.00134205818176,40.74491195716766],[-74.00126159191132,40.74502169064468],[-74.0012776851654,40.74502981904317],[-74.00126695632935,40.74504201163907],[-74.00125622749329,40.74503388324206],[-74.00122404098511,40.74507858941334],[-74.00122940540314,40.74508671780487],[-74.00121867656708,40.74509891039031],[-74.00121331214905,40.74509484619543],[-74.00120258331299,40.745119231361116],[-74.00126159191132,40.74514361651788],[-74.00128841400146,40.74511110297354],[-74.00129914283752,40.74511110297354],[-74.0013313293457,40.74506639682414],[-74.00131523609161,40.745058268430085],[-74.00132060050964,40.74504607583722],[-74.00133669376373,40.74505420423273],[-74.00141716003418,40.74494447080937]]]}},{"type":"Feature","properties":{"id":"45e9407e-47c1-4057-903f-05d4b0df2fe0","height":18,"subtype":null,"class":null},"geometry":{"type":"Polygon","coordinates":[[[-74.00061249732971,40.74480628772238],[-74.00060176849365,40.74480222350962],[-74.00055885314941,40.74485505825646],[-74.0006285905838,40.74488350771816],[-74.00069296360016,40.744785966655996],[-74.00070905685425,40.74479003086978],[-74.00073051452637,40.74476564558336],[-74.00071978569031,40.744753452936806],[-74.00074124336243,40.74472500341949],[-74.00075197219849,40.744729067636996],[-74.0007895231247,40.74468029701055],[-74.00070905685425,40.744647783239714],[-74.00065541267395,40.744733131854275],[-74.00065004825592,40.744729067636996],[-74.0006285905838,40.744761581368095],[-74.00063931941986,40.74476564558336],[-74.00061249732971,40.74480628772238]]]}},{"type":"Feature","properties":{"id":"ade64822-7d03-4add-a52b-925d7c77f1cb","height":18.4,"subtype":null,"class":null},"geometry":{"type":"Polygon","coordinates":[[[-73.99685740470886,40.743578884172706],[-73.99684131145477,40.74358294846027],[-73.99681448936462,40.743623591322034],[-73.99690568447113,40.74366016987639],[-73.9969915151596,40.74353824128363],[-73.99697542190552,40.743534176993364],[-73.9969915151596,40.743513855538254],[-73.9970076084137,40.74351791982977],[-73.99705588817596,40.74344882684022],[-73.99697542190552,40.74341631246733],[-73.99693787097931,40.74346508402067],[-73.99694859981537,40.74346914831517],[-73.99692177772522,40.74350979124651],[-73.99691104888916,40.74350572695448],[-73.99685740470886,40.743578884172706]]]}},{"type":"Feature","properties":{"id":"eaf1e3d5-7a5e-473e-9368-2e982f5dda3a","height":11.4,"subtype":"residential","class":"apartments"},"geometry":{"type":"Polygon","coordinates":[[[-73.9999258518219,40.7420222437805],[-73.99984538555145,40.74198972871025],[-73.99974346160889,40.74212791764904],[-73.99982392787933,40.74216449702598],[-73.9999258518219,40.7420222437805]]]}},{"type":"Feature","properties":{"id":"b8f14827-4d76-4cca-b72b-3fd00546c1a4","height":17.9,"subtype":null,"class":null},"geometry":{"type":"Polygon","coordinates":[[[-74.00112748146057,40.74252622533689],[-74.00105237960815,40.742493710513],[-74.00097727775574,40.742595319284845],[-74.0010416507721,40.74262376971316],[-74.00105774402618,40.742607512327055],[-74.00106310844421,40.742611576673966],[-74.00112748146057,40.74252622533689]]]}},{"type":"Feature","properties":{"id":"0b87108d-c95e-4b94-b0ac-17b49ca8d539","height":18,"subtype":"residential","class":"apartments"},"geometry":{"type":"Polygon","coordinates":[[[-74.00265097618103,40.742140110776944],[-74.00264024734497,40.74214417515239],[-74.00260269641876,40.74219701201082],[-74.00267779827118,40.7422254626095],[-74.00270998477936,40.74218481889335],[-74.00270998477936,40.74216043265176],[-74.00272071361542,40.74214417515239],[-74.00274217128754,40.742140110776944],[-74.00275826454163,40.74211572451895],[-74.00274217128754,40.74210759576431],[-74.00276362895966,40.74207914511521],[-74.00277435779572,40.74208320949441],[-74.00281727313995,40.74202630816316],[-74.0027529001236,40.74200192186345],[-74.00270998477936,40.74205882321553],[-74.00272071361542,40.74206288759598],[-74.0026992559433,40.74209133825204],[-74.00267779827118,40.74208320949441],[-74.00265634059906,40.742111660141745],[-74.00266706943512,40.74211572451895],[-74.00265097618103,40.742140110776944]]]}},{"type":"Feature","properties":{"id":"8939eb1f-cb4d-46b1-98d9-0ef7d3d1c88a","height":16.1,"subtype":null,"class":null},"geometry":{"type":"Polygon","coordinates":[[[-74.00313377380371,40.742607512327055],[-74.00306403636932,40.7425790618918],[-74.00296747684479,40.74270505658413],[-74.0030425786972,40.74273350696549],[-74.00313377380371,40.742607512327055]]]}},{"type":"Feature","properties":{"id":"79682c16-b418-4648-a772-d86c0471bb3e","height":14.5,"subtype":null,"class":null},"geometry":{"type":"Polygon","coordinates":[[[-74.00270998477936,40.74396092611616],[-74.00264024734497,40.74393247625983],[-74.00257050991058,40.744021890053034],[-74.00264024734497,40.744054404129855],[-74.00270998477936,40.74396092611616]]]}},{"type":"Feature","properties":{"id":"117553f6-3532-4cde-8960-1576d49388ec","height":18.1,"subtype":"residential","class":"apartments"},"geometry":{"type":"Polygon","coordinates":[[[-74.00272607803345,40.74217669014715],[-74.00270998477936,40.74218481889335],[-74.00267779827118,40.7422254626095],[-74.00275826454163,40.74226204193275],[-74.00281190872192,40.74217669014715],[-74.00282263755798,40.74217262577366],[-74.00283873081207,40.74215230390257],[-74.00281727313995,40.742140110776944],[-74.00283873081207,40.742111660141745],[-74.00286018848419,40.742119788895906],[-74.00290310382843,40.74206288759598],[-74.00282800197601,40.74203443692778],[-74.0027904510498,40.74209133825204],[-74.00279581546783,40.74209540263047],[-74.00277435779572,40.7421238532726],[-74.00275826454163,40.74211572451895],[-74.00272607803345,40.74217669014715]]]}},{"type":"Feature","properties":{"id":"e7a308fe-aeb6-4a93-bd13-6baad72c13c3","height":12.1,"subtype":null,"class":null},"geometry":{"type":"Polygon","coordinates":[[[-74.00282800197601,40.74369674841063],[-74.00276362895966,40.74367236272337],[-74.00269389152527,40.74376584114262],[-74.00275826454163,40.743790226795625],[-74.00282800197601,40.74369674841063]]]}},{"type":"Feature","properties":{"id":"c259da2e-b8fb-4ccb-90a4-ef738f47342a","height":17.4,"subtype":null,"class":null},"geometry":{"type":"Polygon","coordinates":[[[-74.00029063224792,40.74493634240045],[-74.00027990341187,40.74493227819562],[-74.00020480155945,40.74503794744069],[-74.0002691745758,40.74506639682414],[-74.00036573410034,40.74493227819562],[-74.00031208992004,40.74490789296132],[-74.00029063224792,40.74493634240045]]]}},{"type":"Feature","properties":{"id":"2d57592a-cb87-49ca-a7f1-1157f371573d","height":11.8,"subtype":null,"class":null},"geometry":{"type":"Polygon","coordinates":[[[-73.99741530418396,40.74262783405908],[-73.99748504161835,40.74266034881737],[-73.99756014347076,40.74255874014486],[-73.99748504161835,40.74252622533689],[-73.99741530418396,40.74262783405908]]]}},{"type":"Feature","properties":{"id":"fc0c34e6-d4ee-44e5-aa18-93191c84b59a","height":20.8,"subtype":null,"class":null},"geometry":{"type":"Polygon","coordinates":[[[-73.99746894836426,40.74301394578774],[-73.99743139743805,40.742997688496985],[-73.99738848209381,40.74305458899721],[-73.99753332138062,40.74311555376485],[-73.99758160114288,40.74305458899721],[-73.99753868579865,40.743038331716406],[-73.99760842323303,40.7429407879481],[-73.99761915206909,40.74294485227463],[-73.99762451648712,40.74295298092696],[-73.99764597415924,40.74296110957829],[-73.99768888950348,40.74290014466908],[-73.9975655078888,40.74284730836925],[-73.99746358394623,40.742989559850145],[-73.99748504161835,40.742997688496985],[-73.99746894836426,40.74301394578774]]]}},{"type":"Feature","properties":{"id":"3dbb4da5-2e81-4efa-a8c8-cf53d21a5e57","height":23.7,"subtype":null,"class":null},"geometry":{"type":"Polygon","coordinates":[[[-73.99631559848785,40.74246119567323],[-73.9962887763977,40.74244900260422],[-73.99620831012726,40.74255874014486],[-73.99647116661072,40.74266847750448],[-73.99655163288116,40.74256280449475],[-73.99631559848785,40.74246119567323]]]}},{"type":"Feature","properties":{"id":"83b6b98e-81f8-44fb-abd5-021f7ab711e7","height":14.4,"subtype":null,"class":null},"geometry":{"type":"Polygon","coordinates":[[[-74.00264024734497,40.74393247625983],[-74.00257050991058,40.74389996212341],[-74.0024846792221,40.744021890053034],[-74.00253295898438,40.744042211352905],[-74.00251150131226,40.74407066116231],[-74.00247931480408,40.744054404129855],[-74.00243103504181,40.744119432235806],[-74.0024846792221,40.744143817759124],[-74.00264024734497,40.74393247625983]]]}},{"type":"Feature","properties":{"id":"a60d052d-a2d2-4083-99f5-34c8b0557bff","height":40.4,"subtype":null,"class":null},"geometry":{"type":"Polygon","coordinates":[[[-74.00033354759216,40.74165238391845],[-74.00030672550201,40.741688963556896],[-74.00045156478882,40.74174992957623],[-74.00060176849365,40.74154264488243],[-74.00020480155945,40.74137193935539],[-74.00007605552673,40.74154264488243],[-74.00033354759216,40.74165238391845]]]}},{"type":"Feature","properties":{"id":"0d5f141b-7a20-410a-8fb7-e47fda894aa9","height":13.3,"subtype":null,"class":null},"geometry":{"type":"Polygon","coordinates":[[[-73.99876177310944,40.74463152634834],[-73.99849891662598,40.74452179222757],[-73.99838626384735,40.744676232790056],[-73.99843990802765,40.74469655389001],[-73.99851500988007,40.74459088410248],[-73.99872422218323,40.74468029701055],[-73.99876177310944,40.74463152634834]]]}},{"type":"Feature","properties":{"id":"4b0b95f0-aa6e-406c-b6cd-3ea082f82a0f","height":14.2,"subtype":null,"class":null},"geometry":{"type":"Polygon","coordinates":[[[-73.99838626384735,40.744676232790056],[-73.9983594417572,40.74471281076549],[-73.99862229824066,40.74482254457109],[-73.99865448474884,40.74477377401317],[-73.99844527244568,40.74468436123078],[-73.99843990802765,40.74469655389001],[-73.99838626384735,40.744676232790056]]]}},{"type":"Feature","properties":{"id":"f6179237-e1a9-46a2-a0b4-e681dddab9d6","height":29.3,"subtype":null,"class":null},"geometry":{"type":"Polygon","coordinates":[[[-73.99788200855255,40.74457056297027],[-73.997962474823,40.74460307677887],[-73.99778544902802,40.74484286562631],[-73.99808049201965,40.74496479182736],[-73.99817705154419,40.74483473720497],[-73.99823069572449,40.74485505825646],[-73.9983057975769,40.744753452936806],[-73.99818778038025,40.74470468232823],[-73.9983594417572,40.744468957215986],[-73.9980536699295,40.74433483738264],[-73.99788200855255,40.74457056297027]]]}},{"type":"Feature","properties":{"id":"e1ef497f-ee75-40df-bad4-bfc1f2c14992","height":15.3,"subtype":null,"class":null},"geometry":{"type":"Polygon","coordinates":[[[-74.00214672088623,40.74295704525275],[-74.00207698345184,40.7429245306395],[-74.0019965171814,40.74303426739556],[-74.00207161903381,40.74306271763612],[-74.00214672088623,40.74295704525275]]]}},{"type":"Feature","properties":{"id":"eac58335-d946-427b-aea5-99f19fdc1c4e","height":52.4,"subtype":null,"class":null},"geometry":{"type":"Polygon","coordinates":[[[-73.99503350257874,40.745923936813284],[-73.99496376514435,40.74589548779667],[-73.9951354265213,40.74565976690505],[-73.99481356143951,40.74552158530432],[-73.99470627307892,40.74566789522558],[-73.99472236633301,40.74567195938545],[-73.99467945098877,40.74572479344138],[-73.99466872215271,40.7457207292847],[-73.99462580680847,40.74578169160847],[-73.99463653564453,40.7457857557614],[-73.99459898471832,40.7458385897269],[-73.99458825588226,40.74583452557721],[-73.99453997612,40.74589548779667],[-73.99455606937408,40.74589955194264],[-73.99453461170197,40.74592800095752],[-73.9945238828659,40.745923936813284],[-73.99447023868561,40.74599302723158],[-73.99458289146423,40.746041796895355],[-73.99458825588226,40.746033668620555],[-73.99486720561981,40.746151528508136],[-73.99503350257874,40.745923936813284]]]}},{"type":"Feature","properties":{"id":"33516dc3-c357-490d-b94b-d516a198ba9c","height":12.9,"subtype":null,"class":null},"geometry":{"type":"Polygon","coordinates":[[[-74.00112748146057,40.74331470494971],[-74.00106847286224,40.743290319122366],[-74.00097727775574,40.74341631246733],[-74.0010416507721,40.74344069824849],[-74.00112748146057,40.74331470494971]]]}},{"type":"Feature","properties":{"id":"90e80d5b-00e0-45bb-83f3-56cb39395583","height":16.3,"subtype":null,"class":null},"geometry":{"type":"Polygon","coordinates":[[[-73.99994194507599,40.745147680709806],[-73.99987757205963,40.745119231361116],[-73.99977564811707,40.74525334961265],[-73.99984538555145,40.74528179890396],[-73.99994194507599,40.745147680709806]]]}},{"type":"Feature","properties":{"id":"e1cacbec-2906-4f71-a192-7d76d5fd936d","height":11.6,"subtype":null,"class":null},"geometry":{"type":"Polygon","coordinates":[[[-74.00097191333771,40.74287575868976],[-74.00090217590332,40.74284730836925],[-74.00081098079681,40.742969238228625],[-74.0008807182312,40.742997688496985],[-74.00097191333771,40.74287575868976]]]}},{"type":"Feature","properties":{"id":"c9fa4681-28b9-408b-9091-fa0184ae70c2","height":13.8,"subtype":null,"class":null},"geometry":{"type":"Polygon","coordinates":[[[-74.00091826915741,40.74516393747501],[-74.00085389614105,40.745135488133286],[-74.00075197219849,40.74527367053625],[-74.00082170963287,40.74530211981889],[-74.00091826915741,40.74516393747501]]]}},{"type":"Feature","properties":{"id":"82522b0f-9eca-4fe2-b9c7-f0a5d47ce231","height":19.6,"subtype":null,"class":null},"geometry":{"type":"Polygon","coordinates":[[[-74.00135815143585,40.74613527198434],[-74.00128841400146,40.74610275892482],[-74.00115966796875,40.74628970880005],[-74.0012401342392,40.746326285888074],[-74.00127232074738,40.74632222176817],[-74.00137960910797,40.74616372089841],[-74.00134742259979,40.746151528508136],[-74.00135815143585,40.74613527198434]]]}},{"type":"Feature","properties":{"id":"cf8eb36b-f020-45a8-bff5-6ccca62dc8a8","height":11.2,"subtype":null,"class":null},"geometry":{"type":"Polygon","coordinates":[[[-74.00011897087097,40.743753648312804],[-73.99988830089569,40.74365610559357],[-73.99985611438751,40.74369674841063],[-74.00010824203491,40.74380241961876],[-74.00013506412506,40.74376177686628],[-74.00011897087097,40.743753648312804]]]}},{"type":"Feature","properties":{"id":"efbe5b26-4115-4be1-952c-c10bbe3e69d0","height":7,"subtype":null,"class":null},"geometry":{"type":"Polygon","coordinates":[[[-74.00024771690369,40.74258719058881],[-73.99996340274811,40.74246932438467],[-73.9999258518219,40.74252622533689],[-74.00021016597748,40.74264409144021],[-74.00024771690369,40.74258719058881]]]}},{"type":"Feature","properties":{"id":"8c33b4db-915b-4650-b80d-7ea10830dd76","height":13.1,"subtype":null,"class":null},"geometry":{"type":"Polygon","coordinates":[[[-74.00030136108398,40.74407878967705],[-74.00022089481354,40.744042211352905],[-74.00010824203491,40.74420071727886],[-74.00018334388733,40.744233231268225],[-74.00030136108398,40.74407878967705]]]}},{"type":"Feature","properties":{"id":"b3232425-4438-46ed-815b-bf6e4d3f97aa","height":45.8,"subtype":null,"class":null},"geometry":{"type":"Polygon","coordinates":[[[-73.99470090866089,40.744664040127134],[-73.99458289146423,40.74483067299391],[-73.99466335773468,40.74486318667533],[-73.9946311712265,40.744903828754786],[-73.99480819702148,40.74497698443514],[-73.99495840072632,40.74477377401317],[-73.99470090866089,40.744664040127134]]]}},{"type":"Feature","properties":{"id":"54c5aa42-aa23-40d7-ad9e-2d1abba8f51e","height":13,"subtype":null,"class":null},"geometry":{"type":"Polygon","coordinates":[[[-74.00029599666595,40.74487537930179],[-74.00024771690369,40.74485505825646],[-74.00013506412506,40.74500949804505],[-74.00020480155945,40.74503794744069],[-74.00030672550201,40.74489976454797],[-74.0002852678299,40.74489163613353],[-74.00029599666595,40.74487537930179]]]}},{"type":"Feature","properties":{"id":"90d962bf-daf0-41d7-a790-3ca00b33076a","height":15.2,"subtype":null,"class":null},"geometry":{"type":"Polygon","coordinates":[[[-73.99611711502075,40.7431602612256],[-73.99599373340607,40.74310742513239],[-73.99596154689789,40.743152132598595],[-73.99608492851257,40.7432049686563],[-73.99611711502075,40.7431602612256]]]}},{"type":"Feature","properties":{"id":"1d524661-b798-4506-ae5f-89b5e49a26ea","height":18.2,"subtype":null,"class":null},"geometry":{"type":"Polygon","coordinates":[[[-73.99644434452057,40.74514361651788],[-73.99642825126648,40.74514361651788],[-73.9963960647583,40.74518832261538],[-73.99648189544678,40.745224900309154],[-73.99651408195496,40.74518019423624],[-73.99650871753693,40.74516393747501],[-73.99652481079102,40.745147680709806],[-73.9965409040451,40.74514361651788],[-73.9965569972992,40.74512329555452],[-73.99654626846313,40.745119231361116],[-73.99656772613525,40.74509484619543],[-73.9965569972992,40.74509078200026],[-73.99657845497131,40.745058268430085],[-73.9965945482254,40.745058268430085],[-73.99662673473358,40.74500949804505],[-73.99655163288116,40.74497698443514],[-73.99651408195496,40.74502575484405],[-73.99653553962708,40.74503388324206],[-73.99648189544678,40.74509078200026],[-73.99646580219269,40.74509078200026],[-73.99645507335663,40.745107038779395],[-73.99646043777466,40.745119231361116],[-73.99644434452057,40.74514361651788]]]}},{"type":"Feature","properties":{"id":"6bdc4b5d-2e2c-444d-b86d-e57ff817e1fd","height":17.6,"subtype":null,"class":null},"geometry":{"type":"Polygon","coordinates":[[[-73.99865984916687,40.744326708899195],[-73.99859011173248,40.744298259199326],[-73.99855256080627,40.7443551585869],[-73.99861693382263,40.74438360826241],[-73.99865984916687,40.744326708899195]]]}},{"type":"Feature","properties":{"id":"13ce5538-690b-4bd0-9987-5cc0d3755225","height":12.5,"subtype":null,"class":null},"geometry":{"type":"Polygon","coordinates":[[[-74.00213062763214,40.74372113408896],[-74.00206089019775,40.743688619849195],[-74.00199115276337,40.743790226795625],[-74.00206089019775,40.74382274098568],[-74.00213062763214,40.74372113408896]]]}},{"type":"Feature","properties":{"id":"61db9872-20a8-4fad-b214-2b94f1c1ce1e","height":26.1,"subtype":null,"class":null},"geometry":{"type":"Polygon","coordinates":[[[-73.99512469768524,40.74153045164502],[-73.99475991725922,40.74137600377779],[-73.99460971355438,40.74158735340043],[-73.99497449398041,40.74174180077691],[-73.99512469768524,40.74153045164502]]]}},{"type":"Feature","properties":{"id":"60e9baa4-e152-432c-aa7a-d322ea27acaa","height":11.6,"subtype":null,"class":null},"geometry":{"type":"Polygon","coordinates":[[[-73.99892807006836,40.7423677154203],[-73.99887979030609,40.74234739360884],[-73.99880468845367,40.74244900260422],[-73.99885296821594,40.74246932438467],[-73.99892807006836,40.7423677154203]]]}},{"type":"Feature","properties":{"id":"8252c74e-e4b8-424e-8002-33828335897f","height":13.6,"subtype":null,"class":null},"geometry":{"type":"Polygon","coordinates":[[[-73.99473309516907,40.74507858941334],[-73.99453997612,40.744997305443206],[-73.99449706077576,40.74505420423273],[-73.99469554424286,40.745135488133286],[-73.99473309516907,40.74507858941334]]]}},{"type":"Feature","properties":{"id":"cae92e93-b8ee-4285-8b6f-bb48a7aa1914","height":45.6,"subtype":null,"class":null},"geometry":{"type":"Polygon","coordinates":[[[-73.99589717388153,40.74470468232823],[-73.99592936038971,40.74472093920173],[-73.99591863155365,40.74473719607127],[-73.99608492851257,40.744810351934944],[-73.99618685245514,40.744668104348335],[-73.99621903896332,40.74468436123078],[-73.99632096290588,40.744542113374706],[-73.9960902929306,40.74444457181184],[-73.99589717388153,40.74470468232823]]]}},{"type":"Feature","properties":{"id":"acfb9518-9b5d-47b7-896c-7085253c9064","height":12.5,"subtype":null,"class":null},"geometry":{"type":"Polygon","coordinates":[[[-74.00134205818176,40.74491195716766],[-74.00126159191132,40.74487944351009],[-74.00113821029663,40.74504201163907],[-74.00118112564087,40.74506233262724],[-74.00121867656708,40.74501356224519],[-74.00125622749329,40.74502981904317],[-74.00134205818176,40.74491195716766]]]}},{"type":"Feature","properties":{"id":"8d51d7de-e670-4111-9519-f7ad72e52edf","height":19.4,"subtype":null,"class":null},"geometry":{"type":"Polygon","coordinates":[[[-73.99867594242096,40.74340818387165],[-73.99860620498657,40.74337566947892],[-73.998504281044,40.743513855538254],[-73.99857938289642,40.743546369863424],[-73.99867594242096,40.74340818387165]]]}},{"type":"Feature","properties":{"id":"6fb3e424-dcae-4706-a4d8-1c1cf7c99fbb","height":17.5,"subtype":null,"class":null},"geometry":{"type":"Polygon","coordinates":[[[-73.99485111236572,40.74392028346051],[-73.99467945098877,40.74415601051746],[-73.99475455284119,40.74418852452871],[-73.99493157863617,40.74395279758701],[-73.99485111236572,40.74392028346051]]]}},{"type":"Feature","properties":{"id":"b6e3b6e3-fc13-4073-90df-e4104369bc0e","height":6.4,"subtype":null,"class":null},"geometry":{"type":"Polygon","coordinates":[[[-73.9974582195282,40.74189218340413],[-73.99737775325775,40.74200192186345],[-73.99761378765106,40.74210353138659],[-73.99769425392151,40.74198972871025],[-73.9974582195282,40.74189218340413]]]}},{"type":"Feature","properties":{"id":"7cc8aae6-7044-4900-8dc6-a3115d6a2c2c","height":59.5,"subtype":null,"class":null},"geometry":{"type":"Polygon","coordinates":[[[-73.99515151977539,40.744489278379234],[-73.99532318115234,40.74425355250352],[-73.99500668048859,40.744119432235806],[-73.9947384595871,40.744489278379234],[-73.99505496025085,40.74462339790114],[-73.99515151977539,40.744489278379234]]]}},{"type":"Feature","properties":{"id":"68bf49ce-8818-4368-acfd-3afc5f1e19c3","height":6.2,"subtype":null,"class":null},"geometry":{"type":"Polygon","coordinates":[[[-74.00258123874664,40.74586297461991],[-74.0024471282959,40.74580607652234],[-74.00243103504181,40.74583046142726],[-74.00256514549255,40.74588735950397],[-74.00258123874664,40.74586297461991]]]}},{"type":"Feature","properties":{"id":"b829c5a2-f35e-4485-91ce-b6606ef7703b","height":39.1,"subtype":null,"class":null},"geometry":{"type":"Polygon","coordinates":[[[-74.00051057338715,40.74117278235349],[-74.00045692920685,40.74114839574088],[-74.00038182735443,40.74125813542733],[-74.00054275989532,40.74132316626722],[-74.00061249732971,40.74122561998354],[-74.00055885314941,40.741201233390285],[-74.00055348873138,40.74120936225569],[-74.00049984455109,40.74118904009029],[-74.00051057338715,40.74117278235349]]]}},{"type":"Feature","properties":{"id":"ffc88395-1f7b-4626-89dc-ec14859eb5eb","height":18.5,"subtype":"residential","class":"apartments"},"geometry":{"type":"Polygon","coordinates":[[[-74.00204479694366,40.74196127801076],[-74.00212526321411,40.741997857479305],[-74.00216281414032,40.74194908485009],[-74.00215744972229,40.74194095607507],[-74.00220572948456,40.74187186144732],[-74.00220572948456,40.74185966827031],[-74.0022325515747,40.741819024330624],[-74.0022486448288,40.74181495993534],[-74.0022486448288,40.74180276674784],[-74.0023022890091,40.74173773637685],[-74.00222718715668,40.741709285569556],[-74.00215744972229,40.741819024330624],[-74.00216817855835,40.74182308872574],[-74.00215208530426,40.74183934630358],[-74.0021413564682,40.74184341069741],[-74.00204479694366,40.74196127801076]]]}},{"type":"Feature","properties":{"id":"79dc351a-aeea-4a41-97d6-fd8164aebf9c","height":17.4,"subtype":null,"class":null},"geometry":{"type":"Polygon","coordinates":[[[-74.00227546691895,40.744542113374706],[-74.00220572948456,40.744509599536315],[-74.00212526321411,40.74462339790114],[-74.0021950006485,40.74465184746194],[-74.00225937366486,40.74455024183183],[-74.00226473808289,40.74455024183183],[-74.00227546691895,40.744542113374706]]]}},{"type":"Feature","properties":{"id":"8426a3db-a349-4ae9-a619-d6d2a9870fff","height":52.5,"subtype":"residential","class":"apartments"},"geometry":{"type":"Polygon","coordinates":[[[-73.9967554807663,40.744135689252346],[-73.99666965007782,40.744099110959525],[-73.99651944637299,40.74430638768624],[-73.9965945482254,40.74433890162399],[-73.99660527706146,40.744326708899195],[-73.99676620960236,40.744395800976775],[-73.9967554807663,40.744407993688895],[-73.99683594703674,40.74444050757697],[-73.9968466758728,40.74442831487082],[-73.9970076084137,40.74449740684281],[-73.99700224399567,40.744509599536315],[-73.99706661701202,40.7445380491458],[-73.99708271026611,40.74451366376701],[-73.99708807468414,40.74451772799739],[-73.99722754955292,40.74433483738264],[-73.99714708328247,40.74430232344292],[-73.99716854095459,40.744273873732595],[-73.9969915151596,40.74420071727886],[-73.99697005748749,40.744233231268225],[-73.99675011634827,40.744143817759124],[-73.9967554807663,40.744135689252346]]]}},{"type":"Feature","properties":{"id":"855d6050-2f41-4787-b57e-980bd1023cb4","height":18.7,"subtype":null,"class":null},"geometry":{"type":"Polygon","coordinates":[[[-74.00001168251038,40.7423677154203],[-73.99998486042023,40.742400230305805],[-74.00029063224792,40.742530289688744],[-74.00032818317413,40.74248151744993],[-74.00025844573975,40.74245306696079],[-74.00025308132172,40.742465260029064],[-74.00022089481354,40.74245306696079],[-74.00022089481354,40.74243680953296],[-74.00016725063324,40.74241648774259],[-74.00016188621521,40.74242461645949],[-74.00014579296112,40.74242461645949],[-74.00012969970703,40.74241648774259],[-74.00013506412506,40.74241242338377],[-74.00006532669067,40.74238397286504],[-74.00005459785461,40.742388037225595],[-74.00001168251038,40.7423677154203]]]}},{"type":"Feature","properties":{"id":"51278d1e-558a-4efd-b0d6-fafe305b6c55","height":21.3,"subtype":null,"class":null},"geometry":{"type":"Polygon","coordinates":[[[-74.00027990341187,40.74113620243119],[-74.00025308132172,40.74112400911929],[-74.00021016597748,40.741184975656466],[-74.00038182735443,40.74125813542733],[-74.0004301071167,40.74118904009029],[-74.00038719177246,40.74117278235349],[-74.0004301071167,40.74111181580514],[-74.00047302246094,40.74112807355684],[-74.00049984455109,40.741087429170136],[-74.0005213022232,40.741095558049466],[-74.00055348873138,40.74104678475862],[-74.00039255619049,40.740977689202026],[-74.00027990341187,40.74113620243119]]]}},{"type":"Feature","properties":{"id":"12ef9b0d-41fa-4c4c-9d4f-48915ab570ad","height":17.2,"subtype":null,"class":null},"geometry":{"type":"Polygon","coordinates":[[[-74.00039255619049,40.74451366376701],[-74.00031208992004,40.74448114991469],[-74.00027990341187,40.74452585645753],[-74.0002852678299,40.7445380491458],[-74.00023698806763,40.74459088410248],[-74.00025308132172,40.7445949483282],[-74.00017261505127,40.74469248967051],[-74.00024235248566,40.74472093920173],[-74.0002852678299,40.744668104348335],[-74.0002691745758,40.74465997590562],[-74.00029599666595,40.74462339790114],[-74.00031208992004,40.74462746212487],[-74.00033354759216,40.744599012553664],[-74.00032818317413,40.74459088410248],[-74.00034427642822,40.7445664987431],[-74.00036036968231,40.74456243451564],[-74.00039255619049,40.74451366376701]]]}},{"type":"Feature","properties":{"id":"fae058b5-5e12-42f0-8d0f-fc4881516c89","height":40.5,"subtype":null,"class":null},"geometry":{"type":"Polygon","coordinates":[[[-74.00027990341187,40.74097362475527],[-74.00001168251038,40.740863884599406],[-73.99987757205963,40.74104678475862],[-74.00021016597748,40.741184975656466],[-74.00025308132172,40.74112400911929],[-74.00024771690369,40.74112400911929],[-74.00034427642822,40.74098581809474],[-74.0002852678299,40.74096143141358],[-74.00027990341187,40.74097362475527]]]}},{"type":"Feature","properties":{"id":"ffce5741-2854-48fa-b17d-d489b59c1f29","height":4.4,"subtype":null,"class":null},"geometry":{"type":"Polygon","coordinates":[[[-73.99893879890442,40.743343155070306],[-73.99890661239624,40.743330962162986],[-73.998863697052,40.743391926677276],[-73.99893343448639,40.74342444106205],[-73.99897634983063,40.74337160517874],[-73.99892807006836,40.743351283673945],[-73.99893879890442,40.743343155070306]]]}},{"type":"Feature","properties":{"id":"3c83964d-e77f-4e9d-ae4b-ead4ed4ce4d8","height":5.2,"subtype":null,"class":null},"geometry":{"type":"Polygon","coordinates":[[[-73.99911046028137,40.74346914831517],[-73.9990621805191,40.743534176993364],[-73.99944841861725,40.743692684130025],[-73.99949133396149,40.74362765560684],[-73.99911046028137,40.74346914831517]]]}},{"type":"Feature","properties":{"id":"81353370-ba8e-45f1-99ef-d7933037ec2d","height":15.2,"subtype":null,"class":null},"geometry":{"type":"Polygon","coordinates":[[[-74.00193214416504,40.742867630028],[-74.00186240673065,40.74283511537104],[-74.001744389534,40.742997688496985],[-74.00181412696838,40.74302613875318],[-74.00193214416504,40.742867630028]]]}},{"type":"Feature","properties":{"id":"5de1c394-5492-44b6-b0c3-0864f9d23ea8","height":17.1,"subtype":null,"class":null},"geometry":{"type":"Polygon","coordinates":[[[-74.0021413564682,40.74448521414709],[-74.00206625461578,40.7444527002809],[-74.00198578834534,40.7445664987431],[-74.00206089019775,40.7445949483282],[-74.0021413564682,40.74448521414709]]]}},{"type":"Feature","properties":{"id":"a5c6e5f4-554f-45b8-9dec-f14cc1d6cbc5","height":13.6,"subtype":null,"class":null},"geometry":{"type":"Polygon","coordinates":[[[-74.00081098079681,40.74512329555452],[-74.00077879428864,40.74511110297354],[-74.0006822347641,40.74524115705552],[-74.00075197219849,40.74527367053625],[-74.00086462497711,40.745119231361116],[-74.0008270740509,40.74509891039031],[-74.00081098079681,40.74512329555452]]]}},{"type":"Feature","properties":{"id":"a20f26ac-0a2e-49df-960f-edff422e29a0","height":19.7,"subtype":null,"class":null},"geometry":{"type":"Polygon","coordinates":[[[-74.00253295898438,40.746249067567504],[-74.0024846792221,40.74622468281609],[-74.00237202644348,40.74637505530748],[-74.00242567062378,40.746399440003785],[-74.00253295898438,40.746249067567504]]]}},{"type":"Feature","properties":{"id":"416dd4bf-d718-41da-9a1c-4cbc1936aed5","height":16.5,"subtype":null,"class":null},"geometry":{"type":"Polygon","coordinates":[[[-73.99902999401093,40.74357075559689],[-73.99901390075684,40.74356262702008],[-73.99892270565033,40.743688619849195],[-73.99893879890442,40.74371300553051],[-73.99897634983063,40.74372926264638],[-73.99910509586334,40.74355043415298],[-73.99905681610107,40.743530112702814],[-73.99902999401093,40.74357075559689]]]}},{"type":"Feature","properties":{"id":"010e2c94-0b25-4188-a202-3a76d9d6bb62","height":13.9,"subtype":null,"class":null},"geometry":{"type":"Polygon","coordinates":[[[-74.00342345237732,40.74622061868999],[-74.00339126586914,40.74620436218308],[-74.00328397750854,40.746350670602254],[-74.00336444377899,40.74638724765674],[-74.00343418121338,40.7462856446779],[-74.00339126586914,40.7462653240635],[-74.00342345237732,40.74622061868999]]]}},{"type":"Feature","properties":{"id":"2ac27c84-4336-4b2c-9b34-5ca0b0795fd9","height":18.2,"subtype":null,"class":null},"geometry":{"type":"Polygon","coordinates":[[[-73.99823069572449,40.74485505825646],[-73.99817705154419,40.74483473720497],[-73.99808049201965,40.74496479182736],[-73.99815022945404,40.7449932412421],[-73.99824678897858,40.74486318667533],[-73.99823069572449,40.74485505825646]]]}},{"type":"Feature","properties":{"id":"fa0a5e16-3708-4bda-bf44-0cd8c42c005b","height":35.1,"subtype":null,"class":null},"geometry":{"type":"Polygon","coordinates":[[[-73.99559676647186,40.74615965676858],[-73.99503350257874,40.745923936813284],[-73.99486184120178,40.74615965676858],[-73.99542510509491,40.74639537588834],[-73.99559676647186,40.74615965676858]]]}},{"type":"Feature","properties":{"id":"2c59c76d-c21e-4763-b1c4-0c568c29d12f","height":10.9,"subtype":null,"class":null},"geometry":{"type":"Polygon","coordinates":[[[-73.99823606014252,40.74237990850426],[-73.99817168712616,40.74235552233418],[-73.99802148342133,40.74255874014486],[-73.99810194969177,40.74259125493697],[-73.9982521533966,40.742388037225595],[-73.99823606014252,40.74237990850426]]]}},{"type":"Feature","properties":{"id":"77600c4d-8a34-4d65-80fb-d5c0da5eb304","height":8.2,"subtype":null,"class":null},"geometry":{"type":"Polygon","coordinates":[[[-73.99708807468414,40.74111994468146],[-73.99700224399567,40.74124187770744],[-73.99734020233154,40.741384132621874],[-73.99727046489716,40.74147761425712],[-73.99732410907745,40.741497936334355],[-73.99764597415924,40.74106304252621],[-73.99753868579865,40.741018333655774],[-73.99737775325775,40.74124187770744],[-73.99708807468414,40.74111994468146]]]}},{"type":"Feature","properties":{"id":"1ec1d1cc-8c0b-4d67-8046-7ac98d091af2","height":10.7,"subtype":null,"class":null},"geometry":{"type":"Polygon","coordinates":[[[-73.9958918094635,40.74346914831517],[-73.99570405483246,40.743391926677276],[-73.99567186832428,40.743432569655766],[-73.99585962295532,40.743513855538254],[-73.9958918094635,40.74346914831517]]]}},{"type":"Feature","properties":{"id":"2deab1bf-7f36-4ee9-84ab-7228e37d8be2","height":14.2,"subtype":null,"class":null},"geometry":{"type":"Polygon","coordinates":[[[-73.99582743644714,40.74355449844225],[-73.99585962295532,40.743513855538254],[-73.99567186832428,40.743432569655766],[-73.9956396818161,40.743477276903434],[-73.99582743644714,40.74355449844225]]]}},{"type":"Feature","properties":{"id":"246ae72e-ba03-47d9-a134-f1b35a2f0c9e","height":18.7,"subtype":null,"class":null},"geometry":{"type":"Polygon","coordinates":[[[-73.99795174598694,40.74272131394639],[-73.99787664413452,40.74268879921789],[-73.99779081344604,40.7428066650331],[-73.9978015422821,40.74281479370234],[-73.99779081344604,40.74282698670427],[-73.99778544902802,40.74282292237055],[-73.9977639913559,40.74285543703351],[-73.99782836437225,40.742879823020274],[-73.99784982204437,40.742851372701494],[-73.99784445762634,40.74284730836925],[-73.99784982204437,40.74283511537104],[-73.99787127971649,40.74283917970402],[-73.99795174598694,40.74272131394639]]]}},{"type":"Feature","properties":{"id":"222b72e1-51f9-4d03-bf6b-7792c24e3dc9","height":21.2,"subtype":null,"class":null},"geometry":{"type":"Polygon","coordinates":[[[-73.99888515472412,40.74434296586509],[-73.99894952774048,40.744375479784935],[-73.99901926517487,40.7442779379777],[-73.99894952774048,40.74424948825697],[-73.99893879890442,40.74426980948729],[-73.99872958660126,40.74418039602739],[-73.99868667125702,40.744241359763095],[-73.99889588356018,40.744326708899195],[-73.99888515472412,40.74434296586509]]]}},{"type":"Feature","properties":{"id":"ba114593-3dd6-43a2-a359-075b1473e6b9","height":46.1,"subtype":null,"class":null},"geometry":{"type":"Polygon","coordinates":[[[-73.99546802043915,40.74198566432534],[-73.99532318115234,40.74192469852204],[-73.99517834186554,40.7421238532726],[-73.99532318115234,40.74218481889335],[-73.99546802043915,40.74198566432534]]]}},{"type":"Feature","properties":{"id":"dbbf311a-8622-4e88-97b6-877b25199b8c","height":17.7,"subtype":"residential","class":"apartments"},"geometry":{"type":"Polygon","coordinates":[[[-74.00226473808289,40.74196127801076],[-74.00225400924683,40.74196534239715],[-74.00220572948456,40.7420303725456],[-74.00228083133698,40.74206288759598],[-74.00232911109924,40.741997857479305],[-74.00232911109924,40.74198566432534],[-74.0023398399353,40.74196534239715],[-74.00235056877136,40.74196127801076],[-74.00240957736969,40.741884054622176],[-74.00238811969757,40.741879990230814],[-74.00239884853363,40.74186779705522],[-74.00240957736969,40.74187186144732],[-74.00243639945984,40.74183528190946],[-74.00237739086151,40.74181089553974],[-74.00235056877136,40.74184747509102],[-74.00235593318939,40.74184747509102],[-74.00235056877136,40.74185966827031],[-74.00232911109924,40.74185560387747],[-74.00227546691895,40.7419287629107],[-74.00228083133698,40.74194095607507],[-74.00226473808289,40.74196127801076]]]}},{"type":"Feature","properties":{"id":"015b9a0a-9f75-45ad-bae4-cf0d12d4e843","height":16.4,"subtype":null,"class":null},"geometry":{"type":"Polygon","coordinates":[[[-74.0007734298706,40.745119231361116],[-74.00069832801819,40.74508671780487],[-74.00061249732971,40.745204579370665],[-74.00068759918213,40.745237092869274],[-74.0007734298706,40.745119231361116]]]}},{"type":"Feature","properties":{"id":"1f2786f2-6d69-42ad-9f40-f82784b6e734","height":13.8,"subtype":null,"class":null},"geometry":{"type":"Polygon","coordinates":[[[-73.9984130859375,40.74448521414709],[-73.99836480617523,40.74446489298259],[-73.99819314479828,40.74470061810925],[-73.99827361106873,40.74473719607127],[-73.99843990802765,40.744509599536315],[-73.99840235710144,40.74449334261118],[-73.9984130859375,40.74448521414709]]]}},{"type":"Feature","properties":{"id":"a5e59782-ebaa-429b-8d94-0327058aad17","height":58,"subtype":"education","class":"college"},"geometry":{"type":"Polygon","coordinates":[[[-73.99486720561981,40.74651323513493],[-73.99469554424286,40.746440081144414],[-73.99448096752167,40.746736760718505],[-73.99464726448059,40.74680991438268],[-73.99486720561981,40.74651323513493]]]}},{"type":"Feature","properties":{"id":"7d702bdc-37e9-4c76-834c-0a2bae63e862","height":14,"subtype":null,"class":null},"geometry":{"type":"Polygon","coordinates":[[[-74.0009880065918,40.745192386804575],[-74.00091826915741,40.74516393747501],[-74.00082170963287,40.74530211981889],[-74.00088608264923,40.745326504908576],[-74.0009880065918,40.745192386804575]]]}},{"type":"Feature","properties":{"id":"4ba6c3c7-a604-4e61-9f5c-56c84768b812","height":17.8,"subtype":null,"class":null},"geometry":{"type":"Polygon","coordinates":[[[-73.99932503700256,40.743038331716406],[-73.99930894374847,40.74303426739556],[-73.99927139282227,40.74308303922908],[-73.99935185909271,40.74311555376485],[-73.99938941001892,40.74306678195521],[-73.99937331676483,40.74305865331678],[-73.99938941001892,40.74303426739556],[-73.99940550327301,40.74304239603697],[-73.99946987628937,40.74293672362131],[-73.99940550327301,40.74291233765541],[-73.99932503700256,40.74300988146544],[-73.99934113025665,40.74301394578774],[-73.99932503700256,40.743038331716406]]]}},{"type":"Feature","properties":{"id":"209988dc-d40d-4b3f-bdb7-6ab5ff6d8875","height":14.7,"subtype":null,"class":null},"geometry":{"type":"Polygon","coordinates":[[[-74.00019943714142,40.743668298441264],[-73.99995267391205,40.74356262702008],[-73.99988830089569,40.74365610559357],[-74.00011897087097,40.743753648312804],[-74.00015115737915,40.7437089412509],[-74.00016725063324,40.74371706980983],[-74.00019943714142,40.743668298441264]]]}},{"type":"Feature","properties":{"id":"cd3c5884-e117-4227-bb3c-0f9df23f4509","height":24.1,"subtype":null,"class":null},"geometry":{"type":"Polygon","coordinates":[[[-73.99759769439697,40.74306271763612],[-73.99758160114288,40.74305458899721],[-73.99753332138062,40.74311555376485],[-73.99768352508545,40.74318058278871],[-73.99772644042969,40.7431196180807],[-73.9977103471756,40.74311148944875],[-73.99772107601166,40.74308303922908],[-73.99777472019196,40.74301394578774],[-73.99779617786407,40.74302613875318],[-73.99783909320831,40.7429651739036],[-73.99768888950348,40.74290420899811],[-73.99764597415924,40.74296110957829],[-73.99766206741333,40.742969238228625],[-73.99759769439697,40.74306271763612]]]}},{"type":"Feature","properties":{"id":"0c2455b0-397a-42ea-9a15-f374e41ccc0f","height":14.6,"subtype":null,"class":null},"geometry":{"type":"Polygon","coordinates":[[[-74.00257050991058,40.74389996212341],[-74.0025007724762,40.743871512241014],[-74.00240421295166,40.74400563300867],[-74.00247395038605,40.74403814709342],[-74.00257050991058,40.74389996212341]]]}},{"type":"Feature","properties":{"id":"8f3e1b0d-293b-46aa-a889-39e9d4040d6e","height":16.9,"subtype":null,"class":null},"geometry":{"type":"Polygon","coordinates":[[[-74.00128304958344,40.74610275892482],[-74.00121331214905,40.74607430998469],[-74.00110065937042,40.74623687519292],[-74.00117576122284,40.7462653240635],[-74.00124549865723,40.74616372089841],[-74.0012401342392,40.74615965676858],[-74.00128304958344,40.74610275892482]]]}},{"type":"Feature","properties":{"id":"5f4aef97-6ace-41b7-ac83-0ef5ee2287b9","height":3.4,"subtype":null,"class":null},"geometry":{"type":"Polygon","coordinates":[[[-73.9986652135849,40.74330657634161],[-73.99872958660126,40.74333502646567],[-73.9987725019455,40.74328219051128],[-73.99874031543732,40.74326999759276],[-73.99875104427338,40.74325780467203],[-73.99871349334717,40.7432415474409],[-73.9986652135849,40.74330657634161]]]}},{"type":"Feature","properties":{"id":"34f22bcb-91ea-46c2-bff3-11464f3e0bcf","height":7.2,"subtype":null,"class":null},"geometry":{"type":"Polygon","coordinates":[[[-74.00240957736969,40.745501264456436],[-74.002286195755,40.74544843022298],[-74.00225400924683,40.74549720028614],[-74.00246322154999,40.74558661197574],[-74.00249004364014,40.745550034480885],[-74.00247395038605,40.745541906145945],[-74.00247931480408,40.7455297136417],[-74.00240957736969,40.745501264456436]]]}},{"type":"Feature","properties":{"id":"f7f1e3bf-6582-46db-990c-3ce7a7c9625d","height":12.8,"subtype":null,"class":null},"geometry":{"type":"Polygon","coordinates":[[[-73.99466335773468,40.74486318667533],[-73.99464190006256,40.74485505825646],[-73.99453997612,40.744997305443206],[-73.99473309516907,40.74507858941334],[-73.99480819702148,40.74497698443514],[-73.9946311712265,40.744903828754786],[-73.99466335773468,40.74486318667533]]]}},{"type":"Feature","properties":{"id":"9bb299fd-7ab9-4837-9565-370f7c5ecb32","height":18.3,"subtype":null,"class":null},"geometry":{"type":"Polygon","coordinates":[[[-73.99616539478302,40.741778380366156],[-73.9963048696518,40.74183528190946],[-73.99645507335663,40.741623933074635],[-73.99631023406982,40.741562966939796],[-73.99616539478302,40.741778380366156]]]}},{"type":"Feature","properties":{"id":"1b51d5d6-0a87-4661-8200-20b36ebc7b2e","height":16.3,"subtype":null,"class":null},"geometry":{"type":"Polygon","coordinates":[[[-74.00226473808289,40.74613527198434],[-74.00221645832062,40.74611495132399],[-74.00211453437805,40.74625313169187],[-74.00216281414032,40.74627345231002],[-74.00226473808289,40.74613527198434]]]}},{"type":"Feature","properties":{"id":"fbfa7bfb-3d06-4fab-b643-7dee7bd3b59e","height":11.7,"subtype":null,"class":null},"geometry":{"type":"Polygon","coordinates":[[[-74.00198042392731,40.744009697270144],[-74.00195360183716,40.74399750448498],[-74.00185704231262,40.7441316249986],[-74.00195896625519,40.74417633177637],[-74.00206089019775,40.74403814709342],[-74.00203943252563,40.74403408283371],[-74.00206089019775,40.74400563300867],[-74.00200188159943,40.743981247434675],[-74.00198042392731,40.744009697270144]]]}},{"type":"Feature","properties":{"id":"32c51cce-5f9c-4cff-a405-cae597349a7d","height":14.1,"subtype":null,"class":null},"geometry":{"type":"Polygon","coordinates":[[[-74.00070369243622,40.74196534239715],[-74.0005373954773,40.74189624779473],[-74.00050520896912,40.741936891687175],[-74.00067150592804,40.74201005063105],[-74.00070369243622,40.74196534239715]]]}},{"type":"Feature","properties":{"id":"e84b5cb4-57ed-4932-90cc-db3da7c2487a","height":18.8,"subtype":null,"class":null},"geometry":{"type":"Polygon","coordinates":[[[-73.99977564811707,40.74393247625983],[-73.99979710578918,40.743908090659005],[-73.99972200393677,40.743875576510646],[-73.99963080883026,40.74400156874694],[-73.99991512298584,40.744119432235806],[-73.99999022483826,40.74401376153136],[-73.99987757205963,40.74396499038036],[-73.9998722076416,40.74397718317147],[-73.99984538555145,40.74396499038036],[-73.99985611438751,40.74395279758701],[-73.99980247020721,40.74393247625983],[-73.99979710578918,40.74394060479145],[-73.99977564811707,40.74393247625983]]]}},{"type":"Feature","properties":{"id":"1488908f-2a0d-4fbf-858a-97b40b730116","height":13.3,"subtype":null,"class":null},"geometry":{"type":"Polygon","coordinates":[[[-74.00249004364014,40.7442779379777],[-74.00252223014832,40.74429013071145],[-74.00251150131226,40.744298259199326],[-74.00267243385315,40.744367351306465],[-74.00270462036133,40.74431451617218],[-74.00252223014832,40.7442372955158],[-74.00249004364014,40.7442779379777]]]}},{"type":"Feature","properties":{"id":"9744f074-862b-419c-8afc-d92908eb43bd","height":22.1,"subtype":null,"class":null},"geometry":{"type":"Polygon","coordinates":[[[-74.00266170501709,40.7465985813555],[-74.00260806083679,40.74657419673224],[-74.00244176387787,40.74680178620176],[-74.00252223014832,40.74683429891954],[-74.002645611763,40.74666767107291],[-74.00261878967285,40.74665547877504],[-74.00266170501709,40.7465985813555]]]}},{"type":"Feature","properties":{"id":"c6e89451-ebc2-463a-833a-9552079b46c6","height":23.3,"subtype":null,"class":null},"geometry":{"type":"Polygon","coordinates":[[[-73.99539828300476,40.74119716895717],[-73.99532318115234,40.74116465348362],[-73.99517834186554,40.74136381050985],[-73.99525344371796,40.74139226146491],[-73.99539828300476,40.74119716895717]]]}},{"type":"Feature","properties":{"id":"1e547d94-36fc-4f26-9362-cda0d1f53d4d","height":49,"subtype":null,"class":null},"geometry":{"type":"Polygon","coordinates":[[[-73.99550020694733,40.74092485137501],[-73.99534463882446,40.741140266868],[-73.99573087692261,40.741302844136584],[-73.99588644504547,40.741087429170136],[-73.99550020694733,40.74092485137501]]]}},{"type":"Feature","properties":{"id":"9eff4ee3-85cd-43f9-b121-9e873fef1ed5","height":18.9,"subtype":null,"class":null},"geometry":{"type":"Polygon","coordinates":[[[-73.999764919281,40.743818676712806],[-73.99972200393677,40.743875576510646],[-73.99988830089569,40.74394466905687],[-73.99989366531372,40.74393247625983],[-73.99990975856781,40.74394060479145],[-73.99991512298584,40.743936540525766],[-73.99994194507599,40.74394466905687],[-73.99993121623993,40.74395686185173],[-74.00000095367432,40.7439853116976],[-74.00003850460052,40.74393247625983],[-73.99996876716614,40.743904026391334],[-73.99995803833008,40.74392028346051],[-73.99992048740387,40.743904026391334],[-73.99993121623993,40.74388776931815],[-73.999764919281,40.743818676712806]]]}},{"type":"Feature","properties":{"id":"03213ee3-e88b-41e4-90d4-ebd92b3b1cf8","height":16.9,"subtype":null,"class":null},"geometry":{"type":"Polygon","coordinates":[[[-73.99879932403564,40.74231487869753],[-73.9987188577652,40.74228236377033],[-73.99859011173248,40.74246119567323],[-73.9986652135849,40.742493710513],[-73.99879932403564,40.74231487869753]]]}},{"type":"Feature","properties":{"id":"24c930e3-e87f-4d3f-b964-f805883e9a03","height":17,"subtype":null,"class":null},"geometry":{"type":"Polygon","coordinates":[[[-74.00174975395203,40.74475751715258],[-74.00167465209961,40.744729067636996],[-74.00160491466522,40.74483473720497],[-74.00167465209961,40.74486318667533],[-74.00174975395203,40.74475751715258]]]}},{"type":"Feature","properties":{"id":"980eac89-b949-44d7-b52a-d01475ab925f","height":19.9,"subtype":null,"class":null},"geometry":{"type":"Polygon","coordinates":[[[-74.00284945964813,40.74680178620176],[-74.00277435779572,40.746773337560654],[-74.00267779827118,40.74690338839204],[-74.0027529001236,40.74693590106014],[-74.00284945964813,40.74680178620176]]]}},{"type":"Feature","properties":{"id":"df908de9-a38f-4b2f-996d-4831a1e46ed1","height":20.7,"subtype":null,"class":null},"geometry":{"type":"Polygon","coordinates":[[[-74.00114893913269,40.74587516706305],[-74.00111138820648,40.74593612924525],[-74.00141716003418,40.74606211757808],[-74.00146007537842,40.74600521965087],[-74.00114893913269,40.74587516706305]]]}},{"type":"Feature","properties":{"id":"f99fe5de-69ad-4401-a66f-837e9aad32dc","height":18.7,"subtype":null,"class":null},"geometry":{"type":"Polygon","coordinates":[[[-73.99687349796295,40.7461230795889],[-73.99685740470886,40.746131207852784],[-73.99681448936462,40.74618404154384],[-73.99690568447113,40.74622061868999],[-73.9969915151596,40.74608650238909],[-73.99698615074158,40.74607430998469],[-73.99706661701202,40.745972706527766],[-73.99700224399567,40.74594425753199],[-73.99697005748749,40.74599302723158],[-73.99697005748749,40.74600115551132],[-73.99687349796295,40.7461230795889]]]}},{"type":"Feature","properties":{"id":"b125b675-5bd8-40f7-b73a-c05701782394","height":13.5,"subtype":null,"class":null},"geometry":{"type":"Polygon","coordinates":[[[-73.99917483329773,40.742920466311716],[-73.99910509586334,40.7428920160103],[-73.99904072284698,40.74298549552634],[-73.99910509586334,40.74301394578774],[-73.99917483329773,40.742920466311716]]]}},{"type":"Feature","properties":{"id":"e8e4e069-bf36-42c6-902b-2947e0a38e52","height":22,"subtype":null,"class":null},"geometry":{"type":"Polygon","coordinates":[[[-73.99779081344604,40.74400156874694],[-73.99778008460999,40.74399750448498],[-73.9977639913559,40.744025954313486],[-73.99783909320831,40.74405846838832],[-73.99786055088043,40.74403001857371],[-73.99784982204437,40.744025954313486],[-73.99788200855255,40.743981247434675],[-73.99789810180664,40.743981247434675],[-73.9979088306427,40.74395686185173],[-73.99789273738861,40.74395279758701],[-73.99791419506073,40.743924347727216],[-73.99791955947876,40.743928411993664],[-73.99793565273285,40.743904026391334],[-73.99795711040497,40.743895897855225],[-73.99798929691315,40.74385525515987],[-73.9979088306427,40.74382274098568],[-73.99787127971649,40.743875576510646],[-73.99788200855255,40.743875576510646],[-73.99786055088043,40.743904026391334],[-73.99787127971649,40.743908090659005],[-73.9978551864624,40.74393247625983],[-73.99783372879028,40.743924347727216],[-73.9978176355362,40.74394466905687],[-73.99782299995422,40.74395686185173],[-73.99779081344604,40.74400156874694]]]}},{"type":"Feature","properties":{"id":"7d73e09d-7dd0-4f84-a820-f710640d7662","height":10.5,"subtype":null,"class":null},"geometry":{"type":"Polygon","coordinates":[[[-73.99936258792877,40.743810548166266],[-73.99924457073212,40.74376177686628],[-73.99920165538788,40.74382274098568],[-73.9993143081665,40.743871512241014],[-73.99936258792877,40.743810548166266]]]}},{"type":"Feature","properties":{"id":"25989702-16c9-4a7b-a93b-c307b0c056fc","height":22.7,"subtype":null,"class":null},"geometry":{"type":"Polygon","coordinates":[[[-73.99816632270813,40.74205069445392],[-73.99800539016724,40.74198159994023],[-73.99784445762634,40.74220920512602],[-73.9980000257492,40.742274235036035],[-73.99816632270813,40.74205069445392]]]}},{"type":"Feature","properties":{"id":"c7c4085e-5ed7-47b2-8d99-7225ea1e2c97","height":29.4,"subtype":null,"class":null},"geometry":{"type":"Polygon","coordinates":[[[-74.00216817855835,40.74609463065747],[-74.00190532207489,40.74598083481001],[-74.001744389534,40.746200298055726],[-74.00200724601746,40.746314093527644],[-74.00216817855835,40.74609463065747]]]}},{"type":"Feature","properties":{"id":"239ac1e2-c8dc-421b-9399-5be44b4aaa02","height":12.3,"subtype":null,"class":null},"geometry":{"type":"Polygon","coordinates":[[[-73.99713099002838,40.74258312624045],[-73.99699687957764,40.742530289688744],[-73.9969539642334,40.74258719058881],[-73.99708807468414,40.74264409144021],[-73.99713099002838,40.74258312624045]]]}},{"type":"Feature","properties":{"id":"ac88065a-5286-43fc-a0be-0b3c4e672d4c","height":17.9,"subtype":null,"class":null},"geometry":{"type":"Polygon","coordinates":[[[-74.0034556388855,40.7466392223744],[-74.0034019947052,40.74661483776606],[-74.00330543518066,40.746748953001486],[-74.00335907936096,40.74676927346809],[-74.0034556388855,40.7466392223744]]]}},{"type":"Feature","properties":{"id":"e41c3573-f375-4398-a933-76576af41800","height":21.2,"subtype":null,"class":null},"geometry":{"type":"Polygon","coordinates":[[[-73.99823606014252,40.74256686884439],[-73.99822533130646,40.742570933193775],[-73.99818241596222,40.74262783405908],[-73.99825751781464,40.74265628447347],[-73.99835407733917,40.74251809663238],[-73.99836480617523,40.74251809663238],[-73.99839162826538,40.742473388739995],[-73.99831652641296,40.742440873890274],[-73.99823606014252,40.74256686884439]]]}},{"type":"Feature","properties":{"id":"432edf1b-490f-4000-8f75-6afcd8af4601","height":17.5,"subtype":null,"class":null},"geometry":{"type":"Polygon","coordinates":[[[-74.00122404098511,40.742249848827214],[-74.00122940540314,40.74225391319598],[-74.00115966796875,40.74235552233418],[-74.00124549865723,40.74239210158592],[-74.00130987167358,40.7422986212359],[-74.00130450725555,40.742286428137106],[-74.00130987167358,40.742274235036035],[-74.00132596492767,40.742274235036035],[-74.00137960910797,40.74220514075452],[-74.00135278701782,40.74219294763856],[-74.0013313293457,40.742221398238996],[-74.0012937784195,40.74220514075452],[-74.00130987167358,40.74217669014715],[-74.00128304958344,40.74216449702598],[-74.00122404098511,40.742249848827214]]]}},{"type":"Feature","properties":{"id":"c99913a1-430e-4001-9069-d1fa901226ca","height":22,"subtype":null,"class":null},"geometry":{"type":"Polygon","coordinates":[[[-73.99975955486298,40.74244493824739],[-73.99974346160889,40.74243680953296],[-73.99970054626465,40.742501839220466],[-73.99982392787933,40.742554675794736],[-73.99986684322357,40.7424896461589],[-73.99985074996948,40.742485581804544],[-73.99995803833008,40.7423392648825],[-73.99997413158417,40.742343329245784],[-74.00002241134644,40.74228236377033],[-73.99995803833008,40.74225391319598],[-73.99993658065796,40.74228236377033],[-73.99987757205963,40.74225797756449],[-73.99982929229736,40.742318943062315],[-73.99984538555145,40.742327071791124],[-73.99975955486298,40.74244493824739]]]}},{"type":"Feature","properties":{"id":"62676984-f597-46dc-81e9-77f6d3b7de69","height":13.9,"subtype":null,"class":null},"geometry":{"type":"Polygon","coordinates":[[[-73.99469554424286,40.745135488133286],[-73.99449706077576,40.74505420423273],[-73.99445950984955,40.745102974584995],[-73.99465799331665,40.74518425842595],[-73.99469554424286,40.745135488133286]]]}},{"type":"Feature","properties":{"id":"2d7d8585-a424-410a-9eb5-ac23dc4151c9","height":17.9,"subtype":null,"class":null},"geometry":{"type":"Polygon","coordinates":[[[-74.00202870368958,40.74488350771816],[-74.00210380554199,40.74491602137374],[-74.00209844112396,40.74492414978519],[-74.00222182273865,40.74497698443514],[-74.002286195755,40.744887571926],[-74.00218427181244,40.74484286562631],[-74.00217354297638,40.74485505825646],[-74.00207698345184,40.74481441614722],[-74.00206625461578,40.74481848035927],[-74.00202333927155,40.74487537930179],[-74.00202870368958,40.74488350771816]]]}},{"type":"Feature","properties":{"id":"8a8933ff-9999-4518-8970-fd92186a809f","height":16,"subtype":null,"class":null},"geometry":{"type":"Polygon","coordinates":[[[-74.00238275527954,40.74418852452871],[-74.00233447551727,40.744168203273546],[-74.00222182273865,40.744318580414756],[-74.00227546691895,40.74433890162399],[-74.00238275527954,40.74418852452871]]]}},{"type":"Feature","properties":{"id":"3965be55-af80-4598-a967-358f201519a7","height":17.2,"subtype":null,"class":null},"geometry":{"type":"Polygon","coordinates":[[[-73.99945914745331,40.74523302868283],[-73.99921238422394,40.745139552325725],[-73.99904608726501,40.74537527506115],[-73.99939477443695,40.74551752113521],[-73.9995664358139,40.74527773472022],[-73.99945914745331,40.74523302868283]]]}},{"type":"Feature","properties":{"id":"97efecb5-f4c0-407e-9445-e6127cdc79e9","height":16.6,"subtype":null,"class":null},"geometry":{"type":"Polygon","coordinates":[[[-73.9987188577652,40.74228236377033],[-73.99864375591278,40.742249848827214],[-73.99851500988007,40.74242868081757],[-73.99859011173248,40.74246119567323],[-73.9987188577652,40.74228236377033]]]}},{"type":"Feature","properties":{"id":"e12154fa-8a7a-4497-9358-40befdad9fa8","height":16.6,"subtype":null,"class":null},"geometry":{"type":"Polygon","coordinates":[[[-74.00206089019775,40.745842653876366],[-74.0021950006485,40.74566383106543],[-74.00214672088623,40.74564351026106],[-74.00201261043549,40.745822333126625],[-74.00206089019775,40.745842653876366]]]}},{"type":"Feature","properties":{"id":"d54ee602-d100-4b63-bd3f-8f51a3ab72b2","height":15,"subtype":null,"class":null},"geometry":{"type":"Polygon","coordinates":[[[-74.00066077709198,40.743863383700926],[-74.00058567523956,40.74383086953071],[-74.00046229362488,40.74400156874694],[-74.0005373954773,40.74403408283371],[-74.00066077709198,40.743863383700926]]]}},{"type":"Feature","properties":{"id":"fc3ec75f-8c5d-4388-9e2c-061798cd8d25","height":14.8,"subtype":null,"class":null},"geometry":{"type":"Polygon","coordinates":[[[-73.99727046489716,40.742440873890274],[-73.99710953235626,40.74237177978188],[-73.99707198143005,40.74242055210115],[-73.99723827838898,40.7424896461589],[-73.99727046489716,40.742440873890274]]]}},{"type":"Feature","properties":{"id":"af5f0753-3bff-4851-8c23-7a8d9316c1b1","height":14,"subtype":null,"class":null},"geometry":{"type":"Polygon","coordinates":[[[-73.99573087692261,40.741302844136584],[-73.9954948425293,40.741205297823115],[-73.9953339099884,40.7414288412464],[-73.99556457996368,40.74152638723206],[-73.99573087692261,40.741302844136584]]]}},{"type":"Feature","properties":{"id":"95850f23-de53-4cca-84df-ec74aa17c9ac","height":18.1,"subtype":null,"class":null},"geometry":{"type":"Polygon","coordinates":[[[-74.00234520435333,40.74578169160847],[-74.00229692459106,40.745761370840086],[-74.0021950006485,40.74589955194264],[-74.00224328041077,40.74591987266879],[-74.00234520435333,40.74578169160847]]]}},{"type":"Feature","properties":{"id":"8e8cbb29-3388-4107-a236-16446b6133b1","height":15.6,"subtype":null,"class":null},"geometry":{"type":"Polygon","coordinates":[[[-73.99718463420868,40.7461190154566],[-73.99702906608582,40.74604992516919],[-73.99690568447113,40.74621655456363],[-73.99706661701202,40.74628158055555],[-73.99718463420868,40.7461190154566]]]}},{"type":"Feature","properties":{"id":"46a7a873-4f0c-4e19-93ed-38a32122cb7d","height":14,"subtype":null,"class":null},"geometry":{"type":"Polygon","coordinates":[[[-73.99924457073212,40.74376177686628],[-73.99918019771576,40.74373332692474],[-73.99913191795349,40.74379429107023],[-73.99920165538788,40.74382274098568],[-73.99924457073212,40.74376177686628]]]}},{"type":"Feature","properties":{"id":"74e1670f-2969-425a-973d-bb104c5845b4","height":18,"subtype":null,"class":null},"geometry":{"type":"Polygon","coordinates":[[[-74.00346100330353,40.7458385897269],[-74.00338590145111,40.74580607652234],[-74.00328397750854,40.74594832167497],[-74.00335371494293,40.74597677066902],[-74.00346100330353,40.7458385897269]]]}},{"type":"Feature","properties":{"id":"8231732a-9b59-474e-97a7-482d60e576b4","height":10.8,"subtype":null,"class":null},"geometry":{"type":"Polygon","coordinates":[[[-73.99908363819122,40.743196840034784],[-73.99901926517487,40.74317245416424],[-73.99895489215851,40.743261868979204],[-73.99901926517487,40.74328625481695],[-73.99908363819122,40.743196840034784]]]}},{"type":"Feature","properties":{"id":"21a7a38d-34cc-4751-ada9-214022a47be5","height":18.2,"subtype":null,"class":null},"geometry":{"type":"Polygon","coordinates":[[[-73.99971127510071,40.7429407879481],[-73.9996737241745,40.742920466311716],[-73.99961471557617,40.742997688496985],[-73.99965763092041,40.74301394578774],[-73.99966835975647,40.74300175282005],[-73.99971663951874,40.74302207443162],[-73.99970591068268,40.74303426739556],[-73.99987757205963,40.74310742513239],[-73.99993121623993,40.74303020307451],[-73.99977564811707,40.7429651739036],[-73.99975955486298,40.7429651739036],[-73.99970591068268,40.74294485227463],[-73.99971127510071,40.7429407879481]]]}},{"type":"Feature","properties":{"id":"0ff40cfe-9c08-483f-a768-63f1a6e76f30","height":19.3,"subtype":null,"class":null},"geometry":{"type":"Polygon","coordinates":[[[-74.00185704231262,40.74321716158673],[-74.00178730487823,40.743188711412245],[-74.00168001651764,40.74333502646567],[-74.00174975395203,40.74336347657754],[-74.00185704231262,40.74321716158673]]]}},{"type":"Feature","properties":{"id":"3ffc65a3-760c-4c5f-bf0c-3abe2d3fa8cf","height":11.6,"subtype":"residential","class":"apartments"},"geometry":{"type":"Polygon","coordinates":[[[-73.99930357933044,40.741758058374614],[-73.99922847747803,40.74172554317522],[-73.9990782737732,40.7419287629107],[-73.99915874004364,40.74196127801076],[-73.99930357933044,40.741758058374614]]]}},{"type":"Feature","properties":{"id":"351bca50-0208-4fd2-ba47-53ef3f6dcf04","height":15,"subtype":null,"class":null},"geometry":{"type":"Polygon","coordinates":[[[-74.00114357471466,40.74602554034473],[-74.00107383728027,40.74599302723158],[-74.00094509124756,40.74617184915732],[-74.00102019309998,40.74620436218308],[-74.00114357471466,40.74602554034473]]]}},{"type":"Feature","properties":{"id":"3894e102-97d9-45f0-9eaa-194686df8370","height":11.3,"subtype":null,"class":null},"geometry":{"type":"Polygon","coordinates":[[[-74.00112211704254,40.74298143120228],[-74.00106847286224,40.74295704525275],[-74.00100409984589,40.743050524677386],[-74.00105774402618,40.74307084627404],[-74.00112211704254,40.74298143120228]]]}},{"type":"Feature","properties":{"id":"4b231579-9a19-43b3-834d-9bc5a2382fe0","height":37.5,"subtype":"residential","class":"apartments"},"geometry":{"type":"Polygon","coordinates":[[[-73.9985203742981,40.741424776827245],[-73.99843990802765,40.74139226146491],[-73.99831652641296,40.741554838117565],[-73.99840235710144,40.74158735340043],[-73.9985203742981,40.741424776827245]]]}},{"type":"Feature","properties":{"id":"f8d2cfba-5e0f-4830-976a-4e827fa2ee60","height":15.8,"subtype":null,"class":null},"geometry":{"type":"Polygon","coordinates":[[[-73.99567723274231,40.742530289688744],[-73.99542510509491,40.74242461645949],[-73.99525344371796,40.74266034881737],[-73.99550557136536,40.74276195733469],[-73.99567723274231,40.742530289688744]]]}},{"type":"Feature","properties":{"id":"4bc70e08-8a3f-4bf3-af6a-45cb51419712","height":10.9,"subtype":null,"class":null},"geometry":{"type":"Polygon","coordinates":[[[-74.0002316236496,40.743891833586815],[-74.00015115737915,40.74385931943053],[-74.00010824203491,40.74391215492642],[-74.00018870830536,40.74394466905687],[-74.0002316236496,40.743891833586815]]]}},{"type":"Feature","properties":{"id":"b59cd757-ae6f-4af6-81c3-ae58d10cbbec","height":17.5,"subtype":null,"class":null},"geometry":{"type":"Polygon","coordinates":[[[-73.9981609582901,40.74254248274286],[-73.99814486503601,40.742538418391746],[-73.99810194969177,40.74259125493697],[-73.99818241596222,40.74262783405908],[-73.99822533130646,40.742570933193775],[-73.99820923805237,40.74256280449475],[-73.99821996688843,40.742550611444386],[-73.99823606014252,40.742554675794736],[-73.9982682466507,40.74250590357383],[-73.99826288223267,40.742493710513],[-73.99829506874084,40.74245306696079],[-73.99823606014252,40.74242461645949],[-73.99815559387207,40.74252216098478],[-73.99817168712616,40.742530289688744],[-73.9981609582901,40.74254248274286]]]}},{"type":"Feature","properties":{"id":"54b6bed8-9a63-4c1d-9a41-77d4c2c5c7f6","height":14.6,"subtype":null,"class":null},"geometry":{"type":"Polygon","coordinates":[[[-74.00355219841003,40.74630190116494],[-74.00349855422974,40.74628158055555],[-74.00341272354126,40.74640756823388],[-74.00346100330353,40.74642788880482],[-74.00355219841003,40.74630190116494]]]}},{"type":"Feature","properties":{"id":"ae9064fd-9633-4cd4-b556-4c66ecef5234","height":12.5,"subtype":null,"class":null},"geometry":{"type":"Polygon","coordinates":[[[-73.99984002113342,40.744733131854275],[-73.99977564811707,40.74470468232823],[-73.99969518184662,40.74482254457109],[-73.99975419044495,40.74485099404666],[-73.99984002113342,40.744733131854275]]]}},{"type":"Feature","properties":{"id":"93a794a3-2ba1-446d-bc3b-76ad9e3ce9b6","height":11.5,"subtype":null,"class":null},"geometry":{"type":"Polygon","coordinates":[[[-73.99750649929047,40.74544843022298],[-73.9974582195282,40.74542810935276],[-73.99734556674957,40.74558661197574],[-73.99739384651184,40.7456069327975],[-73.99750649929047,40.74544843022298]]]}},{"type":"Feature","properties":{"id":"aa658c91-7a99-4770-ab79-140e92274f70","height":20,"subtype":null,"class":null},"geometry":{"type":"Polygon","coordinates":[[[-74.00341272354126,40.745493136115584],[-74.00281727313995,40.745237092869274],[-74.00275826454163,40.745314312364854],[-74.00335907936096,40.745570355313816],[-74.00341272354126,40.745493136115584]]]}},{"type":"Feature","properties":{"id":"90816734-646b-472c-b20a-f48169132769","height":17.4,"subtype":null,"class":null},"geometry":{"type":"Polygon","coordinates":[[[-74.00311231613159,40.745692280181174],[-74.0030425786972,40.74565976690505],[-74.00291919708252,40.74583046142726],[-74.00295674800873,40.74584671802555],[-74.0029889345169,40.74581826897591],[-74.00298357009888,40.74580607652234],[-74.003005027771,40.74577762745531],[-74.00303721427917,40.74579388406653],[-74.00311231613159,40.745692280181174]]]}},{"type":"Feature","properties":{"id":"a40ab7be-0d60-433a-a602-10ad00155f21","height":18.8,"subtype":null,"class":null},"geometry":{"type":"Polygon","coordinates":[[[-74.00074660778046,40.745489071944746],[-74.00067687034607,40.74545655856929],[-74.00056958198547,40.745602868633625],[-74.00064468383789,40.745631317775434],[-74.00074660778046,40.745489071944746]]]}},{"type":"Feature","properties":{"id":"614d8378-690e-4f02-8a9c-b0ab3eb4e788","height":38.6,"subtype":null,"class":null},"geometry":{"type":"Polygon","coordinates":[[[-73.9985203742981,40.74219701201082],[-73.99840235710144,40.74214823952764],[-73.99824142456055,40.74237177978188],[-73.9983594417572,40.74242055210115],[-73.9985203742981,40.74219701201082]]]}},{"type":"Feature","properties":{"id":"6533cd2b-0b29-4628-bc21-5d882c27fb36","height":13.2,"subtype":null,"class":null},"geometry":{"type":"Polygon","coordinates":[[[-74.00278508663177,40.744204781528396],[-74.00263488292694,40.744143817759124],[-74.00259733200073,40.744196653029036],[-74.00274753570557,40.74425761674985],[-74.00278508663177,40.744204781528396]]]}},{"type":"Feature","properties":{"id":"cc80cb62-8a69-44a9-9ad3-2feab499e366","height":19,"subtype":null,"class":null},"geometry":{"type":"Polygon","coordinates":[[[-74.00010287761688,40.74456243451564],[-74.00006532669067,40.74454617760338],[-74.00001168251038,40.744615269452964],[-74.00016725063324,40.74468029701055],[-74.00021553039551,40.744615269452964],[-74.0001779794693,40.7445949483282],[-74.00018334388733,40.74458681987653],[-74.00021016597748,40.744542113374706],[-74.0002316236496,40.744533984916615],[-74.00026381015778,40.74454617760338],[-74.00031208992004,40.74448114991469],[-74.00015652179718,40.74441612216239],[-74.00010824203491,40.74448521414709],[-74.00014579296112,40.744501471074244],[-74.00014579296112,40.74450553530539],[-74.00015652179718,40.744509599536315],[-74.00011897087097,40.74456243451564],[-74.00010287761688,40.74456243451564]]]}},{"type":"Feature","properties":{"id":"ffeb00d4-13fa-4a15-a851-d03cd8436643","height":13.7,"subtype":null,"class":null},"geometry":{"type":"Polygon","coordinates":[[[-73.9975494146347,40.74331876925339],[-73.99739921092987,40.743253740364594],[-73.99722754955292,40.74348946978395],[-73.99738311767578,40.74355449844225],[-73.9975494146347,40.74331876925339]]]}},{"type":"Feature","properties":{"id":"2f80d958-9664-411b-8d11-49286521cd22","height":17.3,"subtype":null,"class":null},"geometry":{"type":"Polygon","coordinates":[[[-73.99882078170776,40.74384306234643],[-73.99874567985535,40.74381461243968],[-73.99862766265869,40.74396905464431],[-73.99864912033081,40.74397718317147],[-73.99864375591278,40.7439853116976],[-73.99862229824066,40.7439853116976],[-73.99859547615051,40.744025954313486],[-73.99865984916687,40.744054404129855],[-73.99869203567505,40.74401376153136],[-73.99868130683899,40.74399750448498],[-73.99868130683899,40.743993440222795],[-73.99870276451111,40.74400156874694],[-73.99882078170776,40.74384306234643]]]}},{"type":"Feature","properties":{"id":"765b1754-28b0-4bee-b9f2-c65e8b629b9e","height":10.9,"subtype":null,"class":null},"geometry":{"type":"Polygon","coordinates":[[[-73.99646043777466,40.74090046467148],[-73.99646580219269,40.7409045291227],[-73.99633169174194,40.74108336473009],[-73.99640142917633,40.7411077513666],[-73.99653017520905,40.74093298027421],[-73.99651944637299,40.74092891582475],[-73.99656772613525,40.740863884599406],[-73.9965033531189,40.74083949787354],[-73.99646043777466,40.74090046467148]]]}},{"type":"Feature","properties":{"id":"b2a44963-bd7d-4fe5-8474-353ab7c97c6f","height":12.5,"subtype":null,"class":null},"geometry":{"type":"Polygon","coordinates":[[[-74.00227010250092,40.743778033970244],[-74.00220036506653,40.7437495840357],[-74.00212526321411,40.74385119088896],[-74.0021950006485,40.74387964078008],[-74.00227010250092,40.743778033970244]]]}},{"type":"Feature","properties":{"id":"70c31ca5-10d3-418d-8341-449957c9e877","height":6.7,"subtype":null,"class":null},"geometry":{"type":"Polygon","coordinates":[[[-73.99937331676483,40.74282698670427],[-73.99921238422394,40.74276195733469],[-73.99916410446167,40.74282292237055],[-73.99933576583862,40.742871694359025],[-73.99937331676483,40.74282698670427]]]}},{"type":"Feature","properties":{"id":"e7e2c8ef-15bd-41de-a39f-6d6fa5cda646","height":15.7,"subtype":null,"class":null},"geometry":{"type":"Polygon","coordinates":[[[-74.0032035112381,40.74264002709532],[-74.00313377380371,40.742607512327055],[-74.0030425786972,40.74273350696549],[-74.00311231613159,40.74276602167214],[-74.0032035112381,40.74264002709532]]]}},{"type":"Feature","properties":{"id":"d912ba54-6ec2-45c7-9a77-0d276bfc107b","height":5.6,"subtype":null,"class":null},"geometry":{"type":"Polygon","coordinates":[[[-73.99787664413452,40.74268879921789],[-73.99779617786407,40.74265628447347],[-73.9976567029953,40.74284324403678],[-73.99773716926575,40.74287575868976],[-73.99787664413452,40.74268879921789]]]}},{"type":"Feature","properties":{"id":"45040960-105b-47fb-9e94-799de75ac847","height":14.4,"subtype":null,"class":null},"geometry":{"type":"Polygon","coordinates":[[[-73.996342420578,40.7436113984661],[-73.99629414081573,40.743587012747554],[-73.99622440338135,40.74368455556811],[-73.99627268314362,40.743704876971066],[-73.996342420578,40.7436113984661]]]}},{"type":"Feature","properties":{"id":"322111ec-82bf-421c-b4e5-4d1b9b8a9076","height":13.7,"subtype":null,"class":null},"geometry":{"type":"Polygon","coordinates":[[[-74.00336980819702,40.74622874694194],[-74.0032947063446,40.74619623392812],[-74.0032035112381,40.746318157648005],[-74.00328397750854,40.746350670602254],[-74.00336980819702,40.74622874694194]]]}},{"type":"Feature","properties":{"id":"0ee1ce17-3239-4935-8b2d-b4b9020463a9","height":15.2,"subtype":null,"class":null},"geometry":{"type":"Polygon","coordinates":[[[-74.00347709655762,40.745192386804575],[-74.00346100330353,40.74518832261538],[-74.003546833992,40.74507452521718],[-74.00347709655762,40.74504201163907],[-74.00342881679535,40.745107038779395],[-74.00339126586914,40.74509078200026],[-74.00335371494293,40.745147680709806],[-74.0034019947052,40.74516393747501],[-74.00339126586914,40.7451761300463],[-74.00346636772156,40.74520864355884],[-74.00347709655762,40.745192386804575]]]}},{"type":"Feature","properties":{"id":"c9e42434-14a7-4d93-9096-28df0835a6fb","height":21.8,"subtype":null,"class":null},"geometry":{"type":"Polygon","coordinates":[[[-73.9990085363388,40.74412349649032],[-73.99903535842896,40.744135689252346],[-73.99901926517487,40.74415601051746],[-73.99909436702728,40.74418446027818],[-73.99921774864197,40.74401376153136],[-73.99893343448639,40.743891833586815],[-73.99884223937988,40.74401376153136],[-73.99885296821594,40.74401782579233],[-73.9988261461258,40.744054404129855],[-73.9990085363388,40.74412756074457],[-73.9990085363388,40.74412349649032]]]}},{"type":"Feature","properties":{"id":"1eba8917-f701-43f5-a909-7aa84f83c056","height":19.9,"subtype":null,"class":null},"geometry":{"type":"Polygon","coordinates":[[[-74.00061786174774,40.74127845757161],[-74.00058567523956,40.74126626428577],[-74.00054275989532,40.74132316626722],[-74.00065004825592,40.74137193935539],[-74.00069296360016,40.74131097298957],[-74.00066077709198,40.741298779709695],[-74.00066614151001,40.741286586427606],[-74.00070369243622,40.741302844136584],[-74.00073051452637,40.74126219985669],[-74.00071978569031,40.74125000656787],[-74.00074660778046,40.741213426688034],[-74.00066614151001,40.74117684678805],[-74.00063931941986,40.741217491120096],[-74.00061786174774,40.741217491120096],[-74.00059103965759,40.74125407099771],[-74.00062322616577,40.74127032871465],[-74.00061786174774,40.74127845757161]]]}},{"type":"Feature","properties":{"id":"88e586bf-7265-47fc-91b0-e3096dbabf86","height":11.9,"subtype":null,"class":null},"geometry":{"type":"Polygon","coordinates":[[[-74.0024846792221,40.745395595947485],[-74.00236666202545,40.74534276163007],[-74.00231838226318,40.745411852652126],[-74.00243639945984,40.74546062274209],[-74.0024846792221,40.745395595947485]]]}},{"type":"Feature","properties":{"id":"f0260933-625d-42fd-a0e0-43c08fa1afd9","height":12.3,"subtype":null,"class":null},"geometry":{"type":"Polygon","coordinates":[[[-73.99928748607635,40.74328219051128],[-73.99923384189606,40.743261868979204],[-73.99915874004364,40.74336754087824],[-73.99920701980591,40.74338786237806],[-73.99928748607635,40.74328219051128]]]}},{"type":"Feature","properties":{"id":"72ec8bbf-fafd-480a-bfe2-d7fecf3bac15","height":40.8,"subtype":null,"class":null},"geometry":{"type":"Polygon","coordinates":[[[-73.99936258792877,40.742550611444386],[-73.9991158246994,40.74244900260422],[-73.9989709854126,40.74264815578488],[-73.99915337562561,40.74272537828634],[-73.9991158246994,40.74277821468303],[-73.99918019771576,40.7428066650331],[-73.99936258792877,40.742550611444386]]]}},{"type":"Feature","properties":{"id":"c0457411-76b1-45ab-a15b-911c3f5c5a08","height":24.7,"subtype":null,"class":null},"geometry":{"type":"Polygon","coordinates":[[[-73.99875104427338,40.742692863559796],[-73.99879395961761,40.74263596275014],[-73.99863839149475,40.74256686884439],[-73.99859547615051,40.74262783405908],[-73.99863302707672,40.74264409144021],[-73.99861693382263,40.74266034881737],[-73.99860084056854,40.742652220129315],[-73.9985740184784,40.74268879921789],[-73.9986115694046,40.74270505658413],[-73.99859547615051,40.74272537828634],[-73.99854183197021,40.74270099224293],[-73.99849355220795,40.74276602167214],[-73.99864912033081,40.74283511537104],[-73.99869740009308,40.74276602167214],[-73.9986652135849,40.74275382865903],[-73.9987188577652,40.742680670533275],[-73.99875104427338,40.742692863559796]]]}},{"type":"Feature","properties":{"id":"706311db-bf61-42df-8978-8da569ef4b56","height":14.2,"subtype":null,"class":null},"geometry":{"type":"Polygon","coordinates":[[[-73.99856328964233,40.74465591168391],[-73.99848818778992,40.74462339790114],[-73.99844527244568,40.74468436123078],[-73.99865448474884,40.74477377401317],[-73.99869203567505,40.744729067636996],[-73.99855256080627,40.744668104348335],[-73.99856328964233,40.74465591168391]]]}},{"type":"Feature","properties":{"id":"c1ca4c13-2a12-4438-b347-9a15500b94e1","height":18.6,"subtype":"civic","class":"library"},"geometry":{"type":"Polygon","coordinates":[[[-73.9960527420044,40.74442831487082],[-73.99596691131592,40.74439173673889],[-73.99583280086517,40.7445786914239],[-73.99595081806183,40.74463152634834],[-73.9960902929306,40.74444457181184],[-73.9960527420044,40.74442831487082]]]}},{"type":"Feature","properties":{"id":"0a117669-131b-4f92-8e63-bd2e4980a0ba","height":20.7,"subtype":null,"class":null},"geometry":{"type":"Polygon","coordinates":[[[-74.00186240673065,40.74283511537104],[-74.00158882141113,40.74272131394639],[-74.00154054164886,40.74278227901951],[-74.00161564350128,40.74281885803657],[-74.00157272815704,40.742879823020274],[-74.0014922618866,40.74284324403678],[-74.00144398212433,40.74291233765541],[-74.00172293186188,40.74302613875318],[-74.00176584720612,40.74296110957829],[-74.00167465209961,40.742920466311716],[-74.00171756744385,40.742859501365245],[-74.00181412696838,40.74290014466908],[-74.00186240673065,40.74283511537104]]]}},{"type":"Feature","properties":{"id":"e2b51a8a-25ed-4c04-b487-4171bf9381b3","height":12.5,"subtype":null,"class":null},"geometry":{"type":"Polygon","coordinates":[[[-73.99727582931519,40.74279447202744],[-73.9972060918808,40.74276602167214],[-73.9970988035202,40.742920466311716],[-73.99724900722504,40.74298549552634],[-73.99737775325775,40.74280260069813],[-73.99729192256927,40.74277008600936],[-73.99727582931519,40.74279447202744]]]}},{"type":"Feature","properties":{"id":"635edaab-e17c-41c9-89d3-6964d7b261f3","height":13.8,"subtype":null,"class":null},"geometry":{"type":"Polygon","coordinates":[[[-74.00111675262451,40.74524115705552],[-74.00105237960815,40.74521677193451],[-74.00095045566559,40.74535495416859],[-74.00101482868195,40.74538340341644],[-74.00111675262451,40.74524115705552]]]}},{"type":"Feature","properties":{"id":"51dd2f33-2306-436d-8f93-efe8623fc109","height":14.9,"subtype":null,"class":null},"geometry":{"type":"Polygon","coordinates":[[[-74.00177657604218,40.74525334961265],[-74.00173902511597,40.7453102481831],[-74.00192677974701,40.7453874675937],[-74.00196433067322,40.745330569089305],[-74.00177657604218,40.74525334961265]]]}},{"type":"Feature","properties":{"id":"a27f7737-0ab2-4b31-8962-fbc38bb64cef","height":8,"subtype":null,"class":null},"geometry":{"type":"Polygon","coordinates":[[[-73.99864375591278,40.742249848827214],[-73.9985203742981,40.74219701201082],[-73.99836480617523,40.74241648774259],[-73.99848282337189,40.74246932438467],[-73.99864375591278,40.742249848827214]]]}},{"type":"Feature","properties":{"id":"8e9d0ff1-93f5-4cb4-a335-7454d770e0dc","height":10.9,"subtype":null,"class":null},"geometry":{"type":"Polygon","coordinates":[[[-74.00038719177246,40.74396092611616],[-74.00030672550201,40.743924347727216],[-74.0002691745758,40.74397718317147],[-74.00034964084625,40.74401376153136],[-74.00038719177246,40.74396092611616]]]}},{"type":"Feature","properties":{"id":"e95c4354-ae0f-4e69-b6e2-06614f50a004","height":17.3,"subtype":null,"class":null},"geometry":{"type":"Polygon","coordinates":[[[-74.00253295898438,40.74158328899094],[-74.00245249271393,40.7415467092944],[-74.00236129760742,40.74167270594228],[-74.00244176387787,40.741709285569556],[-74.00253295898438,40.74158328899094]]]}},{"type":"Feature","properties":{"id":"17a8a119-eae3-4ac1-b3dc-587459ca8aa8","height":18.5,"subtype":null,"class":null},"geometry":{"type":"Polygon","coordinates":[[[-73.99963617324829,40.74342850535905],[-73.99940013885498,40.743330962162986],[-73.99935722351074,40.743391926677276],[-73.99959325790405,40.74348946978395],[-73.99963617324829,40.74342850535905]]]}},{"type":"Feature","properties":{"id":"be43cfb7-d33e-4419-8a38-3cfddf107a10","height":15.6,"subtype":null,"class":null},"geometry":{"type":"Polygon","coordinates":[[[-74.00222182273865,40.74412349649032],[-74.00217354297638,40.744099110959525],[-74.00206625461578,40.74424948825697],[-74.00211453437805,40.744273873732595],[-74.00222182273865,40.74412349649032]]]}},{"type":"Feature","properties":{"id":"21463616-69d2-4332-b6c2-f78b8b580765","height":17.2,"subtype":null,"class":null},"geometry":{"type":"Polygon","coordinates":[[[-74.00217890739441,40.745594740305194],[-74.00214672088623,40.74564351026106],[-74.00232374668121,40.7457207292847],[-74.00236129760742,40.74567195938545],[-74.00217890739441,40.745594740305194]]]}},{"type":"Feature","properties":{"id":"81d8e510-3002-45e9-bc34-f8dabe51ca01","height":26,"subtype":null,"class":null},"geometry":{"type":"Polygon","coordinates":[[[-74.00047302246094,40.74198566432534],[-74.00031745433807,40.74192063413318],[-74.00027453899384,40.74197753555481],[-74.00059640407562,40.742111660141745],[-74.00063931941986,40.742054758834854],[-74.00047302246094,40.74198566432534]]]}},{"type":"Feature","properties":{"id":"e2e1e215-03de-441b-801e-6c6d093211de","height":50.4,"subtype":null,"class":null},"geometry":{"type":"Polygon","coordinates":[[[-73.99668574333191,40.74295298092696],[-73.9965569972992,40.74312774671168],[-73.99687349796295,40.743261868979204],[-73.99693250656128,40.74318058278871],[-73.9969003200531,40.74316432553874],[-73.99696469306946,40.74307084627404],[-73.99668574333191,40.74295298092696]]]}},{"type":"Feature","properties":{"id":"c4b9d822-5b58-4cd0-ad0d-d71dffbd3c8d","height":13.9,"subtype":null,"class":null},"geometry":{"type":"Polygon","coordinates":[[[-74.00056421756744,40.74500949804505],[-74.00049984455109,40.74498104863724],[-74.00039792060852,40.74512329555452],[-74.00046765804291,40.74515174490148],[-74.00056421756744,40.74500949804505]]]}},{"type":"Feature","properties":{"id":"e9124e07-cc15-4bfd-88c9-d54d83d5c384","height":35.4,"subtype":null,"class":null},"geometry":{"type":"Polygon","coordinates":[[[-74.00051057338715,40.745761370840086],[-74.00027453899384,40.74566789522558],[-74.00016188621521,40.74583452557721],[-74.0002316236496,40.74586297461991],[-74.00022625923157,40.7458711029156],[-74.00039255619049,40.74592800095752],[-74.00051057338715,40.745761370840086]]]}},{"type":"Feature","properties":{"id":"9fa65cb6-8a02-4b42-a6c9-c09fdad854d3","height":17.4,"subtype":null,"class":null},"geometry":{"type":"Polygon","coordinates":[[[-74.00024235248566,40.7448672508844],[-74.00016188621521,40.74483473720497],[-74.00005996227264,40.74497698443514],[-74.00013506412506,40.74500949804505],[-74.00024235248566,40.7448672508844]]]}},{"type":"Feature","properties":{"id":"0d54b212-848c-47f4-b725-11cbb152450e","height":17.3,"subtype":null,"class":null},"geometry":{"type":"Polygon","coordinates":[[[-73.99901926517487,40.74274569998235],[-73.99894416332245,40.742717249606216],[-73.99881541728973,40.7428920160103],[-73.99889051914215,40.7429245306395],[-73.99901926517487,40.74274569998235]]]}},{"type":"Feature","properties":{"id":"26387c63-1ffa-467d-a44b-e7a2820d265c","height":14.1,"subtype":null,"class":null},"geometry":{"type":"Polygon","coordinates":[[[-74.00181412696838,40.74479409508331],[-74.00180876255035,40.74479003086978],[-74.00173366069794,40.74489570034086],[-74.00179266929626,40.744920085579594],[-74.00188386440277,40.74479003086978],[-74.00183022022247,40.74476564558336],[-74.00181412696838,40.74479409508331]]]}},{"type":"Feature","properties":{"id":"51167e8c-efd7-4154-9b30-a5483587d80f","height":37.8,"subtype":null,"class":null},"geometry":{"type":"Polygon","coordinates":[[[-73.9985579252243,40.742538418391746],[-73.99847745895386,40.74250590357383],[-73.99834334850311,40.742692863559796],[-73.99849891662598,40.74275789299696],[-73.99860620498657,40.742611576673966],[-73.99856328964233,40.74259125493697],[-73.99855256080627,40.742607512327055],[-73.9985203742981,40.74259125493697],[-73.9985579252243,40.742538418391746]]]}},{"type":"Feature","properties":{"id":"c7f484ba-4e8b-422f-8244-0cd3eb1e8cfe","height":17.8,"subtype":null,"class":null},"geometry":{"type":"Polygon","coordinates":[[[-74.00007605552673,40.744119432235806],[-74.00005996227264,40.74412349649032],[-74.00002777576447,40.744168203273546],[-74.00010824203491,40.74420071727886],[-74.00013506412506,40.74416007476975],[-74.00013506412506,40.744143817759124],[-74.00015115737915,40.74412349649032],[-74.00016725063324,40.744119432235806],[-74.00018334388733,40.744095046703535],[-74.00016725063324,40.74408691819079],[-74.00019407272339,40.744054404129855],[-74.00021016597748,40.74405033987111],[-74.00024235248566,40.74400563300867],[-74.0001779794693,40.74397718317147],[-74.00011897087097,40.74406659690459],[-74.00010287761688,40.74406253264658],[-74.0000867843628,40.74408691819079],[-74.0000867843628,40.744099110959525],[-74.00007605552673,40.744119432235806]]]}},{"type":"Feature","properties":{"id":"8f780378-b1c3-4059-a19d-e9acc6736a01","height":26.3,"subtype":null,"class":null},"geometry":{"type":"Polygon","coordinates":[[[-73.99771571159363,40.74262376971316],[-73.99764060974121,40.74259125493697],[-73.9975118637085,40.74277008600936],[-73.99758696556091,40.74280260069813],[-73.99771571159363,40.74262376971316]]]}},{"type":"Feature","properties":{"id":"15dd5709-b10e-4c3e-a2f8-a6a14b34110e","height":34.8,"subtype":"religious","class":"church"},"geometry":{"type":"Polygon","coordinates":[[[-74.00206625461578,40.743928411993664],[-74.0020877122879,40.743895897855225],[-74.00183022022247,40.743790226795625],[-74.00180876255035,40.743818676712806],[-74.00176048278809,40.74379429107023],[-74.00161027908325,40.74400156874694],[-74.00168001651764,40.74403408283371],[-74.00165319442749,40.74407472541978],[-74.00164246559143,40.74407472541978],[-74.00164246559143,40.744082853934],[-74.00165319442749,40.74407878967705],[-74.00170683860779,40.74410317521529],[-74.00171220302582,40.744111303726044],[-74.00172293186188,40.744107239470765],[-74.00171756744385,40.744099110959525],[-74.001744389534,40.74405846838832],[-74.00181949138641,40.74409098244726],[-74.00196969509125,40.74388370504923],[-74.00206625461578,40.743928411993664]]]}},{"type":"Feature","properties":{"id":"181573ce-1846-45bf-acf3-dd80b9292ed0","height":17.5,"subtype":null,"class":null},"geometry":{"type":"Polygon","coordinates":[[[-74.00177657604218,40.743200904345684],[-74.00164246559143,40.74313993965626],[-74.00154054164886,40.743278126205354],[-74.00168001651764,40.74333502646567],[-74.00177657604218,40.743200904345684]]]}},{"type":"Feature","properties":{"id":"eaf68fdb-8d97-4277-9493-f1949f7be082","height":17.9,"subtype":null,"class":null},"geometry":{"type":"Polygon","coordinates":[[[-74.00123476982117,40.74294891660094],[-74.00121867656708,40.74295298092696],[-74.00111675262451,40.743095232181844],[-74.00119721889496,40.743131811026785],[-74.00130450725555,40.74298549552634],[-74.00129914283752,40.74297330255342],[-74.00132060050964,40.74294485227463],[-74.00126159191132,40.74291640198368],[-74.00123476982117,40.74294891660094]]]}},{"type":"Feature","properties":{"id":"54f9d5df-1ff6-4f72-a57c-79dbd80e861e","height":21.1,"subtype":null,"class":null},"geometry":{"type":"Polygon","coordinates":[[[-73.998321890831,40.743790226795625],[-73.99831116199493,40.743786162520735],[-73.99827361106873,40.74383493380287],[-73.99828970432281,40.74384306234643],[-73.99828433990479,40.74385525515987],[-73.99827361106873,40.74385119088896],[-73.9982521533966,40.74388370504923],[-73.99834334850311,40.74392028346051],[-73.99836480617523,40.743891833586815],[-73.99835407733917,40.74388776931815],[-73.99836480617523,40.743875576510646],[-73.99837553501129,40.74387964078008],[-73.9984130859375,40.74383086953071],[-73.99840235710144,40.74382680525832],[-73.99843454360962,40.743786162520735],[-73.99843990802765,40.743790226795625],[-73.99849355220795,40.74371706980983],[-73.99839162826538,40.74367236272337],[-73.99833798408508,40.7437495840357],[-73.99834871292114,40.743753648312804],[-73.998321890831,40.743790226795625]]]}},{"type":"Feature","properties":{"id":"3c1c700a-f8e7-4eda-9421-4ae7d0e82bc5","height":17.6,"subtype":"residential","class":"apartments"},"geometry":{"type":"Polygon","coordinates":[[[-74.00218963623047,40.7419287629107],[-74.00217354297638,40.74193282729905],[-74.00212526321411,40.741997857479305],[-74.00220572948456,40.7420303725456],[-74.00225400924683,40.74196534239715],[-74.0022486448288,40.74195314923722],[-74.00225937366486,40.74193282729905],[-74.00227546691895,40.7419287629107],[-74.00232911109924,40.74185560387747],[-74.00231301784515,40.74184747509102],[-74.00232374668121,40.74183528190946],[-74.00232911109924,40.74183528190946],[-74.00235593318939,40.74180276674784],[-74.0023022890091,40.741778380366156],[-74.00227546691895,40.74181495993534],[-74.00228083133698,40.741819024330624],[-74.00227010250092,40.74182715312057],[-74.00225400924683,40.741819024330624],[-74.0021950006485,40.74189624779473],[-74.00220036506653,40.74190844096506],[-74.00218963623047,40.7419287629107]]]}},{"type":"Feature","properties":{"id":"c891404f-3928-4fd0-a0db-ed2a48909e0a","height":14.4,"subtype":null,"class":null},"geometry":{"type":"Polygon","coordinates":[[[-73.99708271026611,40.74353824128363],[-73.99701833724976,40.743513855538254],[-73.99691104888916,40.74365610559357],[-73.99697542190552,40.74368455556811],[-73.99708271026611,40.74353824128363]]]}},{"type":"Feature","properties":{"id":"104ea692-71aa-48fd-9e01-e58215c266bd","height":23.4,"subtype":null,"class":null},"geometry":{"type":"Polygon","coordinates":[[[-74.00222182273865,40.74652136335112],[-74.00215208530426,40.74649291459005],[-74.00204479694366,40.74663515827365],[-74.00220036506653,40.74670018385626],[-74.00231301784515,40.7465416838873],[-74.0022325515747,40.74650510691774],[-74.00222182273865,40.74652136335112]]]}},{"type":"Feature","properties":{"id":"ccf66c56-83c3-4db8-a313-6abb16dc385c","height":24.139240264892578,"subtype":"residential","class":"apartments"},"geometry":{"type":"Polygon","coordinates":[[[-74.00174975395203,40.74558661197574],[-74.00185704231262,40.74544030187562],[-74.00156736373901,40.74531837654632],[-74.0015298128128,40.745367146704865],[-74.00137424468994,40.74530211981889],[-74.00135815143585,40.7453102481831],[-74.00128841400146,40.74527773472022],[-74.00126159191132,40.7453102481831],[-74.00122940540314,40.7452980556364],[-74.00119721889496,40.74533869745008],[-74.00118112564087,40.74533869745008],[-74.00112211704254,40.74542404517797],[-74.00122940540314,40.745468751086946],[-74.00124549865723,40.74544843022298],[-74.001384973526,40.74550939279632],[-74.00136351585388,40.74553784197812],[-74.00170683860779,40.74568415186363],[-74.00177121162415,40.74559880446952],[-74.00174975395203,40.74558661197574]]]}},{"type":"Feature","properties":{"id":"96bda0f6-3c3c-4602-8ec8-e3fde4c27f2f","height":41.5,"subtype":"commercial","class":"retail"},"geometry":{"type":"Polygon","coordinates":[[[-73.99550020694733,40.74092485137501],[-73.9952427148819,40.740815111138716],[-73.99492084980011,40.74125407099771],[-73.99517834186554,40.74136381050985],[-73.99550020694733,40.74092485137501]]]}},{"type":"Feature","properties":{"id":"46476b22-7ad3-4693-8dc5-154726dde293","height":11.8,"subtype":null,"class":null},"geometry":{"type":"Polygon","coordinates":[[[-74.00199115276337,40.74366016987639],[-74.00192141532898,40.7436317198914],[-74.00185704231262,40.74371706980983],[-74.00192677974701,40.7437495840357],[-74.00199115276337,40.74366016987639]]]}},{"type":"Feature","properties":{"id":"7fd74336-f5cb-450f-80be-ce21758b6c9d","height":15.9,"subtype":null,"class":null},"geometry":{"type":"Polygon","coordinates":[[[-74.00139570236206,40.74342444106205],[-74.00132596492767,40.74339599097624],[-74.00122940540314,40.743530112702814],[-74.00129914283752,40.743558562731266],[-74.00139570236206,40.74342444106205]]]}},{"type":"Feature","properties":{"id":"be411b0f-515c-412c-9ce4-d25fcea37b76","height":12.5,"subtype":null,"class":null},"geometry":{"type":"Polygon","coordinates":[[[-73.99830043315887,40.74261970536702],[-73.99828970432281,40.74261564102062],[-73.99825751781464,40.74265628447347],[-73.99834334850311,40.742692863559796],[-73.9984667301178,40.74251809663238],[-73.9984130859375,40.742493710513],[-73.99837017059326,40.742554675794736],[-73.99838089942932,40.74256280449475],[-73.9983594417572,40.74259125493697],[-73.99832725524902,40.7425790618918],[-73.99830043315887,40.74261970536702]]]}},{"type":"Feature","properties":{"id":"52ef2e61-2d9c-414d-b94b-aa685b0fc31e","height":11.9,"subtype":null,"class":null},"geometry":{"type":"Polygon","coordinates":[[[-73.99913728237152,40.74322122589638],[-73.99908363819122,40.743196840034784],[-73.9990085363388,40.74330251203716],[-73.99905681610107,40.743326897860044],[-73.99913728237152,40.74322122589638]]]}},{"type":"Feature","properties":{"id":"536bd157-b725-43f5-b34c-2a50d697a520","height":51.8,"subtype":null,"class":null},"geometry":{"type":"Polygon","coordinates":[[[-73.99574160575867,40.74457462719721],[-73.99555921554565,40.74449740684281],[-73.99545729160309,40.744639654794526],[-73.99567723274231,40.744733131854275],[-73.9956933259964,40.74470874654699],[-73.99565041065216,40.74469248967051],[-73.99574160575867,40.74457462719721]]]}},{"type":"Feature","properties":{"id":"fb7b1dda-9488-44e9-824b-48fcbd1d1e6d","height":14,"subtype":null,"class":null},"geometry":{"type":"Polygon","coordinates":[[[-74.00183022022247,40.7443551585869],[-74.0017819404602,40.74433483738264],[-74.00168538093567,40.74446489298259],[-74.00173366069794,40.74448521414709],[-74.00183022022247,40.7443551585869]]]}},{"type":"Feature","properties":{"id":"bac4337e-ccaf-4c09-9ff5-2afdd19aac79","height":17.5,"subtype":null,"class":null},"geometry":{"type":"Polygon","coordinates":[[[-74.00332689285278,40.74658232494096],[-74.00326251983643,40.74655387620598],[-74.00316596031189,40.74668799156436],[-74.00323033332825,40.74671644024198],[-74.00332689285278,40.74658232494096]]]}},{"type":"Feature","properties":{"id":"75d02081-a369-4712-9e18-17a4f0ffe088","height":18.2,"subtype":null,"class":null},"geometry":{"type":"Polygon","coordinates":[[[-74.0028440952301,40.741717414372886],[-74.00275826454163,40.7416848991536],[-74.00272607803345,40.74173367197656],[-74.00273144245148,40.74174992957623],[-74.00263488292694,40.741879990230814],[-74.0026992559433,40.74190844096506],[-74.00272071361542,40.741879990230814],[-74.00271534919739,40.741875925839196],[-74.00278508663177,40.74177431596837],[-74.0028065443039,40.741766187171976],[-74.0028440952301,40.741717414372886]]]}},{"type":"Feature","properties":{"id":"f0d2c718-9174-4f0e-aabe-8cd409345a7a","height":14,"subtype":null,"class":null},"geometry":{"type":"Polygon","coordinates":[[[-73.99531245231628,40.743481341197196],[-73.99532854557037,40.74348946978395],[-73.99532318115234,40.74349353407695],[-73.99535536766052,40.74350572695448],[-73.99536609649658,40.7434854054907],[-73.99537682533264,40.74348946978395],[-73.9955323934555,40.7432740618992],[-73.99546265602112,40.7432415474409],[-73.9952963590622,40.74346914831517],[-73.99531781673431,40.743477276903434],[-73.99531245231628,40.743481341197196]]]}},{"type":"Feature","properties":{"id":"75fed578-cd16-4d3d-b63c-ca7b54778cfe","height":13.8,"subtype":null,"class":null},"geometry":{"type":"Polygon","coordinates":[[[-74.00081634521484,40.74348946978395],[-74.00074660778046,40.74346101972597],[-74.00060713291168,40.74365610559357],[-74.00068759918213,40.743688619849195],[-74.00074124336243,40.7436113984661],[-74.00073051452637,40.74360326989424],[-74.00081634521484,40.74348946978395]]]}},{"type":"Feature","properties":{"id":"c30865b0-7886-4038-9a38-b5e9940e7890","height":20.3,"subtype":null,"class":null},"geometry":{"type":"Polygon","coordinates":[[[-74.00081098079681,40.74239210158592],[-74.00076806545258,40.74244900260422],[-74.00100946426392,40.742554675794736],[-74.00105237960815,40.742493710513],[-74.00081098079681,40.74239210158592]]]}},{"type":"Feature","properties":{"id":"5e64a30b-bf24-4a9d-80d1-28696c632631","height":40.7,"subtype":null,"class":null},"geometry":{"type":"Polygon","coordinates":[[[-73.9990246295929,40.74257499754293],[-73.9991158246994,40.74244900260422],[-73.99897634983063,40.742388037225595],[-73.99886906147003,40.742538418391746],[-73.99891197681427,40.742554675794736],[-73.99892807006836,40.74253435404037],[-73.9990246295929,40.74257499754293]]]}},{"type":"Feature","properties":{"id":"ac93b4a6-6e85-45a5-94d7-caf86bf98ca1","height":17.8,"subtype":null,"class":null},"geometry":{"type":"Polygon","coordinates":[[[-74.00155663490295,40.743481341197196],[-74.00148153305054,40.74344882684022],[-74.00144934654236,40.74348946978395],[-74.00145471096039,40.743501662662226],[-74.00135278701782,40.74363578417572],[-74.00142788887024,40.743664234158956],[-74.00144934654236,40.7436317198914],[-74.0014386177063,40.74362765560684],[-74.00151371955872,40.743526048412065],[-74.00152444839478,40.74352198412103],[-74.00155663490295,40.743481341197196]]]}},{"type":"Feature","properties":{"id":"77252a7f-969e-4e23-bff3-742b1b1b1e8c","height":4.3,"subtype":null,"class":null},"geometry":{"type":"Polygon","coordinates":[[[-73.9994215965271,40.74233113615517],[-73.99955570697784,40.74214823952764],[-73.99942696094513,40.74209540263047],[-73.9993679523468,40.74217262577366],[-73.9994215965271,40.74219701201082],[-73.99934649467468,40.742302685601686],[-73.9994215965271,40.74233113615517]]]}},{"type":"Feature","properties":{"id":"a8553088-ca5c-412f-b391-ab67ac6a174d","height":8.7,"subtype":"civic","class":"fire_station"},"geometry":{"type":"Polygon","coordinates":[[[-73.9970451593399,40.74109962248875],[-73.99686276912689,40.74102239809977],[-73.99670720100403,40.741237813276825],[-73.99688959121704,40.74131503741572],[-73.9970451593399,40.74109962248875]]]}},{"type":"Feature","properties":{"id":"2bb83db1-9610-4c79-9a53-4b47663a3aae","height":10.6,"subtype":null,"class":null},"geometry":{"type":"Polygon","coordinates":[[[-73.99820923805237,40.743123682396316],[-73.9981609582901,40.74310336081581],[-73.99811804294586,40.74316432553874],[-73.99816632270813,40.743184647100634],[-73.99820923805237,40.743123682396316]]]}},{"type":"Feature","properties":{"id":"9970840d-fd50-4c84-96bc-1f39b3f623bc","height":18,"subtype":null,"class":null},"geometry":{"type":"Polygon","coordinates":[[[-73.99594008922577,40.742989559850145],[-73.99598836898804,40.742920466311716],[-73.99622440338135,40.74301801010981],[-73.99632632732391,40.74287575868976],[-73.99601519107819,40.74274569998235],[-73.99588108062744,40.7429245306395],[-73.99580597877502,40.74288795168053],[-73.99577915668488,40.742920466311716],[-73.99594008922577,40.742989559850145]]]}},{"type":"Feature","properties":{"id":"7bb77ade-d870-439f-ab45-a42b51d7020d","height":19.5,"subtype":null,"class":null},"geometry":{"type":"Polygon","coordinates":[[[-73.99651944637299,40.74092891582475],[-73.99653017520905,40.74093298027421],[-73.99640142917633,40.7411077513666],[-73.99648725986481,40.741144331304554],[-73.99665892124176,40.7409045291227],[-73.99656772613525,40.740863884599406],[-73.99651944637299,40.74092891582475]]]}},{"type":"Feature","properties":{"id":"49208481-5ab2-40d5-8737-9e6af40960ed","height":15.5,"subtype":null,"class":null},"geometry":{"type":"Polygon","coordinates":[[[-73.99609565734863,40.74528179890396],[-73.9960366487503,40.745257413797844],[-73.99595081806183,40.74537933923892],[-73.99600446224213,40.7454037243003],[-73.99609565734863,40.74528179890396]]]}},{"type":"Feature","properties":{"id":"6c9b9558-c40e-4110-bb44-b36586bd125a","height":20.2,"subtype":null,"class":null},"geometry":{"type":"Polygon","coordinates":[[[-73.99818241596222,40.743587012747554],[-73.99802684783936,40.74351791982977],[-73.99797320365906,40.743587012747554],[-73.9980161190033,40.743607334180325],[-73.99797320365906,40.743668298441264],[-73.99793028831482,40.743647977027166],[-73.99788200855255,40.74371300553051],[-73.99804294109344,40.74378209824562],[-73.99809122085571,40.74371300553051],[-73.99804830551147,40.74369674841063],[-73.99810194969177,40.74362765560684],[-73.99813950061798,40.74364391274361],[-73.99818241596222,40.743587012747554]]]}},{"type":"Feature","properties":{"id":"5c1e753e-7360-43be-b103-3f7a1eac6ff8","height":14.7,"subtype":null,"class":null},"geometry":{"type":"Polygon","coordinates":[[[-74.00135278701782,40.74572479344138],[-74.00130987167358,40.74578169160847],[-74.0015459060669,40.74588329535723],[-74.00158882141113,40.745822333126625],[-74.00135278701782,40.74572479344138]]]}},{"type":"Feature","properties":{"id":"2a861feb-f2ee-493e-af49-37460f1fc5a7","height":15.2,"subtype":null,"class":null},"geometry":{"type":"Polygon","coordinates":[[[-73.99910509586334,40.7428920160103],[-73.99904072284698,40.74286356569675],[-73.9989709854126,40.74295704525275],[-73.99904072284698,40.74298549552634],[-73.99910509586334,40.7428920160103]]]}},{"type":"Feature","properties":{"id":"2a5e10ba-da5c-4519-b911-45f345996940","height":46,"subtype":null,"class":null},"geometry":{"type":"Polygon","coordinates":[[[-73.99989366531372,40.74124187770744],[-73.99973273277283,40.74117278235349],[-73.99941086769104,40.74161173985215],[-73.99957180023193,40.74167677034632],[-73.99989366531372,40.74124187770744]]]}},{"type":"Feature","properties":{"id":"1cd596ec-33ea-4a58-92bc-91d4bb3165d3","height":11.9,"subtype":null,"class":null},"geometry":{"type":"Polygon","coordinates":[[[-73.99950206279755,40.74474532450452],[-73.9995664358139,40.74476970979839],[-73.99963617324829,40.744676232790056],[-73.9996200799942,40.744668104348335],[-73.9996200799942,40.74465997590562],[-73.9996737241745,40.7445786914239],[-73.99963617324829,40.74456243451564],[-73.99950206279755,40.74474532450452]]]}},{"type":"Feature","properties":{"id":"5ac9b6da-5b6b-4997-b252-f1b18fa11c22","height":17.7,"subtype":null,"class":null},"geometry":{"type":"Polygon","coordinates":[[[-73.99715781211853,40.743152132598595],[-73.99707734584808,40.7431196180807],[-73.99705052375793,40.743156196912224],[-73.99705052375793,40.74317245416424],[-73.99701297283173,40.74322529020577],[-73.99702370166779,40.74323341882382],[-73.9970076084137,40.743253740364594],[-73.99699687957764,40.74324967605696],[-73.99692714214325,40.743330962162986],[-73.9970076084137,40.74336347657754],[-73.997061252594,40.743278126205354],[-73.9970451593399,40.74326999759276],[-73.997061252594,40.74324967605696],[-73.99707198143005,40.743253740364594],[-73.99715781211853,40.743152132598595]]]}},{"type":"Feature","properties":{"id":"7742b9db-6639-415b-a8ba-34e081a8052a","height":17.8,"subtype":null,"class":null},"geometry":{"type":"Polygon","coordinates":[[[-73.99994730949402,40.744135689252346],[-74.00002777576447,40.744168203273546],[-74.00010287761688,40.744046275612135],[-74.00011897087097,40.744042211352905],[-74.00016188621521,40.7439853116976],[-74.00008141994476,40.74395279758701],[-74.00003850460052,40.744009697270144],[-74.00004923343658,40.74401782579233],[-74.00000631809235,40.74407878967705],[-73.99999022483826,40.74407878967705],[-73.99994730949402,40.744135689252346]]]}},{"type":"Feature","properties":{"id":"22a746b6-8273-4b88-b0df-680a404eb70e","height":12.6,"subtype":null,"class":null},"geometry":{"type":"Polygon","coordinates":[[[-73.99670720100403,40.74098988254076],[-73.99662137031555,40.74095736696583],[-73.99648725986481,40.741144331304554],[-73.99656772613525,40.741180911222386],[-73.99670720100403,40.74098988254076]]]}},{"type":"Feature","properties":{"id":"42fc70d6-4614-46e4-8adf-e5962a8a5688","height":12.5,"subtype":null,"class":null},"geometry":{"type":"Polygon","coordinates":[[[-74.00209307670593,40.74385525515987],[-74.00206625461578,40.74388776931815],[-74.00209307670593,40.743895897855225],[-74.00220036506653,40.7437495840357],[-74.00213062763214,40.74372113408896],[-74.0020501613617,40.74383493380287],[-74.00209307670593,40.74385525515987]]]}},{"type":"Feature","properties":{"id":"6c01da74-d838-4404-a6d8-0a2be3304d1e","height":21.2,"subtype":null,"class":null},"geometry":{"type":"Polygon","coordinates":[[[-73.99606347084045,40.74496072762426],[-73.99603128433228,40.74494447080937],[-73.99598300457001,40.74501356224519],[-73.9961439371109,40.74508265360922],[-73.99618148803711,40.74503388324206],[-73.99620294570923,40.74504201163907],[-73.99622440338135,40.74501356224519],[-73.99627268314362,40.74503388324206],[-73.99624586105347,40.74506233262724],[-73.99627268314362,40.74507046102076],[-73.99623513221741,40.745119231361116],[-73.9963960647583,40.74518832261538],[-73.99644434452057,40.745119231361116],[-73.99641752243042,40.745107038779395],[-73.99642825126648,40.74509484619543],[-73.99643898010254,40.74509891039031],[-73.99653017520905,40.74497292023281],[-73.99635851383209,40.744903828754786],[-73.99632096290588,40.74496072762426],[-73.99632632732391,40.74496479182736],[-73.99631023406982,40.744985112839146],[-73.99625658988953,40.74496072762426],[-73.99627268314362,40.74493634240045],[-73.99628341197968,40.744940406605025],[-73.99632096290588,40.744887571926],[-73.99615466594696,40.74481441614722],[-73.99608492851257,40.74490789296132],[-73.9960902929306,40.74491195716766],[-73.99606347084045,40.74494447080937],[-73.99607419967651,40.74494447080937],[-73.99606347084045,40.74496072762426]]]}},{"type":"Feature","properties":{"id":"1c3db4ab-f339-4c54-91ef-87da81cf8551","height":16.3,"subtype":null,"class":null},"geometry":{"type":"Polygon","coordinates":[[[-73.99901390075684,40.74356262702008],[-73.99882078170776,40.7434854054907],[-73.99872958660126,40.743607334180325],[-73.99892270565033,40.743688619849195],[-73.99901390075684,40.74356262702008]]]}},{"type":"Feature","properties":{"id":"cc08fb7a-a44e-47a0-bf30-499423a42887","height":34.9,"subtype":null,"class":null},"geometry":{"type":"Polygon","coordinates":[[[-73.99511396884918,40.743095232181844],[-73.99497449398041,40.743038331716406],[-73.99481356143951,40.743253740364594],[-73.99495840072632,40.74331470494971],[-73.99511396884918,40.743095232181844]]]}},{"type":"Feature","properties":{"id":"d05aadc4-91f4-4cd5-b6cb-0850e92be5cf","height":16.6,"subtype":null,"class":null},"geometry":{"type":"Polygon","coordinates":[[[-73.99822533130646,40.7429407879481],[-73.99820923805237,40.7429407879481],[-73.99817168712616,40.742997688496985],[-73.9982521533966,40.74303426739556],[-73.99828970432281,40.74297330255342],[-73.99828970432281,40.7429651739036],[-73.99830043315887,40.74294485227463],[-73.99831652641296,40.7429407879481],[-73.99835407733917,40.74288795168053],[-73.99827361106873,40.74285543703351],[-73.99823606014252,40.74290827332689],[-73.99824142456055,40.74291640198368],[-73.99822533130646,40.7429407879481]]]}},{"type":"Feature","properties":{"id":"5fe1b3a3-dacc-4f7b-bc13-9c0527120087","height":21,"subtype":null,"class":null},"geometry":{"type":"Polygon","coordinates":[[[-73.9982146024704,40.7437495840357],[-73.99820387363434,40.743741455480716],[-73.99817168712616,40.743790226795625],[-73.99818778038025,40.74379835534461],[-73.99817705154419,40.743810548166266],[-73.99816632270813,40.74380648389263],[-73.99814486503601,40.74383493380287],[-73.99823606014252,40.743875576510646],[-73.99825751781464,40.74384712661782],[-73.9982521533966,40.74384306234643],[-73.99826288223267,40.74383086953071],[-73.99827361106873,40.74383493380287],[-73.99831116199493,40.743786162520735],[-73.99830043315887,40.74378209824562],[-73.99832725524902,40.743745519758306],[-73.99833798408508,40.7437495840357],[-73.99839162826538,40.74367236272337],[-73.99828970432281,40.74362765560684],[-73.99823606014252,40.743704876971066],[-73.99824678897858,40.7437089412509],[-73.9982146024704,40.7437495840357]]]}},{"type":"Feature","properties":{"id":"8ff681ca-6097-4430-b5e5-a7fe6ba5a726","height":15,"subtype":null,"class":null},"geometry":{"type":"Polygon","coordinates":[[[-73.99608492851257,40.7432049686563],[-73.99596154689789,40.743152132598595],[-73.99592936038971,40.74319277572363],[-73.9960527420044,40.743245611749046],[-73.99608492851257,40.7432049686563]]]}},{"type":"Feature","properties":{"id":"5ef3b0f6-15fd-44b2-838c-48bfb56b4a4b","height":17.6,"subtype":null,"class":null},"geometry":{"type":"Polygon","coordinates":[[[-73.99460971355438,40.744095046703535],[-73.99442732334137,40.74401782579233],[-73.99441123008728,40.744042211352905],[-73.99467945098877,40.74415601051746],[-73.99485111236572,40.74392028346051],[-73.99476528167725,40.74388370504923],[-73.99460971355438,40.744095046703535]]]}},{"type":"Feature","properties":{"id":"4aa6ee4b-3dfa-4bac-809d-5dd593bb44ba","height":7.9,"subtype":null,"class":null},"geometry":{"type":"Polygon","coordinates":[[[-73.99566650390625,40.74433890162399],[-73.99562358856201,40.744399865214376],[-73.9958381652832,40.744489278379234],[-73.99588644504547,40.74442831487082],[-73.99566650390625,40.74433890162399]]]}},{"type":"Feature","properties":{"id":"6502d333-2b54-4b12-8cfc-6e4aaf77fcb8","height":18.1,"subtype":null,"class":null},"geometry":{"type":"Polygon","coordinates":[[[-73.99853110313416,40.74380241961876],[-73.99854719638824,40.74379835534461],[-73.99858474731445,40.743745519758306],[-73.998504281044,40.74371300553051],[-73.99841845035553,40.74383086953071],[-73.99843454360962,40.74383493380287],[-73.99840235710144,40.743875576510646],[-73.99839162826538,40.743871512241014],[-73.99835407733917,40.743924347727216],[-73.99842381477356,40.74395279758701],[-73.99846136569977,40.743904026391334],[-73.99845600128174,40.743895897855225],[-73.99848282337189,40.74385525515987],[-73.99849891662598,40.74385931943053],[-73.99853110313416,40.74380241961876]]]}},{"type":"Feature","properties":{"id":"bba10f36-3fbd-4d8c-8b8c-35f7c8623e07","height":20.6,"subtype":"residential","class":"apartments"},"geometry":{"type":"Polygon","coordinates":[[[-73.99624586105347,40.74613933611565],[-73.99592399597168,40.74600521965087],[-73.99581134319305,40.74615559263847],[-73.99613320827484,40.74628970880005],[-73.99624586105347,40.74613933611565]]]}},{"type":"Feature","properties":{"id":"2df3e335-5021-4a75-adec-5c183ab418cb","height":10.1,"subtype":null,"class":null},"geometry":{"type":"Polygon","coordinates":[[[-73.99720072746277,40.74254248274286],[-73.99719536304474,40.742546547093724],[-73.99729192256927,40.74258719058881],[-73.99732947349548,40.742530289688744],[-73.99723827838898,40.7424896461589],[-73.99720072746277,40.74254248274286]]]}},{"type":"Feature","properties":{"id":"84ea5057-4636-4680-9845-ab8065b71000","height":17.2,"subtype":null,"class":null},"geometry":{"type":"Polygon","coordinates":[[[-73.995081782341,40.74401782579233],[-73.99501204490662,40.7439853116976],[-73.99481892585754,40.74425355250352],[-73.99488866329193,40.74428606646708],[-73.995081782341,40.74401782579233]]]}},{"type":"Feature","properties":{"id":"037ad4af-db43-45ec-9edf-1a180034ba69","height":16.6,"subtype":null,"class":null},"geometry":{"type":"Polygon","coordinates":[[[-74.00067150592804,40.74201005063105],[-74.00050520896912,40.741936891687175],[-74.00048911571503,40.74196127801076],[-74.00065541267395,40.7420303725456],[-74.00067150592804,40.74201005063105]]]}},{"type":"Feature","properties":{"id":"7e080ea2-1c32-4d9c-b357-c9537e68a07a","height":13,"subtype":null,"class":null},"geometry":{"type":"Polygon","coordinates":[[[-74.0004301071167,40.74376177686628],[-74.00034427642822,40.74372926264638],[-74.00027453899384,40.74382680525832],[-74.00035500526428,40.74385931943053],[-74.0004301071167,40.74376177686628]]]}},{"type":"Feature","properties":{"id":"84270448-9499-4b8b-8dd1-4192d37011d4","height":16.1,"subtype":"residential","class":"apartments"},"geometry":{"type":"Polygon","coordinates":[[[-73.99867594242096,40.7414938719194],[-73.9985203742981,40.741424776827245],[-73.99838089942932,40.74161173985215],[-73.99853646755219,40.74167677034632],[-73.99867594242096,40.7414938719194]]]}},{"type":"Feature","properties":{"id":"5efde15a-b058-489a-a93f-68aafe844aa1","height":12.9,"subtype":null,"class":null},"geometry":{"type":"Polygon","coordinates":[[[-73.99874567985535,40.74381461243968],[-73.99869203567505,40.743790226795625],[-73.99856865406036,40.74395686185173],[-73.99862229824066,40.743981247434675],[-73.99874567985535,40.74381461243968]]]}},{"type":"Feature","properties":{"id":"9321195e-d44c-48c3-89df-d31c30aa310f","height":15,"subtype":null,"class":null},"geometry":{"type":"Polygon","coordinates":[[[-74.00150835514069,40.74270505658413],[-74.00143325328827,40.74267254184767],[-74.00135815143585,40.74278227901951],[-74.00142788887024,40.74281072936785],[-74.00150835514069,40.74270505658413]]]}},{"type":"Feature","properties":{"id":"5f67640f-dd17-4961-a920-31aa117fa518","height":13.9,"subtype":null,"class":null},"geometry":{"type":"Polygon","coordinates":[[[-74.00047838687897,40.74501356224519],[-74.00041401386261,40.744985112839146],[-74.00033354759216,40.74509484619543],[-74.00039792060852,40.74512329555452],[-74.00047838687897,40.74501356224519]]]}},{"type":"Feature","properties":{"id":"69205653-047f-490c-9f2e-3b345f65c4cc","height":16.2,"subtype":null,"class":null},"geometry":{"type":"Polygon","coordinates":[[[-74.00243103504181,40.74424542401016],[-74.00236666202545,40.7442169742755],[-74.00227546691895,40.74433890162399],[-74.0023398399353,40.744367351306465],[-74.00243103504181,40.74424542401016]]]}},{"type":"Feature","properties":{"id":"f3b550c9-e3a6-4ada-8d61-2d3167862c8e","height":15.7,"subtype":null,"class":null},"geometry":{"type":"Polygon","coordinates":[[[-74.00036573410034,40.745326504908576],[-74.00029599666595,40.7452980556364],[-74.00022089481354,40.7454037243003],[-74.00029063224792,40.74543217352729],[-74.00036573410034,40.745326504908576]]]}},{"type":"Feature","properties":{"id":"0aae3e4f-35e4-4af6-9e7d-4ca72b7f2302","height":12.7,"subtype":null,"class":null},"geometry":{"type":"Polygon","coordinates":[[[-74.00192141532898,40.7436317198914],[-74.00185704231262,40.74360326989424],[-74.00179266929626,40.743692684130025],[-74.00185704231262,40.74371706980983],[-74.00192141532898,40.7436317198914]]]}},{"type":"Feature","properties":{"id":"a51d54af-13d5-43f3-8c2b-f0a86229928c","height":20.2,"subtype":null,"class":null},"geometry":{"type":"Polygon","coordinates":[[[-74.00126159191132,40.74487944351009],[-74.00110602378845,40.74481441614722],[-74.00106310844421,40.74487131509321],[-74.00108456611633,40.74487944351009],[-74.00106310844421,40.74492414978519],[-74.00105237960815,40.74493634240045],[-74.00104701519012,40.74493227819562],[-74.00097727775574,40.74502575484405],[-74.00108993053436,40.74507452521718],[-74.00119721889496,40.74492821399053],[-74.00121867656708,40.74493634240045],[-74.00126159191132,40.74487944351009]]]}},{"type":"Feature","properties":{"id":"be6e4d37-6620-4494-8819-ec126e3b3278","height":14.3,"subtype":null,"class":null},"geometry":{"type":"Polygon","coordinates":[[[-74.00174975395203,40.74508671780487],[-74.00168538093567,40.745058268430085],[-74.00161564350128,40.74515580909289],[-74.00168001651764,40.74518425842595],[-74.00174975395203,40.74508671780487]]]}},{"type":"Feature","properties":{"id":"94622740-9af7-40ba-ac1f-a9f11ded46dc","height":24.6,"subtype":null,"class":null},"geometry":{"type":"Polygon","coordinates":[[[-73.99730265140533,40.74295298092696],[-73.99727582931519,40.7429407879481],[-73.99723827838898,40.74299362417369],[-73.99738848209381,40.74305458899721],[-73.99742603302002,40.74300175282005],[-73.99739921092987,40.74299362417369],[-73.99748504161835,40.742879823020274],[-73.99750649929047,40.74288795168053],[-73.99754405021667,40.74283511537104],[-73.99739921092987,40.74277415034632],[-73.99736166000366,40.74282698670427],[-73.99738311767578,40.74283511537104],[-73.99730265140533,40.74295298092696]]]}},{"type":"Feature","properties":{"id":"917aaae3-6744-43c7-9a08-73c13aa4d226","height":46,"subtype":null,"class":null},"geometry":{"type":"Polygon","coordinates":[[[-73.99511396884918,40.74263189840474],[-73.99503886699677,40.742599383632495],[-73.9948832988739,40.7428066650331],[-73.995081782341,40.7428920160103],[-73.99523198604584,40.742680670533275],[-73.99511396884918,40.74263189840474]]]}},{"type":"Feature","properties":{"id":"e2ce80bd-6ecb-4cfe-ad56-fe1f0ccf7464","height":14.3,"subtype":null,"class":null},"geometry":{"type":"Polygon","coordinates":[[[-74.00129914283752,40.74412756074457],[-74.00121867656708,40.744095046703535],[-74.00113821029663,40.744204781528396],[-74.00121331214905,40.744241359763095],[-74.00129914283752,40.74412756074457]]]}},{"type":"Feature","properties":{"id":"c69ba010-192d-41c3-b7b2-d904741d7b44","height":18.5,"subtype":null,"class":null},"geometry":{"type":"Polygon","coordinates":[[[-74.00069832801819,40.74180683114389],[-74.00068759918213,40.74182308872574],[-74.00077879428864,40.74185966827031],[-74.00086998939514,40.74173773637685],[-74.00077879428864,40.74170115676523],[-74.00076806545258,40.74171334997132],[-74.00069832801819,40.7416848991536],[-74.00070905685425,40.74166864153801],[-74.00062322616577,40.741632061888396],[-74.00053203105927,40.741758058374614],[-74.00061786174774,40.74179463795494],[-74.00063395500183,40.741778380366156],[-74.00069832801819,40.74180683114389]]]}},{"type":"Feature","properties":{"id":"03fe20da-879a-4a6f-ba4a-594975f57325","height":46.6,"subtype":null,"class":null},"geometry":{"type":"Polygon","coordinates":[[[-73.99484038352966,40.74244493824739],[-73.99480283260345,40.74249777486685],[-73.99511396884918,40.74263189840474],[-73.99530172348022,40.74237177978188],[-73.9949905872345,40.74223765571949],[-73.99484038352966,40.74244493824739]]]}},{"type":"Feature","properties":{"id":"7320a2f1-bfcd-4bfa-8730-dbae164fe136","height":60.6,"subtype":"residential","class":"apartments"},"geometry":{"type":"Polygon","coordinates":[[[-73.99647116661072,40.74392028346051],[-73.99641215801239,40.743895897855225],[-73.99620831012726,40.74417633177637],[-73.9962512254715,40.744192588778986],[-73.9962512254715,40.74418446027818],[-73.99648189544678,40.74428200222252],[-73.99648189544678,40.74429013071145],[-73.99651944637299,40.74430638768624],[-73.99671792984009,40.744042211352905],[-73.99646043777466,40.74393247625983],[-73.99647116661072,40.74392028346051]]]}},{"type":"Feature","properties":{"id":"d6b13255-21dc-42bd-a4ef-ccb03b85ecc1","height":15.1,"subtype":null,"class":null},"geometry":{"type":"Polygon","coordinates":[[[-73.99952352046967,40.74261970536702],[-73.99943768978119,40.74258312624045],[-73.99933576583862,40.74272944262606],[-73.99941623210907,40.74276602167214],[-73.99952352046967,40.74261970536702]]]}},{"type":"Feature","properties":{"id":"f4edf72a-84d5-48df-925f-a47e203cdea8","height":19.3,"subtype":"residential","class":"apartments"},"geometry":{"type":"Polygon","coordinates":[[[-74.00316059589386,40.742140110776944],[-74.00307476520538,40.74210759576431],[-74.00291383266449,40.742327071791124],[-74.00299966335297,40.742363651058525],[-74.00316059589386,40.742140110776944]]]}},{"type":"Feature","properties":{"id":"9ef5890c-30db-47f9-bedc-e13b456b06d0","height":15.9,"subtype":null,"class":null},"geometry":{"type":"Polygon","coordinates":[[[-74.00297284126282,40.745631317775434],[-74.00290310382843,40.745602868633625],[-74.00280117988586,40.745741050065504],[-74.00287091732025,40.745769499148196],[-74.00297284126282,40.745631317775434]]]}},{"type":"Feature","properties":{"id":"4e7c5f00-2554-441c-9980-030927e065a8","height":37.5,"subtype":null,"class":null},"geometry":{"type":"Polygon","coordinates":[[[-73.99732947349548,40.74092891582475],[-73.99711489677429,40.74083949787354],[-73.99698615074158,40.74100614032224],[-73.99710953235626,40.74105897808468],[-73.99708271026611,40.741095558049466],[-73.99717926979065,40.74113620243119],[-73.99732947349548,40.74092891582475]]]}},{"type":"Feature","properties":{"id":"9442dea3-9035-4dfb-995c-b190ad3e03e9","height":17.7,"subtype":null,"class":null},"geometry":{"type":"Polygon","coordinates":[[[-74.00220572948456,40.744509599536315],[-74.0021413564682,40.74448521414709],[-74.00206089019775,40.7445949483282],[-74.00212526321411,40.74462339790114],[-74.00220572948456,40.744509599536315]]]}},{"type":"Feature","properties":{"id":"5e403eec-4793-49cc-8b0d-648c5fa25e52","height":18,"subtype":null,"class":null},"geometry":{"type":"Polygon","coordinates":[[[-73.9957469701767,40.74672050433779],[-73.99566113948822,40.74668799156436],[-73.99548947811127,40.746923708811465],[-73.99557530879974,40.746956221469645],[-73.9957469701767,40.74672050433779]]]}},{"type":"Feature","properties":{"id":"f13b5c84-2fb5-400e-adf7-85d46685f9b0","height":56,"subtype":null,"class":null},"geometry":{"type":"Polygon","coordinates":[[[-73.9955323934555,40.74582639727706],[-73.9951354265213,40.74565976690505],[-73.99503886699677,40.7457857557614],[-73.99507641792297,40.74580201237066],[-73.99501204490662,40.74588329535723],[-73.99534463882446,40.74602554034473],[-73.99540364742279,40.74594019338875],[-73.99543583393097,40.74595644996023],[-73.9955323934555,40.74582639727706]]]}},{"type":"Feature","properties":{"id":"c64346e0-5063-4703-a222-6fe4a99e63f2","height":14.2,"subtype":null,"class":null},"geometry":{"type":"Polygon","coordinates":[[[-74.00145471096039,40.744192588778986],[-74.00137424468994,40.74416007476975],[-74.00128841400146,40.7442779379777],[-74.00136888027191,40.74431045192935],[-74.00145471096039,40.744192588778986]]]}},{"type":"Feature","properties":{"id":"973b7a09-ff20-456e-bba5-56c480d64e4d","height":9.9,"subtype":null,"class":null},"geometry":{"type":"Polygon","coordinates":[[[-74.00313377380371,40.74372926264638],[-74.0029889345169,40.743668298441264],[-74.00296211242676,40.7437089412509],[-74.00310695171356,40.74376990541876],[-74.00313377380371,40.74372926264638]]]}},{"type":"Feature","properties":{"id":"032b23c1-52c2-4696-8947-709a13e5b031","height":36.7,"subtype":"residential","class":"apartments"},"geometry":{"type":"Polygon","coordinates":[[[-74.0042495727539,40.74096143141358],[-74.0042495727539,40.74091672247485],[-74.00422275066376,40.74094923806962],[-74.0042495727539,40.74096143141358]]]}},{"type":"Feature","properties":{"id":"e3737a14-8f70-4523-85c7-737e67a36efe","height":10.3,"subtype":null,"class":null},"geometry":{"type":"Polygon","coordinates":[[[-74.00017261505127,40.74212791764904],[-74.00009214878082,40.74209133825204],[-74.00000631809235,40.74220920512602],[-74.00005996227264,40.74223359134973],[-74.00002777576447,40.742274235036035],[-74.00005996227264,40.742286428137106],[-74.00017261505127,40.74212791764904]]]}},{"type":"Feature","properties":{"id":"02930978-d214-4cc6-bd62-b514c9714013","height":13.2,"subtype":null,"class":null},"geometry":{"type":"Polygon","coordinates":[[[-74.0030425786972,40.74565976690505],[-74.00297284126282,40.745631317775434],[-74.00288164615631,40.74575324253101],[-74.00295674800873,40.74578169160847],[-74.0030425786972,40.74565976690505]]]}},{"type":"Feature","properties":{"id":"11e46f9b-c769-4853-a27a-b88ee795699f","height":17.7,"subtype":null,"class":null},"geometry":{"type":"Polygon","coordinates":[[[-74.0025007724762,40.74195721362412],[-74.00246858596802,40.74194502046271],[-74.00236129760742,40.74209540263047],[-74.00244176387787,40.74212791764904],[-74.00254905223846,40.74197753555481],[-74.00252759456635,40.741969406783284],[-74.0025383234024,40.74195314923722],[-74.00251150131226,40.74194502046271],[-74.0025007724762,40.74195721362412]]]}},{"type":"Feature","properties":{"id":"f0eac034-b92f-445d-a850-d7033f0b477a","height":17.4,"subtype":null,"class":null},"geometry":{"type":"Polygon","coordinates":[[[-74.00016188621521,40.74483473720497],[-74.0000867843628,40.74480222350962],[-73.9999794960022,40.74494447080937],[-74.00005996227264,40.74497698443514],[-74.00016188621521,40.74483473720497]]]}},{"type":"Feature","properties":{"id":"a69bdf2a-2aec-473c-89e2-375a9d5b4fae","height":13.2,"subtype":null,"class":null},"geometry":{"type":"Polygon","coordinates":[[[-73.99535000324249,40.741623933074635],[-73.99527490139008,40.74159141780967],[-73.99511396884918,40.74181089553974],[-73.9951890707016,40.74184341069741],[-73.99535000324249,40.741623933074635]]]}},{"type":"Feature","properties":{"id":"eed42a07-2b70-4e48-93c2-d73524d8039d","height":15.4,"subtype":null,"class":null},"geometry":{"type":"Polygon","coordinates":[[[-73.99770498275757,40.74381461243968],[-73.99764060974121,40.743786162520735],[-73.99754405021667,40.74391621919361],[-73.99761378765106,40.74394060479145],[-73.99770498275757,40.74381461243968]]]}},{"type":"Feature","properties":{"id":"16e6b23c-7c0e-4ae6-9f4f-500c57a295c4","height":24.9,"subtype":null,"class":null},"geometry":{"type":"Polygon","coordinates":[[[-73.99811804294586,40.743278126205354],[-73.99810194969177,40.74326999759276],[-73.99805903434753,40.74333502646567],[-73.99824142456055,40.74341224816965],[-73.99828433990479,40.743347219372254],[-73.99827361106873,40.743343155070306],[-73.99839699268341,40.74317651847659],[-73.99823606014252,40.74310742513239],[-73.99811804294586,40.743278126205354]]]}},{"type":"Feature","properties":{"id":"5d7a861d-97dd-4b43-a472-f0cadd971c08","height":14.2,"subtype":null,"class":null},"geometry":{"type":"Polygon","coordinates":[[[-74.0017819404602,40.74357481988494],[-74.00171756744385,40.743546369863424],[-74.00165319442749,40.7436317198914],[-74.00172293186188,40.74366016987639],[-74.0017819404602,40.74357481988494]]]}},{"type":"Feature","properties":{"id":"3090c2b4-9682-45d5-b8fa-996051317933","height":17.9,"subtype":null,"class":null},"geometry":{"type":"Polygon","coordinates":[[[-73.9981073141098,40.74317245416424],[-73.99800539016724,40.743131811026785],[-73.99790346622467,40.74326999759276],[-73.99805903434753,40.74333502646567],[-73.99814486503601,40.74320903296672],[-73.99809658527374,40.743188711412245],[-73.9981073141098,40.74317245416424]]]}},{"type":"Feature","properties":{"id":"3577feb6-b0ce-4479-b06d-9e8b5c5b8718","height":36.9,"subtype":null,"class":null},"geometry":{"type":"Polygon","coordinates":[[[-73.99612784385681,40.74133942396725],[-73.9960527420044,40.74144509892062],[-73.99629950523376,40.7415467092944],[-73.99645507335663,40.741327230692605],[-73.99607956409454,40.74116871791867],[-73.99591863155365,40.741384132621874],[-73.9960366487503,40.741432905665334],[-73.99611175060272,40.74133129511773],[-73.99612784385681,40.74133942396725]]]}},{"type":"Feature","properties":{"id":"1d534eda-7738-4822-b74b-4c21971ce6c3","height":13.1,"subtype":null,"class":null},"geometry":{"type":"Polygon","coordinates":[[[-73.99560749530792,40.74330251203716],[-73.9955323934555,40.7432740618992],[-73.9953875541687,40.743477276903434],[-73.99546265602112,40.74350572695448],[-73.99560749530792,40.74330251203716]]]}},{"type":"Feature","properties":{"id":"5cea5563-93c2-4a04-8f6c-91d7157ad8bd","height":18.5,"subtype":null,"class":null},"geometry":{"type":"Polygon","coordinates":[[[-73.99653553962708,40.7451761300463],[-73.99651408195496,40.74518019423624],[-73.99648189544678,40.745224900309154],[-73.99656772613525,40.745257413797844],[-73.99659991264343,40.745212707746816],[-73.99658918380737,40.745200515182205],[-73.99660527706146,40.74518019423624],[-73.99662673473358,40.74518019423624],[-73.99663746356964,40.74515987328408],[-73.99663209915161,40.745147680709806],[-73.9966481924057,40.74512735974767],[-73.99664282798767,40.74512735974767],[-73.99671256542206,40.74504201163907],[-73.99663746356964,40.74501356224519],[-73.99659991264343,40.74506233262724],[-73.99661600589752,40.74506639682414],[-73.99656772613525,40.74512735974767],[-73.9965569972992,40.74512735974767],[-73.99653553962708,40.7451761300463]]]}},{"type":"Feature","properties":{"id":"acab9ebc-5321-44a1-90e2-2e1060905992","height":12.2,"subtype":null,"class":null},"geometry":{"type":"Polygon","coordinates":[[[-74.0032947063446,40.74350572695448],[-74.00316059589386,40.74344882684022],[-74.00311231613159,40.74350979124651],[-74.00325179100037,40.743566691308615],[-74.0032947063446,40.74350572695448]]]}},{"type":"Feature","properties":{"id":"bf8ac66c-8dde-4398-92d8-13ea7becd1a2","height":12.8,"subtype":null,"class":null},"geometry":{"type":"Polygon","coordinates":[[[-74.00172293186188,40.74430638768624],[-74.00165855884552,40.74428200222252],[-74.00158882141113,40.744379544023786],[-74.00165319442749,40.74440392945178],[-74.00172293186188,40.74430638768624]]]}},{"type":"Feature","properties":{"id":"0f431f75-b45d-4f46-95f0-e4bd0bd859ce","height":17.9,"subtype":"commercial","class":"office"},"geometry":{"type":"Polygon","coordinates":[[[-73.99635314941406,40.74397718317147],[-73.99627268314362,40.74394466905687],[-73.99612784385681,40.74413975350586],[-73.99620831012726,40.74417633177637],[-73.99635314941406,40.74397718317147]]]}},{"type":"Feature","properties":{"id":"b208f0cf-b343-4402-b915-387b8c29252a","height":13.6,"subtype":null,"class":null},"geometry":{"type":"Polygon","coordinates":[[[-74.00153517723083,40.74207101635608],[-74.00155127048492,40.74207914511521],[-74.00162637233734,40.741969406783284],[-74.00155663490295,40.74194095607507],[-74.00148153305054,40.74204256569135],[-74.00154054164886,40.74206695197617],[-74.00153517723083,40.74207101635608]]]}},{"type":"Feature","properties":{"id":"c8facdea-d0fd-4db0-9808-ead049df58be","height":50.3,"subtype":"commercial","class":"office"},"geometry":{"type":"Polygon","coordinates":[[[-73.99906754493713,40.741237813276825],[-73.99891197681427,40.74117278235349],[-73.99878859519958,40.741343488391635],[-73.99909973144531,40.74147761425712],[-73.99934113025665,40.741140266868],[-73.99918556213379,40.74107523584928],[-73.99906754493713,40.741237813276825]]]}},{"type":"Feature","properties":{"id":"3259370d-3db5-447b-a77a-9201b83cec9f","height":20.4,"subtype":null,"class":null},"geometry":{"type":"Polygon","coordinates":[[[-74.00075197219849,40.7436317198914],[-74.0007358789444,40.743623591322034],[-74.00068759918213,40.743688619849195],[-74.00084316730499,40.743753648312804],[-74.00089144706726,40.743688619849195],[-74.00086998939514,40.74368049128677],[-74.00085389614105,40.74368455556811],[-74.00084853172302,40.7436764270052],[-74.00089144706726,40.7436113984661],[-74.00091290473938,40.743607334180325],[-74.00093972682953,40.74361952703697],[-74.00098264217377,40.74356262702008],[-74.0008270740509,40.74349353407695],[-74.00078415870667,40.74355043415298],[-74.00081098079681,40.74356262702008],[-74.00082170963287,40.74357481988494],[-74.0007734298706,40.74364391274361],[-74.00075733661652,40.743647977027166],[-74.00075197219849,40.7436317198914]]]}},{"type":"Feature","properties":{"id":"b5687197-ca71-4844-8a08-5bff136b10bb","height":18.1,"subtype":"residential","class":"apartments"},"geometry":{"type":"Polygon","coordinates":[[[-74.00257587432861,40.74210353138659],[-74.00255978107452,40.742111660141745],[-74.00252223014832,40.74216043265176],[-74.00260269641876,40.74219701201082],[-74.00264024734497,40.74214417515239],[-74.00263488292694,40.742131982025285],[-74.00267779827118,40.74208320949441],[-74.00266170501709,40.74207508073579],[-74.00268316268921,40.742046630072764],[-74.00269389152527,40.74205069445392],[-74.0027368068695,40.741993793094906],[-74.00266706943512,40.74196534239715],[-74.00262415409088,40.7420222437805],[-74.00264024734497,40.7420303725456],[-74.00261878967285,40.74205882321553],[-74.00260269641876,40.74205069445392],[-74.00257587432861,40.74210353138659]]]}},{"type":"Feature","properties":{"id":"f9fa3554-f1f3-4db0-9d43-888fb6b46327","height":13,"subtype":null,"class":null},"geometry":{"type":"Polygon","coordinates":[[[-74.00034427642822,40.74372926264638],[-74.0002691745758,40.74369674841063],[-74.00019943714142,40.74379429107023],[-74.00027453899384,40.74382680525832],[-74.00034427642822,40.74372926264638]]]}},{"type":"Feature","properties":{"id":"6cbf1c28-d9de-4372-9146-cc89d36dc746","height":15.8,"subtype":null,"class":null},"geometry":{"type":"Polygon","coordinates":[[[-73.99542510509491,40.74242461645949],[-73.99536609649658,40.74239616594599],[-73.99527490139008,40.74252622533689],[-73.9953339099884,40.742550611444386],[-73.99542510509491,40.74242461645949]]]}},{"type":"Feature","properties":{"id":"0c60cbcc-5adc-4248-bcb4-969337d84536","height":14.9,"subtype":null,"class":null},"geometry":{"type":"Polygon","coordinates":[[[-74.00323033332825,40.74614340024675],[-74.00312304496765,40.74610275892482],[-74.00302112102509,40.74624093931806],[-74.00312840938568,40.7462856446779],[-74.00323033332825,40.74614340024675]]]}},{"type":"Feature","properties":{"id":"a193857e-0ba8-4e03-b439-b867be0ca0b2","height":14.9,"subtype":null,"class":null},"geometry":{"type":"Polygon","coordinates":[[[-73.99571478366852,40.744273873732595],[-73.99566650390625,40.74433890162399],[-73.99592936038971,40.74444863604651],[-73.99596691131592,40.74439173673889],[-73.99587571620941,40.7443551585869],[-73.99588108062744,40.74434703010593],[-73.99571478366852,40.744273873732595]]]}},{"type":"Feature","properties":{"id":"2767573a-24e0-48e6-8b41-ae08428eea45","height":15.8,"subtype":null,"class":null},"geometry":{"type":"Polygon","coordinates":[[[-74.00192677974701,40.744395800976775],[-74.00188386440277,40.744375479784935],[-74.00177121162415,40.74452179222757],[-74.00181949138641,40.744542113374706],[-74.00192677974701,40.744395800976775]]]}},{"type":"Feature","properties":{"id":"4ba105a8-140c-43e7-ac0a-76e640021b7b","height":17.1,"subtype":null,"class":null},"geometry":{"type":"Polygon","coordinates":[[[-73.99647116661072,40.7465416838873],[-73.99620831012726,40.74643195291824],[-73.99604737758636,40.746659542874596],[-73.99631023406982,40.74676927346809],[-73.99647116661072,40.7465416838873]]]}},{"type":"Feature","properties":{"id":"531d2354-0c7c-4d2e-9880-2aad8417ca79","height":22.6,"subtype":null,"class":null},"geometry":{"type":"Polygon","coordinates":[[[-74.00255978107452,40.74509891039031],[-74.00253295898438,40.74508671780487],[-74.00249004364014,40.745147680709806],[-74.00251150131226,40.74515580909289],[-74.0024846792221,40.745192386804575],[-74.00275826454163,40.745314312364854],[-74.00281727313995,40.745237092869274],[-74.00276362895966,40.74521677193451],[-74.00277972221375,40.745192386804575],[-74.00275826454163,40.74518425842595],[-74.0027904510498,40.74514361651788],[-74.00283873081207,40.74516800166572],[-74.00292456150055,40.74518425842595],[-74.00303184986115,40.74503794744069],[-74.00313913822174,40.74508265360922],[-74.0031498670578,40.74506639682414],[-74.00319814682007,40.74508671780487],[-74.00328397750854,40.74496479182736],[-74.0028065443039,40.74475751715258],[-74.00255978107452,40.74509891039031]]]}},{"type":"Feature","properties":{"id":"0c0d5935-1fef-4518-bb05-449822ca632f","height":12.3,"subtype":null,"class":null},"geometry":{"type":"Polygon","coordinates":[[[-73.99918556213379,40.7432415474409],[-73.99913728237152,40.74322122589638],[-73.99905681610107,40.743326897860044],[-73.99911046028137,40.743347219372254],[-73.99918556213379,40.7432415474409]]]}},{"type":"Feature","properties":{"id":"c6e98001-2627-4fa0-bf36-a05f3b9b7437","height":14.3,"subtype":null,"class":null},"geometry":{"type":"Polygon","coordinates":[[[-74.0020501613617,40.745212707746816],[-74.00186240673065,40.74513142394059],[-74.00181949138641,40.745192386804575],[-74.00200724601746,40.74527367053625],[-74.0020501613617,40.745212707746816]]]}},{"type":"Feature","properties":{"id":"04b32f4b-c312-4c5c-ab94-b9eb115ab5a8","height":16.6,"subtype":null,"class":null},"geometry":{"type":"Polygon","coordinates":[[[-73.997962474823,40.74314400397063],[-73.99791419506073,40.743123682396316],[-73.99783372879028,40.743237483132475],[-73.99790346622467,40.74326999759276],[-73.9980536699295,40.74306271763612],[-73.9980161190033,40.743050524677386],[-73.99796783924103,40.7431196180807],[-73.99797856807709,40.743123682396316],[-73.997962474823,40.74314400397063]]]}},{"type":"Feature","properties":{"id":"e29813fe-d2e4-4aff-96a3-3d7a95ff6f00","height":18.5,"subtype":null,"class":null},"geometry":{"type":"Polygon","coordinates":[[[-73.99952352046967,40.74358294846027],[-73.99930894374847,40.74349353407695],[-73.99927139282227,40.74353824128363],[-73.99949133396149,40.74362765560684],[-73.99952352046967,40.74358294846027]]]}},{"type":"Feature","properties":{"id":"e61251cf-5cb9-450b-b0c7-a6b851685844","height":17.4,"subtype":null,"class":null},"geometry":{"type":"Polygon","coordinates":[[[-74.00042474269867,40.74462746212487],[-74.00040864944458,40.74463152634834],[-74.00039255619049,40.74465591168391],[-74.00040864944458,40.744664040127134],[-74.00032818317413,40.74475751715258],[-74.00039792060852,40.744785966655996],[-74.00044083595276,40.744733131854275],[-74.00042474269867,40.744729067636996],[-74.00045156478882,40.74468842545076],[-74.00046765804291,40.74469248967051],[-74.00048911571503,40.744664040127134],[-74.000483751297,40.74465591168391],[-74.00049984455109,40.74463152634834],[-74.00051593780518,40.74463152634834],[-74.00054812431335,40.74458275565033],[-74.00047302246094,40.74454617760338],[-74.00043547153473,40.7445949483282],[-74.00044083595276,40.744607141003826],[-74.00042474269867,40.74462746212487]]]}},{"type":"Feature","properties":{"id":"71e133d7-5c24-48de-a171-20367d4bfcff","height":18.5,"subtype":null,"class":null},"geometry":{"type":"Polygon","coordinates":[[[-73.99575233459473,40.74565976690505],[-73.99574160575867,40.74566789522558],[-73.99570941925049,40.745708536813254],[-73.99578988552094,40.745741050065504],[-73.99585425853729,40.74562318945047],[-73.99597227573395,40.745489071944746],[-73.9958918094635,40.74545655856929],[-73.99586498737335,40.74549720028614],[-73.99586498737335,40.74550939279632],[-73.99582743644714,40.74557441947965],[-73.99575233459473,40.74565976690505]]]}},{"type":"Feature","properties":{"id":"94e0b550-eb0f-4f7c-b3d0-e0ce802ae191","height":15.2,"subtype":null,"class":null},"geometry":{"type":"Polygon","coordinates":[[[-73.99918019771576,40.74373332692474],[-73.9990782737732,40.743692684130025],[-73.99903535842896,40.743753648312804],[-73.99913191795349,40.74379429107023],[-73.99918019771576,40.74373332692474]]]}},{"type":"Feature","properties":{"id":"8f194e80-1c2d-43d8-aec9-26a84d78c10b","height":13.7,"subtype":null,"class":null},"geometry":{"type":"Polygon","coordinates":[[[-74.00188386440277,40.744375479784935],[-74.00183022022247,40.7443551585869],[-74.001744389534,40.744477085682036],[-74.00179266929626,40.74449740684281],[-74.00188386440277,40.744375479784935]]]}},{"type":"Feature","properties":{"id":"02698345-1a12-4a35-9bc0-026f433b9304","height":39.3,"subtype":null,"class":null},"geometry":{"type":"Polygon","coordinates":[[[-74.00258660316467,40.74660264545852],[-74.00234520435333,40.746501042808745],[-74.00220036506653,40.74670018385626],[-74.00244176387787,40.74680178620176],[-74.00258660316467,40.74660264545852]]]}},{"type":"Feature","properties":{"id":"458bf604-fe8d-4501-98a6-aeb8e449d467","height":12.6,"subtype":null,"class":null},"geometry":{"type":"Polygon","coordinates":[[[-73.99728119373322,40.74244493824739],[-73.997243642807,40.742493710513],[-73.99736166000366,40.74254248274286],[-73.99739921092987,40.742493710513],[-73.99728119373322,40.74244493824739]]]}},{"type":"Feature","properties":{"id":"2c1451ac-6e81-467d-9920-3735d1e2a40d","height":15.9,"subtype":null,"class":null},"geometry":{"type":"Polygon","coordinates":[[[-73.99887979030609,40.74568821602253],[-73.99892270565033,40.74563538193755],[-73.99855256080627,40.74548500777371],[-73.99827361106873,40.74587516706305],[-73.99836480617523,40.745915808524074],[-73.99837553501129,40.74589955194264],[-73.99846136569977,40.74593612924525],[-73.998504281044,40.7458711029156],[-73.9985579252243,40.74589548779667],[-73.99864375591278,40.74577356330187],[-73.99864375591278,40.7457857557614],[-73.99865448474884,40.74578981991411],[-73.99865984916687,40.7457857557614],[-73.9987725019455,40.74583046142726],[-73.99887979030609,40.74568821602253]]]}},{"type":"Feature","properties":{"id":"d71b4443-db9b-4a6f-9467-52da1fc1d578","height":12.8,"subtype":null,"class":null},"geometry":{"type":"Polygon","coordinates":[[[-73.99636924266815,40.74282292237055],[-73.99612784385681,40.74272131394639],[-73.9960902929306,40.74277821468303],[-73.99632632732391,40.74287575868976],[-73.99636924266815,40.74282292237055]]]}},{"type":"Feature","properties":{"id":"b6078eef-ca30-4016-a9b6-8afa3551cf0a","height":18.3,"subtype":null,"class":null},"geometry":{"type":"Polygon","coordinates":[[[-74.0010792016983,40.742692863559796],[-74.00102019309998,40.74266847750448],[-74.00096654891968,40.742741635643625],[-74.00111675262451,40.7428066650331],[-74.00113821029663,40.74277008600936],[-74.00130987167358,40.74284324403678],[-74.00135278701782,40.74278634335573],[-74.00126695632935,40.74274976432079],[-74.00128304958344,40.74272131394639],[-74.00130987167358,40.74273350696549],[-74.00132596492767,40.74271318526576],[-74.00139033794403,40.74273350696549],[-74.00144398212433,40.74266034881737],[-74.00133669376373,40.74261564102062],[-74.00132596492767,40.74262783405908],[-74.00121867656708,40.74258312624045],[-74.00122940540314,40.742570933193775],[-74.00112748146057,40.74252622533689],[-74.00106310844421,40.742611576673966],[-74.00113821029663,40.74264815578488],[-74.00112748146057,40.742664413161066],[-74.0011328458786,40.74266847750448],[-74.00110065937042,40.74271318526576],[-74.00107383728027,40.74270099224293],[-74.0010792016983,40.742692863559796]]]}},{"type":"Feature","properties":{"id":"2513ec91-83bf-468c-a28d-91feb8efee38","height":28.9,"subtype":null,"class":null},"geometry":{"type":"Polygon","coordinates":[[[-73.9975118637085,40.74444457181184],[-73.99738311767578,40.74439173673889],[-73.99722754955292,40.744607141003826],[-73.99735629558563,40.74465997590562],[-73.9975118637085,40.74444457181184]]]}},{"type":"Feature","properties":{"id":"21ea6cfc-9ae8-436b-a76c-a6d9d08d47b0","height":24.2,"subtype":null,"class":null},"geometry":{"type":"Polygon","coordinates":[[[-73.99888515472412,40.74263596275014],[-73.99881541728973,40.742607512327055],[-73.99865448474884,40.74282698670427],[-73.99872422218323,40.742851372701494],[-73.99888515472412,40.74263596275014]]]}},{"type":"Feature","properties":{"id":"a64ac740-075b-45c4-887a-296bf2b5ca6c","height":17.5,"subtype":null,"class":null},"geometry":{"type":"Polygon","coordinates":[[[-74.00286018848419,40.74298549552634],[-74.00284945964813,40.742989559850145],[-74.0028065443039,40.74304239603697],[-74.00288701057434,40.74307491059264],[-74.00292456150055,40.74302207443162],[-74.00291919708252,40.74300988146544],[-74.00293529033661,40.742989559850145],[-74.0029513835907,40.74298549552634],[-74.00296747684479,40.742969238228625],[-74.00296211242676,40.74295704525275],[-74.00301039218903,40.74288388735053],[-74.0029513835907,40.742859501365245],[-74.0028977394104,40.74293265929427],[-74.00288701057434,40.74293672362131],[-74.00286018848419,40.74298549552634]]]}},{"type":"Feature","properties":{"id":"06a97702-107e-431f-b7a5-6bc47ded861c","height":23.3,"subtype":null,"class":null},"geometry":{"type":"Polygon","coordinates":[[[-73.99945914745331,40.74515580909289],[-73.99946451187134,40.745147680709806],[-73.99950742721558,40.74516393747501],[-73.99959325790405,40.74505014003509],[-73.99953961372375,40.74502575484405],[-73.9995664358139,40.7449932412421],[-73.99937331676483,40.74491602137374],[-73.99929285049438,40.74502575484405],[-73.99929821491241,40.74502981904317],[-73.9992767572403,40.745058268430085],[-73.99929285049438,40.74506639682414],[-73.9992767572403,40.74509078200026],[-73.9994215965271,40.74515174490148],[-73.99943232536316,40.74513142394059],[-73.99944841861725,40.745139552325725],[-73.99944305419922,40.74515174490148],[-73.99945914745331,40.74515580909289]]]}},{"type":"Feature","properties":{"id":"cf6118db-70f4-4913-aab5-060703e42a4b","height":6.5,"subtype":null,"class":null},"geometry":{"type":"Polygon","coordinates":[[[-73.99706661701202,40.743420376764846],[-73.99714708328247,40.74345289113572],[-73.99718999862671,40.743391926677276],[-73.99710953235626,40.74335941227659],[-73.99706661701202,40.743420376764846]]]}},{"type":"Feature","properties":{"id":"6a522344-c763-4ae9-af10-5dc7cf6cf275","height":18.8,"subtype":null,"class":null},"geometry":{"type":"Polygon","coordinates":[[[-74.00008141994476,40.744379544023786],[-74.00000095367432,40.74434703010593],[-73.99989366531372,40.744489278379234],[-73.99991512298584,40.744501471074244],[-73.99988830089569,40.744533984916615],[-73.99993121623993,40.744554306060024],[-73.99995803833008,40.74451772799739],[-73.99997413158417,40.74452585645753],[-74.00008141994476,40.744379544023786]]]}},{"type":"Feature","properties":{"id":"1acd323d-9fff-49b7-a0b1-313525acbe3b","height":19,"subtype":null,"class":null},"geometry":{"type":"Polygon","coordinates":[[[-73.99959325790405,40.74348946978395],[-73.99935722351074,40.743391926677276],[-73.99932503700256,40.74343663395226],[-73.99956107139587,40.743534176993364],[-73.99959325790405,40.74348946978395]]]}},{"type":"Feature","properties":{"id":"c29869bd-a054-4340-8662-60be46e8afc0","height":14.8,"subtype":null,"class":null},"geometry":{"type":"Polygon","coordinates":[[[-73.99700224399567,40.74389996212341],[-73.9969539642334,40.74387964078008],[-73.99685204029083,40.74401376153136],[-73.99690568447113,40.74403408283371],[-73.99700224399567,40.74389996212341]]]}},{"type":"Feature","properties":{"id":"90eeebd4-bc0b-40e4-a3ae-f47f68b5d68e","height":11.6,"subtype":null,"class":null},"geometry":{"type":"Polygon","coordinates":[[[-73.9985740184784,40.74329438342755],[-73.99850964546204,40.7432659332861],[-73.99837017059326,40.74345695543096],[-73.99843454360962,40.7434854054907],[-73.9985740184784,40.74329438342755]]]}},{"type":"Feature","properties":{"id":"8f2711f8-e64d-4385-8376-056397ca0e45","height":11,"subtype":null,"class":null},"geometry":{"type":"Polygon","coordinates":[[[-74.00106847286224,40.74295704525275],[-74.00102019309998,40.74293672362131],[-74.00095045566559,40.74303020307451],[-74.00100409984589,40.743050524677386],[-74.00106847286224,40.74295704525275]]]}},{"type":"Feature","properties":{"id":"e88774b1-cf14-4a70-be10-02d6311e9a71","height":12,"subtype":null,"class":null},"geometry":{"type":"Polygon","coordinates":[[[-73.9969003200531,40.7456069327975],[-73.99683058261871,40.74557441947965],[-73.9967393875122,40.7457004084977],[-73.9968091249466,40.74573292175393],[-73.9969003200531,40.7456069327975]]]}},{"type":"Feature","properties":{"id":"cfd424c6-7961-40fa-ac83-a6c8601931f8","height":12.6,"subtype":null,"class":null},"geometry":{"type":"Polygon","coordinates":[[[-74.0015298128128,40.74422510277236],[-74.00145471096039,40.744192588778986],[-74.00137960910797,40.7442941949555],[-74.00146007537842,40.744326708899195],[-74.0015298128128,40.74422510277236]]]}},{"type":"Feature","properties":{"id":"3ba43456-dcc4-4608-a8f2-bd486ddac1ea","height":15,"subtype":null,"class":null},"geometry":{"type":"Polygon","coordinates":[[[-74.0014386177063,40.74203443692778],[-74.00115430355072,40.74191656974406],[-74.00111675262451,40.74196534239715],[-74.00140643119812,40.74208320949441],[-74.0014386177063,40.74203443692778]]]}},{"type":"Feature","properties":{"id":"6b909302-fb51-43a2-aee0-1e134a8f5a44","height":5.4,"subtype":"commercial","class":"retail"},"geometry":{"type":"Polygon","coordinates":[[[-73.99913191795349,40.74356262702008],[-73.99904608726501,40.74368049128677],[-73.99936258792877,40.743810548166266],[-73.99944841861725,40.743692684130025],[-73.99913191795349,40.74356262702008]]]}},{"type":"Feature","properties":{"id":"3907b11a-7991-4e2b-a90c-d4670ae3d9fa","height":15.4,"subtype":null,"class":null},"geometry":{"type":"Polygon","coordinates":[[[-74.00022625923157,40.745269606352025],[-74.00015652179718,40.74524115705552],[-74.00005996227264,40.74537121088315],[-74.00013506412506,40.745399660124036],[-74.00022625923157,40.745269606352025]]]}},{"type":"Feature","properties":{"id":"2500908b-d73a-4b41-931b-57ae6f5293d8","height":16.9,"subtype":null,"class":null},"geometry":{"type":"Polygon","coordinates":[[[-74.00121331214905,40.74607430998469],[-74.0011328458786,40.746041796895355],[-74.00102019309998,40.74620436218308],[-74.00110065937042,40.74623687519292],[-74.00121331214905,40.74607430998469]]]}},{"type":"Feature","properties":{"id":"6901c12c-4773-462b-9637-d6b97ce12338","height":14.2,"subtype":null,"class":null},"geometry":{"type":"Polygon","coordinates":[[[-74.00130450725555,40.7457207292847],[-74.00127232074738,40.745708536813254],[-74.00118112564087,40.74583452557721],[-74.00125086307526,40.74586297461991],[-74.00135278701782,40.74572479344138],[-74.0013313293457,40.74571260097068],[-74.00130450725555,40.7457207292847]]]}},{"type":"Feature","properties":{"id":"cb1a9ea1-6d94-4303-ae7f-cd07ed97b6aa","height":16.3,"subtype":null,"class":null},"geometry":{"type":"Polygon","coordinates":[[[-73.99960935115814,40.74265628447347],[-73.99952352046967,40.74261970536702],[-73.99941623210907,40.74277008600936],[-73.99950206279755,40.7428066650331],[-73.99960935115814,40.74265628447347]]]}},{"type":"Feature","properties":{"id":"3e6b4e60-4415-4281-ab54-11f881c47ae1","height":17,"subtype":null,"class":null},"geometry":{"type":"Polygon","coordinates":[[[-74.00295674800873,40.74642788880482],[-74.00290846824646,40.746403504118945],[-74.00281190872192,40.746537619780554],[-74.00286018848419,40.74656200441723],[-74.00295674800873,40.74642788880482]]]}},{"type":"Feature","properties":{"id":"78a8017d-4708-41fe-8841-342fdd26c827","height":34.5,"subtype":null,"class":null},"geometry":{"type":"Polygon","coordinates":[[[-73.99590253829956,40.7467895939285],[-73.9957469701767,40.74672050433779],[-73.99559676647186,40.746923708811465],[-73.99575233459473,40.74698873411194],[-73.99590253829956,40.7467895939285]]]}},{"type":"Feature","properties":{"id":"9364327b-4369-4838-95d3-3bad4ffdda0f","height":18.4,"subtype":null,"class":null},"geometry":{"type":"Polygon","coordinates":[[[-73.99779081344604,40.74461120522852],[-73.99767816066742,40.74456243451564],[-73.9975494146347,40.74474126028804],[-73.99770498275757,40.74480628772238],[-73.9978551864624,40.7445949483282],[-73.9978176355362,40.7445786914239],[-73.99779081344604,40.74461120522852]]]}},{"type":"Feature","properties":{"id":"6a055b8a-149e-45b2-b728-d9384381dfbd","height":17.8,"subtype":null,"class":null},"geometry":{"type":"Polygon","coordinates":[[[-73.99527490139008,40.74159141780967],[-73.99512469768524,40.74153045164502],[-73.99496912956238,40.74174992957623],[-73.99511396884918,40.74181089553974],[-73.99527490139008,40.74159141780967]]]}},{"type":"Feature","properties":{"id":"045e8ac3-caea-4025-b04c-68650e1e569f","height":6.2,"subtype":null,"class":null},"geometry":{"type":"Polygon","coordinates":[[[-74.00301575660706,40.746671735171674],[-74.0029513835907,40.746647350575216],[-74.00291919708252,40.746692055661896],[-74.00296747684479,40.746712376145894],[-74.00297820568085,40.746692055661896],[-74.00299966335297,40.74669611975921],[-74.00301575660706,40.746671735171674]]]}},{"type":"Feature","properties":{"id":"7d648d48-890f-4fe3-bf45-5ed0e24e0061","height":12.9,"subtype":null,"class":null},"geometry":{"type":"Polygon","coordinates":[[[-74.00171756744385,40.743546369863424],[-74.00155663490295,40.743481341197196],[-74.00143325328827,40.74365610559357],[-74.00159418582916,40.74372113408896],[-74.00171756744385,40.743546369863424]]]}},{"type":"Feature","properties":{"id":"d6f087ae-84cf-46a0-829f-c4c8d48c34dc","height":35.6,"subtype":null,"class":null},"geometry":{"type":"Polygon","coordinates":[[[-73.9980000257492,40.742274235036035],[-73.99799466133118,40.74228236377033],[-73.99823606014252,40.74237990850426],[-73.99840235710144,40.74214823952764],[-73.99816632270813,40.74205069445392],[-73.9980000257492,40.742274235036035]]]}},{"type":"Feature","properties":{"id":"d133246b-6486-40c1-9158-f5e0f8da3ab4","height":15.3,"subtype":null,"class":null},"geometry":{"type":"Polygon","coordinates":[[[-73.99702370166779,40.74565976690505],[-73.99696469306946,40.745631317775434],[-73.99686813354492,40.745757306685675],[-73.99693250656128,40.7457857557614],[-73.99702370166779,40.74565976690505]]]}},{"type":"Feature","properties":{"id":"5b2ac3bd-9cea-4753-9b85-ad13854ae4ef","height":27.8,"subtype":null,"class":null},"geometry":{"type":"Polygon","coordinates":[[[-74.00053203105927,40.743330962162986],[-74.00051593780518,40.74335534797541],[-74.00019943714142,40.74322529020577],[-74.00006532669067,40.74341631246733],[-74.00025844573975,40.743497598369714],[-74.00025308132172,40.743501662662226],[-74.00045156478882,40.743587012747554],[-74.00061249732971,40.74336347657754],[-74.00053203105927,40.743330962162986]]]}},{"type":"Feature","properties":{"id":"f1e8738a-389d-4830-acd5-dbc465e02db5","height":16,"subtype":null,"class":null},"geometry":{"type":"Polygon","coordinates":[[[-74.00296747684479,40.743513855538254],[-74.00288701057434,40.743623591322034],[-74.00313377380371,40.74372926264638],[-74.00317132472992,40.7436764270052],[-74.00299429893494,40.74359920560795],[-74.00303184986115,40.74354230557364],[-74.00296747684479,40.743513855538254]]]}},{"type":"Feature","properties":{"id":"1627f102-0086-406d-9991-6f6901e37946","height":42.2,"subtype":null,"class":null},"geometry":{"type":"Polygon","coordinates":[[[-73.99621903896332,40.746423824691135],[-73.99595618247986,40.74631002940697],[-73.9957845211029,40.746545747993764],[-73.99604737758636,40.746659542874596],[-73.99621903896332,40.746423824691135]]]}},{"type":"Feature","properties":{"id":"b138ab0c-4915-42ad-91c1-91ee48ee7532","height":18.5,"subtype":null,"class":null},"geometry":{"type":"Polygon","coordinates":[[[-74.00322496891022,40.744729067636996],[-74.00323569774628,40.744733131854275],[-74.00328934192657,40.74465591168391],[-74.00326251983643,40.74464371901723],[-74.00327861309052,40.74462339790114],[-74.00330007076263,40.74463152634834],[-74.00333225727081,40.74458681987653],[-74.00326788425446,40.74455837028796],[-74.0032035112381,40.74465591168391],[-74.00318741798401,40.744647783239714],[-74.00314450263977,40.74470468232823],[-74.00313913822174,40.74470061810925],[-74.00312840938568,40.74471281076549],[-74.00318741798401,40.74474126028804],[-74.0032035112381,40.744729067636996],[-74.00322496891022,40.744729067636996]]]}},{"type":"Feature","properties":{"id":"1b31f95f-4a38-4772-882f-5cd5afe114a5","height":16,"subtype":null,"class":null},"geometry":{"type":"Polygon","coordinates":[[[-74.00000095367432,40.74434703010593],[-73.99992048740387,40.74431451617218],[-73.99982929229736,40.74443644334184],[-73.99990975856781,40.744468957215986],[-74.00000095367432,40.74434703010593]]]}},{"type":"Feature","properties":{"id":"5e3da5d9-6abd-4bea-9afd-dc903cc806ef","height":19.9,"subtype":null,"class":null},"geometry":{"type":"Polygon","coordinates":[[[-73.99773716926575,40.743928411993664],[-73.99772644042969,40.74393247625983],[-73.99768352508545,40.743989375960325],[-73.9977639913559,40.744025954313486],[-73.99784982204437,40.74388370504923],[-73.99786591529846,40.74388370504923],[-73.9979088306427,40.74382680525832],[-73.99782836437225,40.74379429107023],[-73.99773716926575,40.743928411993664]]]}},{"type":"Feature","properties":{"id":"4e8db400-9030-42de-be46-b62ec2fa724a","height":18.1,"subtype":null,"class":null},"geometry":{"type":"Polygon","coordinates":[[[-74.00238811969757,40.74580201237066],[-74.00234520435333,40.74578169160847],[-74.00224328041077,40.74591987266879],[-74.002286195755,40.74594019338875],[-74.00238811969757,40.74580201237066]]]}},{"type":"Feature","properties":{"id":"9f99a417-60f9-4b05-b7df-f67fcf076441","height":20.1,"subtype":null,"class":null},"geometry":{"type":"Polygon","coordinates":[[[-74.00355756282806,40.74667986336851],[-74.0034556388855,40.7466392223744],[-74.00335907936096,40.74676927346809],[-74.00346100330353,40.7468139784728],[-74.00355756282806,40.74667986336851]]]}},{"type":"Feature","properties":{"id":"f2dfb68c-f1ad-499b-835d-435c45536fe9","height":14.1,"subtype":null,"class":null},"geometry":{"type":"Polygon","coordinates":[[[-73.99872422218323,40.74468029701055],[-73.99851500988007,40.74459088410248],[-73.99848818778992,40.74462339790114],[-73.99856328964233,40.74465591168391],[-73.99855256080627,40.744668104348335],[-73.99869203567505,40.744729067636996],[-73.99872422218323,40.74468029701055]]]}},{"type":"Feature","properties":{"id":"8a227be1-e9dd-44b6-8758-a0ef438e6341","height":17.3,"subtype":null,"class":null},"geometry":{"type":"Polygon","coordinates":[[[-73.99938404560089,40.7414288412464],[-73.99930357933044,40.74139226146491],[-73.99920701980591,40.74152232281884],[-73.99940013885498,40.741603611035885],[-73.99946451187134,40.74151419399166],[-73.99945914745331,40.74150606516352],[-73.9994752407074,40.74147761425712],[-73.9994752407074,40.741465421007774],[-73.9994215965271,40.74144509892062],[-73.99940550327301,40.74144916333856],[-73.99938941001892,40.74146948542446],[-73.99937331676483,40.74147354984092],[-73.99936258792877,40.74146948542446],[-73.99938404560089,40.74143697008401],[-73.99938404560089,40.7414288412464]]]}},{"type":"Feature","properties":{"id":"f1d548e1-e9cd-427f-b108-23fd76a7684e","height":18.3,"subtype":null,"class":null},"geometry":{"type":"Polygon","coordinates":[[[-73.9960366487503,40.7429407879481],[-73.99596691131592,40.74303426739556],[-73.99615466594696,40.74311555376485],[-73.99622440338135,40.74301801010981],[-73.9960366487503,40.7429407879481]]]}},{"type":"Feature","properties":{"id":"ba348900-d15b-4f0d-a465-cf56b88351e9","height":18.1,"subtype":"residential","class":"apartments"},"geometry":{"type":"Polygon","coordinates":[[[-74.0028065443039,40.742213269497256],[-74.0027904510498,40.74221733386824],[-74.00275826454163,40.74226204193275],[-74.00283873081207,40.74229455686989],[-74.00287091732025,40.74224578445822],[-74.00286555290222,40.74223359134973],[-74.00291383266449,40.74218481889335],[-74.0028977394104,40.74217669014715],[-74.00291919708252,40.74214417515239],[-74.00293529033661,40.74215230390257],[-74.00297820568085,40.74209540263047],[-74.00290310382843,40.74206288759598],[-74.00286018848419,40.742119788895906],[-74.00288164615631,40.74212791764904],[-74.00286018848419,40.74215636827731],[-74.00283873081207,40.74215230390257],[-74.0028065443039,40.742213269497256]]]}},{"type":"Feature","properties":{"id":"9bf56208-109d-472c-bff3-e6cebbc1f295","height":13.6,"subtype":null,"class":null},"geometry":{"type":"Polygon","coordinates":[[[-74.00339126586914,40.74464371901723],[-74.00332152843475,40.744615269452964],[-74.00323569774628,40.744729067636996],[-74.00330543518066,40.744761581368095],[-74.00339126586914,40.74464371901723]]]}},{"type":"Feature","properties":{"id":"2048f615-9203-4e04-b1eb-14f4df90b095","height":20,"subtype":null,"class":null},"geometry":{"type":"Polygon","coordinates":[[[-73.9961439371109,40.74196127801076],[-73.99598300457001,40.74189218340413],[-73.99585425853729,40.74207508073579],[-73.99600982666016,40.742140110776944],[-73.99604737758636,40.742087273873324],[-73.99606347084045,40.74209133825204],[-73.99606883525848,40.74207914511521],[-73.9960902929306,40.742087273873324],[-73.99607419967651,40.74210353138659],[-73.99609565734863,40.742111660141745],[-73.99606347084045,40.74216043265176],[-73.99623513221741,40.74223359134973],[-73.99627804756165,40.74217262577366],[-73.9963048696518,40.74218481889335],[-73.99634778499603,40.742131982025285],[-73.99632096290588,40.742119788895906],[-73.99636387825012,40.742054758834854],[-73.99620831012726,40.74198972871025],[-73.99616003036499,40.74205069445392],[-73.99609565734863,40.74202630816316],[-73.9961439371109,40.74196127801076]]]}},{"type":"Feature","properties":{"id":"0ed7e133-d0a8-433a-baca-132517b562c3","height":21.9,"subtype":null,"class":null},"geometry":{"type":"Polygon","coordinates":[[[-73.99853646755219,40.74307084627404],[-73.99852573871613,40.74307084627404],[-73.998504281044,40.743095232181844],[-73.99851500988007,40.74310336081581],[-73.99848818778992,40.74313993965626],[-73.99854719638824,40.743168389851604],[-73.9985740184784,40.743131811026785],[-73.99859011173248,40.743131811026785],[-73.99860620498657,40.74310742513239],[-73.99860084056854,40.74309929649894],[-73.99861693382263,40.74307491059264],[-73.99863302707672,40.74307491059264],[-73.99867057800293,40.74302207443162],[-73.99858474731445,40.74298549552634],[-73.99854719638824,40.743038331716406],[-73.99855256080627,40.743050524677386],[-73.99853646755219,40.74307084627404]]]}},{"type":"Feature","properties":{"id":"5ea16b3a-5e92-4f48-bcc7-24b04ed68dfe","height":11.4,"subtype":null,"class":null},"geometry":{"type":"Polygon","coordinates":[[[-73.9973133802414,40.7462693881869],[-73.99725437164307,40.74624500344291],[-73.99718999862671,40.74633441412712],[-73.99724900722504,40.746358798838315],[-73.9973133802414,40.7462693881869]]]}},{"type":"Feature","properties":{"id":"4920df8e-d849-4e4b-9b79-0c1a0a75c140","height":12,"subtype":null,"class":null},"geometry":{"type":"Polygon","coordinates":[[[-74.00200188159943,40.74289608033982],[-74.00193214416504,40.742867630028],[-74.00186240673065,40.74296110957829],[-74.00193214416504,40.742989559850145],[-74.00200188159943,40.74289608033982]]]}},{"type":"Feature","properties":{"id":"73e197c2-c2ea-4066-a2b9-9e6095c2d2df","height":26.1,"subtype":null,"class":null},"geometry":{"type":"Polygon","coordinates":[[[-73.99770498275757,40.74452585645753],[-73.99762451648712,40.74449334261118],[-73.99746894836426,40.74470874654699],[-73.9975494146347,40.74474126028804],[-73.99770498275757,40.74452585645753]]]}},{"type":"Feature","properties":{"id":"0df2cfaa-58c1-44ad-a88b-5357b96cae93","height":14.9,"subtype":null,"class":null},"geometry":{"type":"Polygon","coordinates":[[[-74.0023022890091,40.741619868667385],[-74.00237739086151,40.74164831951293],[-74.00245249271393,40.7415467092944],[-74.00237739086151,40.74151825840539],[-74.0023022890091,40.741619868667385]]]}},{"type":"Feature","properties":{"id":"d2e8d42f-3a86-4d70-982b-32e130c93f39","height":17.9,"subtype":null,"class":null},"geometry":{"type":"Polygon","coordinates":[[[-74.00149762630463,40.74307084627404],[-74.00136888027191,40.74301801010981],[-74.00126695632935,40.7431602612256],[-74.00140106678009,40.74321716158673],[-74.00151371955872,40.74306678195521],[-74.00149762630463,40.74306271763612],[-74.00149762630463,40.74307084627404]]]}},{"type":"Feature","properties":{"id":"9ef51512-abda-45e5-ba7e-92516ddfab6e","height":12,"subtype":null,"class":null},"geometry":{"type":"Polygon","coordinates":[[[-73.996701836586,40.743773969694615],[-73.9966481924057,40.7437495840357],[-73.99655163288116,40.74388370504923],[-73.99660527706146,40.743908090659005],[-73.996701836586,40.743773969694615]]]}},{"type":"Feature","properties":{"id":"83028f18-f817-4a12-a840-a55905b5dc9a","height":21.7,"subtype":null,"class":null},"geometry":{"type":"Polygon","coordinates":[[[-73.99972200393677,40.742310814332484],[-73.99967908859253,40.74229455686989],[-73.99957180023193,40.74244493824739],[-73.99970054626465,40.742501839220466],[-73.99985074996948,40.74229455686989],[-73.99975955486298,40.74225797756449],[-73.99972200393677,40.742310814332484]]]}},{"type":"Feature","properties":{"id":"2db249c5-3afa-4242-bbfa-ca3749bf9747","height":18.2,"subtype":null,"class":null},"geometry":{"type":"Polygon","coordinates":[[[-74.00256514549255,40.74588735950397],[-74.00243103504181,40.74583046142726],[-74.00233447551727,40.74596051410248],[-74.00246858596802,40.746017412067914],[-74.00256514549255,40.74588735950397]]]}},{"type":"Feature","properties":{"id":"d0f035e5-7252-47bf-9f22-a9acfc27c6a7","height":18.3,"subtype":null,"class":null},"geometry":{"type":"Polygon","coordinates":[[[-74.00137424468994,40.7461230795889],[-74.00141716003418,40.74606211757808],[-74.00119721889496,40.74596864238623],[-74.0011864900589,40.74598083481001],[-74.0011328458786,40.74595238581773],[-74.00110065937042,40.745997091371606],[-74.00115430355072,40.746017412067914],[-74.00114893913269,40.74602960448277],[-74.00137424468994,40.7461230795889]]]}},{"type":"Feature","properties":{"id":"9c1bfc7f-ed02-449e-bd0c-a1240066ec0f","height":12.4,"subtype":null,"class":null},"geometry":{"type":"Polygon","coordinates":[[[-74.00163173675537,40.7431602612256],[-74.00155663490295,40.74312774671168],[-74.00147080421448,40.743245611749046],[-74.00154054164886,40.743278126205354],[-74.00163173675537,40.7431602612256]]]}},{"type":"Feature","properties":{"id":"3ea5c5db-bb89-4f3a-b66b-36bee3e329a7","height":10.7,"subtype":null,"class":null},"geometry":{"type":"Polygon","coordinates":[[[-74.00099873542786,40.742550611444386],[-74.00076806545258,40.74244900260422],[-74.00072515010834,40.74250590357383],[-74.00095582008362,40.74260344797989],[-74.00099873542786,40.742550611444386]]]}},{"type":"Feature","properties":{"id":"4200de15-6cf8-45b6-9b98-f80ed82c008a","height":17.9,"subtype":null,"class":null},"geometry":{"type":"Polygon","coordinates":[[[-74.00111138820648,40.74300581714286],[-74.00110065937042,40.74300988146544],[-74.00105774402618,40.74307084627404],[-74.00111675262451,40.743095232181844],[-74.00125086307526,40.74291233765541],[-74.00120794773102,40.7428920160103],[-74.00121331214905,40.74288795168053],[-74.00120258331299,40.74288388735053],[-74.00111138820648,40.74300581714286]]]}},{"type":"Feature","properties":{"id":"7b83b637-5042-43c5-bd1d-49b553f0fc19","height":17.5,"subtype":null,"class":null},"geometry":{"type":"Polygon","coordinates":[[[-74.0007734298706,40.74590768023387],[-74.00073051452637,40.74589142365045],[-74.00062322616577,40.746041796895355],[-74.00070905685425,40.74607430998469],[-74.0008270740509,40.74590768023387],[-74.0007895231247,40.74589142365045],[-74.0007734298706,40.74590768023387]]]}},{"type":"Feature","properties":{"id":"e3eddb84-d300-4632-aea2-adb61c068cab","height":18.9,"subtype":null,"class":null},"geometry":{"type":"Polygon","coordinates":[[[-74.00331616401672,40.74577762745531],[-74.00311231613159,40.745692280181174],[-74.00306403636932,40.745761370840086],[-74.00311768054962,40.7457857557614],[-74.00308549404144,40.74583452557721],[-74.00302648544312,40.74581014067377],[-74.00297820568085,40.74587923121027],[-74.00317668914795,40.7459645782445],[-74.00323033332825,40.74589548779667],[-74.00317132472992,40.7458670387679],[-74.0032035112381,40.745822333126625],[-74.00326251983643,40.74584671802555],[-74.00331616401672,40.74577762745531]]]}},{"type":"Feature","properties":{"id":"4f31f856-ee79-434c-91c0-6994195767e0","height":17.7,"subtype":null,"class":null},"geometry":{"type":"Polygon","coordinates":[[[-74.00343954563141,40.74273757130467],[-74.00336444377899,40.74270912092504],[-74.00321424007416,40.74291233765541],[-74.0032410621643,40.7429245306395],[-74.00323569774628,40.74293672362131],[-74.00328397750854,40.74295704525275],[-74.00343954563141,40.74273757130467]]]}},{"type":"Feature","properties":{"id":"4d368f5d-8eb0-4238-8a1a-e1481dd709ca","height":15.3,"subtype":null,"class":null},"geometry":{"type":"Polygon","coordinates":[[[-73.9961439371109,40.74530211981889],[-73.99609565734863,40.74528179890396],[-73.99600446224213,40.7454037243003],[-73.9960527420044,40.74542404517797],[-73.9961439371109,40.74530211981889]]]}},{"type":"Feature","properties":{"id":"3d72508f-e654-4233-872f-66f48f2e7748","height":19.1,"subtype":null,"class":null},"geometry":{"type":"Polygon","coordinates":[[[-73.99797320365906,40.74403814709342],[-73.99795711040497,40.74403001857371],[-73.99791419506073,40.74408691819079],[-73.99808049201965,40.74415601051746],[-73.99812340736389,40.744099110959525],[-73.99810194969177,40.74409098244726],[-73.99811267852783,40.74407472541978],[-73.99812877178192,40.744082853934],[-73.99815559387207,40.744046275612135],[-73.99814486503601,40.74403814709342],[-73.99817168712616,40.74401376153136],[-73.9982146024704,40.74394466905687],[-73.99815559387207,40.74392028346051],[-73.99812340736389,40.74396092611616],[-73.99811267852783,40.74396905464431],[-73.99808585643768,40.74401376153136],[-73.9980697631836,40.74400563300867],[-73.99809658527374,40.74397718317147],[-73.99813950061798,40.74391215492642],[-73.99808049201965,40.74388370504923],[-73.99801075458527,40.743981247434675],[-73.9980000257492,40.74397718317147],[-73.99796783924103,40.74401376153136],[-73.99798393249512,40.744021890053034],[-73.99797320365906,40.74403814709342]]]}},{"type":"Feature","properties":{"id":"014daeff-db3c-4de4-8786-ed49b1b59203","height":29.6,"subtype":"religious","class":"church"},"geometry":{"type":"Polygon","coordinates":[[[-73.99946451187134,40.74522083612197],[-73.99945914745331,40.74523302868283],[-73.999582529068,40.745285863087446],[-73.99959325790405,40.74526554216757],[-73.99962544441223,40.74527773472022],[-73.99962544441223,40.745285863087446],[-73.99964153766632,40.745289927270676],[-73.99977028369904,40.745115167167455],[-73.99978637695312,40.745119231361116],[-73.99980783462524,40.74509078200026],[-73.99962544441223,40.74501356224519],[-73.99960398674011,40.74504607583722],[-73.9996200799942,40.74505420423273],[-73.99949133396149,40.745228964496135],[-73.99946451187134,40.74522083612197]]]}},{"type":"Feature","properties":{"id":"ebe9d80b-16cc-4685-9b49-72f3ef0207ff","height":14.8,"subtype":null,"class":null},"geometry":{"type":"Polygon","coordinates":[[[-74.00023698806763,40.74215230390257],[-74.0001779794693,40.74212791764904],[-74.00010287761688,40.74222952697974],[-74.00016725063324,40.74225391319598],[-74.00023698806763,40.74215230390257]]]}},{"type":"Feature","properties":{"id":"ef794193-153e-4e01-84d6-15f2397d3451","height":22.6,"subtype":null,"class":null},"geometry":{"type":"Polygon","coordinates":[[[-74.00323569774628,40.741884054622176],[-74.00292456150055,40.74175399397558],[-74.00281727313995,40.741900312185095],[-74.00283336639404,40.74190844096506],[-74.0027904510498,40.741969406783284],[-74.0030586719513,40.74207914511521],[-74.00311231613159,40.741997857479305],[-74.00314450263977,40.74201005063105],[-74.00323569774628,40.741884054622176]]]}},{"type":"Feature","properties":{"id":"5cae8236-045f-4104-a6e0-de5de4354d86","height":21.2,"subtype":null,"class":null},"geometry":{"type":"Polygon","coordinates":[[[-74.00280117988586,40.746732696623695],[-74.00274753570557,40.746708312049606],[-74.00262415409088,40.74687900388054],[-74.00267779827118,40.74690338839204],[-74.00280117988586,40.746732696623695]]]}},{"type":"Feature","properties":{"id":"c76226be-1e74-4b11-a5f5-029c851f88f2","height":17.5,"subtype":null,"class":null},"geometry":{"type":"Polygon","coordinates":[[[-74.00294065475464,40.74301801010981],[-74.00292456150055,40.74302207443162],[-74.00288701057434,40.74307491059264],[-74.00296747684479,40.74310742513239],[-74.003005027771,40.74305865331678],[-74.00299966335297,40.743046460357306],[-74.00301575660706,40.74302207443162],[-74.00303184986115,40.74302207443162],[-74.0030425786972,40.74300175282005],[-74.00303721427917,40.742989559850145],[-74.00309085845947,40.742920466311716],[-74.00303184986115,40.74289608033982],[-74.00297820568085,40.7429651739036],[-74.00296747684479,40.742969238228625],[-74.0029513835907,40.74298549552634],[-74.00295674800873,40.742997688496985],[-74.00294065475464,40.74301801010981]]]}},{"type":"Feature","properties":{"id":"2292b330-450d-485c-8d64-b1928c7610f4","height":8.5,"subtype":null,"class":null},"geometry":{"type":"Polygon","coordinates":[[[-73.99986684322357,40.74452992068717],[-73.9997810125351,40.74449334261118],[-73.99973809719086,40.74455024183183],[-73.99982392787933,40.74459088410248],[-73.99986684322357,40.74452992068717]]]}},{"type":"Feature","properties":{"id":"aa7ff7ea-568d-4685-b470-d53be55396a0","height":15.3,"subtype":null,"class":null},"geometry":{"type":"Polygon","coordinates":[[[-73.9968466758728,40.74598896309129],[-73.99679839611053,40.74596864238623],[-73.99670720100403,40.74609869479124],[-73.9967554807663,40.7461190154566],[-73.9968466758728,40.74598896309129]]]}},{"type":"Feature","properties":{"id":"52abe0e2-b796-4d94-ae85-1cc09ebfb4e5","height":16.4,"subtype":null,"class":null},"geometry":{"type":"Polygon","coordinates":[[[-74.00221645832062,40.74611495132399],[-74.00216817855835,40.74609463065747],[-74.00202870368958,40.7462856446779],[-74.00206625461578,40.74630190116494],[-74.00210916996002,40.74624500344291],[-74.00211989879608,40.746249067567504],[-74.00221645832062,40.74611495132399]]]}},{"type":"Feature","properties":{"id":"d4d73473-b0a3-473c-9bcf-7b160ad9c4a4","height":21,"subtype":null,"class":null},"geometry":{"type":"Polygon","coordinates":[[[-73.99629414081573,40.743587012747554],[-73.99624049663544,40.743566691308615],[-73.99614930152893,40.743688619849195],[-73.99620294570923,40.74371300553051],[-73.99629414081573,40.743587012747554]]]}},{"type":"Feature","properties":{"id":"5e0cbb98-4f20-4339-8180-86f56f36219c","height":20.3,"subtype":null,"class":null},"geometry":{"type":"Polygon","coordinates":[[[-74.00264024734497,40.746293772921916],[-74.00258660316467,40.7462693881869],[-74.00249004364014,40.746403504118945],[-74.00254368782043,40.74642788880482],[-74.00264024734497,40.746293772921916]]]}},{"type":"Feature","properties":{"id":"4fc89a89-94f1-4a81-8a59-b26534b239e7","height":45.9,"subtype":null,"class":null},"geometry":{"type":"Polygon","coordinates":[[[-73.99598300457001,40.74189218340413],[-73.99584352970123,40.74183528190946],[-73.9956933259964,40.74203850130968],[-73.9958381652832,40.74209946700867],[-73.99598300457001,40.74189218340413]]]}},{"type":"Feature","properties":{"id":"43c1c43a-f512-4a06-ad5c-c2430e57136a","height":14.8,"subtype":null,"class":null},"geometry":{"type":"Polygon","coordinates":[[[-74.00121867656708,40.74568415186363],[-74.00115430355072,40.74565976690505],[-74.00104701519012,40.74581014067377],[-74.00110602378845,40.74583452557721],[-74.00121867656708,40.74568415186363]]]}},{"type":"Feature","properties":{"id":"57434947-64d5-4cf5-b444-7d24ca6e691c","height":42.7,"subtype":null,"class":null},"geometry":{"type":"Polygon","coordinates":[[[-73.99588644504547,40.74628158055555],[-73.99559676647186,40.74615965676858],[-73.99542510509491,40.74639537588834],[-73.99571478366852,40.74651729924315],[-73.99588644504547,40.74628158055555]]]}},{"type":"Feature","properties":{"id":"8f82525f-869a-498e-aa2b-81171f24a10b","height":13.2,"subtype":null,"class":null},"geometry":{"type":"Polygon","coordinates":[[[-74.00286018848419,40.744099110959525],[-74.00270998477936,40.74403408283371],[-74.00267243385315,40.74409098244726],[-74.00282263755798,40.744151946264935],[-74.00286018848419,40.744099110959525]]]}},{"type":"Feature","properties":{"id":"ef5e13e8-d9c6-4a2d-8bee-36429f3c0a83","height":19.1,"subtype":null,"class":null},"geometry":{"type":"Polygon","coordinates":[[[-73.9958381652832,40.745692280181174],[-73.99581670761108,40.7457004084977],[-73.99578988552094,40.745741050065504],[-73.99586498737335,40.745769499148196],[-73.99595618247986,40.74562725361304],[-73.99601519107819,40.74557441947965],[-73.9960366487503,40.745541906145945],[-73.9959990978241,40.74552564947314],[-73.99601519107819,40.74550532862651],[-73.99597227573395,40.745489071944746],[-73.9959454536438,40.7455297136417],[-73.9959454536438,40.745545970313515],[-73.99590790271759,40.7456069327975],[-73.9958381652832,40.745692280181174]]]}},{"type":"Feature","properties":{"id":"901a6cea-3983-4fa2-bd07-9293812bd3f4","height":12.4,"subtype":null,"class":null},"geometry":{"type":"Polygon","coordinates":[[[-73.99843454360962,40.7429245306395],[-73.99835407733917,40.74288795168053],[-73.99827897548676,40.742989559850145],[-73.9983594417572,40.74302613875318],[-73.99843454360962,40.7429245306395]]]}},{"type":"Feature","properties":{"id":"4ac3906b-70ea-477b-a555-8a7af9db06e6","height":15.4,"subtype":null,"class":null},"geometry":{"type":"Polygon","coordinates":[[[-73.9969539642334,40.74387964078008],[-73.9969003200531,40.74385525515987],[-73.99679839611053,40.743989375960325],[-73.99685204029083,40.74401376153136],[-73.9969539642334,40.74387964078008]]]}},{"type":"Feature","properties":{"id":"40a9273c-4a56-43a3-8e40-705d2ac79a16","height":10.5,"subtype":null,"class":null},"geometry":{"type":"Polygon","coordinates":[[[-74.00243103504181,40.74384306234643],[-74.00232374668121,40.74379835534461],[-74.00221645832062,40.74394873332207],[-74.00232374668121,40.743993440222795],[-74.00243103504181,40.74384306234643]]]}},{"type":"Feature","properties":{"id":"542427a1-5a86-4501-9776-a960d89e56b0","height":8.7,"subtype":null,"class":null},"geometry":{"type":"Polygon","coordinates":[[[-73.998863697052,40.742538418391746],[-73.99876713752747,40.742501839220466],[-73.9987188577652,40.742570933193775],[-73.99881541728973,40.742607512327055],[-73.998863697052,40.742538418391746]]]}},{"type":"Feature","properties":{"id":"c7c9a037-8b09-496e-87c8-6b6e5ab6ab63","height":20.2,"subtype":null,"class":null},"geometry":{"type":"Polygon","coordinates":[[[-73.9980697631836,40.74376584114262],[-73.99805903434753,40.74376177686628],[-73.99803757667542,40.743790226795625],[-73.99813413619995,40.74383086953071],[-73.99815559387207,40.74380241961876],[-73.99814486503601,40.74379835534461],[-73.99815559387207,40.743786162520735],[-73.99817168712616,40.743790226795625],[-73.99820387363434,40.743741455480716],[-73.99819314479828,40.74373739120287],[-73.99822533130646,40.743700812690975],[-73.99823606014252,40.743704876971066],[-73.99828970432281,40.74362765560684],[-73.99818241596222,40.743587012747554],[-73.99812877178192,40.74366016987639],[-73.99813950061798,40.743664234158956],[-73.99811267852783,40.743704876971066],[-73.99810194969177,40.743700812690975],[-73.9980697631836,40.743745519758306],[-73.99808049201965,40.743753648312804],[-73.9980697631836,40.74376584114262]]]}},{"type":"Feature","properties":{"id":"65e6cd8d-7f36-424a-a9dc-1157bc2d95a5","height":12.2,"subtype":"residential","class":"apartments"},"geometry":{"type":"Polygon","coordinates":[[[-73.99938404560089,40.74179463795494],[-73.99930357933044,40.741758058374614],[-73.99916410446167,40.74195314923722],[-73.99924457073212,40.74198972871025],[-73.99938404560089,40.74179463795494]]]}},{"type":"Feature","properties":{"id":"c292ac84-a952-4fdd-866f-57d828fa99ce","height":17.1,"subtype":null,"class":null},"geometry":{"type":"Polygon","coordinates":[[[-74.00314450263977,40.744554306060024],[-74.00298357009888,40.744489278379234],[-74.00295674800873,40.74452992068717],[-74.00313913822174,40.74460307677887],[-74.00316596031189,40.7445664987431],[-74.00314450263977,40.744554306060024]]]}},{"type":"Feature","properties":{"id":"5eaa74aa-989b-40c5-bc79-b33fc849dd53","height":17.6,"subtype":null,"class":null},"geometry":{"type":"Polygon","coordinates":[[[-73.99543046951294,40.74129471528258],[-73.99535536766052,40.74125813542733],[-73.99525344371796,40.74139226146491],[-73.9953339099884,40.7414288412464],[-73.99543046951294,40.74129471528258]]]}},{"type":"Feature","properties":{"id":"d88779c4-4c0c-491f-9a51-e5cde8e1b3c3","height":50.6,"subtype":null,"class":null},"geometry":{"type":"Polygon","coordinates":[[[-73.99565041065216,40.74282292237055],[-73.99581670761108,40.7428920160103],[-73.99598836898804,40.74266034881737],[-73.99567723274231,40.742530289688744],[-73.99550557136536,40.74276195733469],[-73.99565041065216,40.74282292237055]]]}},{"type":"Feature","properties":{"id":"41747780-9054-4ddb-a76b-dce855325676","height":17.3,"subtype":null,"class":null},"geometry":{"type":"Polygon","coordinates":[[[-73.99784445762634,40.74405846838832],[-73.99791419506073,40.74408691819079],[-73.99803221225739,40.743928411993664],[-73.997962474823,40.74389996212341],[-73.99784445762634,40.74405846838832]]]}},{"type":"Feature","properties":{"id":"6f985640-6402-49a4-9667-d9e4356706a6","height":17.1,"subtype":null,"class":null},"geometry":{"type":"Polygon","coordinates":[[[-73.99819314479828,40.74282292237055],[-73.99809122085571,40.7429651739036],[-73.99817168712616,40.742997688496985],[-73.99827361106873,40.74285543703351],[-73.99819314479828,40.74282292237055]]]}},{"type":"Feature","properties":{"id":"614e89e3-c6b5-411b-a12c-3787f7bcf029","height":20.6,"subtype":null,"class":null},"geometry":{"type":"Polygon","coordinates":[[[-74.00095582008362,40.74092485137501],[-74.0006822347641,40.74081104668204],[-74.00064468383789,40.740859820145715],[-74.00069296360016,40.7408801424117],[-74.00065004825592,40.74094517362116],[-74.00060176849365,40.74092485137501],[-74.00056958198547,40.74096143141358],[-74.00065004825592,40.740998011432],[-74.00060176849365,40.74106710696748],[-74.00079488754272,40.74114839574088],[-74.00085389614105,40.74106304252621],[-74.00076806545258,40.74103052698706],[-74.0007895231247,40.740998011432],[-74.0008270740509,40.74101020476701],[-74.00085926055908,40.74096143141358],[-74.00091290473938,40.7409817536485],[-74.00095582008362,40.74092485137501]]]}},{"type":"Feature","properties":{"id":"815573a2-90e5-4822-87b9-4a7489c5090a","height":14,"subtype":null,"class":null},"geometry":{"type":"Polygon","coordinates":[[[-74.00284945964813,40.74637911942415],[-74.00277435779572,40.746350670602254],[-74.00268316268921,40.746472594039034],[-74.00275826454163,40.74650510691774],[-74.00284945964813,40.74637911942415]]]}},{"type":"Feature","properties":{"id":"3a3415e9-e017-4c98-9faf-c7136bf64d7c","height":20.9,"subtype":null,"class":null},"geometry":{"type":"Polygon","coordinates":[[[-74.00269389152527,40.746314093527644],[-74.00264024734497,40.746293772921916],[-74.00254368782043,40.74642788880482],[-74.00259733200073,40.74645227348174],[-74.00269389152527,40.746314093527644]]]}},{"type":"Feature","properties":{"id":"6a3d7a59-df4a-4c26-867b-a053de4d055b","height":17.5,"subtype":null,"class":null},"geometry":{"type":"Polygon","coordinates":[[[-73.99657309055328,40.74171334997132],[-73.9965409040451,40.7416970923627],[-73.99641752243042,40.74187186144732],[-73.99647116661072,40.74189218340413],[-73.99657309055328,40.74175399397558],[-73.99655163288116,40.74174586517671],[-73.99657309055328,40.74171334997132]]]}},{"type":"Feature","properties":{"id":"06800c0b-81c0-4bb1-8fee-ab53e6248cfc","height":10.7,"subtype":"residential","class":"apartments"},"geometry":{"type":"Polygon","coordinates":[[[-74.00288701057434,40.7437251983678],[-74.00282800197601,40.74369674841063],[-74.00275826454163,40.743790226795625],[-74.00282263755798,40.743818676712806],[-74.00288701057434,40.7437251983678]]]}},{"type":"Feature","properties":{"id":"d588b108-bfbb-4af9-b722-189ad216daf1","height":13.8,"subtype":null,"class":null},"geometry":{"type":"Polygon","coordinates":[[[-74.00015652179718,40.745237092869274],[-74.00008141994476,40.745204579370665],[-73.99999022483826,40.74533869745008],[-74.00005996227264,40.74537121088315],[-74.00015652179718,40.745237092869274]]]}},{"type":"Feature","properties":{"id":"09998ea7-ecd9-4d2d-82e0-9ede70ae45d6","height":58.7,"subtype":null,"class":null},"geometry":{"type":"Polygon","coordinates":[[[-73.99883151054382,40.74194095607507],[-73.99868667125702,40.741884054622176],[-73.9986115694046,40.74198972871025],[-73.99868667125702,40.7420222437805],[-73.99868667125702,40.742018179397604],[-73.99915337562561,40.742213269497256],[-73.99915337562561,40.74221733386824],[-73.9992767572403,40.74227017066852],[-73.99935722351074,40.74216449702598],[-73.99921238422394,40.742111660141745],[-73.99921774864197,40.74210353138659],[-73.99912118911743,40.74206288759598],[-73.9991158246994,40.74207101635608],[-73.99892807006836,40.74198159994023],[-73.99892270565033,40.74198972871025],[-73.9988261461258,40.74194908485009],[-73.99883151054382,40.74194095607507]]]}},{"type":"Feature","properties":{"id":"c52664d5-f761-4c87-94be-8fd1785b1bf6","height":18.4,"subtype":null,"class":null},"geometry":{"type":"Polygon","coordinates":[[[-73.99678766727448,40.74608650238909],[-73.99677157402039,40.74609463065747],[-73.99672865867615,40.74614746437757],[-73.99681448936462,40.74618404154384],[-73.99690568447113,40.74604992516919],[-73.9969003200531,40.74603773275808],[-73.99698615074158,40.74594019338875],[-73.99691641330719,40.74590768023387],[-73.99685740470886,40.74599302723158],[-73.99686276912689,40.745997091371606],[-73.99685204029083,40.746017412067914],[-73.99683594703674,40.746021476206465],[-73.99678766727448,40.74608650238909]]]}},{"type":"Feature","properties":{"id":"fa2460b1-eb6e-48a5-a6bc-cb518653ca7a","height":46.7,"subtype":null,"class":null},"geometry":{"type":"Polygon","coordinates":[[[-73.99476528167725,40.74388370504923],[-73.99458289146423,40.74380648389263],[-73.99442732334137,40.74401782579233],[-73.99460971355438,40.744095046703535],[-73.99476528167725,40.74388370504923]]]}},{"type":"Feature","properties":{"id":"ed536cf3-68f8-430d-908a-1d83647f5cae","height":28.8,"subtype":null,"class":null},"geometry":{"type":"Polygon","coordinates":[[[-73.998863697052,40.744489278379234],[-73.99890661239624,40.744432379106456],[-73.99867057800293,40.74433483738264],[-73.99863302707672,40.74439173673889],[-73.998863697052,40.744489278379234]]]}},{"type":"Feature","properties":{"id":"2e0eadaf-e697-400a-90ef-9d3b7ce468e1","height":17.5,"subtype":"residential","class":"apartments"},"geometry":{"type":"Polygon","coordinates":[[[-73.99928748607635,40.741936891687175],[-73.9992767572403,40.74194095607507],[-73.99924457073212,40.74198972871025],[-73.99931967258453,40.7420222437805],[-73.99935722351074,40.74197753555481],[-73.99935185909271,40.74196534239715],[-73.99937868118286,40.74193282729905],[-73.99936258792877,40.7419287629107],[-73.99938404560089,40.74190437657521],[-73.99939477443695,40.74190844096506],[-73.99946451187134,40.74182715312057],[-73.99938404560089,40.74179463795494],[-73.9993304014206,40.741884054622176],[-73.99934649467468,40.74188811901328],[-73.99932503700256,40.74191250535472],[-73.9993143081665,40.74190437657521],[-73.99928748607635,40.741936891687175]]]}},{"type":"Feature","properties":{"id":"cdeaaabb-6a9a-409a-b032-5c2b53ee115d","height":13.8,"subtype":null,"class":null},"geometry":{"type":"Polygon","coordinates":[[[-74.00119721889496,40.743741455480716],[-74.00114357471466,40.74372113408896],[-74.00105774402618,40.74384306234643],[-74.00110602378845,40.743863383700926],[-74.00119721889496,40.743741455480716]]]}},{"type":"Feature","properties":{"id":"e112c252-12a3-45ab-a0b4-0d00f85f5687","height":14.4,"subtype":null,"class":null},"geometry":{"type":"Polygon","coordinates":[[[-73.99905681610107,40.74283917970402],[-73.99897634983063,40.7428066650331],[-73.99889051914215,40.7429245306395],[-73.9989709854126,40.74295704525275],[-73.99905681610107,40.74283917970402]]]}},{"type":"Feature","properties":{"id":"48eb93cb-86b8-4de6-90d9-407c87d7e373","height":17.6,"subtype":null,"class":null},"geometry":{"type":"Polygon","coordinates":[[[-74.00032818317413,40.744212910026704],[-74.00031208992004,40.744204781528396],[-74.00026381015778,40.74426980948729],[-74.00034427642822,40.74430232344292],[-74.00044083595276,40.74417226752507],[-74.00043547153473,40.74416007476975],[-74.00046765804291,40.744111303726044],[-74.00040864944458,40.74408691819079],[-74.0003228187561,40.744192588778986],[-74.00033891201019,40.74420071727886],[-74.00032818317413,40.744212910026704]]]}},{"type":"Feature","properties":{"id":"6fac3a82-565b-4373-a4cb-f6a539a09903","height":13.2,"subtype":null,"class":null},"geometry":{"type":"Polygon","coordinates":[[[-73.99869203567505,40.743790226795625],[-73.99863302707672,40.74376584114262],[-73.99856328964233,40.7438674479711],[-73.99861693382263,40.74388776931815],[-73.99869203567505,40.743790226795625]]]}},{"type":"Feature","properties":{"id":"e037c70a-089f-4896-92db-d5d491c33423","height":15.9,"subtype":null,"class":null},"geometry":{"type":"Polygon","coordinates":[[[-73.99696469306946,40.745631317775434],[-73.9969003200531,40.7456069327975],[-73.9968091249466,40.74573292175393],[-73.99686813354492,40.745757306685675],[-73.99696469306946,40.745631317775434]]]}},{"type":"Feature","properties":{"id":"600a5663-ff44-4c41-a102-918ad73ad800","height":17.8,"subtype":null,"class":null},"geometry":{"type":"Polygon","coordinates":[[[-74.00206625461578,40.7444527002809],[-74.00200188159943,40.74442425063489],[-74.00192141532898,40.744533984916615],[-74.00198578834534,40.7445664987431],[-74.00206625461578,40.7444527002809]]]}},{"type":"Feature","properties":{"id":"556b337b-f56a-45b4-bb13-fe75c1df42d5","height":17.8,"subtype":null,"class":null},"geometry":{"type":"Polygon","coordinates":[[[-74.00225400924683,40.74574511422091],[-74.00220572948456,40.74572479344138],[-74.00210380554199,40.74586297461991],[-74.00215208530426,40.74588329535723],[-74.00225400924683,40.74574511422091]]]}},{"type":"Feature","properties":{"id":"18ff0e53-3079-4925-a03e-d3a76fecc67d","height":14.8,"subtype":null,"class":null},"geometry":{"type":"Polygon","coordinates":[[[-74.00142788887024,40.7422254626095],[-74.00137960910797,40.74220514075452],[-74.00124549865723,40.74239210158592],[-74.00131523609161,40.74242055210115],[-74.001384973526,40.742318943062315],[-74.00134205818176,40.742302685601686],[-74.00135815143585,40.74228236377033],[-74.00137960910797,40.74229455686989],[-74.00142788887024,40.7422254626095]]]}},{"type":"Feature","properties":{"id":"ddbb66a6-fa91-4603-9ab4-fd7da06ffeee","height":13.8,"subtype":null,"class":null},"geometry":{"type":"Polygon","coordinates":[[[-73.99849891662598,40.74452179222757],[-73.99844527244568,40.744501471074244],[-73.99827361106873,40.74473719607127],[-73.99832725524902,40.74475751715258],[-73.99849891662598,40.74452179222757]]]}},{"type":"Feature","properties":{"id":"bda298d6-6de5-4c39-a01f-d4a7bcc024e8","height":18.1,"subtype":null,"class":null},"geometry":{"type":"Polygon","coordinates":[[[-73.99723827838898,40.743184647100634],[-73.99715781211853,40.743152132598595],[-73.99712026119232,40.74320903296672],[-73.99713099002838,40.74321309727685],[-73.99711489677429,40.74322935451494],[-73.9970988035202,40.74323341882382],[-73.99709343910217,40.743245611749046],[-73.99707734584808,40.7432740618992],[-73.99708271026611,40.743290319122366],[-73.997061252594,40.74331876925339],[-73.99705052375793,40.74331470494971],[-73.99701297283173,40.74336754087824],[-73.99707734584808,40.74339599097624],[-73.9971524477005,40.74328625481695],[-73.99716854095459,40.743278126205354],[-73.99717926979065,40.7432659332861],[-73.99717390537262,40.74324967605696],[-73.99718463420868,40.74323341882382],[-73.99719536304474,40.7432415474409],[-73.99723827838898,40.743184647100634]]]}},{"type":"Feature","properties":{"id":"fd824ec4-498b-4a02-890f-3698fc250b2d","height":20.7,"subtype":null,"class":null},"geometry":{"type":"Polygon","coordinates":[[[-73.99808049201965,40.74103459143029],[-73.9983594417572,40.741156524612734],[-73.99842917919159,40.74105897808468],[-73.99837017059326,40.74103052698706],[-73.99840772151947,40.740977689202026],[-73.99838089942932,40.74096549586105],[-73.99840235710144,40.740937044723466],[-73.9982146024704,40.740859820145715],[-73.99808049201965,40.74103459143029]]]}},{"type":"Feature","properties":{"id":"66c148d7-da2e-4ffe-8100-d69c61e20c19","height":13.4,"subtype":null,"class":null},"geometry":{"type":"Polygon","coordinates":[[[-74.00311231613159,40.74606618171384],[-74.00308012962341,40.74604992516919],[-74.00296211242676,40.74621655456363],[-74.00302112102509,40.74624093931806],[-74.00312304496765,40.74610275892482],[-74.00312304496765,40.74608650238909],[-74.00310695171356,40.74607837411975],[-74.00311231613159,40.74606618171384]]]}},{"type":"Feature","properties":{"id":"ca782076-9e22-4f11-b380-1740474608b3","height":13.3,"subtype":null,"class":null},"geometry":{"type":"Polygon","coordinates":[[[-73.99904608726501,40.74368049128677],[-73.99901926517487,40.743668298441264],[-73.99897634983063,40.74372926264638],[-73.99903535842896,40.743753648312804],[-73.99906754493713,40.7437089412509],[-73.99905145168304,40.743700812690975],[-73.9990621805191,40.74368455556811],[-73.99904608726501,40.74368049128677]]]}},{"type":"Feature","properties":{"id":"3ce9cd69-26be-4a57-ac74-7c60bd2a5677","height":14.8,"subtype":null,"class":null},"geometry":{"type":"Polygon","coordinates":[[[-73.99619221687317,40.74532244072756],[-73.9961439371109,40.74530211981889],[-73.9960527420044,40.74542404517797],[-73.99610638618469,40.74544436604941],[-73.99619221687317,40.74532244072756]]]}},{"type":"Feature","properties":{"id":"83290a96-ed7b-46c9-b4ad-d6440992c937","height":20.3,"subtype":null,"class":null},"geometry":{"type":"Polygon","coordinates":[[[-73.9980536699295,40.74433483738264],[-73.99787127971649,40.74426168099589],[-73.99782836437225,40.7443226446571],[-73.99787127971649,40.74434296586509],[-73.99781227111816,40.74441612216239],[-73.99776935577393,40.74440392945178],[-73.99769961833954,40.744501471074244],[-73.99787664413452,40.7445786914239],[-73.99794638156891,40.74448114991469],[-73.99791955947876,40.744468957215986],[-73.9979088306427,40.7444527002809],[-73.997962474823,40.744379544023786],[-73.99801075458527,40.744395800976775],[-73.9980536699295,40.74433483738264]]]}},{"type":"Feature","properties":{"id":"8cb78d4f-76f4-437e-b22a-3116a3c8ed02","height":14.782235145568848,"subtype":"residential","class":"apartments"},"geometry":{"type":"Polygon","coordinates":[[[-74.0007734298706,40.74117684678805],[-74.0007895231247,40.741180911222386],[-74.00065004825592,40.74137193935539],[-74.00102019309998,40.74152638723206],[-74.00133669376373,40.741087429170136],[-74.00095582008362,40.74092485137501],[-74.0007734298706,40.74117684678805]]]}},{"type":"Feature","properties":{"id":"f5e97347-6b62-4673-b848-75d342cb6a97","height":5.4,"subtype":null,"class":null},"geometry":{"type":"Polygon","coordinates":[[[-74.00115430355072,40.74431451617218],[-74.00107383728027,40.74428606646708],[-74.00105237960815,40.744318580414756],[-74.0011328458786,40.74435109434654],[-74.00115430355072,40.74431451617218]]]}},{"type":"Feature","properties":{"id":"fa17854e-b82a-4595-aebd-02fb554e2be3","height":15.1,"subtype":null,"class":null},"geometry":{"type":"Polygon","coordinates":[[[-73.9969539642334,40.74258719058881],[-73.99691641330719,40.74264002709532],[-73.99720072746277,40.74275789299696],[-73.99723827838898,40.74270505658413],[-73.9969539642334,40.74258719058881]]]}},{"type":"Feature","properties":{"id":"7b07d317-04bb-45b9-8058-ffff2fb033a7","height":14.9,"subtype":null,"class":null},"geometry":{"type":"Polygon","coordinates":[[[-74.00101482868195,40.743664234158956],[-74.00092899799347,40.7436317198914],[-74.00084316730499,40.743753648312804],[-74.00092363357544,40.743790226795625],[-74.00101482868195,40.743664234158956]]]}},{"type":"Feature","properties":{"id":"3b81be7b-65bd-4f29-8b05-d9ea44e7d305","height":19.8,"subtype":null,"class":null},"geometry":{"type":"Polygon","coordinates":[[[-73.99772107601166,40.74337973377888],[-73.99764060974121,40.743347219372254],[-73.99758696556091,40.743420376764846],[-73.99759769439697,40.74342850535905],[-73.99749040603638,40.74356262702008],[-73.9975655078888,40.74359514132141],[-73.997603058815,40.743546369863424],[-73.99762451648712,40.74355449844225],[-73.99759232997894,40.74360326989424],[-73.99767279624939,40.743639848459765],[-73.9977639913559,40.743501662662226],[-73.99778008460999,40.74350572695448],[-73.99783372879028,40.74342850535905],[-73.9977478981018,40.743391926677276],[-73.99767279624939,40.743497598369714],[-73.99764597415924,40.7434854054907],[-73.99772107601166,40.74337973377888]]]}},{"type":"Feature","properties":{"id":"3aa4413c-a5c3-4a1a-a6b1-95598b3e84e4","height":13.6,"subtype":null,"class":null},"geometry":{"type":"Polygon","coordinates":[[[-73.99703979492188,40.74645227348174],[-73.99699687957764,40.74651323513493],[-73.99730265140533,40.74664328647498],[-73.9973509311676,40.74658232494096],[-73.99703979492188,40.74645227348174]]]}},{"type":"Feature","properties":{"id":"d67b29d0-2379-43b4-a61f-c7807d17dc79","height":11,"subtype":null,"class":null},"geometry":{"type":"Polygon","coordinates":[[[-73.99515151977539,40.744046275612135],[-73.995081782341,40.74401782579233],[-73.99500668048859,40.744119432235806],[-73.99507641792297,40.74414788201216],[-73.99515151977539,40.744046275612135]]]}},{"type":"Feature","properties":{"id":"88ce43bb-2535-42c2-a3d5-aab8c82165e1","height":14.1,"subtype":null,"class":null},"geometry":{"type":"Polygon","coordinates":[[[-74.00140106678009,40.74383899807478],[-74.00135278701782,40.74381461243968],[-74.00126695632935,40.74393247625983],[-74.00132060050964,40.74395279758701],[-74.00140106678009,40.74383899807478]]]}},{"type":"Feature","properties":{"id":"3902d502-c683-4f0c-b310-bebf94e9c9a5","height":96.6,"subtype":"residential","class":"apartments"},"geometry":{"type":"Polygon","coordinates":[[[-73.9990621805191,40.74089640022004],[-73.99870812892914,40.74074601534144],[-73.99839162826538,40.74117684678805],[-73.99874567985535,40.741327230692605],[-73.99889051914215,40.74113213799413],[-73.9989173412323,40.741144331304554],[-73.99894416332245,40.7411036869278],[-73.9989173412323,40.741095558049466],[-73.99899244308472,40.74098988254076],[-73.99902999401093,40.74098988254076],[-73.99905145168304,40.74095330251785],[-73.99902999401093,40.74094110917244],[-73.9990621805191,40.74089640022004]]]}},{"type":"Feature","properties":{"id":"5b4767cc-92e4-4453-af3a-3874fa0deb31","height":15.2,"subtype":null,"class":null},"geometry":{"type":"Polygon","coordinates":[[[-74.00333225727081,40.74345695543096],[-74.00319814682007,40.74340005527495],[-74.00316059589386,40.74344882684022],[-74.0032947063446,40.74350572695448],[-74.00333225727081,40.74345695543096]]]}},{"type":"Feature","properties":{"id":"d206cc2e-406b-4063-908d-02bc5086b8a9","height":18,"subtype":null,"class":null},"geometry":{"type":"Polygon","coordinates":[[[-74.00326788425446,40.74200192186345],[-74.0032571554184,40.741997857479305],[-74.00323569774628,40.7420303725456],[-74.00325179100037,40.74203850130968],[-74.00323569774628,40.74205882321553],[-74.00322496891022,40.742054758834854],[-74.00318205356598,40.74211572451895],[-74.00324642658234,40.74214417515239],[-74.00328934192657,40.74208320949441],[-74.00327861309052,40.74207914511521],[-74.0032947063446,40.742054758834854],[-74.0033107995987,40.74206288759598],[-74.00334298610687,40.742005986247364],[-74.00335907936096,40.741993793094906],[-74.00339663028717,40.74194908485009],[-74.00331616401672,40.74191656974406],[-74.00328397750854,40.74196534239715],[-74.00328397750854,40.74198159994023],[-74.00326788425446,40.74200192186345]]]}},{"type":"Feature","properties":{"id":"4961a62a-0aec-4e65-ba1e-86ecfbaf6864","height":18.2,"subtype":null,"class":null},"geometry":{"type":"Polygon","coordinates":[[[-74.00317132472992,40.7436764270052],[-74.00321424007416,40.74361952703697],[-74.00303184986115,40.74354230557364],[-74.00299429893494,40.74359920560795],[-74.00317132472992,40.7436764270052]]]}},{"type":"Feature","properties":{"id":"5ce29c0a-7004-4ca4-9d45-c29065d1edea","height":15.6,"subtype":"education","class":"school"},"geometry":{"type":"Polygon","coordinates":[[[-74.0019965171814,40.742136046401214],[-74.00168001651764,40.74256686884439],[-74.00260269641876,40.74295704525275],[-74.00260806083679,40.74294891660094],[-74.0027368068695,40.74300175282005],[-74.00288701057434,40.74279447202744],[-74.00290310382843,40.7427985363629],[-74.0030586719513,40.74258312624045],[-74.0019965171814,40.742136046401214]],[[-74.00258660316467,40.74260344797989],[-74.00243103504181,40.742538418391746],[-74.0024471282959,40.742514032279814],[-74.00260269641876,40.7425790618918],[-74.00258660316467,40.74260344797989]],[[-74.0025007724762,40.74261970536702],[-74.00254905223846,40.74264002709532],[-74.00249004364014,40.74272944262606],[-74.00233447551727,40.74266847750448],[-74.00239884853363,40.7425790618918],[-74.0025007724762,40.74261970536702]]]}},{"type":"Feature","properties":{"id":"ea20341e-47b1-4f38-8225-76d74bcda534","height":21.3,"subtype":null,"class":null},"geometry":{"type":"Polygon","coordinates":[[[-74.00274753570557,40.746708312049606],[-74.0026992559433,40.74668799156436],[-74.00257587432861,40.74685868344744],[-74.00262415409088,40.74687900388054],[-74.00274753570557,40.746708312049606]]]}},{"type":"Feature","properties":{"id":"de0a8f92-589b-4779-8211-fa0b603831b1","height":17.9,"subtype":null,"class":null},"geometry":{"type":"Polygon","coordinates":[[[-74.00091290473938,40.74592800095752],[-74.00083780288696,40.74589548779667],[-74.00070905685425,40.74607430998469],[-74.00078415870667,40.74610682305811],[-74.00091290473938,40.74592800095752]]]}},{"type":"Feature","properties":{"id":"ac5ccf70-7e64-4eb0-9992-aebff4bf15c9","height":17.2,"subtype":null,"class":null},"geometry":{"type":"Polygon","coordinates":[[[-73.9955860376358,40.74665547877504],[-73.99495303630829,40.74638724765674],[-73.99478137493134,40.746622965969834],[-73.99541437625885,40.7468911961374],[-73.9955860376358,40.74665547877504]]]}},{"type":"Feature","properties":{"id":"abf25584-41d7-49c3-a7c6-184e8e1de8f6","height":14.2,"subtype":null,"class":null},"geometry":{"type":"Polygon","coordinates":[[[-74.00067150592804,40.741900312185095],[-74.00056958198547,40.74185560387747],[-74.0005373954773,40.74189624779473],[-74.00070369243622,40.74196534239715],[-74.00073051452637,40.74192469852204],[-74.00067150592804,40.741900312185095]]]}},{"type":"Feature","properties":{"id":"1b321d82-6c5e-4130-9f80-260a6d365117","height":18.1,"subtype":null,"class":null},"geometry":{"type":"Polygon","coordinates":[[[-73.99808049201965,40.742867630028],[-73.99805903434753,40.742859501365245],[-73.99799466133118,40.74294891660094],[-73.99802684783936,40.74296110957829],[-73.9980536699295,40.7429245306395],[-73.9980697631836,40.742920466311716],[-73.9980697631836,40.74293265929427],[-73.99804294109344,40.742969238228625],[-73.99807512760162,40.74298549552634],[-73.99819314479828,40.74282292237055],[-73.99811267852783,40.74279040769173],[-73.9980697631836,40.74284324403678],[-73.99809122085571,40.74285543703351],[-73.99808049201965,40.742867630028]]]}},{"type":"Feature","properties":{"id":"25e53056-a3f3-4ac4-8287-60521bad5cd0","height":19.8,"subtype":null,"class":null},"geometry":{"type":"Polygon","coordinates":[[[-73.99986684322357,40.74437141554583],[-73.99988293647766,40.744367351306465],[-73.99992048740387,40.74431451617218],[-73.99984538555145,40.74428200222252],[-73.99980247020721,40.74433483738264],[-73.99980783462524,40.74434703010593],[-73.99977028369904,40.74438360826241],[-73.99977564811707,40.74439173673889],[-73.99973809719086,40.74444457181184],[-73.99972200393677,40.74444863604651],[-73.99968981742859,40.74449334261118],[-73.99975955486298,40.74452179222757],[-73.99980247020721,40.74446489298259],[-73.9997810125351,40.744456764515036],[-73.99979710578918,40.744432379106456],[-73.99980783462524,40.74443644334184],[-73.99981319904327,40.74442831487082],[-73.99982929229736,40.74443644334184],[-73.99986147880554,40.744395800976775],[-73.99985611438751,40.74439173673889],[-73.99986684322357,40.74437141554583]]]}},{"type":"Feature","properties":{"id":"2f441412-3e9f-47fa-9648-a6932118daae","height":10.7,"subtype":null,"class":null},"geometry":{"type":"Polygon","coordinates":[[[-73.99889051914215,40.7431196180807],[-73.99882078170776,40.74308710354691],[-73.9987564086914,40.74317651847659],[-73.9988261461258,40.74320903296672],[-73.99889051914215,40.7431196180807]]]}},{"type":"Feature","properties":{"id":"88b31b53-b194-4443-a721-f69acfc1d017","height":44.7,"subtype":null,"class":null},"geometry":{"type":"Polygon","coordinates":[[[-73.99567186832428,40.74479409508331],[-73.99570941925049,40.74474938872078],[-73.99545729160309,40.744639654794526],[-73.99537146091461,40.74475751715258],[-73.99562358856201,40.74486318667533],[-73.99567186832428,40.74479409508331]]]}},{"type":"Feature","properties":{"id":"78cf1049-67bd-4124-a735-9be6d1923a9e","height":4.1,"subtype":null,"class":null},"geometry":{"type":"Polygon","coordinates":[[[-73.99887979030609,40.74331470494971],[-73.99884760379791,40.743298447732485],[-73.99879932403564,40.74336754087824],[-73.998863697052,40.743391926677276],[-73.99890124797821,40.7433390907681],[-73.99886906147003,40.743322833556846],[-73.99887979030609,40.74331470494971]]]}},{"type":"Feature","properties":{"id":"84f88c79-b64e-48d3-9455-72c938f155e7","height":70.4,"subtype":null,"class":null},"geometry":{"type":"Polygon","coordinates":[[[-73.99913728237152,40.74518832261538],[-73.99920701980591,40.74508671780487],[-73.99892807006836,40.74497292023281],[-73.99872958660126,40.74524928542718],[-73.99904608726501,40.74537527506115],[-73.9991694688797,40.745204579370665],[-73.99913728237152,40.74518832261538]]]}},{"type":"Feature","properties":{"id":"b8745b38-ba42-467f-ba04-3857dbdf86f9","height":16.1,"subtype":"residential","class":"apartments"},"geometry":{"type":"Polygon","coordinates":[[[-74.00109529495239,40.74418852452871],[-74.00113821029663,40.744204781528396],[-74.00121867656708,40.744095046703535],[-74.00113821029663,40.74406253264658],[-74.00105774402618,40.74417226752507],[-74.00109529495239,40.74418852452871]]]}},{"type":"Feature","properties":{"id":"698dc53d-a3ad-432c-ab93-44b652b179bf","height":11.9,"subtype":null,"class":null},"geometry":{"type":"Polygon","coordinates":[[[-73.99473309516907,40.744192588778986],[-73.99466872215271,40.74416413902176],[-73.99450242519379,40.74438767250078],[-73.9945775270462,40.74442018639877],[-73.99473309516907,40.744192588778986]]]}},{"type":"Feature","properties":{"id":"62519b65-9a5f-4688-8fe4-72d32024da20","height":18.1,"subtype":null,"class":null},"geometry":{"type":"Polygon","coordinates":[[[-73.99730265140533,40.74607024584938],[-73.99733483791351,40.74602960448277],[-73.99726510047913,40.74600115551132],[-73.99706661701202,40.74628158055555],[-73.99713099002838,40.74631002940697],[-73.99730265140533,40.74607024584938]]]}},{"type":"Feature","properties":{"id":"038bb06e-1fae-4c30-badd-1e1b32b7b367","height":15.7,"subtype":null,"class":null},"geometry":{"type":"Polygon","coordinates":[[[-74.00269389152527,40.74551345696588],[-74.00262415409088,40.74548500777371],[-74.00250613689423,40.745647574422435],[-74.00258123874664,40.74567602354509],[-74.00269389152527,40.74551345696588]]]}},{"type":"Feature","properties":{"id":"30190a8c-ddfa-4690-aa71-06513a026b52","height":21,"subtype":null,"class":null},"geometry":{"type":"Polygon","coordinates":[[[-73.99656236171722,40.74599302723158],[-73.99653553962708,40.74598083481001],[-73.99649798870087,40.74603773275808],[-73.99663746356964,40.74609869479124],[-73.99668574333191,40.74603773275808],[-73.99666428565979,40.74602960448277],[-73.99678766727448,40.74586297461991],[-73.99669110774994,40.745822333126625],[-73.99657845497131,40.74597677066902],[-73.99658918380737,40.74598083481001],[-73.99657845497131,40.74599302723158],[-73.99656236171722,40.74599302723158]]]}},{"type":"Feature","properties":{"id":"560fc5bf-11b2-47f9-9bc5-ccf71f29e72d","height":14.8,"subtype":null,"class":null},"geometry":{"type":"Polygon","coordinates":[[[-74.00115430355072,40.74565976690505],[-74.00110065937042,40.74563538193755],[-74.00099337100983,40.7457857557614],[-74.00104701519012,40.74581014067377],[-74.00115430355072,40.74565976690505]]]}},{"type":"Feature","properties":{"id":"4b0ab9ef-0ab4-4229-8e9d-3793e4e8cb8c","height":17.7,"subtype":null,"class":null},"geometry":{"type":"Polygon","coordinates":[[[-73.99845063686371,40.745058268430085],[-73.99826288223267,40.74498104863724],[-73.99822533130646,40.74502575484405],[-73.99841845035553,40.745107038779395],[-73.99845063686371,40.745058268430085]]]}},{"type":"Feature","properties":{"id":"cb035c4d-ce47-45c1-80cb-1df34c4a924f","height":17.3,"subtype":null,"class":null},"geometry":{"type":"Polygon","coordinates":[[[-74.0034019947052,40.74661483776606],[-74.00336444377899,40.7465985813555],[-74.00326788425446,40.746732696623695],[-74.00330543518066,40.746748953001486],[-74.0034019947052,40.74661483776606]]]}},{"type":"Feature","properties":{"id":"a1b3db46-629f-4163-be41-7bc2a809d571","height":20.1,"subtype":null,"class":null},"geometry":{"type":"Polygon","coordinates":[[[-73.99515151977539,40.74342444106205],[-73.9951890707016,40.74343663395226],[-73.99501740932465,40.7436764270052],[-73.99557530879974,40.743908090659005],[-73.99582743644714,40.74355449844225],[-73.9956396818161,40.743477276903434],[-73.99573087692261,40.74335534797541],[-73.99560749530792,40.74330251203716],[-73.99545192718506,40.74352198412103],[-73.99536609649658,40.7434854054907],[-73.99535536766052,40.74350572695448],[-73.99529099464417,40.743481341197196],[-73.99546265602112,40.7432415474409],[-73.99532854557037,40.743184647100634],[-73.99515151977539,40.74342444106205]]]}},{"type":"Feature","properties":{"id":"f02c30d9-b353-4ac1-8087-f5ba8cbd51c1","height":21.1,"subtype":null,"class":null},"geometry":{"type":"Polygon","coordinates":[[[-74.00092363357544,40.742249848827214],[-74.00110602378845,40.74232300742685],[-74.00117039680481,40.74223765571949],[-74.00098264217377,40.74216449702598],[-74.00092363357544,40.742249848827214]]]}},{"type":"Feature","properties":{"id":"73e90914-02a4-48f4-8e1d-073b75f6e3e4","height":21.2,"subtype":null,"class":null},"geometry":{"type":"Polygon","coordinates":[[[-73.99940013885498,40.74306271763612],[-73.99938941001892,40.74307084627404],[-73.99935185909271,40.74311555376485],[-73.99943232536316,40.74314806828474],[-73.99946451187134,40.74310336081581],[-73.99946451187134,40.74308710354691],[-73.9995127916336,40.74300581714286],[-73.99953424930573,40.74300988146544],[-73.9995664358139,40.74296110957829],[-73.99951815605164,40.7429407879481],[-73.9995127916336,40.74295704525275],[-73.99948060512543,40.7429407879481],[-73.99944841861725,40.74300175282005],[-73.99945914745331,40.74300581714286],[-73.99945378303528,40.74301801010981],[-73.99943768978119,40.74301394578774],[-73.99940013885498,40.74306271763612]]]}},{"type":"Feature","properties":{"id":"7606d616-b60d-43a9-821a-e382ed6fd694","height":14.4,"subtype":null,"class":null},"geometry":{"type":"Polygon","coordinates":[[[-73.99714171886444,40.74357075559689],[-73.99707734584808,40.74354230557364],[-73.99697542190552,40.74368455556811],[-73.99703979492188,40.7437089412509],[-73.99714171886444,40.74357075559689]]]}},{"type":"Feature","properties":{"id":"0e00852c-7f46-4edc-827e-accf7f4e8553","height":13.8,"subtype":null,"class":null},"geometry":{"type":"Polygon","coordinates":[[[-74.00125086307526,40.74376584114262],[-74.00119721889496,40.743741455480716],[-74.00110602378845,40.743863383700926],[-74.00116503238678,40.74388776931815],[-74.00125086307526,40.74376584114262]]]}},{"type":"Feature","properties":{"id":"8557a3c0-ecb5-4d84-a227-4a11aebc12d3","height":16.7,"subtype":null,"class":null},"geometry":{"type":"Polygon","coordinates":[[[-73.99971663951874,40.745472815259006],[-73.99969518184662,40.745472815259006],[-73.99959862232208,40.7456069327975],[-73.99967908859253,40.74564351026106],[-73.99977564811707,40.74550939279632],[-73.99974346160889,40.745493136115584],[-73.99974346160889,40.74548500777371],[-73.99971663951874,40.745472815259006]]]}},{"type":"Feature","properties":{"id":"865698ca-ab73-4594-922c-0ede00ee93fb","height":1.8,"subtype":null,"class":null},"geometry":{"type":"Polygon","coordinates":[[[-73.99850964546204,40.74295704525275],[-73.99847209453583,40.7429407879481],[-73.99834334850311,40.7431196180807],[-73.99838626384735,40.743135875341636],[-73.99842381477356,40.74307897491096],[-73.99841845035553,40.74307084627404],[-73.99850964546204,40.74295704525275]]]}},{"type":"Feature","properties":{"id":"a46654bd-daf3-4add-9ca3-b3d17affe105","height":18.5,"subtype":null,"class":null},"geometry":{"type":"Polygon","coordinates":[[[-73.99672329425812,40.74358294846027],[-73.99681448936462,40.743623591322034],[-73.99689495563507,40.743501662662226],[-73.99688422679901,40.74349353407695],[-73.99691641330719,40.74345289113572],[-73.99692714214325,40.74345695543096],[-73.99695932865143,40.74340818387165],[-73.99688422679901,40.74337566947892],[-73.99683058261871,40.74344882684022],[-73.9968466758728,40.74345289113572],[-73.99683058261871,40.743473212609445],[-73.99681985378265,40.74346914831517],[-73.99676620960236,40.74353824128363],[-73.99675011634827,40.74354230557364],[-73.99672329425812,40.74358294846027]]]}},{"type":"Feature","properties":{"id":"7162f5da-c36e-4aa7-bc25-33380aa13e1e","height":18.2,"subtype":null,"class":null},"geometry":{"type":"Polygon","coordinates":[[[-74.0008270740509,40.74491602137374],[-74.00082170963287,40.74491602137374],[-74.0007895231247,40.74495666342091],[-74.00086998939514,40.744989177040736],[-74.00090217590332,40.744948535013464],[-74.00089681148529,40.744940406605025],[-74.00091826915741,40.74491195716766],[-74.00091290473938,40.744903828754786],[-74.00092899799347,40.74487537930179],[-74.00094509124756,40.74487537930179],[-74.001025557518,40.74477783822769],[-74.00094509124756,40.74474532450452],[-74.00090754032135,40.74479409508331],[-74.00091290473938,40.74480628772238],[-74.0008807182312,40.7448469298366],[-74.00088608264923,40.74485912246601],[-74.00086462497711,40.74488350771816],[-74.00084853172302,40.744887571926],[-74.0008270740509,40.74491602137374]]]}},{"type":"Feature","properties":{"id":"e5563de8-03a4-40b3-98c4-00de123ac61e","height":3.9,"subtype":null,"class":null},"geometry":{"type":"Polygon","coordinates":[[[-74.00021016597748,40.74264409144021],[-73.9999258518219,40.74252622533689],[-73.99988293647766,40.7425790618918],[-74.00015652179718,40.742692863559796],[-74.0001779794693,40.74268879921789],[-74.00021016597748,40.74264409144021]]]}},{"type":"Feature","properties":{"id":"28341d94-c6b9-45ea-bd1e-cfbd0d25bf6e","height":17.3,"subtype":"residential","class":"apartments"},"geometry":{"type":"Polygon","coordinates":[[[-73.99937868118286,40.74196127801076],[-73.99936258792877,40.74196534239715],[-73.99932503700256,40.742018179397604],[-73.99940550327301,40.74205069445392],[-73.99944305419922,40.74200192186345],[-73.99943768978119,40.741993793094906],[-73.99945378303528,40.74196534239715],[-73.99944305419922,40.74196127801076],[-73.99946451187134,40.74193282729905],[-73.9994752407074,40.741936891687175],[-73.99949133396149,40.74191656974406],[-73.99950742721558,40.74191250535472],[-73.99954497814178,40.74185966827031],[-73.99946451187134,40.74182715312057],[-73.99942696094513,40.741875925839196],[-73.99943232536316,40.74188811901328],[-73.99941086769104,40.74191250535472],[-73.99943232536316,40.74191656974406],[-73.99941086769104,40.74194502046271],[-73.99939477443695,40.74194095607507],[-73.99937868118286,40.74196127801076]]]}},{"type":"Feature","properties":{"id":"6234c814-6f8b-4f58-9c84-16df6df7237b","height":14.8,"subtype":null,"class":null},"geometry":{"type":"Polygon","coordinates":[[[-74.00165855884552,40.74428200222252],[-74.00159418582916,40.74425355250352],[-74.00151908397675,40.7443551585869],[-74.00158882141113,40.74438360826241],[-74.00165855884552,40.74428200222252]]]}},{"type":"Feature","properties":{"id":"61ca2cf1-cae5-4272-b441-fddfef4d0df9","height":14.1,"subtype":null,"class":null},"geometry":{"type":"Polygon","coordinates":[[[-73.9965033531189,40.7436764270052],[-73.9964497089386,40.74365610559357],[-73.99637997150421,40.7437495840357],[-73.99643361568451,40.74376990541876],[-73.9965033531189,40.7436764270052]]]}},{"type":"Feature","properties":{"id":"08218672-babc-408c-9ee3-e67f19959cbc","height":11.4,"subtype":null,"class":null},"geometry":{"type":"Polygon","coordinates":[[[-74.00118112564087,40.74219701201082],[-74.00119185447693,40.742180754520405],[-74.00100946426392,40.74210759576431],[-74.00097191333771,40.74215636827731],[-74.00120794773102,40.74225391319598],[-74.00122940540314,40.74221733386824],[-74.00118112564087,40.74219701201082]]]}},{"type":"Feature","properties":{"id":"d56d612b-fd5b-4be3-af70-54785c0af937","height":13.8,"subtype":null,"class":null},"geometry":{"type":"Polygon","coordinates":[[[-74.00111138820648,40.743700812690975],[-74.00109529495239,40.743692684130025],[-74.00100409984589,40.74382274098568],[-74.00105774402618,40.74384306234643],[-74.00116503238678,40.743688619849195],[-74.0011328458786,40.7436764270052],[-74.00111138820648,40.743700812690975]]]}},{"type":"Feature","properties":{"id":"1a158f8f-d840-456f-922e-3fb42ce5e6c7","height":8.9,"subtype":null,"class":null},"geometry":{"type":"Polygon","coordinates":[[[-73.99575233459473,40.74137600377779],[-73.9956933259964,40.74135161723967],[-73.99556457996368,40.74152638723206],[-73.99573087692261,40.741595482218656],[-73.99586498737335,40.741412583568206],[-73.99575769901276,40.74136787493276],[-73.99575233459473,40.74137600377779]]]}},{"type":"Feature","properties":{"id":"e12f42c3-ce3c-4c1f-ab3b-bc8bb291fd8f","height":16.7,"subtype":null,"class":null},"geometry":{"type":"Polygon","coordinates":[[[-74.00336444377899,40.7465985813555],[-74.00332689285278,40.74658232494096],[-74.00323033332825,40.74671644024198],[-74.00326788425446,40.746732696623695],[-74.00336444377899,40.7465985813555]]]}},{"type":"Feature","properties":{"id":"89b915f7-8d14-4ff5-ac86-e6a6e378b922","height":12.5,"subtype":null,"class":null},"geometry":{"type":"Polygon","coordinates":[[[-73.99993121623993,40.74472500341949],[-73.99986684322357,40.74469655389001],[-73.99975419044495,40.74485099404666],[-73.99982392787933,40.74487944351009],[-73.99993121623993,40.74472500341949]]]}},{"type":"Feature","properties":{"id":"ba3a9e82-cb92-4c53-8b09-baa1fb0f5625","height":15.2,"subtype":null,"class":null},"geometry":{"type":"Polygon","coordinates":[[[-74.00106310844421,40.745200515182205],[-74.00099873542786,40.74517206585614],[-74.00088608264923,40.745326504908576],[-74.00095045566559,40.74535495416859],[-74.00106310844421,40.745200515182205]]]}},{"type":"Feature","properties":{"id":"2f6bfc53-9efc-4fad-8174-3a24dc793121","height":11.2,"subtype":null,"class":null},"geometry":{"type":"Polygon","coordinates":[[[-73.99985611438751,40.74369674841063],[-73.99981319904327,40.743757712589655],[-74.000124335289,40.74388776931815],[-74.00016725063324,40.74383086953071],[-73.99985611438751,40.74369674841063]]]}},{"type":"Feature","properties":{"id":"0a4236bf-eef8-4a80-b1b9-91e03a3cb1aa","height":14.9,"subtype":null,"class":null},"geometry":{"type":"Polygon","coordinates":[[[-73.99592936038971,40.74319277572363],[-73.99589717388153,40.74318058278871],[-73.99587035179138,40.74322529020577],[-73.99602591991425,40.743290319122366],[-73.9960527420044,40.743245611749046],[-73.99592936038971,40.74319277572363]]]}},{"type":"Feature","properties":{"id":"115a486f-77e5-45f3-953e-68d29d13689a","height":21.5,"subtype":null,"class":null},"geometry":{"type":"Polygon","coordinates":[[[-74.00195896625519,40.74337566947892],[-74.0019428730011,40.74337973377888],[-74.00190532207489,40.743432569655766],[-74.00198578834534,40.74346508402067],[-74.00202333927155,40.74341224816965],[-74.00201797485352,40.74340005527495],[-74.00211989879608,40.7432659332861],[-74.00206089019775,40.7432415474409],[-74.00195896625519,40.74337566947892]]]}},{"type":"Feature","properties":{"id":"6a65d8ab-6c29-4f30-94d7-d4f3954670ca","height":18.2,"subtype":null,"class":null},"geometry":{"type":"Polygon","coordinates":[[[-74.00060176849365,40.74542810935276],[-74.000483751297,40.74537933923892],[-74.00039792060852,40.74549720028614],[-74.00051593780518,40.745545970313515],[-74.00060176849365,40.74542810935276]]]}},{"type":"Feature","properties":{"id":"767bf144-811b-4ca0-aa33-79e4698f68b4","height":13.1,"subtype":null,"class":null},"geometry":{"type":"Polygon","coordinates":[[[-73.99739921092987,40.743253740364594],[-73.9973133802414,40.74322122589638],[-73.99722218513489,40.743343155070306],[-73.9972597360611,40.74335941227659],[-73.99727582931519,40.743343155070306],[-73.99731874465942,40.74335941227659],[-73.99739921092987,40.743253740364594]]]}},{"type":"Feature","properties":{"id":"a9c99464-6282-43d7-9336-3697e62f88a7","height":10.9,"subtype":null,"class":null},"geometry":{"type":"Polygon","coordinates":[[[-74.00046765804291,40.743993440222795],[-74.00038719177246,40.74396092611616],[-74.00034964084625,40.74401376153136],[-74.00042474269867,40.744046275612135],[-74.00046765804291,40.743993440222795]]]}},{"type":"Feature","properties":{"id":"e29cdba8-6c75-4508-b4b2-11320b53d0df","height":15.1,"subtype":null,"class":null},"geometry":{"type":"Polygon","coordinates":[[[-74.00127232074738,40.745708536813254],[-74.00121867656708,40.74568415186363],[-74.00110602378845,40.74583452557721],[-74.00116503238678,40.745858910471696],[-74.00127232074738,40.745708536813254]]]}},{"type":"Feature","properties":{"id":"53d0b535-4514-41cc-9a57-0f900b59902d","height":13.4,"subtype":null,"class":null},"geometry":{"type":"Polygon","coordinates":[[[-74.00306403636932,40.74348946978395],[-74.00302648544312,40.74353824128363],[-74.00321424007416,40.74361952703697],[-74.00325179100037,40.743566691308615],[-74.00306403636932,40.74348946978395]]]}},{"type":"Feature","properties":{"id":"7cd3438e-3c22-4226-8154-59d151148a42","height":44.5,"subtype":null,"class":null},"geometry":{"type":"Polygon","coordinates":[[[-73.99444341659546,40.74181495993534],[-73.99517834186554,40.7421238532726],[-73.9953339099884,40.74190844096506],[-73.99460434913635,40.74159954662741],[-73.99444341659546,40.74181495993534]]]}},{"type":"Feature","properties":{"id":"3fcce399-7337-4812-ac2a-49ab2870b4ad","height":17.9,"subtype":null,"class":null},"geometry":{"type":"Polygon","coordinates":[[[-74.00137960910797,40.745822333126625],[-74.00130450725555,40.74579388406653],[-74.00126695632935,40.74584671802555],[-74.00150299072266,40.74594425753199],[-74.0015459060669,40.74588329535723],[-74.001384973526,40.74581420482497],[-74.00137960910797,40.745822333126625]]]}},{"type":"Feature","properties":{"id":"9b1c21f3-e2c3-47ea-8f04-637f3992fbe1","height":16.3,"subtype":null,"class":null},"geometry":{"type":"Polygon","coordinates":[[[-73.99987757205963,40.745119231361116],[-73.99980783462524,40.74509078200026],[-73.99969518184662,40.74524522124145],[-73.999764919281,40.74527367053625],[-73.99987757205963,40.745119231361116]]]}},{"type":"Feature","properties":{"id":"fd552daa-8b87-4464-91d8-23f31f947ccb","height":9.6,"subtype":null,"class":null},"geometry":{"type":"Polygon","coordinates":[[[-74.00156199932098,40.74376177686628],[-74.00140106678009,40.7439853116976],[-74.00142788887024,40.74399750448498],[-74.00143325328827,40.743989375960325],[-74.00150835514069,40.744021890053034],[-74.00152444839478,40.74400563300867],[-74.0015459060669,40.74401376153136],[-74.0016907453537,40.74381461243968],[-74.00170683860779,40.743818676712806],[-74.00175511837006,40.743753648312804],[-74.00161027908325,40.74369674841063],[-74.00156199932098,40.74376177686628]]]}},{"type":"Feature","properties":{"id":"173584b1-f9ab-42a6-9f5b-eee96f6ddfa9","height":18,"subtype":null,"class":null},"geometry":{"type":"Polygon","coordinates":[[[-74.00338590145111,40.74580607652234],[-74.00331616401672,40.74577762745531],[-74.00321424007416,40.74591987266879],[-74.00328397750854,40.74594832167497],[-74.00338590145111,40.74580607652234]]]}},{"type":"Feature","properties":{"id":"eb7196ee-f9ef-4c1d-a222-554e4c1278eb","height":13.9,"subtype":null,"class":null},"geometry":{"type":"Polygon","coordinates":[[[-74.00092363357544,40.74336754087824],[-74.00099337100983,40.74339599097624],[-74.00106847286224,40.743290319122366],[-74.00099873542786,40.743261868979204],[-74.00092363357544,40.74336754087824]]]}},{"type":"Feature","properties":{"id":"41716b8a-19f9-451f-839c-b348cbb325aa","height":14.5,"subtype":null,"class":null},"geometry":{"type":"Polygon","coordinates":[[[-74.00058567523956,40.74383086953071],[-74.00050520896912,40.74379835534461],[-74.00043547153473,40.743891833586815],[-74.00051593780518,40.743928411993664],[-74.00058567523956,40.74383086953071]]]}},{"type":"Feature","properties":{"id":"7a2799cf-0595-4881-bf1b-307ec3322db6","height":11.3,"subtype":null,"class":null},"geometry":{"type":"Polygon","coordinates":[[[-73.99675011634827,40.74379429107023],[-73.996701836586,40.743773969694615],[-73.99660527706146,40.743908090659005],[-73.9966481924057,40.743924347727216],[-73.99675011634827,40.74379429107023]]]}},{"type":"Feature","properties":{"id":"aba0a66e-d9db-4a3e-a705-fbf62e8e12ec","height":14.1,"subtype":null,"class":null},"geometry":{"type":"Polygon","coordinates":[[[-74.0006285905838,40.744615269452964],[-74.00054812431335,40.74458275565033],[-74.0003764629364,40.74481848035927],[-74.00045692920685,40.74485099404666],[-74.0006285905838,40.744615269452964]]]}},{"type":"Feature","properties":{"id":"98ea0d3b-cc96-4f70-8093-b64708fd9dc0","height":22.2,"subtype":null,"class":null},"geometry":{"type":"Polygon","coordinates":[[[-73.99470090866089,40.744664040127134],[-73.99456679821014,40.74461120522852],[-73.99440586566925,40.74483067299391],[-73.99453997612,40.744887571926],[-73.99470090866089,40.744664040127134]]]}},{"type":"Feature","properties":{"id":"a1e94d7f-f506-417d-b29b-157d35ec9b76","height":15.4,"subtype":null,"class":null},"geometry":{"type":"Polygon","coordinates":[[[-74.0028065443039,40.74596051410248],[-74.00275826454163,40.74594019338875],[-74.00265097618103,40.74608650238909],[-74.00271534919739,40.74611495132399],[-74.00278508663177,40.746013347929164],[-74.00276899337769,40.74600928379013],[-74.0028065443039,40.74596051410248]]]}},{"type":"Feature","properties":{"id":"e7c6094f-8cbb-48bc-9038-fe9be7f7c332","height":10.8,"subtype":"education","class":"college"},"geometry":{"type":"Polygon","coordinates":[[[-73.99963617324829,40.74600928379013],[-73.99963080883026,40.74600928379013],[-73.9996200799942,40.746017412067914],[-73.99963080883026,40.746021476206465],[-73.9995664358139,40.74611088719121],[-74.00004386901855,40.746314093527644],[-74.00015115737915,40.74616778502798],[-73.99980247020721,40.746021476206465],[-73.99980247020721,40.746013347929164],[-73.999764919281,40.745997091371606],[-73.99978637695312,40.74594832167497],[-73.99970054626465,40.745915808524074],[-73.99962544441223,40.745997091371606],[-73.99964153766632,40.74600521965087],[-73.99963617324829,40.74600928379013]]]}},{"type":"Feature","properties":{"id":"707fc28d-323f-4e82-8fb8-993d6807b973","height":50.5,"subtype":"residential","class":"apartments"},"geometry":{"type":"Polygon","coordinates":[[[-73.99891197681427,40.74572479344138],[-73.99885296821594,40.74580201237066],[-73.9993143081665,40.74599302723158],[-73.9994215965271,40.74584671802555],[-73.99892270565033,40.74563538193755],[-73.99888515472412,40.74568821602253],[-73.9989173412323,40.7457044726556],[-73.99891197681427,40.74572479344138]]]}},{"type":"Feature","properties":{"id":"afbf4e2f-319e-471a-8beb-db1774f01717","height":12.5,"subtype":"residential","class":"apartments"},"geometry":{"type":"Polygon","coordinates":[[[-73.99944305419922,40.74209133825204],[-73.99943768978119,40.74209946700867],[-73.99949133396149,40.7421238532726],[-73.99950206279755,40.742111660141745],[-73.99955034255981,40.742131982025285],[-73.99970054626465,40.74192469852204],[-73.99954497814178,40.74185966827031],[-73.99939477443695,40.74206695197617],[-73.99944305419922,40.74209133825204]]]}},{"type":"Feature","properties":{"id":"62242cb2-765b-4fee-976f-521e4a3a59fd","height":21.3,"subtype":null,"class":null},"geometry":{"type":"Polygon","coordinates":[[[-73.9998185634613,40.74282698670427],[-73.99984538555145,40.74283917970402],[-73.99980783462524,40.7428920160103],[-73.9999794960022,40.74296110957829],[-74.00006532669067,40.74284730836925],[-73.99978637695312,40.74272944262606],[-73.99970054626465,40.74284730836925],[-73.99977564811707,40.74287575868976],[-73.9998185634613,40.74282698670427]]]}},{"type":"Feature","properties":{"id":"076a0485-8fa6-422a-9256-4016194ef02f","height":4.4,"subtype":null,"class":null},"geometry":{"type":"Polygon","coordinates":[[[-73.99880468845367,40.743298447732485],[-73.9987725019455,40.74328219051128],[-73.99872958660126,40.74333502646567],[-73.99879932403564,40.74336754087824],[-73.99884760379791,40.743298447732485],[-73.99881541728973,40.74328625481695],[-73.99880468845367,40.743298447732485]]]}},{"type":"Feature","properties":{"id":"4078da72-fb5a-4639-b0b1-c465d88616fa","height":18.8,"subtype":null,"class":null},"geometry":{"type":"Polygon","coordinates":[[[-73.9999794960022,40.74243680953296],[-73.9999258518219,40.74241648774259],[-73.99982392787933,40.742554675794736],[-73.99988293647766,40.7425790618918],[-73.99993121623993,40.742514032279814],[-73.99991512298584,40.74250590357383],[-73.99992048740387,40.742493710513],[-73.99993658065796,40.7424896461589],[-73.9999794960022,40.74243680953296]]]}},{"type":"Feature","properties":{"id":"cc0b701c-ab12-45b6-8142-194b847ab5c5","height":19.8,"subtype":null,"class":null},"geometry":{"type":"Polygon","coordinates":[[[-74.00041937828064,40.74326999759276],[-74.00039255619049,40.74330657634161],[-74.00047302246094,40.7433390907681],[-74.00051057338715,40.74328625481695],[-74.00056421756744,40.74330657634161],[-74.00055885314941,40.74331876925339],[-74.00082170963287,40.74342850535905],[-74.0008807182312,40.743347219372254],[-74.00089144706726,40.743347219372254],[-74.00097727775574,40.74322935451494],[-74.00081634521484,40.74316432553874],[-74.0007734298706,40.74322529020577],[-74.0008270740509,40.74324967605696],[-74.00083780288696,40.743261868979204],[-74.00079488754272,40.74331876925339],[-74.0007734298706,40.74331876925339],[-74.00063395500183,40.743261868979204],[-74.0006285905838,40.743245611749046],[-74.00067150592804,40.74318058278871],[-74.00071978569031,40.743200904345684],[-74.00076806545258,40.74313993965626],[-74.00058567523956,40.74306678195521],[-74.00054275989532,40.74312774671168],[-74.00059103965759,40.74314806828474],[-74.00053203105927,40.74322529020577],[-74.0003764629364,40.7431602612256],[-74.00043547153473,40.74308303922908],[-74.00049448013306,40.74310742513239],[-74.0005373954773,40.743046460357306],[-74.0003764629364,40.742977366877966],[-74.00019943714142,40.74322529020577],[-74.0002852678299,40.743261868979204],[-74.00031208992004,40.74322529020577],[-74.00041937828064,40.74326999759276]]]}},{"type":"Feature","properties":{"id":"1b79a6aa-e703-4a79-b831-a42341b793e4","height":10.5,"subtype":null,"class":null},"geometry":{"type":"Polygon","coordinates":[[[-73.99959862232208,40.743131811026785],[-73.99958789348602,40.74313993965626],[-73.99979174137115,40.74322529020577],[-73.99982929229736,40.743168389851604],[-73.99949669837952,40.74302613875318],[-73.99946987628937,40.74307491059264],[-73.99959862232208,40.743131811026785]]]}},{"type":"Feature","properties":{"id":"ad066fcb-eb9e-45fa-aa60-8d483a29d1d8","height":14.5,"subtype":null,"class":null},"geometry":{"type":"Polygon","coordinates":[[[-73.99792492389679,40.74465184746194],[-73.99784445762634,40.744615269452964],[-73.99770498275757,40.74480628772238],[-73.99778544902802,40.74484286562631],[-73.99792492389679,40.74465184746194]]]}},{"type":"Feature","properties":{"id":"8a0859dd-2f97-48de-a5d3-8cafeecc8e65","height":14.8,"subtype":null,"class":null},"geometry":{"type":"Polygon","coordinates":[[[-73.99718463420868,40.743513855538254],[-73.99703979492188,40.7437089412509],[-73.99710416793823,40.74373739120287],[-73.99724900722504,40.74353824128363],[-73.99718463420868,40.743513855538254]]]}},{"type":"Feature","properties":{"id":"28500a15-2ce5-4a37-8836-09fac578736c","height":13.2,"subtype":null,"class":null},"geometry":{"type":"Polygon","coordinates":[[[-73.99476528167725,40.74241242338377],[-73.99484038352966,40.74244493824739],[-73.9949905872345,40.74223765571949],[-73.99491548538208,40.74220920512602],[-73.99476528167725,40.74241242338377]]]}},{"type":"Feature","properties":{"id":"c402f71f-1261-4d74-b793-f861bcbb5a1b","height":14.8,"subtype":null,"class":null},"geometry":{"type":"Polygon","coordinates":[[[-74.00029599666595,40.7452980556364],[-74.00022625923157,40.745269606352025],[-74.00013506412506,40.745399660124036],[-74.00019943714142,40.74542810935276],[-74.00029599666595,40.7452980556364]]]}},{"type":"Feature","properties":{"id":"d83d9422-7329-4bb0-9111-17e349b4e5f4","height":17.3,"subtype":null,"class":null},"geometry":{"type":"Polygon","coordinates":[[[-73.99979710578918,40.74550532862651],[-73.99977564811707,40.74550939279632],[-73.99967908859253,40.74564351026106],[-73.99975955486298,40.74567195938545],[-73.99985074996948,40.745541906145945],[-73.99982929229736,40.7455297136417],[-73.99982392787933,40.74551752113521],[-73.99979710578918,40.74550532862651]]]}},{"type":"Feature","properties":{"id":"20bf4cce-821d-412f-a185-9ae88da7c19c","height":19.2,"subtype":null,"class":null},"geometry":{"type":"Polygon","coordinates":[[[-73.99973273277283,40.74117278235349],[-73.99965763092041,40.741140266868],[-73.999582529068,40.74124187770744],[-73.99965763092041,40.74127439314327],[-73.99973273277283,40.74117278235349]]]}},{"type":"Feature","properties":{"id":"c8ee661b-bd3a-49d1-8e8c-86d6f20c1a08","height":19,"subtype":null,"class":null},"geometry":{"type":"Polygon","coordinates":[[[-73.9951890707016,40.74321309727685],[-73.99523735046387,40.74314806828474],[-73.99511933326721,40.74309929649894],[-73.99507105350494,40.74316432553874],[-73.99507641792297,40.74317245416424],[-73.99503350257874,40.743237483132475],[-73.99501740932465,40.7432415474409],[-73.99500668048859,40.74325780467203],[-73.99500668048859,40.74326999759276],[-73.99497449398041,40.74331876925339],[-73.99507105350494,40.74335941227659],[-73.99510324001312,40.743310640645774],[-73.99511933326721,40.74330251203716],[-73.99517297744751,40.74321309727685],[-73.9951890707016,40.74321309727685]]]}},{"type":"Feature","properties":{"id":"7fc2e394-4181-4e9c-8b19-ae9ecb1bcd19","height":45.5,"subtype":null,"class":null},"geometry":{"type":"Polygon","coordinates":[[[-73.99568259716034,40.74207508073579],[-73.99546802043915,40.74198566432534],[-73.99532318115234,40.74218481889335],[-73.99553775787354,40.742274235036035],[-73.99568259716034,40.74207508073579]]]}},{"type":"Feature","properties":{"id":"812b3369-d59b-4b5e-a24f-60da3ea37771","height":14.1,"subtype":null,"class":null},"geometry":{"type":"Polygon","coordinates":[[[-74.00036573410034,40.74496479182736],[-74.00034964084625,40.74496072762426],[-74.0002691745758,40.74506639682414],[-74.00033354759216,40.74509484619543],[-74.00044083595276,40.74494447080937],[-74.00039255619049,40.74492414978519],[-74.00036573410034,40.74496479182736]]]}},{"type":"Feature","properties":{"id":"16776e4d-20fb-40ab-af40-ccf95e491452","height":19.2,"subtype":null,"class":null},"geometry":{"type":"Polygon","coordinates":[[[-74.00331616401672,40.74191656974406],[-74.00323569774628,40.741884054622176],[-74.00313377380371,40.7420222437805],[-74.00321960449219,40.742054758834854],[-74.00331616401672,40.74191656974406]]]}},{"type":"Feature","properties":{"id":"d6069851-2757-40eb-8788-1470505053b5","height":13.9,"subtype":"residential","class":"apartments"},"geometry":{"type":"Polygon","coordinates":[[[-74.00292992591858,40.7437495840357],[-74.00288164615631,40.74372926264638],[-74.00282263755798,40.743818676712806],[-74.00301039218903,40.743895897855225],[-74.00307476520538,40.743810548166266],[-74.00292992591858,40.7437495840357]]]}},{"type":"Feature","properties":{"id":"6bdc4282-769d-4e76-bb51-50caa2fbc46d","height":19.6,"subtype":null,"class":null},"geometry":{"type":"Polygon","coordinates":[[[-73.99682521820068,40.74526147798284],[-73.99677157402039,40.74524115705552],[-73.99671256542206,40.74532244072756],[-73.99697542190552,40.74543217352729],[-73.99698615074158,40.74541591682765],[-73.99703979492188,40.74543623770157],[-73.99712026119232,40.745330569089305],[-73.99707734584808,40.745314312364854],[-73.99707734584808,40.74532244072756],[-73.99697005748749,40.74527773472022],[-73.99698078632355,40.745257413797844],[-73.99701833724976,40.74527367053625],[-73.997061252594,40.745212707746816],[-73.99688422679901,40.745135488133286],[-73.99681985378265,40.74522083612197],[-73.9968466758728,40.74523302868283],[-73.99682521820068,40.74526147798284]]]}},{"type":"Feature","properties":{"id":"16d57c09-cf29-4b4f-98c1-eba2a39d3f5e","height":17.2,"subtype":null,"class":null},"geometry":{"type":"Polygon","coordinates":[[[-74.00346100330353,40.74468436123078],[-74.00338590145111,40.74465184746194],[-74.00330543518066,40.744761581368095],[-74.00338053703308,40.74479003086978],[-74.00346100330353,40.74468436123078]]]}},{"type":"Feature","properties":{"id":"6ad59881-48d5-4e23-bdd2-9dadbf9441be","height":3.7,"subtype":null,"class":null},"geometry":{"type":"Polygon","coordinates":[[[-73.99727046489716,40.74261564102062],[-73.99729192256927,40.74258719058881],[-73.99721682071686,40.742554675794736],[-73.99719536304474,40.74258312624045],[-73.99727046489716,40.74261564102062]]]}},{"type":"Feature","properties":{"id":"aec4de6a-7106-4ae5-a2ae-4652672f6781","height":15,"subtype":null,"class":null},"geometry":{"type":"Polygon","coordinates":[[[-74.00287628173828,40.745997091371606],[-74.00281727313995,40.745972706527766],[-74.00271534919739,40.74611495132399],[-74.00277435779572,40.74613933611565],[-74.00287628173828,40.745997091371606]]]}},{"type":"Feature","properties":{"id":"5869d8d0-a6f1-442e-83ec-c5a1c1936d13","height":12.4,"subtype":null,"class":null},"geometry":{"type":"Polygon","coordinates":[[[-74.00296747684479,40.74609056652341],[-74.00290846824646,40.74606618171384],[-74.00283873081207,40.74616372089841],[-74.0028977394104,40.74619216980028],[-74.00296747684479,40.74609056652341]]]}},{"type":"Feature","properties":{"id":"d3bf3cbb-e639-427e-9eae-de08643b542a","height":18.1,"subtype":null,"class":null},"geometry":{"type":"Polygon","coordinates":[[[-74.00229692459106,40.745761370840086],[-74.00225400924683,40.74574511422091],[-74.00215208530426,40.74588329535723],[-74.0021950006485,40.74589955194264],[-74.00229692459106,40.745761370840086]]]}},{"type":"Feature","properties":{"id":"222ab7f2-8b09-4d63-ba8c-aa574fe6019b","height":10.8,"subtype":null,"class":null},"geometry":{"type":"Polygon","coordinates":[[[-73.99685204029083,40.74383493380287],[-73.99675011634827,40.74379429107023],[-73.9966481924057,40.743928411993664],[-73.9967554807663,40.74396905464431],[-73.99685204029083,40.74383493380287]]]}},{"type":"Feature","properties":{"id":"686f09a4-afa1-43b5-8741-c23a91d58015","height":11.7,"subtype":null,"class":null},"geometry":{"type":"Polygon","coordinates":[[[-73.99829506874084,40.74480628772238],[-73.99836480617523,40.74483473720497],[-73.99832725524902,40.744887571926],[-73.9985203742981,40.74496479182736],[-73.99859011173248,40.74487131509321],[-73.99832725524902,40.744761581368095],[-73.99829506874084,40.74480628772238]]]}},{"type":"Feature","properties":{"id":"13d3dc6c-4508-4b4f-99ac-15b0f49fbcc5","height":18.8,"subtype":null,"class":null},"geometry":{"type":"Polygon","coordinates":[[[-73.99661600589752,40.745212707746816],[-73.99659991264343,40.745212707746816],[-73.99656772613525,40.745257413797844],[-73.9966481924057,40.74529399145365],[-73.99668037891388,40.74524522124145],[-73.99667501449585,40.74523302868283],[-73.99671792984009,40.74519645099352],[-73.99671256542206,40.74518425842595],[-73.99673402309418,40.74516393747501],[-73.99672329425812,40.74515987328408],[-73.99674475193024,40.74513142394059],[-73.99676084518433,40.74512735974767],[-73.9967930316925,40.74507858941334],[-73.99671792984009,40.74504607583722],[-73.99668574333191,40.74509484619543],[-73.996701836586,40.745102974584995],[-73.99665355682373,40.74515987328408],[-73.99663746356964,40.74515987328408],[-73.99662673473358,40.74518019423624],[-73.99663209915161,40.745192386804575],[-73.99661600589752,40.745212707746816]]]}},{"type":"Feature","properties":{"id":"422e1d64-901f-45c8-9e9f-f3ca5603e01a","height":13.5,"subtype":null,"class":null},"geometry":{"type":"Polygon","coordinates":[[[-74.00251686573029,40.74416413902176],[-74.00247931480408,40.7442169742755],[-74.00270462036133,40.74431451617218],[-74.00274753570557,40.74425761674985],[-74.00251686573029,40.74416413902176]]]}},{"type":"Feature","properties":{"id":"a501c80b-9f76-47af-a8ee-4f1319972839","height":17.3,"subtype":null,"class":null},"geometry":{"type":"Polygon","coordinates":[[[-74.00301039218903,40.74644820936953],[-74.00295674800873,40.74642788880482],[-74.00286018848419,40.74656200441723],[-74.00291383266449,40.74658232494096],[-74.00301039218903,40.74644820936953]]]}},{"type":"Feature","properties":{"id":"10461f80-4588-4f4f-b038-78a82b781a8c","height":15.8,"subtype":null,"class":null},"geometry":{"type":"Polygon","coordinates":[[[-74.00096118450165,40.74557441947965],[-74.00088608264923,40.745545970313515],[-74.00081098079681,40.745655702744415],[-74.0008807182312,40.74568415186363],[-74.00096118450165,40.74557441947965]]]}},{"type":"Feature","properties":{"id":"39d32333-a999-4864-a1dc-c8ca840363ee","height":20.7,"subtype":null,"class":null},"geometry":{"type":"Polygon","coordinates":[[[-74.00243103504181,40.74620436218308],[-74.00237202644348,40.74617997741527],[-74.00226473808289,40.746330350007725],[-74.00232374668121,40.7463547347204],[-74.00243103504181,40.74620436218308]]]}},{"type":"Feature","properties":{"id":"f6328a87-7337-4c7a-af54-8e51a4c7c43e","height":14.8,"subtype":null,"class":null},"geometry":{"type":"Polygon","coordinates":[[[-73.99727046489716,40.743623591322034],[-73.9972060918808,40.74359514132141],[-73.99710416793823,40.74373739120287],[-73.99716854095459,40.74376584114262],[-73.99727046489716,40.743623591322034]]]}},{"type":"Feature","properties":{"id":"d8238ea6-b59b-4bd5-85a4-9521be720ecd","height":16.6,"subtype":null,"class":null},"geometry":{"type":"Polygon","coordinates":[[[-74.00063931941986,40.742054758834854],[-74.00065541267395,40.7420303725456],[-74.00048911571503,40.74196127801076],[-74.00047302246094,40.74198566432534],[-74.00063931941986,40.742054758834854]]]}},{"type":"Feature","properties":{"id":"01148c3a-4adb-43e0-a1c3-793030c8e1aa","height":17,"subtype":null,"class":null},"geometry":{"type":"Polygon","coordinates":[[[-74.00290846824646,40.746403504118945],[-74.00284945964813,40.74637911942415],[-74.0027529001236,40.74651323513493],[-74.00281190872192,40.746537619780554],[-74.00290846824646,40.746403504118945]]]}},{"type":"Feature","properties":{"id":"122f6b5b-5241-499c-ac90-4486f27f6f77","height":14.2,"subtype":null,"class":null},"geometry":{"type":"Polygon","coordinates":[[[-74.00132596492767,40.74339599097624],[-74.00126159191132,40.74337160517874],[-74.00117039680481,40.74349353407695],[-74.0012401342392,40.74351791982977],[-74.00132596492767,40.74339599097624]]]}},{"type":"Feature","properties":{"id":"f1ab100f-62bd-4ea3-ad02-20b32e0876cf","height":9.9,"subtype":"residential","class":"apartments"},"geometry":{"type":"Polygon","coordinates":[[[-73.99815559387207,40.74150606516352],[-73.99823069572449,40.741534516057726],[-73.9983594417572,40.74135974608669],[-73.99828433990479,40.741327230692605],[-73.99815559387207,40.74150606516352]]]}},{"type":"Feature","properties":{"id":"762168dd-4341-4088-b058-07715e67eda3","height":17.1,"subtype":null,"class":null},"geometry":{"type":"Polygon","coordinates":[[[-73.99647116661072,40.74166864153801],[-73.99643361568451,40.74165238391845],[-73.9963048696518,40.74183528190946],[-73.99632096290588,40.74183934630358],[-73.99633705615997,40.74183934630358],[-73.99641752243042,40.74187186144732],[-73.9965409040451,40.7416970923627],[-73.9965033531189,40.74168083475007],[-73.99648189544678,40.74171334997132],[-73.9964497089386,40.7416970923627],[-73.99647116661072,40.74166864153801]]]}},{"type":"Feature","properties":{"id":"208daa1b-51cc-4864-aade-5fb968c4d5e1","height":16,"subtype":null,"class":null},"geometry":{"type":"Polygon","coordinates":[[[-73.99749040603638,40.74637911942415],[-73.99729192256927,40.746293772921916],[-73.99724900722504,40.746358798838315],[-73.99744212627411,40.746440081144414],[-73.99749040603638,40.74637911942415]]]}},{"type":"Feature","properties":{"id":"58e38d41-1375-46e1-9432-fb4681986360","height":5.4,"subtype":null,"class":null},"geometry":{"type":"Polygon","coordinates":[[[-73.99743139743805,40.74097362475527],[-73.99732947349548,40.74092891582475],[-73.99725437164307,40.741038655873325],[-73.99734556674957,40.74107523584928],[-73.99738848209381,40.74101020476701],[-73.99739921092987,40.74101426921152],[-73.99743139743805,40.74097362475527]]]}},{"type":"Feature","properties":{"id":"21c210bd-0617-4b91-919c-06370cfb6a45","height":20.5,"subtype":null,"class":null},"geometry":{"type":"Polygon","coordinates":[[[-74.00125086307526,40.74586297461991],[-74.00118112564087,40.74583452557721],[-74.00114893913269,40.74587516706305],[-74.00146007537842,40.74600521965087],[-74.00150299072266,40.74594425753199],[-74.00126695632935,40.74584671802555],[-74.00125086307526,40.74586297461991]]]}},{"type":"Feature","properties":{"id":"3d7f40c3-3f36-494d-82ec-5a4856ade3ff","height":41,"subtype":null,"class":null},"geometry":{"type":"Polygon","coordinates":[[[-73.99492084980011,40.74125407099771],[-73.99513006210327,40.74096549586105],[-73.99458825588226,40.740737886419424],[-73.9943790435791,40.74102239809977],[-73.99492084980011,40.74125407099771]]]}},{"type":"Feature","properties":{"id":"e0c41425-715e-4337-8cc7-331e3f78abac","height":16.3,"subtype":null,"class":null},"geometry":{"type":"Polygon","coordinates":[[[-73.99752259254456,40.74371706980983],[-73.99747431278229,40.74369674841063],[-73.99736166000366,40.74384712661782],[-73.99741530418396,40.7438674479711],[-73.99752259254456,40.74371706980983]]]}},{"type":"Feature","properties":{"id":"246694b0-87b9-41d8-ba55-4e1b883c8cca","height":16,"subtype":null,"class":null},"geometry":{"type":"Polygon","coordinates":[[[-74.00276362895966,40.745541906145945],[-74.00269389152527,40.74551345696588],[-74.0025919675827,40.74565976690505],[-74.00260806083679,40.74568415186363],[-74.00262415409088,40.745692280181174],[-74.00265634059906,40.74568821602253],[-74.00276362895966,40.745541906145945]]]}},{"type":"Feature","properties":{"id":"ed7e278f-60ad-4e45-9bd6-b000ec26691d","height":19.1,"subtype":null,"class":null},"geometry":{"type":"Polygon","coordinates":[[[-73.99570941925049,40.74306678195521],[-73.99568259716034,40.74305458899721],[-73.99562895298004,40.743123682396316],[-73.99587035179138,40.74322529020577],[-73.99591863155365,40.743152132598595],[-73.99588108062744,40.743135875341636],[-73.99590253829956,40.74311148944875],[-73.99591326713562,40.74311555376485],[-73.9959454536438,40.74307897491096],[-73.99590253829956,40.74305865331678],[-73.99592399597168,40.74303426739556],[-73.99577915668488,40.74297330255342],[-73.99570941925049,40.74306678195521]]]}},{"type":"Feature","properties":{"id":"434c40a3-edc3-4605-96e3-1216d68018f2","height":60.2,"subtype":null,"class":null},"geometry":{"type":"Polygon","coordinates":[[[-73.9965945482254,40.74166457713349],[-73.99662673473358,40.74167677034632],[-73.99646043777466,40.741900312185095],[-73.9969003200531,40.742087273873324],[-73.99721682071686,40.74164831951293],[-73.99675011634827,40.74145322775624],[-73.9965945482254,40.74166457713349]]]}},{"type":"Feature","properties":{"id":"72582e51-15a3-471f-b353-38f2d25ac1da","height":18.5,"subtype":null,"class":null},"geometry":{"type":"Polygon","coordinates":[[[-74.00095582008362,40.74603773275808],[-74.00093972682953,40.746033668620555],[-74.00085926055908,40.74613933611565],[-74.00094509124756,40.74617184915732],[-74.00109529495239,40.74596051410248],[-74.00103092193604,40.7459320651015],[-74.00095582008362,40.74603773275808]]]}},{"type":"Feature","properties":{"id":"4f9f6a4d-e9d7-46f2-a4cc-d74c6928730e","height":18.4,"subtype":null,"class":null},"geometry":{"type":"Polygon","coordinates":[[[-74.00023698806763,40.742432745175364],[-74.00025844573975,40.742440873890274],[-74.00025844573975,40.74245306696079],[-74.00032818317413,40.74248151744993],[-74.00037109851837,40.74242055210115],[-74.00030672550201,40.74239210158592],[-74.0002852678299,40.74239616594599],[-74.0002691745758,40.742388037225595],[-74.00026381015778,40.74237177978188],[-74.00021016597748,40.74235145797164],[-74.00019407272339,40.74235552233418],[-74.00006532669067,40.7422986212359],[-74.00002777576447,40.74235145797164],[-74.00016188621521,40.742400230305805],[-74.00016725063324,40.74241648774259],[-74.00022089481354,40.74243680953296],[-74.00023698806763,40.742432745175364]]]}},{"type":"Feature","properties":{"id":"e0dd2330-9996-4685-a7f7-481c6faf8df8","height":19.3,"subtype":null,"class":null},"geometry":{"type":"Polygon","coordinates":[[[-73.99758160114288,40.743745519758306],[-73.99752259254456,40.74371706980983],[-73.99741530418396,40.7438674479711],[-73.99747431278229,40.743891833586815],[-73.99758160114288,40.743745519758306]]]}},{"type":"Feature","properties":{"id":"8762bf4b-cf5d-4042-84f9-bddcfe67a072","height":12.3,"subtype":null,"class":null},"geometry":{"type":"Polygon","coordinates":[[[-74.0025007724762,40.743871512241014],[-74.00243103504181,40.74384306234643],[-74.00234520435333,40.74396092611616],[-74.00241494178772,40.743993440222795],[-74.0025007724762,40.743871512241014]]]}},{"type":"Feature","properties":{"id":"97ee0c58-2886-4f02-b235-542e1417e126","height":28.6,"subtype":null,"class":null},"geometry":{"type":"Polygon","coordinates":[[[-73.99762451648712,40.74449334261118],[-73.9975118637085,40.74444457181184],[-73.99735629558563,40.74465997590562],[-73.99746894836426,40.74470874654699],[-73.99762451648712,40.74449334261118]]]}},{"type":"Feature","properties":{"id":"7a885b15-ea34-46fd-a548-d4a1aaed6646","height":19.9,"subtype":null,"class":null},"geometry":{"type":"Polygon","coordinates":[[[-74.00107383728027,40.74201005063105],[-74.00100946426392,40.74210759576431],[-74.00121867656708,40.74219294763856],[-74.00125086307526,40.74214417515239],[-74.0012937784195,40.74216043265176],[-74.00132596492767,40.74211572451895],[-74.00107383728027,40.74201005063105]]]}},{"type":"Feature","properties":{"id":"ad27364a-45cb-484e-b7bd-d6783b410f57","height":15.2,"subtype":null,"class":null},"geometry":{"type":"Polygon","coordinates":[[[-74.00148153305054,40.743871512241014],[-74.00140106678009,40.74383899807478],[-74.00132060050964,40.74395279758701],[-74.00140106678009,40.7439853116976],[-74.00148153305054,40.743871512241014]]]}},{"type":"Feature","properties":{"id":"17ca0ac8-63b0-4ebc-9b43-3636d48f8f3e","height":17.6,"subtype":null,"class":null},"geometry":{"type":"Polygon","coordinates":[[[-73.99936258792877,40.74295704525275],[-73.99928212165833,40.7429245306395],[-73.99919092655182,40.743050524677386],[-73.99927139282227,40.74308303922908],[-73.99936258792877,40.74295704525275]]]}},{"type":"Feature","properties":{"id":"87bdeeb5-dc04-44fa-9cb2-ad43110d36b2","height":19.6,"subtype":null,"class":null},"geometry":{"type":"Polygon","coordinates":[[[-73.99616539478302,40.74383899807478],[-73.99617075920105,40.74385525515987],[-73.99623513221741,40.74388370504923],[-73.99624586105347,40.7438674479711],[-73.99628341197968,40.74388370504923],[-73.9962887763977,40.743895897855225],[-73.996342420578,40.74392028346051],[-73.99637997150421,40.743863383700926],[-73.99610638618469,40.7437495840357],[-73.99606347084045,40.743810548166266],[-73.99612247943878,40.74383493380287],[-73.9961439371109,40.74383086953071],[-73.99616539478302,40.74383899807478]]]}},{"type":"Feature","properties":{"id":"fa1ea463-fe21-426a-a0f4-9b3f99c280cf","height":24.1,"subtype":null,"class":null},"geometry":{"type":"Polygon","coordinates":[[[-74.0031498670578,40.74290420899811],[-74.00312304496765,40.7428920160103],[-74.00296747684479,40.74310742513239],[-74.00312304496765,40.74317651847659],[-74.00326251983643,40.74298549552634],[-74.00313377380371,40.742928594967],[-74.0031498670578,40.74290420899811]]]}},{"type":"Feature","properties":{"id":"8a7d1ee7-575c-4399-8670-0b22ab3f4504","height":16,"subtype":null,"class":null},"geometry":{"type":"Polygon","coordinates":[[[-74.00183022022247,40.74475751715258],[-74.00176584720612,40.744729067636996],[-74.00166928768158,40.74487131509321],[-74.00173366069794,40.74489570034086],[-74.00183022022247,40.74475751715258]]]}},{"type":"Feature","properties":{"id":"16833362-492b-41d6-a096-aa61e9560e06","height":13.9,"subtype":null,"class":null},"geometry":{"type":"Polygon","coordinates":[[[-74.00147080421448,40.74345695543096],[-74.00139570236206,40.74342444106205],[-74.00129914283752,40.743558562731266],[-74.00137960910797,40.74359107703461],[-74.00147080421448,40.74345695543096]]]}},{"type":"Feature","properties":{"id":"0db57cc6-b25c-4ea8-b6ed-0668e961a361","height":33.4,"subtype":null,"class":null},"geometry":{"type":"Polygon","coordinates":[[[-74.00196969509125,40.74134755281577],[-74.00165855884552,40.74122155555196],[-74.00142252445221,40.7415467092944],[-74.00173902511597,40.74168083475007],[-74.00196969509125,40.74134755281577]]]}},{"type":"Feature","properties":{"id":"c774a05e-13f6-4c82-b33f-25dac660f907","height":20.8,"subtype":null,"class":null},"geometry":{"type":"Polygon","coordinates":[[[-74.0009343624115,40.742664413161066],[-74.00068759918213,40.74255874014486],[-74.00065004825592,40.742611576673966],[-74.00089681148529,40.742717249606216],[-74.0009343624115,40.742664413161066]]]}},{"type":"Feature","properties":{"id":"bfff2565-3514-4ab9-b117-648b1f0297a0","height":19,"subtype":null,"class":null},"geometry":{"type":"Polygon","coordinates":[[[-73.99803221225739,40.74275382865903],[-73.99795174598694,40.74272131394639],[-73.99787127971649,40.74283917970402],[-73.99788200855255,40.74284730836925],[-73.99787127971649,40.742859501365245],[-73.99786591529846,40.74285543703351],[-73.99783909320831,40.74288795168053],[-73.9979088306427,40.74291640198368],[-73.99793028831482,40.74288388735053],[-73.99792492389679,40.742879823020274],[-73.99793028831482,40.742867630028],[-73.99794638156891,40.742871694359025],[-73.99803221225739,40.74275382865903]]]}},{"type":"Feature","properties":{"id":"d90258cb-c0fe-42f6-9c8b-6c6c26501773","height":19,"subtype":null,"class":null},"geometry":{"type":"Polygon","coordinates":[[[-73.99532854557037,40.743184647100634],[-73.99523735046387,40.74314806828474],[-73.9951890707016,40.74321309727685],[-73.99520516395569,40.74322122589638],[-73.99519979953766,40.74322935451494],[-73.99518370628357,40.74322529020577],[-73.99515151977539,40.7432659332861],[-73.99517297744751,40.7432740618992],[-73.99516761302948,40.74328219051128],[-73.99514615535736,40.7432740618992],[-73.99511933326721,40.743310640645774],[-73.9951354265213,40.74331876925339],[-73.99509787559509,40.74336754087824],[-73.99515688419342,40.743391926677276],[-73.99519443511963,40.743343155070306],[-73.99521052837372,40.743347219372254],[-73.99523735046387,40.743310640645774],[-73.99521589279175,40.74330251203716],[-73.99522125720978,40.74329438342755],[-73.9952427148819,40.74330251203716],[-73.99526953697205,40.743261868979204],[-73.99523735046387,40.74324967605696],[-73.99524807929993,40.743237483132475],[-73.9952802658081,40.74324967605696],[-73.99532854557037,40.743184647100634]]]}},{"type":"Feature","properties":{"id":"4fbeff9b-7809-46d1-93ac-03ff33fc6099","height":18.5,"subtype":null,"class":null},"geometry":{"type":"Polygon","coordinates":[[[-73.99929285049438,40.743477276903434],[-73.99930894374847,40.7434854054907],[-73.99930894374847,40.74349353407695],[-73.99952352046967,40.74358294846027],[-73.99956107139587,40.743534176993364],[-73.99932503700256,40.74343663395226],[-73.99929285049438,40.743477276903434]]]}},{"type":"Feature","properties":{"id":"981052a0-d367-4d4d-b2cc-5f472aec52e1","height":14.6,"subtype":null,"class":null},"geometry":{"type":"Polygon","coordinates":[[[-74.00200724601746,40.74527367053625],[-74.00181949138641,40.745192386804575],[-74.00177657604218,40.74525334961265],[-74.00196433067322,40.745330569089305],[-74.00200724601746,40.74527367053625]]]}},{"type":"Feature","properties":{"id":"31856976-b829-4fad-9857-ed267a103a24","height":12.5,"subtype":null,"class":null},"geometry":{"type":"Polygon","coordinates":[[[-73.9975655078888,40.745472815259006],[-73.99750649929047,40.74544843022298],[-73.99739384651184,40.7456069327975],[-73.99745285511017,40.745631317775434],[-73.9975655078888,40.745472815259006]]]}},{"type":"Feature","properties":{"id":"96490e1c-f5b7-47f0-bf5d-463b24f33872","height":14,"subtype":null,"class":null},"geometry":{"type":"Polygon","coordinates":[[[-73.9985203742981,40.74496479182736],[-73.99832725524902,40.744887571926],[-73.99826288223267,40.74498104863724],[-73.99845063686371,40.745058268430085],[-73.9985203742981,40.74496479182736]]]}},{"type":"Feature","properties":{"id":"eb8463de-ff1f-45a5-bd8b-79f5edc0310f","height":20.8,"subtype":null,"class":null},"geometry":{"type":"Polygon","coordinates":[[[-74.00089681148529,40.742717249606216],[-74.00065004825592,40.742611576673966],[-74.00060713291168,40.742664413161066],[-74.00090754032135,40.74279447202744],[-74.00094509124756,40.74273757130467],[-74.00089681148529,40.742717249606216]]]}},{"type":"Feature","properties":{"id":"854f7f1d-c727-4e1f-93d8-dba21158a099","height":14.9,"subtype":null,"class":null},"geometry":{"type":"Polygon","coordinates":[[[-74.0017819404602,40.74433483738264],[-74.00172293186188,40.74430638768624],[-74.00162637233734,40.74444457181184],[-74.00168538093567,40.744468957215986],[-74.0017819404602,40.74433483738264]]]}},{"type":"Feature","properties":{"id":"471a1fd7-6649-45ed-9317-bf4f7ffcbba7","height":20.9,"subtype":null,"class":null},"geometry":{"type":"Polygon","coordinates":[[[-73.99744749069214,40.744095046703535],[-73.99705052375793,40.743928411993664],[-73.99688959121704,40.744151946264935],[-73.99732410907745,40.74433890162399],[-73.99734020233154,40.74431451617218],[-73.99742066860199,40.74435109434654],[-73.9974045753479,40.74437141554583],[-73.99752259254456,40.74442018639877],[-73.99768352508545,40.744196653029036],[-73.99751722812653,40.74412349649032],[-73.99752259254456,40.74411536798104],[-73.9974957704544,40.74410317521529],[-73.9974957704544,40.744107239470765],[-73.99746358394623,40.74408691819079],[-73.99744749069214,40.744095046703535]]]}},{"type":"Feature","properties":{"id":"cc1edc69-7b50-4907-b425-7d9795d7b001","height":16.9,"subtype":null,"class":null},"geometry":{"type":"Polygon","coordinates":[[[-73.9996737241745,40.74288388735053],[-73.99965226650238,40.74291233765541],[-73.99993121623993,40.74303020307451],[-73.9999794960022,40.74296110957829],[-73.99970054626465,40.74284730836925],[-73.9996737241745,40.74288388735053]]]}},{"type":"Feature","properties":{"id":"e70f85ee-1a6a-42a5-9848-9977fcf4768c","height":35.3,"subtype":null,"class":null},"geometry":{"type":"Polygon","coordinates":[[[-73.99503886699677,40.742599383632495],[-73.99490475654602,40.74254248274286],[-73.99474918842316,40.74274976432079],[-73.9948832988739,40.7428066650331],[-73.99503886699677,40.742599383632495]]]}},{"type":"Feature","properties":{"id":"59ad3a05-d617-4d20-a3fb-8f64a5982c82","height":20.5,"subtype":null,"class":null},"geometry":{"type":"Polygon","coordinates":[[[-73.99781227111816,40.7442372955158],[-73.99769425392151,40.74418446027818],[-73.99765133857727,40.744241359763095],[-73.99767279624939,40.74424948825697],[-73.9975655078888,40.744399865214376],[-73.99764060974121,40.744432379106456],[-73.9977478981018,40.74428200222252],[-73.99776935577393,40.7442941949555],[-73.99781227111816,40.7442372955158]]]}},{"type":"Feature","properties":{"id":"36e4f98f-5287-481c-8d95-fa577f24bd3e","height":14.8,"subtype":null,"class":null},"geometry":{"type":"Polygon","coordinates":[[[-74.00030136108398,40.742180754520405],[-74.00023698806763,40.74215230390257],[-74.00016725063324,40.74225391319598],[-74.00022625923157,40.742278299403296],[-74.00030136108398,40.742180754520405]]]}},{"type":"Feature","properties":{"id":"fc3fc3f5-310e-4665-b589-14c8080af299","height":16.9,"subtype":null,"class":null},"geometry":{"type":"Polygon","coordinates":[[[-74.00088608264923,40.745545970313515],[-74.00074660778046,40.745489071944746],[-74.00064468383789,40.745631317775434],[-74.00078415870667,40.745692280181174],[-74.00088608264923,40.745545970313515]]]}},{"type":"Feature","properties":{"id":"64130fcf-4e28-42d6-b87f-7604f3d8a3cd","height":7.9,"subtype":null,"class":null},"geometry":{"type":"Polygon","coordinates":[[[-74.00072515010834,40.744903828754786],[-74.00065541267395,40.74487537930179],[-74.00062322616577,40.744920085579594],[-74.00069832801819,40.744948535013464],[-74.00072515010834,40.744903828754786]]]}},{"type":"Feature","properties":{"id":"5aa35efd-797a-4fa0-b223-f77c74cbff13","height":59.5,"subtype":null,"class":null},"geometry":{"type":"Polygon","coordinates":[[[-73.99618685245514,40.74246119567323],[-73.99613857269287,40.742530289688744],[-73.99620831012726,40.74255874014486],[-73.9962887763977,40.74244900260422],[-73.99655163288116,40.74256280449475],[-73.99663209915161,40.74245306696079],[-73.99629950523376,40.742310814332484],[-73.99618685245514,40.74246119567323]]]}},{"type":"Feature","properties":{"id":"0e205669-4118-4a4f-b1ce-8b631c409efa","height":20.5,"subtype":null,"class":null},"geometry":{"type":"Polygon","coordinates":[[[-74.0024846792221,40.74622468281609],[-74.00243103504181,40.74620436218308],[-74.00232374668121,40.7463547347204],[-74.00237202644348,40.74637505530748],[-74.0024846792221,40.74622468281609]]]}},{"type":"Feature","properties":{"id":"22001cef-09bf-4ceb-8811-d3079f2bac74","height":17,"subtype":null,"class":null},"geometry":{"type":"Polygon","coordinates":[[[-74.00312840938568,40.74461933367718],[-74.00313913822174,40.74460307677887],[-74.00295674800873,40.74452992068717],[-74.00289237499237,40.744615269452964],[-74.00311768054962,40.74470874654699],[-74.0031498670578,40.74465997590562],[-74.00313913822174,40.74465184746194],[-74.00315523147583,40.74462746212487],[-74.00312840938568,40.74461933367718]]]}},{"type":"Feature","properties":{"id":"88ebbbc1-499e-4fd3-b48b-0bcde89a594f","height":6.9,"subtype":null,"class":null},"geometry":{"type":"Polygon","coordinates":[[[-74.00111675262451,40.74196534239715],[-74.00108456611633,40.74201411501443],[-74.00139570236206,40.74214417515239],[-74.00143325328827,40.74209540263047],[-74.00111675262451,40.74196534239715]]]}},{"type":"Feature","properties":{"id":"f1fa31f0-7d32-4c33-9e87-39227338f356","height":18,"subtype":null,"class":null},"geometry":{"type":"Polygon","coordinates":[[[-74.00052666664124,40.74477783822769],[-74.00051057338715,40.74477783822769],[-74.00047838687897,40.74482254457109],[-74.00055885314941,40.74485912246601],[-74.00058567523956,40.74481848035927],[-74.00058031082153,40.74480628772238],[-74.00060713291168,40.74477377401317],[-74.00059640407562,40.74476970979839],[-74.00061786174774,40.74474126028804],[-74.0006285905838,40.74474532450452],[-74.00066614151001,40.74469248967051],[-74.00067687034607,40.74469248967051],[-74.00070905685425,40.744647783239714],[-74.0006285905838,40.744615269452964],[-74.00059640407562,40.74465997590562],[-74.00060176849365,40.744668104348335],[-74.00056958198547,40.74472093920173],[-74.0005749464035,40.74472500341949],[-74.00055348873138,40.744753452936806],[-74.00054812431335,40.74474938872078],[-74.00052666664124,40.74477783822769]]]}},{"type":"Feature","properties":{"id":"feed2852-3fad-4227-a0aa-8d7c3df3afea","height":18.9,"subtype":null,"class":null},"geometry":{"type":"Polygon","coordinates":[[[-73.99994194507599,40.743871512241014],[-73.9999794960022,40.74388776931815],[-73.99996876716614,40.743904026391334],[-74.00003850460052,40.74393247625983],[-74.00007605552673,40.74387964078008],[-74.00001168251038,40.74385119088896],[-74.00000095367432,40.743863383700926],[-73.99997413158417,40.74385119088896],[-73.99997413158417,40.74384306234643],[-73.99996340274811,40.74383899807478],[-73.99997413158417,40.74382680525832],[-73.99981319904327,40.743757712589655],[-73.999764919281,40.743818676712806],[-73.99993121623993,40.74388776931815],[-73.99994194507599,40.743871512241014]]]}},{"type":"Feature","properties":{"id":"d6716995-35cf-45f0-98c1-b052c506d9b7","height":14.8,"subtype":null,"class":null},"geometry":{"type":"Polygon","coordinates":[[[-74.00045156478882,40.742310814332484],[-74.00026381015778,40.74222952697974],[-74.00022625923157,40.742278299403296],[-74.00041401386261,40.742359586696466],[-74.00045156478882,40.742310814332484]]]}},{"type":"Feature","properties":{"id":"69fdf898-6072-416a-a7ab-e80709386671","height":14.1,"subtype":null,"class":null},"geometry":{"type":"Polygon","coordinates":[[[-73.99782299995422,40.74231487869753],[-73.99779617786407,40.74230674996721],[-73.9977103471756,40.74242868081757],[-73.99778544902802,40.74246119567323],[-73.99786055088043,40.74235552233418],[-73.99780690670013,40.74233520051894],[-73.99782299995422,40.74231487869753]]]}},{"type":"Feature","properties":{"id":"3b1134c5-345a-487c-aba7-4cb837290bc4","height":10,"subtype":null,"class":null},"geometry":{"type":"Polygon","coordinates":[[[-73.99793565273285,40.742400230305805],[-73.99793028831482,40.74239616594599],[-73.99786055088043,40.742493710513],[-73.99794638156891,40.74252622533689],[-73.99804294109344,40.742400230305805],[-73.997962474823,40.7423677154203],[-73.99793565273285,40.742400230305805]]]}},{"type":"Feature","properties":{"id":"2c9abc4b-cdd8-436a-9583-96b6bcb772b4","height":14.5,"subtype":null,"class":null},"geometry":{"type":"Polygon","coordinates":[[[-73.99862229824066,40.74482254457109],[-73.99848282337189,40.744761581368095],[-73.99845063686371,40.744810351934944],[-73.99859011173248,40.74487131509321],[-73.99862229824066,40.74482254457109]]]}},{"type":"Feature","properties":{"id":"4e55c61b-d191-4df8-be78-54e5e893d64b","height":14.2,"subtype":null,"class":null},"geometry":{"type":"Polygon","coordinates":[[[-73.99584889411926,40.744554306060024],[-73.99559676647186,40.74444863604651],[-73.99555921554565,40.74449740684281],[-73.99581670761108,40.74460307677887],[-73.99584889411926,40.744554306060024]]]}},{"type":"Feature","properties":{"id":"d457017b-5e9e-4d80-bb9e-1274baaf12b7","height":14.7,"subtype":null,"class":null},"geometry":{"type":"Polygon","coordinates":[[[-73.9965569972992,40.743700812690975],[-73.9965033531189,40.7436764270052],[-73.99643361568451,40.74376990541876],[-73.99648725986481,40.74379429107023],[-73.9965569972992,40.743700812690975]]]}},{"type":"Feature","properties":{"id":"8226f3c3-0036-44d5-927b-115876db3675","height":60.1,"subtype":null,"class":null},"geometry":{"type":"Polygon","coordinates":[[[-74.00061249732971,40.74661890186809],[-74.00063395500183,40.74662703007135],[-74.00055348873138,40.746736760718505],[-74.00069832801819,40.7467977221109],[-74.00076270103455,40.746712376145894],[-74.00078415870667,40.74672050433779],[-74.00079488754272,40.746712376145894],[-74.00089144706726,40.74675301709527],[-74.00095582008362,40.74666767107291],[-74.00085389614105,40.74662703007135],[-74.00085926055908,40.74661483776606],[-74.00083780288696,40.74660670956126],[-74.00091826915741,40.746496978699554],[-74.0007734298706,40.74643195291824],[-74.00070905685425,40.74651729924315],[-74.00068759918213,40.746509171026446],[-74.0006822347641,40.74652136335112],[-74.00056421756744,40.74646852992805],[-74.00049448013306,40.74655794031173],[-74.00061786174774,40.746610773663775],[-74.00061249732971,40.74661890186809]]]}},{"type":"Feature","properties":{"id":"5305afac-ce3b-48d3-947b-d1eb0c3926c9","height":15.1,"subtype":null,"class":null},"geometry":{"type":"Polygon","coordinates":[[[-73.99521052837372,40.74407066116231],[-73.99514079093933,40.74417633177637],[-73.99532318115234,40.74425355250352],[-73.99539828300476,40.74414788201216],[-73.99521052837372,40.74407066116231]]]}},{"type":"Feature","properties":{"id":"da8c785a-9b31-4af3-940c-55816ed218fb","height":16,"subtype":null,"class":null},"geometry":{"type":"Polygon","coordinates":[[[-73.99848818778992,40.744151946264935],[-73.99840772151947,40.744119432235806],[-73.99831116199493,40.74425355250352],[-73.99839162826538,40.74429013071145],[-73.99848818778992,40.744151946264935]]]}},{"type":"Feature","properties":{"id":"91cce77b-fd85-4b9e-ad54-c4236398e1c7","height":13.1,"subtype":null,"class":null},"geometry":{"type":"Polygon","coordinates":[[[-74.00032818317413,40.74418039602739],[-74.00025308132172,40.744143817759124],[-74.00018334388733,40.744233231268225],[-74.00026381015778,40.74426980948729],[-74.00032818317413,40.74418039602739]]]}},{"type":"Feature","properties":{"id":"1ef4fca2-3850-4fe3-8672-5e60c366c357","height":27.2,"subtype":"commercial","class":"office"},"geometry":{"type":"Polygon","coordinates":[[[-74.00020480155945,40.74137193935539],[-73.99989366531372,40.74124187770744],[-73.99957180023193,40.74167677034632],[-73.99987757205963,40.74181089553974],[-74.00020480155945,40.74137193935539]]]}},{"type":"Feature","properties":{"id":"57a8fc21-3ae4-4b73-b9df-36bb63dfdad1","height":17.6,"subtype":null,"class":null},"geometry":{"type":"Polygon","coordinates":[[[-74.00009751319885,40.744785966655996],[-74.0000170469284,40.744753452936806],[-73.99989902973175,40.74491195716766],[-73.9999794960022,40.74494447080937],[-74.00009751319885,40.744785966655996]]]}},{"type":"Feature","properties":{"id":"cd7304e7-1406-4386-b2f7-fa1bed5fa4e9","height":12.2,"subtype":null,"class":null},"geometry":{"type":"Polygon","coordinates":[[[-73.999764919281,40.74468436123078],[-73.9997273683548,40.744668104348335],[-73.99963080883026,40.74479815929661],[-73.99969518184662,40.74482254457109],[-73.999764919281,40.744729067636996],[-73.99973809719086,40.74471687498374],[-73.999764919281,40.74468436123078]]]}},{"type":"Feature","properties":{"id":"4a24da58-e485-4c67-9322-86a36143055d","height":16.2,"subtype":null,"class":null},"geometry":{"type":"Polygon","coordinates":[[[-73.99536609649658,40.74239616594599],[-73.99530172348022,40.74237177978188],[-73.9951354265213,40.74260344797989],[-73.99519443511963,40.74262783405908],[-73.99536609649658,40.74239616594599]]]}},{"type":"Feature","properties":{"id":"89af3ad0-e3c0-4baf-b0a7-587daae5ddcf","height":21.1,"subtype":null,"class":null},"geometry":{"type":"Polygon","coordinates":[[[-74.00319814682007,40.74652949156632],[-74.00307476520538,40.7464766581497],[-74.00297820568085,40.74660670956126],[-74.00310158729553,40.746659542874596],[-74.00319814682007,40.74652949156632]]]}},{"type":"Feature","properties":{"id":"61fc78ae-be90-42b8-b06b-7064b4791f95","height":21.1,"subtype":null,"class":null},"geometry":{"type":"Polygon","coordinates":[[[-73.99716854095459,40.74535088998931],[-73.99712026119232,40.745330569089305],[-73.99703979492188,40.74543623770157],[-73.9970988035202,40.74546062274209],[-73.99708271026611,40.74547687943084],[-73.99734556674957,40.74558661197574],[-73.9974045753479,40.74550532862651],[-73.9973509311676,40.74548500777371],[-73.99737238883972,40.74545655856929],[-73.99739921092987,40.74546468691466],[-73.99746358394623,40.74537933923892],[-73.99728119373322,40.74530211981889],[-73.99723827838898,40.745367146704865],[-73.99727582931519,40.74537933923892],[-73.9972597360611,40.745399660124036],[-73.99716317653656,40.745359018347614],[-73.99716854095459,40.74535088998931]]]}},{"type":"Feature","properties":{"id":"b3949890-fa72-4ceb-8d89-965a1b5d8dbb","height":13.2,"subtype":null,"class":null},"geometry":{"type":"Polygon","coordinates":[[[-74.00119721889496,40.743343155070306],[-74.00112748146057,40.74331470494971],[-74.0010416507721,40.74344069824849],[-74.00110602378845,40.74346914831517],[-74.00119721889496,40.743343155070306]]]}},{"type":"Feature","properties":{"id":"483694d0-8636-4d63-babc-6b801c114050","height":14.3,"subtype":null,"class":null},"geometry":{"type":"Polygon","coordinates":[[[-74.00277435779572,40.746350670602254],[-74.00269389152527,40.746314093527644],[-74.00260806083679,40.746440081144414],[-74.00268316268921,40.746472594039034],[-74.00277435779572,40.746350670602254]]]}},{"type":"Feature","properties":{"id":"04534a10-db59-474d-9695-700b3863db5f","height":17,"subtype":null,"class":null},"geometry":{"type":"Polygon","coordinates":[[[-74.00148689746857,40.74497292023281],[-74.00141716003418,40.74494447080937],[-74.00135278701782,40.74503388324206],[-74.00137960910797,40.74504201163907],[-74.00134742259979,40.74508671780487],[-74.00139033794403,40.745107038779395],[-74.00148689746857,40.74497292023281]]]}},{"type":"Feature","properties":{"id":"bd24613c-4866-47b9-8d37-9156c64f6bdc","height":17.4,"subtype":null,"class":null},"geometry":{"type":"Polygon","coordinates":[[[-74.00150835514069,40.74224172008897],[-74.00145471096039,40.742221398238996],[-74.00131523609161,40.74242055210115],[-74.00137424468994,40.74244493824739],[-74.00142788887024,40.74237177978188],[-74.00141716003418,40.7423677154203],[-74.00150835514069,40.74224172008897]]]}},{"type":"Feature","properties":{"id":"17aaf145-0513-4754-b7b9-2edcb943b0cf","height":21.4,"subtype":null,"class":null},"geometry":{"type":"Polygon","coordinates":[[[-74.00244176387787,40.741709285569556],[-74.00242567062378,40.74172960757602],[-74.00265634059906,40.74182715312057],[-74.00276362895966,40.74167677034632],[-74.00253295898438,40.74158328899094],[-74.00244176387787,40.741709285569556]]]}},{"type":"Feature","properties":{"id":"110f2401-ca9e-41d1-9f7a-5030c6a62131","height":54.3,"subtype":null,"class":null},"geometry":{"type":"Polygon","coordinates":[[[-73.99800539016724,40.74198159994023],[-73.99779081344604,40.74189218340413],[-73.99764597415924,40.742087273873324],[-73.99781227111816,40.74215230390257],[-73.99779617786407,40.74217262577366],[-73.99784445762634,40.74219294763856],[-73.99786055088043,40.74217262577366],[-73.99786591529846,40.74217669014715],[-73.99800539016724,40.74198159994023]]]}},{"type":"Feature","properties":{"id":"0c6e05f7-14e8-4477-8652-97a654687a78","height":6.6,"subtype":null,"class":null},"geometry":{"type":"Polygon","coordinates":[[[-74.00243639945984,40.74546062274209],[-74.00231838226318,40.745411852652126],[-74.002286195755,40.74544843022298],[-74.00240957736969,40.745501264456436],[-74.00243639945984,40.74546062274209]]]}},{"type":"Feature","properties":{"id":"1b2d106c-0899-4994-b034-a018e5cd9cfd","height":13.3,"subtype":null,"class":null},"geometry":{"type":"Polygon","coordinates":[[[-73.99612784385681,40.74272131394639],[-73.9960527420044,40.74268879921789],[-73.99601519107819,40.74274569998235],[-73.9960902929306,40.74277821468303],[-73.99612784385681,40.74272131394639]]]}},{"type":"Feature","properties":{"id":"17bf0afd-cfc9-477c-b763-9fc8578bf190","height":14.3,"subtype":null,"class":null},"geometry":{"type":"Polygon","coordinates":[[[-74.0000170469284,40.74175399397558],[-73.99994194507599,40.74172147877417],[-73.99987757205963,40.74181089553974],[-73.99995267391205,40.74183934630358],[-74.0000170469284,40.74175399397558]]]}},{"type":"Feature","properties":{"id":"a7e497a9-310a-4b5b-9bbf-5c1d6e3aa195","height":12.1,"subtype":null,"class":null},"geometry":{"type":"Polygon","coordinates":[[[-74.00310695171356,40.746013347929164],[-74.0030425786972,40.74598489895078],[-74.0028977394104,40.74619216980028],[-74.00296211242676,40.74621655456363],[-74.00310695171356,40.746013347929164]]]}},{"type":"Feature","properties":{"id":"c44d28af-978e-4654-bc03-d860e5c59cb6","height":13.1,"subtype":null,"class":null},"geometry":{"type":"Polygon","coordinates":[[[-73.9973133802414,40.74322122589638],[-73.99723827838898,40.743184647100634],[-73.99714171886444,40.74331876925339],[-73.99721682071686,40.743351283673945],[-73.9973133802414,40.74322122589638]]]}},{"type":"Feature","properties":{"id":"719ad91a-543d-48f5-b48b-46d62d04dbb4","height":20.5,"subtype":null,"class":null},"geometry":{"type":"Polygon","coordinates":[[[-74.0026992559433,40.74668799156436],[-74.002645611763,40.74666767107291],[-74.00252223014832,40.74683429891954],[-74.00257587432861,40.74685868344744],[-74.0026992559433,40.74668799156436]]]}},{"type":"Feature","properties":{"id":"75e7b1b2-a855-4a22-b9a2-0c52f7a3457a","height":15.9,"subtype":null,"class":null},"geometry":{"type":"Polygon","coordinates":[[[-73.9959990978241,40.743046460357306],[-73.99596154689789,40.743095232181844],[-73.99611711502075,40.7431602612256],[-73.99615466594696,40.74311555376485],[-73.9959990978241,40.743046460357306]]]}},{"type":"Feature","properties":{"id":"2dbf8716-2d62-4b17-9cf9-9595ff5b310a","height":12,"subtype":null,"class":null},"geometry":{"type":"Polygon","coordinates":[[[-74.00060176849365,40.74154264488243],[-74.00055885314941,40.741603611035885],[-74.00086998939514,40.74173773637685],[-74.00091290473938,40.74167677034632],[-74.00060176849365,40.74154264488243]]]}},{"type":"Feature","properties":{"id":"5c4d1ac5-39cd-4604-a590-bd6d6964d245","height":15.3,"subtype":null,"class":null},"geometry":{"type":"Polygon","coordinates":[[[-73.99889588356018,40.743875576510646],[-73.99882078170776,40.74384306234643],[-73.99874567985535,40.74394060479145],[-73.9988261461258,40.743973118908],[-73.99889588356018,40.743875576510646]]]}},{"type":"Feature","properties":{"id":"7dee2e47-9f66-49a8-835f-e92e997c26d6","height":20.2,"subtype":null,"class":null},"geometry":{"type":"Polygon","coordinates":[[[-73.9968466758728,40.74105084920089],[-73.99670720100403,40.74098988254076],[-73.99656772613525,40.741180911222386],[-73.99670720100403,40.741237813276825],[-73.9968466758728,40.74105084920089]]]}},{"type":"Feature","properties":{"id":"ed02730b-2171-43ae-b97e-ea13e4884c4e","height":18.1,"subtype":null,"class":null},"geometry":{"type":"Polygon","coordinates":[[[-73.99766206741333,40.74614340024675],[-73.99734556674957,40.746013347929164],[-73.99730265140533,40.74607024584938],[-73.99761915206909,40.74620436218308],[-73.99766206741333,40.74614340024675]]]}},{"type":"Feature","properties":{"id":"a1aff30e-4ff9-4106-8448-ee0c12c04558","height":25.7,"subtype":null,"class":null},"geometry":{"type":"Polygon","coordinates":[[[-73.99556457996368,40.741717414372886],[-73.99535000324249,40.741623933074635],[-73.99520516395569,40.74182308872574],[-73.99541437625885,40.74191656974406],[-73.99556457996368,40.741717414372886]]]}},{"type":"Feature","properties":{"id":"72779d25-e121-4eab-91fb-bc00e0b6a5ab","height":13.8,"subtype":null,"class":null},"geometry":{"type":"Polygon","coordinates":[[[-73.99693787097931,40.74657013262748],[-73.99688959121704,40.74663109417264],[-73.99721682071686,40.74676520937524],[-73.9972597360611,40.74670424795303],[-73.99693787097931,40.74657013262748]]]}},{"type":"Feature","properties":{"id":"c154730c-3e20-45b7-85ba-e55d1cb381f1","height":26.8,"subtype":null,"class":null},"geometry":{"type":"Polygon","coordinates":[[[-73.99705588817596,40.74485099404666],[-73.99692714214325,40.74479815929661],[-73.99676620960236,40.74502169064468],[-73.99689495563507,40.74507452521718],[-73.99705588817596,40.74485099404666]]]}},{"type":"Feature","properties":{"id":"204e0c0d-f0b0-49a0-8181-2e5aca54a5a2","height":15.8,"subtype":null,"class":null},"geometry":{"type":"Polygon","coordinates":[[[-73.9960527420044,40.74268879921789],[-73.99598836898804,40.74266034881737],[-73.99581670761108,40.7428920160103],[-73.99588108062744,40.7429245306395],[-73.9960527420044,40.74268879921789]]]}},{"type":"Feature","properties":{"id":"b4e86498-ca36-4400-b37b-87a2a6c1b614","height":14.6,"subtype":null,"class":null},"geometry":{"type":"Polygon","coordinates":[[[-74.00176584720612,40.74532244072756],[-74.00171756744385,40.74538340341644],[-74.00187849998474,40.74545249439626],[-74.00192677974701,40.7453874675937],[-74.00176584720612,40.74532244072756]]]}},{"type":"Feature","properties":{"id":"787856ee-e088-4a0a-a83f-0e8c53a04264","height":14.6,"subtype":null,"class":null},"geometry":{"type":"Polygon","coordinates":[[[-73.99764060974121,40.743786162520735],[-73.99757087230682,40.743757712589655],[-73.99747967720032,40.74388370504923],[-73.99754405021667,40.74391621919361],[-73.99764060974121,40.743786162520735]]]}},{"type":"Feature","properties":{"id":"0e137bdd-d326-4b62-b532-eb008045ab8e","height":11.2,"subtype":null,"class":null},"geometry":{"type":"Polygon","coordinates":[[[-74.00010287761688,40.74222952697974],[-74.00005996227264,40.7422904925036],[-74.00037109851837,40.74242055210115],[-74.00041401386261,40.742359586696466],[-74.00010287761688,40.74222952697974]]]}},{"type":"Feature","properties":{"id":"9d13758a-2a4e-473e-896e-b68f1404643d","height":17.5,"subtype":null,"class":null},"geometry":{"type":"Polygon","coordinates":[[[-74.00193750858307,40.74496479182736],[-74.00192677974701,40.74495666342091],[-74.00191605091095,40.7449688560302],[-74.00215744972229,40.74506639682414],[-74.00222182273865,40.74497698443514],[-74.00209844112396,40.74492414978519],[-74.00209307670593,40.74493227819562],[-74.00200724601746,40.74489976454797],[-74.0019965171814,40.744903828754786],[-74.00198042392731,40.74489976454797],[-74.00193750858307,40.74496479182736]]]}},{"type":"Feature","properties":{"id":"e3d9570d-3460-4f66-a49f-45aeee7095fb","height":7.9,"subtype":null,"class":null},"geometry":{"type":"Polygon","coordinates":[[[-73.99984538555145,40.74198972871025],[-73.99970054626465,40.74192469852204],[-73.99955034255981,40.742131982025285],[-73.99968445301056,40.74219294763856],[-73.99984538555145,40.74198972871025]]]}},{"type":"Feature","properties":{"id":"58a453e1-af4e-4336-8e03-d6d93ab1e62a","height":17.6,"subtype":null,"class":null},"geometry":{"type":"Polygon","coordinates":[[[-74.00200188159943,40.74480628772238],[-74.00195360183716,40.744785966655996],[-74.00184631347656,40.744940406605025],[-74.00191605091095,40.7449688560302],[-74.00192677974701,40.74495666342091],[-74.00191605091095,40.74495666342091],[-74.00195896625519,40.74489570034086],[-74.0019428730011,40.74489163613353],[-74.00200188159943,40.74480628772238]]]}},{"type":"Feature","properties":{"id":"0ea01231-046b-4acb-96b6-6b90378a5dc2","height":19.9,"subtype":null,"class":null},"geometry":{"type":"Polygon","coordinates":[[[-74.00310695171356,40.74286356569675],[-74.0030962228775,40.742879823020274],[-74.00315523147583,40.74290420899811],[-74.00316059589386,40.74288795168053],[-74.00319278240204,40.74290420899811],[-74.00321960449219,40.74286356569675],[-74.00324642658234,40.742871694359025],[-74.00336444377899,40.74270912092504],[-74.0032035112381,40.74264002709532],[-74.00312304496765,40.74274569998235],[-74.00314450263977,40.74275382865903],[-74.00306940078735,40.742851372701494],[-74.00310695171356,40.74286356569675]]]}},{"type":"Feature","properties":{"id":"6bc92de1-eb0f-4ffb-a66b-39055cfe9a6b","height":12.1,"subtype":null,"class":null},"geometry":{"type":"Polygon","coordinates":[[[-73.9984130859375,40.743290319122366],[-73.99834871292114,40.743261868979204],[-73.99824142456055,40.74341224816965],[-73.9983057975769,40.74343663395226],[-73.9984130859375,40.743290319122366]]]}},{"type":"Feature","properties":{"id":"b3f9dc1e-f577-4a32-bb39-48a76ede48d4","height":9.8,"subtype":null,"class":null},"geometry":{"type":"Polygon","coordinates":[[[-74.00319814682007,40.74340005527495],[-74.00314450263977,40.74337566947892],[-74.00311231613159,40.743420376764846],[-74.00316596031189,40.7434447625445],[-74.00319814682007,40.74340005527495]]]}},{"type":"Feature","properties":{"id":"57840aa2-b49f-4a23-97b1-2dc8ced1be73","height":12.9,"subtype":null,"class":null},"geometry":{"type":"Polygon","coordinates":[[[-73.99882078170776,40.74308710354691],[-73.99874567985535,40.74305458899721],[-73.99862766265869,40.74321716158673],[-73.99870276451111,40.74324967605696],[-73.99882078170776,40.74308710354691]]]}},{"type":"Feature","properties":{"id":"aca94717-c295-4bb2-beea-fb84808144d2","height":12.8,"subtype":null,"class":null},"geometry":{"type":"Polygon","coordinates":[[[-74.0025919675827,40.74191656974406],[-74.00265634059906,40.74182715312057],[-74.00258660316467,40.74179463795494],[-74.00251686573029,40.741884054622176],[-74.0025919675827,40.74191656974406]]]}},{"type":"Feature","properties":{"id":"246ed1fa-7626-4795-b867-c85d572280c0","height":18.6,"subtype":null,"class":null},"geometry":{"type":"Polygon","coordinates":[[[-74.00202870368958,40.74477377401317],[-74.00218963623047,40.74483880141577],[-74.00218427181244,40.74484286562631],[-74.002286195755,40.744887571926],[-74.00234520435333,40.744810351934944],[-74.0020877122879,40.74470468232823],[-74.00206625461578,40.74470468232823],[-74.00205552577972,40.74472500341949],[-74.00204479694366,40.74472093920173],[-74.0020340681076,40.744733131854275],[-74.00204479694366,40.74473719607127],[-74.00202870368958,40.744761581368095],[-74.00202870368958,40.74477377401317]]]}},{"type":"Feature","properties":{"id":"bd868f28-9815-491c-8e81-293d225d361b","height":13.3,"subtype":null,"class":null},"geometry":{"type":"Polygon","coordinates":[[[-73.99708807468414,40.74568415186363],[-73.99702370166779,40.74565976690505],[-73.99693250656128,40.7457857557614],[-73.99699687957764,40.74581014067377],[-73.99708807468414,40.74568415186363]]]}},{"type":"Feature","properties":{"id":"173284e4-8a2c-4861-90df-e1daf9928fb7","height":46.6,"subtype":null,"class":null},"geometry":{"type":"Polygon","coordinates":[[[-73.99753868579865,40.74212791764904],[-73.99757087230682,40.74208320949441],[-73.99737775325775,40.74200192186345],[-73.99721682071686,40.742221398238996],[-73.99759232997894,40.74237990850426],[-73.99766206741333,40.74228236377033],[-73.99764597415924,40.742278299403296],[-73.99768352508545,40.74222952697974],[-73.99757623672485,40.74218481889335],[-73.99757087230682,40.74219294763856],[-73.99746894836426,40.74215230390257],[-73.99750113487244,40.742111660141745],[-73.99753868579865,40.74212791764904]]]}},{"type":"Feature","properties":{"id":"0fa6d943-5ce7-4108-a3e9-8d6472386e16","height":19.7,"subtype":null,"class":null},"geometry":{"type":"Polygon","coordinates":[[[-73.99663746356964,40.74318058278871],[-73.9966481924057,40.743168389851604],[-73.9965569972992,40.74312774671168],[-73.996342420578,40.74342444106205],[-73.99668574333191,40.743566691308615],[-73.99678766727448,40.743432569655766],[-73.99667501449585,40.74338379807861],[-73.996701836586,40.743347219372254],[-73.99679839611053,40.74338786237806],[-73.99684131145477,40.743330962162986],[-73.99677693843842,40.74330251203716],[-73.9968091249466,40.743261868979204],[-73.99664282798767,40.74319277572363],[-73.99663746356964,40.74318058278871]]]}},{"type":"Feature","properties":{"id":"ea7c5538-60e6-4dac-b185-34e2de06becb","height":12.3,"subtype":null,"class":null},"geometry":{"type":"Polygon","coordinates":[[[-73.99943768978119,40.74258312624045],[-73.99936258792877,40.742550611444386],[-73.99928748607635,40.74265628447347],[-73.99936258792877,40.74268879921789],[-73.99943768978119,40.74258312624045]]]}},{"type":"Feature","properties":{"id":"af5325f7-1f55-4169-9b8d-0b28b2e9a87c","height":7.5,"subtype":null,"class":null},"geometry":{"type":"Polygon","coordinates":[[[-74.00246322154999,40.74558661197574],[-74.00225400924683,40.74549720028614],[-74.00222182273865,40.745541906145945],[-74.00243103504181,40.745631317775434],[-74.00246322154999,40.74558661197574]]]}},{"type":"Feature","properties":{"id":"22a23243-bab9-4899-9aaa-d740a8d03191","height":16.3,"subtype":null,"class":null},"geometry":{"type":"Polygon","coordinates":[[[-74.00086462497711,40.74471281076549],[-74.0007895231247,40.74468029701055],[-74.00070369243622,40.74480222350962],[-74.00077879428864,40.74483473720497],[-74.00086462497711,40.74471281076549]]]}},{"type":"Feature","properties":{"id":"4012f9aa-641e-42e6-8131-ea8e50a7afe6","height":13.1,"subtype":null,"class":null},"geometry":{"type":"Polygon","coordinates":[[[-73.9974957704544,40.74183528190946],[-73.9974582195282,40.74189218340413],[-73.9977103471756,40.741997857479305],[-73.99775326251984,40.74194095607507],[-73.9974957704544,40.74183528190946]]]}},{"type":"Feature","properties":{"id":"44301958-f40f-4aa7-be29-5dd09b1762aa","height":8.4,"subtype":null,"class":null},"geometry":{"type":"Polygon","coordinates":[[[-73.99792492389679,40.74521677193451],[-73.99786591529846,40.745192386804575],[-73.99769425392151,40.74542404517797],[-73.99775326251984,40.74544843022298],[-73.99792492389679,40.74521677193451]]]}},{"type":"Feature","properties":{"id":"351a5bdc-1049-48f7-b051-52be0918f9e8","height":17.8,"subtype":null,"class":null},"geometry":{"type":"Polygon","coordinates":[[[-74.00243639945984,40.745822333126625],[-74.00238811969757,40.74580201237066],[-74.002286195755,40.74594019338875],[-74.00233447551727,40.74596051410248],[-74.00243639945984,40.745822333126625]]]}},{"type":"Feature","properties":{"id":"36208239-ed00-4617-9e4a-45142b5097ae","height":16,"subtype":null,"class":null},"geometry":{"type":"Polygon","coordinates":[[[-74.0000170469284,40.7451761300463],[-73.99994194507599,40.745147680709806],[-73.99984538555145,40.74528179890396],[-73.99991512298584,40.745314312364854],[-74.0000170469284,40.7451761300463]]]}},{"type":"Feature","properties":{"id":"63aa4bcd-a895-4f63-9d04-d6a7deb41ce7","height":6.7,"subtype":null,"class":null},"geometry":{"type":"Polygon","coordinates":[[[-74.00270998477936,40.74396092611616],[-74.00266706943512,40.74401782579233],[-74.00286018848419,40.744099110959525],[-74.00290310382843,40.744042211352905],[-74.00270998477936,40.74396092611616]]]}},{"type":"Feature","properties":{"id":"d3feba28-8638-48fe-bf4d-bdd0187ec88b","height":25.3,"subtype":null,"class":null},"geometry":{"type":"Polygon","coordinates":[[[-73.99627268314362,40.74394466905687],[-73.99629414081573,40.743908090659005],[-73.99606347084045,40.743810548166266],[-73.9958918094635,40.744042211352905],[-73.99612784385681,40.74413975350586],[-73.99627268314362,40.74394466905687]]]}},{"type":"Feature","properties":{"id":"86619f6d-d2c3-4090-b4c9-fe6ecfcc5215","height":13.4,"subtype":null,"class":null},"geometry":{"type":"Polygon","coordinates":[[[-74.00122404098511,40.74226204193275],[-74.00117039680481,40.74223765571949],[-74.00110065937042,40.74233113615517],[-74.00115966796875,40.74235552233418],[-74.00122404098511,40.74226204193275]]]}},{"type":"Feature","properties":{"id":"3f4b2b38-7683-4bdb-8e23-06fc48fdcca7","height":20.3,"subtype":"residential","class":"apartments"},"geometry":{"type":"Polygon","coordinates":[[[-73.99824142456055,40.74131097298957],[-73.99798393249512,40.741201233390285],[-73.99766743183136,40.74164425510716],[-73.99791955947876,40.74174992957623],[-73.9980000257492,40.74164019070116],[-73.99794101715088,40.74161580425991],[-73.99810194969177,40.74139226146491],[-73.9981609582901,40.74141664798816],[-73.99824142456055,40.74131097298957]]]}},{"type":"Feature","properties":{"id":"f2e5d73c-92b4-4f34-a23b-2dc596462c2f","height":17.1,"subtype":null,"class":null},"geometry":{"type":"Polygon","coordinates":[[[-73.99869740009308,40.74345289113572],[-73.99865984916687,40.74343663395226],[-73.99857938289642,40.743546369863424],[-73.99864912033081,40.74357481988494],[-73.9987725019455,40.74340411957343],[-73.99872422218323,40.74338379807861],[-73.99869203567505,40.74342850535905],[-73.99869740009308,40.74345289113572]]]}},{"type":"Feature","properties":{"id":"c034cfa4-0f84-4241-90da-12fe186c9bb9","height":11,"subtype":null,"class":null},"geometry":{"type":"Polygon","coordinates":[[[-73.99725437164307,40.74624500344291],[-73.99719536304474,40.74622061868999],[-73.99713099002838,40.74631002940697],[-73.99718999862671,40.74633441412712],[-73.99725437164307,40.74624500344291]]]}},{"type":"Feature","properties":{"id":"d1094a9f-fa09-4cf8-8616-fe2e5144c88c","height":16.4,"subtype":null,"class":null},"geometry":{"type":"Polygon","coordinates":[[[-74.00257587432861,40.74605398930572],[-74.00265097618103,40.74608650238909],[-74.00274217128754,40.7459645782445],[-74.00266170501709,40.7459320651015],[-74.00257587432861,40.74605398930572]]]}},{"type":"Feature","properties":{"id":"52c584d7-a7bd-4ad4-bdc6-9d82c93fc729","height":22.2,"subtype":null,"class":null},"geometry":{"type":"Polygon","coordinates":[[[-73.99648725986481,40.74461120522852],[-73.99632096290588,40.744542113374706],[-73.99627268314362,40.74461120522852],[-73.9963048696518,40.74462339790114],[-73.99629414081573,40.744639654794526],[-73.99628341197968,40.744635590571534],[-73.9961975812912,40.74475751715258],[-73.99636387825012,40.74482660878263],[-73.99641215801239,40.74474938872078],[-73.99646580219269,40.74476970979839],[-73.99644434452057,40.74479815929661],[-73.99643898010254,40.74479409508331],[-73.99640142917633,40.74484286562631],[-73.99656772613525,40.74491195716766],[-73.99663746356964,40.74482254457109],[-73.99665892124176,40.74477377401317],[-73.99669110774994,40.744785966655996],[-73.9967393875122,40.74472093920173],[-73.99648725986481,40.74461120522852]]]}},{"type":"Feature","properties":{"id":"2d3fe16f-9624-41c4-b593-b5d35b550ef7","height":15.6,"subtype":null,"class":null},"geometry":{"type":"Polygon","coordinates":[[[-74.00217354297638,40.744099110959525],[-74.00212526321411,40.74407878967705],[-74.00201261043549,40.74422916702042],[-74.00206625461578,40.74424948825697],[-74.00217354297638,40.744099110959525]]]}},{"type":"Feature","properties":{"id":"6d1cd4a0-8aa1-4a1a-b767-aac4ad0ff151","height":13.2,"subtype":null,"class":null},"geometry":{"type":"Polygon","coordinates":[[[-74.00282263755798,40.744151946264935],[-74.00267243385315,40.74409098244726],[-74.00263488292694,40.744143817759124],[-74.00278508663177,40.744204781528396],[-74.00282263755798,40.744151946264935]]]}},{"type":"Feature","properties":{"id":"c56c04a7-0412-410d-b849-d89909fb5307","height":16.1,"subtype":null,"class":null},"geometry":{"type":"Polygon","coordinates":[[[-73.99707734584808,40.7431196180807],[-73.99699687957764,40.74308710354691],[-73.99687886238098,40.74324967605696],[-73.99691641330719,40.743261868979204],[-73.99693250656128,40.7432415474409],[-73.99697542190552,40.743261868979204],[-73.99707734584808,40.7431196180807]]]}},{"type":"Feature","properties":{"id":"d6a3b660-d827-4dae-9dbc-efa31fc0ede0","height":37.5,"subtype":"residential","class":"apartments"},"geometry":{"type":"Polygon","coordinates":[[[-73.99824142456055,40.74158735340043],[-73.99828433990479,40.741603611035885],[-73.99843990802765,40.74139226146491],[-73.9983594417572,40.74135974608669],[-73.99819850921631,40.74157922458119],[-73.99823606014252,40.741595482218656],[-73.99824142456055,40.74158735340043]]]}},{"type":"Feature","properties":{"id":"78baf5df-2f3e-4835-a26e-a3604b69c273","height":16.9,"subtype":null,"class":null},"geometry":{"type":"Polygon","coordinates":[[[-74.00005996227264,40.74173773637685],[-74.0000331401825,40.74172960757602],[-73.99995267391205,40.74183934630358],[-74.00003850460052,40.741875925839196],[-74.000124335289,40.74176212277342],[-74.00009214878082,40.74174992957623],[-74.00011360645294,40.74172147877417],[-74.000124335289,40.741717414372886],[-74.00015115737915,40.74172960757602],[-74.00018334388733,40.7416848991536],[-74.00009751319885,40.74164831951293],[-74.00006532669067,40.741688963556896],[-74.00008141994476,40.7416970923627],[-74.00008141994476,40.74170522116751],[-74.00005996227264,40.74173773637685]]]}},{"type":"Feature","properties":{"id":"2e54cbbf-4ea6-4ac6-adcd-b96507494df4","height":20.3,"subtype":null,"class":null},"geometry":{"type":"Polygon","coordinates":[[[-73.9996200799942,40.7422986212359],[-73.99966299533844,40.742318943062315],[-73.99970591068268,40.74225797756449],[-73.99953424930573,40.74218481889335],[-73.99949133396149,40.74224172008897],[-73.99953961372375,40.74226204193275],[-73.99948596954346,40.74233113615517],[-73.99944305419922,40.74231487869753],[-73.99940013885498,40.74237177978188],[-73.99957180023193,40.74244493824739],[-73.99961471557617,40.74238397286504],[-73.99957180023193,40.7423677154203],[-73.9996200799942,40.7422986212359]]]}},{"type":"Feature","properties":{"id":"36bc3677-cb6c-4355-a8b1-51387aee1235","height":42.7,"subtype":null,"class":null},"geometry":{"type":"Polygon","coordinates":[[[-73.99932503700256,40.74442425063489],[-73.99933576583862,40.744432379106456],[-73.99929285049438,40.744489278379234],[-73.999582529068,40.74461120522852],[-73.99977564811707,40.74434703010593],[-73.99949133396149,40.744221038524074],[-73.99944841861725,40.74428200222252],[-73.99943768978119,40.7442779379777],[-73.99939477443695,40.74433077314106],[-73.99940550327301,40.74433483738264],[-73.99937868118286,40.744375479784935],[-73.9993679523468,40.74437141554583],[-73.99932503700256,40.74442425063489]]]}},{"type":"Feature","properties":{"id":"fe14224d-1aca-4b6f-a6c5-17d4b9733fd4","height":11.8,"subtype":null,"class":null},"geometry":{"type":"Polygon","coordinates":[[[-74.00180876255035,40.74511110297354],[-74.00174975395203,40.74508671780487],[-74.00165855884552,40.745212707746816],[-74.00171756744385,40.745237092869274],[-74.00180876255035,40.74511110297354]]]}},{"type":"Feature","properties":{"id":"81dc3d0a-5958-41f5-bd71-33c4fe95da54","height":13.8,"subtype":null,"class":null},"geometry":{"type":"Polygon","coordinates":[[[-74.00129914283752,40.74379429107023],[-74.00124549865723,40.743773969694615],[-74.00116503238678,40.74388776931815],[-74.00121331214905,40.74391215492642],[-74.00129914283752,40.74379429107023]]]}},{"type":"Feature","properties":{"id":"2dedcff5-18d9-43ab-96a9-e32cd98c6842","height":19.4,"subtype":null,"class":null},"geometry":{"type":"Polygon","coordinates":[[[-73.99594008922577,40.74235552233418],[-73.99587035179138,40.74232300742685],[-73.99581670761108,40.74239616594599],[-73.99613857269287,40.742530289688744],[-73.99618685245514,40.74246119567323],[-73.99611175060272,40.74242868081757],[-73.99614930152893,40.7423758441432],[-73.99622440338135,40.742408359024694],[-73.99626731872559,40.74235145797164],[-73.99595081806183,40.74221733386824],[-73.99590790271759,40.742274235036035],[-73.99597764015198,40.742302685601686],[-73.99594008922577,40.74235552233418]]]}},{"type":"Feature","properties":{"id":"30e79bd6-cd89-458e-8ee3-3f72e795474a","height":11.1,"subtype":null,"class":null},"geometry":{"type":"Polygon","coordinates":[[[-73.99901926517487,40.74317245416424],[-73.99895489215851,40.74314400397063],[-73.99889051914215,40.74323341882382],[-73.99895489215851,40.743261868979204],[-73.99901926517487,40.74317245416424]]]}},{"type":"Feature","properties":{"id":"5a9ee970-b7dd-4c46-ab63-fa545f44bee3","height":15.5,"subtype":null,"class":null},"geometry":{"type":"Polygon","coordinates":[[[-73.99858474731445,40.74340411957343],[-73.99851500988007,40.74337160517874],[-73.99843454360962,40.7434854054907],[-73.998504281044,40.743513855538254],[-73.99858474731445,40.74340411957343]]]}},{"type":"Feature","properties":{"id":"a0d64cbc-b070-4e4e-8c68-1b818504b62f","height":15.4,"subtype":null,"class":null},"geometry":{"type":"Polygon","coordinates":[[[-74.00060176849365,40.74346101972597],[-74.00055348873138,40.7434447625445],[-74.00045156478882,40.743587012747554],[-74.00053203105927,40.74361952703697],[-74.00063931941986,40.74346914831517],[-74.00060176849365,40.74345695543096],[-74.00060176849365,40.74346101972597]]]}},{"type":"Feature","properties":{"id":"0b779863-06b7-4ed9-b1f9-de11afe61282","height":20.6,"subtype":null,"class":null},"geometry":{"type":"Polygon","coordinates":[[[-74.00052666664124,40.74182715312057],[-74.00067150592804,40.74188811901328],[-74.00067150592804,40.741900312185095],[-74.00073051452637,40.74192469852204],[-74.00077879428864,40.74185966827031],[-74.00071978569031,40.74183528190946],[-74.00070369243622,40.74184341069741],[-74.00049984455109,40.74175399397558],[-74.00045692920685,40.74180683114389],[-74.00051057338715,40.74183121751517],[-74.00052666664124,40.74182715312057]]]}},{"type":"Feature","properties":{"id":"3d3b5c41-43d4-4178-bba6-4d02e3b7d4eb","height":33.3,"subtype":null,"class":null},"geometry":{"type":"Polygon","coordinates":[[[-73.99692714214325,40.74479815929661],[-73.9967393875122,40.74472093920173],[-73.9966481924057,40.7448469298366],[-73.99666965007782,40.74485912246601],[-73.99665892124176,40.74487537930179],[-73.99663209915161,40.74486318667533],[-73.99658381938934,40.74493227819562],[-73.99677157402039,40.74500949804505],[-73.99692714214325,40.74479815929661]]]}},{"type":"Feature","properties":{"id":"a1836026-16f8-488f-9a34-0ff150cdf90e","height":16.3,"subtype":null,"class":null},"geometry":{"type":"Polygon","coordinates":[[[-74.0010416507721,40.74561099696109],[-74.00100409984589,40.745594740305194],[-74.00090754032135,40.74572885759778],[-74.00094509124756,40.74574511422091],[-74.0010416507721,40.74561099696109]]]}},{"type":"Feature","properties":{"id":"1f4e06ad-b2c7-4760-a63b-a6d4cff7868d","height":14.3,"subtype":null,"class":null},"geometry":{"type":"Polygon","coordinates":[[[-74.00162100791931,40.74502981904317],[-74.00155663490295,40.745001369644086],[-74.0014922618866,40.74509078200026],[-74.00156199932098,40.745119231361116],[-74.00162100791931,40.74502981904317]]]}},{"type":"Feature","properties":{"id":"d5a9c642-5c48-43e2-aa05-ae6363dbe875","height":23.5,"subtype":null,"class":null},"geometry":{"type":"Polygon","coordinates":[[[-74.00228083133698,40.743343155070306],[-74.00211989879608,40.743278126205354],[-74.00198578834534,40.74346508402067],[-74.0021413564682,40.743530112702814],[-74.00228083133698,40.743343155070306]]]}},{"type":"Feature","properties":{"id":"3ed2eb5a-7ff2-431c-adec-d9caabd095eb","height":50.9,"subtype":"education","class":"school"},"geometry":{"type":"Polygon","coordinates":[[[-74.00201261043549,40.74313993965626],[-74.0020501613617,40.743156196912224],[-74.00202333927155,40.743188711412245],[-74.0020877122879,40.74321716158673],[-74.00211453437805,40.74318058278871],[-74.00233447551727,40.74326999759276],[-74.0021413564682,40.743530112702814],[-74.00269389152527,40.74376584114262],[-74.00280117988586,40.74361952703697],[-74.00257050991058,40.74352198412103],[-74.0025919675827,40.74349353407695],[-74.00261342525482,40.743501662662226],[-74.00266706943512,40.74342444106205],[-74.00265097618103,40.74341631246733],[-74.00266706943512,40.74338786237806],[-74.00295674800873,40.74350979124651],[-74.00308012962341,40.743351283673945],[-74.00296211242676,40.74330251203716],[-74.0029513835907,40.74331470494971],[-74.00250613689423,40.74312774671168],[-74.00251686573029,40.74311148944875],[-74.00214672088623,40.74295704525275],[-74.00201261043549,40.74313993965626]],[[-74.00250613689423,40.743322833556846],[-74.0024846792221,40.743351283673945],[-74.00247931480408,40.743347219372254],[-74.00242030620575,40.743420376764846],[-74.00244176387787,40.74342850535905],[-74.00242030620575,40.74345695543096],[-74.002286195755,40.74339599097624],[-74.00229156017303,40.74338379807861],[-74.0023934841156,40.74342850535905],[-74.00247931480408,40.743310640645774],[-74.00250613689423,40.743322833556846]]]}},{"type":"Feature","properties":{"id":"290b7c3e-3bf3-4a9b-9077-b20c897a2ab0","height":17.8,"subtype":null,"class":null},"geometry":{"type":"Polygon","coordinates":[[[-74.00196969509125,40.7432659332861],[-74.00193214416504,40.74324967605696],[-74.00182485580444,40.74339599097624],[-74.00190532207489,40.743432569655766],[-74.00199115276337,40.74331470494971],[-74.0019428730011,40.743298447732485],[-74.00196969509125,40.7432659332861]]]}},{"type":"Feature","properties":{"id":"ca581ac7-fd3a-4cff-a6b2-a2b602fecfcd","height":19.3,"subtype":null,"class":null},"geometry":{"type":"Polygon","coordinates":[[[-74.00193214416504,40.74324967605696],[-74.00185704231262,40.74321716158673],[-74.00174975395203,40.74336347657754],[-74.00182485580444,40.74339599097624],[-74.00193214416504,40.74324967605696]]]}},{"type":"Feature","properties":{"id":"d44bd882-d102-40f1-a302-83fb23aca7db","height":46.3,"subtype":null,"class":null},"geometry":{"type":"Polygon","coordinates":[[[-73.99660527706146,40.74139226146491],[-73.99645507335663,40.741327230692605],[-73.99632096290588,40.74151825840539],[-73.99646580219269,40.74157922458119],[-73.99660527706146,40.74139226146491]]]}},{"type":"Feature","properties":{"id":"64b46541-868a-43b1-a214-c6bc4338372e","height":15.5,"subtype":null,"class":null},"geometry":{"type":"Polygon","coordinates":[[[-73.9972597360611,40.746131207852784],[-73.99721682071686,40.74619216980028],[-73.99752795696259,40.74632222176817],[-73.99757623672485,40.7462612599399],[-73.9972597360611,40.746131207852784]]]}},{"type":"Feature","properties":{"id":"3228dd73-e3b2-4428-bdb3-086f178db224","height":11,"subtype":null,"class":null},"geometry":{"type":"Polygon","coordinates":[[[-73.99779617786407,40.742465260029064],[-73.99786055088043,40.742493710513],[-73.99793028831482,40.74239616594599],[-73.9979088306427,40.742388037225595],[-73.99789810180664,40.742408359024694],[-73.9978551864624,40.742388037225595],[-73.99779617786407,40.742465260029064]]]}},{"type":"Feature","properties":{"id":"1ad7a8a3-dc34-4302-a3c6-9d54013c0ccc","height":12.8,"subtype":null,"class":null},"geometry":{"type":"Polygon","coordinates":[[[-73.9997273683548,40.744668104348335],[-73.99966299533844,40.744639654794526],[-73.9995664358139,40.74476970979839],[-73.99963080883026,40.74479815929661],[-73.9997273683548,40.744668104348335]]]}},{"type":"Feature","properties":{"id":"4c3406e2-92f0-4fc8-9eaf-904d0f0e42f9","height":18.1,"subtype":"residential","class":"apartments"},"geometry":{"type":"Polygon","coordinates":[[[-74.00288701057434,40.74223765571949],[-74.00287091732025,40.74224578445822],[-74.00283873081207,40.74229455686989],[-74.00291383266449,40.742327071791124],[-74.0030586719513,40.74212791764904],[-74.0029889345169,40.74209946700867],[-74.00294601917267,40.74215636827731],[-74.00295674800873,40.74216043265176],[-74.00293529033661,40.74219294763856],[-74.00291383266449,40.74218481889335],[-74.00288701057434,40.74223765571949]]]}},{"type":"Feature","properties":{"id":"2bee0b45-1441-4d6c-a5c6-1cbb2d6fb973","height":13.2,"subtype":null,"class":null},"geometry":{"type":"Polygon","coordinates":[[[-73.99565041065216,40.74282292237055],[-73.99558067321777,40.74279447202744],[-73.99540901184082,40.74303020307451],[-73.99547338485718,40.74305865331678],[-73.99565041065216,40.74282292237055]]]}},{"type":"Feature","properties":{"id":"359b5b4c-4219-4c60-b6ba-4ffd8354ad2a","height":20.6,"subtype":"residential","class":"apartments"},"geometry":{"type":"Polygon","coordinates":[[[-73.99543583393097,40.74595644996023],[-73.99540364742279,40.74594019338875],[-73.99535536766052,40.74600928379013],[-73.99554312229156,40.74608650238909],[-73.9955860376358,40.74602960448277],[-73.99561285972595,40.746013347929164],[-73.99563431739807,40.746021476206465],[-73.99561822414398,40.746041796895355],[-73.99562895298004,40.74605398930572],[-73.99559140205383,40.74610682305811],[-73.99578988552094,40.74618810567216],[-73.99583280086517,40.74612714372097],[-73.99577915668488,40.74609869479124],[-73.995800614357,40.74606618171384],[-73.99582207202911,40.74605398930572],[-73.99587035179138,40.74607430998469],[-73.99592936038971,40.74599302723158],[-73.99575233459473,40.745915808524074],[-73.99569869041443,40.74598489895078],[-73.99565041065216,40.7459645782445],[-73.99569869041443,40.74589548779667],[-73.9955323934555,40.74582639727706],[-73.99547338485718,40.74590768023387],[-73.99552166461945,40.74592800095752],[-73.99552166461945,40.74595238581773],[-73.99550020694733,40.74598083481001],[-73.99543583393097,40.74595644996023]]]}},{"type":"Feature","properties":{"id":"889da555-c6d9-41df-b9b4-62365153a999","height":21.1,"subtype":null,"class":null},"geometry":{"type":"Polygon","coordinates":[[[-73.99607956409454,40.74116871791867],[-73.99600982666016,40.741140266868],[-73.99585425853729,40.74135568166332],[-73.99591863155365,40.741384132621874],[-73.99607956409454,40.74116871791867]]]}},{"type":"Feature","properties":{"id":"9788f3c4-23d2-46cf-90ec-533022da3f15","height":14.4,"subtype":null,"class":null},"geometry":{"type":"Polygon","coordinates":[[[-74.00108993053436,40.74369674841063],[-74.00101482868195,40.743664234158956],[-74.00092363357544,40.743790226795625],[-74.00100409984589,40.74382274098568],[-74.00108993053436,40.74369674841063]]]}},{"type":"Feature","properties":{"id":"447e492d-40b7-46e9-bdfb-9dab96bb8ab2","height":11.9,"subtype":null,"class":null},"geometry":{"type":"Polygon","coordinates":[[[-73.99933576583862,40.74330251203716],[-73.99928748607635,40.74328219051128],[-73.99920701980591,40.74338786237806],[-73.99925529956818,40.74340818387165],[-73.99933576583862,40.74330251203716]]]}},{"type":"Feature","properties":{"id":"d8e3688c-3cd1-41cb-823c-40f505a250a0","height":16.3,"subtype":null,"class":null},"geometry":{"type":"Polygon","coordinates":[[[-74.00290310382843,40.745602868633625],[-74.00283336639404,40.74557441947965],[-74.00271534919739,40.74573698590984],[-74.00278508663177,40.74576543499427],[-74.00290310382843,40.745602868633625]]]}},{"type":"Feature","properties":{"id":"0d4245fc-afd5-4bca-a05a-e400e336f219","height":16.7,"subtype":null,"class":null},"geometry":{"type":"Polygon","coordinates":[[[-73.99971127510071,40.74544843022298],[-73.99964153766632,40.745419981002925],[-73.9995288848877,40.74557848364529],[-73.99959862232208,40.7456069327975],[-73.99971127510071,40.74544843022298]]]}},{"type":"Feature","properties":{"id":"73ffb6c4-c278-4b56-b273-f5fc32919aae","height":40.8,"subtype":null,"class":null},"geometry":{"type":"Polygon","coordinates":[[[-73.99479746818542,40.7432740618992],[-73.99456143379211,40.74317651847659],[-73.99439513683319,40.74341224816965],[-73.99448096752167,40.74344882684022],[-73.99450778961182,40.74341631246733],[-73.99455070495605,40.743432569655766],[-73.99454534053802,40.7434447625445],[-73.99455606937408,40.74344882684022],[-73.99453997612,40.743473212609445],[-73.99462580680847,40.74350979124651],[-73.99479746818542,40.7432740618992]]]}},{"type":"Feature","properties":{"id":"029f46eb-5844-4f6c-b724-be57422e8461","height":9.1,"subtype":null,"class":null},"geometry":{"type":"Polygon","coordinates":[[[-73.99979174137115,40.74322529020577],[-73.99961471557617,40.743152132598595],[-73.9995664358139,40.74321309727685],[-73.99974346160889,40.74328625481695],[-73.99979174137115,40.74322529020577]]]}},{"type":"Feature","properties":{"id":"24d73ab5-4009-4ab2-b9b2-1487a6233a5b","height":16.4,"subtype":null,"class":null},"geometry":{"type":"Polygon","coordinates":[[[-74.00258660316467,40.7462693881869],[-74.00253295898438,40.746249067567504],[-74.00243639945984,40.74638318354059],[-74.00249004364014,40.746403504118945],[-74.00258660316467,40.7462693881869]]]}},{"type":"Feature","properties":{"id":"b827a7a2-b849-4dc6-9bbb-e1a0ec153710","height":15,"subtype":null,"class":null},"geometry":{"type":"Polygon","coordinates":[[[-73.99681985378265,40.74594019338875],[-73.99677157402039,40.74591987266879],[-73.99665355682373,40.74607430998469],[-73.99670720100403,40.74609869479124],[-73.99681985378265,40.74594019338875]]]}},{"type":"Feature","properties":{"id":"c201c728-f6e8-4432-bfa6-7433b72bde6b","height":15,"subtype":null,"class":null},"geometry":{"type":"Polygon","coordinates":[[[-74.00132060050964,40.74191656974406],[-74.00119185447693,40.74186373266289],[-74.00115430355072,40.74191656974406],[-74.0014386177063,40.74203443692778],[-74.00147080421448,40.74198972871025],[-74.00131523609161,40.7419287629107],[-74.00132060050964,40.74191656974406]]]}},{"type":"Feature","properties":{"id":"297fb610-7378-4c1c-8211-34948e3468ab","height":13.5,"subtype":null,"class":null},"geometry":{"type":"Polygon","coordinates":[[[-74.00319278240204,40.744489278379234],[-74.00303184986115,40.74442425063489],[-74.00298357009888,40.744489278379234],[-74.00314450263977,40.744554306060024],[-74.00319278240204,40.744489278379234]]]}},{"type":"Feature","properties":{"id":"ae10f47c-5962-40f8-b379-eae41a8229ad","height":17.7,"subtype":"residential","class":"apartments"},"geometry":{"type":"Polygon","coordinates":[[[-74.00249540805817,40.74207508073579],[-74.00247931480408,40.74207508073579],[-74.00244176387787,40.74212791764904],[-74.00252223014832,40.74216043265176],[-74.00255978107452,40.742111660141745],[-74.0025544166565,40.74209540263047],[-74.00256514549255,40.74207508073579],[-74.00258123874664,40.74207914511521],[-74.00260269641876,40.74205069445392],[-74.00258123874664,40.74204256569135],[-74.00260269641876,40.74201411501443],[-74.00262415409088,40.7420222437805],[-74.00266706943512,40.74196534239715],[-74.0025919675827,40.74193282729905],[-74.00254905223846,40.74198972871025],[-74.00256514549255,40.741997857479305],[-74.00254368782043,40.74202630816316],[-74.00252223014832,40.742018179397604],[-74.0025007724762,40.742046630072764],[-74.00251150131226,40.74205069445392],[-74.00249540805817,40.74207508073579]]]}},{"type":"Feature","properties":{"id":"225e70d5-3467-4b21-9e9a-c3d0c0458928","height":14.2,"subtype":null,"class":null},"geometry":{"type":"Polygon","coordinates":[[[-74.00332152843475,40.74615559263847],[-74.00324642658234,40.7461230795889],[-74.00312840938568,40.7462856446779],[-74.0032035112381,40.746318157648005],[-74.00332152843475,40.74615559263847]]]}},{"type":"Feature","properties":{"id":"6138f2b9-727b-4185-a40e-f020b67d85c8","height":17.1,"subtype":null,"class":null},"geometry":{"type":"Polygon","coordinates":[[[-73.99591863155365,40.746358798838315],[-73.99584889411926,40.746330350007725],[-73.99571478366852,40.74651729924315],[-73.9957845211029,40.746545747993764],[-73.99591863155365,40.746358798838315]]]}},{"type":"Feature","properties":{"id":"ccc2e9d7-2f1b-4917-a2c3-e24f8bd807d2","height":45.5,"subtype":null,"class":null},"geometry":{"type":"Polygon","coordinates":[[[-73.99555921554565,40.74282292237055],[-73.99536609649658,40.74273757130467],[-73.99521589279175,40.74294891660094],[-73.99540901184082,40.74303020307451],[-73.99555921554565,40.74282292237055]]]}},{"type":"Feature","properties":{"id":"53228720-0c19-45d3-9d45-c122a028bc4e","height":8.3,"subtype":null,"class":null},"geometry":{"type":"Polygon","coordinates":[[[-73.99597764015198,40.74217669014715],[-73.9956933259964,40.74205882321553],[-73.99553775787354,40.742274235036035],[-73.99581670761108,40.74239616594599],[-73.99597764015198,40.74217669014715]]]}},{"type":"Feature","properties":{"id":"c23c4e01-a905-499a-a56c-be668e8f67fa","height":17.9,"subtype":null,"class":null},"geometry":{"type":"Polygon","coordinates":[[[-73.9957845211029,40.741538580470205],[-73.99576842784882,40.741538580470205],[-73.99573087692261,40.741595482218656],[-73.99581134319305,40.74162799748166],[-73.99585425853729,40.741571095761],[-73.99584352970123,40.74155890252882],[-73.99585425853729,40.74154264488243],[-73.99586498737335,40.7415467092944],[-73.99594008922577,40.741432905665334],[-73.99588108062744,40.74140445472767],[-73.9958381652832,40.74146135659086],[-73.99584889411926,40.741465421007774],[-73.99583280086517,40.741489807504195],[-73.99581134319305,40.74148167867307],[-73.99578988552094,40.74151419399166],[-73.995800614357,40.74151825840539],[-73.9957845211029,40.741538580470205]]]}},{"type":"Feature","properties":{"id":"20264798-87e0-4916-a90c-ce52aeb31799","height":13.7,"subtype":null,"class":null},"geometry":{"type":"Polygon","coordinates":[[[-73.99863302707672,40.74376584114262],[-73.99858474731445,40.743745519758306],[-73.99847209453583,40.74389996212341],[-73.9985203742981,40.74392028346051],[-73.99863302707672,40.74376584114262]]]}},{"type":"Feature","properties":{"id":"6408c74a-9839-4874-a407-192a183ac30e","height":52.7,"subtype":"residential","class":"apartments"},"geometry":{"type":"Polygon","coordinates":[[[-73.99769425392151,40.74553377781004],[-73.99758160114288,40.74568821602253],[-73.99789273738861,40.74581826897591],[-73.99823069572449,40.74534682580983],[-73.99792492389679,40.74521677193451],[-73.99769425392151,40.74553377781004]]]}},{"type":"Feature","properties":{"id":"e19979ab-ee58-413c-8e4c-8dae3dc25e47","height":20,"subtype":null,"class":null},"geometry":{"type":"Polygon","coordinates":[[[-73.99650871753693,40.74226204193275],[-73.99652481079102,40.74227017066852],[-73.9964497089386,40.7423758441432],[-73.99663209915161,40.74245306696079],[-73.9967930316925,40.74223359134973],[-73.99664282798767,40.74217262577366],[-73.9965945482254,40.74223359134973],[-73.9965409040451,40.742213269497256],[-73.99658381938934,40.74214417515239],[-73.99642825126648,40.74207914511521],[-73.99637460708618,40.74214417515239],[-73.99634778499603,40.742131982025285],[-73.9963048696518,40.74218481889335],[-73.99633169174194,40.74219701201082],[-73.9962887763977,40.74225391319598],[-73.99642825126648,40.74231487869753],[-73.99646043777466,40.742266106300775],[-73.99649798870087,40.742278299403296],[-73.99650871753693,40.74226204193275]]]}},{"type":"Feature","properties":{"id":"c138946c-95e0-4ecd-afaf-4ddecfbc700c","height":15.6,"subtype":null,"class":null},"geometry":{"type":"Polygon","coordinates":[[[-74.00326251983643,40.74655387620598],[-74.00319814682007,40.74652949156632],[-74.00311768054962,40.7466392223744],[-74.00318205356598,40.74666360697387],[-74.00326251983643,40.74655387620598]]]}},{"type":"Feature","properties":{"id":"702f8f90-6a00-4485-a7c1-a46f3be0b5ed","height":28.9,"subtype":null,"class":null},"geometry":{"type":"Polygon","coordinates":[[[-74.00066077709198,40.743863383700926],[-74.00047838687897,40.744119432235806],[-74.00051057338715,40.744135689252346],[-74.00044620037079,40.74422510277236],[-74.00040864944458,40.744212910026704],[-74.00034427642822,40.74430232344292],[-74.00044083595276,40.74434296586509],[-74.00048911571503,40.744273873732595],[-74.0005749464035,40.74431045192935],[-74.00055885314941,40.744326708899195],[-74.00067687034607,40.744375479784935],[-74.00068759918213,40.7443551585869],[-74.00076806545258,40.74439173673889],[-74.00071978569031,40.74446082874891],[-74.00081634521484,40.744501471074244],[-74.00113821029663,40.74406253264658],[-74.00103092193604,40.74401376153136],[-74.00099337100983,40.74406659690459],[-74.00073051452637,40.74395686185173],[-74.00076806545258,40.743908090659005],[-74.00066077709198,40.743863383700926]],[[-74.00076270103455,40.744204781528396],[-74.00060176849365,40.744135689252346],[-74.0006285905838,40.744099110959525],[-74.00089144706726,40.74420884577765],[-74.00086462497711,40.74424948825697],[-74.00079488754272,40.7442169742755],[-74.00080025196075,40.744204781528396],[-74.0007734298706,40.744192588778986],[-74.00076270103455,40.744204781528396]]]}},{"type":"Feature","properties":{"id":"a027f50a-4f52-456b-89e1-c94ec9035ae8","height":24.1,"subtype":null,"class":null},"geometry":{"type":"Polygon","coordinates":[[[-73.99842381477356,40.744265745241734],[-73.9984130859375,40.74426168099589],[-73.99839162826538,40.74429013071145],[-73.9984667301178,40.7443226446571],[-73.99848818778992,40.7442941949555],[-73.99848282337189,40.74429013071145],[-73.99850964546204,40.74424542401016],[-73.99852573871613,40.74424542401016],[-73.99854183197021,40.74422510277236],[-73.9985203742981,40.7442169742755],[-73.99854183197021,40.74418852452871],[-73.99855256080627,40.744192588778986],[-73.99856865406036,40.74417226752507],[-73.99858474731445,40.744168203273546],[-73.99861693382263,40.744119432235806],[-73.99854183197021,40.74408691819079],[-73.998504281044,40.7441316249986],[-73.99850964546204,40.744143817759124],[-73.99848818778992,40.744168203273546],[-73.99849891662598,40.74417226752507],[-73.99847745895386,40.744196653029036],[-73.99846136569977,40.744192588778986],[-73.99844527244568,40.7442169742755],[-73.99845600128174,40.744221038524074],[-73.99842381477356,40.744265745241734]]]}},{"type":"Feature","properties":{"id":"95529809-a3e1-4728-974e-817a59b61649","height":11.5,"subtype":null,"class":null},"geometry":{"type":"Polygon","coordinates":[[[-73.99659991264343,40.74372926264638],[-73.99655163288116,40.7437089412509],[-73.99645507335663,40.74384306234643],[-73.99649798870087,40.743863383700926],[-73.99659991264343,40.74372926264638]]]}},{"type":"Feature","properties":{"id":"31d8fced-4fa6-4440-bed9-370db745a25c","height":19.7,"subtype":null,"class":null},"geometry":{"type":"Polygon","coordinates":[[[-74.00000095367432,40.74477377401317],[-73.9999258518219,40.74473719607127],[-73.99982392787933,40.74487944351009],[-73.99989902973175,40.74491195716766],[-74.00000095367432,40.74477377401317]]]}},{"type":"Feature","properties":{"id":"0dd7a875-8d75-4d1b-bc19-f2baf0f3fda6","height":14.7,"subtype":null,"class":null},"geometry":{"type":"Polygon","coordinates":[[[-73.99787127971649,40.74426168099589],[-73.99781227111816,40.7442372955158],[-73.99774253368378,40.74433483738264],[-73.9978015422821,40.744359222827],[-73.99787127971649,40.74426168099589]]]}},{"type":"Feature","properties":{"id":"92fb0a58-0bcb-468d-b453-e6c11ba73fe4","height":17.1,"subtype":null,"class":null},"geometry":{"type":"Polygon","coordinates":[[[-74.00117576122284,40.74526554216757],[-74.00111675262451,40.74524115705552],[-74.00101482868195,40.74538340341644],[-74.0010792016983,40.745411852652126],[-74.0011864900589,40.74526554216757],[-74.00117576122284,40.74526147798284],[-74.00117576122284,40.74526554216757]]]}},{"type":"Feature","properties":{"id":"a3815326-a1f9-481b-b0ab-8213c1dfecd0","height":14.5,"subtype":null,"class":null},"geometry":{"type":"Polygon","coordinates":[[[-74.00099337100983,40.74595644996023],[-74.00091290473938,40.74592800095752],[-74.00078415870667,40.74610682305811],[-74.00085926055908,40.74613933611565],[-74.00099337100983,40.74595644996023]]]}},{"type":"Feature","properties":{"id":"821aafab-23ca-4224-9475-0f986b80ac5e","height":17.3,"subtype":null,"class":null},"geometry":{"type":"Polygon","coordinates":[[[-74.000483751297,40.74537933923892],[-74.00036573410034,40.745326504908576],[-74.00026381015778,40.745468751086946],[-74.00038182735443,40.74551752113521],[-74.000483751297,40.74537933923892]]]}},{"type":"Feature","properties":{"id":"d63980ec-2ddf-4242-aa76-ef66ede117da","height":17,"subtype":"residential","class":"apartments"},"geometry":{"type":"Polygon","coordinates":[[[-73.99988293647766,40.74210353138659],[-73.9998722076416,40.74209946700867],[-73.99984002113342,40.742140110776944],[-73.9999258518219,40.74217262577366],[-73.99995267391205,40.742131982025285],[-73.99994730949402,40.742131982025285],[-73.99996340274811,40.74210759576431],[-73.99997413158417,40.74210353138659],[-74.00001168251038,40.742054758834854],[-73.9999258518219,40.7420222437805],[-73.99989366531372,40.74207101635608],[-73.99989902973175,40.74207914511521],[-73.99988293647766,40.74210353138659]]]}},{"type":"Feature","properties":{"id":"36af4918-799a-47e1-a3f4-733af1f8ebf6","height":15.1,"subtype":null,"class":null},"geometry":{"type":"Polygon","coordinates":[[[-74.00016725063324,40.74568008770447],[-74.00008141994476,40.74564351026106],[-73.99999022483826,40.74577356330187],[-74.0000706911087,40.74581014067377],[-74.00016725063324,40.74568008770447]]]}},{"type":"Feature","properties":{"id":"871d129e-fd6f-468b-8099-579ae4d1c888","height":20.4,"subtype":null,"class":null},"geometry":{"type":"Polygon","coordinates":[[[-74.00199115276337,40.746423824691135],[-74.00185167789459,40.74636692707338],[-74.00174975395203,40.746509171026446],[-74.00204479694366,40.74663515827365],[-74.00215208530426,40.74649291459005],[-74.00199115276337,40.746423824691135]]]}},{"type":"Feature","properties":{"id":"185b3d69-364a-4bf8-8c5e-1afaa9cda4b0","height":19.1,"subtype":null,"class":null},"geometry":{"type":"Polygon","coordinates":[[[-73.99791955947876,40.74346508402067],[-73.99783372879028,40.74342850535905],[-73.99778008460999,40.74350572695448],[-73.99779081344604,40.74350979124651],[-73.99768888950348,40.74364391274361],[-73.9977639913559,40.7436764270052],[-73.9978015422821,40.7436317198914],[-73.99782836437225,40.743639848459765],[-73.99779081344604,40.743688619849195],[-73.99786591529846,40.74372113408896],[-73.997962474823,40.74358294846027],[-73.99797320365906,40.743587012747554],[-73.99803221225739,40.74350979124651],[-73.99794638156891,40.743477276903434],[-73.99787127971649,40.743578884172706],[-73.99784445762634,40.74357075559689],[-73.99791955947876,40.74346508402067]]]}},{"type":"Feature","properties":{"id":"4c7dc933-137f-448e-86d4-3f0b9f052ed0","height":13.4,"subtype":null,"class":null},"geometry":{"type":"Polygon","coordinates":[[[-74.00193750858307,40.744810351934944],[-74.00188386440277,40.74479003086978],[-74.00179266929626,40.744920085579594],[-74.00184631347656,40.744940406605025],[-74.00193750858307,40.744810351934944]]]}},{"type":"Feature","properties":{"id":"0c735d67-401c-4257-8144-7ebfa84048a4","height":49.5,"subtype":null,"class":null},"geometry":{"type":"Polygon","coordinates":[[[-73.99472773075104,40.74340411957343],[-73.99471163749695,40.74339599097624],[-73.99462580680847,40.74350979124651],[-73.99495303630829,40.743647977027166],[-73.99510324001312,40.74344069824849],[-73.99478137493134,40.74330251203716],[-73.99472773075104,40.74337160517874],[-73.99474382400513,40.74337973377888],[-73.99472773075104,40.74340411957343]]]}},{"type":"Feature","properties":{"id":"051ffe10-50ca-45c6-9835-c7e61b6cd875","height":49.4,"subtype":null,"class":null},"geometry":{"type":"Polygon","coordinates":[[[-73.99449169635773,40.74225391319598],[-73.99453461170197,40.74227017066852],[-73.99448096752167,40.742343329245784],[-73.99470627307892,40.74243680953296],[-73.99475455284119,40.742363651058525],[-73.9947921037674,40.74237990850426],[-73.99491548538208,40.74220920512602],[-73.99460971355438,40.74208320949441],[-73.99449169635773,40.74225391319598]]]}},{"type":"Feature","properties":{"id":"4e502cfb-5d04-45b9-9c1e-390e9a7ebb0b","height":18.2,"subtype":null,"class":null},"geometry":{"type":"Polygon","coordinates":[[[-73.99778544902802,40.742310814332484],[-73.99779617786407,40.74230674996721],[-73.99782836437225,40.74225797756449],[-73.99775326251984,40.7422254626095],[-73.99767816066742,40.742343329245784],[-73.99766743183136,40.74234739360884],[-73.99762988090515,40.74239210158592],[-73.9977103471756,40.74242868081757],[-73.99778544902802,40.742310814332484]]]}},{"type":"Feature","properties":{"id":"87a296bf-1a3c-494a-b110-4c2dc06b264d","height":13,"subtype":null,"class":null},"geometry":{"type":"Polygon","coordinates":[[[-74.00050520896912,40.74379835534461],[-74.0004301071167,40.74376177686628],[-74.00035500526428,40.74385931943053],[-74.00043547153473,40.743891833586815],[-74.00050520896912,40.74379835534461]]]}},{"type":"Feature","properties":{"id":"8aa802da-b1c1-41fb-9bc9-84c9ee0ca9a9","height":11.5,"subtype":null,"class":null},"geometry":{"type":"Polygon","coordinates":[[[-74.00168538093567,40.745058268430085],[-74.00162100791931,40.74502981904317],[-74.00154054164886,40.74514361651788],[-74.0015834569931,40.74516393747501],[-74.00160491466522,40.745135488133286],[-74.00162637233734,40.74514361651788],[-74.00168538093567,40.745058268430085]]]}},{"type":"Feature","properties":{"id":"b7da000c-db7e-4adb-a59f-aabf33280680","height":16.5,"subtype":null,"class":null},"geometry":{"type":"Polygon","coordinates":[[[-73.99833798408508,40.74487131509321],[-73.99826288223267,40.74483880141577],[-73.99815022945404,40.7449932412421],[-73.99822533130646,40.74502575484405],[-73.99833798408508,40.74487131509321]]]}},{"type":"Feature","properties":{"id":"ecf1b1cf-45c7-4129-b138-185b0ea5299f","height":10.5,"subtype":null,"class":null},"geometry":{"type":"Polygon","coordinates":[[[-74.00048911571503,40.74225797756449],[-74.00030136108398,40.742180754520405],[-74.00026381015778,40.74222952697974],[-74.00045156478882,40.742310814332484],[-74.00048911571503,40.74225797756449]]]}},{"type":"Feature","properties":{"id":"72170ee8-d348-46c0-b6e6-20d7fe25e117","height":18.9,"subtype":null,"class":null},"geometry":{"type":"Polygon","coordinates":[[[-73.99831652641296,40.741766187171976],[-73.99837553501129,40.74179057355812],[-73.99842381477356,40.74172554317522],[-73.99809658527374,40.74158735340043],[-73.99804830551147,40.74165238391845],[-73.9981073141098,40.74167677034632],[-73.9980697631836,40.74172554317522],[-73.99801075458527,40.74170115676523],[-73.997962474823,40.741766187171976],[-73.99829506874084,40.74190844096506],[-73.99834334850311,40.74184341069741],[-73.99827897548676,40.74181495993534],[-73.99831652641296,40.741766187171976]]]}},{"type":"Feature","properties":{"id":"75deca2f-dd03-43b9-8b10-86d93777c0ed","height":14.8,"subtype":null,"class":null},"geometry":{"type":"Polygon","coordinates":[[[-74.00110065937042,40.74563538193755],[-74.0010416507721,40.74561099696109],[-74.00092899799347,40.745761370840086],[-74.00099337100983,40.7457857557614],[-74.00110065937042,40.74563538193755]]]}},{"type":"Feature","properties":{"id":"790d9c94-3b60-4a89-89ad-3250214361e7","height":15.4,"subtype":null,"class":null},"geometry":{"type":"Polygon","coordinates":[[[-74.00021016597748,40.74564351026106],[-74.00018870830536,40.74564351026106],[-74.0000706911087,40.74581014067377],[-74.00015115737915,40.745842653876366],[-74.0002691745758,40.74567602354509],[-74.00025844573975,40.74566383106543],[-74.0002852678299,40.74562725361304],[-74.00023698806763,40.7456069327975],[-74.00021016597748,40.74564351026106]]]}},{"type":"Feature","properties":{"id":"8b001e63-ff2e-4111-9149-a3508f85b7a8","height":18,"subtype":null,"class":null},"geometry":{"type":"Polygon","coordinates":[[[-74.00347709655762,40.74198159994023],[-74.00339663028717,40.74194908485009],[-74.0032571554184,40.742140110776944],[-74.00333762168884,40.74217669014715],[-74.00347709655762,40.74198159994023]]]}},{"type":"Feature","properties":{"id":"78ca901d-f271-4ab3-8b3c-8c0b43b09104","height":17.9,"subtype":null,"class":null},"geometry":{"type":"Polygon","coordinates":[[[-74.00135278701782,40.74304239603697],[-74.00128304958344,40.74301394578774],[-74.00119721889496,40.743131811026785],[-74.00126695632935,40.7431602612256],[-74.00135278701782,40.74304239603697]]]}},{"type":"Feature","properties":{"id":"3fccf3cc-3885-4852-8f92-f124211a0119","height":26.6,"subtype":null,"class":null},"geometry":{"type":"Polygon","coordinates":[[[-73.99779617786407,40.74265628447347],[-73.99771571159363,40.74262376971316],[-73.99758696556091,40.74280260069813],[-73.99766743183136,40.74283511537104],[-73.99779617786407,40.74265628447347]]]}},{"type":"Feature","properties":{"id":"37ec9867-78b4-4192-8b0a-c6de90ac8c6b","height":23,"subtype":null,"class":null},"geometry":{"type":"Polygon","coordinates":[[[-73.99584352970123,40.74183528190946],[-73.99576306343079,40.74180276674784],[-73.99561822414398,40.74200192186345],[-73.99569869041443,40.74203443692778],[-73.99584352970123,40.74183528190946]]]}},{"type":"Feature","properties":{"id":"55289529-b4be-46e1-a4e4-589b5ee663a2","height":17.8,"subtype":"commercial","class":null},"geometry":{"type":"Polygon","coordinates":[[[-73.99978637695312,40.74272944262606],[-73.99970054626465,40.742692863559796],[-73.99958789348602,40.74284730836925],[-73.99960398674011,40.742851372701494],[-73.99959862232208,40.742859501365245],[-73.99958789348602,40.74285543703351],[-73.9995664358139,40.74288795168053],[-73.99960935115814,40.74290420899811],[-73.99962544441223,40.742879823020274],[-73.99965226650238,40.74287575868976],[-73.9996737241745,40.74288388735053],[-73.99978637695312,40.74272944262606]]]}},{"type":"Feature","properties":{"id":"4530d375-0d64-4cb6-a813-4394014b7997","height":14.7,"subtype":null,"class":null},"geometry":{"type":"Polygon","coordinates":[[[-73.99705588817596,40.743924347727216],[-73.99700224399567,40.74389996212341],[-73.99690568447113,40.74403408283371],[-73.99695932865143,40.74405846838832],[-73.99705588817596,40.743924347727216]]]}},{"type":"Feature","properties":{"id":"c7310b08-11b4-45ca-9ca5-4088a2ce7ab1","height":19.1,"subtype":null,"class":null},"geometry":{"type":"Polygon","coordinates":[[[-73.99779081344604,40.743156196912224],[-73.99777472019196,40.7431602612256],[-73.99774253368378,40.743200904345684],[-73.99783372879028,40.743237483132475],[-73.99789273738861,40.743135875341636],[-73.99787664413452,40.743131811026785],[-73.99789273738861,40.74310742513239],[-73.9979088306427,40.74311555376485],[-73.99798929691315,40.74301801010981],[-73.99790346622467,40.74298143120228],[-73.99783909320831,40.74308303922908],[-73.99786055088043,40.74309116786449],[-73.99783909320831,40.74311555376485],[-73.99782299995422,40.74310742513239],[-73.99779081344604,40.743156196912224]]]}},{"type":"Feature","properties":{"id":"7380aa68-ba8e-4e24-84f5-3f9c7184b652","height":12.5,"subtype":null,"class":null},"geometry":{"type":"Polygon","coordinates":[[[-73.9958381652832,40.744489278379234],[-73.99562895298004,40.74440392945178],[-73.99559676647186,40.74444863604651],[-73.99584889411926,40.744554306060024],[-73.99588108062744,40.744509599536315],[-73.9958381652832,40.744489278379234]]]}},{"type":"Feature","properties":{"id":"932aa910-421b-47bf-8883-976d0f1a665d","height":16.9,"subtype":"residential","class":"apartments"},"geometry":{"type":"Polygon","coordinates":[[[-73.99928212165833,40.7429245306395],[-73.99919629096985,40.74288795168053],[-73.99910509586334,40.74301394578774],[-73.99919092655182,40.743050524677386],[-73.99928212165833,40.7429245306395]]]}},{"type":"Feature","properties":{"id":"57d00d1b-e150-4bce-8107-f32662336e53","height":18.7,"subtype":null,"class":null},"geometry":{"type":"Polygon","coordinates":[[[-74.00047838687897,40.7458385897269],[-74.00046229362488,40.74583452557721],[-74.00038182735443,40.74594019338875],[-74.00046765804291,40.745972706527766],[-74.00061786174774,40.745757306685675],[-74.00054812431335,40.74572885759778],[-74.00047838687897,40.7458385897269]]]}},{"type":"Feature","properties":{"id":"8f473ce3-096e-4c22-bae6-80abfba00691","height":16.3,"subtype":null,"class":null},"geometry":{"type":"Polygon","coordinates":[[[-74.00067687034607,40.74545655856929],[-74.00060176849365,40.74542810935276],[-74.00052666664124,40.7455297136417],[-74.00060176849365,40.745562226981406],[-74.00067687034607,40.74545655856929]]]}},{"type":"Feature","properties":{"id":"504a14fb-b900-4bba-8ff9-7d41180f8c17","height":42.1,"subtype":"residential","class":"apartments"},"geometry":{"type":"Polygon","coordinates":[[[-73.99496912956238,40.74304239603697],[-73.99450778961182,40.74283917970402],[-73.99438977241516,40.74300175282005],[-73.99485647678375,40.743200904345684],[-73.99496912956238,40.74304239603697]]]}},{"type":"Feature","properties":{"id":"d0999fa3-9b2e-47dc-bed1-1bf605b1b77c","height":13.4,"subtype":null,"class":null},"geometry":{"type":"Polygon","coordinates":[[[-73.99752795696259,40.74632222176817],[-73.99733483791351,40.74624093931806],[-73.99729192256927,40.746293772921916],[-73.99749040603638,40.74637911942415],[-73.99752795696259,40.74632222176817]]]}},{"type":"Feature","properties":{"id":"f99b57ef-b2e8-4046-a814-2f2ca8dab09d","height":18.2,"subtype":null,"class":null},"geometry":{"type":"Polygon","coordinates":[[[-74.00292456150055,40.74175399397558],[-74.0028440952301,40.741717414372886],[-74.0028065443039,40.741766187171976],[-74.00281190872192,40.74178244476374],[-74.0027368068695,40.741884054622176],[-74.00273144245148,40.741884054622176],[-74.00270998477936,40.74191250535472],[-74.00278508663177,40.74194502046271],[-74.00292456150055,40.74175399397558]]]}},{"type":"Feature","properties":{"id":"1058fc3c-40bd-4c45-a382-0de361510f38","height":23.1,"subtype":null,"class":null},"geometry":{"type":"Polygon","coordinates":[[[-73.99576306343079,40.74180276674784],[-73.99556457996368,40.741717414372886],[-73.99541437625885,40.74191656974406],[-73.99561822414398,40.74200192186345],[-73.99576306343079,40.74180276674784]]]}},{"type":"Feature","properties":{"id":"1412dc0d-0358-419a-8e78-aed31fb291e1","height":14.3,"subtype":null,"class":null},"geometry":{"type":"Polygon","coordinates":[[[-73.99746358394623,40.743704876971066],[-73.99739921092987,40.7436764270052],[-73.9972972869873,40.743818676712806],[-73.99736166000366,40.74384712661782],[-73.99746358394623,40.743704876971066]]]}},{"type":"Feature","properties":{"id":"50a6fdcd-a7f8-4a81-a258-1f7cd624d940","height":41.5,"subtype":null,"class":null},"geometry":{"type":"Polygon","coordinates":[[[-73.99525344371796,40.74266034881737],[-73.99524807929993,40.74265628447347],[-73.995081782341,40.74288388735053],[-73.99521589279175,40.7429407879481],[-73.99538218975067,40.74271318526576],[-73.99525344371796,40.74266034881737]]]}},{"type":"Feature","properties":{"id":"11e4fb05-91f0-4b44-878a-c03ef60112a9","height":10.8,"subtype":null,"class":null},"geometry":{"type":"Polygon","coordinates":[[[-73.99895489215851,40.74314400397063],[-73.99889051914215,40.7431196180807],[-73.9988261461258,40.74320903296672],[-73.99889051914215,40.74323341882382],[-73.99895489215851,40.74314400397063]]]}},{"type":"Feature","properties":{"id":"97406634-55cf-4ec9-8331-83f53b6f7f20","height":16.8,"subtype":null,"class":null},"geometry":{"type":"Polygon","coordinates":[[[-74.00231301784515,40.74615559263847],[-74.00226473808289,40.74613527198434],[-74.00216281414032,40.74627345231002],[-74.00221645832062,40.746293772921916],[-74.00231301784515,40.74615559263847]]]}},{"type":"Feature","properties":{"id":"73719ce1-168e-4990-b129-f1db158874aa","height":16.3,"subtype":null,"class":null},"geometry":{"type":"Polygon","coordinates":[[[-74.00100409984589,40.745594740305194],[-74.00096118450165,40.74557441947965],[-74.00086462497711,40.745708536813254],[-74.00090754032135,40.74572885759778],[-74.00100409984589,40.745594740305194]]]}},{"type":"Feature","properties":{"id":"72ec258e-40b4-47c1-afd1-c2300c06e7ec","height":30.6,"subtype":null,"class":null},"geometry":{"type":"Polygon","coordinates":[[[-73.99965763092041,40.741140266868],[-73.9992767572403,40.7409817536485],[-73.99921774864197,40.74106304252621],[-73.99923384189606,40.74107117140852],[-73.99921774864197,40.741087429170136],[-73.999582529068,40.74124187770744],[-73.99965763092041,40.741140266868]]]}},{"type":"Feature","properties":{"id":"1f85a34b-4e9d-4641-a7f8-402eb8bcc897","height":16.4,"subtype":null,"class":null},"geometry":{"type":"Polygon","coordinates":[[[-74.00222182273865,40.745541906145945],[-74.00217890739441,40.745594740305194],[-74.0024471282959,40.745708536813254],[-74.00243639945984,40.745716665127816],[-74.00245249271393,40.7457207292847],[-74.00249540805817,40.74565976690505],[-74.00222182273865,40.745541906145945]]]}},{"type":"Feature","properties":{"id":"f96ddffc-faec-400e-a20e-fb3678a980a4","height":18.6,"subtype":null,"class":null},"geometry":{"type":"Polygon","coordinates":[[[-73.99811267852783,40.74279040769173],[-73.99803221225739,40.74275382865903],[-73.99794101715088,40.742879823020274],[-73.9980161190033,40.742920466311716],[-73.99811267852783,40.74279040769173]]]}},{"type":"Feature","properties":{"id":"61f53317-807a-4424-8924-632a29bcdccc","height":16.8,"subtype":null,"class":null},"geometry":{"type":"Polygon","coordinates":[[[-73.99733483791351,40.743647977027166],[-73.99727046489716,40.743623591322034],[-73.99716854095459,40.74376584114262],[-73.99723291397095,40.743790226795625],[-73.99733483791351,40.743647977027166]]]}},{"type":"Feature","properties":{"id":"4ca54b65-15ac-485d-8ae9-213cc3288253","height":19.5,"subtype":null,"class":null},"geometry":{"type":"Polygon","coordinates":[[[-73.99725437164307,40.74493634240045],[-73.99705588817596,40.74485099404666],[-73.99699687957764,40.74493227819562],[-73.9970451593399,40.7449525992173],[-73.99702370166779,40.744985112839146],[-73.99700224399567,40.74497292023281],[-73.99693787097931,40.745058268430085],[-73.99712026119232,40.745135488133286],[-73.99716317653656,40.74507452521718],[-73.99712562561035,40.745058268430085],[-73.99714171886444,40.74504201163907],[-73.997243642807,40.74508671780487],[-73.997243642807,40.74509078200026],[-73.99728119373322,40.745107038779395],[-73.99735629558563,40.745001369644086],[-73.99731874465942,40.744985112839146],[-73.99732410907745,40.74497698443514],[-73.99724900722504,40.74494447080937],[-73.99725437164307,40.74493634240045]]]}},{"type":"Feature","properties":{"id":"56ef2769-ebab-46c2-80f9-dea9ec98f76e","height":10.3,"subtype":null,"class":null},"geometry":{"type":"Polygon","coordinates":[[[-73.99953424930573,40.74300988146544],[-73.9995127916336,40.74300581714286],[-73.99949669837952,40.74302613875318],[-73.99982929229736,40.743168389851604],[-73.99987757205963,40.74310742513239],[-73.99970591068268,40.74303426739556],[-73.99971663951874,40.74302207443162],[-73.99966835975647,40.74300175282005],[-73.99965763092041,40.74301394578774],[-73.99956107139587,40.74297330255342],[-73.99953424930573,40.74300988146544]]]}},{"type":"Feature","properties":{"id":"f31e8fcd-b4b3-4ca4-a840-46792af67609","height":9.8,"subtype":null,"class":null},"geometry":{"type":"Polygon","coordinates":[[[-74.00308012962341,40.743351283673945],[-74.00295674800873,40.74350979124651],[-74.00302648544312,40.74353824128363],[-74.00314450263977,40.74337566947892],[-74.00308012962341,40.743351283673945]]]}},{"type":"Feature","properties":{"id":"d79bd477-b69e-4311-9cf5-1ee24a544a92","height":20.2,"subtype":null,"class":null},"geometry":{"type":"Polygon","coordinates":[[[-73.99813950061798,40.744095046703535],[-73.99812877178192,40.74409098244726],[-73.99808049201965,40.74415601051746],[-73.99831116199493,40.74425355250352],[-73.9983594417572,40.74418852452871],[-73.99834334850311,40.74418446027818],[-73.99839162826538,40.744119432235806],[-73.99840772151947,40.74412349649032],[-73.99842917919159,40.744095046703535],[-73.9984130859375,40.74408691819079],[-73.99844527244568,40.744042211352905],[-73.9983594417572,40.74400563300867],[-73.99832725524902,40.74405033987111],[-73.99830043315887,40.74403814709342],[-73.99832725524902,40.743993440222795],[-73.99824142456055,40.74395686185173],[-73.99820923805237,40.74400156874694],[-73.99819314479828,40.743993440222795],[-73.99817168712616,40.744021890053034],[-73.99818778038025,40.74403001857371],[-73.99813950061798,40.744095046703535]]]}},{"type":"Feature","properties":{"id":"75dc3f91-b894-43c0-aae7-d97a47e72934","height":49.5,"subtype":null,"class":null},"geometry":{"type":"Polygon","coordinates":[[[-73.99872958660126,40.74183121751517],[-73.99843990802765,40.741709285569556],[-73.99829506874084,40.74190844096506],[-73.99857938289642,40.7420303725456],[-73.99872958660126,40.74183121751517]]]}},{"type":"Feature","properties":{"id":"2d7907a2-fa63-4763-97cb-c5c7c6b4bd8e","height":20.5,"subtype":null,"class":null},"geometry":{"type":"Polygon","coordinates":[[[-74.00144398212433,40.74476970979839],[-74.00160491466522,40.74483473720497],[-74.00164783000946,40.74476970979839],[-74.00162637233734,40.74476564558336],[-74.00171756744385,40.744639654794526],[-74.00157809257507,40.74458275565033],[-74.00153517723083,40.74464371901723],[-74.00157272815704,40.74465997590562],[-74.0015298128128,40.74472500341949],[-74.0014922618866,40.74470468232823],[-74.00144398212433,40.74476970979839]]]}},{"type":"Feature","properties":{"id":"9862d5d3-9edb-4d3e-b627-558564071568","height":18.8,"subtype":null,"class":null},"geometry":{"type":"Polygon","coordinates":[[[-73.99790346622467,40.74298143120228],[-73.99784445762634,40.74295704525275],[-73.99768352508545,40.74318058278871],[-73.99774253368378,40.743200904345684],[-73.9978015422821,40.74310742513239],[-73.99778544902802,40.74310336081581],[-73.99781227111816,40.74306271763612],[-73.99782836437225,40.74307084627404],[-73.99790346622467,40.74298143120228]]]}},{"type":"Feature","properties":{"id":"73421616-941e-415a-bcbc-06541d4c2dc4","height":18.1,"subtype":null,"class":null},"geometry":{"type":"Polygon","coordinates":[[[-73.99970054626465,40.742692863559796],[-73.99960935115814,40.74265628447347],[-73.99949669837952,40.74281072936785],[-73.99951815605164,40.74281885803657],[-73.99948596954346,40.74285543703351],[-73.99953961372375,40.74287575868976],[-73.9995664358139,40.74283511537104],[-73.99958789348602,40.74284730836925],[-73.99970054626465,40.742692863559796]]]}},{"type":"Feature","properties":{"id":"e67e8ba3-9d19-4314-b16a-f306f84185be","height":17.7,"subtype":"residential","class":"apartments"},"geometry":{"type":"Polygon","coordinates":[[[-74.00234520435333,40.741993793094906],[-74.00232911109924,40.741997857479305],[-74.00228083133698,40.74206288759598],[-74.00236129760742,40.74209540263047],[-74.00240957736969,40.7420303725456],[-74.00239884853363,40.742018179397604],[-74.00241494178772,40.741997857479305],[-74.00243639945984,40.741997857479305],[-74.00249004364014,40.74192063413318],[-74.00246858596802,40.74191250535472],[-74.00247931480408,40.741900312185095],[-74.0024846792221,40.74190437657521],[-74.00251686573029,40.74186779705522],[-74.00245249271393,40.74184341069741],[-74.00242567062378,40.741879990230814],[-74.00243639945984,40.741884054622176],[-74.00243103504181,40.74189624779473],[-74.00240957736969,40.741884054622176],[-74.00235056877136,40.74196127801076],[-74.00236129760742,40.74197347116919],[-74.00234520435333,40.741993793094906]]]}},{"type":"Feature","properties":{"id":"65d8f9c1-c95b-4231-b9ad-2cca62846861","height":10.3,"subtype":null,"class":null},"geometry":{"type":"Polygon","coordinates":[[[-73.99744749069214,40.74270505658413],[-73.99737238883972,40.74267660619057],[-73.99734020233154,40.74272131394639],[-73.99741530418396,40.74274976432079],[-73.99744749069214,40.74270505658413]]]}},{"type":"Feature","properties":{"id":"410dc32f-6753-4c36-aaba-14ced316757a","height":18.8,"subtype":null,"class":null},"geometry":{"type":"Polygon","coordinates":[[[-74.00082170963287,40.74479815929661],[-74.00080561637878,40.74479815929661],[-74.0007895231247,40.74482254457109],[-74.00080025196075,40.74483067299391],[-74.0007734298706,40.74487131509321],[-74.00075733661652,40.74487131509321],[-74.00072515010834,40.74492414978519],[-74.00079488754272,40.7449525992173],[-74.00083243846893,40.74489976454797],[-74.00082170963287,40.74489163613353],[-74.00084853172302,40.74485505825646],[-74.00085926055908,40.74486318667533],[-74.0008807182312,40.74483067299391],[-74.0008807182312,40.74482254457109],[-74.00094509124756,40.74474532450452],[-74.00086462497711,40.74471281076549],[-74.00083243846893,40.744761581368095],[-74.00083780288696,40.74477377401317],[-74.00082170963287,40.74479815929661]]]}},{"type":"Feature","properties":{"id":"eb261708-1885-47fd-aff6-2417d7d79c73","height":14.5,"subtype":null,"class":null},"geometry":{"type":"Polygon","coordinates":[[[-73.99739921092987,40.7436764270052],[-73.99733483791351,40.743647977027166],[-73.99723291397095,40.743790226795625],[-73.9972972869873,40.743818676712806],[-73.99739921092987,40.7436764270052]]]}},{"type":"Feature","properties":{"id":"6c717937-9f72-4cd2-bbc4-69e33d64421c","height":9.8,"subtype":"entertainment","class":null},"geometry":{"type":"Polygon","coordinates":[[[-74.00090217590332,40.74284730836925],[-74.0009343624115,40.74280260069813],[-74.00060713291168,40.742664413161066],[-74.00056421756744,40.74272537828634],[-74.0005213022232,40.74270505658413],[-74.000483751297,40.74275789299696],[-74.00052666664124,40.74277821468303],[-74.00048911571503,40.7428310510378],[-74.00081098079681,40.742969238228625],[-74.00090217590332,40.74284730836925]]]}},{"type":"Feature","properties":{"id":"b979d3a6-86f8-4f5f-96a7-9a322434971e","height":19.7,"subtype":null,"class":null},"geometry":{"type":"Polygon","coordinates":[[[-74.00291919708252,40.74284730836925],[-74.00286555290222,40.74282698670427],[-74.00273144245148,40.74300988146544],[-74.0028065443039,40.74304239603697],[-74.0028440952301,40.74299362417369],[-74.0028065443039,40.742977366877966],[-74.00281727313995,40.74296110957829],[-74.00283336639404,40.742969238228625],[-74.00291919708252,40.74284730836925]]]}},{"type":"Feature","properties":{"id":"420ae0a6-4edc-456f-93b5-12f6bf95f076","height":19.9,"subtype":null,"class":null},"geometry":{"type":"Polygon","coordinates":[[[-73.99620294570923,40.74371300553051],[-73.99614930152893,40.743688619849195],[-73.99610638618469,40.7437495840357],[-73.99637997150421,40.743863383700926],[-73.99641752243042,40.743810548166266],[-73.99628341197968,40.74376177686628],[-73.99629414081573,40.7437495840357],[-73.99626195430756,40.74373739120287],[-73.99624586105347,40.74373739120287],[-73.99621903896332,40.74372926264638],[-73.99620294570923,40.74371300553051]]]}},{"type":"Feature","properties":{"id":"69057abf-6523-4795-aa36-1a7393bffae3","height":14.2,"subtype":null,"class":null},"geometry":{"type":"Polygon","coordinates":[[[-73.99859547615051,40.7442941949555],[-73.99859011173248,40.744298259199326],[-73.99890661239624,40.744432379106456],[-73.99894952774048,40.744375479784935],[-73.99863302707672,40.744241359763095],[-73.99859547615051,40.7442941949555]]]}},{"type":"Feature","properties":{"id":"ddd1b4ab-a3d8-4437-9815-6f7d6a70bd61","height":11.7,"subtype":null,"class":null},"geometry":{"type":"Polygon","coordinates":[[[-73.99940013885498,40.743330962162986],[-73.99933576583862,40.74330251203716],[-73.99923920631409,40.743432569655766],[-73.99930894374847,40.74346101972597],[-73.99940013885498,40.743330962162986]]]}},{"type":"Feature","properties":{"id":"1540fefe-a5e0-4073-8331-baf3f6afeed4","height":11.5,"subtype":"civic","class":"government"},"geometry":{"type":"Polygon","coordinates":[[[-73.99922847747803,40.74172554317522],[-73.99867594242096,40.7414938719194],[-73.99852573871613,40.74169302795991],[-73.9990782737732,40.7419287629107],[-73.99922847747803,40.74172554317522]]]}},{"type":"Feature","properties":{"id":"e0e01b4a-b6fc-448b-a071-cb6af30a6b33","height":24.2,"subtype":null,"class":null},"geometry":{"type":"Polygon","coordinates":[[[-73.99764060974121,40.74259125493697],[-73.99756014347076,40.74255874014486],[-73.99747431278229,40.74267254184767],[-73.99755477905273,40.74270505658413],[-73.99764060974121,40.74259125493697]]]}},{"type":"Feature","properties":{"id":"e502e65b-e0ad-4151-a1d5-399c1a926d58","height":10.9,"subtype":null,"class":null},"geometry":{"type":"Polygon","coordinates":[[[-74.00030672550201,40.743924347727216],[-74.0002316236496,40.743891833586815],[-74.00018870830536,40.74394466905687],[-74.0002691745758,40.74397718317147],[-74.00030672550201,40.743924347727216]]]}},{"type":"Feature","properties":{"id":"47927c08-9ad1-4a09-815a-076565663829","height":17.4,"subtype":null,"class":null},"geometry":{"type":"Polygon","coordinates":[[[-74.00247395038605,40.745541906145945],[-74.00249004364014,40.745550034480885],[-74.00245785713196,40.745594740305194],[-74.00252223014832,40.74562318945047],[-74.00254368782043,40.745594740305194],[-74.00253295898438,40.74559067614055],[-74.00254368782043,40.745570355313816],[-74.00256514549255,40.745570355313816],[-74.00259733200073,40.74552564947314],[-74.00257587432861,40.74551752113521],[-74.00258123874664,40.74550532862651],[-74.00260269641876,40.74551345696588],[-74.00264024734497,40.74546062274209],[-74.00255978107452,40.74542404517797],[-74.00251686573029,40.74547687943084],[-74.0025383234024,40.74548500777371],[-74.00252759456635,40.74549720028614],[-74.00251150131226,40.745489071944746],[-74.00247395038605,40.745541906145945]]]}},{"type":"Feature","properties":{"id":"770afe02-3fb0-4c96-a8b9-e4dec329306b","height":17.2,"subtype":null,"class":null},"geometry":{"type":"Polygon","coordinates":[[[-74.00060713291168,40.74581826897591],[-74.00058031082153,40.74581014067377],[-74.00046765804291,40.745972706527766],[-74.00062322616577,40.746041796895355],[-74.00074660778046,40.7458670387679],[-74.00066614151001,40.74583452557721],[-74.00068759918213,40.74580201237066],[-74.00063931941986,40.74578169160847],[-74.00060713291168,40.74581826897591]]]}},{"type":"Feature","properties":{"id":"ad685dd9-b756-4cc1-a677-fe7848c052bb","height":5.4,"subtype":null,"class":null},"geometry":{"type":"Polygon","coordinates":[[[-73.99876713752747,40.744054404129855],[-73.99868667125702,40.744021890053034],[-73.99864375591278,40.74407878967705],[-73.99872422218323,40.744111303726044],[-73.99876713752747,40.744054404129855]]]}},{"type":"Feature","properties":{"id":"a7810b65-8fbf-48d5-a6ba-5ae8a542045a","height":14.9,"subtype":null,"class":null},"geometry":{"type":"Polygon","coordinates":[[[-74.00009214878082,40.74209133825204],[-74.00001168251038,40.742054758834854],[-73.99993121623993,40.74216449702598],[-74.00001168251038,40.7422010763828],[-74.00009214878082,40.74209133825204]]]}},{"type":"Feature","properties":{"id":"9ad19658-1955-48c6-ad23-2249f935802d","height":23.2,"subtype":null,"class":null},"geometry":{"type":"Polygon","coordinates":[[[-73.9954948425293,40.74680991438268],[-73.99547338485718,40.74680991438268],[-73.99541437625885,40.7468911961374],[-73.99548947811127,40.746923708811465],[-73.99555385112762,40.74683836300812],[-73.99556994438171,40.74680585029236],[-73.99555921554565,40.74680178620176],[-73.99558067321777,40.7467814657451],[-73.99559140205383,40.74678552983693],[-73.99560749530792,40.74676520937524],[-73.99560213088989,40.74675301709527],[-73.99563431739807,40.746712376145894],[-73.99564504623413,40.74671644024198],[-73.99566113948822,40.74668799156436],[-73.9955860376358,40.74665547877504],[-73.99556457996368,40.74668392746656],[-73.99558067321777,40.74668799156436],[-73.9955484867096,40.74672863252863],[-73.9955323934555,40.746732696623695],[-73.99550020694733,40.74677740165299],[-73.99550557136536,40.7467895939285],[-73.9954948425293,40.74680991438268]]]}},{"type":"Feature","properties":{"id":"5fa49c72-edcc-468b-a285-a3b22ccb4513","height":12.8,"subtype":null,"class":null},"geometry":{"type":"Polygon","coordinates":[[[-74.00155663490295,40.74312774671168],[-74.0014922618866,40.74309929649894],[-74.00140106678009,40.74321716158673],[-74.00147080421448,40.743245611749046],[-74.00155663490295,40.74312774671168]]]}}]}