{"type":"FeatureCollection","features":[{"type":"Feature","properties":{"id":"40ddbe97-914f-4497-99d8-441684d23600","height":40.7,"subtype":null,"class":null},"geometry":{"type":"Polygon","coordinates":[[[-74.00395452976227,40.714110337805096],[-74.00389552116394,40.71408594127329],[-74.00377213954926,40.71424451857018],[-74.00402426719666,40.714435624041506],[-74.00423347949982,40.71418759343014],[-74.00398135185242,40.71407374300403],[-74.00395452976227,40.714110337805096]]]}},{"type":"Feature","properties":{"id":"ea39abba-5e14-44b6-9c32-710bddb70814","height":48.9,"subtype":null,"class":null},"geometry":{"type":"Polygon","coordinates":[[[-74.01100873947144,40.72246968965131],[-74.01100873947144,40.722461558496164],[-74.01114821434021,40.72247375522851],[-74.01115894317627,40.72240464038227],[-74.011110663414,40.72240057480086],[-74.01111602783203,40.72236398455686],[-74.01099801063538,40.7223558533888],[-74.01099264621735,40.72239244363727],[-74.01094436645508,40.7223883780551],[-74.01092827320099,40.722461558496164],[-74.01100873947144,40.72246968965131]]]}},{"type":"Feature","properties":{"id":"489cd585-2cde-44b2-b5bc-1f9add534f6e","height":34.1,"subtype":null,"class":null},"geometry":{"type":"Polygon","coordinates":[[[-74.00836408138275,40.71476497473671],[-74.00835871696472,40.714773106832034],[-74.00858938694,40.71487475793973],[-74.00877714157104,40.714638927132235],[-74.00847136974335,40.71450068109808],[-74.00829434394836,40.71472838029549],[-74.00836408138275,40.71476497473671]]]}},{"type":"Feature","properties":{"id":"ebb29088-e9aa-4372-b2b6-fbfc4c35d7c1","height":16.6,"subtype":null,"class":null},"geometry":{"type":"Polygon","coordinates":[[[-74.00474309921265,40.71808685300118],[-74.0046626329422,40.718050260385894],[-74.00448560714722,40.71827388160971],[-74.00456607341766,40.71831047410209],[-74.00474309921265,40.71808685300118]]]}},{"type":"Feature","properties":{"id":"f0b46f9d-75f7-452f-81c5-de0ee2b3aed4","height":18.4,"subtype":null,"class":null},"geometry":{"type":"Polygon","coordinates":[[[-74.00869131088257,40.71683049503254],[-74.00861084461212,40.716797967650514],[-74.00847673416138,40.716968736228836],[-74.00855720043182,40.71700126352743],[-74.00869131088257,40.71683049503254]]]}},{"type":"Feature","properties":{"id":"86b9afc2-3eb4-470c-a571-dd03607c111e","height":25,"subtype":null,"class":null},"geometry":{"type":"Polygon","coordinates":[[[-74.0086430311203,40.713805380515076],[-74.00856256484985,40.71376878554639],[-74.008229970932,40.714191659513176],[-74.0082836151123,40.714216056006244],[-74.00832116603851,40.714216056006244],[-74.0086430311203,40.713805380515076]]]}},{"type":"Feature","properties":{"id":"e3e04264-b528-4262-8d57-aa3add87d0f5","height":20.1,"subtype":null,"class":null},"geometry":{"type":"Polygon","coordinates":[[[-74.0091472864151,40.7140412142751],[-74.00906682014465,40.714004619436054],[-74.00891125202179,40.714207923842885],[-74.0089863538742,40.71424045249037],[-74.0091472864151,40.7140412142751]]]}},{"type":"Feature","properties":{"id":"1121b9a7-c857-4f66-86a9-58e57471513c","height":18.6,"subtype":null,"class":null},"geometry":{"type":"Polygon","coordinates":[[[-74.01022553443909,40.7186926611537],[-74.01024162769318,40.71863167400537],[-74.00993585586548,40.71859914750341],[-74.00992512702942,40.718660134681556],[-74.01022553443909,40.7186926611537]]]}},{"type":"Feature","properties":{"id":"d173cdaa-5687-42ea-a25c-2e527bcbe447","height":18.8,"subtype":null,"class":null},"geometry":{"type":"Polygon","coordinates":[[[-74.01023089885712,40.716326318825175],[-74.01016652584076,40.716297857151226],[-74.01003241539001,40.71646862701241],[-74.01009678840637,40.71649708861335],[-74.01023089885712,40.716326318825175]]]}},{"type":"Feature","properties":{"id":"19c6ce51-9964-4c75-9da4-d676c436acf4","height":21.6,"subtype":null,"class":null},"geometry":{"type":"Polygon","coordinates":[[[-74.00938868522644,40.722542870003],[-74.00933504104614,40.72253880443002],[-74.00931358337402,40.72265670594567],[-74.00955498218536,40.72268109933663],[-74.00958716869354,40.72247782080548],[-74.00935649871826,40.72242496828569],[-74.0093457698822,40.72249408311082],[-74.00939404964447,40.72249814868653],[-74.00938868522644,40.722542870003]]]}},{"type":"Feature","properties":{"id":"426b39e6-0a1d-4fda-83e7-d8ed63be4d10","height":25.1,"subtype":null,"class":null},"geometry":{"type":"Polygon","coordinates":[[[-74.0090024471283,40.72372187568945],[-74.0090936422348,40.72373000669066],[-74.00905072689056,40.72396580529294],[-74.00931894779205,40.723994263688446],[-74.00940477848053,40.72351046930994],[-74.00904536247253,40.7234738796761],[-74.0090024471283,40.72372187568945]]]}},{"type":"Feature","properties":{"id":"319ed80e-a1e1-4b15-a4d0-01f907564839","height":24.6,"subtype":null,"class":null},"geometry":{"type":"Polygon","coordinates":[[[-74.00742530822754,40.716488956728604],[-74.00735020637512,40.7164564291797],[-74.00716245174408,40.71669631947924],[-74.0072375535965,40.71672884691093],[-74.00742530822754,40.716488956728604]]]}},{"type":"Feature","properties":{"id":"27553e6f-7934-4036-9137-f71107305f09","height":14.4,"subtype":null,"class":null},"geometry":{"type":"Polygon","coordinates":[[[-74.01110529899597,40.71845684387048],[-74.01094436645508,40.718440580578765],[-74.01093900203705,40.71849750208235],[-74.01109457015991,40.71850969954108],[-74.01110529899597,40.71845684387048]]]}},{"type":"Feature","properties":{"id":"683e166e-be1f-4f8d-8a12-206dbd563e02","height":50.8,"subtype":null,"class":null},"geometry":{"type":"Polygon","coordinates":[[[-74.00320887565613,40.716749176547665],[-74.0031498670578,40.716814231343506],[-74.00368094444275,40.71707444989115],[-74.00373458862305,40.71700532943863],[-74.00320887565613,40.716749176547665]]]}},{"type":"Feature","properties":{"id":"6e371242-b9ba-4c8c-9aec-05a593489fcf","height":20.3,"subtype":null,"class":null},"geometry":{"type":"Polygon","coordinates":[[[-74.00948524475098,40.719465160196435],[-74.00940477848053,40.719457028674256],[-74.00937259197235,40.71966844792824],[-74.0094530582428,40.7196765794246],[-74.00948524475098,40.719465160196435]]]}},{"type":"Feature","properties":{"id":"87084149-a1d0-42e9-8612-86b9221ab9f5","height":24.9,"subtype":null,"class":null},"geometry":{"type":"Polygon","coordinates":[[[-74.00535464286804,40.71796487753862],[-74.00529026985168,40.71793235071086],[-74.00515079498291,40.71810718222321],[-74.00521516799927,40.71813970896555],[-74.00535464286804,40.71796487753862]]]}},{"type":"Feature","properties":{"id":"8e755398-9a85-400b-8672-3e0e7448bda0","height":20.6,"subtype":null,"class":null},"geometry":{"type":"Polygon","coordinates":[[[-74.01024162769318,40.71698093396768],[-74.01016652584076,40.71694840665914],[-74.00996804237366,40.71720862468233],[-74.01004314422607,40.7172411518637],[-74.01024162769318,40.71698093396768]]]}},{"type":"Feature","properties":{"id":"84104d4e-6945-4de0-976c-44c8433022be","height":24.8,"subtype":null,"class":null},"geometry":{"type":"Polygon","coordinates":[[[-74.00964617729187,40.718322671595075],[-74.00964081287384,40.71835113240336],[-74.0096515417099,40.718367395716925],[-74.00971055030823,40.71837552737222],[-74.00973737239838,40.71836332988892],[-74.00978565216064,40.71811937975346],[-74.00968909263611,40.71810718222321],[-74.00964617729187,40.718322671595075]]]}},{"type":"Feature","properties":{"id":"a672e1d6-9a16-4e83-9cc5-7485b47f38d0","height":19.6,"subtype":null,"class":null},"geometry":{"type":"Polygon","coordinates":[[[-74.0093994140625,40.7187821088702],[-74.009308218956,40.71876991146137],[-74.00927603244781,40.71899353026774],[-74.00936186313629,40.719001661846555],[-74.0093994140625,40.7187821088702]]]}},{"type":"Feature","properties":{"id":"2132e51c-bf29-4627-ab52-feb91bb08ffe","height":18.7,"subtype":null,"class":null},"geometry":{"type":"Polygon","coordinates":[[[-74.0095978975296,40.72128659613435],[-74.00951206684113,40.721278464834654],[-74.00950133800507,40.7213475808503],[-74.00958716869354,40.72135571214153],[-74.0095978975296,40.72128659613435]]]}},{"type":"Feature","properties":{"id":"6a181f3a-db71-408e-bfb0-27fb7f492e2b","subtype":null,"class":null},"geometry":{"type":"Polygon","coordinates":[[[-74.00719463825226,40.719050451298514],[-74.00723218917847,40.71883903008174],[-74.00715172290802,40.71883089848306],[-74.00712490081787,40.719017925001175],[-74.00719463825226,40.719050451298514]]]}},{"type":"Feature","properties":{"id":"72a24a20-d7cd-45dd-9cc4-b0fc64a2ba44","height":34.8,"subtype":null,"class":null},"geometry":{"type":"Polygon","coordinates":[[[-74.00720000267029,40.722189164224524],[-74.00717854499817,40.72218509862994],[-74.00713562965393,40.722445296182876],[-74.00724828243256,40.72245342734002],[-74.00728583335876,40.722221688972276],[-74.00719463825226,40.722209492193734],[-74.00720000267029,40.722189164224524]]]}},{"type":"Feature","properties":{"id":"d2a9ad5e-43ab-4c46-a69d-bf5481a5d745","height":44.9,"subtype":null,"class":null},"geometry":{"type":"Polygon","coordinates":[[[-74.01062786579132,40.71570015918751],[-74.01063859462738,40.71568389522234],[-74.01070833206177,40.71571235715877],[-74.0107136964798,40.715704225178186],[-74.01072442531586,40.715708291168596],[-74.01083171367645,40.715570047354944],[-74.01067614555359,40.71550092534048],[-74.01054739952087,40.715671697245874],[-74.01061713695526,40.715704225178186],[-74.01062786579132,40.71570015918751]]]}},{"type":"Feature","properties":{"id":"a06bc443-52ef-443c-b7f7-0f2786d50073","height":26.1,"subtype":"residential","class":"apartments"},"geometry":{"type":"Polygon","coordinates":[[[-74.00643289089203,40.71474057844478],[-74.00612711906433,40.71460233262172],[-74.00607883930206,40.71465519135267],[-74.00638461112976,40.71479750311203],[-74.00643289089203,40.71474057844478]]]}},{"type":"Feature","properties":{"id":"a352da0e-81cb-4968-ba23-a53e4a028189","height":23.7,"subtype":null,"class":null},"geometry":{"type":"Polygon","coordinates":[[[-74.00810122489929,40.71999370700781],[-74.00802612304688,40.719989641279135],[-74.0079939365387,40.7201807302589],[-74.00806903839111,40.72018479597592],[-74.00810122489929,40.71999370700781]]]}},{"type":"Feature","properties":{"id":"33f9300c-c73d-4af2-a1d3-e948bc503bfd","height":9.5,"subtype":null,"class":null},"geometry":{"type":"Polygon","coordinates":[[[-74.0066796541214,40.71467958767588],[-74.00660455226898,40.71464299318771],[-74.00645434856415,40.7148259654274],[-74.00669038295746,40.71493981456721],[-74.00696933269501,40.71459013444707],[-74.00681376457214,40.714521011415236],[-74.0066796541214,40.71467958767588]]]}},{"type":"Feature","properties":{"id":"34bf054f-593a-4a0f-9f10-784388812c26","height":29.2,"subtype":null,"class":null},"geometry":{"type":"Polygon","coordinates":[[[-74.00891125202179,40.714207923842885],[-74.00892734527588,40.71418352734685],[-74.00877714157104,40.714110337805096],[-74.00858402252197,40.71435023655828],[-74.00873959064484,40.71442342583633],[-74.00891125202179,40.714207923842885]]]}},{"type":"Feature","properties":{"id":"5e8caad6-8047-4639-84b5-037410909bbb","height":25.6,"subtype":null,"class":null},"geometry":{"type":"Polygon","coordinates":[[[-74.00356829166412,40.719180556328936],[-74.00341272354126,40.71910737228061],[-74.00323569774628,40.719330989953356],[-74.00339126586914,40.719404173755834],[-74.00356829166412,40.719180556328936]]]}},{"type":"Feature","properties":{"id":"0b23e320-ceb4-4fbe-b6a9-c40601d74dcd","height":9.3,"subtype":null,"class":null},"geometry":{"type":"Polygon","coordinates":[[[-74.00613248348236,40.71595631611474],[-74.0059769153595,40.716155548598955],[-74.00614857673645,40.71623280185079],[-74.00632560253143,40.71600104182635],[-74.00629878044128,40.71598884390799],[-74.00633633136749,40.71594005221214],[-74.00622367858887,40.71588719450131],[-74.00618076324463,40.71594411818818],[-74.00615394115448,40.715931920259365],[-74.00613248348236,40.71595631611474]]]}},{"type":"Feature","properties":{"id":"b136b44e-049e-4513-a546-9f672bd5154d","height":33.5,"subtype":null,"class":null},"geometry":{"type":"Polygon","coordinates":[[[-74.01099264621735,40.72468539241456],[-74.01106238365173,40.72434389441159],[-74.0103167295456,40.72427071604012],[-74.01025235652924,40.72460814897198],[-74.0104991197586,40.72463254164774],[-74.01050984859467,40.724567494492526],[-74.01047229766846,40.724559363593656],[-74.01049375534058,40.72445366181791],[-74.01060104370117,40.72446179272971],[-74.01061177253723,40.72445366181791],[-74.01070833206177,40.72446179272971],[-74.01070833206177,40.7244699236405],[-74.01081562042236,40.724478054550296],[-74.01079416275024,40.72459595263076],[-74.01072978973389,40.72458782173537],[-74.0107136964798,40.72465693431457],[-74.01099264621735,40.72468539241456]]]}},{"type":"Feature","properties":{"id":"7465c26e-a4b4-43bd-b512-1cba2855048b","height":34.5,"subtype":null,"class":null},"geometry":{"type":"Polygon","coordinates":[[[-74.00872886180878,40.72240057480086],[-74.00868594646454,40.72239244363727],[-74.00865375995636,40.72259165685941],[-74.00882005691528,40.72260791913695],[-74.00885760784149,40.72240870596346],[-74.00872886180878,40.7223883780551],[-74.00872886180878,40.72240057480086]]]}},{"type":"Feature","properties":{"id":"eb076f3e-3377-4f27-a069-cb0c60954a9c","height":26.9,"subtype":null,"class":null},"geometry":{"type":"Polygon","coordinates":[[[-74.00797247886658,40.71384604156777],[-74.00781691074371,40.713772851655015],[-74.00768280029297,40.713943627992954],[-74.00783836841583,40.71401681771796],[-74.00797247886658,40.71384604156777]]]}},{"type":"Feature","properties":{"id":"7fb731ca-bb75-4393-9bd2-0ea9c9f5a531","height":28.4,"subtype":null,"class":null},"geometry":{"type":"Polygon","coordinates":[[[-74.00909900665283,40.720412475732395],[-74.00902926921844,40.720404344325935],[-74.0090024471283,40.72057103795989],[-74.0095442533493,40.72061982626161],[-74.00958180427551,40.72038401580543],[-74.00910973548889,40.72033929303847],[-74.00909900665283,40.720412475732395]]]}},{"type":"Feature","properties":{"id":"bdcf501a-cd43-4cfb-8cf9-48a144aaeeaf","height":173.8,"subtype":"commercial","class":"office"},"geometry":{"type":"Polygon","coordinates":[[[-74.01160418987274,40.720518183926025],[-74.01158273220062,40.720514118229374],[-74.01158809661865,40.72046126415032],[-74.01081562042236,40.72039214721436],[-74.01081025600433,40.72044500134831],[-74.01072978973389,40.72043686994583],[-74.01068150997162,40.72078245367569],[-74.01075661182404,40.720786519355954],[-74.01074588298798,40.72083937317676],[-74.01151835918427,40.720908489648316],[-74.01152908802032,40.720855635882394],[-74.01157736778259,40.720859701558204],[-74.01160955429077,40.720794650715725],[-74.01164174079895,40.72068894296114],[-74.01164174079895,40.72057916934599],[-74.01163101196289,40.720518183926025],[-74.01160418987274,40.720518183926025]]]}},{"type":"Feature","properties":{"id":"c78c81a5-b95b-4c89-a035-ce90c99a12ad","height":24.8,"subtype":null,"class":null},"geometry":{"type":"Polygon","coordinates":[[[-74.00688350200653,40.7177453211428],[-74.00704979896545,40.71753796165963],[-74.00695323944092,40.71749730286169],[-74.00679230690002,40.717704662471505],[-74.00688350200653,40.7177453211428]]]}},{"type":"Feature","properties":{"id":"374ba96d-e59e-42ac-b00d-7aeb9ba3ec4c","subtype":null,"class":null},"geometry":{"type":"Polygon","coordinates":[[[-74.01171147823334,40.714122536067634],[-74.01173830032349,40.71412660215465],[-74.01174902915955,40.71409407345154],[-74.01171684265137,40.71408594127329],[-74.01171147823334,40.714122536067634]]]}},{"type":"Feature","properties":{"id":"801134f0-0d9b-48a2-b6f6-8835ff1fbec1","height":18.9,"subtype":null,"class":null},"geometry":{"type":"Polygon","coordinates":[[[-74.01025235652924,40.7156473012862],[-74.01017725467682,40.71561070732995],[-74.01004314422607,40.71578554493942],[-74.01011824607849,40.71582213879959],[-74.01025235652924,40.7156473012862]]]}},{"type":"Feature","properties":{"id":"bafc2f76-ca1d-431b-be9a-650d99cd3e64","height":60.7,"subtype":null,"class":null},"geometry":{"type":"Polygon","coordinates":[[[-74.00689423084259,40.71600917377071],[-74.00658309459686,40.71586686460135],[-74.0062665939331,40.71627752737666],[-74.00657773017883,40.71641576972122],[-74.00689423084259,40.71600917377071]]]}},{"type":"Feature","properties":{"id":"37a7f8c6-aa97-4988-b69b-bdae2e8940db","height":18.7,"subtype":null,"class":null},"geometry":{"type":"Polygon","coordinates":[[[-74.00792419910431,40.72203467145563],[-74.0078330039978,40.72202654024734],[-74.0077954530716,40.7222582792945],[-74.0078866481781,40.722270476064125],[-74.00792419910431,40.72203467145563]]]}},{"type":"Feature","properties":{"id":"8de6fd6b-8b6f-47ed-83b2-a0114f5805ba","height":23.6,"subtype":null,"class":null},"geometry":{"type":"Polygon","coordinates":[[[-74.00925993919373,40.72433982894863],[-74.00928676128387,40.724173144753],[-74.00891661643982,40.72413655548346],[-74.00890052318573,40.72421786494403],[-74.00916874408722,40.72441300724408],[-74.00925993919373,40.72433982894863]]]}},{"type":"Feature","properties":{"id":"64e72588-cbc8-4fdd-8e9f-88cc4296fe46","height":20.9,"subtype":null,"class":null},"geometry":{"type":"Polygon","coordinates":[[[-74.01014506816864,40.71671258319708],[-74.01006996631622,40.71668005575744],[-74.00996804237366,40.716806099497504],[-74.01004314422607,40.716838626875564],[-74.01014506816864,40.71671258319708]]]}},{"type":"Feature","properties":{"id":"a12a7b53-ead2-44e6-a664-c4bcd5c7eaa6","height":17.5,"subtype":null,"class":null},"geometry":{"type":"Polygon","coordinates":[[[-74.00882005691528,40.72180293162993],[-74.0087878704071,40.72179886601175],[-74.00876641273499,40.72193709689052],[-74.00902926921844,40.72196149054522],[-74.00911509990692,40.72148581266625],[-74.00887906551361,40.72146141883724],[-74.00884687900543,40.72166876609892],[-74.00845527648926,40.72163217545262],[-74.0084445476532,40.72169722547658],[-74.00883078575134,40.72173788170927],[-74.00882005691528,40.72180293162993]]]}},{"type":"Feature","properties":{"id":"70f3f2d7-d806-479e-940f-dda94e52e4af","height":21.9,"subtype":null,"class":null},"geometry":{"type":"Polygon","coordinates":[[[-74.00856256484985,40.715309822927],[-74.00849282741547,40.71527729480199],[-74.00835335254669,40.71544806728099],[-74.00842845439911,40.71548059532255],[-74.00856256484985,40.715309822927]]]}},{"type":"Feature","properties":{"id":"64e3fee7-8c60-45ca-a75b-941c2751da73","height":6.3,"subtype":null,"class":null},"geometry":{"type":"Polygon","coordinates":[[[-74.00791883468628,40.71873738502696],[-74.00775253772736,40.71894880656657],[-74.00782763957977,40.71898539868794],[-74.00799930095673,40.71876991146137],[-74.00791883468628,40.71873738502696]]]}},{"type":"Feature","properties":{"id":"39d2fed7-243b-49f5-9fb1-c69cf3c86cad","height":19.7,"subtype":null,"class":null},"geometry":{"type":"Polygon","coordinates":[[[-74.00987148284912,40.72376659618369],[-74.00960326194763,40.72373813769084],[-74.00959253311157,40.72380725115237],[-74.00985538959503,40.72383570961567],[-74.00987148284912,40.72376659618369]]]}},{"type":"Feature","properties":{"id":"798e6c91-471c-46e6-a463-eb267c77fe93","height":21.1,"subtype":null,"class":null},"geometry":{"type":"Polygon","coordinates":[[[-74.00681376457214,40.713992421151914],[-74.00669038295746,40.71393956189476],[-74.00659918785095,40.71405341255032],[-74.00688886642456,40.71418759343014],[-74.00693714618683,40.71412660215465],[-74.00696933269501,40.714142866500254],[-74.00701761245728,40.71409000736254],[-74.00681376457214,40.713992421151914]]]}},{"type":"Feature","properties":{"id":"5384823c-1c3f-4ea6-aba9-971c00a268a9","height":24,"subtype":null,"class":null},"geometry":{"type":"Polygon","coordinates":[[[-74.00801002979279,40.71956273838517],[-74.00794565677643,40.71955460687492],[-74.00790274143219,40.71979855175079],[-74.00807976722717,40.719818880450084],[-74.00811731815338,40.71959119866329],[-74.00800466537476,40.71957900140274],[-74.00801002979279,40.71956273838517]]]}},{"type":"Feature","properties":{"id":"530215ef-cfd5-408b-bec4-315c77ee3acc","height":125.7,"subtype":"residential","class":"apartments"},"geometry":{"type":"Polygon","coordinates":[[[-74.01280045509338,40.71621653801574],[-74.01291310787201,40.715757083034276],[-74.01204943656921,40.715378945139875],[-74.0122264623642,40.71516751226273],[-74.0115076303482,40.71505772954247],[-74.0113627910614,40.71560664133357],[-74.01279509067535,40.71625313163902],[-74.01280045509338,40.71621653801574]]]}},{"type":"Feature","properties":{"id":"4dc1d00d-8e18-4ed0-8408-68b9b0842284","height":24.5,"subtype":null,"class":null},"geometry":{"type":"Polygon","coordinates":[[[-74.00554239749908,40.715748951059155],[-74.00527954101562,40.715631037308114],[-74.00520443916321,40.71572048913836],[-74.00546729564667,40.7158424687132],[-74.00554239749908,40.715748951059155]]]}},{"type":"Feature","properties":{"id":"ddd3777a-295c-45c0-b05c-c7d3f827508e","height":32.9,"subtype":null,"class":null},"geometry":{"type":"Polygon","coordinates":[[[-74.0110731124878,40.722689230464965],[-74.0110194683075,40.72268109933663],[-74.01099801063538,40.72281932838321],[-74.01135742664337,40.722855918376894],[-74.01139497756958,40.72265670594567],[-74.01108384132385,40.72262418141048],[-74.0110731124878,40.722689230464965]]]}},{"type":"Feature","properties":{"id":"28c6dc7b-eb5d-4c62-84c9-8996def458f2","height":22.8,"subtype":null,"class":null},"geometry":{"type":"Polygon","coordinates":[[[-74.0055102109909,40.71683456095418],[-74.00536000728607,40.71676544025257],[-74.00499522686005,40.71722895417256],[-74.0052580833435,40.71735093098354],[-74.00542974472046,40.71713543846613],[-74.0053117275238,40.717082581704375],[-74.0055102109909,40.71683456095418]]]}},{"type":"Feature","properties":{"id":"64ae6412-52fb-4f87-bb49-f96a87282682","height":32.9,"subtype":null,"class":null},"geometry":{"type":"Polygon","coordinates":[[[-74.00802075862885,40.71594818416394],[-74.00789737701416,40.715891260480554],[-74.00767743587494,40.71616774648679],[-74.00780618190765,40.71622466993378],[-74.00802075862885,40.71594818416394]]]}},{"type":"Feature","properties":{"id":"da05673a-237e-481e-bf4f-b965bbedc655","height":16.8,"subtype":null,"class":null},"geometry":{"type":"Polygon","coordinates":[[[-74.01018261909485,40.71748917109913],[-74.01011288166046,40.71748103933557],[-74.01008069515228,40.71761114743332],[-74.01015043258667,40.71761927918098],[-74.01018261909485,40.71748917109913]]]}},{"type":"Feature","properties":{"id":"c1537538-837a-47de-955f-37fd46f33b9d","height":81.4,"subtype":"residential","class":"residential"},"geometry":{"type":"Polygon","coordinates":[[[-74.01491403579712,40.71777784806195],[-74.01465654373169,40.71765993790442],[-74.01452243328094,40.717826638410855],[-74.01494085788727,40.718013667750455],[-74.01497840881348,40.71802179944897],[-74.01501059532166,40.71802586529784],[-74.01504814624786,40.718013667750455],[-74.01512324810028,40.71798114094654],[-74.01529490947723,40.71788762629673],[-74.01543974876404,40.717798177378334],[-74.01558458805084,40.717688398996046],[-74.01527881622314,40.717550159294156],[-74.01521980762482,40.71762334505445],[-74.01521444320679,40.71765993790442],[-74.01522517204285,40.71768433312656],[-74.01506960391998,40.71777784806195],[-74.01499450206757,40.717761584604354],[-74.01495158672333,40.71776565046912],[-74.01491403579712,40.71777784806195]]]}},{"type":"Feature","properties":{"id":"58a23a6e-c54c-4185-913b-34c30465532e","height":74.5,"subtype":null,"class":null},"geometry":{"type":"Polygon","coordinates":[[[-74.00645971298218,40.714521011415236],[-74.00626122951508,40.71443155797336],[-74.00612711906433,40.71460233262172],[-74.00643289089203,40.71474057844478],[-74.00637924671173,40.714805635203376],[-74.00644898414612,40.71483409751527],[-74.00658309459686,40.71466738951539],[-74.00651335716248,40.714638927132235],[-74.00650262832642,40.714651125297934],[-74.00639533996582,40.71459826656374],[-74.00645971298218,40.714521011415236]]]}},{"type":"Feature","properties":{"id":"687b4d11-3898-40c8-a352-f736508e7655","height":25.2,"subtype":null,"class":null},"geometry":{"type":"Polygon","coordinates":[[[-74.00420129299164,40.718635739817],[-74.00408327579498,40.718582884246466],[-74.00392770767212,40.7187821088702],[-74.00404036045074,40.71883903008174],[-74.00420129299164,40.718635739817]]]}},{"type":"Feature","properties":{"id":"c0ef0dca-ffda-4263-a9a6-1ec8885f932b","height":110.2,"subtype":null,"class":null},"geometry":{"type":"Polygon","coordinates":[[[-74.00689959526062,40.71417132909548],[-74.00688886642456,40.71418759343014],[-74.00659918785095,40.71405341255032],[-74.00650799274445,40.71417132909548],[-74.0072375535965,40.7145088132257],[-74.00737702846527,40.714329906189],[-74.00693714618683,40.71412660215465],[-74.00689959526062,40.71417132909548]]]}},{"type":"Feature","properties":{"id":"01c28ad7-9953-4434-88d8-3d6bdd4c700e","height":21.8,"subtype":null,"class":null},"geometry":{"type":"Polygon","coordinates":[[[-74.01008605957031,40.71599697585381],[-74.01000559329987,40.715960382089754],[-74.00987148284912,40.71613115281661],[-74.00995194911957,40.71616774648679],[-74.01008605957031,40.71599697585381]]]}},{"type":"Feature","properties":{"id":"ff70d579-9023-41e9-9790-8abdce57cb8f","height":39.6,"subtype":null,"class":null},"geometry":{"type":"Polygon","coordinates":[[[-74.00742530822754,40.71357767816101],[-74.0073823928833,40.71363053770547],[-74.0070766210556,40.71349228957747],[-74.00697469711304,40.713622405470595],[-74.0075272321701,40.7138745042899],[-74.00761842727661,40.71375252110943],[-74.00758624076843,40.71373625666847],[-74.0076345205307,40.71367526497952],[-74.00742530822754,40.71357767816101]]]}},{"type":"Feature","properties":{"id":"16bd8d53-5bf2-4ce2-bbf2-0c13737bb515","height":20.4,"subtype":null,"class":null},"geometry":{"type":"Polygon","coordinates":[[[-74.00845527648926,40.716972802142024],[-74.00831043720245,40.716903681583986],[-74.00826752185822,40.7169646703154],[-74.00841236114502,40.717029724900655],[-74.00845527648926,40.716972802142024]]]}},{"type":"Feature","properties":{"id":"eb4bf98c-b047-4873-aad0-ea0589a03a06","height":11.9,"subtype":null,"class":null},"geometry":{"type":"Polygon","coordinates":[[[-74.01012897491455,40.723266538037656],[-74.00998413562775,40.72325027592105],[-74.00997340679169,40.723319389889184],[-74.0102630853653,40.72334784856109],[-74.01027381420135,40.72327873462251],[-74.01012897491455,40.723266538037656]]]}},{"type":"Feature","properties":{"id":"81d4a97d-43af-4806-bd2e-ef364626c6d8","height":23.1,"subtype":null,"class":null},"geometry":{"type":"Polygon","coordinates":[[[-74.00887906551361,40.72146141883724],[-74.00849282741547,40.721424828076955],[-74.0084820985794,40.7214939439406],[-74.00886833667755,40.72153053466291],[-74.00887906551361,40.72146141883724]]]}},{"type":"Feature","properties":{"id":"9d039bd5-3b53-4bdd-8be5-4a0d1fc99732","height":22.7,"subtype":null,"class":null},"geometry":{"type":"Polygon","coordinates":[[[-74.00650262832642,40.71531388894151],[-74.00641679763794,40.71527729480199],[-74.00623440742493,40.71551718935035],[-74.00631487369537,40.715553783358004],[-74.00650262832642,40.71531388894151]]]}},{"type":"Feature","properties":{"id":"950aff4e-af42-44c7-96ab-d7619a20abaf","height":29.4,"subtype":null,"class":null},"geometry":{"type":"Polygon","coordinates":[[[-74.00614857673645,40.7189000170401],[-74.00605738162994,40.71885529327611],[-74.00601983070374,40.71890814863034],[-74.00627195835114,40.719026056576986],[-74.00641679763794,40.71884716167942],[-74.00623440742493,40.718765845657956],[-74.00614857673645,40.71887155646648],[-74.00614857673645,40.7189000170401]]]}},{"type":"Feature","properties":{"id":"49919993-33e7-45b9-821a-c7eacfc125a0","height":20.2,"subtype":null,"class":null},"geometry":{"type":"Polygon","coordinates":[[[-74.00773644447327,40.71416726301118],[-74.00754868984222,40.714407161559265],[-74.00761842727661,40.7144396901094],[-74.00781154632568,40.714199791678524],[-74.00773644447327,40.71416726301118]]]}},{"type":"Feature","properties":{"id":"8a9dc369-fdaf-49ce-b05a-87a40e457551","height":20.4,"subtype":null,"class":null},"geometry":{"type":"Polygon","coordinates":[[[-74.00796175003052,40.714264848965556],[-74.00776863098145,40.7145088132257],[-74.00784909725189,40.714545407787604],[-74.00804221630096,40.71430550973765],[-74.00796175003052,40.714264848965556]]]}},{"type":"Feature","properties":{"id":"fa28b0fa-cbb5-4b43-ad54-6d47f640beaa","height":50,"subtype":null,"class":null},"geometry":{"type":"Polygon","coordinates":[[[-74.00754868984222,40.71994085251552],[-74.00735020637512,40.71992052385348],[-74.00726974010468,40.72040027862233],[-74.00765597820282,40.72043686994583],[-74.00769889354706,40.72019699312549],[-74.00762379169464,40.720188861692705],[-74.00762379169464,40.720213255988064],[-74.00750041007996,40.720201058841496],[-74.00754868984222,40.71994085251552]]]}},{"type":"Feature","properties":{"id":"baf62e62-204f-455e-a9eb-2218bb7d93bc","height":22.6,"subtype":null,"class":null},"geometry":{"type":"Polygon","coordinates":[[[-74.00568187236786,40.715769280995126],[-74.00561213493347,40.7157367530946],[-74.00546729564667,40.71591972232834],[-74.00554239749908,40.715952250139466],[-74.00568187236786,40.715769280995126]]]}},{"type":"Feature","properties":{"id":"4ae3260a-c60a-4d25-8311-75523e317d9e","height":77.7,"subtype":null,"class":null},"geometry":{"type":"Polygon","coordinates":[[[-74.00481283664703,40.71826168410777],[-74.00476455688477,40.71832673742559],[-74.00498986244202,40.71842838310738],[-74.00512397289276,40.71826168410777],[-74.00489866733551,40.71816003817144],[-74.00481283664703,40.71826168410777]]]}},{"type":"Feature","properties":{"id":"7307c4e4-1a31-4e10-9db5-890281aa7448","height":250,"subtype":"residential","class":"apartments"},"geometry":{"type":"Polygon","coordinates":[[[-74.00595545768738,40.71768433312656],[-74.00635242462158,40.71786729700766],[-74.00656700134277,40.71759488393502],[-74.00622367858887,40.71744444638726],[-74.00620222091675,40.71746884168839],[-74.00614321231842,40.71744444638726],[-74.00595545768738,40.71768433312656]]]}},{"type":"Feature","properties":{"id":"94ab005a-dbe4-45d0-83e7-905d5edeca2d","height":21.1,"subtype":null,"class":null},"geometry":{"type":"Polygon","coordinates":[[[-74.00983929634094,40.72238024688999],[-74.00982856750488,40.72242903386563],[-74.0101021528244,40.72245749291822],[-74.01011288166046,40.72240870596346],[-74.00983929634094,40.72238024688999]]]}},{"type":"Feature","properties":{"id":"a3438265-ceef-4a61-87ca-1a1a27840c04","height":23.8,"subtype":null,"class":null},"geometry":{"type":"Polygon","coordinates":[[[-74.01011288166046,40.72240870596346],[-74.01013433933258,40.72242090270551],[-74.0102630853653,40.722433099445304],[-74.01028990745544,40.72226641047451],[-74.01013970375061,40.72225014811354],[-74.01011288166046,40.72240870596346]]]}},{"type":"Feature","properties":{"id":"8dcc0da2-bc83-4f3a-823a-d320f6515d69","height":19.8,"subtype":null,"class":null},"geometry":{"type":"Polygon","coordinates":[[[-74.0080314874649,40.71652555020213],[-74.00794565677643,40.716488956728604],[-74.00782227516174,40.71665159423472],[-74.00790274143219,40.716688187618836],[-74.0080314874649,40.71652555020213]]]}},{"type":"Feature","properties":{"id":"b41b82db-3aeb-4096-af93-798de0f07374","height":14.1,"subtype":null,"class":null},"geometry":{"type":"Polygon","coordinates":[[[-74.00791883468628,40.71873738502696],[-74.00784373283386,40.718700792769255],[-74.00767743587494,40.71891221442508],[-74.00775253772736,40.71894880656657],[-74.00791883468628,40.71873738502696]]]}},{"type":"Feature","properties":{"id":"ed2e3dd4-d100-48b9-8c1d-2a0f49007f9a","height":12.2,"subtype":null,"class":null},"geometry":{"type":"Polygon","coordinates":[[[-74.0046626329422,40.718851227477884],[-74.00458753108978,40.718814635282754],[-74.00448560714722,40.71894474077406],[-74.00456070899963,40.718981332897684],[-74.0046626329422,40.718851227477884]]]}},{"type":"Feature","properties":{"id":"af046f7e-a796-4a57-8e38-141bddcc06ba","height":21.3,"subtype":null,"class":null},"geometry":{"type":"Polygon","coordinates":[[[-74.00891661643982,40.71724521776026],[-74.00862157344818,40.71721269058087],[-74.00861084461212,40.717277744923756],[-74.00890052318573,40.71731027207137],[-74.00891661643982,40.71724521776026]]]}},{"type":"Feature","properties":{"id":"23de59ec-3c68-4af4-b395-5020a30571d6","height":8.7,"subtype":null,"class":null},"geometry":{"type":"Polygon","coordinates":[[[-74.00951743125916,40.72086376723374],[-74.00950133800507,40.72086376723374],[-74.00947988033295,40.72099793438734],[-74.00983929634094,40.72103045971719],[-74.009850025177,40.72096134337228],[-74.0095067024231,40.72093288367997],[-74.00951743125916,40.72086376723374]]]}},{"type":"Feature","properties":{"id":"cd20c3e8-34c9-4d8a-92eb-1d60813310a3","height":21,"subtype":null,"class":null},"geometry":{"type":"Polygon","coordinates":[[[-74.0043568611145,40.717912021435424],[-74.004265666008,40.71787136286597],[-74.00409400463104,40.71809091884609],[-74.00409936904907,40.718094984690744],[-74.00408864021301,40.71810718222321],[-74.0041583776474,40.718135643123624],[-74.00424420833588,40.71802586529784],[-74.00426030158997,40.71803399699485],[-74.0043568611145,40.717912021435424]]]}},{"type":"Feature","properties":{"id":"93d3012c-88f7-4610-be8e-bff83a8f58b7","height":14.7,"subtype":null,"class":null},"geometry":{"type":"Polygon","coordinates":[[[-74.00968909263611,40.72322181720743],[-74.00967836380005,40.72329093120511],[-74.00989830493927,40.72331125883784],[-74.00990903377533,40.72324214486127],[-74.00968909263611,40.72322181720743]]]}},{"type":"Feature","properties":{"id":"3e82f0cb-bede-4f86-8217-924d226dd934","height":17.3,"subtype":null,"class":null},"geometry":{"type":"Polygon","coordinates":[[[-74.01029527187347,40.72480735556239],[-74.01026844978333,40.72496590732043],[-74.01033818721771,40.724974038169634],[-74.01036500930786,40.7248114209968],[-74.01029527187347,40.72480735556239]]]}},{"type":"Feature","properties":{"id":"38879833-06f6-4560-8492-78937c96ada7","height":48.5,"subtype":null,"class":null},"geometry":{"type":"Polygon","coordinates":[[[-74.0035629272461,40.716883351994426],[-74.00357902050018,40.716891483831006],[-74.00355756282806,40.71691994525117],[-74.00373458862305,40.71700532943863],[-74.0038526058197,40.716871154237715],[-74.00332152843475,40.716610934895435],[-74.00320887565613,40.716749176547665],[-74.00333762168884,40.716814231343506],[-74.00336444377899,40.71678576987815],[-74.0035629272461,40.716883351994426]]]}},{"type":"Feature","properties":{"id":"f3c283dd-e315-4f4c-825b-4887a1fe3ce0","height":27.9,"subtype":null,"class":null},"geometry":{"type":"Polygon","coordinates":[[[-74.01005387306213,40.7177453211428],[-74.00987148284912,40.71772092594301],[-74.00982320308685,40.717944548273124],[-74.01000559329987,40.71796487753862],[-74.01005387306213,40.7177453211428]]]}},{"type":"Feature","properties":{"id":"07d43a3d-cd9b-4c80-adac-c4b5264e806c","height":22.1,"subtype":null,"class":null},"geometry":{"type":"Polygon","coordinates":[[[-74.01037573814392,40.71681829726613],[-74.01027917861938,40.71694434074446],[-74.0103542804718,40.71698093396768],[-74.01045620441437,40.71685489055862],[-74.01037573814392,40.71681829726613]]]}},{"type":"Feature","properties":{"id":"b3c8041d-2ee4-4cb9-9a68-89fc9454ea56","height":15.9,"subtype":null,"class":null},"geometry":{"type":"Polygon","coordinates":[[[-74.00924384593964,40.720774322314426],[-74.00908291339874,40.7207580595889],[-74.00906682014465,40.72083124182244],[-74.00923311710358,40.72084750453007],[-74.00924384593964,40.720774322314426]]]}},{"type":"Feature","properties":{"id":"6545baf7-6381-4097-9fae-5081dd917298","height":78.1,"subtype":null,"class":null},"geometry":{"type":"Polygon","coordinates":[[[-74.01527881622314,40.71670445133865],[-74.01505887508392,40.71660686896014],[-74.01468873023987,40.71707851579789],[-74.01511251926422,40.717265547239315],[-74.01524662971497,40.71709477942235],[-74.01504278182983,40.71700126352743],[-74.01527881622314,40.71670445133865]]]}},{"type":"Feature","properties":{"id":"ddef2dd6-8dea-4673-bd6c-4d7c828d93a5","height":26.1,"subtype":"civic","class":"government"},"geometry":{"type":"Polygon","coordinates":[[[-74.00432467460632,40.71430550973765],[-74.00479137897491,40.714521011415236],[-74.00493085384369,40.714346170484916],[-74.00446951389313,40.71412660215465],[-74.00432467460632,40.71430550973765]]]}},{"type":"Feature","properties":{"id":"10946435-2416-4f04-9314-87f613ae1d0e","height":49.7,"subtype":null,"class":null},"geometry":{"type":"Polygon","coordinates":[[[-74.01117503643036,40.72235178780438],[-74.01114821434021,40.72249001753485],[-74.01062786579132,40.72244123060393],[-74.01057422161102,40.72277867281106],[-74.01099264621735,40.72282745949465],[-74.01103556156158,40.72262011584247],[-74.01139497756958,40.72265670594567],[-74.01144325733185,40.72238024688999],[-74.01117503643036,40.72235178780438]]]}},{"type":"Feature","properties":{"id":"698c8312-3574-455a-bab7-fff2a93cd1b6","height":29.3,"subtype":null,"class":null},"geometry":{"type":"Polygon","coordinates":[[[-74.00906682014465,40.714004619436054],[-74.00891661643982,40.71393549579632],[-74.00877714157104,40.714110337805096],[-74.00892734527588,40.71418352734685],[-74.00906682014465,40.714004619436054]]]}},{"type":"Feature","properties":{"id":"af1236e8-e47e-4f11-b798-84e59aef6d2b","height":19.7,"subtype":null,"class":null},"geometry":{"type":"Polygon","coordinates":[[[-74.01026844978333,40.71713543846613],[-74.01025772094727,40.71718829518589],[-74.01057422161102,40.71722488827501],[-74.01058495044708,40.71717203158429],[-74.01026844978333,40.71713543846613]]]}},{"type":"Feature","properties":{"id":"20773f09-d827-40a1-9a7c-7b1abbb123ec","height":21.5,"subtype":null,"class":null},"geometry":{"type":"Polygon","coordinates":[[[-74.00673866271973,40.71448441683991],[-74.00666892528534,40.714451888311615],[-74.00651335716248,40.714638927132235],[-74.00658309459686,40.71466738951539],[-74.00673866271973,40.71448441683991]]]}},{"type":"Feature","properties":{"id":"c450b466-105a-4340-8cf5-ce11ff61fd65","height":46.4,"subtype":null,"class":null},"geometry":{"type":"Polygon","coordinates":[[[-74.01611566543579,40.71626532950896],[-74.01607811450958,40.71624499972445],[-74.01594400405884,40.7164239016149],[-74.01605129241943,40.716472692956145],[-74.0160459280014,40.716493022671116],[-74.01603519916534,40.716493022671116],[-74.0160083770752,40.71658653927996],[-74.0160083770752,40.71660280302461],[-74.01601910591125,40.71660686896014],[-74.01597082614899,40.71683049503254],[-74.01619613170624,40.71693214299893],[-74.0162444114685,40.716793901726625],[-74.0162980556488,40.71658653927996],[-74.0163141489029,40.71644829728999],[-74.01631951332092,40.71635478048696],[-74.01611566543579,40.71626532950896]]]}},{"type":"Feature","properties":{"id":"c75ebb4e-f1ba-45e2-a005-b014dcaee652","height":35,"subtype":"residential","class":"apartments"},"geometry":{"type":"Polygon","coordinates":[[[-74.00718927383423,40.71484222960214],[-74.0072751045227,40.7147324463455],[-74.00712490081787,40.71466332346141],[-74.00684058666229,40.71501706922975],[-74.00699615478516,40.715090257774754],[-74.00718927383423,40.71484222960214]]]}},{"type":"Feature","properties":{"id":"787760ef-526f-4885-9112-b894b2973cd8","height":23.8,"subtype":null,"class":null},"geometry":{"type":"Polygon","coordinates":[[[-74.0057623386383,40.71935538456312],[-74.00563895702362,40.7192984637931],[-74.00548338890076,40.71949362051627],[-74.00554776191711,40.71952208082392],[-74.00556921958923,40.71949362051627],[-74.00562822818756,40.719518015066434],[-74.0057623386383,40.71935538456312]]]}},{"type":"Feature","properties":{"id":"485bccfb-1bb1-420c-b933-e3be4e659905","subtype":null,"class":null},"geometry":{"type":"Polygon","coordinates":[[[-74.00941550731659,40.71822509158857],[-74.00947988033295,40.71822915742503],[-74.00947988033295,40.71821695991491],[-74.00942087173462,40.718208828240265],[-74.00941550731659,40.71822509158857]]]}},{"type":"Feature","properties":{"id":"f7b8433c-b8dc-4fff-b4b2-036b6ac7efc4","height":25.1,"subtype":null,"class":null},"geometry":{"type":"Polygon","coordinates":[[[-74.00761306285858,40.71859508168954],[-74.00753796100616,40.718562555169704],[-74.0073823928833,40.71875771405035],[-74.00745749473572,40.718790240474824],[-74.00761306285858,40.71859508168954]]]}},{"type":"Feature","properties":{"id":"2cc3786c-6af5-489f-9e23-b0445aca1e3d","height":24.9,"subtype":null,"class":null},"geometry":{"type":"Polygon","coordinates":[[[-74.00996267795563,40.71813970896555],[-74.00987148284912,40.718131577281454],[-74.00982856750488,40.718359264060645],[-74.00991439819336,40.718367395716925],[-74.00996267795563,40.71813970896555]]]}},{"type":"Feature","properties":{"id":"d0c28fb9-f3f9-4d58-85a8-e984fb1b839e","height":21.4,"subtype":null,"class":null},"geometry":{"type":"Polygon","coordinates":[[[-74.00908291339874,40.7207580595889],[-74.00861620903015,40.72070927138852],[-74.00860011577606,40.72078245367569],[-74.00906682014465,40.72083124182244],[-74.00908291339874,40.7207580595889]]]}},{"type":"Feature","properties":{"id":"352bc08b-89aa-482e-9c5d-bbc62163b3ae","height":36.6,"subtype":null,"class":null},"geometry":{"type":"Polygon","coordinates":[[[-74.0088415145874,40.72260791913695],[-74.00892198085785,40.72261605027421],[-74.00896489620209,40.7223883780551],[-74.00887906551361,40.72238024688999],[-74.0088415145874,40.72260791913695]]]}},{"type":"Feature","properties":{"id":"c8467d5e-92f7-4f26-816d-f385fa30c16f","height":14.6,"subtype":null,"class":null},"geometry":{"type":"Polygon","coordinates":[[[-74.00849282741547,40.71527729480199],[-74.00833189487457,40.71520410646259],[-74.0081924200058,40.71538301115015],[-74.00834798812866,40.71545619929289],[-74.00849282741547,40.71527729480199]]]}},{"type":"Feature","properties":{"id":"6f2cdfb8-260f-4d9f-8073-09fe66a4a506","height":16.3,"subtype":null,"class":null},"geometry":{"type":"Polygon","coordinates":[[[-74.00473237037659,40.71839585650609],[-74.00468945503235,40.71845684387048],[-74.00489330291748,40.71855035772067],[-74.00494158267975,40.718489370441965],[-74.00473237037659,40.71839585650609]]]}},{"type":"Feature","properties":{"id":"1684b05f-575d-4037-a7bf-fb3d968cb5b0","height":9.2,"subtype":null,"class":null},"geometry":{"type":"Polygon","coordinates":[[[-74.00696933269501,40.717826638410855],[-74.00715172290802,40.717907955579605],[-74.00719463825226,40.71785916529027],[-74.00700688362122,40.71777784806195],[-74.00696933269501,40.717826638410855]]]}},{"type":"Feature","properties":{"id":"96102632-01fb-4362-b0b5-3a0cb2cb4451","height":40,"subtype":"residential","class":"apartments"},"geometry":{"type":"Polygon","coordinates":[[[-74.00634169578552,40.72002623282835],[-74.00629878044128,40.720262044552015],[-74.00642216205597,40.72031489878927],[-74.00654554367065,40.720327095914975],[-74.00662064552307,40.71985547209319],[-74.00638461112976,40.719827011928075],[-74.00634169578552,40.72002623282835]]]}},{"type":"Feature","properties":{"id":"10b5fa09-8aca-40d9-a4b5-b441e30ffaff","height":26,"subtype":null,"class":null},"geometry":{"type":"Polygon","coordinates":[[[-74.00546729564667,40.72112396995197],[-74.00544047355652,40.72127439918444],[-74.00544583797455,40.72131099002742],[-74.00551557540894,40.7213150556754],[-74.00549948215485,40.7213475808503],[-74.00550484657288,40.72144109063957],[-74.00546729564667,40.72162810982401],[-74.00569796562195,40.72164843796456],[-74.00579452514648,40.721160560877635],[-74.00546729564667,40.72112396995197]]]}},{"type":"Feature","properties":{"id":"729c98bf-4c3c-4e85-b2e0-733d2cb4d25e","height":15.8,"subtype":null,"class":null},"geometry":{"type":"Polygon","coordinates":[[[-74.00366485118866,40.72011567875291],[-74.00353610515594,40.7200546929083],[-74.00349855422974,40.720099415866486],[-74.00362730026245,40.72016040167012],[-74.00366485118866,40.72011567875291]]]}},{"type":"Feature","properties":{"id":"335fc0af-494c-4c45-b067-68d6e753e0a8","height":33.9,"subtype":null,"class":null},"geometry":{"type":"Polygon","coordinates":[[[-74.00972127914429,40.720428738542324],[-74.00957643985748,40.720412475732395],[-74.0095442533493,40.72061982626161],[-74.0099036693573,40.72065641746442],[-74.00997340679169,40.72024578170134],[-74.0097963809967,40.72022951884669],[-74.0097963809967,40.72024171598804],[-74.00974810123444,40.720233584560724],[-74.00974810123444,40.72022545313242],[-74.00972127914429,40.72022138741789],[-74.00973200798035,40.720148204513855],[-74.00962471961975,40.720136007355364],[-74.0095978975296,40.72030676737087],[-74.00973737239838,40.720318964498084],[-74.00972127914429,40.720428738542324]]]}},{"type":"Feature","properties":{"id":"91c26c3d-cbcd-4a4c-9786-f5c1f6e2a30b","height":23.5,"subtype":null,"class":null},"geometry":{"type":"Polygon","coordinates":[[[-74.00539219379425,40.719481423237816],[-74.00546193122864,40.71951394930868],[-74.00563895702362,40.7192984637931],[-74.00556921958923,40.71926593761694],[-74.00539219379425,40.719481423237816]]]}},{"type":"Feature","properties":{"id":"a695772e-345f-4194-98bd-b25634f6a990","height":23.2,"subtype":null,"class":null},"geometry":{"type":"Polygon","coordinates":[[[-74.00488257408142,40.71768433312656],[-74.00472700595856,40.717615213307276],[-74.00454998016357,40.7178347701322],[-74.00470554828644,40.717907955579605],[-74.00488257408142,40.71768433312656]]]}},{"type":"Feature","properties":{"id":"b762d93d-0a8d-41c2-a125-32f14233b734","height":29.7,"subtype":null,"class":null},"geometry":{"type":"Polygon","coordinates":[[[-74.00417447090149,40.71753796165963],[-74.00419592857361,40.71751356638384],[-74.00380969047546,40.717334667421646],[-74.0037077665329,40.71745257815528],[-74.00422275066376,40.71768433312656],[-74.00429248809814,40.71759488393502],[-74.00417447090149,40.71753796165963]]]}},{"type":"Feature","properties":{"id":"0b4e2005-2a99-4165-8a02-645070fc5c17","height":22.3,"subtype":null,"class":null},"geometry":{"type":"Polygon","coordinates":[[[-74.0050220489502,40.717761584604354],[-74.00494694709778,40.71772499181026],[-74.00478065013885,40.717940482419294],[-74.00485038757324,40.717973009243075],[-74.0050220489502,40.717761584604354]]]}},{"type":"Feature","properties":{"id":"adf2e233-05c9-4e96-812c-55347f7715b4","height":29.5,"subtype":null,"class":null},"geometry":{"type":"Polygon","coordinates":[[[-74.00775790214539,40.71955460687492],[-74.00767207145691,40.719546475363664],[-74.00762915611267,40.71977415730343],[-74.00772035121918,40.71978228878687],[-74.00775790214539,40.71955460687492]]]}},{"type":"Feature","properties":{"id":"906e04a9-11ea-4bfc-b142-795b4a07deff","height":27.1,"subtype":null,"class":null},"geometry":{"type":"Polygon","coordinates":[[[-74.00886833667755,40.72153053466291],[-74.0084820985794,40.7214939439406],[-74.00845527648926,40.72163217545262],[-74.00884687900543,40.72166876609892],[-74.00886833667755,40.72153053466291]]]}},{"type":"Feature","properties":{"id":"ef2d94a1-0a1b-46e1-a984-59bfd4ea9d31","height":110,"subtype":"residential","class":"apartments"},"geometry":{"type":"Polygon","coordinates":[[[-74.01109457015991,40.719172424771976],[-74.01109457015991,40.71918868788489],[-74.01114821434021,40.71919681943985],[-74.0111643075943,40.71912363540942],[-74.0113091468811,40.71913989853424],[-74.01133060455322,40.719050451298514],[-74.01119649410248,40.71903418815183],[-74.01120185852051,40.719017925001175],[-74.01102483272552,40.71899353026774],[-74.0110194683075,40.71901385921289],[-74.01078343391418,40.718981332897684],[-74.01078343391418,40.718965069734125],[-74.01072978973389,40.71895693815083],[-74.01072442531586,40.71899353026774],[-74.01061713695526,40.718981332897684],[-74.0106064081192,40.719021990789216],[-74.01063323020935,40.719026056576986],[-74.01060104370117,40.71917649055057],[-74.01057422161102,40.719172424771976],[-74.01052594184875,40.719404173755834],[-74.0106600522995,40.71942043681212],[-74.01068687438965,40.71931472687522],[-74.01078343391418,40.719326924184195],[-74.01079416275024,40.71928220070701],[-74.01077270507812,40.71928220070701],[-74.01078879833221,40.719200885216964],[-74.01081025600433,40.71920495099381],[-74.0108209848404,40.71916022743469],[-74.01079952716827,40.71916022743469],[-74.01081025600433,40.719095174931404],[-74.01092827320099,40.71911143806319],[-74.01092290878296,40.719148030095155],[-74.01109457015991,40.719172424771976]]]}},{"type":"Feature","properties":{"id":"b8be7e9d-a9e9-47ac-a77b-9b0cd40f0363","height":25.1,"subtype":null,"class":null},"geometry":{"type":"Polygon","coordinates":[[[-74.00843918323517,40.71613115281661],[-74.00838553905487,40.716106757025294],[-74.00816559791565,40.71638730808552],[-74.0082997083664,40.71644829728999],[-74.00851964950562,40.71616774648679],[-74.00843918323517,40.71613115281661]]]}},{"type":"Feature","properties":{"id":"fe2e365c-a913-434a-a048-72da37e0c34e","height":10.1,"subtype":null,"class":null},"geometry":{"type":"Polygon","coordinates":[[[-74.00613248348236,40.71920495099381],[-74.0059769153595,40.71913176697233],[-74.00590717792511,40.719221214098795],[-74.00606274604797,40.719294398021944],[-74.00613248348236,40.71920495099381]]]}},{"type":"Feature","properties":{"id":"60dcba5f-3a95-45c1-82c2-79fdb7ad963e","height":12.7,"subtype":"residential","class":"house"},"geometry":{"type":"Polygon","coordinates":[[[-74.0110033750534,40.71866826630107],[-74.01093363761902,40.718660134681556],[-74.01091754436493,40.71875364824617],[-74.01098728179932,40.71876177985427],[-74.0110033750534,40.71866826630107]]]}},{"type":"Feature","properties":{"id":"011d0d98-3f11-4758-8746-9bd73b85b1ad","height":46.3,"subtype":"commercial","class":"office"},"geometry":{"type":"Polygon","coordinates":[[[-74.00368094444275,40.718233223261265],[-74.00377750396729,40.718123445596376],[-74.0033107995987,40.71791608729101],[-74.00321960449219,40.71802586529784],[-74.00368094444275,40.718233223261265]]]}},{"type":"Feature","properties":{"id":"8d33b58e-0814-4f0c-b9c3-e8354d7c6d25","height":24.1,"subtype":null,"class":null},"geometry":{"type":"Polygon","coordinates":[[[-74.00810122489929,40.71999370700781],[-74.0080851316452,40.72008315297607],[-74.00840163230896,40.72011567875291],[-74.00841772556305,40.72002623282835],[-74.00810122489929,40.71999370700781]]]}},{"type":"Feature","properties":{"id":"287d4e87-4819-446c-a419-232232d9fe2e","height":16.3,"subtype":null,"class":null},"geometry":{"type":"Polygon","coordinates":[[[-74.00726974010468,40.72040027862233],[-74.00731801986694,40.720123810194636],[-74.00692641735077,40.72008721869905],[-74.0068781375885,40.72035962157262],[-74.00726974010468,40.72040027862233]]]}},{"type":"Feature","properties":{"id":"aaa1f526-83a1-4b0f-9658-67fd6a639338","height":20.2,"subtype":null,"class":null},"geometry":{"type":"Polygon","coordinates":[[[-74.00961399078369,40.71578554493942],[-74.00953888893127,40.715753017046836],[-74.00941014289856,40.71591565635083],[-74.00948524475098,40.71594818416394],[-74.00961399078369,40.71578554493942]]]}},{"type":"Feature","properties":{"id":"06fbded0-6693-4dde-86b4-799e708df507","height":24.807174682617188,"subtype":"residential","class":"apartments"},"geometry":{"type":"Polygon","coordinates":[[[-74.01465117931366,40.71566356526029],[-74.01457071304321,40.71576521500843],[-74.01475310325623,40.715874996562064],[-74.014533162117,40.71616774648679],[-74.01473701000214,40.716269395465105],[-74.01510179042816,40.715818072816106],[-74.01468873023987,40.715622905317595],[-74.01465117931366,40.71566356526029]]]}},{"type":"Feature","properties":{"id":"4c25e0e8-6a87-4ebd-b403-efc6fc0b9892","height":32.4,"subtype":null,"class":null},"geometry":{"type":"Polygon","coordinates":[[[-74.00927066802979,40.72010348158847],[-74.00908291339874,40.72008721869905],[-74.00904536247253,40.72030676737087],[-74.00923311710358,40.72032303020666],[-74.00927066802979,40.72010348158847]]]}},{"type":"Feature","properties":{"id":"3d7b362d-af58-4248-8726-74636c9393de","height":24,"subtype":null,"class":null},"geometry":{"type":"Polygon","coordinates":[[[-74.00794565677643,40.716488956728604],[-74.00787055492401,40.71645236323498],[-74.00774717330933,40.716615000830494],[-74.00782227516174,40.71664752830192],[-74.00794565677643,40.716488956728604]]]}},{"type":"Feature","properties":{"id":"e56be0fd-c6ec-46d3-84ce-cdab38bcdfd0","height":22.6,"subtype":null,"class":null},"geometry":{"type":"Polygon","coordinates":[[[-74.00781691074371,40.713772851655015],[-74.0077418088913,40.713740322779074],[-74.00760769844055,40.71391109920046],[-74.00768280029297,40.713943627992954],[-74.00781691074371,40.713772851655015]]]}},{"type":"Feature","properties":{"id":"18dea919-3a9c-493a-b8ac-9890be28b9cc","height":41.2,"subtype":null,"class":null},"geometry":{"type":"Polygon","coordinates":[[[-74.00946378707886,40.717907955579605],[-74.00952279567719,40.71762741092766],[-74.00916874408722,40.71758268630866],[-74.00910973548889,40.71786323114909],[-74.00946378707886,40.717907955579605]]]}},{"type":"Feature","properties":{"id":"5a8989e2-d722-4201-b5e2-dad4af55425c","height":14.4,"subtype":null,"class":null},"geometry":{"type":"Polygon","coordinates":[[[-74.01028454303741,40.72320962061216],[-74.01013970375061,40.723197424014636],[-74.01012897491455,40.723266538037656],[-74.01027381420135,40.72327873462251],[-74.01028454303741,40.72320962061216]]]}},{"type":"Feature","properties":{"id":"96350a1d-813a-4ce4-a067-2c891062120c","subtype":null,"class":null},"geometry":{"type":"Polygon","coordinates":[[[-74.0062826871872,40.71506586160203],[-74.00634706020355,40.71498047492709],[-74.00627195835114,40.71494794664117],[-74.00620758533478,40.71502926732618],[-74.0062826871872,40.71506586160203]]]}},{"type":"Feature","properties":{"id":"f74ec99c-1932-4e50-96ad-a92abf2d6329","height":24.4,"subtype":null,"class":null},"geometry":{"type":"Polygon","coordinates":[[[-74.009490609169,40.718790240474824],[-74.0093994140625,40.7187821088702],[-74.00936186313629,40.719001661846555],[-74.0094530582428,40.71900979342436],[-74.009490609169,40.718790240474824]]]}},{"type":"Feature","properties":{"id":"cd96aac3-3a88-4760-bd98-46826fcd7a98","height":28.3,"subtype":"residential","class":"apartments"},"geometry":{"type":"Polygon","coordinates":[[[-74.0036004781723,40.7175664228034],[-74.00350391864777,40.71768026725681],[-74.00397598743439,40.71789169215379],[-74.00407254695892,40.71778191392572],[-74.0036004781723,40.7175664228034]]]}},{"type":"Feature","properties":{"id":"c6cfe067-f217-4959-84b9-bd044331999c","height":24,"subtype":null,"class":null},"geometry":{"type":"Polygon","coordinates":[[[-74.00618076324463,40.717944548273124],[-74.00609493255615,40.717907955579605],[-74.00593400001526,40.71810718222321],[-74.00601983070374,40.71814784064866],[-74.00618076324463,40.717944548273124]]]}},{"type":"Feature","properties":{"id":"57f6a38e-8305-4796-b82e-2916f7e701b5","height":22.7,"subtype":null,"class":null},"geometry":{"type":"Polygon","coordinates":[[[-74.00821924209595,40.719546475363664],[-74.00824069976807,40.719558672630164],[-74.00823533535004,40.71958713291002],[-74.0084820985794,40.71961152742592],[-74.00849282741547,40.719550541119425],[-74.00821924209595,40.71952614658116],[-74.00821924209595,40.719546475363664]]]}},{"type":"Feature","properties":{"id":"7cb467ba-a7c3-4289-bb73-b2fa4d77149c","height":20.6,"subtype":"residential","class":"residential"},"geometry":{"type":"Polygon","coordinates":[[[-74.00784909725189,40.714545407787604],[-74.00791883468628,40.7145779362702],[-74.0077793598175,40.714756842640405],[-74.00785982608795,40.714793437065985],[-74.0081924200058,40.714374632993234],[-74.00804221630096,40.71430550973765],[-74.00784909725189,40.714545407787604]]]}},{"type":"Feature","properties":{"id":"8803ecbf-f71d-44af-bd65-c1c8b5e45812","height":152.4,"subtype":null,"class":null},"geometry":{"type":"Polygon","coordinates":[[[-74.01517152786255,40.71395582628604],[-74.0151447057724,40.71399648724688],[-74.01517152786255,40.714004619436054],[-74.01516616344452,40.71401275162424],[-74.01539146900177,40.714106271717064],[-74.0153968334198,40.714102205628805],[-74.01542365550995,40.714110337805096],[-74.01540756225586,40.71413880041421],[-74.01542901992798,40.7142119899247],[-74.01545584201813,40.714224188168615],[-74.01542901992798,40.714264848965556],[-74.01571869850159,40.714399029419255],[-74.01572406291962,40.71439089727825],[-74.01580452919006,40.71442749190497],[-74.01579916477203,40.714435624041506],[-74.01616930961609,40.71460233262172],[-74.01665210723877,40.71393142969764],[-74.01609420776367,40.71369559554872],[-74.0152359008789,40.71369559554872],[-74.01510715484619,40.7138745042899],[-74.01516079902649,40.71389483479823],[-74.01517152786255,40.71395582628604]]]}},{"type":"Feature","properties":{"id":"0abc15ef-9d7d-4514-acce-ce4527d6b49d","height":22.1,"subtype":null,"class":null},"geometry":{"type":"Polygon","coordinates":[[[-74.00756478309631,40.71409407345154],[-74.00741457939148,40.71403308209039],[-74.00725364685059,40.71422825424941],[-74.00740921497345,40.71430144366157],[-74.00756478309631,40.71409407345154]]]}},{"type":"Feature","properties":{"id":"8911c382-0808-4901-b31b-3c4dcaf2faf7","height":40.3,"subtype":null,"class":null},"geometry":{"type":"Polygon","coordinates":[[[-74.00947988033295,40.714956078714124],[-74.00931358337402,40.71488289002164],[-74.00916874408722,40.715061795572375],[-74.00933504104614,40.71513905009338],[-74.00947988033295,40.714956078714124]]]}},{"type":"Feature","properties":{"id":"e1ce8ae9-a44b-4daf-b4a8-448369d152fb","height":34.1,"subtype":null,"class":null},"geometry":{"type":"Polygon","coordinates":[[[-74.01001632213593,40.723018540327686],[-74.01000559329987,40.72307139237614],[-74.0103006362915,40.72309985115408],[-74.01033282279968,40.72293316385305],[-74.01003777980804,40.72290470500386],[-74.01001632213593,40.723018540327686]]]}},{"type":"Feature","properties":{"id":"3afb7814-d317-42ce-8f1a-4823958d69f8","height":25.4,"subtype":null,"class":null},"geometry":{"type":"Polygon","coordinates":[[[-74.00945842266083,40.71418759343014],[-74.00937795639038,40.714150998671556],[-74.00921702384949,40.71435836870427],[-74.0092921257019,40.71439496334888],[-74.00945842266083,40.71418759343014]]]}},{"type":"Feature","properties":{"id":"dcaeb878-ea95-483a-9a77-cf8d939df0c7","height":73.3,"subtype":null,"class":null},"geometry":{"type":"Polygon","coordinates":[[[-74.00463044643402,40.72044906704918],[-74.00448024272919,40.720379950100586],[-74.00413691997528,40.72081497911083],[-74.00429785251617,40.72093288367997],[-74.00449097156525,40.72069300864711],[-74.00445878505707,40.720676745901734],[-74.00463044643402,40.72044906704918]]]}},{"type":"Feature","properties":{"id":"55491c37-27e2-41aa-925f-00437f18fdc3","height":26.2,"subtype":null,"class":null},"geometry":{"type":"Polygon","coordinates":[[[-74.00846600532532,40.71818036737113],[-74.00838553905487,40.71814377480724],[-74.00820851325989,40.718367395716925],[-74.00828897953033,40.718403988157895],[-74.00846600532532,40.71818036737113]]]}},{"type":"Feature","properties":{"id":"91816eee-605a-4ef9-8e43-175008448504","height":23.2,"subtype":null,"class":null},"geometry":{"type":"Polygon","coordinates":[[[-74.00788128376007,40.72230706635953],[-74.00760233402252,40.72228267283149],[-74.00757014751434,40.722485951958646],[-74.00798320770264,40.72252660770957],[-74.00801539421082,40.72232332870658],[-74.00788128376007,40.72230706635953]]]}},{"type":"Feature","properties":{"id":"01ed3a8b-1414-40e7-8af4-2f83a4c969e4","height":6.2,"subtype":null,"class":null},"geometry":{"type":"Polygon","coordinates":[[[-74.01666283607483,40.71662313269983],[-74.01661455631256,40.71662313269983],[-74.01658773422241,40.71665159423472],[-74.0165662765503,40.71674511062083],[-74.01658236980438,40.71677357210356],[-74.01660919189453,40.71678576987815],[-74.01664137840271,40.71678170395354],[-74.01666283607483,40.71676950617821],[-74.01670038700104,40.71671258319708],[-74.01669502258301,40.71665159423472],[-74.01666283607483,40.71662313269983]]]}},{"type":"Feature","properties":{"id":"0ddfc84d-84de-4382-b59b-ecf9496d4f01","height":7.5,"subtype":null,"class":null},"geometry":{"type":"Polygon","coordinates":[[[-74.00888442993164,40.715704225178186],[-74.00880932807922,40.715671697245874],[-74.00866985321045,40.71584653469517],[-74.00874495506287,40.71588312852182],[-74.00888442993164,40.715704225178186]]]}},{"type":"Feature","properties":{"id":"2ada3dae-3c52-4665-b0a5-434562209b00","height":5.2,"subtype":null,"class":null},"geometry":{"type":"Polygon","coordinates":[[[-74.00987148284912,40.7208271761449],[-74.00969445705414,40.72081091343231],[-74.00968372821808,40.72088002993342],[-74.00986075401306,40.72089629262915],[-74.00987148284912,40.7208271761449]]]}},{"type":"Feature","properties":{"id":"d0b3b228-c0ee-43ae-8cdb-92e04857f6e3","height":23,"subtype":null,"class":null},"geometry":{"type":"Polygon","coordinates":[[[-74.00459289550781,40.720676745901734],[-74.0045553445816,40.72072959980969],[-74.00484502315521,40.720855635882394],[-74.00488257408142,40.72080278207452],[-74.00459289550781,40.720676745901734]]]}},{"type":"Feature","properties":{"id":"7dbc4346-4cc4-448a-b90f-9c92f9b7edef","height":27.7,"subtype":null,"class":null},"geometry":{"type":"Polygon","coordinates":[[[-74.00831043720245,40.71891628021957],[-74.00816023349762,40.71884716167942],[-74.00793492794037,40.719127701191],[-74.00823533535004,40.7191561616551],[-74.00827288627625,40.719091109147854],[-74.00828897953033,40.719046385512215],[-74.00823533535004,40.719042319725666],[-74.00821387767792,40.71903012236455],[-74.00831043720245,40.71891628021957]]]}},{"type":"Feature","properties":{"id":"aefa8cc0-5907-4df9-9ef0-2e311d28ca58","height":24.1,"subtype":null,"class":null},"geometry":{"type":"Polygon","coordinates":[[[-74.00969982147217,40.72316489974368],[-74.00968909263611,40.72322181720743],[-74.00993585586548,40.72324621039129],[-74.00993585586548,40.723266538037656],[-74.00997340679169,40.7232706035662],[-74.00998950004578,40.723193358481645],[-74.00969982147217,40.72316489974368]]]}},{"type":"Feature","properties":{"id":"954643b3-7011-47d8-b355-1e2c181486b1","height":21.7,"subtype":null,"class":null},"geometry":{"type":"Polygon","coordinates":[[[-74.00684595108032,40.71654994583995],[-74.00700151920319,40.71662313269983],[-74.007328748703,40.71620840609674],[-74.00717318058014,40.71613521878095],[-74.00684595108032,40.71654994583995]]]}},{"type":"Feature","properties":{"id":"bdda6521-ea77-4fba-995c-ac3739a010ea","height":29.5,"subtype":null,"class":null},"geometry":{"type":"Polygon","coordinates":[[[-74.00980710983276,40.72436828718418],[-74.00977492332458,40.724555298143855],[-74.01004314422607,40.724583756287295],[-74.01007533073425,40.72439674540759],[-74.00980710983276,40.72436828718418]]]}},{"type":"Feature","properties":{"id":"4d651a77-d917-40e4-95db-7859dbfeb67b","height":29.1,"subtype":null,"class":null},"geometry":{"type":"Polygon","coordinates":[[[-74.00919020175934,40.71439089727825],[-74.00903463363647,40.71431770796443],[-74.0088951587677,40.71449254896949],[-74.00905072689056,40.714565738091075],[-74.00919020175934,40.71439089727825]]]}},{"type":"Feature","properties":{"id":"368c8326-9ebb-4bb4-875b-1ab7db193cbd","height":23.2,"subtype":null,"class":null},"geometry":{"type":"Polygon","coordinates":[[[-74.00703370571136,40.71548059532255],[-74.0070229768753,40.71548872733049],[-74.00724291801453,40.715590377345556],[-74.00736093521118,40.715435869261306],[-74.00714099407196,40.71533828502335],[-74.00703370571136,40.71548059532255]]]}},{"type":"Feature","properties":{"id":"d29abff4-e36b-4db5-9640-de821c28b224","subtype":"civic","class":null},"geometry":{"type":"Polygon","coordinates":[[[-74.01148617267609,40.716814231343506],[-74.01147544384003,40.71683456095418],[-74.01148617267609,40.71684675871759],[-74.01151835918427,40.71685082463822],[-74.01153445243835,40.716842692796696],[-74.01153981685638,40.71682642911064],[-74.01152908802032,40.716814231343506],[-74.01151299476624,40.716806099497504],[-74.01148617267609,40.716814231343506]]]}},{"type":"Feature","properties":{"id":"bb990048-94f9-4716-b87b-9cb59810a579","height":22.3,"subtype":null,"class":null},"geometry":{"type":"Polygon","coordinates":[[[-74.0077418088913,40.714935748529854],[-74.00766670703888,40.71489915418247],[-74.00737166404724,40.715265096751004],[-74.00745213031769,40.715301690897235],[-74.0077418088913,40.714935748529854]]]}},{"type":"Feature","properties":{"id":"613d6237-dc6c-41ce-acdd-4e12c9ffa298","height":23.3,"subtype":null,"class":null},"geometry":{"type":"Polygon","coordinates":[[[-74.00445878505707,40.72081497911083],[-74.00443732738495,40.72083937317676],[-74.0047538280487,40.72097760604811],[-74.00484502315521,40.720855635882394],[-74.00456070899963,40.72073366549318],[-74.0045177936554,40.72079058503596],[-74.00448560714722,40.720774322314426],[-74.00445878505707,40.72081497911083]]]}},{"type":"Feature","properties":{"id":"9518e482-11d7-4fbd-942b-a01b42363985","height":14.1,"subtype":null,"class":null},"geometry":{"type":"Polygon","coordinates":[[[-74.00623440742493,40.71991239238693],[-74.00621831417084,40.71991239238693],[-74.00620222091675,40.720009969920085],[-74.0062665939331,40.72001810137472],[-74.00630414485931,40.71982294618921],[-74.00623440742493,40.719814814710716],[-74.00622367858887,40.719896129450824],[-74.00623977184296,40.719896129450824],[-74.00623440742493,40.71991239238693]]]}},{"type":"Feature","properties":{"id":"59e1810b-d35e-4e70-9b4d-340aa9c0cc6f","height":11.7,"subtype":null,"class":null},"geometry":{"type":"Polygon","coordinates":[[[-74.01084244251251,40.722986015969305],[-74.01054203510284,40.72295349159505],[-74.01053130626678,40.72301447478375],[-74.01083171367645,40.72304699912822],[-74.01084244251251,40.722986015969305]]]}},{"type":"Feature","properties":{"id":"1418fed1-2dbc-4317-a16a-57cf336e918b","height":8.9,"subtype":null,"class":null},"geometry":{"type":"Polygon","coordinates":[[[-74.0103006362915,40.72309985115408],[-74.01002705097198,40.723075457916586],[-74.01002168655396,40.723132375456835],[-74.01029527187347,40.72315676867346],[-74.0103006362915,40.72309985115408]]]}},{"type":"Feature","properties":{"id":"428e0522-94bf-4365-8b51-c72fcf858c0f","height":28.1,"subtype":null,"class":null},"geometry":{"type":"Polygon","coordinates":[[[-74.0043568611145,40.71870892438382],[-74.00427639484406,40.718672332110465],[-74.00411009788513,40.7188796880602],[-74.00419056415558,40.71891628021957],[-74.0043568611145,40.71870892438382]]]}},{"type":"Feature","properties":{"id":"a02043c1-293f-47fb-9bbc-a5eb9e9b0d5f","height":20.7,"subtype":"residential","class":"residential"},"geometry":{"type":"Polygon","coordinates":[[[-74.00447487831116,40.717456644038926],[-74.00460362434387,40.71722082237721],[-74.00456607341766,40.71720455878354],[-74.00452852249146,40.71725741544845],[-74.00454998016357,40.717265547239315],[-74.0045177936554,40.71730620617879],[-74.00443196296692,40.717265547239315],[-74.00445342063904,40.71723708596691],[-74.00404572486877,40.717050054445515],[-74.00387406349182,40.71726961313438],[-74.0043193101883,40.71747697345342],[-74.00437295436859,40.71741598519134],[-74.00447487831116,40.717456644038926]]]}},{"type":"Feature","properties":{"id":"fecd785a-6f3f-491a-88d1-52ad2687b52b","height":28.517091751098633,"subtype":null,"class":null},"geometry":{"type":"Polygon","coordinates":[[[-74.00487184524536,40.71978228878687],[-74.00448024272919,40.71959119866329],[-74.00412082672119,40.720042495732685],[-74.00488257408142,40.72039621291846],[-74.0050059556961,40.72034742445287],[-74.00500059127808,40.72022951884669],[-74.00501668453217,40.720213255988064],[-74.00500059127808,40.720205124557275],[-74.00500059127808,40.72016853310638],[-74.00501132011414,40.72015227023285],[-74.00500059127808,40.720148204513855],[-74.00499522686005,40.7200302985548],[-74.0050059556961,40.72001810137472],[-74.00499522686005,40.720009969920085],[-74.00498986244202,40.71996931263197],[-74.0050059556961,40.71994898397862],[-74.00498986244202,40.71994085251552],[-74.00498449802399,40.71983920914318],[-74.00487184524536,40.71978228878687]]]}},{"type":"Feature","properties":{"id":"3a43f95c-4374-441a-bb0f-81bfcb1f135f","height":27.5,"subtype":null,"class":null},"geometry":{"type":"Polygon","coordinates":[[[-74.00796711444855,40.71687522015687],[-74.00780618190765,40.71680203357414],[-74.00769352912903,40.71694840665914],[-74.00785446166992,40.71702159308098],[-74.00796711444855,40.71687522015687]]]}},{"type":"Feature","properties":{"id":"ad2535df-5cd7-4217-8974-0effd104b9fc","height":10,"subtype":null,"class":null},"geometry":{"type":"Polygon","coordinates":[[[-74.01258051395416,40.71721675647916],[-74.01259660720825,40.71721675647916],[-74.01260733604431,40.71717609748506],[-74.01254832744598,40.71717203158429],[-74.01254296302795,40.71721269058087],[-74.01258051395416,40.71721675647916]]]}},{"type":"Feature","properties":{"id":"4969b6d2-31b9-4eab-8e99-d3bca564bef1","height":24.5,"subtype":null,"class":null},"geometry":{"type":"Polygon","coordinates":[[[-74.0097427368164,40.71948955475704],[-74.0095603466034,40.71947329171762],[-74.00952816009521,40.7196806451724],[-74.00971055030823,40.71969690816114],[-74.0097427368164,40.71948955475704]]]}},{"type":"Feature","properties":{"id":"50d7dcc7-8ae9-4364-aaa2-b7c0660f2f5f","height":21.8,"subtype":null,"class":null},"geometry":{"type":"Polygon","coordinates":[[[-74.01004314422607,40.71815190648984],[-74.00996267795563,40.71813970896555],[-74.00992512702942,40.71831860576433],[-74.01000559329987,40.71832673742559],[-74.01004314422607,40.71815190648984]]]}},{"type":"Feature","properties":{"id":"751e8c17-98a9-4c25-b8ef-7de4a64be6dc","height":17,"subtype":null,"class":null},"geometry":{"type":"Polygon","coordinates":[[[-74.01037573814392,40.71681829726613],[-74.0103006362915,40.71678576987815],[-74.01020407676697,40.71691181341806],[-74.01027917861938,40.71694434074446],[-74.01037573814392,40.71681829726613]]]}},{"type":"Feature","properties":{"id":"26324bce-4b07-41c7-bb64-e9e2881ee3e5","subtype":"service","class":"service"},"geometry":{"type":"Polygon","coordinates":[[[-74.00931358337402,40.71578961092489],[-74.00931358337402,40.715818072816106],[-74.00934040546417,40.715818072816106],[-74.00934040546417,40.715793676910096],[-74.00931358337402,40.71578961092489]]]}},{"type":"Feature","properties":{"id":"0f151867-298d-48ef-8ed4-59fbb6188850","height":18.2,"subtype":"residential","class":"apartments"},"geometry":{"type":"Polygon","coordinates":[[[-74.00593400001526,40.718164104011876],[-74.00585889816284,40.718131577281454],[-74.00568187236786,40.718355198232146],[-74.00575697422028,40.71839179067982],[-74.00593400001526,40.718164104011876]]]}},{"type":"Feature","properties":{"id":"e5b9cc1e-faa6-48ce-8845-c7d29461d73b","height":25.5,"subtype":null,"class":null},"geometry":{"type":"Polygon","coordinates":[[[-74.00820851325989,40.71959933016908],[-74.00811731815338,40.71959119866329],[-74.00807976722717,40.719818880450084],[-74.00817096233368,40.719827011928075],[-74.00820851325989,40.71959933016908]]]}},{"type":"Feature","properties":{"id":"348bb46e-aa4e-4ea4-8ddc-9628263d3f9b","height":23,"subtype":null,"class":null},"geometry":{"type":"Polygon","coordinates":[[[-74.00443732738495,40.71874551663706],[-74.0043568611145,40.71870892438382],[-74.00422811508179,40.71887155646648],[-74.00430858135223,40.71890814863034],[-74.00443732738495,40.71874551663706]]]}},{"type":"Feature","properties":{"id":"955bb82a-b4ee-49da-8a00-298c4972bddf","height":36.9,"subtype":null,"class":null},"geometry":{"type":"Polygon","coordinates":[[[-74.0086430311203,40.72053444671015],[-74.0090024471283,40.72057103795989],[-74.00908291339874,40.72008721869905],[-74.00872349739075,40.72005062718333],[-74.0086430311203,40.72053444671015]]]}},{"type":"Feature","properties":{"id":"50429fd3-0de8-4edb-86fd-0808d2f09d75","height":22.9,"subtype":null,"class":null},"geometry":{"type":"Polygon","coordinates":[[[-74.00417447090149,40.719066714441226],[-74.00412082672119,40.719042319725666],[-74.00398671627045,40.71920901677042],[-74.00404572486877,40.71923747719977],[-74.00417447090149,40.719066714441226]]]}},{"type":"Feature","properties":{"id":"15227dd8-4b76-40c1-8a87-b7e7131fa198","height":17,"subtype":"residential","class":"residential"},"geometry":{"type":"Polygon","coordinates":[[[-74.01065468788147,40.719465160196435],[-74.0106600522995,40.71942043681212],[-74.01052594184875,40.719404173755834],[-74.01041328907013,40.71992052385348],[-74.01054739952087,40.71993678678361],[-74.01065468788147,40.719465160196435]]]}},{"type":"Feature","properties":{"id":"c3e66556-a5d2-412c-af48-e5b4a2453318","height":16.4,"subtype":null,"class":null},"geometry":{"type":"Polygon","coordinates":[[[-74.0080314874649,40.71652555020213],[-74.0079402923584,40.71663939643553],[-74.00801539421082,40.716671923895035],[-74.00810658931732,40.71656214365553],[-74.0080314874649,40.71652555020213]]]}},{"type":"Feature","properties":{"id":"8022655e-8264-42e3-8129-dcd03a13cdf4","height":8,"subtype":null,"class":null},"geometry":{"type":"Polygon","coordinates":[[[-74.01270389556885,40.71984327488105],[-74.01269316673279,40.719896129450824],[-74.01280581951141,40.719908326653254],[-74.01281654834747,40.71987173503922],[-74.01282727718353,40.71987580077511],[-74.01283800601959,40.719806683231255],[-74.01266098022461,40.71978635452822],[-74.01265025138855,40.719835143405064],[-74.01270389556885,40.71984327488105]]]}},{"type":"Feature","properties":{"id":"64187c9a-b40e-4851-8d5a-6e7a2566288f","height":26.2,"subtype":null,"class":null},"geometry":{"type":"Polygon","coordinates":[[[-74.0097588300705,40.723978001749664],[-74.00976419448853,40.72396173980688],[-74.00956571102142,40.723941412372824],[-74.00955498218536,40.72401052562329],[-74.00977492332458,40.72403491851807],[-74.00978565216064,40.723978001749664],[-74.0097588300705,40.723978001749664]]]}},{"type":"Feature","properties":{"id":"1829e874-d40f-4d9c-b3a0-a07c79619cf2","height":20,"subtype":null,"class":null},"geometry":{"type":"Polygon","coordinates":[[[-74.00823533535004,40.71807465546498],[-74.00815486907959,40.71804212869086],[-74.0079778432846,40.71826574994202],[-74.00805830955505,40.718302342438854],[-74.00823533535004,40.71807465546498]]]}},{"type":"Feature","properties":{"id":"4677456c-5b40-402c-a15f-6353253b1358","height":23,"subtype":null,"class":null},"geometry":{"type":"Polygon","coordinates":[[[-74.01003777980804,40.71552125535219],[-74.00996267795563,40.71548872733049],[-74.0098124742508,40.71567576323827],[-74.00989294052124,40.71571235715877],[-74.01003777980804,40.71552125535219]]]}},{"type":"Feature","properties":{"id":"3dda5ae1-2f52-4acc-8a7e-28f4ca8d52b8","height":23,"subtype":null,"class":null},"geometry":{"type":"Polygon","coordinates":[[[-74.00444269180298,40.718997596057285],[-74.00438368320465,40.718969135525384],[-74.00433540344238,40.719026056576986],[-74.00447487831116,40.719091109147854],[-74.00452315807343,40.71903418815183],[-74.00444269180298,40.718997596057285]]]}},{"type":"Feature","properties":{"id":"4fcd02ae-5310-475b-a0ae-6375b4c9e2d2","height":9.3,"subtype":null,"class":null},"geometry":{"type":"Polygon","coordinates":[[[-74.00840699672699,40.71678576987815],[-74.00835871696472,40.71684675871759],[-74.00851428508759,40.71691994525117],[-74.00855720043182,40.71686302239868],[-74.0085357427597,40.71685082463822],[-74.00854110717773,40.71684675871759],[-74.00840699672699,40.71678576987815]]]}},{"type":"Feature","properties":{"id":"6e4c2635-3ede-4549-a4ea-69d7a165c3c6","height":22.8,"subtype":null,"class":null},"geometry":{"type":"Polygon","coordinates":[[[-74.00536000728607,40.71676544025257],[-74.00520980358124,40.71669631947924],[-74.00503814220428,40.71691587933473],[-74.00518834590912,40.71698499988013],[-74.00536000728607,40.71676544025257]]]}},{"type":"Feature","properties":{"id":"54b88cf4-3024-487e-9161-0084dd50beb6","height":23.1,"subtype":null,"class":null},"geometry":{"type":"Polygon","coordinates":[[[-74.00402963161469,40.719391976461],[-74.00394916534424,40.71935538456312],[-74.00383114814758,40.71950988355069],[-74.00390625,40.719546475363664],[-74.00402963161469,40.719391976461]]]}},{"type":"Feature","properties":{"id":"4e402b5c-9c29-4ced-82f8-9733a994cc59","height":11.3,"subtype":null,"class":null},"geometry":{"type":"Polygon","coordinates":[[[-74.00709807872772,40.717977075094936],[-74.00715172290802,40.717907955579605],[-74.00700151920319,40.71783883599252],[-74.00694787502289,40.717907955579605],[-74.00709807872772,40.717977075094936]]]}},{"type":"Feature","properties":{"id":"be3ddbf9-8dd5-4d1f-b405-b8d632571f17","height":30.4,"subtype":null,"class":null},"geometry":{"type":"Polygon","coordinates":[[[-74.01096045970917,40.7248114209968],[-74.01077270507812,40.7247870283866],[-74.010751247406,40.72490492591973],[-74.01064395904541,40.72489272963289],[-74.01062250137329,40.725006561556526],[-74.01091754436493,40.725039084927516],[-74.01096045970917,40.7248114209968]]]}},{"type":"Feature","properties":{"id":"89b649c5-f22c-4ed8-b1c2-840d9cc36a2f","height":27.6,"subtype":null,"class":null},"geometry":{"type":"Polygon","coordinates":[[[-74.00741457939148,40.71623686780893],[-74.00733411312103,40.716200274176735],[-74.00700151920319,40.71662313269983],[-74.00708198547363,40.71665972609959],[-74.00741457939148,40.71623686780893]]]}},{"type":"Feature","properties":{"id":"c3c776dc-6681-4252-9662-490664d3e53e","height":20.7,"subtype":null,"class":null},"geometry":{"type":"Polygon","coordinates":[[[-74.00982856750488,40.71894880656657],[-74.0098124742508,40.71903418815183],[-74.01017189025879,40.719066714441226],[-74.01018798351288,40.719001661846555],[-74.01000559329987,40.718981332897684],[-74.0100109577179,40.718969135525384],[-74.00998950004578,40.718969135525384],[-74.00998413562775,40.718989464477964],[-74.00994658470154,40.71898539868794],[-74.00995194911957,40.718965069734125],[-74.00982856750488,40.71894880656657]]]}},{"type":"Feature","properties":{"id":"a3b94733-f841-41d0-baa6-ee55776f4993","height":10.8,"subtype":null,"class":null},"geometry":{"type":"Polygon","coordinates":[[[-74.00957643985748,40.718241354932935],[-74.00947988033295,40.71822915742503],[-74.00945842266083,40.718334869085844],[-74.00955498218536,40.718347066574346],[-74.00957643985748,40.718241354932935]]]}},{"type":"Feature","properties":{"id":"51a61628-8b06-46ae-b8c3-fa6283bcdce8","height":23.2,"subtype":null,"class":null},"geometry":{"type":"Polygon","coordinates":[[[-74.01097118854523,40.71487069189838],[-74.01090145111084,40.71483816355883],[-74.01074051856995,40.71504553145126],[-74.01081025600433,40.7150780596895],[-74.01097118854523,40.71487069189838]]]}},{"type":"Feature","properties":{"id":"081691b6-5f05-4c8f-bea7-6889782eadf7","height":79.4,"subtype":null,"class":null},"geometry":{"type":"Polygon","coordinates":[[[-74.01697397232056,40.71406967691378],[-74.01644825935364,40.71474057844478],[-74.01694715023041,40.7149642107861],[-74.01697933673859,40.714923550416295],[-74.0170168876648,40.71493981456721],[-74.01708662509918,40.71484629564522],[-74.01715099811554,40.71473651239527],[-74.01718854904175,40.71461453079412],[-74.01725828647614,40.71424451857018],[-74.01722073554993,40.71422825424941],[-74.01723146438599,40.714179461263306],[-74.01697933673859,40.71406154473255],[-74.01697397232056,40.71406967691378]]]}},{"type":"Feature","properties":{"id":"06ff3ada-b382-46c4-97d4-5abc0dd73a75","height":22.2,"subtype":"commercial","class":"office"},"geometry":{"type":"Polygon","coordinates":[[[-74.00387406349182,40.71800960190084],[-74.00340735912323,40.717798177378334],[-74.0033107995987,40.71791608729101],[-74.00377750396729,40.718123445596376],[-74.00387406349182,40.71800960190084]]]}},{"type":"Feature","properties":{"id":"56a76354-5147-4309-9f11-59ec0bca3fe9","height":22.6,"subtype":null,"class":null},"geometry":{"type":"Polygon","coordinates":[[[-74.00953352451324,40.719066714441226],[-74.00944232940674,40.719058582870375],[-74.00941014289856,40.71927406916248],[-74.00949597358704,40.71928220070701],[-74.00953352451324,40.719066714441226]]]}},{"type":"Feature","properties":{"id":"65080fae-36e4-41d7-bc6f-02da7b8230b1","height":36.4,"subtype":null,"class":null},"geometry":{"type":"Polygon","coordinates":[[[-74.00801002979279,40.72039621291846],[-74.00796175003052,40.72039214721436],[-74.00794565677643,40.7204653298502],[-74.0083372592926,40.72050598683533],[-74.00840163230896,40.72011567875291],[-74.00821387767792,40.720095350144256],[-74.00817632675171,40.72032303020666],[-74.00802075862885,40.72030676737087],[-74.00801002979279,40.72039621291846]]]}},{"type":"Feature","properties":{"id":"4ea2ec92-3949-4e88-97ab-6cf29c16a7d6","height":17.3,"subtype":null,"class":null},"geometry":{"type":"Polygon","coordinates":[[[-74.00841236114502,40.717029724900655],[-74.00826752185822,40.7169646703154],[-74.00821924209595,40.71702159308098],[-74.00836408138275,40.71708664761061],[-74.00841236114502,40.717029724900655]]]}},{"type":"Feature","properties":{"id":"9b46cbb7-1189-4fad-b37a-78b55692a755","height":26.5,"subtype":null,"class":null},"geometry":{"type":"Polygon","coordinates":[[[-74.00623440742493,40.718765845657956],[-74.00610029697418,40.71870485857666],[-74.00601983070374,40.718810569482045],[-74.00614857673645,40.71887155646648],[-74.00623440742493,40.718765845657956]]]}},{"type":"Feature","properties":{"id":"916db54d-9ade-4fca-a75e-62ce092db6f6","height":21.2,"subtype":null,"class":null},"geometry":{"type":"Polygon","coordinates":[[[-74.0103006362915,40.71678576987815],[-74.01022553443909,40.716749176547665],[-74.01012361049652,40.71687522015687],[-74.01020407676697,40.71691181341806],[-74.0103006362915,40.71678576987815]]]}},{"type":"Feature","properties":{"id":"223e973d-d33f-48f6-8aaf-a3499b5564ae","height":36,"subtype":"residential","class":"apartments"},"geometry":{"type":"Polygon","coordinates":[[[-74.00824069976807,40.71584653469517],[-74.00793492794037,40.715708291168596],[-74.0078330039978,40.71583840273097],[-74.0081387758255,40.71597664598739],[-74.00824069976807,40.71584653469517]]]}},{"type":"Feature","properties":{"id":"ddec1d08-eda0-4b41-85ec-5e068df1a9bc","height":71.5,"subtype":null,"class":null},"geometry":{"type":"Polygon","coordinates":[[[-74.00617003440857,40.715098389830345],[-74.00615930557251,40.71506992763143],[-74.00582134723663,40.71495201267777],[-74.00559067726135,40.715232568604144],[-74.00600373744965,40.71541147321523],[-74.00622367858887,40.715126852017086],[-74.00617003440857,40.715098389830345]]]}},{"type":"Feature","properties":{"id":"ae3dd58d-8566-4026-830a-f63096d21529","height":46,"subtype":null,"class":null},"geometry":{"type":"Polygon","coordinates":[[[-74.01465654373169,40.717460709922314],[-74.01476919651031,40.71751356638384],[-74.01488184928894,40.71736719454144],[-74.01457607746124,40.71722488827501],[-74.01421129703522,40.71768433312656],[-74.01452243328094,40.717826638410855],[-74.0146404504776,40.71767620138684],[-74.01452779769897,40.71762334505445],[-74.01465654373169,40.717460709922314]]]}},{"type":"Feature","properties":{"id":"80843fed-6c37-460c-a99d-01732983df47","height":23.7,"subtype":null,"class":null},"geometry":{"type":"Polygon","coordinates":[[[-74.01044011116028,40.724819551864876],[-74.01036500930786,40.7248114209968],[-74.01033818721771,40.724974038169634],[-74.01062250137329,40.725006561556526],[-74.01065468788147,40.72484394446316],[-74.01058495044708,40.724835813598055],[-74.01057958602905,40.72485207532725],[-74.01044011116028,40.724835813598055],[-74.01044011116028,40.724819551864876]]]}},{"type":"Feature","properties":{"id":"726175c8-d100-4d84-b17d-37fd31980fe2","height":27.5,"subtype":null,"class":null},"geometry":{"type":"Polygon","coordinates":[[[-74.00386869907379,40.71883089848306],[-74.00375068187714,40.718778043067495],[-74.0035629272461,40.71901385921289],[-74.0035629272461,40.719017925001175],[-74.00368094444275,40.719070780226275],[-74.00386869907379,40.71883089848306]]]}},{"type":"Feature","properties":{"id":"7aed6c6a-3160-4427-8721-46eac5d4f9a7","height":35.1,"subtype":null,"class":null},"geometry":{"type":"Polygon","coordinates":[[[-74.01083171367645,40.71524070064236],[-74.01065468788147,40.71515938021559],[-74.01057958602905,40.7152528986978],[-74.01072442531586,40.71532202096977],[-74.01077270507812,40.71526103073351],[-74.01081025600433,40.71527729480199],[-74.0107673406601,40.71533828502335],[-74.01093363761902,40.71541147321523],[-74.01093900203705,40.715407407206676],[-74.0109658241272,40.71542773724695],[-74.01099264621735,40.71543180325425],[-74.01103019714355,40.715423671239385],[-74.01104629039764,40.71539520917954],[-74.01103556156158,40.71536268109625],[-74.01112675666809,40.71502113526214],[-74.01115357875824,40.7149926730302],[-74.01115357875824,40.7149642107861],[-74.01113212108612,40.71494388060431],[-74.01108384132385,40.714935748529854],[-74.0109658241272,40.71488289002164],[-74.01086926460266,40.7150048711311],[-74.01093900203705,40.715033333357816],[-74.01088535785675,40.715224436564945],[-74.01084780693054,40.715224436564945],[-74.01083171367645,40.71524070064236]]]}},{"type":"Feature","properties":{"id":"8fb2a91d-4e32-4673-a5bd-a5be8c5b693e","subtype":null,"class":null},"geometry":{"type":"Polygon","coordinates":[[[-74.01186168193817,40.71798114094654],[-74.0122264623642,40.71777784806195],[-74.0121191740036,40.71765993790442],[-74.01170074939728,40.71789575801061],[-74.01188313961029,40.71808685300118],[-74.01189923286438,40.71802586529784],[-74.01186168193817,40.71798114094654]]]}},{"type":"Feature","properties":{"id":"41afd27a-00ba-4c3b-992d-f7f6326f14fe","height":30.4,"subtype":null,"class":null},"geometry":{"type":"Polygon","coordinates":[[[-74.00695860385895,40.71525696471578],[-74.00680840015411,40.71518784237626],[-74.00647044181824,40.715622905317595],[-74.0066260099411,40.715692027205414],[-74.00695860385895,40.71525696471578]]]}},{"type":"Feature","properties":{"id":"b4caa04f-4aa0-48da-a08f-6c6c518da9ed","height":25.9,"subtype":null,"class":null},"geometry":{"type":"Polygon","coordinates":[[[-74.00838017463684,40.71611082299113],[-74.00827825069427,40.71606203138469],[-74.00806367397308,40.71634258263341],[-74.00816559791565,40.71638730808552],[-74.00838017463684,40.71611082299113]]]}},{"type":"Feature","properties":{"id":"b49d580e-3e84-4b8f-af8a-9fa28c2f75ae","height":49.4,"subtype":null,"class":null},"geometry":{"type":"Polygon","coordinates":[[[-74.0107673406601,40.72164030670909],[-74.01071906089783,40.72194929371898],[-74.01153445243835,40.72202654024734],[-74.01158273220062,40.72171755359604],[-74.0107673406601,40.72164030670909]]]}},{"type":"Feature","properties":{"id":"f55dcdc1-6bce-4506-9ef1-6aeebef0ed24","height":15.4,"subtype":null,"class":null},"geometry":{"type":"Polygon","coordinates":[[[-74.00861084461212,40.7172736790292],[-74.0085518360138,40.717265547239315],[-74.00851428508759,40.71731433796369],[-74.00887370109558,40.71747697345342],[-74.00890052318573,40.71731027207137],[-74.00861084461212,40.717277744923756],[-74.00861084461212,40.7172736790292]]]}},{"type":"Feature","properties":{"id":"b3589acb-463d-4831-ab3b-8173a1b4e0c6","height":7.2,"subtype":null,"class":null},"geometry":{"type":"Polygon","coordinates":[[[-74.0140289068222,40.72018479597592],[-74.01394307613373,40.7201807302589],[-74.01393234729767,40.72022951884669],[-74.01417374610901,40.720262044552015],[-74.01417911052704,40.72024578170134],[-74.0142273902893,40.720249847414394],[-74.01423811912537,40.720205124557275],[-74.01403427124023,40.720148204513855],[-74.0140289068222,40.72018479597592]]]}},{"type":"Feature","properties":{"id":"7018d614-fa3a-463d-9e87-4431b752cad0","height":23.9,"subtype":null,"class":null},"geometry":{"type":"Polygon","coordinates":[[[-74.00387406349182,40.718489370441965],[-74.00372922420502,40.71842431728309],[-74.00352537631989,40.71868452953714],[-74.0036004781723,40.71871705599738],[-74.00361657142639,40.718700792769255],[-74.00368094444275,40.71872925341589],[-74.00387406349182,40.718489370441965]]]}},{"type":"Feature","properties":{"id":"692858d5-1efa-4f70-9a31-0b22a2e997cc","height":26,"subtype":null,"class":null},"geometry":{"type":"Polygon","coordinates":[[[-74.00836408138275,40.71845684387048],[-74.0082836151123,40.71841618563378],[-74.00809586048126,40.7186560688714],[-74.00825142860413,40.71872518760998],[-74.00832653045654,40.71862760819348],[-74.00837481021881,40.71853816026941],[-74.00831580162048,40.71851376536016],[-74.00836408138275,40.71845684387048]]]}},{"type":"Feature","properties":{"id":"34ddb664-e285-4562-8f25-2dce51327dcf","height":25.9,"subtype":null,"class":null},"geometry":{"type":"Polygon","coordinates":[[[-74.00629878044128,40.719469225957155],[-74.00643289089203,40.719530212338164],[-74.00641143321991,40.71965218493254],[-74.00650262832642,40.71966031643088],[-74.00652945041656,40.71949768627525],[-74.00634169578552,40.71941230528447],[-74.00629878044128,40.719469225957155]]]}},{"type":"Feature","properties":{"id":"f4a75293-c540-4a7e-b4a0-e4711721532f","height":22.5,"subtype":null,"class":null},"geometry":{"type":"Polygon","coordinates":[[[-74.00439441204071,40.71918868788489],[-74.00425493717194,40.71912363540942],[-74.0042120218277,40.71917649055057],[-74.0043568611145,40.71924154297441],[-74.00439441204071,40.71918868788489]]]}},{"type":"Feature","properties":{"id":"3ef00830-4ec9-4fa2-a942-030e005b7acc","height":24.4,"subtype":null,"class":null},"geometry":{"type":"Polygon","coordinates":[[[-74.00625586509705,40.71798114094654],[-74.00618076324463,40.717944548273124],[-74.00601983070374,40.71814784064866],[-74.00610029697418,40.718184433210325],[-74.00625586509705,40.71798114094654]]]}},{"type":"Feature","properties":{"id":"878b76f0-0fd3-4705-bb6b-82cef9ff0dd9","height":57.7,"subtype":null,"class":null},"geometry":{"type":"Polygon","coordinates":[[[-74.00383114814758,40.716289725242156],[-74.00389552116394,40.716322252872494],[-74.00402963161469,40.71616368052443],[-74.00311768054962,40.71573268710591],[-74.0029513835907,40.715923788305595],[-74.0037614107132,40.716375110237934],[-74.00383114814758,40.716289725242156]]]}},{"type":"Feature","properties":{"id":"ff45975a-6df9-4767-846d-54ac57a503c4","height":25.5,"subtype":null,"class":null},"geometry":{"type":"Polygon","coordinates":[[[-74.00523662567139,40.71750950050368],[-74.00508105754852,40.71744038050288],[-74.00490403175354,40.71766806964612],[-74.0050595998764,40.71773718941052],[-74.00523662567139,40.71750950050368]]]}},{"type":"Feature","properties":{"id":"32482f91-857d-4d0e-9f05-08e81b0793e3","height":20.2,"subtype":null,"class":null},"geometry":{"type":"Polygon","coordinates":[[[-74.00993049144745,40.71685489055862],[-74.009850025177,40.716822363188506],[-74.00965690612793,40.717066318076924],[-74.00973737239838,40.7171029112331],[-74.00993049144745,40.71685489055862]]]}},{"type":"Feature","properties":{"id":"a2b0595e-82a1-4fac-81db-b65ebd9d2841","height":36.2,"subtype":null,"class":null},"geometry":{"type":"Polygon","coordinates":[[[-74.009308218956,40.721794800393326],[-74.00924921035767,40.721786669155726],[-74.00921702384949,40.72199808101048],[-74.00968909263611,40.72204686826621],[-74.00977492332458,40.72153053466291],[-74.00930285453796,40.72148581266625],[-74.00926530361176,40.72169315985195],[-74.00932431221008,40.72169722547658],[-74.009308218956,40.721794800393326]]]}},{"type":"Feature","properties":{"id":"7a1ff494-624c-4373-96fe-9e1a17819af7","height":5,"subtype":null,"class":null},"geometry":{"type":"Polygon","coordinates":[[[-74.00372922420502,40.72003436428103],[-74.0036004781723,40.71997744409158],[-74.00353610515594,40.7200546929083],[-74.00366485118866,40.72011567875291],[-74.00372922420502,40.72003436428103]]]}},{"type":"Feature","properties":{"id":"164e8f90-dcc6-4460-b72a-0718b449b9ea","height":19,"subtype":null,"class":null},"geometry":{"type":"Polygon","coordinates":[[[-74.00972664356232,40.723677155165184],[-74.00961935520172,40.723669024157545],[-74.00960326194763,40.72373813769084],[-74.00987148284912,40.72376659618369],[-74.00988757610321,40.72369341717748],[-74.00972664356232,40.723677155165184]]]}},{"type":"Feature","properties":{"id":"602e60bc-8e9a-4534-ab7c-43bdc346be05","height":17.6,"subtype":null,"class":null},"geometry":{"type":"Polygon","coordinates":[[[-74.00489330291748,40.71855035772067],[-74.00470018386841,40.71846090969277],[-74.00465190410614,40.71852596281588],[-74.00484502315521,40.718611344943504],[-74.00489330291748,40.71855035772067]]]}},{"type":"Feature","properties":{"id":"7eaf100a-7d2f-43fc-bd88-294dd9624f82","height":9.1,"subtype":null,"class":null},"geometry":{"type":"Polygon","coordinates":[[[-74.01081025600433,40.72316896527842],[-74.01050984859467,40.72313644099355],[-74.01047766208649,40.72331125883784],[-74.01077806949615,40.72334378303727],[-74.01081025600433,40.72316896527842]]]}},{"type":"Feature","properties":{"id":"03a4189b-a003-41cc-b477-aeeede722a35","height":9.5,"subtype":null,"class":null},"geometry":{"type":"Polygon","coordinates":[[[-74.00801539421082,40.716671923895035],[-74.0079778432846,40.716655660167284],[-74.0079402923584,40.71670445133865],[-74.00805830955505,40.716757308400624],[-74.00809049606323,40.716716649125914],[-74.00801002979279,40.71668005575744],[-74.00801539421082,40.716671923895035]]]}},{"type":"Feature","properties":{"id":"c097bc76-00bd-483b-b9bc-998495dae679","height":26.2,"subtype":null,"class":null},"geometry":{"type":"Polygon","coordinates":[[[-74.00606274604797,40.7214126311524],[-74.00606274604797,40.721400434225586],[-74.00583744049072,40.72137604036527],[-74.00578916072845,40.72165250359194],[-74.00628805160522,40.72169722547658],[-74.00633633136749,40.72142889371798],[-74.00619685649872,40.7214126311524],[-74.00618612766266,40.72148581266625],[-74.00610029697418,40.721477681390915],[-74.00610566139221,40.721437024999275],[-74.00605201721191,40.72143295935876],[-74.00605738162994,40.7214126311524],[-74.00606274604797,40.7214126311524]]]}},{"type":"Feature","properties":{"id":"44638283-64be-4083-893d-7f702d03c0a0","height":22.4,"subtype":null,"class":null},"geometry":{"type":"Polygon","coordinates":[[[-74.00427639484406,40.718672332110465],[-74.00420129299164,40.718635739817],[-74.00403499603271,40.71884716167942],[-74.00411009788513,40.7188796880602],[-74.00427639484406,40.718672332110465]]]}},{"type":"Feature","properties":{"id":"22e8eceb-23e7-4218-b370-211a75cd44f9","height":27.4,"subtype":null,"class":null},"geometry":{"type":"Polygon","coordinates":[[[-74.00924921035767,40.714443756177054],[-74.00917410850525,40.714407161559265],[-74.00905072689056,40.714565738091075],[-74.0092009305954,40.714634861076505],[-74.00935649871826,40.714443756177054],[-74.00927603244781,40.714407161559265],[-74.00924921035767,40.714443756177054]]]}},{"type":"Feature","properties":{"id":"9b062c44-e0de-4961-acfa-0afbb039f224","height":4.3,"subtype":"commercial","class":"retail"},"geometry":{"type":"Polygon","coordinates":[[[-74.00721609592438,40.71870892438382],[-74.00723218917847,40.71868859534554],[-74.00717318058014,40.71866420049143],[-74.00715708732605,40.718765845657956],[-74.00722146034241,40.71879430627676],[-74.00729656219482,40.718749582441724],[-74.00721609592438,40.71870892438382]]]}},{"type":"Feature","properties":{"id":"28ca8008-42a1-45c2-8750-4d16edc5e03b","height":22.2,"subtype":null,"class":null},"geometry":{"type":"Polygon","coordinates":[[[-74.00895416736603,40.71508212571817],[-74.00887906551361,40.71504959748191],[-74.00876104831696,40.71520004044138],[-74.00883615016937,40.715232568604144],[-74.00895416736603,40.71508212571817]]]}},{"type":"Feature","properties":{"id":"97305f3c-1ff7-458e-b78f-6db3b273873e","height":10.3,"subtype":null,"class":null},"geometry":{"type":"Polygon","coordinates":[[[-74.00976955890656,40.714329906189],[-74.00968909263611,40.714293311508634],[-74.0095442533493,40.71447628470931],[-74.00955498218536,40.71448441683991],[-74.00955498218536,40.71450068109808],[-74.0095603466034,40.7145088132257],[-74.00958180427551,40.714512879289124],[-74.0095978975296,40.714504747162],[-74.00962471961975,40.714512879289124],[-74.00976955890656,40.714329906189]]]}},{"type":"Feature","properties":{"id":"66155bb1-e28d-479e-b9b3-5388f5c6446f","height":36.3,"subtype":"residential","class":"apartments"},"geometry":{"type":"Polygon","coordinates":[[[-74.00840699672699,40.715509057345905],[-74.00817632675171,40.71540334119788],[-74.008047580719,40.71556191535697],[-74.00827825069427,40.71566763125321],[-74.00840699672699,40.715509057345905]]]}},{"type":"Feature","properties":{"id":"4f61b36e-f98f-43b2-a412-89671ddf51eb","height":29.8,"subtype":null,"class":null},"geometry":{"type":"Polygon","coordinates":[[[-74.01001632213593,40.71827388160971],[-74.01011288166046,40.7182860791094],[-74.01009678840637,40.71836332988892],[-74.01028990745544,40.718387724853294],[-74.01033282279968,40.718184433210325],[-74.01004314422607,40.71815190648984],[-74.01001632213593,40.71827388160971]]]}},{"type":"Feature","properties":{"id":"080a2899-cf6c-4fee-a761-32f8f0bcf369","height":24.4,"subtype":null,"class":null},"geometry":{"type":"Polygon","coordinates":[[[-74.00916874408722,40.71481376729375],[-74.0090936422348,40.71478123892635],[-74.00890588760376,40.71501300319712],[-74.0089863538742,40.71504553145126],[-74.00916874408722,40.71481376729375]]]}},{"type":"Feature","properties":{"id":"a0220412-c418-416f-808b-f2b410e07bd2","height":20.5,"subtype":null,"class":null},"geometry":{"type":"Polygon","coordinates":[[[-74.0099036693573,40.71839585650609],[-74.0098124742508,40.71838365902651],[-74.0097588300705,40.71864793725038],[-74.00983393192291,40.7186560688714],[-74.00987684726715,40.718452778047926],[-74.00989294052124,40.71845684387048],[-74.0099036693573,40.71839585650609]]]}},{"type":"Feature","properties":{"id":"cf591f7b-f858-450c-93cd-4faa3c62c567","height":22.8,"subtype":null,"class":null},"geometry":{"type":"Polygon","coordinates":[[[-74.00980174541473,40.724286977907404],[-74.00979101657867,40.72436828718418],[-74.00990903377533,40.724380483567145],[-74.00990903377533,40.724372352645425],[-74.01000559329987,40.724380483567145],[-74.01002705097198,40.72423412682421],[-74.00981783866882,40.72421379947334],[-74.00980174541473,40.724286977907404]]]}},{"type":"Feature","properties":{"id":"6a9b71b0-5370-41ee-8563-606c20bd48b9","height":26.2,"subtype":null,"class":null},"geometry":{"type":"Polygon","coordinates":[[[-74.00620758533478,40.71515938021559],[-74.00635778903961,40.715228502584665],[-74.00649189949036,40.71504959748191],[-74.00634706020355,40.71498047492709],[-74.00620758533478,40.71515938021559]]]}},{"type":"Feature","properties":{"id":"bce698b3-722e-474e-9fd9-476964645d1a","height":19.3,"subtype":null,"class":null},"geometry":{"type":"Polygon","coordinates":[[[-74.00784373283386,40.714545407787604],[-74.00776863098145,40.7145088132257],[-74.00762915611267,40.71468771978162],[-74.00770425796509,40.71472024819469],[-74.00784373283386,40.714545407787604]]]}},{"type":"Feature","properties":{"id":"b4da1496-c4e2-46ea-b67b-258cf1286a88","height":18,"subtype":null,"class":null},"geometry":{"type":"Polygon","coordinates":[[[-74.01468873023987,40.7139273635987],[-74.01468336582184,40.71393142969764],[-74.01497304439545,40.71405341255032],[-74.01499450206757,40.714024949904676],[-74.01503205299377,40.7140412142751],[-74.01512324810028,40.71402088381146],[-74.01517152786255,40.71395582628604],[-74.01516079902649,40.71389483479823],[-74.01510715484619,40.7138745042899],[-74.01543974876404,40.71341096701516],[-74.01515007019043,40.713288982985425],[-74.01516616344452,40.71326865229207],[-74.01502668857574,40.71320766017478],[-74.01504278182983,40.71318326331221],[-74.01475846767426,40.71308567577257],[-74.01466727256775,40.71312633726479],[-74.01459753513336,40.71329711526103],[-74.01450634002686,40.71329304912335],[-74.01450097560883,40.71330524753563],[-74.0144795179367,40.71330118139846],[-74.01447415351868,40.71331744594569],[-74.01445806026459,40.713313379809236],[-74.01445269584656,40.713325578217805],[-74.01443123817444,40.713321512081876],[-74.01437222957611,40.71348415732571],[-74.0143883228302,40.713488223451705],[-74.01438295841217,40.713504487953266],[-74.01440441608429,40.713508554078025],[-74.01439905166626,40.71352075245081],[-74.01440978050232,40.713524818574584],[-74.01431858539581,40.71376065332841],[-74.01460289955139,40.71389076869706],[-74.01468873023987,40.7139273635987]]]}},{"type":"Feature","properties":{"id":"657cb2ed-2220-4a16-9b63-f442b938c0a9","height":22.5,"subtype":null,"class":null},"geometry":{"type":"Polygon","coordinates":[[[-74.00665283203125,40.71734686509345],[-74.00649189949036,40.7172736790292],[-74.00632560253143,40.71748917109913],[-74.00648653507233,40.717562356926464],[-74.00665283203125,40.71734686509345]]]}},{"type":"Feature","properties":{"id":"26235ebc-b084-4fc3-88c4-95a73586b593","height":39.3,"subtype":"service","class":"service"},"geometry":{"type":"Polygon","coordinates":[[[-74.01506960391998,40.72640911749427],[-74.014892578125,40.726388790807725],[-74.01483356952667,40.726681494495224],[-74.01501595973969,40.726701821092384],[-74.01506960391998,40.72640911749427]]]}},{"type":"Feature","properties":{"id":"eaded7f4-2443-4233-9ade-f5cb84809180","height":34.3,"subtype":null,"class":null},"geometry":{"type":"Polygon","coordinates":[[[-74.0086966753006,40.72277460725249],[-74.00826215744019,40.722733951653055],[-74.008229970932,40.72291283610487],[-74.00866448879242,40.72295349159505],[-74.0086966753006,40.72277460725249]]]}},{"type":"Feature","properties":{"id":"4c33e43a-8089-48e5-8a1a-318cfd04b942","subtype":null,"class":null},"geometry":{"type":"Polygon","coordinates":[[[-74.01216745376587,40.717708728339744],[-74.0122264623642,40.71777784806195],[-74.01234984397888,40.71770059660302],[-74.01236057281494,40.7176558720332],[-74.01245176792145,40.71766806964612],[-74.01254296302795,40.71728994260599],[-74.01184558868408,40.71720862468233],[-74.01183485984802,40.71729400849956],[-74.01223182678223,40.7176721355166],[-74.01216745376587,40.717708728339744]]]}},{"type":"Feature","properties":{"id":"d8ee459e-9db4-496b-9257-a8cf38096ea5","height":18.8,"subtype":null,"class":null},"geometry":{"type":"Polygon","coordinates":[[[-74.00639533996582,40.71935131879545],[-74.00634169578552,40.71941230528447],[-74.0064811706543,40.71947735747785],[-74.00648653507233,40.719469225957155],[-74.00654554367065,40.71949768627525],[-74.00658845901489,40.719444831389104],[-74.00639533996582,40.71935131879545]]]}},{"type":"Feature","properties":{"id":"8b20a0d7-9ccd-475a-8fa9-c979e679488f","height":61.4,"subtype":null,"class":null},"geometry":{"type":"Polygon","coordinates":[[[-74.00883078575134,40.72106298503114],[-74.00885760784149,40.72089222695559],[-74.00858402252197,40.72086376723374],[-74.00851964950562,40.72125407092964],[-74.0087878704071,40.721278464834654],[-74.00882005691528,40.72111177297228],[-74.0088039636612,40.72111177297228],[-74.00881469249725,40.72105891936777],[-74.00883078575134,40.72106298503114]]]}},{"type":"Feature","properties":{"id":"fabeb61a-edcc-4213-aec2-6771c3313001","height":24.8,"subtype":"commercial","class":"commercial"},"geometry":{"type":"Polygon","coordinates":[[[-74.00774717330933,40.715423671239385],[-74.00789737701416,40.715492793334064],[-74.00818169116974,40.71513091804276],[-74.0080314874649,40.715061795572375],[-74.00774717330933,40.715423671239385]]]}},{"type":"Feature","properties":{"id":"731e78b9-3ebb-471e-b754-0e4dfefc4805","height":28.714672088623047,"subtype":null,"class":null},"geometry":{"type":"Polygon","coordinates":[[[-74.00844991207123,40.71798114094654],[-74.00864839553833,40.71806652377294],[-74.00879323482513,40.71788356043941],[-74.00872349739075,40.71785103357191],[-74.00882005691528,40.717733123544015],[-74.00876104831696,40.717708728339744],[-74.00884687900543,40.7175908180598],[-74.00806367397308,40.71723302006986],[-74.0077257156372,40.7176558720332],[-74.00844991207123,40.71798114094654]]]}},{"type":"Feature","properties":{"id":"b02bef63-48ea-4852-8433-1f4b454c6c19","height":4.8,"subtype":null,"class":null},"geometry":{"type":"Polygon","coordinates":[[[-74.00459289550781,40.720904423975504],[-74.00452315807343,40.72087596425887],[-74.00439441204071,40.72100200005444],[-74.00445878505707,40.7210426567118],[-74.00453388690948,40.72097760604811],[-74.00459289550781,40.720904423975504]]]}},{"type":"Feature","properties":{"id":"7d567f5b-69f6-4e2f-b90b-4710068fc53b","height":41.6,"subtype":null,"class":null},"geometry":{"type":"Polygon","coordinates":[[[-74.00937795639038,40.71572048913836],[-74.00935649871826,40.71591565635083],[-74.00939404964447,40.715931920259365],[-74.00953888893127,40.715753017046836],[-74.00942087173462,40.715704225178186],[-74.00937795639038,40.71572048913836]]]}},{"type":"Feature","properties":{"id":"55d0699e-122f-4895-b5cc-3da2b21cd454","height":40.9,"subtype":null,"class":null},"geometry":{"type":"Polygon","coordinates":[[[-74.00564968585968,40.72060762918952],[-74.00569796562195,40.72061169488046],[-74.0056711435318,40.72071333707325],[-74.00566577911377,40.72079058503596],[-74.00584280490875,40.72081497911083],[-74.00591254234314,40.72044906704918],[-74.00562822818756,40.72042060713786],[-74.00557458400726,40.720428738542324],[-74.00543510913849,40.72058730073111],[-74.00560677051544,40.720664548840084],[-74.00564968585968,40.72060762918952]]]}},{"type":"Feature","properties":{"id":"75800721-c707-4c7b-b46d-1818f83f4f60","height":31.9,"subtype":null,"class":null},"geometry":{"type":"Polygon","coordinates":[[[-74.00950133800507,40.71606203138469],[-74.00954961776733,40.71600104182635],[-74.00935649871826,40.71591565635083],[-74.00934040546417,40.71611895492206],[-74.0093457698822,40.71611895492206],[-74.00935113430023,40.7161474166725],[-74.00937795639038,40.71616368052443],[-74.00937259197235,40.71616774648679],[-74.0095603466034,40.71625313163902],[-74.00956571102142,40.71624499972445],[-74.0096515417099,40.716281593332084],[-74.00973200798035,40.7161718124489],[-74.00969445705414,40.716155548598955],[-74.0097051858902,40.7161474166725],[-74.00963008403778,40.716114888956724],[-74.0096515417099,40.71608642719239],[-74.00967299938202,40.71609455912629],[-74.0097051858902,40.71605389944681],[-74.00968372821808,40.716045767507936],[-74.00969445705414,40.71603356959775],[-74.00972664356232,40.7160498334775],[-74.00974810123444,40.71602950362719],[-74.00978565216064,40.716045767507936],[-74.0097963809967,40.71603356959775],[-74.00982856750488,40.7160498334775],[-74.00991976261139,40.71594005221214],[-74.00988221168518,40.715923788305595],[-74.00988757610321,40.71591972232834],[-74.00973200798035,40.71584653469517],[-74.00972664356232,40.7158546666584],[-74.00968909263611,40.71583840273097],[-74.00958716869354,40.71596851403906],[-74.00968372821808,40.71600917377071],[-74.00960862636566,40.71610269105921],[-74.00956571102142,40.716082361225055],[-74.00955498218536,40.71609862509289],[-74.00950133800507,40.71607422928966],[-74.00951206684113,40.71606609735327],[-74.00950133800507,40.71606203138469]]]}},{"type":"Feature","properties":{"id":"983e13e5-2f36-47f4-84d5-c1f0495df578","height":24.2,"subtype":null,"class":null},"geometry":{"type":"Polygon","coordinates":[[[-74.00458753108978,40.718814635282754],[-74.00451242923737,40.718778043067495],[-74.00439441204071,40.7189244118078],[-74.00446951389313,40.71896100394259],[-74.00458753108978,40.718814635282754]]]}},{"type":"Feature","properties":{"id":"c9907b04-68ea-4e21-aa49-e1217893ce5b","height":35.8,"subtype":null,"class":null},"geometry":{"type":"Polygon","coordinates":[[[-74.00780618190765,40.720233584560724],[-74.00769352912903,40.72022138741789],[-74.00765597820282,40.72043686994583],[-74.00784909725189,40.720457198450184],[-74.00793492794037,40.71997744409158],[-74.00773644447327,40.7199571154407],[-74.00770425796509,40.72014413879461],[-74.00781691074371,40.72015227023285],[-74.00780618190765,40.720233584560724]]]}},{"type":"Feature","properties":{"id":"8688bb31-2802-402a-a958-5ce6caf6c91c","subtype":"transportation","class":"train_station"},"geometry":{"type":"Polygon","coordinates":[[[-74.00866985321045,40.714216056006244],[-74.00890052318573,40.7139232974995],[-74.00892734527588,40.71393549579632],[-74.008948802948,40.71391923140006],[-74.00893807411194,40.713915165300385],[-74.00894343852997,40.71390703310028],[-74.00892198085785,40.71389483479823],[-74.00902390480042,40.71376065332841],[-74.0090399980545,40.71376878554639],[-74.00906682014465,40.71374438888946],[-74.00904536247253,40.71372405833515],[-74.00906682014465,40.71369559554872],[-74.00907754898071,40.71369559554872],[-74.00926530361176,40.713459760564454],[-74.00928139686584,40.713459760564454],[-74.00929749011993,40.71343129766503],[-74.00928676128387,40.71341503314563],[-74.0092921257019,40.71340690088441],[-74.00929749011993,40.71341096701516],[-74.00932967662811,40.71337030569673],[-74.00935649871826,40.71336623956353],[-74.00938868522644,40.713382504094874],[-74.00941014289856,40.713354041162425],[-74.00986611843109,40.71356141367736],[-74.00993049144745,40.713471958946215],[-74.0095067024231,40.71326865229207],[-74.00952816009521,40.713244255451855],[-74.00944769382477,40.7132157924603],[-74.00947988033295,40.713171064877585],[-74.009490609169,40.713171064877585],[-74.00953352451324,40.7131100726709],[-74.0097427368164,40.71283357396647],[-74.00977492332458,40.712829507800485],[-74.00987148284912,40.71270752270547],[-74.00986075401306,40.71270345653176],[-74.00987684726715,40.712683125659645],[-74.00986075401306,40.712670927133374],[-74.00986611843109,40.71266279478129],[-74.00987684726715,40.71266279478129],[-74.0100646018982,40.71243102232936],[-74.01024162769318,40.712231778699454],[-74.01034355163574,40.71227650691316],[-74.0103542804718,40.71226024211166],[-74.01025772094727,40.712215513887024],[-74.0103542804718,40.71212199113842],[-74.01052594184875,40.71193087902626],[-74.01059031486511,40.71184955455684],[-74.01057422161102,40.71184142210444],[-74.01059567928314,40.7118129585132],[-74.01061177253723,40.711821090969096],[-74.01063859462738,40.71178856113959],[-74.01062786579132,40.7117844949098],[-74.01067614555359,40.71171130273088],[-74.01067614555359,40.71170317026159],[-74.01070296764374,40.711674706611255],[-74.01054203510284,40.711605580552614],[-74.01139497756958,40.71034910027418],[-74.01114821434021,40.710251508580676],[-74.01028454303741,40.71156491813168],[-74.0100646018982,40.71194714390824],[-74.0100646018982,40.71200813718022],[-74.00921702384949,40.713130403412656],[-74.0081924200058,40.71265059625131],[-74.0081924200058,40.71264246389673],[-74.008047580719,40.71257333884281],[-74.00796711444855,40.712670927133374],[-74.00784909725189,40.71261806682709],[-74.00775790214539,40.71265059625131],[-74.00772035121918,40.712638397719076],[-74.00771498680115,40.71264246389673],[-74.00769352912903,40.712634331541175],[-74.00769889354706,40.71266279478129],[-74.00775790214539,40.71268719183456],[-74.00776863098145,40.71267499330906],[-74.00783836841583,40.71264653007415],[-74.00799930095673,40.71271565505209],[-74.0079939365387,40.71272378739771],[-74.00812804698944,40.712784779958255],[-74.00814414024353,40.712760382940736],[-74.0091472864151,40.71322799088676],[-74.00912046432495,40.713260520013],[-74.00907754898071,40.713244255451855],[-74.00904536247253,40.71328085070882],[-74.00906682014465,40.71329711526103],[-74.00907754898071,40.713276784570155],[-74.00909900665283,40.71328491684724],[-74.00839626789093,40.714216056006244],[-74.00866985321045,40.714216056006244]]]}},{"type":"Feature","properties":{"id":"24caab1f-872e-4c93-8562-2eda463dea96","height":20,"subtype":null,"class":null},"geometry":{"type":"Polygon","coordinates":[[[-74.00977492332458,40.72389262650577],[-74.00958180427551,40.723872299050605],[-74.00956571102142,40.723941412372824],[-74.00976419448853,40.72396173980688],[-74.00977492332458,40.72389262650577]]]}},{"type":"Feature","properties":{"id":"09e6073b-c697-4662-bc01-5bebabfe8ae5","height":26.1,"subtype":null,"class":null},"geometry":{"type":"Polygon","coordinates":[[[-74.00861084461212,40.7182454207684],[-74.00846600532532,40.71818036737113],[-74.0082836151123,40.71841618563378],[-74.00836408138275,40.71845684387048],[-74.00846600532532,40.718322671595075],[-74.0084820985794,40.71833080325584],[-74.0084981918335,40.71831047410209],[-74.0085357427597,40.71832673742559],[-74.00854647159576,40.71831453993333],[-74.0085518360138,40.71831860576433],[-74.00861084461212,40.7182454207684]]]}},{"type":"Feature","properties":{"id":"b9d46928-6de5-46e8-94c9-67221a521aeb","height":19.1,"subtype":null,"class":null},"geometry":{"type":"Polygon","coordinates":[[[-74.00861084461212,40.716797967650514],[-74.00853037834167,40.71676137432673],[-74.00848746299744,40.716822363188506],[-74.00854110717773,40.71684675871759],[-74.0085357427597,40.71685082463822],[-74.00855720043182,40.71686302239868],[-74.00861084461212,40.716797967650514]]]}},{"type":"Feature","properties":{"id":"2286c6a7-944e-480a-8727-2f5deb49a01b","height":27.5,"subtype":null,"class":null},"geometry":{"type":"Polygon","coordinates":[[[-74.009850025177,40.72096134337228],[-74.00986075401306,40.72089629262915],[-74.00951743125916,40.72086376723374],[-74.0095067024231,40.72093288367997],[-74.009850025177,40.72096134337228]]]}},{"type":"Feature","properties":{"id":"1b19a661-4175-42c4-b609-c6b9c0e75068","height":25.3,"subtype":null,"class":null},"geometry":{"type":"Polygon","coordinates":[[[-74.0086430311203,40.71705412035374],[-74.00860011577606,40.71707444989115],[-74.00843918323517,40.717277744923756],[-74.00851428508759,40.71731433796369],[-74.00870203971863,40.71707851579789],[-74.0086430311203,40.71705412035374]]]}},{"type":"Feature","properties":{"id":"3a6c5fd8-f8f1-42c9-bf5f-f605d4d5a7a9","height":18.6,"subtype":null,"class":null},"geometry":{"type":"Polygon","coordinates":[[[-74.00908827781677,40.72375846518697],[-74.00899708271027,40.723750334189255],[-74.00895953178406,40.72395767432057],[-74.00905072689056,40.72396580529294],[-74.00908827781677,40.72375846518697]]]}},{"type":"Feature","properties":{"id":"30cbb41a-1ca8-41c7-aa5a-0bd27f029813","height":22.6,"subtype":null,"class":null},"geometry":{"type":"Polygon","coordinates":[[[-74.00729656219482,40.72225421370414],[-74.00728046894073,40.72225421370414],[-74.00724828243256,40.72245342734002],[-74.00735020637512,40.72246562407387],[-74.00738775730133,40.72226234488462],[-74.00736629962921,40.72226234488462],[-74.0073823928833,40.722193229818856],[-74.00739848613739,40.722193229818856],[-74.00743067264557,40.72198588419095],[-74.007328748703,40.7219777529767],[-74.00729656219482,40.7221810330351],[-74.00730729103088,40.72218509862994],[-74.00729656219482,40.72225421370414]]]}},{"type":"Feature","properties":{"id":"3b6122a7-8361-446b-85f3-390f901eb332","height":27.576725006103516,"subtype":null,"class":null},"geometry":{"type":"Polygon","coordinates":[[[-74.00744140148163,40.72265670594567],[-74.00741994380951,40.72279086948532],[-74.00726437568665,40.72291283610487],[-74.0078330039978,40.723319389889184],[-74.00793492794037,40.72270549271866],[-74.00744140148163,40.72265670594567]]]}},{"type":"Feature","properties":{"id":"e882818e-64b0-4dd0-988a-091087bc345a","height":67.5,"subtype":null,"class":null},"geometry":{"type":"Polygon","coordinates":[[[-74.0058696269989,40.718115313910296],[-74.00591254234314,40.718135643123624],[-74.00609493255615,40.717907955579605],[-74.0058696269989,40.71780224324087],[-74.00550484657288,40.71827388160971],[-74.00568187236786,40.718355198232146],[-74.00583207607269,40.718164104011876],[-74.00579988956451,40.71814784064866],[-74.00582134723663,40.718123445596376],[-74.00585353374481,40.71813970896555],[-74.0058696269989,40.718115313910296]]]}},{"type":"Feature","properties":{"id":"7b2b3425-2586-4bab-ad60-b07915a88336","height":9.8,"subtype":null,"class":null},"geometry":{"type":"Polygon","coordinates":[[[-74.00799930095673,40.719050451298514],[-74.00792419910431,40.71901385921289],[-74.00783836841583,40.719119569627594],[-74.00793492794037,40.719127701191],[-74.00799930095673,40.719050451298514]]]}},{"type":"Feature","properties":{"id":"b747acad-9248-4dd9-8852-3db9376f1961","height":43.2,"subtype":null,"class":null},"geometry":{"type":"Polygon","coordinates":[[[-74.0082836151123,40.71906264865593],[-74.00823533535004,40.7191561616551],[-74.00854647159576,40.71918868788489],[-74.00857329368591,40.71903418815183],[-74.00831043720245,40.71891628021957],[-74.00823533535004,40.71900572763558],[-74.00833189487457,40.719046385512215],[-74.00832653045654,40.719066714441226],[-74.0082836151123,40.71906264865593]]]}},{"type":"Feature","properties":{"id":"31a84535-1b75-4532-b193-0bb9e176476d","height":12.1,"subtype":null,"class":null},"geometry":{"type":"Polygon","coordinates":[[[-74.00983929634094,40.71435836870427],[-74.00976955890656,40.714329906189],[-74.00960862636566,40.71452914354034],[-74.00967836380005,40.71456167203088],[-74.00983929634094,40.71435836870427]]]}},{"type":"Feature","properties":{"id":"9911f11f-fa85-48fe-9b73-a918dbec7757","height":9,"subtype":null,"class":null},"geometry":{"type":"Polygon","coordinates":[[[-74.01129305362701,40.718403988157895],[-74.01131987571716,40.71826981577599],[-74.01149153709412,40.71829421077464],[-74.01138961315155,40.7187821088702],[-74.01143252849579,40.718790240474824],[-74.01167929172516,40.71767620138684],[-74.01157200336456,40.7176640037754],[-74.0115612745285,40.717708728339744],[-74.01153981685638,40.717708728339744],[-74.0115076303482,40.71784290185257],[-74.01153445243835,40.71784696771237],[-74.01150226593018,40.717989272649014],[-74.011470079422,40.717989272649014],[-74.01144862174988,40.71807058961908],[-74.01151299476624,40.718078721310626],[-74.01148617267609,40.718184433210325],[-74.01130378246307,40.71816003817144],[-74.01134669780731,40.71795674583316],[-74.01124477386475,40.717944548273124],[-74.01125013828278,40.71789982386721],[-74.01127696037292,40.71790388972353],[-74.01129305362701,40.717826638410855],[-74.01126623153687,40.717822572549814],[-74.01127696037292,40.71777784806195],[-74.01130378246307,40.71778191392572],[-74.01131451129913,40.71772092594301],[-74.01119649410248,40.717708728339744],[-74.01118576526642,40.71774125527678],[-74.01101410388947,40.71772092594301],[-74.01100873947144,40.71773718941052],[-74.01095509529114,40.717733123544015],[-74.01084780693054,40.718208828240265],[-74.01126623153687,40.71826168410777],[-74.01125013828278,40.718334869085844],[-74.01126623153687,40.71835113240336],[-74.01126086711884,40.71837959319948],[-74.01129305362701,40.718403988157895]]]}},{"type":"Feature","properties":{"id":"b748e249-65f0-41c5-87e8-cd53559cb703","height":28.8,"subtype":null,"class":null},"geometry":{"type":"Polygon","coordinates":[[[-74.00336980819702,40.71691994525117],[-74.0031498670578,40.716814231343506],[-74.0030962228775,40.716879286075766],[-74.00362730026245,40.71713543846613],[-74.00368094444275,40.71707444989115],[-74.0034556388855,40.7169646703154],[-74.00342345237732,40.716997197615974],[-74.00335371494293,40.7169646703154],[-74.00333762168884,40.716956538487786],[-74.00336980819702,40.71691994525117]]]}},{"type":"Feature","properties":{"id":"24134d82-7b7a-43f1-91a3-9bb7f036e5a4","height":27.5,"subtype":null,"class":null},"geometry":{"type":"Polygon","coordinates":[[[-74.00996267795563,40.71842025145856],[-74.00994658470154,40.718485304621396],[-74.0102630853653,40.71852189699756],[-74.01027381420135,40.71845684387048],[-74.00996267795563,40.71842025145856]]]}},{"type":"Feature","properties":{"id":"387c8466-fcda-4625-85a7-09e13526d9bd","height":20.2,"subtype":null,"class":null},"geometry":{"type":"Polygon","coordinates":[[[-74.00712490081787,40.71466332346141],[-74.00704443454742,40.71462672896429],[-74.00676012039185,40.71498047492709],[-74.00684058666229,40.71501706922975],[-74.00712490081787,40.71466332346141]]]}},{"type":"Feature","properties":{"id":"062572e3-8240-414d-b35b-2723d740fc3d","height":30.5,"subtype":null,"class":null},"geometry":{"type":"Polygon","coordinates":[[[-74.00847673416138,40.71594818416394],[-74.00824069976807,40.71584653469517],[-74.0081387758255,40.71597664598739],[-74.00836944580078,40.71608642719239],[-74.00847673416138,40.71594818416394]]]}},{"type":"Feature","properties":{"id":"e674878b-cc68-4f17-9f39-3325ead4b601","height":23.1,"subtype":null,"class":null},"geometry":{"type":"Polygon","coordinates":[[[-74.01056349277496,40.721615912936684],[-74.01027917861938,40.72158745352426],[-74.0102630853653,40.72166470047255],[-74.0105527639389,40.72169722547658],[-74.01056349277496,40.721615912936684]]]}},{"type":"Feature","properties":{"id":"1cc2022a-e088-4df4-aff5-3c335659f7e8","height":17.8,"subtype":null,"class":null},"geometry":{"type":"Polygon","coordinates":[[[-74.01006996631622,40.71668005575744],[-74.00998950004578,40.716643462368836],[-74.00987684726715,40.71678576987815],[-74.0099573135376,40.716822363188506],[-74.01006996631622,40.71668005575744]]]}},{"type":"Feature","properties":{"id":"570bdd40-33db-4ea7-89d2-90acbf2aa6bc","height":42,"subtype":null,"class":null},"geometry":{"type":"Polygon","coordinates":[[[-74.00919556617737,40.71742005107721],[-74.0092009305954,40.71742411696284],[-74.00916874408722,40.71758268630866],[-74.00952279567719,40.71762741092766],[-74.00956571102142,40.71741598519134],[-74.00927603244781,40.717383458095384],[-74.00927603244781,40.7173753263189],[-74.00920629501343,40.71736719454144],[-74.00919556617737,40.71742005107721]]]}},{"type":"Feature","properties":{"id":"d57a53fd-620b-4868-93f2-9ee9d06528e6","height":19.2,"subtype":null,"class":null},"geometry":{"type":"Polygon","coordinates":[[[-74.00761842727661,40.7144396901094],[-74.00761306285858,40.714435624041506],[-74.00747358798981,40.71461453079412],[-74.0075433254242,40.71464705924295],[-74.007688164711,40.71447221864365],[-74.00761842727661,40.7144396901094]]]}},{"type":"Feature","properties":{"id":"45eedb29-f05a-438b-973c-18c9b59705b4","height":42.7,"subtype":null,"class":null},"geometry":{"type":"Polygon","coordinates":[[[-74.008229970932,40.714191659513176],[-74.00856256484985,40.71376878554639],[-74.00832653045654,40.71366306663504],[-74.00812804698944,40.713915165300385],[-74.00797247886658,40.71384604156777],[-74.00783836841583,40.71401681771796],[-74.008229970932,40.714191659513176]]]}},{"type":"Feature","properties":{"id":"17d77f1b-0dbe-4824-8423-50d18089ada2","height":24,"subtype":null,"class":null},"geometry":{"type":"Polygon","coordinates":[[[-74.01011288166046,40.71748103933557],[-74.00993049144745,40.717456644038926],[-74.00988221168518,40.7176721355166],[-74.0100646018982,40.71769246486529],[-74.01011288166046,40.71748103933557]]]}},{"type":"Feature","properties":{"id":"fcf3ece8-2e8e-4b07-aa92-56e4607f13ba","subtype":null,"class":null},"geometry":{"type":"Polygon","coordinates":[[[-74.0044641494751,40.71454134172617],[-74.00452852249146,40.714557605970434],[-74.00454461574554,40.714521011415236],[-74.00448560714722,40.71449661503391],[-74.0044641494751,40.71454134172617]]]}},{"type":"Feature","properties":{"id":"f8781385-b3b5-4dea-9c69-dcef033b604b","height":30.1,"subtype":null,"class":null},"geometry":{"type":"Polygon","coordinates":[[[-74.0037614107132,40.718282013276415],[-74.00393843650818,40.71836332988892],[-74.00411546230316,40.718135643123624],[-74.00394380092621,40.71805432623302],[-74.0037614107132,40.718282013276415]]]}},{"type":"Feature","properties":{"id":"7213747c-a770-43e9-8eb5-f328315c65d2","height":20.1,"subtype":null,"class":null},"geometry":{"type":"Polygon","coordinates":[[[-74.00765597820282,40.71413473432794],[-74.00746822357178,40.71437056692137],[-74.00754868984222,40.714407161559265],[-74.00773644447327,40.71416726301118],[-74.00765597820282,40.71413473432794]]]}},{"type":"Feature","properties":{"id":"d6936053-3fe0-4b0f-a7b2-ab21389fe1e1","height":5,"subtype":"entertainment","class":"pavilion"},"geometry":{"type":"Polygon","coordinates":[[[-74.01593863964081,40.717810374965204],[-74.0160083770752,40.7177453211428],[-74.01592791080475,40.71769246486529],[-74.01585280895233,40.71775345287407],[-74.01593863964081,40.717810374965204]]]}},{"type":"Feature","properties":{"id":"a8c004c2-4359-47ca-9029-88308c76fb23","height":6,"subtype":"commercial","class":"commercial"},"geometry":{"type":"Polygon","coordinates":[[[-74.00501668453217,40.72115649522022],[-74.00499522686005,40.72114429824649],[-74.00487720966339,40.721298793082],[-74.00487720966339,40.7213475808503],[-74.00503277778625,40.7214573531982],[-74.00501668453217,40.72115649522022]]]}},{"type":"Feature","properties":{"id":"b4e28c6b-cde3-4da5-9eb8-76f0bd1dea03","height":8,"subtype":null,"class":null},"geometry":{"type":"Polygon","coordinates":[[[-74.01277363300323,40.72007502152939],[-74.01280581951141,40.719908326653254],[-74.01269316673279,40.719896129450824],[-74.0126770734787,40.72006282435747],[-74.01277363300323,40.72007502152939]]]}},{"type":"Feature","properties":{"id":"46a9841c-2302-4b38-a722-27d508fcafc0","height":25.9,"subtype":null,"class":null},"geometry":{"type":"Polygon","coordinates":[[[-74.0076345205307,40.715818072816106],[-74.00756478309631,40.71578554493942],[-74.00737702846527,40.71602137168534],[-74.00745213031769,40.71605796541587],[-74.0076345205307,40.715818072816106]]]}},{"type":"Feature","properties":{"id":"0977db1b-7bcb-44b4-ad47-067ff7a56cfa","height":20.7,"subtype":null,"class":null},"geometry":{"type":"Polygon","coordinates":[[[-74.00773644447327,40.71374845499957],[-74.00765597820282,40.71371185999959],[-74.0075272321701,40.7138745042899],[-74.00760769844055,40.71391109920046],[-74.00773644447327,40.71374845499957]]]}},{"type":"Feature","properties":{"id":"59fdbd2c-2324-4150-8f38-8dae5eadaf32","height":30.8,"subtype":null,"class":null},"geometry":{"type":"Polygon","coordinates":[[[-74.00869131088257,40.72225014811354],[-74.00835335254669,40.72221762337968],[-74.00831043720245,40.72246562407387],[-74.00866448879242,40.722502214262],[-74.00870740413666,40.72225014811354],[-74.00869131088257,40.72225014811354]]]}},{"type":"Feature","properties":{"id":"b224aa2e-e5d1-4ceb-8737-f29fdc691635","height":31.5,"subtype":null,"class":null},"geometry":{"type":"Polygon","coordinates":[[[-74.00598227977753,40.719989641279135],[-74.00598764419556,40.71998150982101],[-74.0059232711792,40.7199571154407],[-74.00584816932678,40.7200546929083],[-74.00614857673645,40.72019699312549],[-74.0061753988266,40.72003843000697],[-74.00607883930206,40.72000590419239],[-74.00598227977753,40.719989641279135]]]}},{"type":"Feature","properties":{"id":"a63b2437-48a0-4071-89d3-9b4835cfe397","height":69.5,"subtype":null,"class":null},"geometry":{"type":"Polygon","coordinates":[[[-74.01553630828857,40.71600104182635],[-74.01517689228058,40.716460495124174],[-74.01539146900177,40.71655807771726],[-74.01544511318207,40.71649708861335],[-74.01545584201813,40.71650115455535],[-74.01548266410828,40.716472692956145],[-74.0154880285263,40.71647675889963],[-74.01558458805084,40.71635884643764],[-74.01557385921478,40.71635478048696],[-74.01560068130493,40.716322252872494],[-74.01558458805084,40.71631412096641],[-74.01575088500977,40.71610269105921],[-74.01553630828857,40.71600104182635]]]}},{"type":"Feature","properties":{"id":"82cfbf5a-e792-4d72-a0b5-d265a3b4f70a","height":47,"subtype":"residential","class":"residential"},"geometry":{"type":"Polygon","coordinates":[[[-74.01096045970917,40.72300227815049],[-74.01084244251251,40.722986015969305],[-74.01081562042236,40.72314457206626],[-74.01087462902069,40.72315270313798],[-74.01087999343872,40.72312017884517],[-74.01100873947144,40.723132375456835],[-74.01099801063538,40.7231852274149],[-74.011110663414,40.723197424014636],[-74.01108384132385,40.72333565198892],[-74.0109658241272,40.72332345541449],[-74.01096045970917,40.723368176176436],[-74.01084244251251,40.72335597960796],[-74.01085317134857,40.7233071933118],[-74.01078879833221,40.72329906225894],[-74.010751247406,40.723469814159984],[-74.01122331619263,40.72351860033697],[-74.01131987571716,40.72304293358603],[-74.01096045970917,40.72300227815049]]]}},{"type":"Feature","properties":{"id":"7f20dc22-d46d-4c83-9d0a-b010fc762c0f","height":39.4,"subtype":null,"class":null},"geometry":{"type":"Polygon","coordinates":[[[-74.00628805160522,40.72048565834585],[-74.00599837303162,40.720457198450184],[-74.00595009326935,40.720725534125954],[-74.00644898414612,40.72077838799519],[-74.00647580623627,40.72063608902089],[-74.00626122951508,40.72061576057117],[-74.00628805160522,40.72048565834585]]]}},{"type":"Feature","properties":{"id":"71a6dd42-7b42-4e11-9356-5dd6e55b67b7","height":26.8,"subtype":null,"class":null},"geometry":{"type":"Polygon","coordinates":[[[-74.01025235652924,40.72460814897198],[-74.01022017002106,40.72479922469282],[-74.01044011116028,40.724819551864876],[-74.01044011116028,40.72481548643096],[-74.01048839092255,40.724819551864876],[-74.01048839092255,40.72480329012773],[-74.0105152130127,40.72480735556239],[-74.01050984859467,40.72482361729854],[-74.01059031486511,40.72483174816514],[-74.01062250137329,40.72464473798228],[-74.01025235652924,40.72460814897198]]]}},{"type":"Feature","properties":{"id":"339ab9c5-32f6-448a-a592-2a4c03ebf2c4","height":23.5,"subtype":null,"class":null},"geometry":{"type":"Polygon","coordinates":[[[-74.00372922420502,40.71842431728309],[-74.00364875793457,40.718387724853294],[-74.0034556388855,40.71863167400537],[-74.00353610515594,40.71866826630107],[-74.00372922420502,40.71842431728309]]]}},{"type":"Feature","properties":{"id":"6dba2c66-cb9a-4068-a866-5aff744f8907","height":22.6,"subtype":null,"class":null},"geometry":{"type":"Polygon","coordinates":[[[-74.00998950004578,40.716643462368836],[-74.00990903377533,40.71660686896014],[-74.0098124742508,40.71673291283877],[-74.00989294052124,40.71676950617821],[-74.00998950004578,40.716643462368836]]]}},{"type":"Feature","properties":{"id":"e371ed7a-0ef3-4c30-8dba-822b1b48a7a5","height":25,"subtype":null,"class":null},"geometry":{"type":"Polygon","coordinates":[[[-74.00920629501343,40.71842431728309],[-74.00901854038239,40.718403988157895],[-74.00899708271027,40.71851376536016],[-74.00918483734131,40.71853002863397],[-74.00920629501343,40.71842431728309]]]}},{"type":"Feature","properties":{"id":"2b8fb698-5bb4-4db8-adcf-63dbcf7d5120","height":23.8,"subtype":null,"class":null},"geometry":{"type":"Polygon","coordinates":[[[-74.00712490081787,40.71757455455653],[-74.00704979896545,40.71753796165963],[-74.00688350200653,40.7177453211428],[-74.00696396827698,40.71778191392572],[-74.00712490081787,40.71757455455653]]]}},{"type":"Feature","properties":{"id":"4cf9d4b6-c05f-46c3-8181-d226cb640265","height":20,"subtype":null,"class":null},"geometry":{"type":"Polygon","coordinates":[[[-74.00860011577606,40.71707444989115],[-74.0084981918335,40.71702565899094],[-74.0083372592926,40.71723302006986],[-74.00843918323517,40.717277744923756],[-74.00860011577606,40.71707444989115]]]}},{"type":"Feature","properties":{"id":"539f351f-a8ce-4c10-bb0d-8e1ca181e86d","height":26.1,"subtype":null,"class":null},"geometry":{"type":"Polygon","coordinates":[[[-74.00873959064484,40.714956078714124],[-74.00866448879242,40.714919484377944],[-74.00852501392365,40.715094323802674],[-74.00860548019409,40.715126852017086],[-74.00873959064484,40.714956078714124]]]}},{"type":"Feature","properties":{"id":"b473dab0-1747-45f4-b34d-6ca365a152d1","height":24.7,"subtype":null,"class":null},"geometry":{"type":"Polygon","coordinates":[[[-74.00864839553833,40.72251441098691],[-74.00864839553833,40.722502214262],[-74.00831043720245,40.72246562407387],[-74.00829434394836,40.722555066720446],[-74.00865375995636,40.72259165685941],[-74.00866448879242,40.72251441098691],[-74.00864839553833,40.72251441098691]]]}},{"type":"Feature","properties":{"id":"3fbd6281-5c10-4174-9eda-5d23c3e1d59b","height":26.7,"subtype":null,"class":null},"geometry":{"type":"Polygon","coordinates":[[[-74.00993049144745,40.717456644038926],[-74.00974810123444,40.717436314618226],[-74.00969982147217,40.71765993790442],[-74.00988221168518,40.71768026725681],[-74.00993049144745,40.717456644038926]]]}},{"type":"Feature","properties":{"id":"c3303379-4f23-41cf-a805-f66f36f87217","height":16,"subtype":null,"class":null},"geometry":{"type":"Polygon","coordinates":[[[-74.00960326194763,40.718099050535145],[-74.0095067024231,40.71808685300118],[-74.00947988033295,40.71822915742503],[-74.00957643985748,40.718241354932935],[-74.00960326194763,40.718099050535145]]]}},{"type":"Feature","properties":{"id":"a453eb81-3fd4-4222-89ab-890c7e0d15f9","height":20.7,"subtype":null,"class":null},"geometry":{"type":"Polygon","coordinates":[[[-74.00518298149109,40.71780630910317],[-74.00510787963867,40.71777378219791],[-74.00492548942566,40.718005536050974],[-74.00500059127808,40.71803806284297],[-74.00518298149109,40.71780630910317]]]}},{"type":"Feature","properties":{"id":"4b1b7d0e-3224-4deb-bdfc-145b3a4d0784","height":27.9,"subtype":null,"class":null},"geometry":{"type":"Polygon","coordinates":[[[-74.00820851325989,40.71959933016908],[-74.0081924200058,40.71970097390772],[-74.00846600532532,40.71972943412673],[-74.0084820985794,40.71961152742592],[-74.00821387767792,40.7195830671565],[-74.00820851325989,40.71959933016908]]]}},{"type":"Feature","properties":{"id":"ec2965fa-7d7b-4591-9e46-6f1f89dd574a","height":24,"subtype":null,"class":null},"geometry":{"type":"Polygon","coordinates":[[[-74.00957643985748,40.71879837207845],[-74.009490609169,40.718790240474824],[-74.0094530582428,40.71900979342436],[-74.00953888893127,40.719017925001175],[-74.00957643985748,40.71879837207845]]]}},{"type":"Feature","properties":{"id":"f6be1b55-af68-4483-89d0-f15e974cba29","height":20.6,"subtype":null,"class":null},"geometry":{"type":"Polygon","coordinates":[[[-74.00987148284912,40.718131577281454],[-74.00978565216064,40.71811937975346],[-74.00973737239838,40.718347066574346],[-74.00982856750488,40.718359264060645],[-74.00987148284912,40.718131577281454]]]}},{"type":"Feature","properties":{"id":"68f9a719-1827-476d-a44d-fc06e5e9bf2d","height":13.2,"subtype":null,"class":null},"geometry":{"type":"Polygon","coordinates":[[[-74.00606274604797,40.719294398021944],[-74.00590717792511,40.719221214098795],[-74.00588572025299,40.719249674522906],[-74.00604128837585,40.719322858414785],[-74.00606274604797,40.719294398021944]]]}},{"type":"Feature","properties":{"id":"2fbe5996-0427-4d63-aac3-0d16bcf486ab","height":9.7,"subtype":null,"class":null},"geometry":{"type":"Polygon","coordinates":[[[-74.00959253311157,40.72454310179292],[-74.00946915149689,40.72453090543978],[-74.00946378707886,40.724579690838965],[-74.00958180427551,40.72459188718319],[-74.00959253311157,40.72454310179292]]]}},{"type":"Feature","properties":{"id":"622e032a-870f-41a9-9d3d-b76f40056836","height":20.3,"subtype":null,"class":null},"geometry":{"type":"Polygon","coordinates":[[[-74.00754868984222,40.714407161559265],[-74.00753796100616,40.71440309548939],[-74.00739848613739,40.71458200232941],[-74.00747358798981,40.71461453079412],[-74.00761306285858,40.714435624041506],[-74.00754868984222,40.714407161559265]]]}},{"type":"Feature","properties":{"id":"d5eddb48-3329-43ac-8c2f-708efa662c5a","height":25,"subtype":null,"class":null},"geometry":{"type":"Polygon","coordinates":[[[-74.01038646697998,40.71495201267777],[-74.01031136512756,40.714919484377944],[-74.01018798351288,40.71508212571817],[-74.01025772094727,40.71511465393853],[-74.01038646697998,40.71495201267777]]]}},{"type":"Feature","properties":{"id":"615ae859-4de8-4382-abb0-80b60b959515","height":17,"subtype":"residential","class":"residential"},"geometry":{"type":"Polygon","coordinates":[[[-74.01097118854523,40.717651806161705],[-74.01083707809448,40.71763554267334],[-74.01069223880768,40.7183064082706],[-74.01119112968445,40.71837146154469],[-74.01121258735657,40.718253552438576],[-74.01084780693054,40.718208828240265],[-74.01097118854523,40.717651806161705]]]}},{"type":"Feature","properties":{"id":"fa35ca74-e2e7-42ca-8e99-3f393b45f20d","height":13.3,"subtype":null,"class":null},"geometry":{"type":"Polygon","coordinates":[[[-74.00982320308685,40.7245756253904],[-74.00980174541473,40.72456342904322],[-74.00973737239838,40.724616279864904],[-74.0097427368164,40.724620345310996],[-74.00960862636566,40.72472604682199],[-74.00966227054596,40.724762635767455],[-74.00980710983276,40.724648803426625],[-74.00982320308685,40.7245756253904]]]}},{"type":"Feature","properties":{"id":"d2f6251b-0d8e-4efd-8ac9-5357e855132e","height":18,"subtype":"medical","class":null},"geometry":{"type":"Polygon","coordinates":[[[-74.00986075401306,40.71547652931823],[-74.00978565216064,40.715444001274676],[-74.00965690612793,40.71561070732995],[-74.00973200798035,40.7156473012862],[-74.00986075401306,40.71547652931823]]]}},{"type":"Feature","properties":{"id":"3a45c761-0269-4db9-a2b6-a38b5b936a12","height":27,"subtype":null,"class":null},"geometry":{"type":"Polygon","coordinates":[[[-74.00938868522644,40.71823728909722],[-74.00905072689056,40.718204762402564],[-74.0090399980545,40.71826168410777],[-74.00937795639038,40.718298276606866],[-74.00938868522644,40.71823728909722]]]}},{"type":"Feature","properties":{"id":"cd22d3ff-0176-4b48-bb42-b5d243ed7d1a","height":22.3,"subtype":null,"class":null},"geometry":{"type":"Polygon","coordinates":[[[-74.00553703308105,40.71956273838517],[-74.00548875331879,40.7195383438514],[-74.00545656681061,40.71957493564871],[-74.00573551654816,40.71970503965403],[-74.00580525398254,40.71961559317769],[-74.0055799484253,40.71950988355069],[-74.00553703308105,40.71956273838517]]]}},{"type":"Feature","properties":{"id":"68bc25ee-e61a-4db9-b343-b5baf0c3bff4","height":30.3,"subtype":null,"class":null},"geometry":{"type":"Polygon","coordinates":[[[-74.01009142398834,40.72245749291822],[-74.00982856750488,40.72242903386563],[-74.00980710983276,40.72256319786417],[-74.01005923748016,40.72258759128941],[-74.01008069515228,40.72247375522851],[-74.01008605957031,40.72247375522851],[-74.01009142398834,40.72245749291822]]]}},{"type":"Feature","properties":{"id":"88cd528d-39fa-47b5-acaa-2cf8d3e8a368","height":14.3,"subtype":"civic","class":"post_office"},"geometry":{"type":"Polygon","coordinates":[[[-74.0040135383606,40.72016853310638],[-74.00377750396729,40.72046939554983],[-74.00378823280334,40.7205629065728],[-74.00413691997528,40.72081497911083],[-74.00429785251617,40.72061576057117],[-74.0042495727539,40.72059136642329],[-74.00433003902435,40.72048972404425],[-74.00437295436859,40.720514118229374],[-74.00448024272919,40.720379950100586],[-74.0040135383606,40.72016853310638]]]}},{"type":"Feature","properties":{"id":"14bde5b8-a78e-4771-aae6-10f4ff8f3ed6","height":27.1,"subtype":null,"class":null},"geometry":{"type":"Polygon","coordinates":[[[-74.00459289550781,40.718582884246466],[-74.0045714378357,40.718570686801165],[-74.00452852249146,40.71862354238136],[-74.0047538280487,40.71872518760998],[-74.00479674339294,40.71867639791961],[-74.00459289550781,40.718582884246466]]]}},{"type":"Feature","properties":{"id":"a729243c-005b-473d-9cd7-2cc669c84b5d","height":22.5,"subtype":null,"class":null},"geometry":{"type":"Polygon","coordinates":[[[-74.00809586048126,40.71537081311856],[-74.00802075862885,40.71533421901033],[-74.00789737701416,40.715492793334064],[-74.00797247886658,40.715529387355126],[-74.00809586048126,40.71537081311856]]]}},{"type":"Feature","properties":{"id":"22056e52-0fd4-46dd-952c-d1e15404a54a","height":31.7,"subtype":null,"class":null},"geometry":{"type":"Polygon","coordinates":[[[-74.00454461574554,40.71833080325584],[-74.00439441204071,40.71826168410777],[-74.00421738624573,40.718481238800585],[-74.00436758995056,40.71855035772067],[-74.00454461574554,40.71833080325584]]]}},{"type":"Feature","properties":{"id":"fe3ea709-9b91-4d63-b09d-731e3ff9d32c","height":23.6,"subtype":null,"class":null},"geometry":{"type":"Polygon","coordinates":[[[-74.01005923748016,40.715228502584665],[-74.00988221168518,40.71545213328705],[-74.01027381420135,40.715631037308114],[-74.01045083999634,40.71539927518884],[-74.01005923748016,40.715228502584665]]]}},{"type":"Feature","properties":{"id":"3b47433d-1f13-4ec8-8e88-8b8e66ee787b","height":34.7,"subtype":null,"class":null},"geometry":{"type":"Polygon","coordinates":[[[-74.00882005691528,40.72180293162993],[-74.00883078575134,40.72173788170927],[-74.0084445476532,40.72169722547658],[-74.00841236114502,40.721900506391734],[-74.00876641273499,40.72193709689052],[-74.0087878704071,40.72179886601175],[-74.00882005691528,40.72180293162993]]]}},{"type":"Feature","properties":{"id":"7e4e50d9-c3e2-4db0-91d0-a21bf9071f2e","height":22.5,"subtype":null,"class":null},"geometry":{"type":"Polygon","coordinates":[[[-74.00791347026825,40.71669225354916],[-74.00789201259613,40.71669631947924],[-74.00784373283386,40.716757308400624],[-74.00784909725189,40.71676950617821],[-74.00799930095673,40.716838626875564],[-74.00805830955505,40.716757308400624],[-74.00791347026825,40.71669225354916]]]}},{"type":"Feature","properties":{"id":"1e24aa2d-eb9f-4bbf-9ab1-8624af9d3ac3","height":33.3,"subtype":null,"class":null},"geometry":{"type":"Polygon","coordinates":[[[-74.00713562965393,40.71711104304284],[-74.00746285915375,40.71725741544845],[-74.00745213031769,40.7172736790292],[-74.00759696960449,40.717338733312495],[-74.0077793598175,40.71710697713809],[-74.00731265544891,40.716891483831006],[-74.00713562965393,40.71711104304284]]]}},{"type":"Feature","properties":{"id":"a54097a7-8fa4-44b8-8163-e6d1f2e0c97e","height":23.6,"subtype":null,"class":null},"geometry":{"type":"Polygon","coordinates":[[[-74.00634169578552,40.72002623282835],[-74.0062665939331,40.72001810137472],[-74.00622367858887,40.72022951884669],[-74.00629878044128,40.720262044552015],[-74.00634169578552,40.72002623282835]]]}},{"type":"Feature","properties":{"id":"1b4d1951-ec9d-44d0-8d93-a0135bf19d0a","height":33.2,"subtype":null,"class":null},"geometry":{"type":"Polygon","coordinates":[[[-74.0102469921112,40.716322252872494],[-74.01023626327515,40.71631818691958],[-74.01009678840637,40.71649708861335],[-74.0102469921112,40.71656214365553],[-74.01039183139801,40.716375110237934],[-74.01033282279968,40.71634664858483],[-74.01038110256195,40.716285659287244],[-74.01057958602905,40.716375110237934],[-74.01059031486511,40.71638730808552],[-74.01054203510284,40.71644829728999],[-74.01074588298798,40.71654181396167],[-74.01079952716827,40.71635071453602],[-74.01079416275024,40.716322252872494],[-74.01077270507812,40.71631005501299],[-74.01039183139801,40.71613928474505],[-74.0102469921112,40.716322252872494]]]}},{"type":"Feature","properties":{"id":"8ac71287-9dee-4aa9-93a8-7ac2572a79e6","subtype":null,"class":null},"geometry":{"type":"Polygon","coordinates":[[[-74.01190996170044,40.719928655319045],[-74.01239812374115,40.717688398996046],[-74.01186168193817,40.71798114094654],[-74.01189923286438,40.71802586529784],[-74.01184022426605,40.7182860791094],[-74.01180803775787,40.718282013276415],[-74.01169002056122,40.71883089848306],[-74.01172757148743,40.71883496428253],[-74.01158273220062,40.71950988355069],[-74.01151835918427,40.71954240960765],[-74.01170611381531,40.71973756561563],[-74.01169002056122,40.719806683231255],[-74.0117758512497,40.719814814710716],[-74.0117597579956,40.719908326653254],[-74.01190996170044,40.719928655319045]]]}},{"type":"Feature","properties":{"id":"60992b6f-33b5-4e61-8029-9b596fc14029","height":23.3,"subtype":null,"class":null},"geometry":{"type":"Polygon","coordinates":[[[-74.00911509990692,40.72198181858395],[-74.00921702384949,40.721989949797724],[-74.0092545747757,40.721758209816315],[-74.00917947292328,40.72175007857425],[-74.00917947292328,40.72174194733117],[-74.00915801525116,40.72173788170927],[-74.00911509990692,40.72198181858395]]]}},{"type":"Feature","properties":{"id":"7385dd85-4643-4ecc-82c7-43a262ac54fe","height":29,"subtype":null,"class":null},"geometry":{"type":"Polygon","coordinates":[[[-74.00354146957397,40.718790240474824],[-74.00346100330353,40.71875364824617],[-74.00333225727081,40.71891221442508],[-74.00348782539368,40.718981332897684],[-74.00362730026245,40.718806503681094],[-74.00355219841003,40.71877397726456],[-74.00354146957397,40.718790240474824]]]}},{"type":"Feature","properties":{"id":"711cbf7f-fd86-4bf9-96de-2e6be5cf5691","height":24.6,"subtype":null,"class":null},"geometry":{"type":"Polygon","coordinates":[[[-74.0090936422348,40.718200696564594],[-74.00909900665283,40.718184433210325],[-74.00937795639038,40.718221025751866],[-74.00937259197235,40.71822915742503],[-74.00941550731659,40.718233223261265],[-74.00944769382477,40.718078721310626],[-74.00908291339874,40.71803399699485],[-74.00904536247253,40.718196630726396],[-74.0090936422348,40.718200696564594]]]}},{"type":"Feature","properties":{"id":"e0740fb6-2dab-4459-bc73-afcd0aa01557","height":22.120283126831055,"subtype":"education","class":"college"},"geometry":{"type":"Polygon","coordinates":[[[-74.01104092597961,40.71345569443672],[-74.010751247406,40.71382977714967],[-74.01138961315155,40.71412660215465],[-74.01151299476624,40.71367119886495],[-74.01138424873352,40.713646802172235],[-74.01140570640564,40.71361833935276],[-74.01104092597961,40.71345569443672]]]}},{"type":"Feature","properties":{"id":"722168fa-9337-4579-b472-8d241f631ffb","height":29.1,"subtype":null,"class":null},"geometry":{"type":"Polygon","coordinates":[[[-74.00891125202179,40.72212818027963],[-74.0087342262268,40.72211191788492],[-74.00870203971863,40.72229893518451],[-74.00887906551361,40.72233145987864],[-74.00891125202179,40.72212818027963]]]}},{"type":"Feature","properties":{"id":"a075e1ba-b7d5-4448-99ce-48d491e81cc8","height":26.9,"subtype":null,"class":null},"geometry":{"type":"Polygon","coordinates":[[[-74.00961399078369,40.714256716808144],[-74.00953888893127,40.714224188168615],[-74.00937259197235,40.71443155797336],[-74.00944769382477,40.71446408651158],[-74.00961399078369,40.714256716808144]]]}},{"type":"Feature","properties":{"id":"7403a184-a78b-4987-8ad9-e5261cbafa8e","height":12.7,"subtype":null,"class":null},"geometry":{"type":"Polygon","coordinates":[[[-74.01003241539001,40.71883903008174],[-74.00992512702942,40.71883089848306],[-74.0099036693573,40.71896100394259],[-74.00995194911957,40.718965069734125],[-74.00994658470154,40.71898539868794],[-74.00998413562775,40.718989464477964],[-74.00998950004578,40.718969135525384],[-74.0100109577179,40.718969135525384],[-74.01003241539001,40.71883903008174]]]}},{"type":"Feature","properties":{"id":"819f45cf-4e28-44f6-88ae-1fbedb42ac9f","height":44.5,"subtype":null,"class":null},"geometry":{"type":"Polygon","coordinates":[[[-74.00892734527588,40.71888375385667],[-74.00892198085785,40.71894474077406],[-74.00927603244781,40.718981332897684],[-74.009308218956,40.71876991146137],[-74.00895953178406,40.71873331922155],[-74.00892734527588,40.71888375385667]]]}},{"type":"Feature","properties":{"id":"634167e4-4e2f-4424-902a-95e6b6c0dcde","height":20,"subtype":null,"class":null},"geometry":{"type":"Polygon","coordinates":[[[-74.00724291801453,40.715590377345556],[-74.0070766210556,40.715513123348245],[-74.00686204433441,40.715797742895056],[-74.0070229768753,40.71587093058183],[-74.00724291801453,40.715590377345556]]]}},{"type":"Feature","properties":{"id":"d2532194-4820-4adb-80c0-990fdafcd8d5","height":29.2,"subtype":null,"class":null},"geometry":{"type":"Polygon","coordinates":[[[-74.00577306747437,40.718928477601544],[-74.00549948215485,40.7188024378799],[-74.00534391403198,40.718997596057285],[-74.00561213493347,40.71912363540942],[-74.00577306747437,40.718928477601544]]]}},{"type":"Feature","properties":{"id":"27982b5e-b431-4fa6-bad5-3d06ce3eeca0","height":16,"subtype":"civic","class":"fire_station"},"geometry":{"type":"Polygon","coordinates":[[[-74.00664746761322,40.7196765794246],[-74.00669038295746,40.719444831389104],[-74.00662064552307,40.719436699864445],[-74.00662064552307,40.719457028674256],[-74.00659382343292,40.719457028674256],[-74.00658309459686,40.71951394930868],[-74.00656163692474,40.71950988355069],[-74.00655090808868,40.71959119866329],[-74.00656700134277,40.719595264416306],[-74.00655090808868,40.71966438217968],[-74.00664746761322,40.7196765794246]]]}},{"type":"Feature","properties":{"id":"24c2c678-80bd-479f-8016-9a629751676f","height":20.6,"subtype":null,"class":null},"geometry":{"type":"Polygon","coordinates":[[[-74.00863230228424,40.71602137168534],[-74.0085518360138,40.7159847779347],[-74.00843918323517,40.71613115281661],[-74.00851964950562,40.71616774648679],[-74.00863230228424,40.71602137168534]]]}},{"type":"Feature","properties":{"id":"927c0e4c-3401-4798-9c05-58d055fe44a2","height":22.7,"subtype":null,"class":null},"geometry":{"type":"Polygon","coordinates":[[[-74.0102630853653,40.71852189699756],[-74.00998413562775,40.718489370441965],[-74.00996267795563,40.71859914750341],[-74.01024162769318,40.71863167400537],[-74.0102630853653,40.71852189699756]]]}},{"type":"Feature","properties":{"id":"eeac1e1b-df53-4bc0-ba76-c3975430b8e2","height":228,"subtype":"commercial","class":"office"},"geometry":{"type":"Polygon","coordinates":[[[-74.01225328445435,40.71316293258657],[-74.01188313961029,40.712996220402246],[-74.01173830032349,40.713557347555806],[-74.01227474212646,40.71379724830153],[-74.01241421699524,40.71323205702841],[-74.01225328445435,40.71316293258657]]]}},{"type":"Feature","properties":{"id":"2cb8bef8-2572-4b91-8655-6812a8db6483","height":31.1,"subtype":null,"class":null},"geometry":{"type":"Polygon","coordinates":[[[-74.00739312171936,40.72225421370414],[-74.00738775730133,40.72225421370414],[-74.00735020637512,40.72246562407387],[-74.00742530822754,40.72247375522851],[-74.00751113891602,40.72199401540422],[-74.00743067264557,40.72198588419095],[-74.00739312171936,40.72225421370414]]]}},{"type":"Feature","properties":{"id":"6e6e88ab-459c-4031-a218-ae298c848ee0","height":203,"subtype":null,"class":null},"geometry":{"type":"Polygon","coordinates":[[[-74.01015043258667,40.71376471943752],[-74.00972664356232,40.71357361204047],[-74.00957643985748,40.713772851655015],[-74.0099948644638,40.71395989238326],[-74.01002168655396,40.71393142969764],[-74.01015043258667,40.71376471943752]]]}},{"type":"Feature","properties":{"id":"3f5ef4fc-a063-4279-8028-46f55b6d4f8e","height":21.4,"subtype":null,"class":null},"geometry":{"type":"Polygon","coordinates":[[[-74.00714099407196,40.71533828502335],[-74.00695860385895,40.71525696471578],[-74.00685131549835,40.71539927518884],[-74.00703370571136,40.71548059532255],[-74.00714099407196,40.71533828502335]]]}},{"type":"Feature","properties":{"id":"bfe10224-da42-4fad-b31f-503a58bd2033","height":18.4,"subtype":null,"class":null},"geometry":{"type":"Polygon","coordinates":[[[-74.0103006362915,40.71763554267334],[-74.01030600070953,40.7176396085458],[-74.01030600070953,40.717651806161705],[-74.01043474674225,40.71766806964612],[-74.01046693325043,40.717525764022845],[-74.01032745838165,40.71750950050368],[-74.0103006362915,40.71763554267334]]]}},{"type":"Feature","properties":{"id":"bd81e28f-05d8-49f8-bc03-d6190f29a392","height":22.1,"subtype":null,"class":null},"geometry":{"type":"Polygon","coordinates":[[[-74.0106064081192,40.717082581704375],[-74.01028990745544,40.717041922628326],[-74.01026844978333,40.71713543846613],[-74.01058495044708,40.71717203158429],[-74.0106064081192,40.717082581704375]]]}},{"type":"Feature","properties":{"id":"d8b438b5-d2d5-4492-bb9f-86d497784477","height":20.5,"subtype":null,"class":null},"geometry":{"type":"Polygon","coordinates":[[[-74.00969982147217,40.71582620478281],[-74.00961399078369,40.71578554493942],[-74.00947451591492,40.71596444806454],[-74.0095603466034,40.71600510779866],[-74.00969982147217,40.71582620478281]]]}},{"type":"Feature","properties":{"id":"ed96b323-2cdc-4455-b2d7-7362b55add8e","height":24.9,"subtype":null,"class":null},"geometry":{"type":"Polygon","coordinates":[[[-74.01019871234894,40.714521011415236],[-74.01007533073425,40.714683653728876],[-74.01015043258667,40.71471211609291],[-74.01027381420135,40.714557605970434],[-74.01019871234894,40.714521011415236]]]}},{"type":"Feature","properties":{"id":"d1496385-2bc8-48c1-af72-9911ebd1471f","height":24,"subtype":null,"class":null},"geometry":{"type":"Polygon","coordinates":[[[-74.01017725467682,40.71561070732995],[-74.01002168655396,40.71554158535768],[-74.00988757610321,40.71571642314869],[-74.01004314422607,40.71578554493942],[-74.01017725467682,40.71561070732995]]]}},{"type":"Feature","properties":{"id":"b6696834-fdfd-4a1e-bf47-ee344145976d","height":19.2,"subtype":null,"class":null},"geometry":{"type":"Polygon","coordinates":[[[-74.00974810123444,40.7191155038455],[-74.00972664356232,40.71912363540942],[-74.00969445705414,40.71930252956401],[-74.00976955890656,40.71930659533466],[-74.0097963809967,40.71913176697233],[-74.00978028774261,40.7191155038455],[-74.00974810123444,40.7191155038455]]]}},{"type":"Feature","properties":{"id":"bdbfa15d-323d-4397-86e8-68722e1295ab","height":20.4,"subtype":null,"class":null},"geometry":{"type":"Polygon","coordinates":[[[-74.00969445705414,40.71529762488197],[-74.00960862636566,40.71526103073351],[-74.0095603466034,40.71532202096977],[-74.00969982147217,40.71538301115015],[-74.00974810123444,40.71532608698354],[-74.00969445705414,40.71529762488197]]]}},{"type":"Feature","properties":{"id":"c5ce3463-86e7-46c8-a192-b5223ae906fc","height":31.2,"subtype":null,"class":null},"geometry":{"type":"Polygon","coordinates":[[[-74.00990903377533,40.71660686896014],[-74.00967836380005,40.71650115455535],[-74.00958180427551,40.716627198634136],[-74.0098124742508,40.71673291283877],[-74.00990903377533,40.71660686896014]]]}},{"type":"Feature","properties":{"id":"417515e0-072a-41f8-a406-39d7bc768afc","height":26.4,"subtype":null,"class":null},"geometry":{"type":"Polygon","coordinates":[[[-74.01094973087311,40.72233145987864],[-74.01064932346344,40.72230300077214],[-74.01062786579132,40.72244123060393],[-74.01092827320099,40.72246968965131],[-74.01094973087311,40.72233145987864]]]}},{"type":"Feature","properties":{"id":"97bd18b8-482e-4e33-910e-53bbe1717bcc","height":3.8,"subtype":null,"class":null},"geometry":{"type":"Polygon","coordinates":[[[-74.0071839094162,40.718611344943504],[-74.00724828243256,40.71853002863397],[-74.00720536708832,40.71850563372175],[-74.0071839094162,40.718611344943504]]]}},{"type":"Feature","properties":{"id":"4cfda866-7e47-44f9-a340-9275d2cdaa82","height":29.8,"subtype":null,"class":null},"geometry":{"type":"Polygon","coordinates":[[[-74.00402426719666,40.7189000170401],[-74.00386869907379,40.71883089848306],[-74.00368094444275,40.719070780226275],[-74.00383651256561,40.71913989853424],[-74.00402426719666,40.7189000170401]]]}},{"type":"Feature","properties":{"id":"c25cd2b6-be97-4799-b67d-81736e1fb71f","height":21,"subtype":null,"class":null},"geometry":{"type":"Polygon","coordinates":[[[-74.00377213954926,40.7195830671565],[-74.00376677513123,40.71959119866329],[-74.0039974451065,40.71969690816114],[-74.00404572486877,40.71963592193286],[-74.0038150548935,40.719530212338164],[-74.00377213954926,40.7195830671565]]]}},{"type":"Feature","properties":{"id":"ae9c97a8-4ee3-4800-9845-0e8039d133ec","height":48.2,"subtype":null,"class":null},"geometry":{"type":"Polygon","coordinates":[[[-74.01002168655396,40.71393142969764],[-74.01009142398834,40.7139639584802],[-74.00991976261139,40.71418759343014],[-74.01007533073425,40.714256716808144],[-74.01037573814392,40.71386637208482],[-74.01015043258667,40.71376471943752],[-74.01002168655396,40.71393142969764]]]}},{"type":"Feature","properties":{"id":"9edd7dba-9e49-4117-9686-1dcad00fab95","height":23.4,"subtype":null,"class":null},"geometry":{"type":"Polygon","coordinates":[[[-74.0073823928833,40.71502113526214],[-74.00737166404724,40.71501300319712],[-74.00722682476044,40.71519597441992],[-74.00737166404724,40.715265096751004],[-74.00766670703888,40.71489915418247],[-74.0075272321701,40.71483816355883],[-74.0073823928833,40.71502113526214]]]}},{"type":"Feature","properties":{"id":"e7236199-b955-4a5f-bf75-ee462e128dc5","height":22.2,"subtype":null,"class":null},"geometry":{"type":"Polygon","coordinates":[[[-74.00503277778625,40.71776565046912],[-74.0050220489502,40.717761584604354],[-74.00485038757324,40.717973009243075],[-74.00492548942566,40.718005536050974],[-74.00509715080261,40.71778597978925],[-74.0050756931305,40.71777784806195],[-74.00508642196655,40.717761584604354],[-74.00504887104034,40.7177453211428],[-74.00503277778625,40.71776565046912]]]}},{"type":"Feature","properties":{"id":"3f797ff2-26d8-4616-9dd7-0e8ca8fe4803","height":2.5,"subtype":null,"class":null},"geometry":{"type":"Polygon","coordinates":[[[-74.00757551193237,40.71785916529027],[-74.00760233402252,40.71787136286597],[-74.00764524936676,40.717822572549814],[-74.00761306285858,40.717810374965204],[-74.00757551193237,40.71785916529027]]]}},{"type":"Feature","properties":{"id":"6d8cccda-5e3a-43a8-a44a-9249af4873c6","height":21.5,"subtype":null,"class":null},"geometry":{"type":"Polygon","coordinates":[[[-74.01030600070953,40.717651806161705],[-74.01013433933258,40.71762741092766],[-74.01011824607849,40.71769653073427],[-74.01041865348816,40.717733123544015],[-74.01043474674225,40.71766806964612],[-74.01030600070953,40.717651806161705]]]}},{"type":"Feature","properties":{"id":"cd1146c7-d9f6-450b-9bfa-8cf67dea1383","height":27.2,"subtype":null,"class":null},"geometry":{"type":"Polygon","coordinates":[[[-74.0097427368164,40.71772905767726],[-74.00975346565247,40.717688398996046],[-74.00960326194763,40.71766806964612],[-74.00955498218536,40.717912021435424],[-74.00973737239838,40.71793235071086],[-74.00978028774261,40.717733123544015],[-74.0097427368164,40.71772905767726]]]}},{"type":"Feature","properties":{"id":"b28fe7e6-0142-4cf8-9e78-cf335c751153","height":144.5,"subtype":null,"class":null},"geometry":{"type":"Polygon","coordinates":[[[-74.00569260120392,40.7146999179384],[-74.00493085384369,40.714346170484916],[-74.0046626329422,40.71467958767588],[-74.00465190410614,40.71467145556914],[-74.00459289550781,40.71474871054308],[-74.00468945503235,40.714793437065985],[-74.00469481945038,40.71478530497316],[-74.00474846363068,40.714809701248676],[-74.00474309921265,40.71481783333854],[-74.00521516799927,40.71503739938922],[-74.0052205324173,40.715033333357816],[-74.0052741765976,40.71505772954247],[-74.00526881217957,40.715061795572375],[-74.00536000728607,40.715106521884934],[-74.00569260120392,40.7146999179384]]]}},{"type":"Feature","properties":{"id":"1c7ac482-fb6b-45bc-9e80-264dfe706935","height":9.4,"subtype":null,"class":null},"geometry":{"type":"Polygon","coordinates":[[[-74.00611102581024,40.7159847779347],[-74.00598227977753,40.7159278542826],[-74.00584816932678,40.71609455912629],[-74.0059769153595,40.716155548598955],[-74.00611102581024,40.7159847779347]]]}},{"type":"Feature","properties":{"id":"fb5d5950-d06d-422b-aa27-aac614531f0a","height":8.2,"subtype":null,"class":null},"geometry":{"type":"Polygon","coordinates":[[[-74.0077793598175,40.715635103303],[-74.00762379169464,40.715565981356086],[-74.00751113891602,40.71571235715877],[-74.00766670703888,40.71578147895372],[-74.0077793598175,40.715635103303]]]}},{"type":"Feature","properties":{"id":"d54c6048-5327-454a-9001-15bac4de0398","height":22.1,"subtype":null,"class":null},"geometry":{"type":"Polygon","coordinates":[[[-74.01024162769318,40.71707851579789],[-74.01018798351288,40.71705818626172],[-74.01003241539001,40.71725741544845],[-74.01017189025879,40.71732246974763],[-74.010209441185,40.71718016338559],[-74.01019334793091,40.71717203158429],[-74.01022553443909,40.71713543846613],[-74.01024162769318,40.71707851579789]]]}},{"type":"Feature","properties":{"id":"d0f116dc-178e-4b0b-a765-00702f62d5ff","height":83.5,"subtype":"residential","class":"residential"},"geometry":{"type":"Polygon","coordinates":[[[-74.0157026052475,40.71721269058087],[-74.01570796966553,40.71721675647916],[-74.01563823223114,40.71730214028596],[-74.0156489610672,40.71730620617879],[-74.01553094387054,40.717460709922314],[-74.01574552059174,40.717558291049265],[-74.01582598686218,40.71748917109913],[-74.01591718196869,40.71737939220727],[-74.01604056358337,40.71720862468233],[-74.01611566543579,40.71709477942235],[-74.01588499546051,40.71698906579232],[-74.0157026052475,40.71721269058087]]]}},{"type":"Feature","properties":{"id":"8d9e15a8-2052-4a2d-9e96-1447579cfa4e","height":24.5,"subtype":null,"class":null},"geometry":{"type":"Polygon","coordinates":[[[-74.00724828243256,40.71853002863397],[-74.0071839094162,40.718611344943504],[-74.00717318058014,40.71866420049143],[-74.00723218917847,40.71868859534554],[-74.00738775730133,40.71849343626228],[-74.00730729103088,40.718452778047926],[-74.00724828243256,40.71853002863397]]]}},{"type":"Feature","properties":{"id":"712caa22-9d14-4426-899d-1af03e3ed154","height":39.6,"subtype":null,"class":null},"geometry":{"type":"Polygon","coordinates":[[[-74.00722682476044,40.71906264865593],[-74.00737702846527,40.71907891179564],[-74.00742530822754,40.718806503681094],[-74.00737702846527,40.71877397726456],[-74.00728583335876,40.71876991146137],[-74.00723218917847,40.71879430627676],[-74.0072375535965,40.7188024378799],[-74.00719463825226,40.719050451298514],[-74.00722682476044,40.71906264865593]]]}},{"type":"Feature","properties":{"id":"81786cf8-66f6-42a4-aa64-bccc03c32dcd","height":26.6,"subtype":null,"class":null},"geometry":{"type":"Polygon","coordinates":[[[-74.00770425796509,40.72014413879461],[-74.00773644447327,40.7199571154407],[-74.00754868984222,40.71994085251552],[-74.00751113891602,40.720140073075115],[-74.00761842727661,40.720148204513855],[-74.00761306285858,40.72019292740922],[-74.00769889354706,40.72019699312549],[-74.00770425796509,40.72014413879461]]]}},{"type":"Feature","properties":{"id":"e6ff8d61-29e3-444a-bd01-b3c39225631e","height":38.9,"subtype":null,"class":null},"geometry":{"type":"Polygon","coordinates":[[[-74.01044011116028,40.72228267283149],[-74.01028990745544,40.72226641047451],[-74.0102630853653,40.722433099445304],[-74.0104079246521,40.72244936176158],[-74.01044011116028,40.72228267283149]]]}},{"type":"Feature","properties":{"id":"c7521934-9bd1-41be-996e-bd752396a92c","height":27.8,"subtype":null,"class":null},"geometry":{"type":"Polygon","coordinates":[[[-74.00893807411194,40.71710697713809],[-74.00870203971863,40.71707851579789],[-74.00868594646454,40.71714763617441],[-74.00892734527588,40.71717609748506],[-74.00893807411194,40.71710697713809]]]}},{"type":"Feature","properties":{"id":"67a1073f-2d3f-4c4a-8b94-391cfac5f80a","height":24.8,"subtype":null,"class":null},"geometry":{"type":"Polygon","coordinates":[[[-74.00756478309631,40.71578554493942],[-74.00759160518646,40.71574488507122],[-74.00751113891602,40.71571235715877],[-74.00729656219482,40.71598884390799],[-74.00737702846527,40.71602137168534],[-74.00756478309631,40.71578554493942]]]}},{"type":"Feature","properties":{"id":"76739fe8-d0fa-4625-bb2e-2d97ce7ef08e","height":71,"subtype":"commercial","class":"office"},"geometry":{"type":"Polygon","coordinates":[[[-74.01252686977386,40.71484222960214],[-74.0126770734787,40.714289245431786],[-74.01195824146271,40.71397209067336],[-74.01192605495453,40.71395989238326],[-74.01189923286438,40.71395582628604],[-74.01187777519226,40.7139639584802],[-74.01186168193817,40.713980222865516],[-74.01164710521698,40.71480156915783],[-74.01250004768372,40.71494388060431],[-74.01252686977386,40.71484222960214]]]}},{"type":"Feature","properties":{"id":"e1b7f9f3-3029-4448-9c72-16fe872e5e2e","height":11.3,"subtype":null,"class":null},"geometry":{"type":"Polygon","coordinates":[[[-74.00489866733551,40.720566972266475],[-74.00483429431915,40.72053851240556],[-74.00469481945038,40.72072146844197],[-74.00475919246674,40.720749928224656],[-74.00489866733551,40.720566972266475]]]}},{"type":"Feature","properties":{"id":"a5072f67-d7cb-44b2-82ec-3250d903a404","height":20.6,"subtype":null,"class":null},"geometry":{"type":"Polygon","coordinates":[[[-74.00973737239838,40.71837959319948],[-74.00972127914429,40.71839179067982],[-74.00967299938202,40.71863980562837],[-74.0097588300705,40.71864793725038],[-74.0098124742508,40.718399922332125],[-74.0097963809967,40.718387724853294],[-74.00973737239838,40.71837959319948]]]}},{"type":"Feature","properties":{"id":"3b28a257-957e-44ae-9ef4-061c9d6edbe8","height":24.5,"subtype":null,"class":null},"geometry":{"type":"Polygon","coordinates":[[[-74.00753796100616,40.718562555169704],[-74.00746285915375,40.71852596281588],[-74.00730729103088,40.71872518760998],[-74.0073823928833,40.71875771405035],[-74.00753796100616,40.718562555169704]]]}},{"type":"Feature","properties":{"id":"89b713e9-02f0-47a7-9ca9-fdaaa664fa4f","height":26.7,"subtype":null,"class":null},"geometry":{"type":"Polygon","coordinates":[[[-74.00901854038239,40.716464561068435],[-74.0089863538742,40.71644829728999],[-74.00880932807922,40.71667598982637],[-74.00897026062012,40.716749176547665],[-74.0089863538742,40.71674511062083],[-74.00899708271027,40.716736978766384],[-74.00901854038239,40.716464561068435]]]}},{"type":"Feature","properties":{"id":"1ea461de-8c62-4a99-8693-858616b4ccd7","height":6,"subtype":null,"class":null},"geometry":{"type":"Polygon","coordinates":[[[-74.00452315807343,40.72087596425887],[-74.00443732738495,40.72083937317676],[-74.00445878505707,40.72081497911083],[-74.0044105052948,40.720794650715725],[-74.00429785251617,40.72093288367997],[-74.00439441204071,40.72100200005444],[-74.00452315807343,40.72087596425887]]]}},{"type":"Feature","properties":{"id":"f455f241-be1d-40f1-8beb-047e9a2e553a","height":51.1,"subtype":null,"class":null},"geometry":{"type":"Polygon","coordinates":[[[-74.00965690612793,40.71560664133357],[-74.00975346565247,40.715484661326656],[-74.00951743125916,40.715378945139875],[-74.00943160057068,40.715484661326656],[-74.00944232940674,40.715509057345905],[-74.00965690612793,40.71560664133357]]]}},{"type":"Feature","properties":{"id":"943e21f6-5342-4c85-8e01-10b85db930b0","height":36.9,"subtype":null,"class":null},"geometry":{"type":"Polygon","coordinates":[[[-74.00971591472626,40.71966438217968],[-74.00991976261139,40.7196806451724],[-74.00991439819336,40.71971317114592],[-74.01005923748016,40.71972536838189],[-74.01009142398834,40.71952208082392],[-74.0097427368164,40.71948955475704],[-74.00971591472626,40.71966438217968]]]}},{"type":"Feature","properties":{"id":"9a17e2bf-9d01-4a40-a84a-d0a489e0d3ef","height":28,"subtype":null,"class":null},"geometry":{"type":"Polygon","coordinates":[[[-74.00861620903015,40.72325434145058],[-74.00866448879242,40.72295349159505],[-74.008229970932,40.72291283610487],[-74.00818169116974,40.72321368614416],[-74.00861620903015,40.72325434145058]]]}},{"type":"Feature","properties":{"id":"07904194-c3c4-4139-9547-5921f509509b","height":20,"subtype":null,"class":null},"geometry":{"type":"Polygon","coordinates":[[[-74.00959253311157,40.72380725115237],[-74.00958180427551,40.723872299050605],[-74.00984466075897,40.7239007574861],[-74.00985538959503,40.72383570961567],[-74.00959253311157,40.72380725115237]]]}},{"type":"Feature","properties":{"id":"a1fc6f3e-02c7-4b13-af45-bebd98225486","height":12.7,"subtype":null,"class":null},"geometry":{"type":"Polygon","coordinates":[[[-74.0045553445816,40.71761114743332],[-74.00449097156525,40.71758675218435],[-74.00437831878662,40.71775751873934],[-74.00444269180298,40.71778597978925],[-74.0045553445816,40.71761114743332]]]}},{"type":"Feature","properties":{"id":"08c72b0a-9b2a-45ca-8b3c-3011f05fb9fa","height":21.1,"subtype":null,"class":null},"geometry":{"type":"Polygon","coordinates":[[[-74.00946378707886,40.72120121743814],[-74.00944232940674,40.72120121743814],[-74.00942087173462,40.72133944955805],[-74.00950133800507,40.7213475808503],[-74.00951206684113,40.721278464834654],[-74.0097963809967,40.72130285873072],[-74.00982856750488,40.72109957599034],[-74.00948524475098,40.72106705069427],[-74.00946378707886,40.72120121743814]]]}},{"type":"Feature","properties":{"id":"4d91218b-07bb-4ae7-a6ee-b1133a7f5732","subtype":"residential","class":"residential"},"geometry":{"type":"Polygon","coordinates":[[[-74.01173830032349,40.715106521884934],[-74.01158273220062,40.7150780596895],[-74.0115612745285,40.71515938021559],[-74.01170611381531,40.71518377635406],[-74.01173830032349,40.715106521884934]]]}},{"type":"Feature","properties":{"id":"5e74a9de-3157-42b2-8bd7-4ff352018cf6","height":17.5,"subtype":null,"class":null},"geometry":{"type":"Polygon","coordinates":[[[-74.00526344776154,40.71774125527678],[-74.00534391403198,40.71777378219791],[-74.0053278207779,40.71779411151555],[-74.00544583797455,40.71784696771237],[-74.00549411773682,40.71778597978925],[-74.00537610054016,40.717733123544015],[-74.00537073612213,40.71774125527678],[-74.00534927845001,40.717733123544015],[-74.00538146495819,40.71769246486529],[-74.00540292263031,40.71770059660302],[-74.00546729564667,40.717615213307276],[-74.00539219379425,40.71757862043272],[-74.00526344776154,40.71774125527678]]]}},{"type":"Feature","properties":{"id":"ca49c89e-8df5-4940-bfbe-4dca4650c992","height":9.7,"subtype":null,"class":null},"geometry":{"type":"Polygon","coordinates":[[[-74.00546729564667,40.71591972232834],[-74.00551557540894,40.71586279862061],[-74.00520443916321,40.71572048913836],[-74.00516152381897,40.715777412967775],[-74.00546729564667,40.71591972232834]]]}},{"type":"Feature","properties":{"id":"f341c140-3495-4f5f-a601-2a254f61c5e5","height":70.7,"subtype":null,"class":null},"geometry":{"type":"Polygon","coordinates":[[[-74.00493621826172,40.71680203357414],[-74.0049147605896,40.71682642911064],[-74.00443732738495,40.71660686896014],[-74.00422275066376,40.71687522015687],[-74.00499522686005,40.71722895417256],[-74.00517761707306,40.71700126352743],[-74.00494694709778,40.71689554974892],[-74.00500059127808,40.71683456095418],[-74.00493621826172,40.71680203357414]]]}},{"type":"Feature","properties":{"id":"b221a6b2-6801-480c-8326-2b4cffe8ef23","height":13.4,"subtype":null,"class":null},"geometry":{"type":"Polygon","coordinates":[[[-74.00982856750488,40.723380372742646],[-74.00984466075897,40.7233071933118],[-74.00967836380005,40.72329093120511],[-74.00966763496399,40.72336411065386],[-74.00982856750488,40.723380372742646]]]}},{"type":"Feature","properties":{"id":"70319f0b-6e6b-4ac0-8dbf-293dc284a3e5","height":40.7,"subtype":null,"class":null},"geometry":{"type":"Polygon","coordinates":[[[-74.00595009326935,40.720725534125954],[-74.00583744049072,40.72137604036527],[-74.00633633136749,40.72142889371798],[-74.00644898414612,40.72077838799519],[-74.00595009326935,40.720725534125954]]]}},{"type":"Feature","properties":{"id":"3381903e-e8ac-4a84-b962-a2e9393fa8e6","height":14.7,"subtype":null,"class":null},"geometry":{"type":"Polygon","coordinates":[[[-74.00468409061432,40.71766806964612],[-74.00461971759796,40.7176396085458],[-74.0045017004013,40.717810374965204],[-74.00454998016357,40.7178347701322],[-74.00468409061432,40.71766806964612]]]}},{"type":"Feature","properties":{"id":"469c36c9-dbe5-4473-9a48-03b072e2fe88","height":25.9,"subtype":null,"class":null},"geometry":{"type":"Polygon","coordinates":[[[-74.0093457698822,40.72247782080548],[-74.00913119316101,40.72245749291822],[-74.00909900665283,40.72263637811306],[-74.00931358337402,40.72265670594567],[-74.0093457698822,40.72247782080548]]]}},{"type":"Feature","properties":{"id":"f43b8a22-a59c-4efe-bbb1-1e38dd03bc9a","height":51.4,"subtype":null,"class":null},"geometry":{"type":"Polygon","coordinates":[[[-74.00791883468628,40.71378504997941],[-74.00810122489929,40.71356141367736],[-74.0077793598175,40.71341503314563],[-74.0077257156372,40.71348415732571],[-74.00775790214539,40.71349635570297],[-74.00762915611267,40.71365493440414],[-74.00776326656342,40.7137159261117],[-74.00780081748962,40.71367119886495],[-74.00787055492401,40.71370372777466],[-74.0078330039978,40.71374845499957],[-74.00791883468628,40.71378504997941]]]}},{"type":"Feature","properties":{"id":"a6ca2694-6e27-4707-a72a-67f1ff9ffe65","height":21.7,"subtype":null,"class":null},"geometry":{"type":"Polygon","coordinates":[[[-74.00891125202179,40.72212818027963],[-74.00887906551361,40.72233145987864],[-74.0091472864151,40.72238024688999],[-74.00918483734131,40.72215663946088],[-74.00891125202179,40.72212818027963]]]}},{"type":"Feature","properties":{"id":"cc211c98-2a5e-4673-a195-04aa051ab823","height":32.4,"subtype":null,"class":null},"geometry":{"type":"Polygon","coordinates":[[[-74.00983393192291,40.71770059660302],[-74.00978565216064,40.71769653073427],[-74.00973737239838,40.71793235071086],[-74.00982320308685,40.717944548273124],[-74.00987148284912,40.71771686007551],[-74.00983393192291,40.71771279420774],[-74.00983393192291,40.71770059660302]]]}},{"type":"Feature","properties":{"id":"9b52b535-6771-4462-9a55-3282d1dddf26","height":27,"subtype":null,"class":null},"geometry":{"type":"Polygon","coordinates":[[[-74.0095442533493,40.71837959319948],[-74.00955498218536,40.718347066574346],[-74.00945842266083,40.718334869085844],[-74.00940477848053,40.718607279130396],[-74.00958180427551,40.71862760819348],[-74.00963008403778,40.718387724853294],[-74.0095442533493,40.71837959319948]]]}},{"type":"Feature","properties":{"id":"2e8ab7df-5d48-4209-a0a1-2f0c5d6e1cc9","height":21.2,"subtype":null,"class":null},"geometry":{"type":"Polygon","coordinates":[[[-74.0037989616394,40.7192862664789],[-74.00372385978699,40.719249674522906],[-74.00354146957397,40.71947329171762],[-74.00362193584442,40.71950988355069],[-74.0037989616394,40.7192862664789]]]}},{"type":"Feature","properties":{"id":"6b6b6e5d-6492-40b2-a412-48c8c43b9a1e","height":19.7,"subtype":null,"class":null},"geometry":{"type":"Polygon","coordinates":[[[-74.00427103042603,40.718241354932935],[-74.00421738624573,40.71821695991491],[-74.00409400463104,40.71837552737222],[-74.0042495727539,40.718448712225126],[-74.00437295436859,40.71829014494213],[-74.0043193101883,40.71826168410777],[-74.00434613227844,40.71822509158857],[-74.00429785251617,40.718204762402564],[-74.00427103042603,40.718241354932935]]]}},{"type":"Feature","properties":{"id":"bcc4f642-dd79-424c-af01-d5202c19aff6","height":20.6,"subtype":"residential","class":"apartments"},"geometry":{"type":"Polygon","coordinates":[[[-74.00733947753906,40.7176721355166],[-74.00725901126862,40.71763554267334],[-74.00716781616211,40.71774938700856],[-74.00724828243256,40.71778597978925],[-74.00733947753906,40.7176721355166]]]}},{"type":"Feature","properties":{"id":"259814f6-e542-462a-a30d-1dc18e764785","height":35.9,"subtype":"education","class":"university"},"geometry":{"type":"Polygon","coordinates":[[[-74.00664746761322,40.717631476800626],[-74.00656700134277,40.71759488393502],[-74.00635242462158,40.71786729700766],[-74.00696396827698,40.71814377480724],[-74.00709807872772,40.717977075094936],[-74.00694787502289,40.717907955579605],[-74.00700151920319,40.71783883599252],[-74.00676548480988,40.71774125527678],[-74.00695323944092,40.71749730286169],[-74.00680840015411,40.71742818284822],[-74.00664746761322,40.717631476800626]]]}},{"type":"Feature","properties":{"id":"018f2012-fd23-4d21-8048-9e831e7c6d06","height":25.4,"subtype":null,"class":null},"geometry":{"type":"Polygon","coordinates":[[[-74.01000559329987,40.715960382089754],[-74.00992512702942,40.7159278542826],[-74.0097963809967,40.71609862509289],[-74.00987148284912,40.71613115281661],[-74.01000559329987,40.715960382089754]]]}},{"type":"Feature","properties":{"id":"3edcfd8b-0435-4490-9c58-d7353b045808","height":78.9,"subtype":null,"class":null},"geometry":{"type":"Polygon","coordinates":[[[-74.0099948644638,40.71395989238326],[-74.00998413562775,40.71397209067336],[-74.00917410850525,40.71361020711641],[-74.00903463363647,40.71378911608703],[-74.00991976261139,40.71418759343014],[-74.01008605957031,40.713976156769554],[-74.0100109577179,40.71393956189476],[-74.0099948644638,40.71395989238326]]]}},{"type":"Feature","properties":{"id":"7a9a6f51-08a3-493c-83ec-cd6e672eaaea","height":23.7,"subtype":null,"class":null},"geometry":{"type":"Polygon","coordinates":[[[-74.00448560714722,40.717562356926464],[-74.00436758995056,40.71750543462327],[-74.00422275066376,40.71768433312656],[-74.00437831878662,40.71775751873934],[-74.00449097156525,40.71758675218435],[-74.00447487831116,40.71758268630866],[-74.00448560714722,40.717562356926464]]]}},{"type":"Feature","properties":{"id":"9476c10f-e147-4212-820f-d567e471a620","height":30.1,"subtype":null,"class":null},"geometry":{"type":"Polygon","coordinates":[[[-74.00795638561249,40.72207532748221],[-74.00791883468628,40.7220793930835],[-74.00788128376007,40.72230706635953],[-74.00801539421082,40.72232332870658],[-74.00805830955505,40.72207532748221],[-74.00804221630096,40.722071261880664],[-74.00804221630096,40.72204686826621],[-74.00796175003052,40.72203873705941],[-74.00795638561249,40.72207532748221]]]}},{"type":"Feature","properties":{"id":"6db9bb70-8a26-4df5-88b9-d641ce6b6b8c","height":21.5,"subtype":null,"class":null},"geometry":{"type":"Polygon","coordinates":[[[-74.00832653045654,40.71366306663504],[-74.00824069976807,40.71362647158815],[-74.00805830955505,40.7138623059819],[-74.0081387758255,40.71390296699985],[-74.00832653045654,40.71366306663504]]]}},{"type":"Feature","properties":{"id":"08cc600d-c948-4132-893f-be6a3eadd098","height":21,"subtype":null,"class":null},"geometry":{"type":"Polygon","coordinates":[[[-74.0102630853653,40.715643235292056],[-74.01025772094727,40.71563916929766],[-74.01012361049652,40.71581400683239],[-74.01019334793091,40.71584653469517],[-74.01033282279968,40.715671697245874],[-74.0102630853653,40.715643235292056]]]}},{"type":"Feature","properties":{"id":"e3bd23b5-29f6-48b7-b8c5-4a7d9ee2909e","height":42.1,"subtype":null,"class":null},"geometry":{"type":"Polygon","coordinates":[[[-74.01025772094727,40.72159151915536],[-74.00997340679169,40.72156305973251],[-74.00995194911957,40.7217053567251],[-74.010209441185,40.721729750464725],[-74.01021480560303,40.72171755359604],[-74.01020407676697,40.72171755359604],[-74.01021480560303,40.721660634845925],[-74.0102469921112,40.72166470047255],[-74.01025772094727,40.72159151915536]]]}},{"type":"Feature","properties":{"id":"c33b0ac9-83cd-4368-829e-1bd7fdd8a4c6","height":30,"subtype":null,"class":null},"geometry":{"type":"Polygon","coordinates":[[[-74.00980174541473,40.72468132697245],[-74.00967836380005,40.72477889751455],[-74.00986075401306,40.72490899134819],[-74.00990903377533,40.72486833705249],[-74.0099948644638,40.7248805333438],[-74.01002168655396,40.724709785062004],[-74.00983393192291,40.72468945785641],[-74.00980174541473,40.72468132697245]]]}},{"type":"Feature","properties":{"id":"d79bf836-ce9e-4bee-b062-ec37e6c16115","height":50.8,"subtype":null,"class":null},"geometry":{"type":"Polygon","coordinates":[[[-74.00942087173462,40.71655807771726],[-74.00938868522644,40.71660280302461],[-74.00929749011993,40.71655807771726],[-74.00926530361176,40.71688741791283],[-74.00941014289856,40.7169524725736],[-74.00952279567719,40.71681016542063],[-74.0095067024231,40.71680203357414],[-74.00953888893127,40.716757308400624],[-74.00955498218536,40.71676544025257],[-74.00963008403778,40.716671923895035],[-74.00946378707886,40.71659467115277],[-74.00947451591492,40.71658247334316],[-74.00942087173462,40.71655807771726]]]}},{"type":"Feature","properties":{"id":"11458424-54b1-4f5d-82cc-a013a872e5b0","height":5.4,"subtype":"commercial","class":"retail"},"geometry":{"type":"Polygon","coordinates":[[[-74.00358974933624,40.720213255988064],[-74.0035092830658,40.720172598824135],[-74.00340735912323,40.720290504531135],[-74.00348246097565,40.720343358745794],[-74.00358974933624,40.720213255988064]]]}},{"type":"Feature","properties":{"id":"ceae780c-9dce-4e8a-abde-007e00999608","height":29.4,"subtype":null,"class":null},"geometry":{"type":"Polygon","coordinates":[[[-74.00968909263611,40.714293311508634],[-74.00961399078369,40.714256716808144],[-74.00928139686584,40.71467145556914],[-74.00935649871826,40.71470805004165],[-74.00968909263611,40.714293311508634]]]}},{"type":"Feature","properties":{"id":"e60f2fac-0546-4dc8-a029-9deba985ecd0","height":24.1,"subtype":null,"class":null},"geometry":{"type":"Polygon","coordinates":[[[-74.0053117275238,40.717546093416225],[-74.00523662567139,40.71750950050368],[-74.0050595998764,40.71773718941052],[-74.00513470172882,40.71776971633364],[-74.0053117275238,40.717546093416225]]]}},{"type":"Feature","properties":{"id":"034f8cae-470a-48c1-a2f7-21035b165fcb","height":23.6,"subtype":"residential","class":"apartments"},"geometry":{"type":"Polygon","coordinates":[[[-74.00459289550781,40.720904423975504],[-74.00453388690948,40.72097760604811],[-74.00445878505707,40.7210426567118],[-74.00458753108978,40.72113616692944],[-74.00463044643402,40.72113616692944],[-74.0047538280487,40.72097760604811],[-74.00459289550781,40.720904423975504]]]}},{"type":"Feature","properties":{"id":"e2267208-b132-4ec9-bddd-22d60a4b0a22","height":18.118858337402344,"subtype":"residential","class":"apartments"},"geometry":{"type":"Polygon","coordinates":[[[-74.0107136964798,40.72406744236388],[-74.01070296764374,40.724128424531955],[-74.01109457015991,40.72416501380596],[-74.01118576526642,40.72368935167477],[-74.01092290878296,40.72366495865334],[-74.01090681552887,40.72377066168168],[-74.0110033750534,40.723778792676896],[-74.01098728179932,40.723872299050605],[-74.01090145111084,40.723864168066804],[-74.01089608669281,40.72388856101524],[-74.01074588298798,40.723872299050605],[-74.01073515415192,40.72394547786015],[-74.01062786579132,40.723933281397464],[-74.01067614555359,40.72364056562297],[-74.01042938232422,40.72361617258365],[-74.01034891605377,40.72409183523781],[-74.01060104370117,40.724116228102794],[-74.01062786579132,40.72395360883401],[-74.01072978973389,40.72396580529294],[-74.0107136964798,40.72406744236388]]]}},{"type":"Feature","properties":{"id":"530fc384-add1-4f0b-be56-239f0286517a","height":25,"subtype":null,"class":null},"geometry":{"type":"Polygon","coordinates":[[[-74.00589644908905,40.71330931367255],[-74.00585889816284,40.713354041162425],[-74.00574088096619,40.71330118139846],[-74.00583207607269,40.71318732945659],[-74.00564968585968,40.71310194037243],[-74.00555849075317,40.7132157924603],[-74.00545120239258,40.71316293258657],[-74.00548338890076,40.7131222711167],[-74.00529563426971,40.71303688194911],[-74.00509178638458,40.71328085070882],[-74.00510251522064,40.71328491684724],[-74.0050059556961,40.713402834753445],[-74.00519371032715,40.713488223451705],[-74.00522589683533,40.71344756218049],[-74.00534391403198,40.71350042182825],[-74.0053117275238,40.713537016944414],[-74.00548875331879,40.71361833935276],[-74.00552093982697,40.7135817442813],[-74.00563359260559,40.71363460382253],[-74.00560140609741,40.71367526497952],[-74.00578379631042,40.71376065332841],[-74.00598764419556,40.71352075245081],[-74.00598227977753,40.7135166863268],[-74.00607883930206,40.71339470249077],[-74.00589644908905,40.71330931367255]]]}},{"type":"Feature","properties":{"id":"b3dc88ca-b38a-4472-a912-729923310c99","height":23.6,"subtype":null,"class":null},"geometry":{"type":"Polygon","coordinates":[[[-74.00358438491821,40.718355198232146],[-74.0035092830658,40.718322671595075],[-74.00331616401672,40.718562555169704],[-74.00339126586914,40.71859508168954],[-74.00358438491821,40.718355198232146]]]}},{"type":"Feature","properties":{"id":"07c3be06-40d7-4494-9e10-b60779a4f1fe","height":21.7,"subtype":null,"class":null},"geometry":{"type":"Polygon","coordinates":[[[-74.01055812835693,40.715793676910096],[-74.01046693325043,40.715753017046836],[-74.01033818721771,40.715923788305595],[-74.01043474674225,40.71596851403906],[-74.01055812835693,40.715793676910096]]]}},{"type":"Feature","properties":{"id":"e037cc46-b795-4c99-a099-19222508711f","height":17.2,"subtype":null,"class":null},"geometry":{"type":"Polygon","coordinates":[[[-74.01025235652924,40.71749730286169],[-74.01018261909485,40.71748917109913],[-74.01015043258667,40.71761927918098],[-74.01022553443909,40.71762741092766],[-74.01025235652924,40.71749730286169]]]}},{"type":"Feature","properties":{"id":"007190e1-0ac1-4993-bff1-9336fe2bd697","height":21.6,"subtype":null,"class":null},"geometry":{"type":"Polygon","coordinates":[[[-74.00930285453796,40.71411440389286],[-74.00921165943146,40.71407374300403],[-74.0090399980545,40.714289245431786],[-74.00913119316101,40.714329906189],[-74.00930285453796,40.71411440389286]]]}},{"type":"Feature","properties":{"id":"f528cbd3-5849-420d-b4bc-dc9fde2ed2bf","height":25.3,"subtype":null,"class":null},"geometry":{"type":"Polygon","coordinates":[[[-74.01046693325043,40.7149926730302],[-74.01038646697998,40.71495201267777],[-74.01025772094727,40.71511465393853],[-74.01034355163574,40.715151248167466],[-74.01046693325043,40.7149926730302]]]}},{"type":"Feature","properties":{"id":"82d14ca2-2c04-43b0-b40c-bbfaba341920","height":84.7,"subtype":null,"class":null},"geometry":{"type":"Polygon","coordinates":[[[-74.00595545768738,40.714805635203376],[-74.00583744049072,40.714960144750236],[-74.00620222091675,40.71508619174658],[-74.00623440742493,40.71504553145126],[-74.00620758533478,40.71502926732618],[-74.00627195835114,40.71494794664117],[-74.00595545768738,40.714805635203376]]]}},{"type":"Feature","properties":{"id":"8ec1ee07-ed55-42bb-bd00-a1c077728459","height":22.8,"subtype":null,"class":null},"geometry":{"type":"Polygon","coordinates":[[[-74.010751247406,40.723469814159984],[-74.01077806949615,40.72334378303727],[-74.01047766208649,40.72331125883784],[-74.01045083999634,40.72343729002214],[-74.010751247406,40.723469814159984]]]}},{"type":"Feature","properties":{"id":"b8a32118-68c3-48e4-b1bd-b733f430c6c8","height":23,"subtype":null,"class":null},"geometry":{"type":"Polygon","coordinates":[[[-74.00417983531952,40.718928477601544],[-74.00420129299164,40.71894067498132],[-74.00415301322937,40.71900572763558],[-74.00420665740967,40.71903012236455],[-74.00425493717194,40.718965069734125],[-74.00433540344238,40.719001661846555],[-74.00451242923737,40.718778043067495],[-74.00443732738495,40.71874551663706],[-74.00429248809814,40.718928477601544],[-74.0042120218277,40.71889188544889],[-74.00417983531952,40.718928477601544]]]}},{"type":"Feature","properties":{"id":"6c9e547b-4522-442b-8632-bd7597ff5e88","height":11.1,"subtype":"residential","class":"house"},"geometry":{"type":"Polygon","coordinates":[[[-74.01059567928314,40.71872112180381],[-74.01067078113556,40.71872925341589],[-74.01068687438965,40.71862760819348],[-74.01061177253723,40.71861947656899],[-74.01059567928314,40.71872112180381]]]}},{"type":"Feature","properties":{"id":"e200f97e-c6bd-4007-9ebb-d16ef697f0b9","height":10.8,"subtype":null,"class":null},"geometry":{"type":"Polygon","coordinates":[[[-74.00495231151581,40.71771686007551],[-74.00488257408142,40.71768433312656],[-74.00470554828644,40.717907955579605],[-74.00478065013885,40.717940482419294],[-74.00495231151581,40.71771686007551]]]}},{"type":"Feature","properties":{"id":"8b396999-08a7-48a5-93d7-376e779b054a","height":21.2,"subtype":null,"class":null},"geometry":{"type":"Polygon","coordinates":[[[-74.0037614107132,40.718765845657956],[-74.00368630886078,40.71873331922155],[-74.00348782539368,40.718981332897684],[-74.0035629272461,40.719017925001175],[-74.0037614107132,40.718765845657956]]]}},{"type":"Feature","properties":{"id":"b9797040-6c1b-4796-a7bb-09f2ecba7a92","height":17.3,"subtype":null,"class":null},"geometry":{"type":"Polygon","coordinates":[[[-74.00850355625153,40.71691181341806],[-74.00835871696472,40.71684675871759],[-74.00831043720245,40.716903681583986],[-74.00845527648926,40.716972802142024],[-74.00850355625153,40.71691181341806]]]}},{"type":"Feature","properties":{"id":"9ab22a73-7c0b-44d9-8c42-47847264e0b5","height":5,"subtype":null,"class":null},"geometry":{"type":"Polygon","coordinates":[[[-74.0034019947052,40.72005062718333],[-74.00336444377899,40.72010348158847],[-74.00358974933624,40.720213255988064],[-74.00362730026245,40.72016040167012],[-74.0034019947052,40.72005062718333]]]}},{"type":"Feature","properties":{"id":"75cbe661-1ab9-4eff-b49a-ea1afa0a3b57","height":23.3,"subtype":null,"class":null},"geometry":{"type":"Polygon","coordinates":[[[-74.00558531284332,40.71766806964612],[-74.00546729564667,40.717615213307276],[-74.00537610054016,40.717733123544015],[-74.00549411773682,40.71778597978925],[-74.00558531284332,40.71766806964612]]]}},{"type":"Feature","properties":{"id":"5305bf43-fd5a-45e0-bc0e-8ae609d2ed4d","height":28.9,"subtype":null,"class":null},"geometry":{"type":"Polygon","coordinates":[[[-74.00832653045654,40.71868452953714],[-74.00829434394836,40.718672332110465],[-74.00825142860413,40.71872518760998],[-74.00861084461212,40.718887819652906],[-74.00868058204651,40.71857475261651],[-74.00841772556305,40.71853816026941],[-74.00832653045654,40.71868452953714]]]}},{"type":"Feature","properties":{"id":"f8804384-2102-476d-97c8-0314c0d30a27","height":34,"subtype":null,"class":null},"geometry":{"type":"Polygon","coordinates":[[[-74.01149690151215,40.7222054266004],[-74.0115237236023,40.72202654024734],[-74.01071906089783,40.72194929371898],[-74.01068687438965,40.72212818027963],[-74.01149690151215,40.7222054266004]]]}},{"type":"Feature","properties":{"id":"ec6e0363-8aae-477c-bebd-642de0bab90f","height":30.6,"subtype":null,"class":null},"geometry":{"type":"Polygon","coordinates":[[[-74.0090399980545,40.71431364188909],[-74.00887906551361,40.71424045249037],[-74.00873959064484,40.71442342583633],[-74.0088951587677,40.71449254896949],[-74.0090399980545,40.71431364188909]]]}},{"type":"Feature","properties":{"id":"1f8ee1d7-0c0e-47f1-9b7a-bb5923fa321c","height":22.2,"subtype":null,"class":null},"geometry":{"type":"Polygon","coordinates":[[[-74.00935649871826,40.719046385512215],[-74.00926530361176,40.719038253938876],[-74.00922775268555,40.71925780607043],[-74.00932431221008,40.71926593761694],[-74.00935649871826,40.719046385512215]]]}},{"type":"Feature","properties":{"id":"74dbb784-7087-4ec2-9d60-ea86f87b0a76","height":26.8,"subtype":null,"class":null},"geometry":{"type":"Polygon","coordinates":[[[-74.01062250137329,40.72464473798228],[-74.01060104370117,40.724766701204615],[-74.01096045970917,40.7248114209968],[-74.01099264621735,40.72468539241456],[-74.01062250137329,40.72464473798228]]]}},{"type":"Feature","properties":{"id":"f48eb8b9-92d3-4b54-a8c2-ac25c2746a93","height":22.8,"subtype":null,"class":null},"geometry":{"type":"Polygon","coordinates":[[[-74.00394916534424,40.71935538456312],[-74.00387406349182,40.71931879264512],[-74.00369703769684,40.719546475363664],[-74.00377213954926,40.7195830671565],[-74.00394916534424,40.71935538456312]]]}},{"type":"Feature","properties":{"id":"470494dd-c39b-407a-bc70-f69b0f572037","height":24.2,"subtype":null,"class":null},"geometry":{"type":"Polygon","coordinates":[[[-74.01047766208649,40.71574488507122],[-74.01039719581604,40.71571235715877],[-74.01026844978333,40.71587906254206],[-74.01034355163574,40.71591565635083],[-74.01047766208649,40.71574488507122]]]}},{"type":"Feature","properties":{"id":"0707f5eb-5697-47f7-a1f0-13b572732d2d","height":27.4,"subtype":null,"class":null},"geometry":{"type":"Polygon","coordinates":[[[-74.00825142860413,40.71845684387048],[-74.00787055492401,40.718282013276415],[-74.00771498680115,40.718481238800585],[-74.00809586048126,40.7186560688714],[-74.00825142860413,40.71845684387048]]]}},{"type":"Feature","properties":{"id":"104ecf95-1976-43b5-88df-4c98b0866844","height":13.3,"subtype":"residential","class":"house"},"geometry":{"type":"Polygon","coordinates":[[[-74.01086390018463,40.71863167400537],[-74.01077270507812,40.71862354238136],[-74.010751247406,40.71874145083214],[-74.01084780693054,40.718749582441724],[-74.01086390018463,40.71863167400537]]]}},{"type":"Feature","properties":{"id":"0d59f3f7-534b-45c5-b309-0016bb68a9d7","height":5.1,"subtype":null,"class":null},"geometry":{"type":"Polygon","coordinates":[[[-74.00975346565247,40.72287624614248],[-74.00973200798035,40.72299008151497],[-74.01001632213593,40.723018540327686],[-74.01003777980804,40.72290470500386],[-74.00975346565247,40.72287624614248]]]}},{"type":"Feature","properties":{"id":"ce618919-7d8b-4093-b0af-669525cc31e4","height":28.2,"subtype":null,"class":null},"geometry":{"type":"Polygon","coordinates":[[[-74.00943696498871,40.71448035077474],[-74.00935649871826,40.714443756177054],[-74.0092009305954,40.714634861076505],[-74.00928139686584,40.71467145556914],[-74.00943696498871,40.71448035077474]]]}},{"type":"Feature","properties":{"id":"33fb2c75-6c60-4240-932f-d2f9ae34659d","height":49.4,"subtype":null,"class":null},"geometry":{"type":"Polygon","coordinates":[[[-74.00389552116394,40.716322252872494],[-74.00383114814758,40.716289725242156],[-74.0037614107132,40.716375110237934],[-74.00411009788513,40.71656620959355],[-74.00433003902435,40.71631005501299],[-74.00402963161469,40.71616368052443],[-74.00389552116394,40.716322252872494]]]}},{"type":"Feature","properties":{"id":"8b52af3d-8856-48b3-9523-1e857d369d11","height":21.5,"subtype":null,"class":null},"geometry":{"type":"Polygon","coordinates":[[[-74.00793492794037,40.715708291168596],[-74.00785982608795,40.715671697245874],[-74.00775253772736,40.715805874864216],[-74.0078330039978,40.71583840273097],[-74.00793492794037,40.715708291168596]]]}},{"type":"Feature","properties":{"id":"20a70146-da5e-4f6f-9df7-5e50eaac9ae0","height":24,"subtype":null,"class":null},"geometry":{"type":"Polygon","coordinates":[[[-74.00746285915375,40.71852596281588],[-74.00738775730133,40.71849343626228],[-74.00723218917847,40.71868859534554],[-74.00730729103088,40.71872518760998],[-74.00746285915375,40.71852596281588]]]}},{"type":"Feature","properties":{"id":"e5679ed2-280b-4df7-aed4-b312aa3dcdd3","height":10.1,"subtype":null,"class":null},"geometry":{"type":"Polygon","coordinates":[[[-74.00784909725189,40.71676950617821],[-74.00784373283386,40.716757308400624],[-74.00780618190765,40.71680203357414],[-74.00796711444855,40.71687522015687],[-74.00799930095673,40.716838626875564],[-74.00784909725189,40.71676950617821]]]}},{"type":"Feature","properties":{"id":"23446081-c0ca-4eb9-83cc-a95ee9df27f6","height":35.8,"subtype":null,"class":null},"geometry":{"type":"Polygon","coordinates":[[[-74.00979101657867,40.719806683231255],[-74.00968909263611,40.71979855175079],[-74.00966227054596,40.7199652469018],[-74.0099948644638,40.71999777273625],[-74.0100109577179,40.71999370700781],[-74.01002168655396,40.71998150982101],[-74.01005923748016,40.71972536838189],[-74.0098124742508,40.71970097390772],[-74.00979101657867,40.719806683231255]]]}},{"type":"Feature","properties":{"id":"f9dc3c35-0fa6-47a5-8e8f-89b04e6513fe","height":28.9,"subtype":null,"class":null},"geometry":{"type":"Polygon","coordinates":[[[-74.00802612304688,40.719989641279135],[-74.00793492794037,40.71997744409158],[-74.00784909725189,40.720457198450184],[-74.00794565677643,40.7204653298502],[-74.00802612304688,40.719989641279135]]]}},{"type":"Feature","properties":{"id":"c5108d0a-47e9-47e2-974a-23f7e2f22939","height":24.9,"subtype":null,"class":null},"geometry":{"type":"Polygon","coordinates":[[[-74.00610029697418,40.71870485857666],[-74.0060305595398,40.718672332110465],[-74.00584816932678,40.7189000170401],[-74.00591790676117,40.71893254339504],[-74.00610029697418,40.71870485857666]]]}},{"type":"Feature","properties":{"id":"e622f5cf-9f0c-4647-b684-7a3ff2f47146","height":23.7,"subtype":null,"class":null},"geometry":{"type":"Polygon","coordinates":[[[-74.00974810123444,40.717436314618226],[-74.00965690612793,40.71742411696284],[-74.00960326194763,40.71766806964612],[-74.00969445705414,40.71768026725681],[-74.00974810123444,40.717436314618226]]]}},{"type":"Feature","properties":{"id":"760fd840-5562-4cfb-aa2d-45dfb9bee6b6","height":27.1,"subtype":null,"class":null},"geometry":{"type":"Polygon","coordinates":[[[-74.00590717792511,40.71896100394259],[-74.00578916072845,40.71890408283536],[-74.00561213493347,40.71912363540942],[-74.00573551654816,40.719180556328936],[-74.00590717792511,40.71896100394259]]]}},{"type":"Feature","properties":{"id":"a2294327-af93-44f4-ad31-ea9d8e1eb79d","height":46,"subtype":null,"class":null},"geometry":{"type":"Polygon","coordinates":[[[-74.00704979896545,40.71400055334159],[-74.00699079036713,40.71407780909402],[-74.00711953639984,40.71413473432794],[-74.00725364685059,40.71395989238326],[-74.00682985782623,40.71376471943752],[-74.00669038295746,40.71393956189476],[-74.00681376457214,40.713992421151914],[-74.00687277317047,40.71391923140006],[-74.00704979896545,40.71400055334159]]]}},{"type":"Feature","properties":{"id":"8463f80d-2695-4edb-bac8-17fe77f5e8e7","height":24.1,"subtype":null,"class":null},"geometry":{"type":"Polygon","coordinates":[[[-74.00443732738495,40.71794861412671],[-74.0043568611145,40.717912021435424],[-74.00417983531952,40.718135643123624],[-74.00426030158997,40.71816816985205],[-74.00443732738495,40.71794861412671]]]}},{"type":"Feature","properties":{"id":"db5d2f0a-1ddd-46ea-a140-c9433ef3860d","height":20.9,"subtype":null,"class":null},"geometry":{"type":"Polygon","coordinates":[[[-74.01032745838165,40.71750950050368],[-74.01025235652924,40.71749730286169],[-74.01022553443909,40.71762741092766],[-74.0103006362915,40.71763554267334],[-74.01032745838165,40.71750950050368]]]}},{"type":"Feature","properties":{"id":"2273e558-707d-49b0-87f4-78fcac8a8c07","height":23,"subtype":null,"class":null},"geometry":{"type":"Polygon","coordinates":[[[-74.00825142860413,40.719347253027536],[-74.00816559791565,40.71933912149094],[-74.00812804698944,40.71954240960765],[-74.00821924209595,40.719550541119425],[-74.00825142860413,40.719347253027536]]]}},{"type":"Feature","properties":{"id":"d23ad74c-c1bf-4b88-8020-4fef916b146b","height":11.6,"subtype":null,"class":null},"geometry":{"type":"Polygon","coordinates":[[[-74.00960326194763,40.71646862701241],[-74.00952816009521,40.71643203350761],[-74.00942623615265,40.71655807771726],[-74.0095067024231,40.71659467115277],[-74.00960326194763,40.71646862701241]]]}},{"type":"Feature","properties":{"id":"a334d585-714f-4ac0-87ad-7e5f6e8b519a","subtype":"civic","class":null},"geometry":{"type":"Polygon","coordinates":[[[-74.01392161846161,40.71735499687338],[-74.0139377117157,40.71736312865234],[-74.01395380496979,40.717338733312495],[-74.0139377117157,40.717330601530556],[-74.01392161846161,40.71735499687338]]]}},{"type":"Feature","properties":{"id":"a4c2c697-0564-4dc9-9082-060560784799","height":24.1,"subtype":null,"class":null},"geometry":{"type":"Polygon","coordinates":[[[-74.00417983531952,40.718969135525384],[-74.00402426719666,40.7189000170401],[-74.00383651256561,40.71913989853424],[-74.00398671627045,40.71920901677042],[-74.00417983531952,40.718969135525384]]]}},{"type":"Feature","properties":{"id":"02083a69-4403-4571-bd94-f752e2822658","height":22.8,"subtype":null,"class":null},"geometry":{"type":"Polygon","coordinates":[[[-74.01002168655396,40.723132375456835],[-74.0100109577179,40.7231852274149],[-74.01028454303741,40.72320962061216],[-74.01029527187347,40.72315676867346],[-74.01002168655396,40.723132375456835]]]}},{"type":"Feature","properties":{"id":"176a5a0a-a335-45cf-8af4-9e357a471d86","height":4.5,"subtype":null,"class":null},"geometry":{"type":"Polygon","coordinates":[[[-74.01490330696106,40.71748103933557],[-74.01501595973969,40.71753389578095],[-74.01507496833801,40.717456644038926],[-74.01488184928894,40.71736719454144],[-74.01482284069061,40.71744444638726],[-74.01490330696106,40.71748103933557]]]}},{"type":"Feature","properties":{"id":"07e137b3-8aa2-4e20-b217-ef228ed98166","height":10,"subtype":null,"class":null},"geometry":{"type":"Polygon","coordinates":[[[-74.01327252388,40.71770059660302],[-74.01329934597015,40.717704662471505],[-74.01330471038818,40.71766806964612],[-74.01326179504395,40.71765993790442],[-74.01325106620789,40.71770059660302],[-74.01327252388,40.71770059660302]]]}},{"type":"Feature","properties":{"id":"b4b3d840-f579-4683-aaba-8f5ad665e11b","height":18.1,"subtype":null,"class":null},"geometry":{"type":"Polygon","coordinates":[[[-74.01070296764374,40.715090257774754],[-74.01062250137329,40.7150536635123],[-74.01049375534058,40.715224436564945],[-74.01057422161102,40.71526103073351],[-74.01070296764374,40.715090257774754]]]}},{"type":"Feature","properties":{"id":"feae788f-e3ea-4ce4-895f-a2f955e9a263","height":17,"subtype":"residential","class":"residential"},"geometry":{"type":"Polygon","coordinates":[[[-74.01151299476624,40.718078721310626],[-74.01132524013519,40.71805432623302],[-74.01130378246307,40.71816003817144],[-74.01148617267609,40.718184433210325],[-74.01151299476624,40.718078721310626]]]}},{"type":"Feature","properties":{"id":"9ec43ddd-7927-4989-97cd-f0e48a2af0a6","height":18.4,"subtype":null,"class":null},"geometry":{"type":"Polygon","coordinates":[[[-74.00843381881714,40.714809701248676],[-74.00835871696472,40.714773106832034],[-74.00821924209595,40.71495201267777],[-74.00829434394836,40.71498860699608],[-74.00843381881714,40.714809701248676]]]}},{"type":"Feature","properties":{"id":"63129e3c-f3f4-45be-8ddc-df25d57dcdaa","height":67.5,"subtype":"residential","class":"apartments"},"geometry":{"type":"Polygon","coordinates":[[[-74.00350391864777,40.71768026725681],[-74.00340735912323,40.717798177378334],[-74.00387406349182,40.71800960190084],[-74.00397598743439,40.71789169215379],[-74.00350391864777,40.71768026725681]]]}},{"type":"Feature","properties":{"id":"8639954b-da53-4df7-91ff-ff74eb594670","height":21.2,"subtype":null,"class":null},"geometry":{"type":"Polygon","coordinates":[[[-74.00387406349182,40.71931879264512],[-74.0037989616394,40.7192862664789],[-74.00362193584442,40.71950988355069],[-74.00369703769684,40.719546475363664],[-74.00387406349182,40.71931879264512]]]}},{"type":"Feature","properties":{"id":"8af3c625-8969-438b-97ef-3195e7c0ad28","height":23,"subtype":null,"class":null},"geometry":{"type":"Polygon","coordinates":[[[-74.00895416736603,40.71472024819469],[-74.00893807411194,40.71471211609291],[-74.00860548019409,40.715126852017086],[-74.00868594646454,40.71516344623929],[-74.00901317596436,40.714744644494054],[-74.00895416736603,40.71472024819469]]]}},{"type":"Feature","properties":{"id":"c42d2318-d3e7-43ec-af6b-3ad825ffae2f","height":14.9,"subtype":"service","class":"service"},"geometry":{"type":"Polygon","coordinates":[[[-74.01050984859467,40.71494388060431],[-74.01048302650452,40.714968276821736],[-74.01063859462738,40.71503739938922],[-74.0108209848404,40.71480156915783],[-74.01067078113556,40.71473651239527],[-74.01050984859467,40.71494388060431]]]}},{"type":"Feature","properties":{"id":"74c177a6-6d78-4b2b-92b4-8d4b55c58b37","height":21,"subtype":null,"class":null},"geometry":{"type":"Polygon","coordinates":[[[-74.00825679302216,40.71516751226273],[-74.00818169116974,40.71513091804276],[-74.008047580719,40.715301690897235],[-74.00812268257141,40.71533828502335],[-74.00825679302216,40.71516751226273]]]}},{"type":"Feature","properties":{"id":"b220aa3f-9d43-4844-a8b2-193d1b867922","height":69.7,"subtype":null,"class":null},"geometry":{"type":"Polygon","coordinates":[[[-74.01002168655396,40.71621653801574],[-74.0100485086441,40.716184010333734],[-74.01019334793091,40.71624906568187],[-74.01017189025879,40.716269395465105],[-74.01019334793091,40.71627752737666],[-74.01018261909485,40.716289725242156],[-74.0102469921112,40.716322252872494],[-74.01039183139801,40.71613928474505],[-74.01008605957031,40.71599697585381],[-74.00994122028351,40.71617994437237],[-74.01002168655396,40.71621653801574]]]}},{"type":"Feature","properties":{"id":"f40dab39-136f-45d7-980e-b0dd60ed0d33","height":12.6,"subtype":null,"class":null},"geometry":{"type":"Polygon","coordinates":[[[-74.01055812835693,40.71500080509773],[-74.01048302650452,40.714968276821736],[-74.01034355163574,40.715151248167466],[-74.01041865348816,40.71518377635406],[-74.01055812835693,40.71500080509773]]]}},{"type":"Feature","properties":{"id":"d6fc1788-96d9-4cd8-a533-4a03e3e168ce","height":24.3,"subtype":null,"class":null},"geometry":{"type":"Polygon","coordinates":[[[-74.00789737701416,40.715891260480554],[-74.0077793598175,40.71583840273097],[-74.00756478309631,40.716114888956724],[-74.00767743587494,40.71616774648679],[-74.00789737701416,40.715891260480554]]]}},{"type":"Feature","properties":{"id":"2fd887b9-3475-45e0-950c-a5b0425c95f0","height":25.8,"subtype":null,"class":null},"geometry":{"type":"Polygon","coordinates":[[[-74.00969445705414,40.71974163135972],[-74.00951743125916,40.71972536838189],[-74.00947988033295,40.71994898397862],[-74.00966227054596,40.7199652469018],[-74.00969445705414,40.71974163135972]]]}},{"type":"Feature","properties":{"id":"e2ef21a9-8985-47a3-a4f6-81983e144ecd","height":58.1,"subtype":null,"class":null},"geometry":{"type":"Polygon","coordinates":[[[-74.00555849075317,40.71563916929766],[-74.00559067726135,40.71559850934004],[-74.00568723678589,40.715643235292056],[-74.00565505027771,40.71567576323827],[-74.00571942329407,40.715708291168596],[-74.00585889816284,40.71553345335623],[-74.00548338890076,40.71536674710753],[-74.00534391403198,40.71554565135805],[-74.00555849075317,40.71563916929766]]]}},{"type":"Feature","properties":{"id":"393c4a03-1718-4a84-bfe0-ef990cc98059","height":8.4,"subtype":null,"class":null},"geometry":{"type":"Polygon","coordinates":[[[-74.0053653717041,40.719595264416306],[-74.00539219379425,40.719607461673895],[-74.00545120239258,40.719534278094905],[-74.00536000728607,40.71949362051627],[-74.0053653717041,40.719595264416306]]]}},{"type":"Feature","properties":{"id":"0790412a-9f7f-4b27-8819-1615b5953bb9","height":21.2,"subtype":null,"class":null},"geometry":{"type":"Polygon","coordinates":[[[-74.01016652584076,40.71694840665914],[-74.01008605957031,40.71691181341806],[-74.00989294052124,40.71717203158429],[-74.00996804237366,40.71720862468233],[-74.01016652584076,40.71694840665914]]]}},{"type":"Feature","properties":{"id":"225afa0d-887b-41e4-96d7-4be58ca8e0b8","height":23.1,"subtype":null,"class":null},"geometry":{"type":"Polygon","coordinates":[[[-74.00446951389313,40.72066048315237],[-74.00454461574554,40.72069300864711],[-74.00470554828644,40.72048159264722],[-74.00463044643402,40.72044906704918],[-74.00446951389313,40.72066048315237]]]}},{"type":"Feature","properties":{"id":"54f7212f-bbe3-420b-af1d-51aaa5d3c972","height":24.9,"subtype":null,"class":null},"geometry":{"type":"Polygon","coordinates":[[[-74.0073823928833,40.714329906189],[-74.00737702846527,40.714329906189],[-74.0072375535965,40.7145088132257],[-74.00732338428497,40.714545407787604],[-74.00746285915375,40.714366500849245],[-74.0073823928833,40.714329906189]]]}},{"type":"Feature","properties":{"id":"2566c5f1-dac8-4726-8e47-48a23664eaa8","height":32.7,"subtype":null,"class":null},"geometry":{"type":"Polygon","coordinates":[[[-74.00458753108978,40.71801773359982],[-74.00451242923737,40.71798114094654],[-74.00433540344238,40.718204762402564],[-74.0044105052948,40.718241354932935],[-74.00458753108978,40.71801773359982]]]}},{"type":"Feature","properties":{"id":"c6530115-68a4-4505-97b6-b38428bab209","height":18,"subtype":"education","class":"school"},"geometry":{"type":"Polygon","coordinates":[[[-74.01166319847107,40.71640763782656],[-74.01169002056122,40.71641983566819],[-74.01164174079895,40.71648489078585],[-74.01182949542999,40.71657027553133],[-74.01195824146271,40.71608642719239],[-74.01134669780731,40.715805874864216],[-74.01131451129913,40.71580180887976],[-74.01130378246307,40.715818072816106],[-74.01125013828278,40.71602950362719],[-74.0112715959549,40.7160701633216],[-74.01130378246307,40.71611082299113],[-74.01138424873352,40.71616368052443],[-74.011470079422,40.716200274176735],[-74.01155054569244,40.71621653801574],[-74.01163101196289,40.71621653801574],[-74.01164174079895,40.71623686780893],[-74.01165783405304,40.71624906568187],[-74.01168465614319,40.71624093376682],[-74.01171147823334,40.71620840609674],[-74.01176512241364,40.71623280185079],[-74.01172757148743,40.71627752737666],[-74.01175439357758,40.716289725242156],[-74.01166319847107,40.71640763782656]]]}},{"type":"Feature","properties":{"id":"55dea365-85d8-4af7-9d9c-800636e4739a","height":21.1,"subtype":null,"class":null},"geometry":{"type":"Polygon","coordinates":[[[-74.01040256023407,40.71780630910317],[-74.01016652584076,40.71777784806195],[-74.01015043258667,40.71784696771237],[-74.01039183139801,40.717875428724035],[-74.01040256023407,40.71780630910317]]]}},{"type":"Feature","properties":{"id":"199aa923-4432-4438-a930-d01327aa2ddb","height":18,"subtype":"residential","class":"apartments"},"geometry":{"type":"Polygon","coordinates":[[[-74.01454389095306,40.71808685300118],[-74.014533162117,40.71808278715604],[-74.01435077190399,40.71832673742559],[-74.0143883228302,40.718343000745094],[-74.01437759399414,40.718355198232146],[-74.01471555233002,40.71839585650609],[-74.01486039161682,40.718204762402564],[-74.01468336582184,40.718123445596376],[-74.01468873023987,40.718115313910296],[-74.01456534862518,40.71806245792655],[-74.01454389095306,40.71808685300118]]]}},{"type":"Feature","properties":{"id":"ce263a49-92ae-498f-a3fa-fc7975781623","height":9.6,"subtype":null,"class":null},"geometry":{"type":"Polygon","coordinates":[[[-74.00584816932678,40.71956273838517],[-74.00594472885132,40.7194407656269],[-74.00588035583496,40.71941230528447],[-74.00578916072845,40.719530212338164],[-74.00584816932678,40.71956273838517]]]}},{"type":"Feature","properties":{"id":"88263b8c-f3ac-423d-ac99-a5723532eb9e","height":19,"subtype":null,"class":null},"geometry":{"type":"Polygon","coordinates":[[[-74.00916874408722,40.721733816087124],[-74.00925993919373,40.72174194733117],[-74.00929749011993,40.72150207521398],[-74.00920629501343,40.7214939439406],[-74.00916874408722,40.721733816087124]]]}},{"type":"Feature","properties":{"id":"b31ce123-552e-4bb1-9cd2-ca55b9f3255b","height":35.5,"subtype":null,"class":null},"geometry":{"type":"Polygon","coordinates":[[[-74.00995194911957,40.72385197158925],[-74.01016652584076,40.723872299050605],[-74.01022017002106,40.723595845044045],[-74.00964617729187,40.72353486238801],[-74.00961935520172,40.723669024157545],[-74.00988757610321,40.72369341717748],[-74.00988221168518,40.72371781018849],[-74.01005923748016,40.72373813769084],[-74.0100485086441,40.72379098916789],[-74.00996804237366,40.72378285817413],[-74.00995194911957,40.72385197158925]]]}},{"type":"Feature","properties":{"id":"f399825d-0bf1-4971-8760-1009e3e42329","height":22.9,"subtype":null,"class":null},"geometry":{"type":"Polygon","coordinates":[[[-74.00845527648926,40.71698906579232],[-74.00837481021881,40.7170907135166],[-74.00821924209595,40.71702159308098],[-74.00812804698944,40.71713543846613],[-74.0083372592926,40.71723302006986],[-74.00850892066956,40.717013461260315],[-74.00845527648926,40.71698906579232]]]}},{"type":"Feature","properties":{"id":"b72dcaf0-a098-455a-a2a0-46e3a50b5a90","height":25.7,"subtype":null,"class":null},"geometry":{"type":"Polygon","coordinates":[[[-74.00807440280914,40.719326924184195],[-74.00798320770264,40.71931879264512],[-74.00794565677643,40.71954240960765],[-74.00803685188293,40.719550541119425],[-74.00807440280914,40.719326924184195]]]}},{"type":"Feature","properties":{"id":"6a0b9fac-f4e1-4eb5-a0b3-43315513b1bf","height":22.6,"subtype":null,"class":null},"geometry":{"type":"Polygon","coordinates":[[[-74.00995194911957,40.72385197158925],[-74.00989294052124,40.723843840602946],[-74.00987684726715,40.72390482297589],[-74.0101557970047,40.723937346885265],[-74.01016652584076,40.723872299050605],[-74.00995194911957,40.72385197158925]]]}},{"type":"Feature","properties":{"id":"904966df-2191-4bfd-acf6-19d2ad98eb70","height":30,"subtype":null,"class":null},"geometry":{"type":"Polygon","coordinates":[[[-74.00740921497345,40.71430144366157],[-74.0073823928833,40.714329906189],[-74.00746822357178,40.71437056692137],[-74.00765597820282,40.71413473432794],[-74.00756478309631,40.71409407345154],[-74.00740921497345,40.71430144366157]]]}},{"type":"Feature","properties":{"id":"1d84824c-5c96-41ad-a5f6-9ea7bb8c1a96","height":29,"subtype":null,"class":null},"geometry":{"type":"Polygon","coordinates":[[[-74.00569796562195,40.71713543846613],[-74.00585889816284,40.71720862468233],[-74.00583744049072,40.71723302006986],[-74.00590717792511,40.717265547239315],[-74.00605201721191,40.717082581704375],[-74.0055102109909,40.71683456095418],[-74.00533318519592,40.71705412035374],[-74.00564432144165,40.71720049288451],[-74.00569796562195,40.71713543846613]]]}},{"type":"Feature","properties":{"id":"0e07bdae-649c-4b07-9b8c-8e517626b09b","height":29.4,"subtype":null,"class":null},"geometry":{"type":"Polygon","coordinates":[[[-74.00640606880188,40.718050260385894],[-74.00625586509705,40.71798114094654],[-74.00610029697418,40.718184433210325],[-74.00625050067902,40.71824948660362],[-74.00640606880188,40.718050260385894]]]}},{"type":"Feature","properties":{"id":"8b2b70c6-212e-4f7e-9e0b-46e94acfac53","height":8.7,"subtype":null,"class":null},"geometry":{"type":"Polygon","coordinates":[[[-74.00641143321991,40.71964405343321],[-74.00643289089203,40.719530212338164],[-74.00629878044128,40.719469225957155],[-74.00617003440857,40.71962779043154],[-74.00639533996582,40.71965218493254],[-74.00640070438385,40.71964405343321],[-74.00641143321991,40.71964405343321]]]}},{"type":"Feature","properties":{"id":"f9d14154-55ad-4c85-bd22-bdb1743c3a1a","height":21.3,"subtype":null,"class":null},"geometry":{"type":"Polygon","coordinates":[[[-74.01008605957031,40.71691181341806],[-74.0100109577179,40.716879286075766],[-74.0098124742508,40.71713543846613],[-74.00989294052124,40.71717203158429],[-74.01008605957031,40.71691181341806]]]}},{"type":"Feature","properties":{"id":"306fef6b-9f0b-4b85-89d8-7270d391f660","height":11.3,"subtype":null,"class":null},"geometry":{"type":"Polygon","coordinates":[[[-74.00967836380005,40.71650115455535],[-74.00960326194763,40.71646862701241],[-74.0095067024231,40.71659467115277],[-74.00958180427551,40.716627198634136],[-74.00967836380005,40.71650115455535]]]}},{"type":"Feature","properties":{"id":"7620ce04-59e5-48c1-8bde-fcc6df03d021","height":24.6,"subtype":null,"class":null},"geometry":{"type":"Polygon","coordinates":[[[-74.00396525859833,40.71803399699485],[-74.00409400463104,40.71809091884609],[-74.004265666008,40.71787136286597],[-74.00414228439331,40.717810374965204],[-74.00396525859833,40.71803399699485]]]}},{"type":"Feature","properties":{"id":"0f0b798a-291f-44a4-814b-5f8a368e03a7","height":14.5,"subtype":null,"class":null},"geometry":{"type":"Polygon","coordinates":[[[-74.00892198085785,40.723465748643626],[-74.00873959064484,40.723445421058074],[-74.00865375995636,40.72392515042112],[-74.0088415145874,40.72394547786015],[-74.00892198085785,40.723465748643626]]]}},{"type":"Feature","properties":{"id":"02b67613-7484-4ad4-ad2e-862ef2ffd8f4","height":45,"subtype":null,"class":null},"geometry":{"type":"Polygon","coordinates":[[[-74.00924384593964,40.72234365663481],[-74.00937795639038,40.72236805014051],[-74.00936722755432,40.72242496828569],[-74.00958716869354,40.72247782080548],[-74.00963544845581,40.72220136100678],[-74.00918483734131,40.72215663946088],[-74.0091472864151,40.72238024688999],[-74.00923311710358,40.7223883780551],[-74.00924384593964,40.72234365663481]]]}},{"type":"Feature","properties":{"id":"66a20466-b256-4b93-aaed-7384ce249da2","height":13.6,"subtype":null,"class":null},"geometry":{"type":"Polygon","coordinates":[[[-74.00964617729187,40.72461221441856],[-74.00960862636566,40.724583756287295],[-74.00951206684113,40.72465693431457],[-74.0095603466034,40.72468945785641],[-74.00965690612793,40.724616279864904],[-74.00964617729187,40.72461221441856]]]}},{"type":"Feature","properties":{"id":"57177479-1912-4df3-a334-618fb51a72a8","height":4.6,"subtype":null,"class":null},"geometry":{"type":"Polygon","coordinates":[[[-74.00814414024353,40.714919484377944],[-74.00821924209595,40.71495201267777],[-74.00835871696472,40.714773106832034],[-74.0082836151123,40.71474057844478],[-74.00814414024353,40.714919484377944]]]}},{"type":"Feature","properties":{"id":"e0de75f7-1174-44c9-9af7-6942b9282c81","height":6,"subtype":null,"class":null},"geometry":{"type":"Polygon","coordinates":[[[-74.00876641273499,40.72300227815049],[-74.0087342262268,40.722998212605575],[-74.00872349739075,40.72304699912822],[-74.00875568389893,40.72305106467016],[-74.00871813297272,40.72325840697985],[-74.00943160057068,40.72333158646436],[-74.00951743125916,40.722859983930505],[-74.0088039636612,40.72278680392749],[-74.00876641273499,40.72300227815049]]]}},{"type":"Feature","properties":{"id":"c8e67ff3-7625-4638-a37e-4522ae3ded07","height":48,"subtype":"residential","class":"apartments"},"geometry":{"type":"Polygon","coordinates":[[[-74.00520980358124,40.71669631947924],[-74.00459289550781,40.71641170377402],[-74.00449633598328,40.716537748022155],[-74.00504350662231,40.71678983580252],[-74.0050059556961,40.71683456095418],[-74.0050756931305,40.716867088318324],[-74.00520980358124,40.71669631947924]]]}},{"type":"Feature","properties":{"id":"f6fd5d90-1efb-4a12-9420-f9c1adc37209","height":25.2,"subtype":null,"class":null},"geometry":{"type":"Polygon","coordinates":[[[-74.00817096233368,40.713593942640706],[-74.00810122489929,40.71356141367736],[-74.00791347026825,40.71379724830153],[-74.00798320770264,40.71382977714967],[-74.00817096233368,40.713593942640706]]]}},{"type":"Feature","properties":{"id":"b81ac26a-5366-4a85-b984-54e94bb4f271","height":22.8,"subtype":null,"class":null},"geometry":{"type":"Polygon","coordinates":[[[-74.00816559791565,40.71933912149094],[-74.00807440280914,40.719326924184195],[-74.00804221630096,40.719534278094905],[-74.00812804698944,40.71954240960765],[-74.00816559791565,40.71933912149094]]]}},{"type":"Feature","properties":{"id":"468ca930-7cdc-4b44-9cea-66ebdd1d6ab3","height":24.4,"subtype":null,"class":null},"geometry":{"type":"Polygon","coordinates":[[[-74.00893807411194,40.71471211609291],[-74.00885760784149,40.71467552162263],[-74.0086966753006,40.714878823980804],[-74.00877714157104,40.714915418339345],[-74.00893807411194,40.71471211609291]]]}},{"type":"Feature","properties":{"id":"fb148dfa-3c01-4e28-9350-6e19c96dcf3d","height":241.4,"subtype":"residential","class":"apartments"},"geometry":{"type":"Polygon","coordinates":[[[-74.0125697851181,40.71554158535768],[-74.01281654834747,40.71562697131298],[-74.01283264160156,40.71562697131298],[-74.01284873485565,40.71561477332608],[-74.01293456554413,40.71546026529845],[-74.01295065879822,40.71540334119788],[-74.01295065879822,40.71537487912934],[-74.0129292011261,40.71535454907293],[-74.01270925998688,40.71526916276824],[-74.01268243789673,40.715265096751004],[-74.01266634464264,40.71527322878525],[-74.01263415813446,40.71531795495576],[-74.01258051395416,40.71536268109625],[-74.01250541210175,40.71546433130377],[-74.01258051395416,40.715504991343316],[-74.0125697851181,40.71554158535768]]]}},{"type":"Feature","properties":{"id":"c26cb53d-7b79-4fdd-912a-fcf391c85888","height":33,"subtype":null,"class":null},"geometry":{"type":"Polygon","coordinates":[[[-74.00487720966339,40.719119569627594],[-74.00483965873718,40.71912363540942],[-74.00458216667175,40.71944889715106],[-74.00458753108978,40.719481423237816],[-74.00495231151581,40.71964405343321],[-74.00498986244202,40.71962779043154],[-74.00497376918793,40.71916835899313],[-74.00495767593384,40.7191561616551],[-74.00497376918793,40.71913583275341],[-74.00497376918793,40.7191155038455],[-74.00493085384369,40.719095174931404],[-74.00490939617157,40.71910737228061],[-74.00489330291748,40.719127701191],[-74.00487720966339,40.719119569627594]]]}},{"type":"Feature","properties":{"id":"da05a6bc-d562-4f0d-b7e8-6587e1ed388e","height":24.1,"subtype":null,"class":null},"geometry":{"type":"Polygon","coordinates":[[[-74.00879859924316,40.71566356526029],[-74.00888442993164,40.715704225178186],[-74.00902926921844,40.71552532135378],[-74.00871813297272,40.715378945139875],[-74.00859475135803,40.71553751935708],[-74.00866985321045,40.71557411335356],[-74.00865912437439,40.715590377345556],[-74.0088039636612,40.715655433273746],[-74.00879859924316,40.71566356526029]]]}},{"type":"Feature","properties":{"id":"538a63c0-2b1c-41e1-a12a-2835d2c8d21e","height":19.8,"subtype":null,"class":null},"geometry":{"type":"Polygon","coordinates":[[[-74.00908291339874,40.714960144750236],[-74.00906145572662,40.71495201267777],[-74.0089863538742,40.71504553145126],[-74.00906145572662,40.71508212571817],[-74.00910973548889,40.71502113526214],[-74.00917410850525,40.7150536635123],[-74.00931358337402,40.71488289002164],[-74.00916874408722,40.71481376729375],[-74.00908827781677,40.714915418339345],[-74.00910973548889,40.714923550416295],[-74.00908291339874,40.714960144750236]]]}},{"type":"Feature","properties":{"id":"2bd31a5c-4cf5-47d3-af14-4d8c62c86488","height":33.8,"subtype":null,"class":null},"geometry":{"type":"Polygon","coordinates":[[[-74.00524199008942,40.71785103357191],[-74.00517225265503,40.71781850668852],[-74.00500059127808,40.71803806284297],[-74.00515079498291,40.71810718222321],[-74.00526881217957,40.71795674583316],[-74.00518834590912,40.71792015314634],[-74.00524199008942,40.71785103357191]]]}},{"type":"Feature","properties":{"id":"36544728-4d9b-47c6-ab45-2e36baf65544","height":23.2,"subtype":null,"class":null},"geometry":{"type":"Polygon","coordinates":[[[-74.00922238826752,40.718534094451805],[-74.00918483734131,40.71853002863397],[-74.00917947292328,40.718582884246466],[-74.00930285453796,40.71859508168954],[-74.00932967662811,40.71843651475522],[-74.00924384593964,40.71842838310738],[-74.00922238826752,40.718534094451805]]]}},{"type":"Feature","properties":{"id":"3f87679c-3666-4299-8010-6c6b6f9ad9d1","height":22.5,"subtype":null,"class":null},"geometry":{"type":"Polygon","coordinates":[[[-74.00638461112976,40.719827011928075],[-74.00630414485931,40.719818880450084],[-74.0062665939331,40.72001810137472],[-74.00634169578552,40.72002623282835],[-74.00638461112976,40.719827011928075]]]}},{"type":"Feature","properties":{"id":"17da519d-95b7-4f02-8e4a-67726a505bff","height":23.9,"subtype":null,"class":null},"geometry":{"type":"Polygon","coordinates":[[[-74.00571942329407,40.71852596281588],[-74.00563895702362,40.718489370441965],[-74.0054726600647,40.718700792769255],[-74.00555312633514,40.71873738502696],[-74.00571942329407,40.71852596281588]]]}},{"type":"Feature","properties":{"id":"30f89c1c-add3-4e9d-8498-616bc222bb93","height":23.2,"subtype":null,"class":null},"geometry":{"type":"Polygon","coordinates":[[[-74.00364339351654,40.71921308254681],[-74.00356829166412,40.719180556328936],[-74.00339126586914,40.719404173755834],[-74.00346636772156,40.7194407656269],[-74.00364339351654,40.71921308254681]]]}},{"type":"Feature","properties":{"id":"49fa7d3e-07b6-4c8c-8b5f-f381c6791b03","height":12.6,"subtype":null,"class":null},"geometry":{"type":"Polygon","coordinates":[[[-74.00763988494873,40.71803806284297],[-74.00747895240784,40.71796487753862],[-74.00724291801453,40.71826981577599],[-74.00740385055542,40.71833893491559],[-74.00763988494873,40.71803806284297]]]}},{"type":"Feature","properties":{"id":"f06f12bc-6414-4584-9626-3606cd415043","height":9,"subtype":null,"class":null},"geometry":{"type":"Polygon","coordinates":[[[-74.01109457015991,40.71944889715106],[-74.01114821434021,40.71919681943985],[-74.01109457015991,40.71918868788489],[-74.01109457015991,40.719172424771976],[-74.01092290878296,40.719148030095155],[-74.01092827320099,40.71911143806319],[-74.01081025600433,40.719095174931404],[-74.01079952716827,40.71916022743469],[-74.0108209848404,40.71916022743469],[-74.01081025600433,40.71920495099381],[-74.01078879833221,40.719200885216964],[-74.01077270507812,40.71928220070701],[-74.01079416275024,40.71928220070701],[-74.01078343391418,40.719326924184195],[-74.01068687438965,40.71931472687522],[-74.010568857193,40.71985140635607],[-74.01061177253723,40.71985547209319],[-74.01061177253723,40.71987173503922],[-74.01078879833221,40.719896129450824],[-74.01077806949615,40.71993678678361],[-74.01092290878296,40.71995304970979],[-74.01093363761902,40.71988799798129],[-74.0109121799469,40.71988799798129],[-74.01091754436493,40.71984734061868],[-74.01094436645508,40.71985140635607],[-74.0109658241272,40.71975789433355],[-74.01093900203705,40.71975382859046],[-74.01094436645508,40.71972130263681],[-74.01104092597961,40.71972943412673],[-74.0110570192337,40.719639987683166],[-74.01119112968445,40.71965625068184],[-74.01114284992218,40.71987173503922],[-74.01111602783203,40.719867669303085],[-74.01108384132385,40.72002216710166],[-74.01110529899597,40.72002216710166],[-74.01109457015991,40.720066890081696],[-74.011110663414,40.720066890081696],[-74.01112675666809,40.71999777273625],[-74.01116967201233,40.720001838464434],[-74.01137351989746,40.719058582870375],[-74.01133060455322,40.719050451298514],[-74.01123940944672,40.719465160196435],[-74.01109457015991,40.71944889715106]]]}},{"type":"Feature","properties":{"id":"978aeb77-aebd-4486-809d-6f2f1cd73cbe","height":14.8,"subtype":"civic","class":"fire_station"},"geometry":{"type":"Polygon","coordinates":[[[-74.00631487369537,40.71528949285072],[-74.00615394115448,40.715220370544976],[-74.00600373744965,40.71541147321523],[-74.00616466999054,40.715484661326656],[-74.00631487369537,40.71528949285072]]]}},{"type":"Feature","properties":{"id":"b020d1ea-53de-4990-af22-ca745dc07f27","height":19.6,"subtype":null,"class":null},"geometry":{"type":"Polygon","coordinates":[[[-74.00720536708832,40.719558672630164],[-74.00711417198181,40.719550541119425],[-74.00708198547363,40.71972130263681],[-74.00717318058014,40.71972943412673],[-74.00720536708832,40.719558672630164]]]}},{"type":"Feature","properties":{"id":"35bbc1b1-14eb-4a7f-bb1a-9bd4d5556523","height":33.2,"subtype":"civic","class":"government"},"geometry":{"type":"Polygon","coordinates":[[[-74.00392770767212,40.71508619174658],[-74.00415301322937,40.714821899383104],[-74.00365948677063,40.7145779362702],[-74.00353074073792,40.71473651239527],[-74.00347709655762,40.71470805004165],[-74.003546833992,40.71463079502053],[-74.0034556388855,40.714586068388364],[-74.0033483505249,40.71471618214393],[-74.00348782539368,40.71478530497316],[-74.00341808795929,40.714862559814996],[-74.00391161441803,40.715106521884934],[-74.00392770767212,40.71508619174658]]]}},{"type":"Feature","properties":{"id":"3fea9e75-6a00-4b12-8057-30686726ca39","height":22,"subtype":null,"class":null},"geometry":{"type":"Polygon","coordinates":[[[-74.00886833667755,40.71502113526214],[-74.00881469249725,40.71500080509773],[-74.00868594646454,40.71516344623929],[-74.00876104831696,40.71520004044138],[-74.00903463363647,40.7148544277306],[-74.0090936422348,40.71478123892635],[-74.00901317596436,40.714744644494054],[-74.00885224342346,40.714956078714124],[-74.00890052318573,40.71498047492709],[-74.00886833667755,40.71502113526214]]]}},{"type":"Feature","properties":{"id":"7e8d9d87-7c8f-4492-b38b-accc69e78820","height":23.3,"subtype":null,"class":null},"geometry":{"type":"Polygon","coordinates":[[[-74.00427639484406,40.71934318725936],[-74.0043568611145,40.71924154297441],[-74.00420129299164,40.719172424771976],[-74.00412082672119,40.71927406916248],[-74.00427639484406,40.71934318725936]]]}},{"type":"Feature","properties":{"id":"fe5310b4-bc9a-4bb2-bbb8-815d11f35dc3","subtype":"commercial","class":"commercial"},"geometry":{"type":"Polygon","coordinates":[[[-74.01232838630676,40.71518377635406],[-74.0122264623642,40.71516751226273],[-74.01204943656921,40.715378945139875],[-74.01214063167572,40.71541960523157],[-74.01232838630676,40.71518377635406]]]}},{"type":"Feature","properties":{"id":"cee53277-fb9c-4ff6-a561-cca6da68b713","height":4.720088005065918,"subtype":null,"class":null},"geometry":{"type":"Polygon","coordinates":[[[-74.01258051395416,40.721424828076955],[-74.01280045509338,40.721453287558916],[-74.01279509067535,40.721481747028704],[-74.01290774345398,40.7214939439406],[-74.01291310787201,40.72146548447602],[-74.01300966739655,40.721477681390915],[-74.0130364894867,40.72134351520429],[-74.01294529438019,40.72133131826483],[-74.01300966739655,40.72102232838622],[-74.01289701461792,40.721010131387885],[-74.01288628578186,40.72105485370415],[-74.01278972625732,40.7210426567118],[-74.0127843618393,40.721071116357145],[-74.01288092136383,40.721083313344295],[-74.01283264160156,40.72129472743303],[-74.01264488697052,40.72127033353398],[-74.01263952255249,40.72129472743303],[-74.01261270046234,40.72129066178381],[-74.01258051395416,40.721424828076955]]]}},{"type":"Feature","properties":{"id":"2b5420b4-20fc-489b-a329-45840a2a70dd","height":5.5,"subtype":null,"class":null},"geometry":{"type":"Polygon","coordinates":[[[-74.01001632213593,40.723018540327686],[-74.00983929634094,40.72300227815049],[-74.00982856750488,40.72305919575331],[-74.01000559329987,40.723079523456796],[-74.01001632213593,40.723018540327686]]]}},{"type":"Feature","properties":{"id":"462b063c-2ec4-4879-8b49-bb49ec37943a","height":29.8,"subtype":null,"class":null},"geometry":{"type":"Polygon","coordinates":[[[-74.01005923748016,40.715228502584665],[-74.00997877120972,40.71519190839822],[-74.0097963809967,40.71542773724695],[-74.00987148284912,40.71546433130377],[-74.01005923748016,40.715228502584665]]]}},{"type":"Feature","properties":{"id":"e1a292b2-ebb2-446b-af7b-9f12868557c6","height":41,"subtype":null,"class":null},"geometry":{"type":"Polygon","coordinates":[[[-74.00731265544891,40.71949362051627],[-74.00721609592438,40.719481423237816],[-74.00717318058014,40.71972943412673],[-74.0074360370636,40.71975382859046],[-74.00747895240784,40.71950988355069],[-74.00735557079315,40.71949768627525],[-74.00735020637512,40.719534278094905],[-74.00730729103088,40.719530212338164],[-74.00731265544891,40.71949362051627]]]}},{"type":"Feature","properties":{"id":"7ac81402-3b31-4e73-a0e0-07e6ae5dc1fa","height":27.8,"subtype":null,"class":null},"geometry":{"type":"Polygon","coordinates":[[[-74.00787055492401,40.71645236323498],[-74.00763988494873,40.71635071453602],[-74.00731801986694,40.71676544025257],[-74.0075433254242,40.716867088318324],[-74.00770425796509,40.71666379203165],[-74.007688164711,40.716655660167284],[-74.0077793598175,40.716545879900934],[-74.0077954530716,40.71654994583995],[-74.00787055492401,40.71645236323498]]]}},{"type":"Feature","properties":{"id":"346bbec3-19df-4ce8-9e1d-4cadef5a9dde","height":24.4,"subtype":null,"class":null},"geometry":{"type":"Polygon","coordinates":[[[-74.01067078113556,40.71473651239527],[-74.01058495044708,40.71469585188639],[-74.01042401790619,40.714903220222055],[-74.01050984859467,40.71494388060431],[-74.01067078113556,40.71473651239527]]]}},{"type":"Feature","properties":{"id":"3b6dc3db-ed9b-443d-b01a-b0072e3db908","height":19.6,"subtype":null,"class":null},"geometry":{"type":"Polygon","coordinates":[[[-74.00866985321045,40.71491135230051],[-74.00858938694,40.71487475793973],[-74.00844991207123,40.71505772954247],[-74.00852501392365,40.715094323802674],[-74.00866985321045,40.71491135230051]]]}},{"type":"Feature","properties":{"id":"a2aefe34-7f54-487f-9579-72e302fd1a12","height":21.8,"subtype":null,"class":null},"geometry":{"type":"Polygon","coordinates":[[[-74.006786942482,40.715622905317595],[-74.00689959526062,40.71547246331365],[-74.00681912899017,40.715439935268115],[-74.0066260099411,40.715692027205414],[-74.00670647621155,40.71572862111698],[-74.006786942482,40.715622905317595]]]}},{"type":"Feature","properties":{"id":"ba78ae6e-9c81-482c-8164-7277cb738eb9","height":22.7,"subtype":null,"class":null},"geometry":{"type":"Polygon","coordinates":[[[-74.00864839553833,40.717143570271894],[-74.00863230228424,40.71716796568326],[-74.00862157344818,40.71721269058087],[-74.00891661643982,40.71724521776026],[-74.00892734527588,40.71717609748506],[-74.00864839553833,40.717143570271894]]]}},{"type":"Feature","properties":{"id":"7289e032-7885-45d3-8510-061146b332b0","height":29,"subtype":"residential","class":"apartments"},"geometry":{"type":"Polygon","coordinates":[[[-74.00534391403198,40.718997596057285],[-74.00552093982697,40.71877397726456],[-74.00537610054016,40.718712990190724],[-74.00534391403198,40.718997596057285]]]}},{"type":"Feature","properties":{"id":"42b50b75-c88b-4cd7-9932-ce0e2e70c337","height":4,"subtype":null,"class":null},"geometry":{"type":"Polygon","coordinates":[[[-74.01246249675751,40.713740322779074],[-74.01245176792145,40.713776917763404],[-74.01247322559357,40.713776917763404],[-74.01248395442963,40.71374438888946],[-74.01246249675751,40.713740322779074]]]}},{"type":"Feature","properties":{"id":"9e9a699d-5f5b-4bcc-beb2-4856d6d46e58","height":28.7,"subtype":null,"class":null},"geometry":{"type":"Polygon","coordinates":[[[-74.00866448879242,40.71704598853705],[-74.00865375995636,40.71705818626172],[-74.00870203971863,40.71707851579789],[-74.00893807411194,40.71710697713809],[-74.00897026062012,40.71696060440172],[-74.00876641273499,40.716867088318324],[-74.00866985321045,40.71698906579232],[-74.00867521762848,40.71699313170427],[-74.0086430311203,40.71703785671934],[-74.00866448879242,40.71704598853705]]]}},{"type":"Feature","properties":{"id":"bf9a765d-525b-40d8-b3f4-b91eef57c502","height":21.1,"subtype":null,"class":null},"geometry":{"type":"Polygon","coordinates":[[[-74.00657773017883,40.71508619174658],[-74.00649189949036,40.71504959748191],[-74.00635778903961,40.715228502584665],[-74.00643825531006,40.715265096751004],[-74.00657773017883,40.71508619174658]]]}},{"type":"Feature","properties":{"id":"027d2a5c-199e-4c5e-a98f-20e935bee50b","height":24.1,"subtype":null,"class":null},"geometry":{"type":"Polygon","coordinates":[[[-74.00944232940674,40.719058582870375],[-74.00935649871826,40.719046385512215],[-74.00932431221008,40.71926593761694],[-74.00941014289856,40.71927406916248],[-74.00944232940674,40.719058582870375]]]}},{"type":"Feature","properties":{"id":"67e0c616-8d1d-4127-9a30-ed2d37b08d1d","height":17.4,"subtype":null,"class":null},"geometry":{"type":"Polygon","coordinates":[[[-74.0101021528244,40.72424225776282],[-74.01002705097198,40.72423412682421],[-74.01000022888184,40.724388614487864],[-74.01007533073425,40.72439674540759],[-74.0101021528244,40.72424225776282]]]}},{"type":"Feature","properties":{"id":"80f94094-c8b8-478d-bdba-a6b418216bbe","height":4.8,"subtype":null,"class":null},"geometry":{"type":"Polygon","coordinates":[[[-74.00998950004578,40.723193358481645],[-74.00997877120972,40.72325027592105],[-74.01012897491455,40.723266538037656],[-74.01013970375061,40.723197424014636],[-74.00998950004578,40.72318116188115],[-74.00998950004578,40.723193358481645]]]}},{"type":"Feature","properties":{"id":"4c477574-d073-4485-99ba-454d3ef155c8","height":19.6,"subtype":null,"class":null},"geometry":{"type":"Polygon","coordinates":[[[-74.00784909725189,40.714545407787604],[-74.00770425796509,40.71472024819469],[-74.0077793598175,40.714756842640405],[-74.00791883468628,40.7145779362702],[-74.00784909725189,40.714545407787604]]]}},{"type":"Feature","properties":{"id":"7cf47e6a-7725-4ec2-944a-8c889b766162","height":25.8,"subtype":null,"class":null},"geometry":{"type":"Polygon","coordinates":[[[-74.00947988033295,40.72099793438734],[-74.00946915149689,40.72106705069427],[-74.00982856750488,40.72109957599034],[-74.00983929634094,40.72103045971719],[-74.00947988033295,40.72099793438734]]]}},{"type":"Feature","properties":{"id":"64356d9f-b0db-47ca-922e-b60960939635","height":23.8,"subtype":null,"class":null},"geometry":{"type":"Polygon","coordinates":[[[-74.00359511375427,40.71952208082392],[-74.00352001190186,40.71948955475704],[-74.00335371494293,40.71970097390772],[-74.00342881679535,40.7197334998713],[-74.00359511375427,40.71952208082392]]]}},{"type":"Feature","properties":{"id":"fe97d6da-9304-4f3a-a1e3-b31969b21a81","height":13.5,"subtype":null,"class":null},"geometry":{"type":"Polygon","coordinates":[[[-74.0097427368164,40.724559363593656],[-74.00971591472626,40.724555298143855],[-74.00964617729187,40.72461221441856],[-74.00965690612793,40.724616279864904],[-74.0095603466034,40.72468945785641],[-74.00960862636566,40.72472604682199],[-74.00971055030823,40.72464473798228],[-74.00968372821808,40.724624410756824],[-74.00976419448853,40.724559363593656],[-74.0097427368164,40.724559363593656]]]}},{"type":"Feature","properties":{"id":"513c2bae-83ef-4cfe-9cb4-8aecc9702456","height":14,"subtype":null,"class":null},"geometry":{"type":"Polygon","coordinates":[[[-74.01107847690582,40.71861947656899],[-74.01108920574188,40.71856662098554],[-74.01093363761902,40.71855442353726],[-74.01092827320099,40.718607279130396],[-74.01107847690582,40.71861947656899]]]}},{"type":"Feature","properties":{"id":"a30db871-b748-400b-ba80-e458e42006b7","height":23.6,"subtype":null,"class":null},"geometry":{"type":"Polygon","coordinates":[[[-74.00963008403778,40.719050451298514],[-74.00953888893127,40.719042319725666],[-74.00949597358704,40.71928220070701],[-74.00969445705414,40.71930252956401],[-74.00973200798035,40.71906264865593],[-74.00963008403778,40.719050451298514]]]}},{"type":"Feature","properties":{"id":"40cb0e3f-3457-4fdb-ae0c-0c6d89ea1e9e","height":26.9,"subtype":null,"class":null},"geometry":{"type":"Polygon","coordinates":[[[-74.00827825069427,40.71606203138469],[-74.00815486907959,40.71600510779866],[-74.0079402923584,40.716285659287244],[-74.00806367397308,40.71634258263341],[-74.00827825069427,40.71606203138469]]]}},{"type":"Feature","properties":{"id":"b1d0dcc0-d627-4a9a-89ac-bfaa759926f3","height":26.9,"subtype":null,"class":null},"geometry":{"type":"Polygon","coordinates":[[[-74.00904536247253,40.7234738796761],[-74.00892198085785,40.723465748643626],[-74.0088415145874,40.72394547786015],[-74.00895953178406,40.72395767432057],[-74.00904536247253,40.7234738796761]]]}},{"type":"Feature","properties":{"id":"3e3a5899-0885-4190-a097-63fe96bd7083","height":26,"subtype":null,"class":null},"geometry":{"type":"Polygon","coordinates":[[[-74.00980174541473,40.716749176547665],[-74.00972664356232,40.71671258319708],[-74.00950133800507,40.716997197615974],[-74.00958180427551,40.717029724900655],[-74.00980174541473,40.716749176547665]]]}},{"type":"Feature","properties":{"id":"933317bf-e3fe-400c-bda5-5e1bd6cecade","height":4.5,"subtype":"residential","class":"garage"},"geometry":{"type":"Polygon","coordinates":[[[-74.00753259658813,40.719534278094905],[-74.00747358798981,40.71952614658116],[-74.0074360370636,40.71975382859046],[-74.00749504566193,40.719761960076404],[-74.00753259658813,40.719534278094905]]]}},{"type":"Feature","properties":{"id":"6332d166-5ea7-4518-908e-ab9fa2643b67","height":26.1,"subtype":null,"class":null},"geometry":{"type":"Polygon","coordinates":[[[-74.00489866733551,40.71816003817144],[-74.00474309921265,40.71808685300118],[-74.0045714378357,40.7183064082706],[-74.00472700595856,40.71837552737222],[-74.00489866733551,40.71816003817144]]]}},{"type":"Feature","properties":{"id":"20a2e3a2-20ea-4bb7-8813-df6b7d97b1f3","height":13.7,"subtype":null,"class":null},"geometry":{"type":"Polygon","coordinates":[[[-74.01027917861938,40.71720455878354],[-74.010209441185,40.717196426985225],[-74.01017189025879,40.71732246974763],[-74.01032209396362,40.717338733312495],[-74.01033818721771,40.717265547239315],[-74.01026844978333,40.71725741544845],[-74.01027917861938,40.71720455878354]]]}},{"type":"Feature","properties":{"id":"66a4d915-bca1-48e8-8d63-d35d9258c306","height":26.3,"subtype":null,"class":null},"geometry":{"type":"Polygon","coordinates":[[[-74.00871813297272,40.715378945139875],[-74.0086430311203,40.71534641704864],[-74.00851964950562,40.715504991343316],[-74.00859475135803,40.71553751935708],[-74.00871813297272,40.715378945139875]]]}},{"type":"Feature","properties":{"id":"b60fe100-03c6-4d1c-9b0f-4d0d545a2050","height":25.6,"subtype":null,"class":null},"geometry":{"type":"Polygon","coordinates":[[[-74.0102630853653,40.72183545656643],[-74.01027917861938,40.72174194733117],[-74.0099573135376,40.72170942234899],[-74.00989830493927,40.722050933869255],[-74.01018261909485,40.7220793930835],[-74.01022553443909,40.72183139095023],[-74.0102630853653,40.72183545656643]]]}},{"type":"Feature","properties":{"id":"282a8d20-0c96-4978-91e9-981c1f5490f9","height":27.1,"subtype":null,"class":null},"geometry":{"type":"Polygon","coordinates":[[[-74.00946378707886,40.720123810194636],[-74.00927066802979,40.72010348158847],[-74.00923311710358,40.72030676737087],[-74.00943160057068,40.72032303020666],[-74.00946378707886,40.720123810194636]]]}},{"type":"Feature","properties":{"id":"fcd44960-02d9-453c-a227-2a0893381460","height":21.4,"subtype":null,"class":null},"geometry":{"type":"Polygon","coordinates":[[[-74.00879859924316,40.71568389522234],[-74.00872349739075,40.7156473012862],[-74.00858938694,40.71581400683239],[-74.00866985321045,40.71584653469517],[-74.00879859924316,40.71568389522234]]]}},{"type":"Feature","properties":{"id":"c5d49996-2e3a-4bdf-9bb6-aaed9f80f714","height":73.4,"subtype":"education","class":"school"},"geometry":{"type":"Polygon","coordinates":[[[-74.01386260986328,40.71710697713809],[-74.01359975337982,40.71698906579232],[-74.01371240615845,40.71685082463822],[-74.01358366012573,40.71678983580252],[-74.01345491409302,40.71734279920309],[-74.01362121105194,40.71741598519134],[-74.01386260986328,40.71710697713809]]]}},{"type":"Feature","properties":{"id":"86dbbd20-1513-4c38-bb52-9b38bb22d617","height":53.7,"subtype":"education","class":"school"},"geometry":{"type":"Polygon","coordinates":[[[-74.014533162117,40.71808278715604],[-74.01454389095306,40.71808685300118],[-74.01455998420715,40.71806652377294],[-74.01340663433075,40.717546093416225],[-74.01335299015045,40.71777378219791],[-74.0133798122406,40.71778597978925],[-74.01335299015045,40.71780224324087],[-74.01333689689636,40.7178347701322],[-74.01333689689636,40.71786323114909],[-74.01335299015045,40.71789169215379],[-74.01335299015045,40.717907955579605],[-74.01332080364227,40.71790388972353],[-74.01325106620789,40.718200696564594],[-74.01432931423187,40.71835113240336],[-74.014533162117,40.71808278715604]]]}},{"type":"Feature","properties":{"id":"331729de-0a8d-44ab-8dfa-274cd7e86265","height":25.7,"subtype":null,"class":null},"geometry":{"type":"Polygon","coordinates":[[[-74.00882005691528,40.71961152742592],[-74.0088039636612,40.71961152742592],[-74.00878250598907,40.71974569710355],[-74.0090024471283,40.71976602581899],[-74.00900781154633,40.71973756561563],[-74.00910973548889,40.71974569710355],[-74.00912582874298,40.719639987683166],[-74.00882005691528,40.71961152742592]]]}},{"type":"Feature","properties":{"id":"f61d5402-7185-43cb-9cfc-d96b8ae8acdf","height":3.5,"subtype":"commercial","class":"retail"},"geometry":{"type":"Polygon","coordinates":[[[-74.00730729103088,40.718452778047926],[-74.00722146034241,40.71841618563378],[-74.00720536708832,40.71850563372175],[-74.00724828243256,40.71853002863397],[-74.00730729103088,40.718452778047926]]]}},{"type":"Feature","properties":{"id":"1e7f8cc9-a8fc-4503-b9ae-6a2639531b45","height":21.5,"subtype":null,"class":null},"geometry":{"type":"Polygon","coordinates":[[[-74.0037614107132,40.71959933016908],[-74.00371849536896,40.71965218493254],[-74.00394916534424,40.71975789433355],[-74.0039974451065,40.71969690816114],[-74.00376677513123,40.71959119866329],[-74.0037614107132,40.71959933016908]]]}},{"type":"Feature","properties":{"id":"77a2e603-a5a9-4c02-9601-d2989a8cd971","height":11.9,"subtype":null,"class":null},"geometry":{"type":"Polygon","coordinates":[[[-74.00495767593384,40.72059543211522],[-74.00489866733551,40.720566972266475],[-74.00475919246674,40.720749928224656],[-74.00481820106506,40.720774322314426],[-74.00495767593384,40.72059543211522]]]}},{"type":"Feature","properties":{"id":"33c76c64-a42a-4a07-84da-7ca881baa726","subtype":null,"class":null},"geometry":{"type":"Polygon","coordinates":[[[-74.00397598743439,40.71506586160203],[-74.00395452976227,40.7150536635123],[-74.00392770767212,40.71508619174658],[-74.00406181812286,40.715155314191655],[-74.00409400463104,40.71512278599115],[-74.00397598743439,40.71506586160203]]]}},{"type":"Feature","properties":{"id":"6e664f4b-7018-43a8-9c80-474a68d1df79","height":18.977012634277344,"subtype":null,"class":null},"geometry":{"type":"Polygon","coordinates":[[[-74.01400208473206,40.71504553145126],[-74.01396453380585,40.71520410646259],[-74.01461362838745,40.71530575691225],[-74.0148013830185,40.71461046473691],[-74.01495695114136,40.71441122762891],[-74.01425421237946,40.714106271717064],[-74.01400208473206,40.71504553145126]]]}},{"type":"Feature","properties":{"id":"a59e8c59-a68b-4e3f-8f72-cbc686cb0df6","height":12.5,"subtype":null,"class":null},"geometry":{"type":"Polygon","coordinates":[[[-74.0042495727539,40.71908704336401],[-74.0042495727539,40.719066714441226],[-74.00419592857361,40.719042319725666],[-74.00404572486877,40.71923747719977],[-74.00411009788513,40.71926593761694],[-74.0042495727539,40.71908704336401]]]}},{"type":"Feature","properties":{"id":"0ed643ba-7821-4b71-8284-3199a2ca23f7","height":18.6,"subtype":null,"class":null},"geometry":{"type":"Polygon","coordinates":[[[-74.01004314422607,40.724583756287295],[-74.00982320308685,40.724559363593656],[-74.00980174541473,40.724669130644614],[-74.00983393192291,40.72468945785641],[-74.01002168655396,40.724709785062004],[-74.01004314422607,40.724583756287295]]]}},{"type":"Feature","properties":{"id":"c0c6e982-4914-43b0-8eef-3d08550cc1d6","height":11.6,"subtype":null,"class":null},"geometry":{"type":"Polygon","coordinates":[[[-74.0050220489502,40.720623891951796],[-74.00495767593384,40.72059543211522],[-74.00481820106506,40.720774322314426],[-74.00488257408142,40.72080278207452],[-74.0050220489502,40.720623891951796]]]}},{"type":"Feature","properties":{"id":"9381581d-a23a-42da-ab75-accdbdfac29b","height":14.1,"subtype":null,"class":null},"geometry":{"type":"Polygon","coordinates":[[[-74.01093900203705,40.71849750208235],[-74.01092827320099,40.71855035772067],[-74.01108920574188,40.71856662098554],[-74.01109457015991,40.71850969954108],[-74.01093900203705,40.71849750208235]]]}},{"type":"Feature","properties":{"id":"a6ad0636-418d-40b0-bf5f-5d8e6c255445","height":11.5,"subtype":null,"class":null},"geometry":{"type":"Polygon","coordinates":[[[-74.00989294052124,40.71676950617821],[-74.0098124742508,40.71673291283877],[-74.00958180427551,40.717029724900655],[-74.00965690612793,40.717066318076924],[-74.00989294052124,40.71676950617821]]]}},{"type":"Feature","properties":{"id":"2b5c5ff9-3c1f-45b8-acda-997ddf4685ef","height":24.7,"subtype":null,"class":null},"geometry":{"type":"Polygon","coordinates":[[[-74.0085518360138,40.7159847779347],[-74.00847673416138,40.71594818416394],[-74.00836944580078,40.716090493159456],[-74.0084445476532,40.71612302088715],[-74.0085518360138,40.7159847779347]]]}},{"type":"Feature","properties":{"id":"a4e4f22c-19ed-4f81-a618-0ec6638379a5","height":25.1,"subtype":null,"class":null},"geometry":{"type":"Polygon","coordinates":[[[-74.00983393192291,40.72392921590941],[-74.0097963809967,40.72392515042112],[-74.00977492332458,40.72403491851807],[-74.01013433933258,40.72407150784349],[-74.0101557970047,40.723937346885265],[-74.00983393192291,40.7239007574861],[-74.00983393192291,40.72392921590941]]]}},{"type":"Feature","properties":{"id":"389331fc-3508-4da5-b447-1b72edecfd62","height":36.7,"subtype":null,"class":null},"geometry":{"type":"Polygon","coordinates":[[[-74.0117597579956,40.71990019518521],[-74.0117758512497,40.719814814710716],[-74.01169002056122,40.719806683231255],[-74.01170611381531,40.71973756561563],[-74.01151835918427,40.71954240960765],[-74.01158273220062,40.71950988355069],[-74.01172757148743,40.71883496428253],[-74.01171684265137,40.71883496428253],[-74.01165783405304,40.719091109147854],[-74.01163637638092,40.71908704336401],[-74.01163637638092,40.71907891179564],[-74.01145935058594,40.71905451708456],[-74.01145398616791,40.719070780226275],[-74.01137351989746,40.719058582870375],[-74.01114821434021,40.720095350144256],[-74.0116149187088,40.72015227023285],[-74.01163637638092,40.720066890081696],[-74.01171684265137,40.72007502152939],[-74.0117597579956,40.71990019518521]]]}},{"type":"Feature","properties":{"id":"fd5dd034-49a7-4b10-afc6-01b626e43d24","height":16.1,"subtype":null,"class":null},"geometry":{"type":"Polygon","coordinates":[[[-74.01083171367645,40.72304699912822],[-74.01053130626678,40.72301447478375],[-74.01050984859467,40.72313644099355],[-74.01081025600433,40.72316896527842],[-74.01083171367645,40.72304699912822]]]}},{"type":"Feature","properties":{"id":"6ee9c437-9233-4d25-8bca-a781995714cc","height":12.2,"subtype":null,"class":null},"geometry":{"type":"Polygon","coordinates":[[[-74.006068110466,40.71996118117137],[-74.00595009326935,40.71991645812033],[-74.0059232711792,40.7199571154407],[-74.00598764419556,40.71998150982101],[-74.00598227977753,40.719989641279135],[-74.00605738162994,40.720001838464434],[-74.006068110466,40.71996118117137]]]}},{"type":"Feature","properties":{"id":"38d9bfaa-3fc4-4bc0-87e8-d034c5f7b8ad","height":9.8,"subtype":null,"class":null},"geometry":{"type":"Polygon","coordinates":[[[-74.01056349277496,40.71689961566658],[-74.0104615688324,40.71685082463822],[-74.01042938232422,40.71688741791283],[-74.0105527639389,40.71691181341806],[-74.01056349277496,40.71689961566658]]]}},{"type":"Feature","properties":{"id":"4b25e8e4-65d3-4621-9d6b-94ee04f3eaa2","height":22.8,"subtype":null,"class":null},"geometry":{"type":"Polygon","coordinates":[[[-74.00778472423553,40.71670038540906],[-74.00770425796509,40.71666379203165],[-74.0075433254242,40.716867088318324],[-74.00762379169464,40.716903681583986],[-74.00778472423553,40.71670038540906]]]}},{"type":"Feature","properties":{"id":"d1c56c97-51a0-4d39-80c2-8c00bc18cd6c","height":28,"subtype":null,"class":null},"geometry":{"type":"Polygon","coordinates":[[[-74.0079402923584,40.71957493564871],[-74.00775790214539,40.71955460687492],[-74.00772035121918,40.71978228878687],[-74.00790274143219,40.71979855175079],[-74.0079402923584,40.71957493564871]]]}},{"type":"Feature","properties":{"id":"3d045cc1-8e2d-44db-a259-88cd4626d49b","height":23.6,"subtype":null,"class":null},"geometry":{"type":"Polygon","coordinates":[[[-74.00759696960449,40.71889188544889],[-74.00742530822754,40.71881870108321],[-74.00737702846527,40.71907891179564],[-74.00762915611267,40.71909924071472],[-74.00765597820282,40.71890408283536],[-74.00760233402252,40.7188796880602],[-74.00759696960449,40.71889188544889]]]}},{"type":"Feature","properties":{"id":"e6efb33b-e9cb-4688-88bf-2d009359dc28","height":23.9,"subtype":null,"class":null},"geometry":{"type":"Polygon","coordinates":[[[-74.00397062301636,40.71853002863397],[-74.00387406349182,40.718489370441965],[-74.00371313095093,40.71868859534554],[-74.00380969047546,40.71873331922155],[-74.00397062301636,40.71853002863397]]]}},{"type":"Feature","properties":{"id":"c32abbcb-ac6c-43cd-8d38-67277eac6b82","height":13.9,"subtype":null,"class":null},"geometry":{"type":"Polygon","coordinates":[[[-74.00980710983276,40.71924154297441],[-74.00978028774261,40.71924154297441],[-74.00976955890656,40.71930659533466],[-74.0099036693573,40.719322858414785],[-74.00991439819336,40.71925374029679],[-74.00980710983276,40.71924154297441]]]}},{"type":"Feature","properties":{"id":"5a5b90df-e981-49d5-8e94-30a01d1abf9c","height":23.7,"subtype":null,"class":null},"geometry":{"type":"Polygon","coordinates":[[[-74.0049147605896,40.71736312865234],[-74.00483429431915,40.717326535639216],[-74.00466799736023,40.71757048868009],[-74.00467872619629,40.71757455455653],[-74.00464653968811,40.717615213307276],[-74.00470018386841,40.71763554267334],[-74.0049147605896,40.71736312865234]]]}},{"type":"Feature","properties":{"id":"98cdf734-0c8a-4d81-b51c-5b231419bd34","height":3.489051103591919,"subtype":null,"class":null},"geometry":{"type":"Polygon","coordinates":[[[-74.00524735450745,40.716188076294884],[-74.00523126125336,40.71622466993378],[-74.00528490543365,40.71624093376682],[-74.00530636310577,40.71620434013686],[-74.00524735450745,40.716188076294884]]]}},{"type":"Feature","properties":{"id":"af4b594e-2e10-49dd-a0aa-3b6bf6fb9f2c","height":6.3,"subtype":"service","class":"service"},"geometry":{"type":"Polygon","coordinates":[[[-74.01246249675751,40.72128659613435],[-74.01230156421661,40.72127033353398],[-74.01228547096252,40.72133944955805],[-74.01244640350342,40.72135977778677],[-74.01246249675751,40.72128659613435]]]}},{"type":"Feature","properties":{"id":"a998d965-b802-4cc9-b674-6f8afd12a55d","height":31.8,"subtype":null,"class":null},"geometry":{"type":"Polygon","coordinates":[[[-74.00814414024353,40.71601730571405],[-74.00801002979279,40.715960382089754],[-74.00780618190765,40.71622466993378],[-74.0079402923584,40.716285659287244],[-74.00814414024353,40.71601730571405]]]}},{"type":"Feature","properties":{"id":"94423751-c596-4118-9759-3739c0a64ef1","height":27.9,"subtype":null,"class":null},"geometry":{"type":"Polygon","coordinates":[[[-74.00593400001526,40.71905451708456],[-74.00585889816284,40.719021990789216],[-74.00573551654816,40.719180556328936],[-74.00588572025299,40.719249674522906],[-74.0059769153595,40.71913176697233],[-74.00613248348236,40.71920495099381],[-74.00619149208069,40.71913176697233],[-74.00596082210541,40.719026056576986],[-74.00593400001526,40.71905451708456]]]}},{"type":"Feature","properties":{"id":"43b7cc5c-8f5d-4589-b75e-471e0e03da2b","height":19,"subtype":null,"class":null},"geometry":{"type":"Polygon","coordinates":[[[-74.00994658470154,40.718485304621396],[-74.00987148284912,40.718477172979526],[-74.00983393192291,40.7186560688714],[-74.00991439819336,40.71866826630107],[-74.00994658470154,40.718485304621396]]]}},{"type":"Feature","properties":{"id":"2a30ccf1-4aeb-412b-a6e1-071009572ba8","height":14.7,"subtype":null,"class":null},"geometry":{"type":"Polygon","coordinates":[[[-74.01011824607849,40.7223558533888],[-74.009850025177,40.72232739429273],[-74.00983929634094,40.72238024688999],[-74.01011288166046,40.72240870596346],[-74.01011824607849,40.7223558533888]]]}},{"type":"Feature","properties":{"id":"f1914ddb-be18-48db-9b7d-c8c3b636297c","height":20.3,"subtype":null,"class":null},"geometry":{"type":"Polygon","coordinates":[[[-74.00465190410614,40.71852596281588],[-74.00464117527008,40.71851783117898],[-74.00459289550781,40.718582884246466],[-74.00479674339294,40.71867639791961],[-74.00484502315521,40.718611344943504],[-74.00465190410614,40.71852596281588]]]}},{"type":"Feature","properties":{"id":"d717f177-85a1-46d9-9064-c1d407f5b22b","subtype":null,"class":null},"geometry":{"type":"Polygon","coordinates":[[[-74.01135742664337,40.71511058791185],[-74.01138424873352,40.71512278599115],[-74.01140570640564,40.71508619174658],[-74.01137351989746,40.7150780596895],[-74.01135742664337,40.71511058791185]]]}},{"type":"Feature","properties":{"id":"721da1d4-43ea-4bcc-ac92-4604305fce57","height":10.1,"subtype":null,"class":null},"geometry":{"type":"Polygon","coordinates":[[[-74.00958180427551,40.724600018078085],[-74.00958180427551,40.72459188718319],[-74.00946378707886,40.724579690838965],[-74.00945842266083,40.72461221441856],[-74.00951206684113,40.72465693431457],[-74.00958180427551,40.724600018078085]]]}},{"type":"Feature","properties":{"id":"18b1372a-281c-4aeb-8fc3-ec8e159859d0","height":44.5,"subtype":null,"class":null},"geometry":{"type":"Polygon","coordinates":[[[-74.00456607341766,40.71720455878354],[-74.00409936904907,40.71699313170427],[-74.00404572486877,40.717050054445515],[-74.00445342063904,40.71723708596691],[-74.00443196296692,40.717265547239315],[-74.0045177936554,40.71730620617879],[-74.00454998016357,40.717265547239315],[-74.00452852249146,40.71725741544845],[-74.00456607341766,40.71720455878354]]]}},{"type":"Feature","properties":{"id":"3992f714-d8b1-4562-8573-5789e8a0fe22","height":18.2,"subtype":null,"class":null},"geometry":{"type":"Polygon","coordinates":[[[-74.00712490081787,40.71757455455653],[-74.00699615478516,40.71773718941052],[-74.0071302652359,40.717798177378334],[-74.00725901126862,40.71763554267334],[-74.00712490081787,40.71757455455653]]]}},{"type":"Feature","properties":{"id":"ab926fa3-3985-4fea-a408-b020f3e85bf2","height":170,"subtype":null,"class":null},"geometry":{"type":"Polygon","coordinates":[[[-74.00604665279388,40.716793901726625],[-74.00612711906433,40.71683049503254],[-74.0061753988266,40.71676544025257],[-74.00622367858887,40.71678983580252],[-74.00625050067902,40.71675324247427],[-74.00623440742493,40.71674511062083],[-74.00624513626099,40.71672884691093],[-74.0062665939331,40.716736978766384],[-74.00628805160522,40.71670445133865],[-74.00627732276917,40.71670038540906],[-74.00628805160522,40.71668412168826],[-74.00630414485931,40.716688187618836],[-74.00633096694946,40.716655660167284],[-74.0063202381134,40.71664752830192],[-74.00633096694946,40.71663533050199],[-74.00634169578552,40.716643462368836],[-74.00636851787567,40.71660686896014],[-74.00632560253143,40.71658247334316],[-74.0063738822937,40.71651741832085],[-74.0062290430069,40.71645236323498],[-74.00621831417084,40.716464561068435],[-74.00620222091675,40.7164564291797],[-74.00621294975281,40.716444231344774],[-74.00615394115448,40.71641983566819],[-74.00614857673645,40.71642796756137],[-74.00612711906433,40.71641983566819],[-74.00613784790039,40.71641170377402],[-74.00607883930206,40.71638730808552],[-74.006068110466,40.71639950593088],[-74.00605201721191,40.71638730808552],[-74.00605738162994,40.716379176187374],[-74.00583744049072,40.716281593332084],[-74.00582671165466,40.71629379119681],[-74.0058159828186,40.716289725242156],[-74.00582671165466,40.71627752737666],[-74.00568187236786,40.71621247205636],[-74.00563895702362,40.716269395465105],[-74.0056174993515,40.71626126355256],[-74.00559067726135,40.71629379119681],[-74.00560677051544,40.71630192310539],[-74.00559604167938,40.716322252872494],[-74.0055799484253,40.71631412096641],[-74.00555312633514,40.71634664858483],[-74.00556921958923,40.71635071453602],[-74.00555849075317,40.71636697833827],[-74.00554239749908,40.71635884643764],[-74.00551557540894,40.716395439982676],[-74.00553166866302,40.71639950593088],[-74.00552093982697,40.71641576972122],[-74.00550484657288,40.71640763782656],[-74.00547802448273,40.7164401653993],[-74.00549411773682,40.71644829728999],[-74.00548338890076,40.716460495124174],[-74.00546729564667,40.7164564291797],[-74.00542974472046,40.7165052204971],[-74.00544047355652,40.716509286438594],[-74.00542974472046,40.716521484261605],[-74.00558531284332,40.716590605216496],[-74.00559604167938,40.716578407406125],[-74.00560677051544,40.71658247334316],[-74.00559604167938,40.71659467115277],[-74.00581061840057,40.71669225354916],[-74.00582134723663,40.71668005575744],[-74.00583744049072,40.716688187618836],[-74.00583207607269,40.71670038540906],[-74.00588572025299,40.71672478098284],[-74.00589644908905,40.716716649125914],[-74.00591254234314,40.71672478098284],[-74.00590717792511,40.71673291283877],[-74.00596082210541,40.716757308400624],[-74.00597155094147,40.71674511062083],[-74.00599300861359,40.716757308400624],[-74.00598227977753,40.71676544025257],[-74.00604665279388,40.716793901726625]]]}},{"type":"Feature","properties":{"id":"78920650-efd0-4d4a-84bd-5b42a0243084","height":41.1,"subtype":null,"class":null},"geometry":{"type":"Polygon","coordinates":[[[-74.01054739952087,40.715671697245874],[-74.01067614555359,40.71550092534048],[-74.01045083999634,40.71539927518884],[-74.01027381420135,40.715631037308114],[-74.0104991197586,40.71573268710591],[-74.01054739952087,40.715671697245874]]]}},{"type":"Feature","properties":{"id":"e40a106c-d2bf-47f0-b1ab-e15313accb7f","height":21.4,"subtype":null,"class":null},"geometry":{"type":"Polygon","coordinates":[[[-74.00785982608795,40.715671697245874],[-74.0077793598175,40.715635103303],[-74.00767207145691,40.715777412967775],[-74.00774717330933,40.71581400683239],[-74.00785982608795,40.715671697245874]]]}},{"type":"Feature","properties":{"id":"900915d6-249b-49da-b951-bc214b2a5cd5","height":31.7,"subtype":null,"class":null},"geometry":{"type":"Polygon","coordinates":[[[-74.00714635848999,40.71515938021559],[-74.00722682476044,40.71519597441992],[-74.00733947753906,40.71505772954247],[-74.00725364685059,40.71501706922975],[-74.00733947753906,40.714915418339345],[-74.0074360370636,40.714960144750236],[-74.00752186775208,40.71484629564522],[-74.0072751045227,40.7147324463455],[-74.00718927383423,40.71484222960214],[-74.00728046894073,40.71488289002164],[-74.00719463825226,40.71498860699608],[-74.00710880756378,40.71495201267777],[-74.00699615478516,40.715090257774754],[-74.00714635848999,40.71515938021559]]]}},{"type":"Feature","properties":{"id":"fd3c44fd-84ae-4d24-bb70-a459470fd270","height":7.3,"subtype":null,"class":null},"geometry":{"type":"Polygon","coordinates":[[[-74.00838553905487,40.71814377480724],[-74.00831043720245,40.71811124806688],[-74.00812268257141,40.71835113240336],[-74.00819778442383,40.71838365902651],[-74.00838553905487,40.71814377480724]]]}},{"type":"Feature","properties":{"id":"4ab861c0-cc2d-4021-a27b-7b2e03174cc0","height":18.3,"subtype":null,"class":null},"geometry":{"type":"Polygon","coordinates":[[[-74.0101021528244,40.71769246486529],[-74.01008605957031,40.71776565046912],[-74.01040256023407,40.71780630910317],[-74.01041865348816,40.717733123544015],[-74.0101021528244,40.71769246486529]]]}},{"type":"Feature","properties":{"id":"9cbc496b-c051-427a-8fed-0f0ac6c5dc0c","height":18.4,"subtype":null,"class":null},"geometry":{"type":"Polygon","coordinates":[[[-74.00997340679169,40.723319389889184],[-74.00989830493927,40.72331125883784],[-74.00988221168518,40.72338443826422],[-74.01025235652924,40.723421027947246],[-74.0102630853653,40.72334784856109],[-74.00997340679169,40.723319389889184]]]}},{"type":"Feature","properties":{"id":"3c085231-ed6f-4d14-86d4-e69cf854019f","height":20.5,"subtype":null,"class":null},"geometry":{"type":"Polygon","coordinates":[[[-74.00704443454742,40.71462672896429],[-74.00696933269501,40.71459013444707],[-74.00668501853943,40.71494794664117],[-74.00676012039185,40.71498047492709],[-74.00704443454742,40.71462672896429]]]}},{"type":"Feature","properties":{"id":"76850dd2-cc90-4a9a-86f8-7a0024077f30","height":21.4,"subtype":null,"class":null},"geometry":{"type":"Polygon","coordinates":[[[-74.00387406349182,40.71726961313438],[-74.00380969047546,40.717334667421646],[-74.00427103042603,40.717546093416225],[-74.0043193101883,40.71747697345342],[-74.00387406349182,40.71726961313438]]]}},{"type":"Feature","properties":{"id":"fdc6a591-38a3-4b57-8c0f-c3585f489df0","height":17,"subtype":null,"class":null},"geometry":{"type":"Polygon","coordinates":[[[-74.00724828243256,40.71778597978925],[-74.00716781616211,40.71774938700856],[-74.0071302652359,40.717798177378334],[-74.00721073150635,40.71783883599252],[-74.00724828243256,40.71778597978925]]]}},{"type":"Feature","properties":{"id":"6096cdc5-c16a-4a24-85b6-ca83bba9ca8c","height":8,"subtype":null,"class":null},"geometry":{"type":"Polygon","coordinates":[[[-74.00493621826172,40.71680203357414],[-74.00500059127808,40.71683456095418],[-74.00495767593384,40.716883351994426],[-74.00503814220428,40.71691587933473],[-74.0050756931305,40.716867088318324],[-74.0050059556961,40.71683456095418],[-74.00504350662231,40.71678983580252],[-74.00449633598328,40.716537748022155],[-74.00443732738495,40.71660686896014],[-74.0049147605896,40.71682642911064],[-74.00493621826172,40.71680203357414]]]}},{"type":"Feature","properties":{"id":"11443c26-f8c5-45f1-8495-dde9a97091e5","height":51.5,"subtype":null,"class":null},"geometry":{"type":"Polygon","coordinates":[[[-74.00566041469574,40.71725741544845],[-74.00554776191711,40.71720862468233],[-74.00538682937622,40.71741191930522],[-74.00568187236786,40.717546093416225],[-74.00590717792511,40.717265547239315],[-74.0057247877121,40.71718016338559],[-74.00566041469574,40.71725741544845]]]}},{"type":"Feature","properties":{"id":"b4c934d4-e217-4f96-bce4-2fd50a4ce585","height":22.1,"subtype":"commercial","class":null},"geometry":{"type":"Polygon","coordinates":[[[-74.01031136512756,40.714919484377944],[-74.01023089885712,40.71488289002164],[-74.01010751724243,40.71504553145126],[-74.01018798351288,40.71508212571817],[-74.01031136512756,40.714919484377944]]]}},{"type":"Feature","properties":{"id":"a3f771da-a129-4c44-8088-3bfed65232ed","height":15.8,"subtype":null,"class":null},"geometry":{"type":"Polygon","coordinates":[[[-74.00851428508759,40.71484222960214],[-74.00843918323517,40.714805635203376],[-74.00829434394836,40.71498860699608],[-74.00837481021881,40.71502113526214],[-74.00851428508759,40.71484222960214]]]}},{"type":"Feature","properties":{"id":"6c5f017b-0692-4ae1-ab77-978c730a2753","height":26.2,"subtype":null,"class":null},"geometry":{"type":"Polygon","coordinates":[[[-74.00781154632568,40.714199791678524],[-74.00761842727661,40.7144396901094],[-74.00769352912903,40.71447221864365],[-74.0078866481781,40.71423232032999],[-74.00781154632568,40.714199791678524]]]}},{"type":"Feature","properties":{"id":"a6c565e4-a9da-4985-a0fc-b7b724a365a1","height":21.8,"subtype":null,"class":null},"geometry":{"type":"Polygon","coordinates":[[[-74.00931894779205,40.7163385166817],[-74.00929749011993,40.71655807771726],[-74.00938868522644,40.71660280302461],[-74.00942087173462,40.71655807771726],[-74.00941014289856,40.71655401177874],[-74.00947451591492,40.71646862701241],[-74.009490609169,40.71647675889963],[-74.00952816009521,40.71643203350761],[-74.00931894779205,40.7163385166817]]]}},{"type":"Feature","properties":{"id":"d6a8a0b0-9d03-4ef8-a47e-e76a358ed12b","height":26.6,"subtype":null,"class":null},"geometry":{"type":"Polygon","coordinates":[[[-74.00940477848053,40.719457028674256],[-74.0092921257019,40.71944889715106],[-74.0092545747757,40.71966438217968],[-74.00937259197235,40.7196765794246],[-74.00940477848053,40.719457028674256]]]}},{"type":"Feature","properties":{"id":"d336c612-326e-4441-8721-58fcc9df86b8","height":26.1,"subtype":null,"class":null},"geometry":{"type":"Polygon","coordinates":[[[-74.0095603466034,40.71532202096977],[-74.00951743125916,40.715378945139875],[-74.00963008403778,40.71543180325425],[-74.00964081287384,40.715415539223514],[-74.00976419448853,40.71547246331365],[-74.00997877120972,40.71519190839822],[-74.0099036693573,40.71515938021559],[-74.00972127914429,40.71539520917954],[-74.0095603466034,40.71532202096977]]]}},{"type":"Feature","properties":{"id":"1eee3b46-f499-4d0e-87af-720d24c08731","height":14.8,"subtype":null,"class":null},"geometry":{"type":"Polygon","coordinates":[[[-74.00917947292328,40.718582884246466],[-74.00918483734131,40.71853002863397],[-74.00899708271027,40.71851376536016],[-74.0089863538742,40.718570686801165],[-74.00917410850525,40.718591015875425],[-74.00917947292328,40.718582884246466]]]}},{"type":"Feature","properties":{"id":"73a37d10-bed5-461a-97be-167ffb2c617b","height":38.9,"subtype":null,"class":null},"geometry":{"type":"Polygon","coordinates":[[[-74.006068110466,40.71996118117137],[-74.00605738162994,40.720001838464434],[-74.00620222091675,40.720009969920085],[-74.00623440742493,40.719814814710716],[-74.00604665279388,40.71979855175079],[-74.00595009326935,40.71991645812033],[-74.006068110466,40.71996118117137]]]}},{"type":"Feature","properties":{"id":"6c2ed6b5-3ad4-4cf2-9966-70f2b4e5a2d1","height":24.4,"subtype":null,"class":null},"geometry":{"type":"Polygon","coordinates":[[[-74.0060305595398,40.718672332110465],[-74.00595009326935,40.718635739817],[-74.00576770305634,40.71886342487179],[-74.00584816932678,40.7189000170401],[-74.0060305595398,40.718672332110465]]]}},{"type":"Feature","properties":{"id":"013da8b8-a623-4f93-b6c7-6336fc38dbda","height":15.1,"subtype":null,"class":null},"geometry":{"type":"Polygon","coordinates":[[[-74.00638461112976,40.71532202096977],[-74.00631487369537,40.71528949285072],[-74.00616466999054,40.715484661326656],[-74.00623440742493,40.71551718935035],[-74.00638461112976,40.71532202096977]]]}},{"type":"Feature","properties":{"id":"cc351221-3d48-48ca-a1b5-3432c1136348","height":22.3,"subtype":null,"class":null},"geometry":{"type":"Polygon","coordinates":[[[-74.00681376457214,40.714521011415236],[-74.00673866271973,40.71448441683991],[-74.00660455226898,40.71464299318771],[-74.0066796541214,40.71467958767588],[-74.00681376457214,40.714521011415236]]]}},{"type":"Feature","properties":{"id":"e7bfd6bf-9837-484b-9bb0-869124539953","height":27.6,"subtype":null,"class":null},"geometry":{"type":"Polygon","coordinates":[[[-74.00501132011414,40.71591972232834],[-74.0049147605896,40.71603356959775],[-74.00520443916321,40.7161718124489],[-74.00530636310577,40.71605389944681],[-74.00501132011414,40.71591972232834]]]}},{"type":"Feature","properties":{"id":"e27b2d8e-8a9d-4070-9d38-d0818a575d8c","height":11.2,"subtype":null,"class":null},"geometry":{"type":"Polygon","coordinates":[[[-74.00483429431915,40.72053851240556],[-74.00470554828644,40.72048159264722],[-74.00458216667175,40.72064015471008],[-74.00471091270447,40.72069707433283],[-74.00483429431915,40.72053851240556]]]}},{"type":"Feature","properties":{"id":"b0311b93-c32f-45de-8670-cbabc0c5e6b0","height":23.6,"subtype":null,"class":null},"geometry":{"type":"Polygon","coordinates":[[[-74.0087342262268,40.72211191788492],[-74.00837481021881,40.72207532748221],[-74.00835335254669,40.72221762337968],[-74.00869131088257,40.72225014811354],[-74.00871276855469,40.722237951340205],[-74.0087342262268,40.72211191788492]]]}},{"type":"Feature","properties":{"id":"0d25344f-d32e-4e57-94c7-463e1d250e39","height":18.1,"subtype":null,"class":null},"geometry":{"type":"Polygon","coordinates":[[[-74.00461971759796,40.7176396085458],[-74.0045553445816,40.71761114743332],[-74.00444269180298,40.71778597978925],[-74.0045017004013,40.717810374965204],[-74.00461971759796,40.7176396085458]]]}},{"type":"Feature","properties":{"id":"04d783d8-cb9d-4c88-9022-cb105d1a0193","height":47.2,"subtype":null,"class":null},"geometry":{"type":"Polygon","coordinates":[[[-74.00899171829224,40.719558672630164],[-74.00883078575134,40.71954240960765],[-74.00882005691528,40.71961152742592],[-74.00912582874298,40.719639987683166],[-74.00913119316101,40.719595264416306],[-74.00901854038239,40.7195830671565],[-74.00899171829224,40.719558672630164]]]}},{"type":"Feature","properties":{"id":"319a9bad-167d-49d2-a7d4-054a1b8fce40","height":23.8,"subtype":null,"class":null},"geometry":{"type":"Polygon","coordinates":[[[-74.00475919246674,40.71729400849956],[-74.00460362434387,40.71722082237721],[-74.00443196296692,40.71752982990201],[-74.0045553445816,40.71758268630866],[-74.00475919246674,40.71729400849956]]]}},{"type":"Feature","properties":{"id":"908a41e3-3a4c-4ecc-960b-ca3b1388149d","height":15.5,"subtype":null,"class":null},"geometry":{"type":"Polygon","coordinates":[[[-74.00858938694,40.71487475793973],[-74.00851428508759,40.71484222960214],[-74.00837481021881,40.71502113526214],[-74.00844991207123,40.71505772954247],[-74.00858938694,40.71487475793973]]]}},{"type":"Feature","properties":{"id":"f7ef7922-6833-49b6-89de-3a2439843e24","height":52.7,"subtype":null,"class":null},"geometry":{"type":"Polygon","coordinates":[[[-74.00846600532532,40.72390482297589],[-74.00865375995636,40.72392515042112],[-74.00873959064484,40.723445421058074],[-74.00814950466156,40.72338443826422],[-74.00811195373535,40.72358364851731],[-74.00816559791565,40.72368935167477],[-74.00846600532532,40.72390482297589]]]}},{"type":"Feature","properties":{"id":"d821327f-7c03-471e-9992-46ee3ad4875c","subtype":null,"class":null},"geometry":{"type":"Polygon","coordinates":[[[-74.00364875793457,40.7144396901094],[-74.00367021560669,40.71442749190497],[-74.00364875793457,40.714407161559265],[-74.00362730026245,40.71442342583633],[-74.00364875793457,40.7144396901094]]]}},{"type":"Feature","properties":{"id":"41a75d4c-9e83-4529-8e19-930e62c5676b","height":2.9,"subtype":null,"class":null},"geometry":{"type":"Polygon","coordinates":[[[-74.01143252849579,40.71749323698053],[-74.01144325733185,40.71750950050368],[-74.01149690151215,40.71751356638384],[-74.01156663894653,40.71747697345342],[-74.01153981685638,40.717448512271396],[-74.01148080825806,40.71747697345342],[-74.01143252849579,40.71749323698053]]]}},{"type":"Feature","properties":{"id":"ba342f2b-43a1-4686-b984-d092d1cdc6a8","height":21.5,"subtype":null,"class":null},"geometry":{"type":"Polygon","coordinates":[[[-74.00566577911377,40.72079058503596],[-74.0056711435318,40.72071333707325],[-74.00560677051544,40.720664548840084],[-74.00543510913849,40.72058730073111],[-74.00540828704834,40.72061576057117],[-74.00542974472046,40.72096947471069],[-74.00580525398254,40.721010131387885],[-74.00583744049072,40.720851570206364],[-74.00566577911377,40.72083124182244],[-74.00566577911377,40.72079058503596]]]}},{"type":"Feature","properties":{"id":"2d299dbd-a2c7-4111-b8a5-323ae7bb6d87","height":82.2,"subtype":"education","class":"school"},"geometry":{"type":"Polygon","coordinates":[[[-74.01359975337982,40.71698906579232],[-74.01386260986328,40.71710697713809],[-74.01362121105194,40.71741598519134],[-74.01378214359283,40.71748917109913],[-74.01414155960083,40.717029724900655],[-74.0137231349945,40.716838626875564],[-74.01359975337982,40.71698906579232]]]}},{"type":"Feature","properties":{"id":"65843505-47b7-416a-b821-80c869c5dd13","height":18.8,"subtype":null,"class":null},"geometry":{"type":"Polygon","coordinates":[[[-74.01013970375061,40.71927406916248],[-74.00991439819336,40.71925374029679],[-74.0099036693573,40.719322858414785],[-74.01012897491455,40.71934318725936],[-74.01013970375061,40.71927406916248]]]}},{"type":"Feature","properties":{"id":"74e9d6d5-fd20-4b8b-a70d-a5b19bae932a","height":30.7,"subtype":null,"class":null},"geometry":{"type":"Polygon","coordinates":[[[-74.01061713695526,40.716045767507936],[-74.01063323020935,40.71602950362719],[-74.010751247406,40.71608642719239],[-74.0107673406601,40.716106757025294],[-74.01079416275024,40.71611895492206],[-74.01084244251251,40.716114888956724],[-74.01086390018463,40.71608642719239],[-74.01086390018463,40.71606609735327],[-74.01085317134857,40.7160498334775],[-74.01094436645508,40.715708291168596],[-74.0109658241272,40.715687961214],[-74.01097655296326,40.71566356526029],[-74.0109658241272,40.715643235292056],[-74.01094973087311,40.715631037308114],[-74.01091754436493,40.715622905317595],[-74.0108209848404,40.71557817935194],[-74.01072442531586,40.715708291168596],[-74.01076197624207,40.71572048913836],[-74.01070296764374,40.71591972232834],[-74.01067614555359,40.715952250139466],[-74.0104991197586,40.715874996562064],[-74.01043474674225,40.71596851403906],[-74.01061713695526,40.716045767507936]]]}},{"type":"Feature","properties":{"id":"a3cd0f25-9d77-4e33-b953-ce0289fbd646","height":16.9,"subtype":null,"class":null},"geometry":{"type":"Polygon","coordinates":[[[-74.010209441185,40.71885935907407],[-74.01003241539001,40.71883903008174],[-74.01000559329987,40.718981332897684],[-74.01018798351288,40.719001661846555],[-74.010209441185,40.71885935907407]]]}},{"type":"Feature","properties":{"id":"9d6393e5-751d-4767-bbce-9cf06d8fc46f","height":27.8,"subtype":null,"class":null},"geometry":{"type":"Polygon","coordinates":[[[-74.01009678840637,40.71836332988892],[-74.00997340679169,40.71835113240336],[-74.00996267795563,40.71842025145856],[-74.01027381420135,40.71845684387048],[-74.01028990745544,40.718387724853294],[-74.01009678840637,40.71836332988892]]]}},{"type":"Feature","properties":{"id":"a9452fe6-f197-4a12-8d96-48eb5ac09fda","height":68.4,"subtype":null,"class":null},"geometry":{"type":"Polygon","coordinates":[[[-74.00927603244781,40.71899353026774],[-74.00927603244781,40.718981332897684],[-74.00892198085785,40.71894474077406],[-74.00887370109558,40.719221214098795],[-74.00922775268555,40.71925780607043],[-74.00927603244781,40.71899353026774]]]}},{"type":"Feature","properties":{"id":"1d4cbdb6-47ed-41bc-969d-a3cb893b22e8","height":15.4,"subtype":null,"class":null},"geometry":{"type":"Polygon","coordinates":[[[-74.0092921257019,40.71944889715106],[-74.0092009305954,40.7194407656269],[-74.00916874408722,40.71965625068184],[-74.0092545747757,40.71966438217968],[-74.0092921257019,40.71944889715106]]]}},{"type":"Feature","properties":{"id":"365de95a-5ed7-4811-b75b-a247e9b4a9b1","height":4.6,"subtype":null,"class":null},"geometry":{"type":"Polygon","coordinates":[[[-74.0036004781723,40.71997744409158],[-74.00349855422974,40.71993272105145],[-74.0034019947052,40.72005062718333],[-74.00349855422974,40.720099415866486],[-74.0036004781723,40.71997744409158]]]}},{"type":"Feature","properties":{"id":"51be4623-2bad-4d05-b2f0-5e5e6478e9a6","height":25.3,"subtype":null,"class":null},"geometry":{"type":"Polygon","coordinates":[[[-74.00951743125916,40.71972536838189],[-74.00915265083313,40.719688776667276],[-74.00911509990692,40.71991645812033],[-74.00947988033295,40.71994898397862],[-74.00951743125916,40.71972536838189]]]}},{"type":"Feature","properties":{"id":"af1a74e8-0278-4003-a6ab-5b46dfc11715","height":81.8,"subtype":null,"class":null},"geometry":{"type":"Polygon","coordinates":[[[-74.00745213031769,40.7172736790292],[-74.00737702846527,40.71723708596691],[-74.00733947753906,40.71728587671216],[-74.00719463825226,40.71721675647916],[-74.00722682476044,40.71717203158429],[-74.00712490081787,40.7171232407556],[-74.00731265544891,40.716891483831006],[-74.00678157806396,40.71664752830192],[-74.00644898414612,40.71707038398415],[-74.00744676589966,40.717525764022845],[-74.00759696960449,40.717338733312495],[-74.00745213031769,40.7172736790292]]]}},{"type":"Feature","properties":{"id":"8cb1dcb4-9576-4a2a-9f75-67ddad76d806","height":47.1,"subtype":null,"class":null},"geometry":{"type":"Polygon","coordinates":[[[-74.00885224342346,40.71940823952028],[-74.00883078575134,40.71954240960765],[-74.00917947292328,40.71957493564871],[-74.0092009305954,40.7194407656269],[-74.00885224342346,40.71940823952028]]]}},{"type":"Feature","properties":{"id":"b826c038-9654-4388-b571-954fa47a66ff","height":4.5,"subtype":null,"class":null},"geometry":{"type":"Polygon","coordinates":[[[-74.00799930095673,40.71876991146137],[-74.00782763957977,40.71898539868794],[-74.00791347026825,40.719021990789216],[-74.00792419910431,40.71901385921289],[-74.00799930095673,40.719050451298514],[-74.00816023349762,40.71884716167942],[-74.00799930095673,40.71876991146137]]]}},{"type":"Feature","properties":{"id":"3befb430-8a9d-42ef-8156-7c83c92b791b","height":29.6,"subtype":null,"class":null},"geometry":{"type":"Polygon","coordinates":[[[-74.00589644908905,40.71898539868794],[-74.00598764419556,40.719026056576986],[-74.00598227977753,40.71903418815183],[-74.00619149208069,40.71913176697233],[-74.00627195835114,40.719026056576986],[-74.00597155094147,40.718887819652906],[-74.00589644908905,40.71898539868794]]]}},{"type":"Feature","properties":{"id":"da441164-4d99-4c2c-b4e4-4f2038e0f173","height":7.4,"subtype":null,"class":null},"geometry":{"type":"Polygon","coordinates":[[[-74.00982856750488,40.72305919575331],[-74.00972127914429,40.72305106467016],[-74.0097051858902,40.72316489974368],[-74.00998950004578,40.723193358481645],[-74.01000559329987,40.723079523456796],[-74.00982856750488,40.72305919575331]]]}},{"type":"Feature","properties":{"id":"45830ff8-4a76-4991-baa5-d525c31806c6","height":21.8,"subtype":null,"class":null},"geometry":{"type":"Polygon","coordinates":[[[-74.00555849075317,40.71563916929766],[-74.00534391403198,40.71554565135805],[-74.00527954101562,40.715631037308114],[-74.00555312633514,40.715757083034276],[-74.00562286376953,40.715671697245874],[-74.00555849075317,40.71563916929766]]]}},{"type":"Feature","properties":{"id":"77ebc57d-7b64-4d79-b379-6c793f42c4f4","height":17.5,"subtype":null,"class":null},"geometry":{"type":"Polygon","coordinates":[[[-74.00951206684113,40.720794650715725],[-74.00950133800507,40.72086376723374],[-74.00968372821808,40.72088002993342],[-74.00969445705414,40.72081091343231],[-74.00951206684113,40.720794650715725]]]}},{"type":"Feature","properties":{"id":"e80dd387-022c-4059-9736-8a1e3f57bb3e","height":60.7,"subtype":null,"class":null},"geometry":{"type":"Polygon","coordinates":[[[-74.00407254695892,40.71661906676529],[-74.00290846824646,40.71596851403906],[-74.00274753570557,40.716159614561825],[-74.0039598941803,40.71675324247427],[-74.00407254695892,40.71661906676529]]]}},{"type":"Feature","properties":{"id":"a37b6918-0702-4d96-bd9e-1dbefc0528c9","height":21.1,"subtype":null,"class":null},"geometry":{"type":"Polygon","coordinates":[[[-74.00968909263611,40.71810718222321],[-74.00960326194763,40.718099050535145],[-74.0095603466034,40.71831047410209],[-74.00964617729187,40.718322671595075],[-74.00968909263611,40.71810718222321]]]}},{"type":"Feature","properties":{"id":"a75fabcf-26e0-4c4c-a878-a579838f1998","height":30.1,"subtype":null,"class":null},"geometry":{"type":"Polygon","coordinates":[[[-74.00665819644928,40.7153870771602],[-74.00650262832642,40.71531388894151],[-74.00631487369537,40.715553783358004],[-74.00647044181824,40.715622905317595],[-74.00665819644928,40.7153870771602]]]}},{"type":"Feature","properties":{"id":"b8dd7843-84e6-4c86-ac3b-d57655d50282","height":21.6,"subtype":null,"class":null},"geometry":{"type":"Polygon","coordinates":[[[-74.01040256023407,40.715704225178186],[-74.01033282279968,40.715671697245874],[-74.01018798351288,40.7158546666584],[-74.0102630853653,40.71588719450131],[-74.01040256023407,40.715704225178186]]]}},{"type":"Feature","properties":{"id":"6af634be-d1d1-4a4b-b54e-bd80dc10f182","height":84.6,"subtype":null,"class":null},"geometry":{"type":"Polygon","coordinates":[[[-74.00407791137695,40.71406561082328],[-74.00404572486877,40.714102205628805],[-74.00423347949982,40.71418759343014],[-74.00433540344238,40.71406561082328],[-74.00377213954926,40.713805380515076],[-74.00367558002472,40.713833843254555],[-74.00356829166412,40.7140981395403],[-74.00377213954926,40.71424451857018],[-74.00395452976227,40.71400868553027],[-74.00407791137695,40.71406561082328]]]}},{"type":"Feature","properties":{"id":"c13393e2-402a-4cdd-a419-90ca8ad6b2f5","height":108.3,"subtype":null,"class":null},"geometry":{"type":"Polygon","coordinates":[[[-74.0159547328949,40.71573268710591],[-74.01611030101776,40.715529387355126],[-74.01630878448486,40.715618839321955],[-74.01622295379639,40.715850600676916],[-74.01617467403412,40.71608642719239],[-74.01631951332092,40.716155548598955],[-74.01633560657501,40.7160132397425],[-74.01638925075531,40.71578554493942],[-74.01648044586182,40.715590377345556],[-74.01653945446014,40.715504991343316],[-74.01636779308319,40.71542773724695],[-74.01635706424713,40.715439935268115],[-74.01628196239471,40.715407407206676],[-74.01629269123077,40.71539520917954],[-74.01603519916534,40.71527729480199],[-74.01590645313263,40.715439935268115],[-74.01592254638672,40.71544806728099],[-74.0159010887146,40.71547246331365],[-74.01588499546051,40.71546839730884],[-74.01560068130493,40.71582620478281],[-74.0158098936081,40.715923788305595],[-74.0159547328949,40.71573268710591]]]}},{"type":"Feature","properties":{"id":"37bf53f6-f09a-48d2-a2aa-77cd74e0d29b","height":25.4,"subtype":null,"class":null},"geometry":{"type":"Polygon","coordinates":[[[-74.00408327579498,40.718582884246466],[-74.00397062301636,40.71853002863397],[-74.00380969047546,40.71873331922155],[-74.00392770767212,40.7187821088702],[-74.00408327579498,40.718582884246466]]]}},{"type":"Feature","properties":{"id":"e1cd5244-3600-4c51-9fd4-c67af14ad828","height":25.7,"subtype":null,"class":null},"geometry":{"type":"Polygon","coordinates":[[[-74.01004314422607,40.716838626875564],[-74.00996804237366,40.716806099497504],[-74.00973737239838,40.7171029112331],[-74.0098124742508,40.71713543846613],[-74.01004314422607,40.716838626875564]]]}},{"type":"Feature","properties":{"id":"2ccb3057-c7b1-4286-8388-c84d4e1c8363","height":30.1,"subtype":null,"class":null},"geometry":{"type":"Polygon","coordinates":[[[-74.00713562965393,40.722445296182876],[-74.00721609592438,40.72196555615346],[-74.00682985782623,40.721928965670315],[-74.00676012039185,40.72234365663481],[-74.00678157806396,40.72234365663481],[-74.0067708492279,40.72240870596346],[-74.00713562965393,40.722445296182876]]]}},{"type":"Feature","properties":{"id":"2da16cbf-5fab-4518-bf84-a9e85de1d9b6","height":26.1,"subtype":null,"class":null},"geometry":{"type":"Polygon","coordinates":[[[-74.00798320770264,40.71931879264512],[-74.00780618190765,40.71930252956401],[-74.00776863098145,40.71952614658116],[-74.00794565677643,40.71954240960765],[-74.00798320770264,40.71931879264512]]]}},{"type":"Feature","properties":{"id":"59ef9216-a711-4455-88c3-8edc7bbdadb5","height":23.1,"subtype":null,"class":null},"geometry":{"type":"Polygon","coordinates":[[[-74.01007533073425,40.716273461421004],[-74.00983929634094,40.71616774648679],[-74.00971591472626,40.716322252872494],[-74.01003241539001,40.71646862701241],[-74.01016652584076,40.716297857151226],[-74.01008605957031,40.71626126355256],[-74.01007533073425,40.716273461421004]]]}},{"type":"Feature","properties":{"id":"29c94a49-eaa7-49f0-a007-3247d3071059","height":22.7,"subtype":null,"class":null},"geometry":{"type":"Polygon","coordinates":[[[-74.00964081287384,40.71668412168826],[-74.00961935520172,40.716688187618836],[-74.00941014289856,40.7169524725736],[-74.00950133800507,40.716997197615974],[-74.00971055030823,40.71672884691093],[-74.00969982147217,40.71671258319708],[-74.00964081287384,40.71668412168826]]]}},{"type":"Feature","properties":{"id":"50de17ac-6a38-4a05-9993-970a0ee08fbb","height":25.6,"subtype":null,"class":null},"geometry":{"type":"Polygon","coordinates":[[[-74.00978565216064,40.724282912440955],[-74.00951743125916,40.724258519637054],[-74.0095067024231,40.7243276325582],[-74.00977492332458,40.72435202533678],[-74.00978565216064,40.724282912440955]]]}},{"type":"Feature","properties":{"id":"5480a814-469e-4a53-8158-5ee67146c41b","height":4,"subtype":null,"class":null},"geometry":{"type":"Polygon","coordinates":[[[-74.01218891143799,40.713805380515076],[-74.01223182678223,40.71382571104452],[-74.01224255561829,40.71380944662146],[-74.01219964027405,40.71379318219441],[-74.01218891143799,40.713805380515076]]]}},{"type":"Feature","properties":{"id":"9378ab27-5351-4ca8-a4cc-ee9893a7ec2b","height":50,"subtype":"commercial","class":"commercial"},"geometry":{"type":"Polygon","coordinates":[[[-74.01322960853577,40.71442749190497],[-74.01281118392944,40.71424858464975],[-74.01268780231476,40.7147324463455],[-74.01311159133911,40.714931682492235],[-74.01322960853577,40.71442749190497]]]}},{"type":"Feature","properties":{"id":"562a5750-3b86-43a1-8d1c-031c9ab8721b","height":24.3,"subtype":"education","class":"university"},"geometry":{"type":"Polygon","coordinates":[[[-74.00621294975281,40.71829421077464],[-74.00604665279388,40.71821695991491],[-74.0058696269989,40.718444646402055],[-74.00610029697418,40.71855442353726],[-74.0062826871872,40.71832673742559],[-74.00621294975281,40.71829421077464]]]}},{"type":"Feature","properties":{"id":"3c4c5041-c4d4-48c1-a8bc-1c052cb32ef7","height":20.2,"subtype":null,"class":null},"geometry":{"type":"Polygon","coordinates":[[[-74.00469481945038,40.71841618563378],[-74.00461435317993,40.71837959319948],[-74.00444805622101,40.71858695006107],[-74.00452852249146,40.71862354238136],[-74.00469481945038,40.71841618563378]]]}},{"type":"Feature","properties":{"id":"a4ad3ed4-af15-4470-a610-3ae900b184e2","height":19,"subtype":null,"class":null},"geometry":{"type":"Polygon","coordinates":[[[-74.00921165943146,40.71407374300403],[-74.0091472864151,40.7140412142751],[-74.00898098945618,40.71425265072907],[-74.00904536247253,40.714281113277366],[-74.00921165943146,40.71407374300403]]]}},{"type":"Feature","properties":{"id":"6bfe36ef-d8e4-4765-aa45-e8a03c469393","height":16.8,"subtype":null,"class":null},"geometry":{"type":"Polygon","coordinates":[[[-74.01063859462738,40.71503739938922],[-74.01055812835693,40.71500080509773],[-74.01041328907013,40.71518784237626],[-74.01049375534058,40.715224436564945],[-74.01063859462738,40.71503739938922]]]}},{"type":"Feature","properties":{"id":"557f3462-8e95-40c7-a718-a4894579d984","height":19.6,"subtype":null,"class":null},"geometry":{"type":"Polygon","coordinates":[[[-74.00995194911957,40.7154968593374],[-74.00987148284912,40.71546433130377],[-74.00973737239838,40.715643235292056],[-74.0098124742508,40.71567576323827],[-74.00995194911957,40.7154968593374]]]}},{"type":"Feature","properties":{"id":"45937006-dae1-4485-a1fd-a025812f6de1","height":17.8,"subtype":null,"class":null},"geometry":{"type":"Polygon","coordinates":[[[-74.0069854259491,40.7197091054001],[-74.00708198547363,40.71972130263681],[-74.00711417198181,40.719530212338164],[-74.00701761245728,40.71952208082392],[-74.0069854259491,40.7197091054001]]]}},{"type":"Feature","properties":{"id":"0fe4fe5d-bf16-44d6-b14c-bbc58220fd1c","height":25.9,"subtype":null,"class":null},"geometry":{"type":"Polygon","coordinates":[[[-74.00911509990692,40.71991645812033],[-74.00913655757904,40.71977822304527],[-74.00878250598907,40.71974569710355],[-74.00876104831696,40.71988393224615],[-74.00911509990692,40.71991645812033]]]}},{"type":"Feature","properties":{"id":"7302a53d-3b23-41ed-8629-5c832dea6c1a","subtype":"civic","class":null},"geometry":{"type":"Polygon","coordinates":[[[-74.00508642196655,40.721087379006185],[-74.0051132440567,40.721083313344295],[-74.00510251522064,40.721046722376165],[-74.00508105754852,40.721046722376165],[-74.00508642196655,40.721087379006185]]]}},{"type":"Feature","properties":{"id":"f2f6594a-0a5c-4ea6-ade6-65c6affd214d","height":21.2,"subtype":null,"class":null},"geometry":{"type":"Polygon","coordinates":[[[-74.00595009326935,40.718635739817],[-74.00579988956451,40.718562555169704],[-74.0056174993515,40.718790240474824],[-74.00562822818756,40.718810569482045],[-74.0056711435318,40.71883089848306],[-74.00569260120392,40.71882683268336],[-74.00570333003998,40.71882683268336],[-74.00569796562195,40.71883903008174],[-74.00574624538422,40.71886342487179],[-74.00576770305634,40.71886342487179],[-74.00595009326935,40.718635739817]]]}},{"type":"Feature","properties":{"id":"d56cf3c9-e011-4be2-a7c2-847bcc85c8c8","height":6.2,"subtype":null,"class":null},"geometry":{"type":"Polygon","coordinates":[[[-74.01078879833221,40.715106521884934],[-74.01081025600433,40.7150780596895],[-74.01074051856995,40.71504553145126],[-74.01071906089783,40.715073993660596],[-74.01078879833221,40.715106521884934]]]}},{"type":"Feature","properties":{"id":"641079bb-0621-4d93-9936-7e0ce0402b47","height":58,"subtype":null,"class":null},"geometry":{"type":"Polygon","coordinates":[[[-74.00906682014465,40.72083124182244],[-74.00860011577606,40.72078245367569],[-74.00858402252197,40.72086376723374],[-74.00885760784149,40.72089222695559],[-74.00879323482513,40.721278464834654],[-74.0091472864151,40.7213150556754],[-74.00923311710358,40.72084750453007],[-74.00906682014465,40.72083124182244]]]}},{"type":"Feature","properties":{"id":"890c2034-5dc9-465f-9e32-6c619df25211","height":27,"subtype":null,"class":null},"geometry":{"type":"Polygon","coordinates":[[[-74.00483429431915,40.717326535639216],[-74.00475919246674,40.71729400849956],[-74.0045553445816,40.71758268630866],[-74.00463581085205,40.717615213307276],[-74.00483429431915,40.717326535639216]]]}},{"type":"Feature","properties":{"id":"2ed21225-cd29-4878-a1c1-0498c9d7e948","height":20.2,"subtype":null,"class":null},"geometry":{"type":"Polygon","coordinates":[[[-74.0105527639389,40.71691181341806],[-74.01042938232422,40.71688741791283],[-74.01038110256195,40.71694840665914],[-74.01063323020935,40.71697686805497],[-74.01063859462738,40.71694027482953],[-74.0106064081192,40.71692401116734],[-74.0105527639389,40.71691181341806]]]}},{"type":"Feature","properties":{"id":"7b02d431-7c28-4bc4-9bc0-f621bb2f5996","height":44.1,"subtype":null,"class":null},"geometry":{"type":"Polygon","coordinates":[[[-74.00741457939148,40.71403308209039],[-74.00725364685059,40.71395989238326],[-74.00710344314575,40.71415913084186],[-74.00725364685059,40.71422825424941],[-74.00741457939148,40.71403308209039]]]}},{"type":"Feature","properties":{"id":"cd9869a9-1db5-4e86-8676-ec975cd87027","height":12.5,"subtype":null,"class":null},"geometry":{"type":"Polygon","coordinates":[[[-74.00946378707886,40.72120121743814],[-74.00948524475098,40.72106705069427],[-74.00928676128387,40.72105078804028],[-74.00924384593964,40.72132318697062],[-74.00942087173462,40.72133944955805],[-74.00944232940674,40.72120121743814],[-74.00946378707886,40.72120121743814]]]}},{"type":"Feature","properties":{"id":"b7820521-69ad-4b84-9e89-8263c502c830","height":9.9,"subtype":null,"class":null},"geometry":{"type":"Polygon","coordinates":[[[-74.01075661182404,40.718562555169704],[-74.01081025600433,40.718322671595075],[-74.01069223880768,40.7183064082706],[-74.01063859462738,40.71855035772067],[-74.01075661182404,40.718562555169704]]]}},{"type":"Feature","properties":{"id":"66e17bf5-6355-45da-85c6-3a30ee7cb4e0","subtype":null,"class":null},"geometry":{"type":"Polygon","coordinates":[[[-74.00431394577026,40.7148544277306],[-74.00433540344238,40.714862559814996],[-74.00434613227844,40.71484629564522],[-74.0043193101883,40.71483003147146],[-74.0043032169342,40.714850361688036],[-74.00431394577026,40.7148544277306]]]}},{"type":"Feature","properties":{"id":"3cce8798-0d31-4eb0-8273-80fbb7c7424d","height":20.7,"subtype":null,"class":null},"geometry":{"type":"Polygon","coordinates":[[[-74.01002705097198,40.71500893716424],[-74.01010751724243,40.71504553145126],[-74.01024162769318,40.71487475793973],[-74.01016116142273,40.71483816355883],[-74.01002705097198,40.71500893716424]]]}},{"type":"Feature","properties":{"id":"26d6fcf9-74e6-4090-a55b-a536965c4161","height":25.5,"subtype":"commercial","class":null},"geometry":{"type":"Polygon","coordinates":[[[-74.0103542804718,40.71459013444707],[-74.01027381420135,40.714557605970434],[-74.01011824607849,40.71476090868869],[-74.01019334793091,40.714793437065985],[-74.0103542804718,40.71459013444707]]]}},{"type":"Feature","properties":{"id":"0708adc3-64a2-47cf-8281-d83adb364b08","height":13.4,"subtype":null,"class":null},"geometry":{"type":"Polygon","coordinates":[[[-74.00989830493927,40.72331125883784],[-74.00984466075897,40.7233071933118],[-74.00982856750488,40.723380372742646],[-74.00988221168518,40.72338443826422],[-74.00989830493927,40.72331125883784]]]}},{"type":"Feature","properties":{"id":"dc20cd2e-298b-4908-a3cc-adc5ee7e46cf","height":22.6,"subtype":null,"class":null},"geometry":{"type":"Polygon","coordinates":[[[-74.00426030158997,40.719001661846555],[-74.00422811508179,40.719038253938876],[-74.00443732738495,40.71913583275341],[-74.00447487831116,40.719091109147854],[-74.00430858135223,40.71901385921289],[-74.0043032169342,40.719021990789216],[-74.00426030158997,40.719001661846555]]]}},{"type":"Feature","properties":{"id":"870b71c5-6758-4203-b808-e90017dfb0d3","height":27.4,"subtype":null,"class":null},"geometry":{"type":"Polygon","coordinates":[[[-74.00962471961975,40.720136007355364],[-74.00946378707886,40.720123810194636],[-74.00942623615265,40.72035149015969],[-74.00958716869354,40.72036775298454],[-74.00962471961975,40.720136007355364]]]}},{"type":"Feature","properties":{"id":"685ec0e2-9aa1-4ec1-ac88-5e73743b28af","height":19,"subtype":null,"class":null},"geometry":{"type":"Polygon","coordinates":[[[-74.00769352912903,40.71447221864365],[-74.007688164711,40.71447221864365],[-74.0075433254242,40.71464705924295],[-74.00762915611267,40.71468771978162],[-74.00776863098145,40.7145088132257],[-74.00769352912903,40.71447221864365]]]}},{"type":"Feature","properties":{"id":"6fe4b703-e9cd-459f-bee9-a1c2884464d1","height":22.7,"subtype":null,"class":null},"geometry":{"type":"Polygon","coordinates":[[[-74.00568187236786,40.719457028674256],[-74.00570869445801,40.71947329171762],[-74.00564968585968,40.719546475363664],[-74.00580525398254,40.71961559317769],[-74.00584816932678,40.71956273838517],[-74.00578916072845,40.719530212338164],[-74.00588035583496,40.71941230528447],[-74.0057623386383,40.71935538456312],[-74.00568187236786,40.719457028674256]]]}},{"type":"Feature","properties":{"id":"8fba732a-ab23-4bb4-97eb-6724c81cf521","height":17.1,"subtype":null,"class":null},"geometry":{"type":"Polygon","coordinates":[[[-74.00984466075897,40.718822766883406],[-74.00978028774261,40.718814635282754],[-74.0097427368164,40.71903418815183],[-74.0098124742508,40.719042319725666],[-74.00984466075897,40.718822766883406]]]}},{"type":"Feature","properties":{"id":"adaef91b-6680-43fb-a37b-01684cf65231","height":67.6,"subtype":null,"class":null},"geometry":{"type":"Polygon","coordinates":[[[-74.0092921257019,40.713467892819196],[-74.00917410850525,40.71361020711641],[-74.00943696498871,40.71372812444651],[-74.00946915149689,40.71368339720796],[-74.0095978975296,40.713740322779074],[-74.00972664356232,40.71357361204047],[-74.00934040546417,40.713402834753445],[-74.0092921257019,40.713467892819196]]]}},{"type":"Feature","properties":{"id":"94a55310-7972-4a7a-99d1-a68bc51d4ce7","height":19.6,"subtype":null,"class":null},"geometry":{"type":"Polygon","coordinates":[[[-74.00902926921844,40.71511871996497],[-74.00895416736603,40.71508212571817],[-74.00883615016937,40.715232568604144],[-74.00891125202179,40.71526916276824],[-74.00902926921844,40.71511871996497]]]}},{"type":"Feature","properties":{"id":"ce9fbdb7-726e-4151-a7ed-56957d081a80","height":19,"subtype":null,"class":null},"geometry":{"type":"Polygon","coordinates":[[[-74.00485038757324,40.718367395716925],[-74.00478065013885,40.718334869085844],[-74.00473237037659,40.71839585650609],[-74.00494158267975,40.718489370441965],[-74.00498986244202,40.71842838310738],[-74.00485038757324,40.718367395716925]]]}},{"type":"Feature","properties":{"id":"7f3e73d9-00b5-4bba-98b8-5bebe948797f","height":26.4,"subtype":null,"class":null},"geometry":{"type":"Polygon","coordinates":[[[-74.00824069976807,40.71362647158815],[-74.00817096233368,40.713593942640706],[-74.00798320770264,40.71382977714967],[-74.00805830955505,40.7138623059819],[-74.00824069976807,40.71362647158815]]]}},{"type":"Feature","properties":{"id":"9a8a09f5-5607-4869-a549-4bea3a51143d","height":18.6,"subtype":null,"class":null},"geometry":{"type":"Polygon","coordinates":[[[-74.00978028774261,40.718814635282754],[-74.00971591472626,40.718810569482045],[-74.00967836380005,40.71903418815183],[-74.0097427368164,40.719038253938876],[-74.00978028774261,40.718814635282754]]]}},{"type":"Feature","properties":{"id":"f6188cc8-44b3-4b8d-9dbd-e0e955bbc400","height":20.4,"subtype":null,"class":null},"geometry":{"type":"Polygon","coordinates":[[[-74.00386333465576,40.71987173503922],[-74.0037077665329,40.71980261749114],[-74.00367558002472,40.71984734061868],[-74.00382578372955,40.71991645812033],[-74.00386333465576,40.71987173503922]]]}},{"type":"Feature","properties":{"id":"be46360c-d031-4bbf-a1ad-2c32f6b17729","height":59,"subtype":"commercial","class":"office"},"geometry":{"type":"Polygon","coordinates":[[[-74.01059031486511,40.7208271761449],[-74.01029527187347,40.72079871639525],[-74.010209441185,40.72133538391157],[-74.01155054569244,40.7214573531982],[-74.01163637638092,40.72091662099319],[-74.01059031486511,40.7208271761449]]]}},{"type":"Feature","properties":{"id":"58874e8e-bea4-41ff-b462-54602da6db9a","height":24.1,"subtype":null,"class":null},"geometry":{"type":"Polygon","coordinates":[[[-74.00369167327881,40.719688776667276],[-74.00359511375427,40.71981074897111],[-74.00367558002472,40.71984734061868],[-74.0037077665329,40.71980261749114],[-74.00386333465576,40.71987173503922],[-74.00394916534424,40.71975789433355],[-74.00376677513123,40.71967251367655],[-74.00369167327881,40.719688776667276]]]}},{"type":"Feature","properties":{"id":"7a232000-e2cd-4639-be79-99f8506d2aab","height":17.3,"subtype":null,"class":null},"geometry":{"type":"Polygon","coordinates":[[[-74.0103542804718,40.71698093396768],[-74.01028990745544,40.71694840665914],[-74.01026844978333,40.717041922628326],[-74.0106064081192,40.717082581704375],[-74.01063323020935,40.71697686805497],[-74.01038110256195,40.71694840665914],[-74.0103542804718,40.71698093396768]]]}},{"type":"Feature","properties":{"id":"f37f8be8-f4b3-4244-a988-aff25c6d317a","height":23.3,"subtype":null,"class":null},"geometry":{"type":"Polygon","coordinates":[[[-74.00539755821228,40.71866420049143],[-74.0054726600647,40.718700792769255],[-74.00563895702362,40.718489370441965],[-74.00555849075317,40.71845684387048],[-74.00539755821228,40.71866420049143]]]}},{"type":"Feature","properties":{"id":"2b9ccbe1-8f56-4a57-845c-9a19b80fce27","height":21.4,"subtype":null,"class":null},"geometry":{"type":"Polygon","coordinates":[[[-74.00372385978699,40.719249674522906],[-74.00364339351654,40.71921308254681],[-74.00346636772156,40.7194407656269],[-74.00354146957397,40.71947329171762],[-74.00372385978699,40.719249674522906]]]}},{"type":"Feature","properties":{"id":"8dd5b5d2-cdcc-4fa9-8725-72a9752742dc","height":18.8,"subtype":null,"class":null},"geometry":{"type":"Polygon","coordinates":[[[-74.01055812835693,40.71729400849956],[-74.01033818721771,40.717265547239315],[-74.01032209396362,40.717338733312495],[-74.01054203510284,40.71736312865234],[-74.01055812835693,40.71729400849956]]]}},{"type":"Feature","properties":{"id":"ee5efa84-fa76-4244-8b8a-d09155d5ab51","height":28.3,"subtype":null,"class":null},"geometry":{"type":"Polygon","coordinates":[[[-74.00461971759796,40.71837146154469],[-74.00453925132751,40.718334869085844],[-74.00436758995056,40.71855035772067],[-74.00444805622101,40.71858695006107],[-74.00461971759796,40.71837146154469]]]}},{"type":"Feature","properties":{"id":"4ca31b14-1493-47ff-b3fe-ad2bd3ade0e7","height":68.5,"subtype":"commercial","class":"office"},"geometry":{"type":"Polygon","coordinates":[[[-74.00645971298218,40.714521011415236],[-74.00656700134277,40.71457387021075],[-74.00666892528534,40.714451888311615],[-74.00636315345764,40.714309575813495],[-74.00626122951508,40.71443155797336],[-74.00645971298218,40.714521011415236]]]}},{"type":"Feature","properties":{"id":"63d3e8b1-2d7a-427c-a953-8550906e32ae","height":26.3,"subtype":null,"class":null},"geometry":{"type":"Polygon","coordinates":[[[-74.00524199008942,40.71785103357191],[-74.00520443916321,40.71789575801061],[-74.00535464286804,40.71796487753862],[-74.00544583797455,40.71784696771237],[-74.0052741765976,40.71776971633364],[-74.00523126125336,40.717826638410855],[-74.00525271892548,40.7178347701322],[-74.00524199008942,40.71785103357191]]]}},{"type":"Feature","properties":{"id":"709d15c7-aeec-4264-a563-4c798d814a6e","height":24.1,"subtype":null,"class":null},"geometry":{"type":"Polygon","coordinates":[[[-74.00788128376007,40.7182576182733],[-74.00757551193237,40.71811937975346],[-74.00740385055542,40.71833893491559],[-74.00771498680115,40.718481238800585],[-74.0078866481781,40.71826168410777],[-74.00788128376007,40.7182576182733]]]}},{"type":"Feature","properties":{"id":"2552104c-100a-4529-b636-f420a3088040","height":50.4,"subtype":null,"class":null},"geometry":{"type":"Polygon","coordinates":[[[-74.00917410850525,40.7150536635123],[-74.00910973548889,40.71502113526214],[-74.00891125202179,40.71526916276824],[-74.0091472864151,40.71537487912934],[-74.00933504104614,40.71513905009338],[-74.00916874408722,40.715061795572375],[-74.00917410850525,40.7150536635123]]]}},{"type":"Feature","properties":{"id":"3bacabf9-0141-4cc2-ba83-613900a5d1e8","height":32.1,"subtype":null,"class":null},"geometry":{"type":"Polygon","coordinates":[[[-74.00548875331879,40.713915165300385],[-74.00541365146637,40.713878570392055],[-74.00512933731079,40.714216056006244],[-74.00583207607269,40.7145494738488],[-74.00611639022827,40.71420385776084],[-74.00549411773682,40.71390703310028],[-74.00548875331879,40.713915165300385]]]}},{"type":"Feature","properties":{"id":"45adc06d-15ff-4b2c-8291-97b3856c9186","height":24.1,"subtype":null,"class":null},"geometry":{"type":"Polygon","coordinates":[[[-74.00539219379425,40.71757862043272],[-74.0053117275238,40.717546093416225],[-74.00513470172882,40.71776971633364],[-74.00521516799927,40.71780630910317],[-74.00539219379425,40.71757862043272]]]}},{"type":"Feature","properties":{"id":"d7af41ad-95b0-4116-b77c-a274a18fe9fd","height":24.6,"subtype":null,"class":null},"geometry":{"type":"Polygon","coordinates":[[[-74.00508105754852,40.71744038050288],[-74.0049147605896,40.71736312865234],[-74.00473773479462,40.7175908180598],[-74.00490403175354,40.71766806964612],[-74.00508105754852,40.71744038050288]]]}},{"type":"Feature","properties":{"id":"230c7d0f-70dd-402b-b749-4939234b08f5","height":12.6,"subtype":null,"class":null},"geometry":{"type":"Polygon","coordinates":[[[-74.00752186775208,40.72229893518451],[-74.00745213031769,40.72229080400848],[-74.00742530822754,40.72247375522851],[-74.00749504566193,40.72247782080548],[-74.00752186775208,40.72229893518451]]]}},{"type":"Feature","properties":{"id":"81cce6d0-1e91-4084-9f8c-14cd6fc32b44","height":23.5,"subtype":null,"class":null},"geometry":{"type":"Polygon","coordinates":[[[-74.00364875793457,40.718387724853294],[-74.00358438491821,40.718355198232146],[-74.00339126586914,40.71859508168954],[-74.00346100330353,40.71862760819348],[-74.00364875793457,40.718387724853294]]]}},{"type":"Feature","properties":{"id":"38966b7f-38be-4434-86f8-736d76959396","height":163.4,"subtype":"residential","class":"residential"},"geometry":{"type":"Polygon","coordinates":[[[-74.00596618652344,40.71558224535006],[-74.00585889816284,40.71553345335623],[-74.00558531284332,40.71589532645956],[-74.00575160980225,40.71596851403906],[-74.00575697422028,40.715980711961166],[-74.0058696269989,40.71603763556807],[-74.00588572025299,40.71603356959775],[-74.00593936443329,40.71596444806454],[-74.00595545768738,40.715960382089754],[-74.00602519512177,40.715874996562064],[-74.00601983070374,40.71586279862061],[-74.00606274604797,40.71580180887976],[-74.00607883930206,40.71578961092489],[-74.00607883930206,40.715777412967775],[-74.00606274604797,40.71577334698157],[-74.00605201721191,40.71577334698157],[-74.00594472885132,40.71573268710591],[-74.00593936443329,40.71572862111698],[-74.00594472885132,40.71572048913836],[-74.00589108467102,40.71570015918751],[-74.00596618652344,40.71559850934004],[-74.00596618652344,40.71558224535006]]]}},{"type":"Feature","properties":{"id":"6ed3b12a-2506-4a63-8932-041fa4853c8d","height":23,"subtype":null,"class":null},"geometry":{"type":"Polygon","coordinates":[[[-74.00749504566193,40.716537748022155],[-74.00741457939148,40.71650115455535],[-74.0072375535965,40.71672884691093],[-74.00731801986694,40.71676544025257],[-74.00749504566193,40.716537748022155]]]}},{"type":"Feature","properties":{"id":"ccc63805-8288-49c0-8c95-8251dc4650da","height":24.7,"subtype":null,"class":null},"geometry":{"type":"Polygon","coordinates":[[[-74.00949597358704,40.72437641810641],[-74.00946915149689,40.72453090543978],[-74.0097427368164,40.724559363593656],[-74.00976955890656,40.724404876326346],[-74.00949597358704,40.72437641810641]]]}},{"type":"Feature","properties":{"id":"b595926c-7542-493e-b15a-a4e97b2e1c1e","subtype":null,"class":null},"geometry":{"type":"Polygon","coordinates":[[[-74.00448024272919,40.71561477332608],[-74.00472164154053,40.71532202096977],[-74.00446951389313,40.71520004044138],[-74.00453925132751,40.71512278599115],[-74.00421738624573,40.714968276821736],[-74.00362730026245,40.71567982923043],[-74.00393843650818,40.71583027076578],[-74.00399208068848,40.71576114902149],[-74.00425493717194,40.71588719450131],[-74.00448024272919,40.71561477332608]]]}},{"type":"Feature","properties":{"id":"5687923c-84b2-467b-a658-77e043995d76","height":110,"subtype":"residential","class":"apartments"},"geometry":{"type":"Polygon","coordinates":[[[-74.01098728179932,40.7200546929083],[-74.01109457015991,40.720066890081696],[-74.01110529899597,40.72002216710166],[-74.01108384132385,40.72002216710166],[-74.01111602783203,40.719867669303085],[-74.01114284992218,40.71987173503922],[-74.01119112968445,40.71965625068184],[-74.0110570192337,40.719639987683166],[-74.01104092597961,40.71972943412673],[-74.01094436645508,40.71972130263681],[-74.01093900203705,40.71975382859046],[-74.0109658241272,40.71975789433355],[-74.01094436645508,40.71985140635607],[-74.01091754436493,40.71984734061868],[-74.0109121799469,40.71988799798129],[-74.01093363761902,40.71988799798129],[-74.01092290878296,40.71995304970979],[-74.01077806949615,40.71993678678361],[-74.01078879833221,40.719896129450824],[-74.01061177253723,40.71987173503922],[-74.01061177253723,40.71985547209319],[-74.010568857193,40.71985140635607],[-74.01054739952087,40.71993678678361],[-74.01041328907013,40.71992052385348],[-74.01039719581604,40.71999777273625],[-74.0105152130127,40.72001403564752],[-74.01050984859467,40.7200302985548],[-74.01068687438965,40.7200546929083],[-74.01069223880768,40.72003436428103],[-74.01092827320099,40.72006282435747],[-74.01092827320099,40.72008315297607],[-74.01098191738129,40.72009128442176],[-74.01098728179932,40.7200546929083]]]}},{"type":"Feature","properties":{"id":"243a2fa0-6ec5-4965-8338-f24dd1dfb91b","height":35.9,"subtype":null,"class":null},"geometry":{"type":"Polygon","coordinates":[[[-74.00620222091675,40.720009969920085],[-74.00618076324463,40.720009969920085],[-74.00614857673645,40.72019699312549],[-74.00622367858887,40.72022951884669],[-74.0062665939331,40.72001810137472],[-74.00620222091675,40.720009969920085]]]}},{"type":"Feature","properties":{"id":"a7d4a9d8-ddaf-4518-a270-024703ac0a1f","height":21.4,"subtype":null,"class":null},"geometry":{"type":"Polygon","coordinates":[[[-74.00665283203125,40.71511871996497],[-74.00657773017883,40.71508619174658],[-74.00644361972809,40.71525696471578],[-74.0065187215805,40.71529355886647],[-74.00665283203125,40.71511871996497]]]}},{"type":"Feature","properties":{"id":"5f58e1b8-2510-4cdf-b6ac-2417b06b76b9","height":49.7,"subtype":null,"class":null},"geometry":{"type":"Polygon","coordinates":[[[-74.01593327522278,40.714850361688036],[-74.01510179042816,40.71447221864365],[-74.01487648487091,40.714756842640405],[-74.01472628116608,40.71532202096977],[-74.01547193527222,40.715435869261306],[-74.01593327522278,40.714850361688036]]]}},{"type":"Feature","properties":{"id":"7314d59b-a594-463e-abf3-ea78a6468649","height":22.7,"subtype":null,"class":null},"geometry":{"type":"Polygon","coordinates":[[[-74.007328748703,40.7219777529767],[-74.00721609592438,40.72196555615346],[-74.00717854499817,40.72218509862994],[-74.00720000267029,40.722189164224524],[-74.00719463825226,40.722209492193734],[-74.00728583335876,40.722221688972276],[-74.007328748703,40.7219777529767]]]}},{"type":"Feature","properties":{"id":"a914940a-8099-4534-a974-e92e834b2aa3","height":28.1,"subtype":null,"class":null},"geometry":{"type":"Polygon","coordinates":[[[-74.00872349739075,40.7156473012862],[-74.0086430311203,40.71561070732995],[-74.00850892066956,40.715777412967775],[-74.00858938694,40.71581400683239],[-74.00872349739075,40.7156473012862]]]}},{"type":"Feature","properties":{"id":"afb7dc8f-c2b1-42ff-9963-007f824a285c","height":33,"subtype":null,"class":null},"geometry":{"type":"Polygon","coordinates":[[[-74.01019871234894,40.72260791913695],[-74.01009678840637,40.72259165685941],[-74.01006996631622,40.7227380172141],[-74.01036500930786,40.72276647613459],[-74.0104079246521,40.72244936176158],[-74.01023089885712,40.72242903386563],[-74.01019871234894,40.72260791913695]]]}},{"type":"Feature","properties":{"id":"bf273843-dc4f-4974-8a08-ceb622d26de5","height":21.5,"subtype":null,"class":null},"geometry":{"type":"Polygon","coordinates":[[[-74.00831043720245,40.71811124806688],[-74.00823533535004,40.71807465546498],[-74.00805830955505,40.718302342438854],[-74.00813341140747,40.718334869085844],[-74.00831043720245,40.71811124806688]]]}},{"type":"Feature","properties":{"id":"2cfa850e-3f86-4f08-8901-d5b0d393396a","height":27.1,"subtype":null,"class":null},"geometry":{"type":"Polygon","coordinates":[[[-74.00953888893127,40.714224188168615],[-74.00945842266083,40.71418759343014],[-74.009308218956,40.714374632993234],[-74.00938868522644,40.71441122762891],[-74.00953888893127,40.714224188168615]]]}},{"type":"Feature","properties":{"id":"565afdbc-0dfa-4c59-ba7a-59b15b12ff11","height":17.8,"subtype":null,"class":null},"geometry":{"type":"Polygon","coordinates":[[[-74.00456070899963,40.718981332897684],[-74.00448560714722,40.71894474077406],[-74.00444269180298,40.718997596057285],[-74.00452315807343,40.71903418815183],[-74.00456070899963,40.718981332897684]]]}},{"type":"Feature","properties":{"id":"30b24e14-475b-41b4-82a6-de3857dd5179","height":12.4,"subtype":"residential","class":"house"},"geometry":{"type":"Polygon","coordinates":[[[-74.01093363761902,40.718660134681556],[-74.01086390018463,40.71865200306101],[-74.01084780693054,40.718749582441724],[-74.01091754436493,40.71875364824617],[-74.01093363761902,40.718660134681556]]]}},{"type":"Feature","properties":{"id":"a08586f4-545d-4c68-833b-b4c089fe793e","height":19.9,"subtype":null,"class":null},"geometry":{"type":"Polygon","coordinates":[[[-74.00983393192291,40.71511465393853],[-74.00974810123444,40.7150780596895],[-74.00960862636566,40.71526103073351],[-74.00969445705414,40.71529762488197],[-74.00983393192291,40.71511465393853]]]}},{"type":"Feature","properties":{"id":"bb7b48b9-1c69-4ed3-9a4c-70fc0edbefbd","height":16.2,"subtype":null,"class":null},"geometry":{"type":"Polygon","coordinates":[[[-74.00746822357178,40.71437056692137],[-74.00746285915375,40.714366500849245],[-74.00732338428497,40.714545407787604],[-74.00739848613739,40.71458200232941],[-74.00753796100616,40.71440309548939],[-74.00746822357178,40.71437056692137]]]}},{"type":"Feature","properties":{"id":"e005b8d2-b2dd-4824-ad84-81509c59ae32","height":9.8,"subtype":null,"class":null},"geometry":{"type":"Polygon","coordinates":[[[-74.00481283664703,40.7153586150847],[-74.00480210781097,40.71535454907293],[-74.00431394577026,40.715923788305595],[-74.00438368320465,40.715960382089754],[-74.0045714378357,40.7157367530946],[-74.00461971759796,40.71576114902149],[-74.00472164154053,40.71563916929766],[-74.00467336177826,40.715618839321955],[-74.00487184524536,40.7153870771602],[-74.00481283664703,40.7153586150847]]]}},{"type":"Feature","properties":{"id":"a54412bc-428a-4ca4-b479-b6048e95c875","height":18.3,"subtype":null,"class":null},"geometry":{"type":"Polygon","coordinates":[[[-74.0097963809967,40.72130285873072],[-74.0095978975296,40.72128659613435],[-74.00958716869354,40.72135571214153],[-74.00978028774261,40.721371974721016],[-74.0097963809967,40.72130285873072]]]}},{"type":"Feature","properties":{"id":"8230f08f-d184-40dd-922b-07b08aeeb302","height":22.5,"subtype":null,"class":null},"geometry":{"type":"Polygon","coordinates":[[[-74.00833189487457,40.71520410646259],[-74.00825679302216,40.71516751226273],[-74.00797247886658,40.715529387355126],[-74.008047580719,40.71556191535697],[-74.00833189487457,40.71520410646259]]]}},{"type":"Feature","properties":{"id":"6603ef9c-4bfc-4ead-b88a-5bbde3315ac9","height":18.5,"subtype":null,"class":null},"geometry":{"type":"Polygon","coordinates":[[[-74.00876641273499,40.716867088318324],[-74.00869131088257,40.71683049503254],[-74.00855720043182,40.71700126352743],[-74.00863230228424,40.71703785671934],[-74.00876641273499,40.716867088318324]]]}},{"type":"Feature","properties":{"id":"be95d20d-c129-4073-a050-77006a302e36","height":26.8,"subtype":null,"class":null},"geometry":{"type":"Polygon","coordinates":[[[-74.0046626329422,40.718050260385894],[-74.00458753108978,40.71801773359982],[-74.0044105052948,40.718241354932935],[-74.00448560714722,40.71827388160971],[-74.0046626329422,40.718050260385894]]]}},{"type":"Feature","properties":{"id":"828bebc6-6eca-404b-a388-e8725c3e20d3","height":28.7,"subtype":null,"class":null},"geometry":{"type":"Polygon","coordinates":[[[-74.01013970375061,40.72225014811354],[-74.00986611843109,40.722221688972276],[-74.009850025177,40.72232739429273],[-74.01011824607849,40.7223558533888],[-74.01013970375061,40.72225014811354]]]}},{"type":"Feature","properties":{"id":"384c18d7-a486-48a1-8021-dde5860e303c","height":26.3,"subtype":null,"class":null},"geometry":{"type":"Polygon","coordinates":[[[-74.00766134262085,40.7192862664789],[-74.00751113891602,40.71927406916248],[-74.00747358798981,40.71949362051627],[-74.00762379169464,40.71950988355069],[-74.00766134262085,40.7192862664789]]]}},{"type":"Feature","properties":{"id":"10349533-0d55-41db-a1b6-f8d0549e86a0","height":39.9,"subtype":null,"class":null},"geometry":{"type":"Polygon","coordinates":[[[-74.01042938232422,40.71462672896429],[-74.0103542804718,40.71459013444707],[-74.01017725467682,40.71481376729375],[-74.01025772094727,40.714850361688036],[-74.01042938232422,40.71462672896429]]]}},{"type":"Feature","properties":{"id":"ffaaed2a-4bb9-4f16-9761-9f33cbcbe5ce","height":40.4,"subtype":null,"class":null},"geometry":{"type":"Polygon","coordinates":[[[-74.0065348148346,40.719180556328936],[-74.00639533996582,40.71935131879545],[-74.00660455226898,40.719452962912776],[-74.00662064552307,40.719436699864445],[-74.00669038295746,40.719444831389104],[-74.00672793388367,40.719200885216964],[-74.0065348148346,40.719180556328936]]]}},{"type":"Feature","properties":{"id":"91b44610-6777-4b95-8480-0412ec33f47f","height":24.3,"subtype":null,"class":null},"geometry":{"type":"Polygon","coordinates":[[[-74.00451242923737,40.71798114094654],[-74.00443732738495,40.71794861412671],[-74.00426030158997,40.71816816985205],[-74.00433540344238,40.718204762402564],[-74.00451242923737,40.71798114094654]]]}},{"type":"Feature","properties":{"id":"d46c4757-4107-4909-b4ed-3b4a7a887591","height":39,"subtype":null,"class":null},"geometry":{"type":"Polygon","coordinates":[[[-74.0104991197586,40.71370779388725],[-74.01078879833221,40.71333777662413],[-74.00975346565247,40.71287016944916],[-74.00945842266083,40.7132361231698],[-74.0104991197586,40.71370779388725]]]}},{"type":"Feature","properties":{"id":"ab80ed55-74c8-4c13-a1f8-83e487a3590f","height":47.8,"subtype":"civic","class":"government"},"geometry":{"type":"Polygon","coordinates":[[[-74.00380432605743,40.71362647158815],[-74.00394916534424,40.71369152943538],[-74.00393843650818,40.71370372777466],[-74.00422811508179,40.713833843254555],[-74.00423347949982,40.713821644939124],[-74.00439441204071,40.713898900899174],[-74.00467872619629,40.71354108306719],[-74.00452315807343,40.713471958946215],[-74.00453388690948,40.713459760564454],[-74.0042495727539,40.7133296443535],[-74.00423884391785,40.713341842759064],[-74.00407791137695,40.71326865229207],[-74.0037989616394,40.71362647158815],[-74.00380432605743,40.71362647158815]]]}},{"type":"Feature","properties":{"id":"ae5ef8c5-95b5-434c-bc02-3194b972cc31","height":23.1,"subtype":null,"class":null},"geometry":{"type":"Polygon","coordinates":[[[-74.00977492332458,40.72435202533678],[-74.0095067024231,40.7243276325582],[-74.00949597358704,40.72437641810641],[-74.00976419448853,40.724404876326346],[-74.00977492332458,40.72435202533678]]]}},{"type":"Feature","properties":{"id":"b028b070-9722-4015-a1c0-ba9b7d421d96","height":64.3,"subtype":null,"class":null},"geometry":{"type":"Polygon","coordinates":[[[-74.00735020637512,40.71992052385348],[-74.00696396827698,40.71987986651074],[-74.00692641735077,40.72008721869905],[-74.00731801986694,40.720123810194636],[-74.00735020637512,40.71992052385348]]]}},{"type":"Feature","properties":{"id":"86c53ca2-9c81-4f0f-8260-b5a11bd8e3cc","height":25.7,"subtype":null,"class":null},"geometry":{"type":"Polygon","coordinates":[[[-74.00952816009521,40.724185341171705],[-74.00951206684113,40.72425445416887],[-74.00980174541473,40.724286977907404],[-74.00981783866882,40.72421379947334],[-74.00952816009521,40.724185341171705]]]}},{"type":"Feature","properties":{"id":"9ad04f0d-d413-4d3a-9306-691e06f58c37","height":11.7,"subtype":null,"class":null},"geometry":{"type":"Polygon","coordinates":[[[-74.00555849075317,40.719924589586384],[-74.00566041469574,40.719794486010194],[-74.0053653717041,40.71965625068184],[-74.00537073612213,40.7198310776667],[-74.00555849075317,40.719924589586384]]]}},{"type":"Feature","properties":{"id":"b57f803b-2711-4b75-92ad-3a0117a40991","height":25.6,"subtype":null,"class":null},"geometry":{"type":"Polygon","coordinates":[[[-74.0102630853653,40.72183545656643],[-74.01022553443909,40.72183139095023],[-74.01018261909485,40.7220793930835],[-74.01047766208649,40.72211191788492],[-74.01053667068481,40.72176634105738],[-74.01027917861938,40.72174194733117],[-74.0102630853653,40.72183545656643]]]}},{"type":"Feature","properties":{"id":"00ae3ce7-59e5-458a-ac46-af37c3d05f54","height":22.9,"subtype":null,"class":null},"geometry":{"type":"Polygon","coordinates":[[[-74.00443732738495,40.71913583275341],[-74.00429785251617,40.719070780226275],[-74.00425493717194,40.71912363540942],[-74.00439441204071,40.71918868788489],[-74.00443732738495,40.71913583275341]]]}},{"type":"Feature","properties":{"id":"8640f1f9-dc02-4f5b-9276-f1c938cfde61","height":16.5,"subtype":null,"class":null},"geometry":{"type":"Polygon","coordinates":[[[-74.00707125663757,40.72277460725249],[-74.00715708732605,40.72270549271866],[-74.00717318058014,40.722628246978246],[-74.00688350200653,40.72259978799868],[-74.00686740875244,40.722628246978246],[-74.00707125663757,40.72277460725249]]]}},{"type":"Feature","properties":{"id":"15c075d0-905f-46a5-b9ff-ef66153a5fd2","subtype":null,"class":null},"geometry":{"type":"Polygon","coordinates":[[[-74.01184558868408,40.717261481344],[-74.01223182678223,40.7176721355166],[-74.01236057281494,40.71760301568466],[-74.01239812374115,40.71760708155911],[-74.0124249458313,40.71750136874261],[-74.01245713233948,40.71748510521747],[-74.01248395442963,40.717326535639216],[-74.0122801065445,40.71730214028596],[-74.01224792003632,40.71731840385579],[-74.01184558868408,40.717261481344]]]}},{"type":"Feature","properties":{"id":"06986a00-51bb-48f4-82d8-778b02554a92","height":26.8,"subtype":null,"class":null},"geometry":{"type":"Polygon","coordinates":[[[-74.00717318058014,40.722628246978246],[-74.00715708732605,40.72270549271866],[-74.00707125663757,40.72277460725249],[-74.00726437568665,40.72291283610487],[-74.00741994380951,40.72279086948532],[-74.00744140148163,40.72265670594567],[-74.00717318058014,40.722628246978246]]]}},{"type":"Feature","properties":{"id":"8b5e8ee9-a48b-4c94-9100-3db02ca47b6a","height":5.3,"subtype":null,"class":null},"geometry":{"type":"Polygon","coordinates":[[[-74.00872886180878,40.71663939643553],[-74.00886833667755,40.71646862701241],[-74.00871276855469,40.716395439982676],[-74.00857865810394,40.71657027553133],[-74.00872886180878,40.71663939643553]]]}},{"type":"Feature","properties":{"id":"fcd787ca-0676-4a23-962c-ffb4e88d6c64","height":3.9,"subtype":null,"class":null},"geometry":{"type":"Polygon","coordinates":[[[-74.01519298553467,40.71750950050368],[-74.01510715484619,40.71747290757103],[-74.01504814624786,40.717546093416225],[-74.01521980762482,40.71762334505445],[-74.01527881622314,40.717550159294156],[-74.01519298553467,40.71750950050368]]]}},{"type":"Feature","properties":{"id":"ff3e7b1a-7cc6-4c58-8f3f-52dd71dde73f","height":27.3,"subtype":null,"class":null},"geometry":{"type":"Polygon","coordinates":[[[-74.00871276855469,40.716395439982676],[-74.00886833667755,40.71646862701241],[-74.00872886180878,40.71663939643553],[-74.00880932807922,40.71667598982637],[-74.0089863538742,40.71644829728999],[-74.00901854038239,40.716464561068435],[-74.0090399980545,40.71621247205636],[-74.00890588760376,40.71615148263585],[-74.00871276855469,40.716395439982676]]]}},{"type":"Feature","properties":{"id":"aa28d17b-e59b-4300-8442-d7b9516707bb","height":23.6,"subtype":null,"class":null},"geometry":{"type":"Polygon","coordinates":[[[-74.00821924209595,40.71972536838189],[-74.00818705558777,40.71972130263681],[-74.00818169116974,40.719761960076404],[-74.00845527648926,40.719790420269334],[-74.00846600532532,40.71972943412673],[-74.00822460651398,40.71970503965403],[-74.00821924209595,40.71972536838189]]]}},{"type":"Feature","properties":{"id":"1df5d578-d669-4a69-b89b-fec00253f93c","height":19.5,"subtype":null,"class":null},"geometry":{"type":"Polygon","coordinates":[[[-74.0102630853653,40.72166470047255],[-74.01025235652924,40.72173788170927],[-74.01053667068481,40.72176634105738],[-74.0105527639389,40.72169722547658],[-74.0102630853653,40.72166470047255]]]}},{"type":"Feature","properties":{"id":"5472e225-e5cb-42c4-8fd0-155ced8f4ccc","height":12.8,"subtype":null,"class":null},"geometry":{"type":"Polygon","coordinates":[[[-74.00992512702942,40.71883089848306],[-74.00984466075897,40.718822766883406],[-74.00982856750488,40.71894880656657],[-74.0099036693573,40.71895693815083],[-74.00992512702942,40.71883089848306]]]}},{"type":"Feature","properties":{"id":"ed315790-c0d4-4373-b012-13410964f006","height":17,"subtype":null,"class":null},"geometry":{"type":"Polygon","coordinates":[[[-74.00818705558777,40.71659873708881],[-74.00810658931732,40.71656214365553],[-74.00801002979279,40.71668005575744],[-74.00809049606323,40.716716649125914],[-74.00818705558777,40.71659873708881]]]}},{"type":"Feature","properties":{"id":"8ba48176-44bd-409c-b607-179ce83ceb14","height":32.6,"subtype":null,"class":null},"geometry":{"type":"Polygon","coordinates":[[[-74.0078330039978,40.72202654024734],[-74.00751113891602,40.72199401540422],[-74.00746822357178,40.72225421370414],[-74.00779008865356,40.72228673842011],[-74.0078330039978,40.72202654024734]]]}},{"type":"Feature","properties":{"id":"229a1e2d-ad65-411f-958e-cefb4a498c72","height":9.4,"subtype":null,"class":null},"geometry":{"type":"Polygon","coordinates":[[[-74.00985538959503,40.716143350708904],[-74.00978565216064,40.71611082299113],[-74.00964081287384,40.716289725242156],[-74.00971591472626,40.716322252872494],[-74.00985538959503,40.716143350708904]]]}},{"type":"Feature","properties":{"id":"b7727912-369e-419f-9f9c-6405c42fbd32","height":21.5,"subtype":null,"class":null},"geometry":{"type":"Polygon","coordinates":[[[-74.00885760784149,40.71467552162263],[-74.00877714157104,40.714638927132235],[-74.00861620903015,40.71484222960214],[-74.0086966753006,40.714878823980804],[-74.00885760784149,40.71467552162263]]]}},{"type":"Feature","properties":{"id":"b229137b-ae3b-46e4-a948-ab935cb1e14b","height":12.8,"subtype":null,"class":null},"geometry":{"type":"Polygon","coordinates":[[[-74.00545656681061,40.71957493564871],[-74.00542974472046,40.71956273838517],[-74.00539219379425,40.71961152742592],[-74.00569796562195,40.71975382859046],[-74.00573551654816,40.71970503965403],[-74.00545656681061,40.71957493564871]]]}},{"type":"Feature","properties":{"id":"b60d0710-f40e-49a7-85d7-644355d39e44","height":12.4,"subtype":"residential","class":"house"},"geometry":{"type":"Polygon","coordinates":[[[-74.01106238365173,40.718672332110465],[-74.0110033750534,40.71866826630107],[-74.01098728179932,40.71876177985427],[-74.01104629039764,40.718765845657956],[-74.01106238365173,40.718672332110465]]]}},{"type":"Feature","properties":{"id":"b960b021-814a-4682-8c25-c3577ff45195","height":33,"subtype":null,"class":null},"geometry":{"type":"Polygon","coordinates":[[[-74.01033282279968,40.71433803833745],[-74.01122331619263,40.71474871054308],[-74.01133596897125,40.71431364188909],[-74.01062250137329,40.713988355056706],[-74.01033282279968,40.71433803833745]]]}},{"type":"Feature","properties":{"id":"cc727d68-5670-4f27-8c61-168829895ad3","height":148.6,"subtype":null,"class":null},"geometry":{"type":"Polygon","coordinates":[[[-74.01319742202759,40.71357361204047],[-74.01261806488037,40.71330118139846],[-74.01246786117554,40.713878570392055],[-74.01321351528168,40.714216056006244],[-74.01327252388,40.714216056006244],[-74.01340126991272,40.71366713275011],[-74.01319742202759,40.71357361204047]]]}},{"type":"Feature","properties":{"id":"8a66b1b5-e263-4ebb-9f11-6606158b36bc","height":26.8,"subtype":null,"class":null},"geometry":{"type":"Polygon","coordinates":[[[-74.00767207145691,40.71891628021957],[-74.00765061378479,40.71894067498132],[-74.00762915611267,40.71909924071472],[-74.00783836841583,40.719119569627594],[-74.00791347026825,40.719021990789216],[-74.00767207145691,40.71891628021957]]]}},{"type":"Feature","properties":{"id":"9ec5600f-9390-44d5-94d1-1e7f04935fc9","height":19.6,"subtype":null,"class":null},"geometry":{"type":"Polygon","coordinates":[[[-74.00696396827698,40.71548872733049],[-74.00691032409668,40.71546433130377],[-74.00670647621155,40.71572862111698],[-74.00686204433441,40.715797742895056],[-74.00706589221954,40.71553345335623],[-74.00700688362122,40.715504991343316],[-74.00701761245728,40.71548872733049],[-74.00698006153107,40.71547246331365],[-74.00696396827698,40.71548872733049]]]}},{"type":"Feature","properties":{"id":"d3a6da62-09a7-404c-8122-0cf0d7d1ccc5","height":53.5,"subtype":null,"class":null},"geometry":{"type":"Polygon","coordinates":[[[-74.01057958602905,40.7146999179384],[-74.01042938232422,40.71463079502053],[-74.0102630853653,40.71483816355883],[-74.01041865348816,40.714907286261415],[-74.01057958602905,40.7146999179384]]]}},{"type":"Feature","properties":{"id":"ce1a1e1d-f503-4afc-8cd3-993abea9f988","height":20.4,"subtype":null,"class":null},"geometry":{"type":"Polygon","coordinates":[[[-74.00796175003052,40.714264848965556],[-74.0078866481781,40.71423232032999],[-74.00769352912903,40.71447221864365],[-74.00776863098145,40.7145088132257],[-74.00796175003052,40.714264848965556]]]}},{"type":"Feature","properties":{"id":"61fc728c-480c-4358-be5d-5ae9d4fb0b4c","height":17,"subtype":"residential","class":"residential"},"geometry":{"type":"Polygon","coordinates":[[[-74.01129305362701,40.718403988157895],[-74.0112179517746,40.71876177985427],[-74.01138961315155,40.7187821088702],[-74.01149153709412,40.71829421077464],[-74.01131987571716,40.71826981577599],[-74.01129305362701,40.718403988157895]]]}},{"type":"Feature","properties":{"id":"aca46d8a-cce3-43de-afcb-d6eb3fa55d4a","height":110,"subtype":"residential","class":"apartments"},"geometry":{"type":"Polygon","coordinates":[[[-74.01132524013519,40.71805432623302],[-74.01144862174988,40.71807058961908],[-74.011470079422,40.717989272649014],[-74.01150226593018,40.717989272649014],[-74.01153445243835,40.71784696771237],[-74.0115076303482,40.71784290185257],[-74.01153981685638,40.717708728339744],[-74.0115612745285,40.717708728339744],[-74.01157200336456,40.7176640037754],[-74.01143789291382,40.71764774028999],[-74.01144862174988,40.71760708155911],[-74.01140034198761,40.71760301568466],[-74.01139497756958,40.71761927918098],[-74.01114821434021,40.7175908180598],[-74.01115357875824,40.71757048868009],[-74.01098191738129,40.717550159294156],[-74.01097655296326,40.71757455455653],[-74.01085317134857,40.717558291049265],[-74.01083707809448,40.71763554267334],[-74.01097118854523,40.717651806161705],[-74.01095509529114,40.717733123544015],[-74.01100873947144,40.71773718941052],[-74.01101410388947,40.71772092594301],[-74.01118576526642,40.71774125527678],[-74.01119649410248,40.717708728339744],[-74.01131451129913,40.71772092594301],[-74.01130378246307,40.71778191392572],[-74.01127696037292,40.71777784806195],[-74.01126623153687,40.717822572549814],[-74.01129305362701,40.717826638410855],[-74.01127696037292,40.71790388972353],[-74.01125013828278,40.71789982386721],[-74.01124477386475,40.717944548273124],[-74.01134669780731,40.71795674583316],[-74.01132524013519,40.71805432623302]]]}},{"type":"Feature","properties":{"id":"e026323d-90d7-4d84-8c81-12cda79d8598","height":32.5,"subtype":null,"class":null},"geometry":{"type":"Polygon","coordinates":[[[-74.0095978975296,40.7145494738488],[-74.00951743125916,40.714512879289124],[-74.00935649871826,40.71470805004165],[-74.00944232940674,40.714744644494054],[-74.0095978975296,40.7145494738488]]]}},{"type":"Feature","properties":{"id":"92ae459c-87b3-4956-9da3-71aa1cc942b1","height":68,"subtype":null,"class":null},"geometry":{"type":"Polygon","coordinates":[[[-74.0048611164093,40.714106271717064],[-74.00512397289276,40.71422825424941],[-74.00540828704834,40.713886702595644],[-74.00503277778625,40.71370779388725],[-74.00474846363068,40.71405341255032],[-74.0048611164093,40.714106271717064]]]}},{"type":"Feature","properties":{"id":"e4a2c710-e6f6-4e23-b5ea-39a6d5a4c302","height":20.5,"subtype":null,"class":null},"geometry":{"type":"Polygon","coordinates":[[[-74.00760233402252,40.72229080400848],[-74.0075272321701,40.72228673842011],[-74.00749504566193,40.72247782080548],[-74.00757014751434,40.722485951958646],[-74.00760233402252,40.72229080400848]]]}},{"type":"Feature","properties":{"id":"371dcb9c-a438-4ed1-9a5a-2f0090a01f80","height":21.8,"subtype":null,"class":null},"geometry":{"type":"Polygon","coordinates":[[[-74.00904536247253,40.72237618130708],[-74.00896489620209,40.72236805014051],[-74.00892198085785,40.72261605027421],[-74.0090024471283,40.72262418141048],[-74.00904536247253,40.72237618130708]]]}},{"type":"Feature","properties":{"id":"f8a67adc-47eb-47db-aeca-06e66a66051f","height":24.4,"subtype":null,"class":null},"geometry":{"type":"Polygon","coordinates":[[[-74.00937795639038,40.718298276606866],[-74.0090399980545,40.71826168410777],[-74.00902926921844,40.718334869085844],[-74.00936722755432,40.71837146154469],[-74.00937795639038,40.718298276606866]]]}},{"type":"Feature","properties":{"id":"5d866b75-0e0a-405e-bf60-8de663f298d5","height":15.1,"subtype":null,"class":null},"geometry":{"type":"Polygon","coordinates":[[[-74.00973200798035,40.720148204513855],[-74.00972127914429,40.72022138741789],[-74.00997340679169,40.72024578170134],[-74.00998413562775,40.720172598824135],[-74.00973200798035,40.720148204513855]]]}},{"type":"Feature","properties":{"id":"c13f404e-82ac-4e1b-acd4-dbaa6d390ac1","height":25.8,"subtype":null,"class":null},"geometry":{"type":"Polygon","coordinates":[[[-74.00780618190765,40.71930252956401],[-74.00766134262085,40.7192862664789],[-74.00762379169464,40.71950988355069],[-74.00776863098145,40.71952614658116],[-74.00780618190765,40.71930252956401]]]}},{"type":"Feature","properties":{"id":"32abb78f-c23a-4bd4-872e-b1abc402e8a5","height":26.3,"subtype":null,"class":null},"geometry":{"type":"Polygon","coordinates":[[[-74.0077793598175,40.71583840273097],[-74.00766134262085,40.71578554493942],[-74.00744676589966,40.71606203138469],[-74.00756478309631,40.716114888956724],[-74.0077793598175,40.71583840273097]]]}},{"type":"Feature","properties":{"id":"4a8726b0-3f24-4435-ad48-5e655afe322f","height":21.2,"subtype":null,"class":null},"geometry":{"type":"Polygon","coordinates":[[[-74.01022553443909,40.716749176547665],[-74.01014506816864,40.71671258319708],[-74.01004314422607,40.716838626875564],[-74.01012361049652,40.71687522015687],[-74.01022553443909,40.716749176547665]]]}},{"type":"Feature","properties":{"id":"280d124d-9213-4e64-a536-64c9fa5e4f78","height":43.2,"subtype":null,"class":null},"geometry":{"type":"Polygon","coordinates":[[[-74.00622367858887,40.71744444638726],[-74.00632560253143,40.71748917109913],[-74.00649189949036,40.7172736790292],[-74.00633096694946,40.71720455878354],[-74.00614321231842,40.71744444638726],[-74.00620222091675,40.71746884168839],[-74.00622367858887,40.71744444638726]]]}},{"type":"Feature","properties":{"id":"43a9a17d-d857-4627-8b1f-ddc3db641dff","height":24.4,"subtype":null,"class":null},"geometry":{"type":"Polygon","coordinates":[[[-74.00680303573608,40.71741598519134],[-74.00665283203125,40.71734686509345],[-74.00648653507233,40.717562356926464],[-74.00664746761322,40.717631476800626],[-74.00680840015411,40.71742818284822],[-74.00680303573608,40.71741598519134]]]}},{"type":"Feature","properties":{"id":"ae0136d7-c42a-47eb-8135-6a58bec015e3","height":19.1,"subtype":null,"class":null},"geometry":{"type":"Polygon","coordinates":[[[-74.01029527187347,40.717192361085665],[-74.01028454303741,40.71725741544845],[-74.01055812835693,40.71729400849956],[-74.01057422161102,40.71722488827501],[-74.01029527187347,40.717192361085665]]]}},{"type":"Feature","properties":{"id":"e77ac786-807d-4243-91a9-59c229d724f5","height":24.8,"subtype":null,"class":null},"geometry":{"type":"Polygon","coordinates":[[[-74.00507032871246,40.71630192310539],[-74.00518834590912,40.71616368052443],[-74.0049147605896,40.71603356959775],[-74.00471091270447,40.71627752737666],[-74.00479674339294,40.716322252872494],[-74.00480210781097,40.71631412096641],[-74.00502741336823,40.7164239016149],[-74.0051132440567,40.716322252872494],[-74.00507032871246,40.71630192310539]]]}},{"type":"Feature","properties":{"id":"f3b91c57-b1a9-4417-8926-9a50ed71978e","height":23.2,"subtype":null,"class":null},"geometry":{"type":"Polygon","coordinates":[[[-74.00971591472626,40.718810569482045],[-74.00957643985748,40.71879837207845],[-74.00953888893127,40.719042319725666],[-74.00963008403778,40.719050451298514],[-74.00963008403778,40.71903418815183],[-74.00967836380005,40.719038253938876],[-74.00971591472626,40.718810569482045]]]}},{"type":"Feature","properties":{"id":"3a18083d-2f1a-4470-931f-e41f3b1e840d","height":24.9,"subtype":null,"class":null},"geometry":{"type":"Polygon","coordinates":[[[-74.00784373283386,40.718700792769255],[-74.00768280029297,40.71862760819348],[-74.00753259658813,40.71881870108321],[-74.00769352912903,40.71889188544889],[-74.00784373283386,40.718700792769255]]]}},{"type":"Feature","properties":{"id":"85bd0961-b4e5-4ada-8d5e-da85ace5c9d4","height":22,"subtype":null,"class":null},"geometry":{"type":"Polygon","coordinates":[[[-74.00423884391785,40.718192564887964],[-74.00411546230316,40.718135643123624],[-74.00393843650818,40.71836332988892],[-74.00405645370483,40.71841618563378],[-74.00423884391785,40.718192564887964]]]}},{"type":"Feature","properties":{"id":"42bc7136-deb8-4bb7-a8af-c6519f091936","height":17,"subtype":"residential","class":"residential"},"geometry":{"type":"Polygon","coordinates":[[[-74.01114821434021,40.71919681943985],[-74.01109457015991,40.71944889715106],[-74.01123940944672,40.719465160196435],[-74.0113091468811,40.71913989853424],[-74.0111643075943,40.71912363540942],[-74.01114821434021,40.71919681943985]]]}},{"type":"Feature","properties":{"id":"68c848fb-525e-404f-9527-bcff924c74a7","height":33.9,"subtype":null,"class":null},"geometry":{"type":"Polygon","coordinates":[[[-74.01054203510284,40.71645236323498],[-74.01038646697998,40.71638324213657],[-74.0102469921112,40.71656214365553],[-74.01067078113556,40.716757308400624],[-74.01069223880768,40.716749176547665],[-74.01074588298798,40.71654181396167],[-74.01054203510284,40.71644829728999],[-74.01054203510284,40.71645236323498]]]}},{"type":"Feature","properties":{"id":"cdbfed26-d105-4c02-9c41-a57192a1df45","height":24.2,"subtype":null,"class":null},"geometry":{"type":"Polygon","coordinates":[[[-74.00862693786621,40.715590377345556],[-74.0084981918335,40.715529387355126],[-74.00835871696472,40.715704225178186],[-74.00850892066956,40.715777412967775],[-74.00863766670227,40.71561477332608],[-74.00861620903015,40.71560664133357],[-74.00862693786621,40.715590377345556]]]}},{"type":"Feature","properties":{"id":"383ca73d-d725-4d51-8b2d-2bcb10bd4012","height":20.5,"subtype":null,"class":null},"geometry":{"type":"Polygon","coordinates":[[[-74.00951206684113,40.720794650715725],[-74.00932967662811,40.72077838799519],[-74.00928676128387,40.72105078804028],[-74.00946915149689,40.72106705069427],[-74.00951206684113,40.720794650715725]]]}},{"type":"Feature","properties":{"id":"fc128541-ac5a-451c-912c-df7381365563","height":22,"subtype":null,"class":null},"geometry":{"type":"Polygon","coordinates":[[[-74.01090145111084,40.71483816355883],[-74.0108209848404,40.71480156915783],[-74.0106600522995,40.71500893716424],[-74.01074051856995,40.71504553145126],[-74.01090145111084,40.71483816355883]]]}},{"type":"Feature","properties":{"id":"443fe724-583b-4ade-a100-c9b7fe438bab","height":18.9,"subtype":null,"class":null},"geometry":{"type":"Polygon","coordinates":[[[-74.00579988956451,40.718562555169704],[-74.00571942329407,40.71852596281588],[-74.00553703308105,40.71875364824617],[-74.0056174993515,40.718790240474824],[-74.00579988956451,40.718562555169704]]]}},{"type":"Feature","properties":{"id":"43410be2-e78c-458c-8f12-79a5387cbc55","height":20.4,"subtype":null,"class":null},"geometry":{"type":"Polygon","coordinates":[[[-74.00785982608795,40.71673291283877],[-74.00778472423553,40.71670038540906],[-74.00761842727661,40.71691181341806],[-74.00769352912903,40.71694840665914],[-74.00785982608795,40.71673291283877]]]}},{"type":"Feature","properties":{"id":"bc0ec000-8e40-4b24-a76f-5dbd1153c08e","height":28,"subtype":null,"class":null},"geometry":{"type":"Polygon","coordinates":[[[-74.0096515417099,40.718367395716925],[-74.00963008403778,40.71838365902651],[-74.00958180427551,40.71862760819348],[-74.00967299938202,40.71863980562837],[-74.00972127914429,40.71839179067982],[-74.00971055030823,40.71837552737222],[-74.0096515417099,40.718367395716925]]]}},{"type":"Feature","properties":{"id":"81f585e6-84ae-4f6f-b106-c1e6d514089f","height":14.3,"subtype":null,"class":null},"geometry":{"type":"Polygon","coordinates":[[[-74.00539219379425,40.71961152742592],[-74.0053653717041,40.71959933016908],[-74.0053653717041,40.71965625068184],[-74.00566041469574,40.719794486010194],[-74.00569796562195,40.71975382859046],[-74.00539219379425,40.71961152742592]]]}},{"type":"Feature","properties":{"id":"c1f4b084-fb35-403c-a2e8-664ee9e1c07b","height":23.5,"subtype":null,"class":null},"geometry":{"type":"Polygon","coordinates":[[[-74.0037614107132,40.71959933016908],[-74.00368094444275,40.71956273838517],[-74.00351464748383,40.71977415730343],[-74.00359511375427,40.71981074897111],[-74.0037614107132,40.71959933016908]]]}},{"type":"Feature","properties":{"id":"c3eb5449-26ea-4133-a147-1f211bb69b36","height":20.5,"subtype":null,"class":null},"geometry":{"type":"Polygon","coordinates":[[[-74.00680840015411,40.71518784237626],[-74.00665283203125,40.71511871996497],[-74.00652945041656,40.71528136081848],[-74.00668501853943,40.7153504830609],[-74.00680840015411,40.71518784237626]]]}},{"type":"Feature","properties":{"id":"b1121045-3d54-44bf-93c3-30eadf52e424","height":21.4,"subtype":null,"class":null},"geometry":{"type":"Polygon","coordinates":[[[-74.00768280029297,40.71862760819348],[-74.00761306285858,40.71859508168954],[-74.00745749473572,40.718790240474824],[-74.0075272321701,40.71882683268336],[-74.00768280029297,40.71862760819348]]]}},{"type":"Feature","properties":{"id":"85ea7478-d5b4-4142-8842-6c2f900b280b","height":22.3,"subtype":null,"class":null},"geometry":{"type":"Polygon","coordinates":[[[-74.00390625,40.719546475363664],[-74.00390088558197,40.71955460687492],[-74.00391161441803,40.71957086989445],[-74.00404572486877,40.71963592193286],[-74.00408864021301,40.7195830671565],[-74.0040135383606,40.719550541119425],[-74.00411009788513,40.719424502575585],[-74.00402963161469,40.719391976461],[-74.00390625,40.719546475363664]]]}},{"type":"Feature","properties":{"id":"1ec81744-26f5-4458-a1e6-8340e0218853","height":24.2,"subtype":null,"class":null},"geometry":{"type":"Polygon","coordinates":[[[-74.00845527648926,40.719790420269334],[-74.00818169116974,40.719761960076404],[-74.00817096233368,40.719827011928075],[-74.0084445476532,40.71985140635607],[-74.00845527648926,40.719790420269334]]]}},{"type":"Feature","properties":{"id":"60e0ac64-ee69-41b3-95cc-fc8dc37ccaae","height":64.4,"subtype":null,"class":null},"geometry":{"type":"Polygon","coordinates":[[[-74.01015043258667,40.71784696771237],[-74.01003241539001,40.717830704271655],[-74.01000559329987,40.71796487753862],[-74.01035964488983,40.71800960190084],[-74.01039183139801,40.717875428724035],[-74.01015043258667,40.71784696771237]]]}},{"type":"Feature","properties":{"id":"702f094c-4f1d-47f3-8ed4-7cf75698c548","height":27.8,"subtype":null,"class":null},"geometry":{"type":"Polygon","coordinates":[[[-74.00647580623627,40.72063608902089],[-74.00650262832642,40.72050598683533],[-74.00628805160522,40.72048565834585],[-74.00626122951508,40.72061576057117],[-74.00647580623627,40.72063608902089]]]}},{"type":"Feature","properties":{"id":"96d93018-91e2-4e72-8be9-130a1d781c5f","height":24.9,"subtype":null,"class":null},"geometry":{"type":"Polygon","coordinates":[[[-74.01011824607849,40.71476090868869],[-74.01015043258667,40.71471211609291],[-74.01007533073425,40.714683653728876],[-74.00997340679169,40.71481783333854],[-74.0100485086441,40.714850361688036],[-74.01011824607849,40.71476090868869]]]}},{"type":"Feature","properties":{"id":"4b2927a6-afd8-4616-b490-b1be15400349","height":45.1,"subtype":null,"class":null},"geometry":{"type":"Polygon","coordinates":[[[-74.008229970932,40.71948955475704],[-74.00833189487457,40.71950175203398],[-74.00832653045654,40.719534278094905],[-74.00849282741547,40.719550541119425],[-74.00852501392365,40.719371647631334],[-74.00825142860413,40.719347253027536],[-74.008229970932,40.71948955475704]]]}},{"type":"Feature","properties":{"id":"8ec1bf91-5401-4c18-b1f3-c480f6752214","height":25.3,"subtype":null,"class":null},"geometry":{"type":"Polygon","coordinates":[[[-74.00937795639038,40.714150998671556],[-74.00930285453796,40.71411440389286],[-74.00911509990692,40.71435023655828],[-74.00919556617737,40.71438683120737],[-74.00937795639038,40.714150998671556]]]}},{"type":"Feature","properties":{"id":"9fc98f18-9f26-44f7-a513-9a2395c05508","height":12.4,"subtype":"residential","class":"house"},"geometry":{"type":"Polygon","coordinates":[[[-74.01077270507812,40.71862354238136],[-74.01068687438965,40.718615410756364],[-74.01067078113556,40.71873331922155],[-74.010751247406,40.71874145083214],[-74.01077270507812,40.71862354238136]]]}},{"type":"Feature","properties":{"id":"ceb3913b-ca08-4b61-b365-036601a07f20","height":29.1,"subtype":null,"class":null},"geometry":{"type":"Polygon","coordinates":[[[-74.0055638551712,40.71718829518589],[-74.00543510913849,40.71712730665934],[-74.0052580833435,40.71735093098354],[-74.00538682937622,40.71741191930522],[-74.0055638551712,40.71718829518589]]]}},{"type":"Feature","properties":{"id":"e83cfeb7-b074-40e4-8bfe-a19adcd83e77","height":20.2,"subtype":null,"class":null},"geometry":{"type":"Polygon","coordinates":[[[-74.00506496429443,40.715858732639624],[-74.00501132011414,40.71591972232834],[-74.00533854961395,40.7160701633216],[-74.00539219379425,40.71600917377071],[-74.00506496429443,40.715858732639624]]]}},{"type":"Feature","properties":{"id":"7255b80b-616c-4a6d-9c33-49af546479dc","height":8.9,"subtype":null,"class":null},"geometry":{"type":"Polygon","coordinates":[[[-74.00853037834167,40.71676137432673],[-74.00845527648926,40.71672478098284],[-74.00840699672699,40.71678576987815],[-74.00848746299744,40.716822363188506],[-74.00853037834167,40.71676137432673]]]}},{"type":"Feature","properties":{"id":"d6f555e4-ae69-4e88-b709-652ab093366d","height":23.7,"subtype":null,"class":null},"geometry":{"type":"Polygon","coordinates":[[[-74.00604665279388,40.71821695991491],[-74.00593400001526,40.718164104011876],[-74.00575697422028,40.71839179067982],[-74.0058696269989,40.718444646402055],[-74.00604665279388,40.71821695991491]]]}},{"type":"Feature","properties":{"id":"48fef646-75bb-4389-9c81-5957c54bfacd","height":27,"subtype":null,"class":null},"geometry":{"type":"Polygon","coordinates":[[[-74.00767207145691,40.719546475363664],[-74.00753259658813,40.719534278094905],[-74.00749504566193,40.719761960076404],[-74.00762915611267,40.71977415730343],[-74.00767207145691,40.719546475363664]]]}},{"type":"Feature","properties":{"id":"94b0929f-d331-430b-94bb-d53521f6860c","height":20.8,"subtype":null,"class":null},"geometry":{"type":"Polygon","coordinates":[[[-74.00982856750488,40.71910330649779],[-74.00980710983276,40.71924154297441],[-74.01013970375061,40.71927406916248],[-74.01017189025879,40.719066714441226],[-74.00983929634094,40.719038253938876],[-74.00983393192291,40.719066714441226],[-74.00973737239838,40.719058582870375],[-74.00972664356232,40.71911143806319],[-74.00980174541473,40.719119569627594],[-74.00980174541473,40.71911143806319],[-74.00982856750488,40.71910330649779]]]}},{"type":"Feature","properties":{"id":"563d42b8-b2c1-4ad5-95c0-d4ae38f2fabb","height":99.7,"subtype":null,"class":null},"geometry":{"type":"Polygon","coordinates":[[[-74.01217818260193,40.716334450729775],[-74.01195287704468,40.71663126456818],[-74.01240348815918,40.71683456095418],[-74.01239812374115,40.716838626875564],[-74.01253759860992,40.71689554974892],[-74.01254832744598,40.71683456095418],[-74.01264488697052,40.716879286075766],[-74.01274681091309,40.71644829728999],[-74.01226937770844,40.71623280185079],[-74.01217818260193,40.716334450729775]]]}},{"type":"Feature","properties":{"id":"2e60a5bc-190b-4263-8e70-abac6b5661c6","height":29.3,"subtype":null,"class":null},"geometry":{"type":"Polygon","coordinates":[[[-74.00722146034241,40.719461094435474],[-74.00747895240784,40.71948548899756],[-74.00751113891602,40.71927406916248],[-74.0070766210556,40.71923747719977],[-74.00703370571136,40.71950581779246],[-74.00721073150635,40.71952208082392],[-74.00722146034241,40.719461094435474]]]}},{"type":"Feature","properties":{"id":"7af46b1e-2c1b-478f-8fe4-3433bba4c2bc","height":22.9,"subtype":null,"class":null},"geometry":{"type":"Polygon","coordinates":[[[-74.0086430311203,40.71534641704864],[-74.00856256484985,40.715309822927],[-74.00827825069427,40.71566763125321],[-74.00835871696472,40.715704225178186],[-74.0086430311203,40.71534641704864]]]}},{"type":"Feature","properties":{"id":"d49406d4-d100-4076-90d7-a6e5d914b7f3","height":70.1,"subtype":"residential","class":"apartments"},"geometry":{"type":"Polygon","coordinates":[[[-74.01416301727295,40.71660280302461],[-74.01415228843689,40.71659873708881],[-74.01408791542053,40.71668412168826],[-74.01409864425659,40.716688187618836],[-74.01407718658447,40.716716649125914],[-74.01408791542053,40.71672071505451],[-74.01403963565826,40.71678170395354],[-74.01427030563354,40.71688741791283],[-74.01463508605957,40.71641576972122],[-74.01442050933838,40.71631818691958],[-74.0142971277237,40.71647675889963],[-74.01428639888763,40.716472692956145],[-74.01420056819916,40.716578407406125],[-74.0141898393631,40.71657027553133],[-74.01416301727295,40.71660280302461]]]}},{"type":"Feature","properties":{"id":"e2a443e2-8278-4659-b1d9-381572a6d519","height":23.8,"subtype":null,"class":null},"geometry":{"type":"Polygon","coordinates":[[[-74.00368094444275,40.71956273838517],[-74.00359511375427,40.71952208082392],[-74.00342881679535,40.7197334998713],[-74.00351464748383,40.71977415730343],[-74.00368094444275,40.71956273838517]]]}},{"type":"Feature","properties":{"id":"206f9c19-c816-463e-b6cc-af660210c56b","height":29.8,"subtype":null,"class":null},"geometry":{"type":"Polygon","coordinates":[[[-74.00906682014465,40.72236398455686],[-74.00904536247253,40.722384312472656],[-74.0090024471283,40.72262418141048],[-74.00909900665283,40.72263637811306],[-74.0091472864151,40.72238024688999],[-74.00906682014465,40.72236398455686]]]}},{"type":"Feature","properties":{"id":"4e9ef147-c929-41fd-bdbf-a25428440aef","height":21.1,"subtype":null,"class":null},"geometry":{"type":"Polygon","coordinates":[[[-74.0095603466034,40.71947329171762],[-74.00948524475098,40.719465160196435],[-74.0094530582428,40.71965625068184],[-74.00952816009521,40.71966031643088],[-74.0095603466034,40.71947329171762]]]}},{"type":"Feature","properties":{"id":"1f03abef-453f-44b9-9fbf-dc681a44b3c3","subtype":null,"class":null},"geometry":{"type":"Polygon","coordinates":[[[-74.01189386844635,40.71667598982637],[-74.01193678379059,40.71669631947924],[-74.01194751262665,40.71668005575744],[-74.01190996170044,40.71665972609959],[-74.01189386844635,40.71667598982637]]]}},{"type":"Feature","properties":{"id":"1975c7ef-4ac1-4bb3-bf70-dfe849b8c659","height":26.2,"subtype":null,"class":null},"geometry":{"type":"Polygon","coordinates":[[[-74.00734484195709,40.716460495124174],[-74.00726437568665,40.7164239016149],[-74.0070766210556,40.71666379203165],[-74.00715708732605,40.71670038540906],[-74.00734484195709,40.716460495124174]]]}},{"type":"Feature","properties":{"id":"fbb0366d-9f11-462a-a05d-3c1b4310a8d0","height":23.3,"subtype":null,"class":null},"geometry":{"type":"Polygon","coordinates":[[[-74.00764524936676,40.71634258263341],[-74.00741457939148,40.71623686780893],[-74.00728046894073,40.71639950593088],[-74.00751650333405,40.716509286438594],[-74.00764524936676,40.71634258263341]]]}},{"type":"Feature","properties":{"id":"7807b7fb-1632-4a45-bce0-ad3b21f4e1a1","height":30.4,"subtype":null,"class":null},"geometry":{"type":"Polygon","coordinates":[[[-74.01006996631622,40.7227380172141],[-74.01009678840637,40.72259165685941],[-74.00980710983276,40.72256319786417],[-74.00978028774261,40.72270549271866],[-74.01006996631622,40.7227380172141]]]}},{"type":"Feature","properties":{"id":"6e2adedf-e266-4957-9d61-9911bb1c1c26","height":20.9,"subtype":null,"class":null},"geometry":{"type":"Polygon","coordinates":[[[-74.00902926921844,40.718334869085844],[-74.00901854038239,40.718403988157895],[-74.00935113430023,40.718440580578765],[-74.00936722755432,40.71837146154469],[-74.00902926921844,40.718334869085844]]]}},{"type":"Feature","properties":{"id":"bed74728-2029-4eb3-b03a-01305dec8bf8","height":23.6,"subtype":null,"class":null},"geometry":{"type":"Polygon","coordinates":[[[-74.00790274143219,40.71822915742503],[-74.0079778432846,40.71826574994202],[-74.00815486907959,40.71804212869086],[-74.00807976722717,40.718005536050974],[-74.00790274143219,40.71822915742503]]]}},{"type":"Feature","properties":{"id":"d1686012-59b8-41d8-ada9-626dd781f2df","height":60,"subtype":null,"class":null},"geometry":{"type":"Polygon","coordinates":[[[-74.01236593723297,40.70178081794034],[-74.01234984397888,40.70172794898928],[-74.01149690151215,40.70186622154184],[-74.01155591011047,40.70207769665526],[-74.01241421699524,40.701931290879024],[-74.01236593723297,40.70178081794034]]]}},{"type":"Feature","properties":{"id":"0787776e-f16a-4b6f-b122-cbd4005e61b3","height":7.4,"subtype":null,"class":null},"geometry":{"type":"Polygon","coordinates":[[[-74.00510787963867,40.70716916399875],[-74.0050595998764,40.70712443235432],[-74.0049147605896,40.70721389561315],[-74.00495231151581,40.707246427677475],[-74.00510787963867,40.70716916399875]]]}},{"type":"Feature","properties":{"id":"67be9922-4ec5-41f8-bf7a-bd03c1053876","height":103.7,"subtype":"residential","class":"apartments"},"geometry":{"type":"Polygon","coordinates":[[[-74.00562822818756,40.707246427677475],[-74.00591790676117,40.70704310201472],[-74.00549948215485,40.7067015135038],[-74.00521516799927,40.70690484020947],[-74.00562822818756,40.707246427677475]]]}},{"type":"Feature","properties":{"id":"d1bd24d1-dbbf-4797-b917-01121181a31b","height":141.2,"subtype":"residential","class":"apartments"},"geometry":{"type":"Polygon","coordinates":[[[-74.01442050933838,40.707864533880134],[-74.01444733142853,40.707799470339495],[-74.0138840675354,40.70760021285083],[-74.0137231349945,40.70796212907191],[-74.01430785655975,40.708145119670974],[-74.01431322097778,40.70814105321868],[-74.01442050933838,40.707864533880134]]]}},{"type":"Feature","properties":{"id":"f40050c5-ff92-401f-8570-633169e52a92","height":22.380910873413086,"subtype":"residential","class":"apartments"},"geometry":{"type":"Polygon","coordinates":[[[-74.00857865810394,40.710735399324065],[-74.00818169116974,40.710536150620285],[-74.00790810585022,40.71081265886512],[-74.0082997083664,40.71102410557169],[-74.00828897953033,40.711040370675164],[-74.00850892066956,40.71115422628817],[-74.00851964950562,40.7111379612125],[-74.00858938694,40.711174557627125],[-74.00863230228424,40.71112576240317],[-74.00866448879242,40.711142027481785],[-74.00888442993164,40.71089398460095],[-74.00857865810394,40.710735399324065]]]}},{"type":"Feature","properties":{"id":"7c21828d-b93a-4308-a9b4-a4e9b7334bec","height":19.1,"subtype":null,"class":null},"geometry":{"type":"Polygon","coordinates":[[[-74.00470554828644,40.70563607141715],[-74.0045177936554,40.70548560684818],[-74.00425493717194,40.70565640444095],[-74.00443196296692,40.705802802028956],[-74.00448024272919,40.705770269259425],[-74.00459825992584,40.705863800928995],[-74.00464117527008,40.70583533478261],[-74.00453388690948,40.70574586967187],[-74.00454998016357,40.70573366987472],[-74.0045553445816,40.70574180307306],[-74.00470554828644,40.70563607141715]]]}},{"type":"Feature","properties":{"id":"08a15f3a-a881-4420-be53-c365eef9f152","height":17.5,"subtype":null,"class":null},"geometry":{"type":"Polygon","coordinates":[[[-74.00757014751434,40.70942603978505],[-74.0075433254242,40.70941384066208],[-74.00749504566193,40.70946263714055],[-74.00778472423553,40.709633424533614],[-74.00783836841583,40.7095805618159],[-74.00757014751434,40.70942603978505]]]}},{"type":"Feature","properties":{"id":"c4530b84-c99c-4adb-b085-e1558db3aea1","height":206.8,"subtype":"residential","class":"apartments"},"geometry":{"type":"Polygon","coordinates":[[[-74.0092545747757,40.71206506418366],[-74.00922238826752,40.71210572629917],[-74.00900781154633,40.71200000474717],[-74.00899171829224,40.712020335827894],[-74.00897026062012,40.7120244020433],[-74.00885224342346,40.71216671942589],[-74.00885760784149,40.71217891804452],[-74.00882005691528,40.71222364629375],[-74.00928676128387,40.71243915470974],[-74.00931894779205,40.712402558990156],[-74.0093457698822,40.712402558990156],[-74.00943696498871,40.712288705511696],[-74.00943696498871,40.71227650691316],[-74.00942623615265,40.71227244071316],[-74.00947451591492,40.71221144768329],[-74.00930285453796,40.71213012355657],[-74.00932967662811,40.712101660088734],[-74.0092545747757,40.71206506418366]]]}},{"type":"Feature","properties":{"id":"18c33ad9-adf6-4a9b-98a6-8afd104ca41f","height":16.5,"subtype":"residential","class":"apartments"},"geometry":{"type":"Polygon","coordinates":[[[-74.00402963161469,40.70919832245445],[-74.00404572486877,40.70921052161689],[-74.00397062301636,40.7092796501619],[-74.00407791137695,40.709352845013704],[-74.0041047334671,40.709328446738716],[-74.00413155555725,40.70934877863517],[-74.00419056415558,40.709299982073254],[-74.00420665740967,40.70931218121707],[-74.00429785251617,40.70923491993509],[-74.00427639484406,40.7092227207771],[-74.00433540344238,40.709169857733364],[-74.00427639484406,40.709133260216944],[-74.00429785251617,40.709116994647644],[-74.00433540344238,40.70914139300011],[-74.00439441204071,40.709092596286226],[-74.00437831878662,40.70908039710218],[-74.00440514087677,40.709060065123786],[-74.00436758995056,40.709035666741514],[-74.00434076786041,40.709055998727365],[-74.00425493717194,40.70899906915136],[-74.004265666008,40.708986869950174],[-74.00416374206543,40.70892180750609],[-74.00414764881134,40.70893400671919],[-74.0040510892868,40.708868944223454],[-74.0040671825409,40.70885267858959],[-74.00401890277863,40.708824213720746],[-74.00400817394257,40.70884047936158],[-74.00393307209015,40.7087916824272],[-74.0038150548935,40.70889334266681],[-74.00389015674591,40.708942139526684],[-74.00387406349182,40.70895840513871],[-74.00391697883606,40.708986869950174],[-74.00393307209015,40.708970604345105],[-74.00400280952454,40.70901940114838],[-74.00398671627045,40.7090316003436],[-74.00403499603271,40.70906413151996],[-74.0040510892868,40.709047865933776],[-74.00408327579498,40.70907226431157],[-74.0040671825409,40.70908446349711],[-74.00411546230316,40.709116994647644],[-74.00413155555725,40.70910072907436],[-74.0041583776474,40.709116994647644],[-74.00408864021301,40.709177990512046],[-74.0040671825409,40.70916579134364],[-74.00402963161469,40.70919832245445]]]}},{"type":"Feature","properties":{"id":"ca7a9324-343e-4bc2-97b8-9bfd6fd70fab","height":34.3,"subtype":null,"class":null},"geometry":{"type":"Polygon","coordinates":[[[-74.00356829166412,40.70771407434593],[-74.00343954563141,40.70757581393371],[-74.00321424007416,40.70769780842999],[-74.00336444377899,40.70788079975537],[-74.00338590145111,40.707892999159185],[-74.00340735912323,40.70788486622356],[-74.00341272354126,40.707868600349315],[-74.00356829166412,40.70771407434593]]]}},{"type":"Feature","properties":{"id":"06e431ac-f504-4fda-93c3-53132c04c3e2","height":107.9,"subtype":null,"class":null},"geometry":{"type":"Polygon","coordinates":[[[-74.00615930557251,40.70485527860762],[-74.00617003440857,40.704859345260566],[-74.00598227977753,40.70500574460065],[-74.0062665939331,40.705164343522625],[-74.00668501853943,40.704871545217856],[-74.00636315345764,40.70466007897498],[-74.00618612766266,40.70481867872008],[-74.00619685649872,40.704822745375246],[-74.00615930557251,40.70485527860762]]]}},{"type":"Feature","properties":{"id":"b1d6c710-84bc-4ba3-b041-286e99dd86e5","height":8.2,"subtype":null,"class":null},"geometry":{"type":"Polygon","coordinates":[[[-74.0072911977768,40.710084789106716],[-74.00725364685059,40.71006445743498],[-74.00700151920319,40.71032876868317],[-74.00707125663757,40.71036129922582],[-74.00731801986694,40.71010105443962],[-74.0072911977768,40.710084789106716]]]}},{"type":"Feature","properties":{"id":"93a85149-03c6-460f-be25-876ab621e695","height":91.3,"subtype":null,"class":null},"geometry":{"type":"Polygon","coordinates":[[[-74.00891125202179,40.706660848088184],[-74.00879859924316,40.70660391646458],[-74.00870203971863,40.70671371312364],[-74.00897026062012,40.706868241448255],[-74.00910973548889,40.706709646583946],[-74.00894343852997,40.70662424919288],[-74.00891125202179,40.706660848088184]]]}},{"type":"Feature","properties":{"id":"68bfc1b9-2a43-40de-9858-33f4e61f7184","height":40,"subtype":"commercial","class":"office"},"geometry":{"type":"Polygon","coordinates":[[[-74.00735557079315,40.70605086387406],[-74.00684595108032,40.70574586967187],[-74.00623440742493,40.7061687945911],[-74.00680303573608,40.70659171682461],[-74.00735557079315,40.70605086387406]]]}},{"type":"Feature","properties":{"id":"9a040e94-57f7-4562-bbc0-45814c959c6c","height":6.688383102416992,"subtype":null,"class":null},"geometry":{"type":"Polygon","coordinates":[[[-74.01141107082367,40.70510741061973],[-74.01064932346344,40.7051480769839],[-74.01069760322571,40.705359541677325],[-74.0108048915863,40.7053514084323],[-74.01081025600433,40.705400207887536],[-74.01100873947144,40.705392074647484],[-74.01101410388947,40.70544900730703],[-74.01133596897125,40.70545714054013],[-74.01141107082367,40.70510741061973]]]}},{"type":"Feature","properties":{"id":"0d31ee23-3849-48ef-8d7f-80cbac599fbf","height":22.6,"subtype":null,"class":null},"geometry":{"type":"Polygon","coordinates":[[[-74.00812804698944,40.70320826375636],[-74.00819778442383,40.70326519828267],[-74.008229970932,40.70324486452887],[-74.00816023349762,40.70318792998515],[-74.00812804698944,40.70320826375636]]]}},{"type":"Feature","properties":{"id":"c3abfb52-ea23-4811-8cf7-95525c2f634c","height":61.9,"subtype":null,"class":null},"geometry":{"type":"Polygon","coordinates":[[[-74.01008605957031,40.70771000786732],[-74.01009678840637,40.70769780842999],[-74.0096515417099,40.70743348673893],[-74.00935649871826,40.70774660616591],[-74.00979101657867,40.70802719245363],[-74.01008605957031,40.70771000786732]]]}},{"type":"Feature","properties":{"id":"2611fdce-7e86-4812-b210-c0eee65b1321","height":21.1,"subtype":null,"class":null},"geometry":{"type":"Polygon","coordinates":[[[-74.01069760322571,40.7035905374995],[-74.01095509529114,40.7035376699849],[-74.01086390018463,40.703261131532415],[-74.01061177253723,40.703326199506876],[-74.01069760322571,40.7035905374995]]]}},{"type":"Feature","properties":{"id":"9714bd02-9672-4c0e-822d-a8560312444c","height":18,"subtype":"commercial","class":"commercial"},"geometry":{"type":"Polygon","coordinates":[[[-74.01546657085419,40.71187801813243],[-74.01531636714935,40.71182515719666],[-74.0153968334198,40.71168283908402],[-74.01533782482147,40.711544586911884],[-74.01516616344452,40.71148765946347],[-74.01498913764954,40.711536454422244],[-74.01490867137909,40.71166657413748],[-74.01497304439545,40.71180482605633],[-74.01499450206757,40.711808892284886],[-74.01489794254303,40.712056931757566],[-74.01496767997742,40.712101660088734],[-74.01490330696106,40.71228057311294],[-74.01488184928894,40.71227650691316],[-74.01487648487091,40.71229277171071],[-74.01485502719879,40.712288705511696],[-74.01484966278076,40.712300904107984],[-74.01483356952667,40.71229683790947],[-74.01477456092834,40.71245948565637],[-74.01479065418243,40.71245948565637],[-74.01479065418243,40.712471684221384],[-74.01480674743652,40.71247575040922],[-74.01479601860046,40.71249608134468],[-74.01481747627258,40.712500147531024],[-74.01481211185455,40.71251641227392],[-74.014892578125,40.712544875564454],[-74.01482820510864,40.71271565505209],[-74.01487112045288,40.71278071378929],[-74.01496767997742,40.71281730930103],[-74.01505887508392,40.712784779958255],[-74.01506960391998,40.71274818442863],[-74.01577770709991,40.713057212713224],[-74.01603519916534,40.71269125800924],[-74.01604056358337,40.71269532418366],[-74.0160995721817,40.71261806682709],[-74.01587963104248,40.71252047845903],[-74.01594936847687,40.712333433687164],[-74.01594400405884,40.71232936749064],[-74.01596546173096,40.71226837451292],[-74.01565432548523,40.71219924907062],[-74.01565968990326,40.71218298425023],[-74.01558458805084,40.712146388389854],[-74.0155416727066,40.712138255973706],[-74.01541829109192,40.71213012355657],[-74.01541292667389,40.71215045459755],[-74.01536464691162,40.712138255973706],[-74.01546657085419,40.71187801813243]]]}},{"type":"Feature","properties":{"id":"9220d2f6-b604-44f3-9d05-ae135560d30e","height":48.7,"subtype":null,"class":null},"geometry":{"type":"Polygon","coordinates":[[[-74.00978028774261,40.705831268189264],[-74.00912046432495,40.705619804993646],[-74.00891125202179,40.705973598808264],[-74.00951743125916,40.70626232570099],[-74.00978028774261,40.705831268189264]]]}},{"type":"Feature","properties":{"id":"c369f085-ba56-4520-809d-4543ce8b7cee","height":210,"subtype":"commercial","class":"office"},"geometry":{"type":"Polygon","coordinates":[[[-74.01006996631622,40.70846230218488],[-74.00985538959503,40.70832404332609],[-74.00960862636566,40.708576162205965],[-74.01024162769318,40.70888520985334],[-74.01042938232422,40.70869815486969],[-74.01006996631622,40.70846230218488]]]}},{"type":"Feature","properties":{"id":"7dc68d0d-5ba0-42b4-a323-9dcb103f3908","height":76,"subtype":null,"class":null},"geometry":{"type":"Polygon","coordinates":[[[-74.01297211647034,40.705981731977296],[-74.012371301651,40.70571740347506],[-74.0122264623642,40.70601833122571],[-74.01276290416718,40.706254192566206],[-74.01297211647034,40.705981731977296]]]}},{"type":"Feature","properties":{"id":"668d780b-a9d5-4002-86d7-ca6ec7df4153","height":103.5,"subtype":null,"class":null},"geometry":{"type":"Polygon","coordinates":[[[-74.0058696269989,40.7084297707145],[-74.00582134723663,40.70845823575194],[-74.00581061840057,40.70848263434577],[-74.00599300861359,40.70863309214352],[-74.00641143321991,40.70827524601327],[-74.00640070438385,40.708226448664725],[-74.00605201721191,40.70800279369294],[-74.00597155094147,40.70799872723194],[-74.0055799484253,40.70816138547768],[-74.0058696269989,40.7084297707145]]]}},{"type":"Feature","properties":{"id":"e2580bbb-51cd-4467-a0b3-739dddf04ecd","height":20.9,"subtype":null,"class":null},"geometry":{"type":"Polygon","coordinates":[[[-74.00660455226898,40.709291849309466],[-74.00638461112976,40.709177990512046],[-74.00633633136749,40.70923085354935],[-74.00655090808868,40.70934471225635],[-74.00660455226898,40.709291849309466]]]}},{"type":"Feature","properties":{"id":"b483a9b1-fe35-4c5b-97cc-d8bd1dd59485","height":69.6,"subtype":null,"class":null},"geometry":{"type":"Polygon","coordinates":[[[-74.01313304901123,40.70777507149537],[-74.01339590549469,40.70786046741071],[-74.01345491409302,40.70773847321241],[-74.01328325271606,40.70767747602946],[-74.01327788829803,40.70768154251006],[-74.01319742202759,40.70765307714063],[-74.01313304901123,40.70777507149537]]]}},{"type":"Feature","properties":{"id":"39db029e-99b2-4c93-ac96-9402d1bc41ab","height":95.4,"subtype":null,"class":null},"geometry":{"type":"Polygon","coordinates":[[[-74.01044547557831,40.7057743358565],[-74.01039719581604,40.70575806946676],[-74.0103006362915,40.70590853342018],[-74.0110731124878,40.70619726059497],[-74.01122331619263,40.70591666659717],[-74.0110194683075,40.70588820047336],[-74.01097655296326,40.70595733246721],[-74.01083707809448,40.70590853342018],[-74.0108585357666,40.70587193411146],[-74.01084244251251,40.705863800928995],[-74.01087462902069,40.70579060224226],[-74.01084780693054,40.70578246904987],[-74.0108585357666,40.70570113707142],[-74.01079952716827,40.70540834112662],[-74.01068687438965,40.70542054098334],[-74.01074588298798,40.70571333687453],[-74.01077270507812,40.70571333687453],[-74.0107673406601,40.70575400286872],[-74.0107136964798,40.70581906840777],[-74.01069760322571,40.70581500181345],[-74.01067078113556,40.70585566774555],[-74.010568857193,40.70581906840777],[-74.01062786579132,40.705725536675395],[-74.01050448417664,40.70568080406128],[-74.01044547557831,40.7057743358565]]]}},{"type":"Feature","properties":{"id":"29faf405-ae10-4838-a4ec-acf9d455dd2e","height":28.1,"subtype":null,"class":null},"geometry":{"type":"Polygon","coordinates":[[[-74.00843918323517,40.713524818574584],[-74.00858402252197,40.713341842759064],[-74.00850355625153,40.71330524753563],[-74.00835871696472,40.713488223451705],[-74.00843918323517,40.713524818574584]]]}},{"type":"Feature","properties":{"id":"e4497bc9-2014-417d-9916-732dbb9e2ae3","height":209.4,"subtype":null,"class":null},"geometry":{"type":"Polygon","coordinates":[[[-74.00721609592438,40.7111623588245],[-74.00736629962921,40.711064768322906],[-74.00710880756378,40.71086145431853],[-74.00697469711304,40.7109590451181],[-74.00721609592438,40.7111623588245]]]}},{"type":"Feature","properties":{"id":"dc78356b-101d-4450-90ec-62d4a9a84f9c","height":3,"subtype":null,"class":null},"geometry":{"type":"Polygon","coordinates":[[[-74.0155041217804,40.70741722075444],[-74.01550948619843,40.70742942024319],[-74.01553094387054,40.70742535374719],[-74.01552557945251,40.70740908776071],[-74.0155041217804,40.70741722075444]]]}},{"type":"Feature","properties":{"id":"39aaf040-d3a5-4263-a21c-d9ac43e838c1","height":9.5,"subtype":"commercial","class":null},"geometry":{"type":"Polygon","coordinates":[[[-74.01237666606903,40.70351733631428],[-74.01232302188873,40.70337500044602],[-74.01234447956085,40.70333839974502],[-74.01174366474152,40.70348073569148],[-74.01174366474152,40.7035376699849],[-74.0124249458313,40.7035376699849],[-74.01237666606903,40.70351733631428]]]}},{"type":"Feature","properties":{"id":"93a9f095-8da8-4d82-9fde-9e006791f331","height":16.1,"subtype":null,"class":null},"geometry":{"type":"Polygon","coordinates":[[[-74.01214063167572,40.70431441155528],[-74.01214599609375,40.704102943543454],[-74.01204943656921,40.70409887684434],[-74.01204943656921,40.70431441155528],[-74.01214063167572,40.70431441155528]]]}},{"type":"Feature","properties":{"id":"f752ec1c-0ed6-4821-82e9-eefd2cb46afb","height":22.7,"subtype":null,"class":null},"geometry":{"type":"Polygon","coordinates":[[[-74.01327788829803,40.70768154251006],[-74.01328325271606,40.70767747602946],[-74.01355147361755,40.707771005020476],[-74.01359438896179,40.707669343067515],[-74.01326715946198,40.70755548149594],[-74.01319742202759,40.70765307714063],[-74.01327788829803,40.70768154251006]]]}},{"type":"Feature","properties":{"id":"8af4d063-47a4-45f8-bbf6-2a9342c13d71","height":20.2,"subtype":null,"class":null},"geometry":{"type":"Polygon","coordinates":[[[-74.00741994380951,40.7056279382059],[-74.00740385055542,40.705619804993646],[-74.00731265544891,40.70570927027373],[-74.00755405426025,40.70585160115346],[-74.00766134262085,40.70574180307306],[-74.0074896812439,40.70566047104496],[-74.00748431682587,40.705664537648715],[-74.00741994380951,40.7056279382059]]]}},{"type":"Feature","properties":{"id":"91b00289-ab53-477f-9ef0-9c67d4ccc983","height":62.9,"subtype":null,"class":null},"geometry":{"type":"Polygon","coordinates":[[[-74.00404572486877,40.70832404332609],[-74.00420129299164,40.70825491378907],[-74.00438904762268,40.70848263434577],[-74.00452852249146,40.70841757140903],[-74.00434076786041,40.70819798352821],[-74.0042495727539,40.70823864800521],[-74.00416374206543,40.70813292031336],[-74.00427103042603,40.7080841228605],[-74.0042495727539,40.70805972412065],[-74.00427103042603,40.70805159120539],[-74.00418519973755,40.7079417967521],[-74.00361657142639,40.70821018287391],[-74.00368094444275,40.70829151178819],[-74.00370240211487,40.708279312457385],[-74.00376677513123,40.708356574848096],[-74.00373995304108,40.70836877416474],[-74.00383651256561,40.7084867007772],[-74.00408327579498,40.70836877416474],[-74.00404572486877,40.70832404332609]]]}},{"type":"Feature","properties":{"id":"48a0f727-c2fa-4a8a-ba58-d2b0d875cb12","height":71.5,"subtype":"residential","class":"apartments"},"geometry":{"type":"Polygon","coordinates":[[[-74.0180093050003,40.70910072907436],[-74.0178108215332,40.70903973313917],[-74.01772499084473,40.709206455229655],[-74.01808440685272,40.70931624759787],[-74.0182614326477,40.709238986320585],[-74.01833117008209,40.70895840513871],[-74.01812195777893,40.708868944223454],[-74.01806831359863,40.709076330707],[-74.01804149150848,40.709076330707],[-74.0180093050003,40.70902753394544],[-74.01803076267242,40.70901940114838],[-74.01800394058228,40.708995002751216],[-74.01801466941833,40.70899093635082],[-74.01804149150848,40.70892587391071],[-74.01799857616425,40.708864877815365],[-74.01791274547577,40.708844545771164],[-74.01783764362335,40.70887707703889],[-74.0178108215332,40.708942139526684],[-74.01785373687744,40.70900313555126],[-74.01793956756592,40.70901940114838],[-74.01795029640198,40.70901533474947],[-74.01796638965607,40.709047865933776],[-74.01799321174622,40.709035666741514],[-74.0180253982544,40.70908039710218],[-74.0180093050003,40.70910072907436]]]}},{"type":"Feature","properties":{"id":"76cc3d54-335f-4d0a-bac4-0b71e6a6bd7f","height":119.5,"subtype":"residential","class":"apartments"},"geometry":{"type":"Polygon","coordinates":[[[-74.0168023109436,40.70723829466288],[-74.0170168876648,40.707327757768745],[-74.0173602104187,40.70685197532571],[-74.01685059070587,40.70664051537105],[-74.01683449745178,40.706664914630856],[-74.01681303977966,40.706656781545234],[-74.01675939559937,40.70676657811715],[-74.0166574716568,40.70702683593489],[-74.01662528514862,40.70713256538281],[-74.01668429374695,40.70712849886869],[-74.01671648025513,40.7071122328097],[-74.01685059070587,40.707165097486865],[-74.0168023109436,40.70723829466288]]]}},{"type":"Feature","properties":{"id":"b7fb0d8f-0f63-4da7-bdfe-4e57ddb75e33","height":14.9,"subtype":null,"class":null},"geometry":{"type":"Polygon","coordinates":[[[-74.01142179965973,40.7032163972631],[-74.01141107082367,40.70311879511665],[-74.01126623153687,40.70315946269505],[-74.01129305362701,40.70324893128012],[-74.01142179965973,40.7032163972631]]]}},{"type":"Feature","properties":{"id":"ddf46c3b-3be5-4a41-afe6-f71df954a61e","height":3,"subtype":"civic","class":null},"geometry":{"type":"Polygon","coordinates":[[[-74.01255905628204,40.708202049977025],[-74.01258051395416,40.70821018287391],[-74.01260733604431,40.708169518379535],[-74.01258587837219,40.70816138547768],[-74.01255905628204,40.708202049977025]]]}},{"type":"Feature","properties":{"id":"52dfea77-cc4e-4859-99af-3a976819a059","height":153.6,"subtype":"residential","class":"apartments"},"geometry":{"type":"Polygon","coordinates":[[[-74.01356220245361,40.70759614636527],[-74.01361584663391,40.707620545274956],[-74.0137767791748,40.707291159239965],[-74.0135246515274,40.70717729702178],[-74.01330471038818,40.70749855063714],[-74.01356220245361,40.70759614636527]]]}},{"type":"Feature","properties":{"id":"b6dc74fe-92a9-49b8-aa2b-d3f58954b742","height":56.3,"subtype":null,"class":null},"geometry":{"type":"Polygon","coordinates":[[[-74.00712490081787,40.70797432846083],[-74.00720536708832,40.70800279369294],[-74.00730192661285,40.707888932691496],[-74.00722682476044,40.70785233447112],[-74.00721073150635,40.70787673328693],[-74.00695323944092,40.707771005020476],[-74.00690495967865,40.707836068588925],[-74.00694251060486,40.70785233447112],[-74.00693714618683,40.70785640094104],[-74.00700151920319,40.70788079975537],[-74.00699615478516,40.707892999159185],[-74.00707125663757,40.70792146442606],[-74.00706052780151,40.70793366382241],[-74.00713562965393,40.70796212907191],[-74.00712490081787,40.70797432846083]]]}},{"type":"Feature","properties":{"id":"0944c680-6046-467e-9dd3-c5c1f1d6cb58","height":15.3,"subtype":null,"class":null},"geometry":{"type":"Polygon","coordinates":[[[-74.00969445705414,40.70462754564726],[-74.00976955890656,40.70470481227467],[-74.00996267795563,40.70455434560177],[-74.00978028774261,40.7044201453094],[-74.00961399078369,40.70454621225841],[-74.00969445705414,40.70462754564726]]]}},{"type":"Feature","properties":{"id":"b6b4301a-2b8c-466b-900a-9df4dad5b95b","height":58.4,"subtype":"residential","class":"dormitory"},"geometry":{"type":"Polygon","coordinates":[[[-74.00672256946564,40.710991575352836],[-74.00676548480988,40.710963111398314],[-74.0064811706543,40.710723200440974],[-74.00623440742493,40.71089398460095],[-74.00649726390839,40.71115422628817],[-74.00672256946564,40.710991575352836]]]}},{"type":"Feature","properties":{"id":"49656509-d959-404c-8168-d438a32d26bf","subtype":null,"class":null},"geometry":{"type":"Polygon","coordinates":[[[-74.0096515417099,40.706563250989355],[-74.00968372821808,40.70657951718243],[-74.00969445705414,40.706567317538],[-74.00966763496399,40.70654698479232],[-74.0096515417099,40.706563250989355]]]}},{"type":"Feature","properties":{"id":"b7697917-afa4-4a0b-9c82-bb1cbf88e721","height":115,"subtype":null,"class":null},"geometry":{"type":"Polygon","coordinates":[[[-74.01031136512756,40.707693741950365],[-74.01081025600433,40.70799059430924],[-74.01122331619263,40.70755548149594],[-74.01076197624207,40.70726269370367],[-74.01054739952087,40.70749041765335],[-74.01050984859467,40.70747415168276],[-74.01031136512756,40.707693741950365]]]}},{"type":"Feature","properties":{"id":"9e4a388a-6d25-4428-980d-f921b810f290","height":153.3,"subtype":null,"class":null},"geometry":{"type":"Polygon","coordinates":[[[-74.01164174079895,40.70504641102691],[-74.01156663894653,40.70563200481165],[-74.01200115680695,40.705623871599904],[-74.01224255561829,40.70564827123217],[-74.0124785900116,40.7051440103486],[-74.01248395442963,40.70507894415003],[-74.01164174079895,40.70504641102691]]]}},{"type":"Feature","properties":{"id":"ddbb8e1b-d8ec-4954-a5af-93590cd4f5c6","height":3,"subtype":null,"class":null},"geometry":{"type":"Polygon","coordinates":[[[-74.00543510913849,40.71280917696683],[-74.00545120239258,40.71281730930103],[-74.00546729564667,40.71280104463164],[-74.00545120239258,40.71279291229543],[-74.00543510913849,40.71280917696683]]]}},{"type":"Feature","properties":{"id":"1e1f88ee-27d0-4757-85d7-09abf5c0d397","height":8,"subtype":null,"class":null},"geometry":{"type":"Polygon","coordinates":[[[-74.01522517204285,40.70573773647401],[-74.01521980762482,40.70575806946676],[-74.01522517204285,40.70576213606457],[-74.01523053646088,40.70575806946676],[-74.0152359008789,40.70574180307306],[-74.01522517204285,40.70573773647401]]]}},{"type":"Feature","properties":{"id":"25b5dc01-6743-4992-a5b7-306555728664","height":38.1,"subtype":null,"class":null},"geometry":{"type":"Polygon","coordinates":[[[-74.00852501392365,40.70707563416247],[-74.00834262371063,40.7069495720014],[-74.00826752185822,40.70702683593489],[-74.00859475135803,40.70723016164729],[-74.00861620903015,40.7072342281552],[-74.00867521762848,40.70717729702178],[-74.00852501392365,40.70707563416247]]]}},{"type":"Feature","properties":{"id":"2e066205-1552-45ba-b51a-979463d8cf2d","subtype":null,"class":null},"geometry":{"type":"Polygon","coordinates":[[[-74.00947988033295,40.713142601854756],[-74.00945842266083,40.713171064877585],[-74.00947988033295,40.71318326331221],[-74.00950133800507,40.71315073414822],[-74.00947988033295,40.713142601854756]]]}},{"type":"Feature","properties":{"id":"3cc7cb6e-8723-4e04-a4ae-244bc31b0fb2","height":151.7,"subtype":null,"class":null},"geometry":{"type":"Polygon","coordinates":[[[-74.0088951587677,40.706559184440465],[-74.00900781154633,40.70662018264772],[-74.0089863538742,40.70664458191497],[-74.00910973548889,40.706709646583946],[-74.00936722755432,40.70642905474496],[-74.00908827781677,40.7062582591337],[-74.00887370109558,40.70651851893794],[-74.00891661643982,40.706538851692315],[-74.0088951587677,40.706559184440465]]]}},{"type":"Feature","properties":{"id":"bbc2a0b4-88eb-40fa-b285-d081a51711e8","height":89,"subtype":null,"class":null},"geometry":{"type":"Polygon","coordinates":[[[-74.00850355625153,40.71330524753563],[-74.00864839553833,40.713118204968346],[-74.00857865810394,40.71308567577257],[-74.0082836151123,40.71345569443672],[-74.00835871696472,40.713488223451705],[-74.00850355625153,40.71330524753563]]]}},{"type":"Feature","properties":{"id":"124495c5-6a28-4bd3-a845-a794c01355c8","height":123,"subtype":"residential","class":"residential"},"geometry":{"type":"Polygon","coordinates":[[[-74.0099573135376,40.710552415842955],[-74.01012897491455,40.71062967559632],[-74.01029527187347,40.71041822763723],[-74.00982320308685,40.710202712680285],[-74.00973200798035,40.710308437085935],[-74.01003777980804,40.71044669182468],[-74.0099573135376,40.710552415842955]]]}},{"type":"Feature","properties":{"id":"9b2b394e-dce0-47ac-abb8-23ab71af4245","height":46.9,"subtype":null,"class":null},"geometry":{"type":"Polygon","coordinates":[[[-74.00861084461212,40.70677877772507],[-74.00862157344818,40.7067869107958],[-74.00843381881714,40.70696583810012],[-74.00856256484985,40.707039035495136],[-74.00873959064484,40.70685604185672],[-74.00874495506287,40.706860108387474],[-74.00875568389893,40.706847908794465],[-74.00862157344818,40.70676657811715],[-74.00861084461212,40.70677877772507]]]}},{"type":"Feature","properties":{"id":"6a9d1044-37f3-4ab4-bd27-695b2a44275f","height":13.6,"subtype":"religious","class":null},"geometry":{"type":"Polygon","coordinates":[[[-74.00562822818756,40.70990993652701],[-74.0055638551712,40.70986520672357],[-74.00534391403198,40.71004412575705],[-74.00540292263031,40.710096988106756],[-74.00562822818756,40.70990993652701]]]}},{"type":"Feature","properties":{"id":"1c3f7e59-100b-4449-87f0-1118bc0c4cde","height":114,"subtype":null,"class":null},"geometry":{"type":"Polygon","coordinates":[[[-74.01002705097198,40.710991575352836],[-74.01025235652924,40.711093232233985],[-74.01039719581604,40.71091838230233],[-74.00953888893127,40.71052801800747],[-74.00924921035767,40.71088991831652],[-74.00987684726715,40.711174557627125],[-74.01002705097198,40.710991575352836]]]}},{"type":"Feature","properties":{"id":"77407cad-0303-47ba-acbb-29ff34bd31a6","height":13,"subtype":"residential","class":"residential"},"geometry":{"type":"Polygon","coordinates":[[[-74.01252686977386,40.709092596286226],[-74.01252150535583,40.709088529891794],[-74.01249468326569,40.709116994647644],[-74.01290237903595,40.7092877829272],[-74.01299357414246,40.709076330707],[-74.01265561580658,40.70892994031508],[-74.01256442070007,40.709055998727365],[-74.01255369186401,40.709051932330695],[-74.01252686977386,40.709092596286226]]]}},{"type":"Feature","properties":{"id":"fc695dc2-9ebb-4e27-8536-0ae923b72f96","height":15.9,"subtype":null,"class":null},"geometry":{"type":"Polygon","coordinates":[[[-74.01234447956085,40.70472514558276],[-74.01225328445435,40.70472514558276],[-74.01223719120026,40.7049040784264],[-74.01232838630676,40.70490814507635],[-74.01234447956085,40.70472514558276]]]}},{"type":"Feature","properties":{"id":"bf821962-9fb4-4b71-baea-b8fdfa8e14be","height":21.8,"subtype":"commercial","class":"hotel"},"geometry":{"type":"Polygon","coordinates":[[[-74.01218891143799,40.70435507840365],[-74.01236593723297,40.70433881166729],[-74.01233375072479,40.70410701024232],[-74.01216745376587,40.704102943543454],[-74.01218891143799,40.70435507840365]]]}},{"type":"Feature","properties":{"id":"8c1890d7-faf3-4399-bcc4-dd3e9465099d","height":31.5,"subtype":null,"class":null},"geometry":{"type":"Polygon","coordinates":[[[-74.00598227977753,40.70500574460065],[-74.00593400001526,40.704981344733],[-74.00585889816284,40.70504641102691],[-74.00617003440857,40.70523347626784],[-74.0062665939331,40.705164343522625],[-74.00598227977753,40.70500574460065]]]}},{"type":"Feature","properties":{"id":"d50b9371-c80a-45d3-8ff6-b1f059de07dc","height":94,"subtype":"commercial","class":"office"},"geometry":{"type":"Polygon","coordinates":[[[-74.01115357875824,40.702529112439485],[-74.01113748550415,40.70243557608683],[-74.01092290878296,40.702468110485256],[-74.01018261909485,40.70259824792008],[-74.010209441185,40.70269178404429],[-74.01022017002106,40.70269178404429],[-74.01022017002106,40.702683650473475],[-74.01023626327515,40.7026795836877],[-74.0102469921112,40.702712117966946],[-74.01021480560303,40.702716184750734],[-74.01028990745544,40.70299679223247],[-74.0112555027008,40.702834121372575],[-74.01117503643036,40.70255351320553],[-74.01112675666809,40.702561646792226],[-74.01112139225006,40.70253724602917],[-74.01113212108612,40.70253724602917],[-74.01113212108612,40.702529112439485],[-74.01114284992218,40.70252504564427],[-74.01114821434021,40.70253317923444],[-74.01115357875824,40.702529112439485]]]}},{"type":"Feature","properties":{"id":"a05aa483-3ffa-4d93-bd9f-cf2ff40ef4cf","height":21.1,"subtype":null,"class":null},"geometry":{"type":"Polygon","coordinates":[[[-74.0086966753006,40.71354514918971],[-74.00864839553833,40.713524818574584],[-74.00858938694,40.713593942640706],[-74.0087503194809,40.71366713275011],[-74.00904536247253,40.71329304912335],[-74.00893270969391,40.713244255451855],[-74.0086966753006,40.71354514918971]]]}},{"type":"Feature","properties":{"id":"185737cf-b54b-4366-84b9-80ba70d7aa3e","height":24.1,"subtype":null,"class":null},"geometry":{"type":"Polygon","coordinates":[[[-74.00784909725189,40.71093058114967],[-74.0077954530716,40.71089805088513],[-74.00770962238312,40.71097937651668],[-74.00773644447327,40.71103630439967],[-74.00784909725189,40.71093058114967]]]}},{"type":"Feature","properties":{"id":"da16e4c5-d50d-45c8-9ed7-91be00fb1a61","height":19.2,"subtype":null,"class":null},"geometry":{"type":"Polygon","coordinates":[[[-74.01092827320099,40.70333839974502],[-74.01094436645508,40.70337500044602],[-74.01090145111084,40.70338313393239],[-74.01095509529114,40.7035376699849],[-74.0110570192337,40.70351326957941],[-74.0109658241272,40.70323266427359],[-74.01086390018463,40.703261131532415],[-74.01089072227478,40.703346533235866],[-74.01092827320099,40.70333839974502]]]}},{"type":"Feature","properties":{"id":"16e50146-1bbd-4271-a4c0-d0a251516234","height":49,"subtype":null,"class":null},"geometry":{"type":"Polygon","coordinates":[[[-74.01241958141327,40.709800145137656],[-74.01237666606903,40.70977981337904],[-74.01230156421661,40.709881472110126],[-74.01243567466736,40.70994246727428],[-74.0125161409378,40.70983674228757],[-74.01245176792145,40.709808277839386],[-74.01249468326569,40.709747282552314],[-74.01253759860992,40.70976761432087],[-74.01260197162628,40.70965782269686],[-74.01246786117554,40.70959682727198],[-74.01238739490509,40.70969848628242],[-74.01244103908539,40.709722884421836],[-74.01240348815918,40.70977168067383],[-74.01243567466736,40.70978387973126],[-74.01241958141327,40.709800145137656]]]}},{"type":"Feature","properties":{"id":"a5247841-ae51-49c8-b3e8-4c67480e762c","height":41.8,"subtype":null,"class":null},"geometry":{"type":"Polygon","coordinates":[[[-74.0099948644638,40.70358240403846],[-74.00986075401306,40.703675938780584],[-74.0101557970047,40.70396467563422],[-74.01027917861938,40.703875208010594],[-74.01028454303741,40.70387927472336],[-74.01031136512756,40.70385894115703],[-74.0099948644638,40.70358240403846]]]}},{"type":"Feature","properties":{"id":"7b86a6ef-dc2a-4b7e-a20c-9c448640a514","height":136,"subtype":"commercial","class":"office"},"geometry":{"type":"Polygon","coordinates":[[[-74.00644898414612,40.70559133874298],[-74.00623977184296,40.705416474364675],[-74.00571405887604,40.70577840245332],[-74.0059232711792,40.705953265881305],[-74.00644898414612,40.70559133874298]]]}},{"type":"Feature","properties":{"id":"4bdb6b0d-2a45-450e-8d38-a7a821b52c2c","height":17.8,"subtype":"commercial","class":"commercial"},"geometry":{"type":"Polygon","coordinates":[[[-74.01280045509338,40.70661204955665],[-74.0127843618393,40.7066283157378],[-74.01339590549469,40.70689670715314],[-74.01344418525696,40.706831642666934],[-74.01283800601959,40.706567317538],[-74.01280045509338,40.70661204955665]]]}},{"type":"Feature","properties":{"id":"ba407626-f625-4918-8a67-263c95364b29","height":16,"subtype":null,"class":null},"geometry":{"type":"Polygon","coordinates":[[[-74.00744140148163,40.71015798307351],[-74.00740385055542,40.71014171775451],[-74.00715172290802,40.71040196238179],[-74.00737166404724,40.71051175277887],[-74.00762915611267,40.71025557490409],[-74.00744140148163,40.71015798307351]]]}},{"type":"Feature","properties":{"id":"dd498e94-d1df-4dfe-88db-aa72939c730d","height":26,"subtype":"commercial","class":"office"},"geometry":{"type":"Polygon","coordinates":[[[-74.0134710073471,40.708531431506614],[-74.01343882083893,40.708604627180826],[-74.01373386383057,40.708677822774604],[-74.01377141475677,40.708604627180826],[-74.0134710073471,40.708531431506614]]]}},{"type":"Feature","properties":{"id":"6ae7402a-fe60-40f9-b46a-9d0066aceec3","height":117.9,"subtype":"commercial","class":"commercial"},"geometry":{"type":"Polygon","coordinates":[[[-74.01158809661865,40.70585566774555],[-74.01154518127441,40.70584753456112],[-74.01149153709412,40.70607526334988],[-74.01188313961029,40.70624199286218],[-74.01203870773315,40.70592886636079],[-74.01158809661865,40.70585566774555]]]}},{"type":"Feature","properties":{"id":"5c8299fc-ea2f-4412-89ff-4b2053487200","height":17,"subtype":null,"class":null},"geometry":{"type":"Polygon","coordinates":[[[-74.00788128376007,40.70952769905622],[-74.0078866481781,40.70952769905622],[-74.00781154632568,40.70960495999852],[-74.0078866481781,40.70964562361635],[-74.00813341140747,40.70940570791218],[-74.00805294513702,40.70934877863517],[-74.00788128376007,40.70952769905622]]]}},{"type":"Feature","properties":{"id":"913673ac-38bc-442b-a08c-52eb5a99d73b","height":3,"subtype":null,"class":null},"geometry":{"type":"Polygon","coordinates":[[[-74.0072751045227,40.71286203712141],[-74.00731265544891,40.71281730930103],[-74.00728046894073,40.71280104463164],[-74.00724291801453,40.712841706297695],[-74.0072751045227,40.71286203712141]]]}},{"type":"Feature","properties":{"id":"a38dc59a-1fb7-4ca1-9932-b34baab057c7","height":42,"subtype":null,"class":null},"geometry":{"type":"Polygon","coordinates":[[[-74.00782227516174,40.71051175277887],[-74.00785446166992,40.710532084314],[-74.00796175003052,40.71042229395046],[-74.00774717330933,40.71032063604501],[-74.00750577449799,40.71056461475733],[-74.00750041007996,40.710580879973044],[-74.00776863098145,40.71073133302995],[-74.00786519050598,40.710637808196715],[-74.00775790214539,40.71057681366948],[-74.00782227516174,40.71051175277887]]]}},{"type":"Feature","properties":{"id":"2ac51aa4-a08f-45e0-8485-8baf4dd51d7e","height":116.9,"subtype":null,"class":null},"geometry":{"type":"Polygon","coordinates":[[[-74.00458216667175,40.70796619553513],[-74.0046626329422,40.708063790577924],[-74.00500059127808,40.70793773028737],[-74.00487184524536,40.70769780842999],[-74.00448024272919,40.70784013505985],[-74.00458216667175,40.70796619553513]]]}},{"type":"Feature","properties":{"id":"245231d7-b5ef-4d1b-8422-83d1ff4cd75a","height":25.195911407470703,"subtype":null,"class":null},"geometry":{"type":"Polygon","coordinates":[[[-74.01464581489563,40.70937724327977],[-74.01412010192871,40.70915359217299],[-74.01400208473206,40.7094585707687],[-74.01456534862518,40.7097025526396],[-74.01468336582184,40.709393508785496],[-74.0146404504776,40.709393508785496],[-74.01464581489563,40.70937724327977]]]}},{"type":"Feature","properties":{"id":"180fbbb2-bdac-43ef-8771-adc9b286556c","height":45,"subtype":null,"class":null},"geometry":{"type":"Polygon","coordinates":[[[-74.00605201721191,40.709466703512135],[-74.00553703308105,40.70920238884217],[-74.0052741765976,40.70944230527888],[-74.00605201721191,40.70983674228757],[-74.00629878044128,40.70958869454442],[-74.00605201721191,40.709466703512135]]]}},{"type":"Feature","properties":{"id":"fba75d34-aad7-44ef-855b-9cfd9b09bc86","height":103.5,"subtype":null,"class":null},"geometry":{"type":"Polygon","coordinates":[[[-74.01155054569244,40.70775473911842],[-74.01122331619263,40.70755548149594],[-74.0110570192337,40.70773034025792],[-74.0114164352417,40.70791333149391],[-74.01155054569244,40.70775473911842]]]}},{"type":"Feature","properties":{"id":"2c0c8e89-b079-4bfc-a3eb-87336df81470","height":25.5,"subtype":null,"class":null},"geometry":{"type":"Polygon","coordinates":[[[-74.01866912841797,40.70611592912308],[-74.01868522167206,40.70608746308446],[-74.01870131492615,40.706095596239585],[-74.0189641714096,40.705859734337395],[-74.01895344257355,40.70584753456112],[-74.01893734931946,40.70577840245332],[-74.01891589164734,40.705794668838074],[-74.01889443397522,40.7057743358565],[-74.01895880699158,40.705729603275174],[-74.01865839958191,40.7056726708555],[-74.01843309402466,40.70590446683132],[-74.01819169521332,40.70619319402374],[-74.01843309402466,40.70629892479517],[-74.0185296535492,40.706286725099325],[-74.01856184005737,40.70626232570099],[-74.01866912841797,40.70611592912308]]]}},{"type":"Feature","properties":{"id":"b619c4d7-01bd-4ada-8bfe-9ce6cd24caea","height":4,"subtype":null,"class":null},"geometry":{"type":"Polygon","coordinates":[[[-74.0171617269516,40.70315946269505],[-74.01732265949249,40.703403467644],[-74.01754260063171,40.70331806601355],[-74.01738166809082,40.703074060751725],[-74.0171617269516,40.70315946269505]]]}},{"type":"Feature","properties":{"id":"71d716a8-3882-409f-9e3b-f22294063ed4","height":50.5,"subtype":null,"class":null},"geometry":{"type":"Polygon","coordinates":[[[-74.00965690612793,40.70973508348818],[-74.00960326194763,40.70979607878643],[-74.00978028774261,40.709881472110126],[-74.00982856750488,40.709816410540114],[-74.00965690612793,40.70973508348818]]]}},{"type":"Feature","properties":{"id":"70ee3e45-ec32-44ab-a692-0fba14d2b978","subtype":null,"class":null},"geometry":{"type":"Polygon","coordinates":[[[-74.01098191738129,40.702972391628805],[-74.01106238365173,40.702952057785595],[-74.01105165481567,40.70291545685218],[-74.0109658241272,40.702927657165546],[-74.01098191738129,40.702972391628805]]]}},{"type":"Feature","properties":{"id":"3bb90c2e-7e73-4b2c-8032-458a540254f1","subtype":null,"class":null},"geometry":{"type":"Polygon","coordinates":[[[-74.01443123817444,40.70572147007535],[-74.01450097560883,40.705558805870126],[-74.01381433010101,40.705400207887536],[-74.01372849941254,40.70551000653111],[-74.0137392282486,40.70551813975676],[-74.01351928710938,40.705794668838074],[-74.01350319385529,40.70578653564619],[-74.0134334564209,40.705876000702304],[-74.01423811912537,40.70615252829772],[-74.01443123817444,40.70572147007535]]]}},{"type":"Feature","properties":{"id":"02f25116-b41a-4c63-9b3f-1eacbf0742fe","height":5,"subtype":"transportation","class":"train_station"},"geometry":{"type":"Polygon","coordinates":[[[-74.0128755569458,40.70170761476615],[-74.01286482810974,40.701829620011736],[-74.01288628578186,40.701829620011736],[-74.01289165019989,40.70179301846153],[-74.0129828453064,40.701797085301436],[-74.01297748088837,40.70181741949724],[-74.01300966739655,40.70181741949724],[-74.01300966739655,40.70179301846153],[-74.0129828453064,40.70179301846153],[-74.01299357414246,40.701683213690245],[-74.01290237903595,40.70167914684336],[-74.01290237903595,40.70170761476615],[-74.0128755569458,40.70170761476615]]]}},{"type":"Feature","properties":{"id":"912869d5-6450-4a1c-a1b4-1f49b0ba754e","height":5,"subtype":null,"class":null},"geometry":{"type":"Polygon","coordinates":[[[-74.01028454303741,40.70976354796765],[-74.01027381420135,40.70975134890652],[-74.01025772094727,40.709747282552314],[-74.01024162769318,40.70975134890652],[-74.01023089885712,40.70976761432087],[-74.01024162769318,40.70977981337904],[-74.0102630853653,40.70978387973126],[-74.01027917861938,40.70977574702657],[-74.01028454303741,40.70976354796765]]]}},{"type":"Feature","properties":{"id":"0143cc89-8a5b-4420-9208-225440fcb526","height":52.4,"subtype":null,"class":null},"geometry":{"type":"Polygon","coordinates":[[[-74.00957107543945,40.71194714390824],[-74.00948524475098,40.711910547918215],[-74.00930285453796,40.71213012355657],[-74.00942623615265,40.71218705045572],[-74.00949597358704,40.71210572629917],[-74.00960326194763,40.712158587012226],[-74.00971591472626,40.712020335827894],[-74.00957107543945,40.71194714390824]]]}},{"type":"Feature","properties":{"id":"be20e146-5aaf-49dc-aba3-b3f1956903ae","height":50.4,"subtype":null,"class":null},"geometry":{"type":"Polygon","coordinates":[[[-74.01219964027405,40.70969848628242],[-74.01216208934784,40.709682220851185],[-74.01208162307739,40.70978387973126],[-74.01230156421661,40.709881472110126],[-74.01237666606903,40.70977981337904],[-74.01233375072479,40.70975948161419],[-74.01246786117554,40.70959682727198],[-74.01232302188873,40.709531765423854],[-74.01219964027405,40.70969848628242]]]}},{"type":"Feature","properties":{"id":"cdb1d399-4595-4ccd-987a-abc5bb29c5fa","height":25.369539260864258,"subtype":"commercial","class":"commercial"},"geometry":{"type":"Polygon","coordinates":[[[-74.01240348815918,40.710458890758424],[-74.01249468326569,40.71020677900669],[-74.0117597579956,40.70989367114741],[-74.01143252849579,40.710397896067306],[-74.01214599609375,40.71070286896418],[-74.01218354701996,40.71065000709545],[-74.01231229305267,40.71070693526003],[-74.01240348815918,40.710458890758424]]]}},{"type":"Feature","properties":{"id":"a88cc799-8e0f-4869-91a9-6b5f5b81c440","height":161,"subtype":"residential","class":"apartments"},"geometry":{"type":"Polygon","coordinates":[[[-74.01007533073425,40.70536767492134],[-74.01000022888184,40.705583205526246],[-74.01028990745544,40.70555473925992],[-74.01063323020935,40.705550672649444],[-74.01057958602905,40.70536767492134],[-74.01069760322571,40.705359541677325],[-74.01066541671753,40.705213143114925],[-74.01055812835693,40.705213143114925],[-74.01055812835693,40.705188743323234],[-74.01029527187347,40.7052090764836],[-74.01031136512756,40.705253809414536],[-74.01022017002106,40.70526600929958],[-74.01013970375061,40.705217209746],[-74.01007533073425,40.70536767492134]]]}},{"type":"Feature","properties":{"id":"d8de6dbb-394a-44e7-a84a-91c26759c188","height":53.6,"subtype":null,"class":null},"geometry":{"type":"Polygon","coordinates":[[[-74.00704443454742,40.709962798983256],[-74.00700151920319,40.70993840093175],[-74.0067708492279,40.71020677900669],[-74.00684595108032,40.710247442257],[-74.00709807872772,40.70998719702581],[-74.00704443454742,40.709962798983256]]]}},{"type":"Feature","properties":{"id":"d49ee741-8d5b-4720-8186-ae228e7a91c2","height":182,"subtype":"commercial","class":"office"},"geometry":{"type":"Polygon","coordinates":[[[-74.0052741765976,40.70545307392371],[-74.00540292263031,40.70555473925992],[-74.00549411773682,40.705558805870126],[-74.00588035583496,40.70528634243636],[-74.00588035583496,40.705217209746],[-74.00565505027771,40.70503014445939],[-74.00563359260559,40.70503014445939],[-74.00555312633514,40.7049610115031],[-74.00541365146637,40.70495694485639],[-74.00532245635986,40.70501794453115],[-74.00529563426971,40.70501794453115],[-74.00504887104034,40.70519280995582],[-74.00504350662231,40.70526600929958],[-74.0052741765976,40.70545307392371]]]}},{"type":"Feature","properties":{"id":"727d33fa-86fa-4f6e-be0b-d1537a877ee3","height":13,"subtype":"religious","class":"church"},"geometry":{"type":"Polygon","coordinates":[[[-74.00811731815338,40.70921052161689],[-74.00829434394836,40.70904379953661],[-74.00817632675171,40.70896653794322],[-74.00800466537476,40.709133260216944],[-74.00811731815338,40.70921052161689]]]}},{"type":"Feature","properties":{"id":"fe171a8f-7a6a-41a0-9eae-9649b2c68a34","height":51.4,"subtype":null,"class":null},"geometry":{"type":"Polygon","coordinates":[[[-74.0072751045227,40.70782386917469],[-74.007328748703,40.70786046741071],[-74.00732338428497,40.707864533880134],[-74.00747358798981,40.70796619553513],[-74.0075433254242,40.707892999159185],[-74.00751113891602,40.70785233447112],[-74.00760769844055,40.70781166975821],[-74.00766670703888,40.707888932691496],[-74.00776863098145,40.70780760328555],[-74.00759696960449,40.70755954798398],[-74.00748431682587,40.707649010658294],[-74.00751650333405,40.7076856089904],[-74.00736629962921,40.70775067264229],[-74.00724828243256,40.70770187490935],[-74.0072751045227,40.70767747602946],[-74.00709271430969,40.707579880420525],[-74.00700688362122,40.707693741950365],[-74.00726437568665,40.707799470339495],[-74.0072751045227,40.707787270918544],[-74.00729656219482,40.70780353681265],[-74.0072751045227,40.70782386917469]]]}},{"type":"Feature","properties":{"id":"8ca37f70-8f4c-499d-9866-c8f6619f3c7b","height":5.2,"subtype":null,"class":null},"geometry":{"type":"Polygon","coordinates":[[[-74.00916337966919,40.70907226431157],[-74.00914192199707,40.70906413151996],[-74.00907218456268,40.709129193824985],[-74.00910437107086,40.70916579134364],[-74.00922775268555,40.709051932330695],[-74.0092009305954,40.709035666741514],[-74.00916337966919,40.70907226431157]]]}},{"type":"Feature","properties":{"id":"d3780897-787c-428d-b26c-ac6dd9129c04","height":3,"subtype":null,"class":null},"geometry":{"type":"Polygon","coordinates":[[[-74.017773270607,40.70401347610556],[-74.01779472827911,40.704017542809886],[-74.01782155036926,40.70398907587436],[-74.01782691478729,40.70396467563422],[-74.01780009269714,40.703976875755416],[-74.017773270607,40.70401347610556]]]}},{"type":"Feature","properties":{"id":"ceb31d4e-2d24-447d-93bd-85e04689e41f","height":92.2,"subtype":"commercial","class":"office"},"geometry":{"type":"Polygon","coordinates":[[[-74.00909900665283,40.70524160952726],[-74.009490609169,40.70517654342405],[-74.00938868522644,40.70487967852148],[-74.0089863538742,40.704973211441775],[-74.00906682014465,40.70524974278568],[-74.00909900665283,40.70524160952726]]]}},{"type":"Feature","properties":{"id":"99b5d9e3-edf4-4912-ab6c-0cbd74ce084d","height":20,"subtype":"religious","class":"chapel"},"geometry":{"type":"Polygon","coordinates":[[[-74.01421129703522,40.708446036451676],[-74.01423811912537,40.70838910635422],[-74.01392698287964,40.708307777559114],[-74.01389479637146,40.70836877416474],[-74.01421129703522,40.708446036451676]]]}},{"type":"Feature","properties":{"id":"366b7a25-0d13-4d3d-bed8-323f0991c6aa","height":25.65978240966797,"subtype":null,"class":null},"geometry":{"type":"Polygon","coordinates":[[[-74.01033818721771,40.70837690704129],[-74.01077270507812,40.708665623514555],[-74.01108920574188,40.70829151178819],[-74.01023626327515,40.7077832044444],[-74.00993585586548,40.7081166544997],[-74.01033818721771,40.70837690704129]]]}},{"type":"Feature","properties":{"id":"41c66ae7-164e-44ab-8c66-3d1aabc96b2c","subtype":null,"class":null},"geometry":{"type":"Polygon","coordinates":[[[-74.0119743347168,40.71257333884281],[-74.01200652122498,40.71257740502444],[-74.01201725006104,40.71254894174782],[-74.01198506355286,40.71254080938083],[-74.0119743347168,40.71257333884281]]]}},{"type":"Feature","properties":{"id":"47c84a13-af8d-48f3-b55b-f27b49095830","height":154.9,"subtype":"residential","class":"apartments"},"geometry":{"type":"Polygon","coordinates":[[[-74.00810658931732,40.707494484145364],[-74.00810658931732,40.70749041765335],[-74.0081387758255,40.70751075011098],[-74.00814414024353,40.70752294958259],[-74.00823533535004,40.707579880420525],[-74.00825142860413,40.707579880420525],[-74.00840699672699,40.707413154257694],[-74.00840699672699,40.70740502126347],[-74.00837481021881,40.70738875527203],[-74.00838017463684,40.70738468877355],[-74.00835335254669,40.70736435627744],[-74.0082836151123,40.7073196247641],[-74.00823533535004,40.707291159239965],[-74.008229970932,40.707295225744154],[-74.00821387767792,40.70728709273553],[-74.00821924209595,40.70728302623084],[-74.00818169116974,40.70725862719749],[-74.00816559791565,40.70725456069108],[-74.00816023349762,40.70726269370367],[-74.00816023349762,40.707246427677475],[-74.0081387758255,40.70723016164729],[-74.00812804698944,40.7072342281552],[-74.00810658931732,40.70725456069108],[-74.00807976722717,40.70724236117031],[-74.00805294513702,40.70725862719749],[-74.00802612304688,40.707278959725905],[-74.00802612304688,40.70728709273553],[-74.00804221630096,40.707299292248095],[-74.00802075862885,40.70731555826139],[-74.00793492794037,40.70726269370367],[-74.00785446166992,40.707335890772434],[-74.0079939365387,40.70742535374719],[-74.00801002979279,40.70742535374719],[-74.00810658931732,40.707494484145364]]]}},{"type":"Feature","properties":{"id":"8c58da17-a69b-4766-a1b0-c30c4fba0657","height":5,"subtype":"service","class":"service"},"geometry":{"type":"Polygon","coordinates":[[[-74.01523053646088,40.70180115214109],[-74.01526808738708,40.70177268425829],[-74.01520371437073,40.70172794898928],[-74.01516616344452,40.701756416891214],[-74.01523053646088,40.70180115214109]]]}},{"type":"Feature","properties":{"id":"a78cbd23-4d09-400b-8589-58a8cf3c043c","height":19.8,"subtype":"commercial","class":"retail"},"geometry":{"type":"Polygon","coordinates":[[[-74.00342881679535,40.70618506088053],[-74.00341808795929,40.70619319402374],[-74.00355756282806,40.706311124488764],[-74.00360584259033,40.706278591967546],[-74.00347173213959,40.706156594871445],[-74.00342881679535,40.70618506088053]]]}},{"type":"Feature","properties":{"id":"af8682a4-088a-4846-863d-60b9c6e3540e","height":50.7,"subtype":null,"class":null},"geometry":{"type":"Polygon","coordinates":[[[-74.00907754898071,40.708470435049975],[-74.00827825069427,40.70780760328555],[-74.00825142860413,40.70780760328555],[-74.00810658931732,40.70796619553513],[-74.00811195373535,40.70799059430924],[-74.00886297225952,40.70892180750609],[-74.00891661643982,40.70892587391071],[-74.00927066802979,40.70863309214352],[-74.00907754898071,40.708470435049975]]]}},{"type":"Feature","properties":{"id":"58a1f6f9-7614-4467-9892-463769f68f22","height":17.3,"subtype":null,"class":null},"geometry":{"type":"Polygon","coordinates":[[[-74.0105527639389,40.704412011949664],[-74.01048302650452,40.70429814480897],[-74.0104079246521,40.70434287835176],[-74.01055812835693,40.70453401224152],[-74.01061177253723,40.70450961220102],[-74.0105527639389,40.704412011949664]]]}},{"type":"Feature","properties":{"id":"0af34f4b-67d3-4fca-82c5-bd73495f5014","height":4,"subtype":"service","class":"service"},"geometry":{"type":"Polygon","coordinates":[[[-74.01203334331512,40.701683213690245],[-74.01206016540527,40.70177268425829],[-74.01244640350342,40.70171168161129],[-74.01241958141327,40.7016100104088],[-74.01239275932312,40.701618144110704],[-74.01238739490509,40.70160187670591],[-74.01203334331512,40.701683213690245]]]}},{"type":"Feature","properties":{"id":"3e03eb6d-3823-464e-b417-533790905cd5","height":15,"subtype":null,"class":null},"geometry":{"type":"Polygon","coordinates":[[[-74.01368021965027,40.708047524747386],[-74.01365339756012,40.7081003886821],[-74.0139752626419,40.70819391707915],[-74.01400208473206,40.708145119670974],[-74.01368021965027,40.708047524747386]]]}},{"type":"Feature","properties":{"id":"5f8c8682-a5d7-4432-87a7-79828739074d","height":18.9,"subtype":null,"class":null},"geometry":{"type":"Polygon","coordinates":[[[-74.00919020175934,40.70888520985334],[-74.00913655757904,40.70893807312306],[-74.0093457698822,40.70901533474947],[-74.00937795639038,40.708986869950174],[-74.00919020175934,40.70888520985334]]]}},{"type":"Feature","properties":{"id":"06f89e5b-a380-4e00-9044-cdbcc7b5cd85","height":103.3,"subtype":null,"class":null},"geometry":{"type":"Polygon","coordinates":[[[-74.00574624538422,40.70652665204043],[-74.00549948215485,40.7067015135038],[-74.00598764419556,40.70710003326287],[-74.00622367858887,40.7069333058987],[-74.00574624538422,40.70652665204043]]]}},{"type":"Feature","properties":{"id":"572a852c-898f-4d36-9364-6b13e86f3193","height":12,"subtype":"entertainment","class":"pavilion"},"geometry":{"type":"Polygon","coordinates":[[[-74.0147316455841,40.71304094810242],[-74.01476919651031,40.7130531465609],[-74.01484966278076,40.712841706297695],[-74.01480674743652,40.71283357396647],[-74.01480674743652,40.71281730930103],[-74.01472628116608,40.71277664762008],[-74.01463508605957,40.712752250599586],[-74.01455461978912,40.71285797095717],[-74.01452243328094,40.71297995577653],[-74.01451706886292,40.71303688194911],[-74.01457071304321,40.7130531465609],[-74.01465117931366,40.713061278865304],[-74.01472091674805,40.7130531465609],[-74.0147316455841,40.71304094810242]]]}},{"type":"Feature","properties":{"id":"9a9f2892-69b5-4437-b3b7-23fb7d9c2f09","height":22.1,"subtype":null,"class":null},"geometry":{"type":"Polygon","coordinates":[[[-74.00464117527008,40.70590040024221],[-74.00448024272919,40.705770269259425],[-74.00443196296692,40.705802802028956],[-74.00425493717194,40.70565640444095],[-74.00415301322937,40.70571740347506],[-74.00454998016357,40.70604679729386],[-74.00470018386841,40.705949199295176],[-74.00464117527008,40.70590040024221]]]}},{"type":"Feature","properties":{"id":"ed28f87d-9729-419d-926f-419756cb6a02","height":45.9,"subtype":null,"class":null},"geometry":{"type":"Polygon","coordinates":[[[-74.00658309459686,40.71122741907942],[-74.00682985782623,40.71143073196638],[-74.00690495967865,40.71137787067549],[-74.00688886642456,40.7113656719101],[-74.00702834129333,40.71126808170647],[-74.00704443454742,40.71128028048975],[-74.00721609592438,40.7111623588245],[-74.00697469711304,40.7109590451181],[-74.00658309459686,40.71122741907942]]]}},{"type":"Feature","properties":{"id":"bc4cf15e-5091-49c3-a490-4c430c6c0c58","height":23.52110481262207,"subtype":null,"class":null},"geometry":{"type":"Polygon","coordinates":[[[-74.00542974472046,40.705973598808264],[-74.00531709194183,40.70604273071345],[-74.00560677051544,40.7062582591337],[-74.00580525398254,40.70610372939372],[-74.00553703308105,40.70590853342018],[-74.00542974472046,40.705973598808264]]]}},{"type":"Feature","properties":{"id":"6fb31676-80ad-43a2-b275-35d491904efc","height":91.2,"subtype":null,"class":null},"geometry":{"type":"Polygon","coordinates":[[[-74.00704443454742,40.70682350960169],[-74.00711953639984,40.70688044103756],[-74.00721609592438,40.70677877772507],[-74.00724291801453,40.706795043865505],[-74.00741457939148,40.70662018264772],[-74.00714635848999,40.70645345408224],[-74.00689423084259,40.70671371312364],[-74.00704443454742,40.70682350960169]]]}},{"type":"Feature","properties":{"id":"1de5e039-4730-48a1-abd4-c74e53c13f6d","height":26.6,"subtype":null,"class":null},"geometry":{"type":"Polygon","coordinates":[[[-74.01729047298431,40.709068197915876],[-74.01772499084473,40.709206455229655],[-74.0178108215332,40.70903973313917],[-74.01747822761536,40.70893807312306],[-74.0176659822464,40.70867375635482],[-74.01747286319733,40.708592427907384],[-74.0171617269516,40.70902753394544],[-74.01729047298431,40.709068197915876]]]}},{"type":"Feature","properties":{"id":"059d1ecb-de8d-4b7b-aaab-2ca3aafe2b4b","height":16.4,"subtype":null,"class":null},"geometry":{"type":"Polygon","coordinates":[[[-74.00377750396729,40.707246427677475],[-74.00373995304108,40.70719762957503],[-74.00357902050018,40.707278959725905],[-74.00361657142639,40.707327757768745],[-74.00377750396729,40.707246427677475]]]}},{"type":"Feature","properties":{"id":"24f69105-4eac-4934-ad6f-090a7e1574b8","height":27.2,"subtype":null,"class":null},"geometry":{"type":"Polygon","coordinates":[[[-74.01390552520752,40.708401305664914],[-74.01386260986328,40.70849890007003],[-74.01416301727295,40.708576162205965],[-74.01421129703522,40.708446036451676],[-74.01411473751068,40.70842163784444],[-74.01410937309265,40.70843383714919],[-74.01394844055176,40.70839317279136],[-74.01395380496979,40.70838097347919],[-74.01389479637146,40.70836877416474],[-74.0138840675354,40.708397239228255],[-74.01390552520752,40.708401305664914]]]}},{"type":"Feature","properties":{"id":"70da141f-1224-4cc9-9d24-29598f5d365d","height":19.8,"subtype":null,"class":null},"geometry":{"type":"Polygon","coordinates":[[[-74.00384187698364,40.70657951718243],[-74.00378823280334,40.70660798301075],[-74.00392234325409,40.706754378507],[-74.00397062301636,40.706717779663094],[-74.00384187698364,40.70657951718243]]]}},{"type":"Feature","properties":{"id":"f3145feb-8769-43a3-95b9-c2b4248476e1","height":20.438573837280273,"subtype":"commercial","class":"office"},"geometry":{"type":"Polygon","coordinates":[[[-74.0077793598175,40.70346853547942],[-74.0077418088913,40.70344006830925],[-74.00725901126862,40.70376540667189],[-74.00770425796509,40.70413954382432],[-74.00818169116974,40.70381014057247],[-74.0077793598175,40.70346853547942]]]}},{"type":"Feature","properties":{"id":"6ba534ba-16e3-45fd-93c6-ca7433c86edb","height":54.2,"subtype":null,"class":null},"geometry":{"type":"Polygon","coordinates":[[[-74.00567650794983,40.709962798983256],[-74.00560677051544,40.71001972773535],[-74.0057784318924,40.71013765142413],[-74.00600910186768,40.70990180383772],[-74.0054190158844,40.70960902636142],[-74.00513470172882,40.70984080863631],[-74.00529026985168,40.70999126336539],[-74.00550484657288,40.709816410540114],[-74.00553703308105,40.70983674228757],[-74.0055102109909,40.709857074028804],[-74.00554239749908,40.709881472110126],[-74.0055799484253,40.70984894133306],[-74.00571942329407,40.709926201902626],[-74.00567650794983,40.709962798983256]]]}},{"type":"Feature","properties":{"id":"c3c43aee-1670-450e-b761-f1ebaaa71f7a","height":11.7,"subtype":null,"class":null},"geometry":{"type":"Polygon","coordinates":[[[-74.00980710983276,40.70927151739563],[-74.00974810123444,40.70924305270583],[-74.00968372821808,40.70931624759787],[-74.0097427368164,40.70934471225635],[-74.00980710983276,40.70927151739563]]]}},{"type":"Feature","properties":{"id":"6d1a5c3d-5d73-4943-bf35-7fc8f1ea2e3b","height":117,"subtype":null,"class":null},"geometry":{"type":"Polygon","coordinates":[[[-74.0134710073471,40.70598986514536],[-74.01335835456848,40.705949199295176],[-74.01321351528168,40.70611999569904],[-74.01379823684692,40.706372122923206],[-74.01394844055176,40.706156594871445],[-74.0134710073471,40.70598986514536]]]}},{"type":"Feature","properties":{"id":"c572da80-46d6-45c0-902f-4e1f7a3b00bc","height":16.2,"subtype":null,"class":null},"geometry":{"type":"Polygon","coordinates":[[[-74.0121728181839,40.70472921224364],[-74.01208698749542,40.70473327890426],[-74.01207625865936,40.70489594512576],[-74.01215672492981,40.704900011776196],[-74.0121728181839,40.70472921224364]]]}},{"type":"Feature","properties":{"id":"b94a5a04-e024-4e1a-aa87-404437b59ea8","height":42,"subtype":null,"class":null},"geometry":{"type":"Polygon","coordinates":[[[-74.00758624076843,40.710767929668066],[-74.00739312171936,40.71065000709545],[-74.00730729103088,40.7107191341461],[-74.00747358798981,40.710853321745454],[-74.00758624076843,40.710767929668066]]]}},{"type":"Feature","properties":{"id":"4d5791a1-ef83-4972-984c-01552c60b2b9","height":15.3,"subtype":null,"class":null},"geometry":{"type":"Polygon","coordinates":[[[-74.01113212108612,40.703305865771696],[-74.01109457015991,40.703200130248604],[-74.01103019714355,40.7032163972631],[-74.01106774806976,40.70331806601355],[-74.01113212108612,40.703305865771696]]]}},{"type":"Feature","properties":{"id":"f24c1f29-4a96-4adc-8c5f-164e0eac36ea","height":88.9,"subtype":null,"class":null},"geometry":{"type":"Polygon","coordinates":[[[-74.00587499141693,40.71157711686058],[-74.00613248348236,40.711394135692544],[-74.00605738162994,40.711316876826174],[-74.0059769153595,40.71137787067549],[-74.00592863559723,40.71134127437261],[-74.00599837303162,40.7112884130107],[-74.00590717792511,40.71121115402167],[-74.0056711435318,40.711381936930124],[-74.00587499141693,40.71157711686058]]]}},{"type":"Feature","properties":{"id":"cb1aba1d-7016-460b-ac1b-3928ef5e8670","height":21.6,"subtype":null,"class":null},"geometry":{"type":"Polygon","coordinates":[[[-74.00803685188293,40.71046295706917],[-74.00796175003052,40.71042229395046],[-74.00780618190765,40.71057681366948],[-74.00788128376007,40.710621542994915],[-74.00803685188293,40.71046295706917]]]}},{"type":"Feature","properties":{"id":"9978786f-5f7d-4c3b-bb49-172c91864b37","height":19.3,"subtype":null,"class":null},"geometry":{"type":"Polygon","coordinates":[[[-74.01032745838165,40.70705936809059],[-74.01030600070953,40.70705123505315],[-74.00991439819336,40.70745381921395],[-74.01018798351288,40.70760427933615],[-74.01057958602905,40.70720169608493],[-74.01032745838165,40.70705936809059]]]}},{"type":"Feature","properties":{"id":"53d668ae-01d2-4f3a-9ba7-efed2d65b8b6","height":6,"subtype":"transportation","class":"train_station"},"geometry":{"type":"Polygon","coordinates":[[[-74.01445806026459,40.70413547712743],[-74.0144795179367,40.70414361052094],[-74.0144795179367,40.70415174391346],[-74.01451170444489,40.704159877305],[-74.01451706886292,40.70415174391346],[-74.01453852653503,40.704155810609365],[-74.01457071304321,40.70408261004539],[-74.01455998420715,40.70408261004539],[-74.01457607746124,40.704054143137675],[-74.01451706886292,40.70403787632781],[-74.01450634002686,40.704062276541116],[-74.0144956111908,40.704062276541116],[-74.01445806026459,40.70413547712743]]]}},{"type":"Feature","properties":{"id":"1aa6fb10-3961-4748-9469-13a8ab229f5b","height":18.1,"subtype":null,"class":null},"geometry":{"type":"Polygon","coordinates":[[[-74.01295065879822,40.7065307185913],[-74.01289165019989,40.70650631928235],[-74.01283800601959,40.706567317538],[-74.01344418525696,40.706831642666934],[-74.0134871006012,40.706770644653375],[-74.01295065879822,40.7065307185913]]]}},{"type":"Feature","properties":{"id":"1b7ac2e0-7b18-4dbd-883c-310c85d49f87","subtype":"commercial","class":null},"geometry":{"type":"Polygon","coordinates":[[[-74.01607811450958,40.70253317923444],[-74.01610493659973,40.70253724602917],[-74.01613175868988,40.702520978848824],[-74.01613175868988,40.70248844447622],[-74.01611566543579,40.702472177283944],[-74.01609420776367,40.702472177283944],[-74.01607275009155,40.70248844447622],[-74.01606738567352,40.70250877846095],[-74.01607811450958,40.70253317923444]]]}},{"type":"Feature","properties":{"id":"de4bbceb-4467-47d7-a64c-232325acbb25","height":15.2,"subtype":null,"class":null},"geometry":{"type":"Polygon","coordinates":[[[-74.00748431682587,40.70681131000195],[-74.00746822357178,40.706795043865505],[-74.00728046894073,40.70699837028561],[-74.00744676589966,40.70710003326287],[-74.00770962238312,40.70680724346821],[-74.00758624076843,40.70672997927997],[-74.00748431682587,40.70681131000195]]]}},{"type":"Feature","properties":{"id":"324f4215-3e98-47f2-91ef-f22f88185b65","height":4,"subtype":"service","class":"guardhouse"},"geometry":{"type":"Polygon","coordinates":[[[-74.01127696037292,40.712988088089894],[-74.01129305362701,40.71300028655804],[-74.01132524013519,40.7129718234622],[-74.0113091468811,40.71295962498884],[-74.01127696037292,40.712988088089894]]]}},{"type":"Feature","properties":{"id":"cd6f3205-1306-4ba4-8da2-7f2758b4aac4","height":26.8,"subtype":"residential","class":"apartments"},"geometry":{"type":"Polygon","coordinates":[[[-74.01682913303375,40.70990180383772],[-74.01689350605011,40.709743216197865],[-74.0167111158371,40.7097025526396],[-74.0165662765503,40.71001972773535],[-74.0167647600174,40.71006445743498],[-74.01677012443542,40.71005632476456],[-74.01702761650085,40.71011731976856],[-74.01708662509918,40.70995873264196],[-74.01682913303375,40.70990180383772]]]}},{"type":"Feature","properties":{"id":"89c811da-f0f7-4132-b390-36134f4f1b4d","subtype":null,"class":null},"geometry":{"type":"Polygon","coordinates":[[[-74.01259124279022,40.70651851893794],[-74.0125697851181,40.706551051341954],[-74.01259660720825,40.706563250989355],[-74.0126234292984,40.706534785141926],[-74.01259124279022,40.70651851893794]]]}},{"type":"Feature","properties":{"id":"044e4c51-cf94-4dfd-b449-65ff2fe505ad","height":16,"subtype":null,"class":null},"geometry":{"type":"Polygon","coordinates":[[[-74.01045620441437,40.704200544247726],[-74.01029527187347,40.70402974292138],[-74.01022553443909,40.70408261004539],[-74.01038646697998,40.704233077784025],[-74.01045620441437,40.704200544247726]]]}},{"type":"Feature","properties":{"id":"de7680ac-ffe8-41a4-b468-32201364229f","height":16.1,"subtype":null,"class":null},"geometry":{"type":"Polygon","coordinates":[[[-74.0052580833435,40.708149186123016],[-74.00517225265503,40.707953996144724],[-74.00510251522064,40.70797432846083],[-74.00519371032715,40.708177651280394],[-74.0052580833435,40.708149186123016]]]}},{"type":"Feature","properties":{"id":"5d1ec31f-edd4-43ba-a619-d7868bea5c33","height":139.9,"subtype":"commercial","class":"office"},"geometry":{"type":"Polygon","coordinates":[[[-74.01356220245361,40.70251284525716],[-74.01311695575714,40.702529112439485],[-74.01315450668335,40.70303339312118],[-74.0135407447815,40.703017126062],[-74.0135407447815,40.70276091935602],[-74.0135782957077,40.702756852574964],[-74.01356220245361,40.70251284525716]]]}},{"type":"Feature","properties":{"id":"6cc48d34-8e7a-4d71-9520-8ffe76e22801","height":4.7,"subtype":null,"class":null},"geometry":{"type":"Polygon","coordinates":[[[-74.00373995304108,40.71254894174782],[-74.00371849536896,40.71249608134468],[-74.00366485118866,40.71251234608857],[-74.00368630886078,40.71256114029644],[-74.00373995304108,40.71254894174782]]]}},{"type":"Feature","properties":{"id":"e9b15f75-a00a-48d8-81c2-a54e8d73ff96","height":21.1,"subtype":null,"class":null},"geometry":{"type":"Polygon","coordinates":[[[-74.00982856750488,40.71019051369959],[-74.00982320308685,40.710202712680285],[-74.01014506816864,40.71034910027418],[-74.01019334793091,40.71028403916106],[-74.00987148284912,40.71014171775451],[-74.00982856750488,40.71019051369959]]]}},{"type":"Feature","properties":{"id":"db7c74d2-f6a0-4822-9d2c-026192b1eb2a","height":18.3,"subtype":"residential","class":"residential"},"geometry":{"type":"Polygon","coordinates":[[[-74.00613248348236,40.70931218121707],[-74.00614321231842,40.7093203139784],[-74.00630950927734,40.709137326608655],[-74.00660455226898,40.709291849309466],[-74.00660991668701,40.70928371654466],[-74.00640070438385,40.70917392412283],[-74.00654554367065,40.70901533474947],[-74.00676012039185,40.709129193824985],[-74.00676548480988,40.709121061040335],[-74.00629341602325,40.70887707703889],[-74.00593400001526,40.70921052161689],[-74.00613248348236,40.70931218121707]]]}},{"type":"Feature","properties":{"id":"ee6dc27c-56c8-4594-b020-7dfff07ce2a3","subtype":null,"class":null},"geometry":{"type":"Polygon","coordinates":[[[-74.00442123413086,40.712500147531024],[-74.00441586971283,40.712483882784134],[-74.00439441204071,40.712471684221384],[-74.00436758995056,40.71247575040922],[-74.00435149669647,40.71249201515809],[-74.0043568611145,40.71250827990296],[-74.00437831878662,40.71252047845903],[-74.00440514087677,40.71251641227392],[-74.00442123413086,40.712500147531024]]]}},{"type":"Feature","properties":{"id":"7432832d-72f1-4df1-8427-d5d4b47284a8","height":40,"subtype":null,"class":null},"geometry":{"type":"Polygon","coordinates":[[[-74.0103167295456,40.70703090245522],[-74.01033282279968,40.7070146363724],[-74.0101021528244,40.70688044103756],[-74.00983929634094,40.70714476492368],[-74.01007533073425,40.70727489322072],[-74.0103167295456,40.70703090245522]]]}},{"type":"Feature","properties":{"id":"d6c5b013-bf1b-408a-a72e-91ada92e932a","height":79.3,"subtype":null,"class":null},"geometry":{"type":"Polygon","coordinates":[[[-74.01164710521698,40.7056279382059],[-74.01157736778259,40.7056279382059],[-74.01154518127441,40.70584753456112],[-74.01171684265137,40.705876000702304],[-74.01194214820862,40.705867867520354],[-74.01193141937256,40.70572147007535],[-74.01219427585602,40.70574586967187],[-74.01224255561829,40.70564827123217],[-74.01200115680695,40.705623871599904],[-74.01164710521698,40.7056279382059]]]}},{"type":"Feature","properties":{"id":"67739df9-035d-4cb6-9898-eae22975c33b","height":62.3,"subtype":null,"class":null},"geometry":{"type":"Polygon","coordinates":[[[-74.0118670463562,40.70362713806194],[-74.01173830032349,40.70362713806194],[-74.01171684265137,40.70396874234152],[-74.01219427585602,40.70398094246198],[-74.01219964027405,40.70363527151754],[-74.0118670463562,40.70362713806194]]]}},{"type":"Feature","properties":{"id":"3176d0c3-f470-4598-8bd8-65e9f303006b","height":79,"subtype":null,"class":null},"geometry":{"type":"Polygon","coordinates":[[[-74.01563286781311,40.70523347626784],[-74.01587426662445,40.70528634243636],[-74.01589572429657,40.70523347626784],[-74.01608884334564,40.705274142555034],[-74.01607275009155,40.70533107531539],[-74.0162605047226,40.70537174154299],[-74.01633024215698,40.70519280995582],[-74.01614785194397,40.705156210253755],[-74.01614785194397,40.705164343522625],[-74.0160620212555,40.7051440103486],[-74.01585280895233,40.70510334398195],[-74.01585817337036,40.705099277343905],[-74.01569724082947,40.70506674423071],[-74.01563286781311,40.70523347626784]]]}},{"type":"Feature","properties":{"id":"c1f4b5ce-740c-4476-a02f-82e3d101e239","height":3.5,"subtype":null,"class":null},"geometry":{"type":"Polygon","coordinates":[[[-74.01464581489563,40.70180521898052],[-74.01467263698578,40.70180115214109],[-74.01467263698578,40.70181741949724],[-74.0147316455841,40.70181335265858],[-74.0147316455841,40.701797085301436],[-74.01475310325623,40.70179301846153],[-74.0147477388382,40.70177675109944],[-74.01477992534637,40.70177268425829],[-74.01476919651031,40.70171981530079],[-74.01474237442017,40.70171981530079],[-74.01473701000214,40.70170354792079],[-74.01471018791199,40.70170761476615],[-74.01471018791199,40.7016913473832],[-74.01465117931366,40.70169541422931],[-74.01465117931366,40.70171168161129],[-74.01462972164154,40.70171574845616],[-74.01464581489563,40.70180521898052]]]}},{"type":"Feature","properties":{"id":"af6ee29e-f7a9-433e-9409-d9b74e0b05f3","height":30,"subtype":null,"class":null},"geometry":{"type":"Polygon","coordinates":[[[-74.00446951389313,40.70771000786732],[-74.0052580833435,40.70738468877355],[-74.00511860847473,40.70718949655448],[-74.00493621826172,40.70725862719749],[-74.00492548942566,40.7072504941844],[-74.0049147605896,40.70725456069108],[-74.00483429431915,40.70714069841031],[-74.00429248809814,40.70745381921395],[-74.00446951389313,40.70771000786732]]]}},{"type":"Feature","properties":{"id":"02f7ccdb-c615-421d-b17a-4dd455811b9f","height":18.5,"subtype":null,"class":null},"geometry":{"type":"Polygon","coordinates":[[[-74.00792956352234,40.70995873264196],[-74.00778472423553,40.709881472110126],[-74.00774717330933,40.70991806921531],[-74.0078866481781,40.709999396043756],[-74.00792956352234,40.70995873264196]]]}},{"type":"Feature","properties":{"id":"c7e36e4e-783d-4f8a-bba1-d907cb3c9eca","height":14.8,"subtype":null,"class":null},"geometry":{"type":"Polygon","coordinates":[[[-74.01015043258667,40.70348073569148],[-74.01007533073425,40.703529536517394],[-74.01019334793091,40.70363527151754],[-74.01019871234894,40.70363120478985],[-74.010209441185,40.70363527151754],[-74.01027381420135,40.7035905374995],[-74.01015043258667,40.70348073569148]]]}},{"type":"Feature","properties":{"id":"040a5f80-70a5-4a8f-8969-6da126c018c0","height":146.5,"subtype":"commercial","class":"commercial"},"geometry":{"type":"Polygon","coordinates":[[[-74.01281654834747,40.70692110631909],[-74.01260733604431,40.70682757613444],[-74.01240348815918,40.70707563416247],[-74.01305794715881,40.707380622274826],[-74.01324570178986,40.707116299324824],[-74.01281654834747,40.70692110631909]]]}},{"type":"Feature","properties":{"id":"77dc9c8b-367e-4fcb-af57-9864fbe93575","height":19.3,"subtype":null,"class":null},"geometry":{"type":"Polygon","coordinates":[[[-74.00713562965393,40.71000752872113],[-74.00709807872772,40.70998719702581],[-74.00684595108032,40.710247442257],[-74.00692641735077,40.7102881054825],[-74.00717854499817,40.71002786041024],[-74.00713562965393,40.71000752872113]]]}},{"type":"Feature","properties":{"id":"457eb872-7f6d-49c4-a16f-7e87e1db620f","height":15.3,"subtype":null,"class":null},"geometry":{"type":"Polygon","coordinates":[[[-74.00785982608795,40.71003192674731],[-74.00770962238312,40.70994246727428],[-74.00766670703888,40.70998719702581],[-74.00781691074371,40.71007259010442],[-74.00785982608795,40.71003192674731]]]}},{"type":"Feature","properties":{"id":"04cf7520-291a-4d82-80ba-64f9a7e90489","height":95,"subtype":null,"class":null},"geometry":{"type":"Polygon","coordinates":[[[-74.00739848613739,40.704871545217856],[-74.00736093521118,40.70483901199343],[-74.00725364685059,40.70491221172604],[-74.00738775730133,40.70502201117414],[-74.00794565677643,40.70461941231285],[-74.00766134262085,40.704387611864476],[-74.00726974010468,40.704668212304426],[-74.00746285915375,40.70482681203018],[-74.00739848613739,40.704871545217856]]]}},{"type":"Feature","properties":{"id":"35e7dc70-dcbc-4a7f-b4b6-9f28e2210e8d","height":9.4,"subtype":null,"class":null},"geometry":{"type":"Polygon","coordinates":[[[-74.01037037372589,40.710060391099894],[-74.01005387306213,40.70991806921531],[-74.01001632213593,40.7099668653243],[-74.01033282279968,40.71010918710457],[-74.01037037372589,40.710060391099894]]]}},{"type":"Feature","properties":{"id":"1a62d41f-aca6-4eb6-a48b-50f2e4fd38f9","height":23.8,"subtype":null,"class":null},"geometry":{"type":"Polygon","coordinates":[[[-74.01255369186401,40.70471701226027],[-74.01243567466736,40.70472107892164],[-74.01241958141327,40.7049162783755],[-74.01256442070007,40.704920345024725],[-74.01255369186401,40.70471701226027]]]}},{"type":"Feature","properties":{"id":"57165f7d-40a9-463d-99b4-08afa740ba4d","height":27.4,"subtype":null,"class":null},"geometry":{"type":"Polygon","coordinates":[[[-74.00882005691528,40.713191395600724],[-74.0087342262268,40.71315073414822],[-74.00843918323517,40.713524818574584],[-74.00852501392365,40.713565479798646],[-74.00882005691528,40.713191395600724]]]}},{"type":"Feature","properties":{"id":"ee3986c5-6c41-467a-986f-ca74b7101f7e","height":86.5,"subtype":null,"class":null},"geometry":{"type":"Polygon","coordinates":[[[-74.01257514953613,40.70649005307139],[-74.01261270046234,40.706441254414706],[-74.01212990283966,40.70622166001717],[-74.01195824146271,40.70654698479232],[-74.012371301651,40.70672997927997],[-74.01257514953613,40.70649005307139]]]}},{"type":"Feature","properties":{"id":"7fcd62e4-7446-4d87-be8b-cc79e385ed29","height":55.5,"subtype":null,"class":null},"geometry":{"type":"Polygon","coordinates":[[[-74.00693714618683,40.710414161323726],[-74.00684595108032,40.710369431859],[-74.00650799274445,40.71064594079612],[-74.00658309459686,40.71069880266807],[-74.00693714618683,40.710414161323726]]]}},{"type":"Feature","properties":{"id":"4a761bbc-1f57-4d4e-beb1-69cbc203048a","height":16.7,"subtype":null,"class":null},"geometry":{"type":"Polygon","coordinates":[[[-74.01019334793091,40.70363527151754],[-74.01007533073425,40.703529536517394],[-74.0099948644638,40.70358240403846],[-74.01011288166046,40.70368407223021],[-74.01019334793091,40.70363527151754]]]}},{"type":"Feature","properties":{"id":"edc68fac-1af7-45b5-9c55-d4812d81f145","height":112.6,"subtype":"residential","class":"apartments"},"geometry":{"type":"Polygon","coordinates":[[[-74.01017189025879,40.7062582591337],[-74.01005923748016,40.70622166001717],[-74.01020407676697,40.705981731977296],[-74.00991439819336,40.705876000702304],[-74.00963544845581,40.70633552386925],[-74.00993049144745,40.7065225854893],[-74.01017189025879,40.7062582591337]]]}},{"type":"Feature","properties":{"id":"0ec016bb-43ab-4e0c-bbca-2e5dc534588d","height":13.4,"subtype":null,"class":null},"geometry":{"type":"Polygon","coordinates":[[[-74.0104615688324,40.704590945634564],[-74.01028990745544,40.704428278668146],[-74.01023626327515,40.70446894544701],[-74.01041328907013,40.704623478980174],[-74.0104615688324,40.704590945634564]]]}},{"type":"Feature","properties":{"id":"0ebb1093-d227-472b-88b9-7edd20c11c26","height":21.6,"subtype":null,"class":null},"geometry":{"type":"Polygon","coordinates":[[[-74.01043474674225,40.71009292177366],[-74.01037037372589,40.710060391099894],[-74.01014506816864,40.71034910027418],[-74.010209441185,40.71037756449118],[-74.01043474674225,40.71009292177366]]]}},{"type":"Feature","properties":{"id":"f4bc0d95-5423-4298-b8a7-773192d38562","height":70,"subtype":"residential","class":"apartments"},"geometry":{"type":"Polygon","coordinates":[[[-74.00390625,40.70973914984313],[-74.0037077665329,40.70960902636142],[-74.00367021560669,40.70963749089478],[-74.0036541223526,40.70962935817221],[-74.00355756282806,40.70971068535323],[-74.00357365608215,40.709722884421836],[-74.00353610515594,40.70975541526048],[-74.00373995304108,40.7098896048019],[-74.00378286838531,40.70985300768106],[-74.0038526058197,40.70990180383772],[-74.00384187698364,40.70990587018249],[-74.00404572486877,40.71004005942072],[-74.00408327579498,40.71000752872113],[-74.00409936904907,40.71001972773535],[-74.00419056415558,40.70993433458895],[-74.00417983531952,40.709926201902626],[-74.0042120218277,40.70989367114741],[-74.00400817394257,40.70975948161419],[-74.0039598941803,40.709808277839386],[-74.00388479232788,40.70975948161419],[-74.00390625,40.70973914984313]]]}},{"type":"Feature","properties":{"id":"297e9c3e-0a38-423f-85d3-ffdaf91d5e06","height":11.6,"subtype":null,"class":null},"geometry":{"type":"Polygon","coordinates":[[[-74.0048611164093,40.707165097486865],[-74.0049147605896,40.70721389561315],[-74.0050595998764,40.70712443235432],[-74.0050059556961,40.70707563416247],[-74.0048611164093,40.707165097486865]]]}},{"type":"Feature","properties":{"id":"71693417-ead0-46ce-99ef-7cdd47f8c50c","height":28.6,"subtype":null,"class":null},"geometry":{"type":"Polygon","coordinates":[[[-74.0080314874649,40.706709646583946],[-74.008047580719,40.706717779663094],[-74.00793492794037,40.70682757613444],[-74.00811195373535,40.7069455054761],[-74.00842308998108,40.70665271500207],[-74.00821387767792,40.706534785141926],[-74.0080314874649,40.706709646583946]]]}},{"type":"Feature","properties":{"id":"49c7692f-d9ab-483a-8b33-40048feaa76b","height":4.3,"subtype":"service","class":"service"},"geometry":{"type":"Polygon","coordinates":[[[-74.01497840881348,40.70511147725726],[-74.01501595973969,40.70511961053158],[-74.01504814624786,40.70503014445939],[-74.01501059532166,40.70502201117414],[-74.01497840881348,40.70511147725726]]]}},{"type":"Feature","properties":{"id":"a667d833-c0e0-4411-9d55-c072aedabee3","height":105,"subtype":"commercial","class":"office"},"geometry":{"type":"Polygon","coordinates":[[[-74.00749504566193,40.70422087770979],[-74.00708734989166,40.703875208010594],[-74.00650262832642,40.70427781137052],[-74.00691032409668,40.704623478980174],[-74.00749504566193,40.70422087770979]]]}},{"type":"Feature","properties":{"id":"896026da-2995-41f8-a1fa-5ef554ae9bb2","height":49.4,"subtype":"residential","class":"apartments"},"geometry":{"type":"Polygon","coordinates":[[[-74.00591790676117,40.708706287706],[-74.00576770305634,40.708592427907384],[-74.00557458400726,40.70875508470295],[-74.00571942329407,40.708864877815365],[-74.00591790676117,40.708706287706]]]}},{"type":"Feature","properties":{"id":"b3a04614-935c-4d33-8d02-b0e91880912b","height":73,"subtype":"residential","class":"apartments"},"geometry":{"type":"Polygon","coordinates":[[[-74.00336980819702,40.708734752625226],[-74.00344491004944,40.70878354960133],[-74.00339126586914,40.708828280131335],[-74.00358974933624,40.70896247154109],[-74.00362730026245,40.70892994031508],[-74.00364339351654,40.70893807312306],[-74.00373458862305,40.70886081140703],[-74.00371849536896,40.708848612180496],[-74.00375068187714,40.70882014730993],[-74.00355756282806,40.70868595561339],[-74.00355219841003,40.708694088451175],[-74.00347173213959,40.708641224987765],[-74.0035092830658,40.708608693604816],[-74.0033107995987,40.70847450148216],[-74.00327324867249,40.70850703293067],[-74.00326251983643,40.70849890007003],[-74.00316596031189,40.708584295057186],[-74.00318205356598,40.708592427907384],[-74.0031498670578,40.70862089287529],[-74.0033483505249,40.70875508470295],[-74.00336980819702,40.708734752625226]]]}},{"type":"Feature","properties":{"id":"653e6844-f397-4439-84b5-830eec0b7677","height":129,"subtype":"commercial","class":"office"},"geometry":{"type":"Polygon","coordinates":[[[-74.01589572429657,40.70523347626784],[-74.01578307151794,40.70552627298141],[-74.01592791080475,40.705558805870126],[-74.01571333408356,40.70610779597042],[-74.01594936847687,40.70616472801813],[-74.0162605047226,40.70537174154299],[-74.01607275009155,40.70533107531539],[-74.01608884334564,40.705274142555034],[-74.01589572429657,40.70523347626784]]]}},{"type":"Feature","properties":{"id":"34366ae7-fd4a-4af4-b38e-44b496c0ec04","height":12,"subtype":"residential","class":"apartments"},"geometry":{"type":"Polygon","coordinates":[[[-74.01678621768951,40.71071100155563],[-74.01680767536163,40.71065000709545],[-74.01636779308319,40.710552415842955],[-74.01618003845215,40.711032238123934],[-74.01641607284546,40.71108509968919],[-74.01633560657501,40.711284346750354],[-74.01656091213226,40.71133314185813],[-74.0168023109436,40.710715067850984],[-74.01678621768951,40.71071100155563]]]}},{"type":"Feature","properties":{"id":"8ed15216-7b72-4bdc-942c-31dfab3ce297","height":260.6,"subtype":null,"class":null},"geometry":{"type":"Polygon","coordinates":[[[-74.008047580719,40.706717779663094],[-74.0080314874649,40.706709646583946],[-74.00821387767792,40.706534785141926],[-74.0074896812439,40.706128128850196],[-74.00722146034241,40.706372122923206],[-74.00793492794037,40.70682757613444],[-74.008047580719,40.706717779663094]]]}},{"type":"Feature","properties":{"id":"205c1c51-17c9-4d31-9fa1-5d31afe7c9a1","height":108.2,"subtype":null,"class":null},"geometry":{"type":"Polygon","coordinates":[[[-74.00636851787567,40.70771407434593],[-74.00639533996582,40.70773034025792],[-74.00618076324463,40.70792553089176],[-74.00655627250671,40.70815731902638],[-74.00676548480988,40.70788079975537],[-74.00644898414612,40.70765307714063],[-74.00636851787567,40.70771407434593]]]}},{"type":"Feature","properties":{"id":"59dad801-5154-4018-9b2e-3b72b9338237","height":16.6,"subtype":null,"class":null},"geometry":{"type":"Polygon","coordinates":[[[-74.00508105754852,40.70792959735721],[-74.0050059556961,40.707949929680765],[-74.00511860847473,40.70820611642559],[-74.00519371032715,40.708177651280394],[-74.00510251522064,40.70797432846083],[-74.00509715080261,40.70797432846083],[-74.00508105754852,40.70792959735721]]]}},{"type":"Feature","properties":{"id":"4a6f4af4-639e-40c9-8680-298df233d104","height":109.6,"subtype":null,"class":null},"geometry":{"type":"Polygon","coordinates":[[[-74.0145868062973,40.708096322227064],[-74.01457607746124,40.70811258804567],[-74.01501059532166,40.708267113124336],[-74.01518225669861,40.70798652784751],[-74.01473701000214,40.70782793564635],[-74.0145868062973,40.708096322227064]]]}},{"type":"Feature","properties":{"id":"af8c970a-1480-4209-9ce1-6cd3fd97e8ba","height":20.8,"subtype":null,"class":null},"geometry":{"type":"Polygon","coordinates":[[[-74.00838553905487,40.70363933824496],[-74.00798320770264,40.703285532030286],[-74.0078866481781,40.703350599980915],[-74.00828897953033,40.7037003391265],[-74.00838553905487,40.70363933824496]]]}},{"type":"Feature","properties":{"id":"03876ec2-a4c5-4a83-9b99-98e46c7b1bb2","height":231,"subtype":"residential","class":"apartments"},"geometry":{"type":"Polygon","coordinates":[[[-74.0074360370636,40.709983130686005],[-74.00761842727661,40.709800145137656],[-74.00731801986694,40.70963749089478],[-74.0071302652359,40.709828609589316],[-74.0074360370636,40.709983130686005]]]}},{"type":"Feature","properties":{"id":"0f7bc5f6-76cf-4b3f-aa39-b65f302d33e8","height":48.5,"subtype":null,"class":null},"geometry":{"type":"Polygon","coordinates":[[[-74.01712417602539,40.7099546663004],[-74.01709198951721,40.70994653361657],[-74.01703298091888,40.71010105443962],[-74.01748895645142,40.710202712680285],[-74.01748359203339,40.710223044309785],[-74.01798248291016,40.71034096763852],[-74.01805222034454,40.71006852376982],[-74.0178644657135,40.71002379407291],[-74.01782155036926,40.71012545243153],[-74.01754260063171,40.710060391099894],[-74.01753723621368,40.71007665643875],[-74.01711344718933,40.709983130686005],[-74.01712417602539,40.7099546663004]]]}},{"type":"Feature","properties":{"id":"d121217c-f308-4dc4-82e6-9fa86851815d","height":4,"subtype":"service","class":"guardhouse"},"geometry":{"type":"Polygon","coordinates":[[[-74.01084780693054,40.71338657022709],[-74.01082634925842,40.71337437182969],[-74.01079952716827,40.71341096701516],[-74.0108209848404,40.71341909927585],[-74.01084780693054,40.71338657022709]]]}},{"type":"Feature","properties":{"id":"cb9d8fff-4f37-4b3c-a361-e3cd9df9a35f","height":64.8,"subtype":null,"class":null},"geometry":{"type":"Polygon","coordinates":[[[-74.00986611843109,40.70896653794322],[-74.00985538959503,40.70896247154109],[-74.00969445705414,40.70914139300011],[-74.00976955890656,40.709182056901014],[-74.00995194911957,40.70897467074674],[-74.00988757610321,40.708946205930054],[-74.00986611843109,40.70896653794322]]]}},{"type":"Feature","properties":{"id":"ab415a0d-0e59-464a-93f9-25f9501d1f15","height":129.3,"subtype":"commercial","class":"office"},"geometry":{"type":"Polygon","coordinates":[[[-74.00674402713776,40.70911292825469],[-74.0067708492279,40.70912512743278],[-74.00717854499817,40.708714420541305],[-74.00671720504761,40.70842163784444],[-74.00647044181824,40.70864529140954],[-74.00652408599854,40.70868595561339],[-74.00629341602325,40.70887707703889],[-74.00674402713776,40.70911292825469]]]}},{"type":"Feature","properties":{"id":"bbe20a65-ecd7-414a-8d1d-9b165a8abcf3","height":67,"subtype":null,"class":null},"geometry":{"type":"Polygon","coordinates":[[[-74.01443123817444,40.7085151657903],[-74.01432931423187,40.708767283946614],[-74.01488721370697,40.70889740907316],[-74.01504814624786,40.70849890007003],[-74.0144419670105,40.70831997688473],[-74.01437222957611,40.70849890007003],[-74.01443123817444,40.7085151657903]]]}},{"type":"Feature","properties":{"id":"6e8f5949-4007-47b5-a8fa-a4b204b9e59a","height":19.7,"subtype":null,"class":null},"geometry":{"type":"Polygon","coordinates":[[[-74.01111602783203,40.70335466672572],[-74.01109457015991,40.703358733470274],[-74.01109993457794,40.70336686695865],[-74.01111602783203,40.70336280021459],[-74.01115894317627,40.703492935901316],[-74.01125013828278,40.70347260221702],[-74.01121258735657,40.70334246649057],[-74.01117503643036,40.703350599980915],[-74.01115894317627,40.703305865771696],[-74.01109993457794,40.70331806601355],[-74.01111602783203,40.70335466672572]]]}},{"type":"Feature","properties":{"id":"82ece776-a8a8-423f-bcdd-dba8e775940a","height":84.7,"subtype":"education","class":"university"},"geometry":{"type":"Polygon","coordinates":[[[-74.00610566139221,40.70999126336539],[-74.00592863559723,40.710170182060146],[-74.00617003440857,40.71032063604501],[-74.00613784790039,40.71036129922582],[-74.00618612766266,40.710406028696006],[-74.00646507740021,40.71017424838855],[-74.00610566139221,40.70999126336539]]]}},{"type":"Feature","properties":{"id":"653a5452-476c-49f9-aa1a-3dd5e87486dd","height":70,"subtype":"commercial","class":"office"},"geometry":{"type":"Polygon","coordinates":[[[-74.00795102119446,40.709092596286226],[-74.00812804698944,40.70892994031508],[-74.00798320770264,40.708848612180496],[-74.00801539421082,40.70882014730993],[-74.0077793598175,40.70868188919412],[-74.00782227516174,40.708641224987765],[-74.00762915611267,40.70852736507791],[-74.00758624076843,40.708576162205965],[-74.0075433254242,40.70855583007364],[-74.00739848613739,40.708702221287965],[-74.00795102119446,40.709092596286226]]]}},{"type":"Feature","properties":{"id":"5b96c09f-73ae-4ce0-a6df-c65ae7ee6cdd","height":18.5,"subtype":null,"class":null},"geometry":{"type":"Polygon","coordinates":[[[-74.01371240615845,40.70726269370367],[-74.0137767791748,40.707291159239965],[-74.01382505893707,40.70717323051039],[-74.01365876197815,40.70710816629434],[-74.013631939888,40.70715696446235],[-74.01361584663391,40.70715289794971],[-74.01359438896179,40.707165097486865],[-74.01358366012573,40.707185430043836],[-74.01358902454376,40.70720169608493],[-74.01371240615845,40.70726269370367]]]}},{"type":"Feature","properties":{"id":"a6495711-a132-494d-8a1e-7514feaaf04d","height":5,"subtype":"commercial","class":"kiosk"},"geometry":{"type":"Polygon","coordinates":[[[-74.01327788829803,40.70206956300945],[-74.01325643062592,40.70208176347778],[-74.0132188796997,40.70203702841634],[-74.01320815086365,40.702045162066106],[-74.01320815086365,40.70208989712207],[-74.0132188796997,40.70210209758665],[-74.01315987110138,40.70213869896704],[-74.01317059993744,40.70214276578584],[-74.0132349729538,40.70214276578584],[-74.01325106620789,40.70213056532869],[-74.01329398155212,40.70217530032729],[-74.01330471038818,40.7021671666934],[-74.01330471038818,40.70212243168935],[-74.0132886171341,40.702110231228495],[-74.01334762573242,40.70208176347778],[-74.01333689689636,40.70207362983247],[-74.01327788829803,40.70206956300945]]]}},{"type":"Feature","properties":{"id":"9bcbc395-677c-4bc8-a14f-e47e413e2c0a","height":3,"subtype":null,"class":null},"geometry":{"type":"Polygon","coordinates":[[[-74.00708734989166,40.71286610328542],[-74.00711417198181,40.71287830177591],[-74.00713562965393,40.71285390479266],[-74.00710880756378,40.712841706297695],[-74.00708734989166,40.71286610328542]]]}},{"type":"Feature","properties":{"id":"9d8d5dc3-3b60-4ea0-828f-543d8d5e6209","height":19.7,"subtype":null,"class":null},"geometry":{"type":"Polygon","coordinates":[[[-74.00832116603851,40.71017424838855],[-74.0080314874649,40.71000752872113],[-74.0079778432846,40.710060391099894],[-74.00830507278442,40.710247442257],[-74.00832116603851,40.71022711063494],[-74.00829434394836,40.71020677900669],[-74.00832116603851,40.71017424838855]]]}},{"type":"Feature","properties":{"id":"ff7c0e43-2470-4bc0-aef6-c09fd415da20","height":53,"subtype":"residential","class":"apartments"},"geometry":{"type":"Polygon","coordinates":[[[-74.00724291801453,40.70960902636142],[-74.00716245174408,40.70956022999023],[-74.00698006153107,40.709747282552314],[-74.00706589221954,40.70979201243496],[-74.00724291801453,40.70960902636142]]]}},{"type":"Feature","properties":{"id":"0d8d2d25-78f3-46f9-85c2-46b8bcb404dc","subtype":null,"class":null},"geometry":{"type":"Polygon","coordinates":[[[-74.00792419910431,40.704696678949674],[-74.00795102119446,40.7046763456329],[-74.00793492794037,40.70466414563983],[-74.00790810585022,40.70468447896036],[-74.00792419910431,40.704696678949674]]]}},{"type":"Feature","properties":{"id":"61b2cd32-c5f0-4731-8503-33135fb6f470","subtype":null,"class":null},"geometry":{"type":"Polygon","coordinates":[[[-74.00662064552307,40.70735622327723],[-74.0066796541214,40.707323691266545],[-74.00656700134277,40.707209829104],[-74.00626122951508,40.70736842277715],[-74.00641679763794,40.707494484145364],[-74.0065348148346,40.70740502126347],[-74.00666892528534,40.70750668361995],[-74.00674402713776,40.707449752719434],[-74.00662064552307,40.70735622327723]]]}},{"type":"Feature","properties":{"id":"16fb127c-a5eb-49f6-b70c-e90c0b27dce3","height":15.2,"subtype":null,"class":null},"geometry":{"type":"Polygon","coordinates":[[[-74.00791347026825,40.70938944240943],[-74.00776863098145,40.70953989815833],[-74.00783836841583,40.7095805618159],[-74.0078866481781,40.70952769905622],[-74.00788128376007,40.70952769905622],[-74.00805294513702,40.70934877863517],[-74.0079939365387,40.70930811483605],[-74.00791347026825,40.70938944240943]]]}},{"type":"Feature","properties":{"id":"9e50bb0a-70f5-4e8f-a1c6-2ae85de23a8e","height":82,"subtype":null,"class":null},"geometry":{"type":"Polygon","coordinates":[[[-74.01312232017517,40.70577840245332],[-74.01321351528168,40.705558805870126],[-74.01254296302795,40.70535547505494],[-74.0124249458313,40.70560760517342],[-74.01307940483093,40.70585566774555],[-74.0131276845932,40.70577840245332],[-74.01312232017517,40.70577840245332]]]}},{"type":"Feature","properties":{"id":"f9278403-d80c-4254-a50a-487083826f58","height":20.8,"subtype":null,"class":null},"geometry":{"type":"Polygon","coordinates":[[[-74.00778472423553,40.709881472110126],[-74.00769352912903,40.70983674228757],[-74.00751113891602,40.71001972773535],[-74.00759160518646,40.710060391099894],[-74.00773644447327,40.70991400287129],[-74.00774717330933,40.70991806921531],[-74.00778472423553,40.709881472110126]]]}},{"type":"Feature","properties":{"id":"7dc65ebf-6239-4260-bc93-8357539027e8","height":75,"subtype":null,"class":null},"geometry":{"type":"Polygon","coordinates":[[[-74.00879859924316,40.71222364629375],[-74.00899171829224,40.71199187231314],[-74.00850355625153,40.711760097525776],[-74.00831580162048,40.71199187231314],[-74.00879859924316,40.71222364629375]]]}},{"type":"Feature","properties":{"id":"04153005-f35a-4446-9a02-40b8652347c3","height":15.7,"subtype":null,"class":null},"geometry":{"type":"Polygon","coordinates":[[[-74.00485575199127,40.70821831576982],[-74.0047699213028,40.70802719245363],[-74.0046626329422,40.708063790577924],[-74.00480210781097,40.70823458155863],[-74.00485575199127,40.70821831576982]]]}},{"type":"Feature","properties":{"id":"04b37cd9-a296-4e8a-831d-18f4e2c039d6","subtype":null,"class":null},"geometry":{"type":"Polygon","coordinates":[[[-74.0140289068222,40.70104878257842],[-74.01406109333038,40.700947110364076],[-74.01402354240417,40.700938976580225],[-74.013991355896,40.701044715692824],[-74.0140289068222,40.70105284946376],[-74.0140289068222,40.70104878257842]]]}},{"type":"Feature","properties":{"id":"afc8f21a-7833-4e8d-860f-b928125a1526","height":69.8,"subtype":null,"class":null},"geometry":{"type":"Polygon","coordinates":[[[-74.01384115219116,40.70534734180943],[-74.01380360126495,40.705400207887536],[-74.01450097560883,40.705558805870126],[-74.01468336582184,40.7051480769839],[-74.0144795179367,40.705099277343905],[-74.01445269584656,40.70518061005736],[-74.01442050933838,40.70517247679049],[-74.01439368724823,40.70523754289767],[-74.01442050933838,40.70524160952726],[-74.01436686515808,40.70537580816438],[-74.01431322097778,40.70536360829946],[-74.01434540748596,40.70528227580949],[-74.01422202587128,40.705253809414536],[-74.0141898393631,40.70533107531539],[-74.01413083076477,40.70531887544228],[-74.01414692401886,40.70527007592744],[-74.01418447494507,40.70522940963776],[-74.01419520378113,40.70522940963776],[-74.01422202587128,40.70519687658813],[-74.01424884796143,40.70520500985202],[-74.01429176330566,40.7051440103486],[-74.01427030563354,40.70513587707726],[-74.01431858539581,40.70507487751051],[-74.01408791542053,40.70500981124441],[-74.01400208473206,40.705123677168366],[-74.01401817798615,40.70512774380491],[-74.01390016078949,40.70529447568932],[-74.01387870311737,40.70529040906296],[-74.01384115219116,40.70534734180943]]]}},{"type":"Feature","properties":{"id":"ff804650-c708-47d4-8447-0ad4aa7e5ec5","height":193.1,"subtype":null,"class":null},"geometry":{"type":"Polygon","coordinates":[[[-74.01350319385529,40.70908039710218],[-74.01342272758484,40.70921052161689],[-74.01380896568298,40.70937724327977],[-74.01382505893707,40.70937724327977],[-74.01384651660919,40.709373176902695],[-74.01391088962555,40.709206455229655],[-74.01386797428131,40.70919425606646],[-74.01387333869934,40.70917392412283],[-74.01355147361755,40.709035666741514],[-74.01351928710938,40.70908446349711],[-74.01350319385529,40.70908039710218]]]}},{"type":"Feature","properties":{"id":"0d7a5a23-e2f4-4059-99d6-47aa34d5d05a","height":16.5,"subtype":null,"class":null},"geometry":{"type":"Polygon","coordinates":[[[-74.00790274143219,40.710963111398314],[-74.00784909725189,40.71093058114967],[-74.00773644447327,40.71103630439967],[-74.00776863098145,40.711097298506004],[-74.00779008865356,40.71107290087017],[-74.00780081748962,40.711081033416434],[-74.00787055492401,40.71101597301847],[-74.00785982608795,40.711007840464255],[-74.00790274143219,40.710963111398314]]]}},{"type":"Feature","properties":{"id":"a2eb50f5-3a61-4869-b064-f2ef446e4f69","height":132.7,"subtype":"commercial","class":"office"},"geometry":{"type":"Polygon","coordinates":[[[-74.01108384132385,40.704749545544296],[-74.0110033750534,40.70475767886281],[-74.01104092597961,40.70499761131243],[-74.0113627910614,40.704981344733],[-74.01144325733185,40.70490814507635],[-74.01144862174988,40.704403878588934],[-74.0113627910614,40.70435507840365],[-74.01094436645508,40.70450147885221],[-74.01108384132385,40.704749545544296]]]}},{"type":"Feature","properties":{"id":"7f47aacf-ae17-44ca-ac13-4c8e352d910a","height":18.1,"subtype":null,"class":null},"geometry":{"type":"Polygon","coordinates":[[[-74.00408327579498,40.70642498818788],[-74.00400280952454,40.70635179011793],[-74.0037989616394,40.706481919964425],[-74.00384724140167,40.70652665204043],[-74.00397598743439,40.706441254414706],[-74.0040135383606,40.706473786856456],[-74.00408327579498,40.70642498818788]]]}},{"type":"Feature","properties":{"id":"60d87bbb-1b0b-4204-bf56-a0ace0ad979d","subtype":null,"class":null},"geometry":{"type":"Polygon","coordinates":[[[-74.0129292011261,40.70765714362271],[-74.01294529438019,40.70766527658615],[-74.01296138763428,40.7076449441757],[-74.01293992996216,40.707636811209795],[-74.0129292011261,40.70765714362271]]]}},{"type":"Feature","properties":{"id":"fda951fd-5144-4976-ad7e-e6faa42e4e2d","subtype":"commercial","class":"retail"},"geometry":{"type":"Polygon","coordinates":[[[-74.01496767997742,40.71281730930103],[-74.01487112045288,40.71278071378929],[-74.01475846767426,40.71308567577257],[-74.01504278182983,40.71318326331221],[-74.01502668857574,40.71320766017478],[-74.01516616344452,40.71326865229207],[-74.01515007019043,40.713288982985425],[-74.01549875736237,40.71343129766503],[-74.01577770709991,40.713057212713224],[-74.01506960391998,40.71274818442863],[-74.01505887508392,40.712784779958255],[-74.01496767997742,40.71281730930103]]]}},{"type":"Feature","properties":{"id":"5e9bd576-958b-49e1-b036-58c1103342d5","height":34,"subtype":"transportation","class":"parking"},"geometry":{"type":"Polygon","coordinates":[[[-74.0141898393631,40.70688450756683],[-74.0138840675354,40.70760021285083],[-74.01444733142853,40.707799470339495],[-74.01457071304321,40.707482284668544],[-74.01476919651031,40.70749855063714],[-74.0152359008789,40.707661210104554],[-74.01547729969025,40.7070349689753],[-74.01553630828857,40.707039035495136],[-74.01560604572296,40.7070146363724],[-74.01572942733765,40.706717779663094],[-74.01517152786255,40.70658358373007],[-74.01486575603485,40.70734809027605],[-74.01463508605957,40.707323691266545],[-74.01469945907593,40.70714069841031],[-74.01465654373169,40.70708376719692],[-74.01464581489563,40.70708376719692],[-74.014533162117,40.706888574095856],[-74.0144956111908,40.70685604185672],[-74.01442050933838,40.70682757613444],[-74.01445806026459,40.706742178894594],[-74.01434004306793,40.70671371312364],[-74.01430249214172,40.70680317693422],[-74.01431858539581,40.70680724346821],[-74.0142434835434,40.70682757613444],[-74.01420593261719,40.70685604185672],[-74.0141898393631,40.70688450756683]]]}},{"type":"Feature","properties":{"id":"9ae8e15e-f6b4-4c09-8cb2-51de6740f48c","height":46.4,"subtype":null,"class":null},"geometry":{"type":"Polygon","coordinates":[[[-74.00754868984222,40.7055994719587],[-74.0074896812439,40.70566047104496],[-74.00767207145691,40.70574586967187],[-74.00783836841583,40.705579138917514],[-74.007688164711,40.705489673462615],[-74.00756478309631,40.70561167178041],[-74.00754868984222,40.7055994719587]]]}},{"type":"Feature","properties":{"id":"26893241-2754-456e-a2fb-c5022dbefbd8","height":46.8,"subtype":null,"class":null},"geometry":{"type":"Polygon","coordinates":[[[-74.00948524475098,40.70921052161689],[-74.00943160057068,40.70918612328974],[-74.00936722755432,40.709259318244364],[-74.0092921257019,40.70934471225635],[-74.00933504104614,40.70938130965657],[-74.00948524475098,40.70921052161689]]]}},{"type":"Feature","properties":{"id":"6445eb77-70fa-466f-929d-6f66270e0e73","height":13.5,"subtype":null,"class":null},"geometry":{"type":"Polygon","coordinates":[[[-74.01485502719879,40.701089451420685],[-74.01406109333038,40.700947110364076],[-74.0140289068222,40.70104878257842],[-74.01482284069061,40.701191123417736],[-74.01485502719879,40.701089451420685]]]}},{"type":"Feature","properties":{"id":"415b04e3-fc53-4e3d-ae4f-b6338e27f56d","height":177.5,"subtype":null,"class":null},"geometry":{"type":"Polygon","coordinates":[[[-74.01182413101196,40.706481919964425],[-74.01193678379059,40.70626232570099],[-74.01149153709412,40.70607526334988],[-74.0113627910614,40.706286725099325],[-74.01182413101196,40.706481919964425]]]}},{"type":"Feature","properties":{"id":"5ae60371-85c6-4fac-bdc1-fbcce1a96b5e","height":19.5,"subtype":"commercial","class":"office"},"geometry":{"type":"Polygon","coordinates":[[[-74.01384115219116,40.708397239228255],[-74.01355683803558,40.70832810976721],[-74.01350319385529,40.70845823575194],[-74.01377141475677,40.70852736507791],[-74.01379823684692,40.70846636861756],[-74.01384651660919,40.70847856791409],[-74.01387870311737,40.708405372101325],[-74.01384115219116,40.708397239228255]]]}},{"type":"Feature","properties":{"id":"f12181d5-94f3-4151-bf32-3f51aa7c88be","subtype":null,"class":null},"geometry":{"type":"Polygon","coordinates":[[[-74.00807440280914,40.71283357396647],[-74.00811195373535,40.71285390479266],[-74.00812804698944,40.71283357396647],[-74.0080851316452,40.71281730930103],[-74.00807440280914,40.71283357396647]]]}},{"type":"Feature","properties":{"id":"987413ed-b76d-43b4-8637-732cc479b0a9","subtype":null,"class":null},"geometry":{"type":"Polygon","coordinates":[[[-74.00913655757904,40.70713663189668],[-74.0091472864151,40.7071203658397],[-74.00910973548889,40.70710003326287],[-74.0090936422348,40.7071122328097],[-74.00913655757904,40.70713663189668]]]}},{"type":"Feature","properties":{"id":"5cdd2549-f062-4639-825a-720d23753ab0","height":4,"subtype":null,"class":null},"geometry":{"type":"Polygon","coordinates":[[[-74.01374459266663,40.71285390479266],[-74.01375532150269,40.7128376401322],[-74.01371777057648,40.71282137546776],[-74.01370167732239,40.7128376401322],[-74.01374459266663,40.71285390479266]]]}},{"type":"Feature","properties":{"id":"031445ae-f66e-4d4f-a740-882f24bb8867","height":66.1,"subtype":null,"class":null},"geometry":{"type":"Polygon","coordinates":[[[-74.01246786117554,40.708844545771164],[-74.01260197162628,40.70890554188512],[-74.01280581951141,40.70859649433212],[-74.0126234292984,40.70851923221975],[-74.01241958141327,40.708824213720746],[-74.01246786117554,40.708844545771164]]]}},{"type":"Feature","properties":{"id":"de282203-5adb-46f1-8b69-05efb0a6e5bb","height":130,"subtype":"commercial","class":"office"},"geometry":{"type":"Polygon","coordinates":[[[-74.01290774345398,40.70324079777736],[-74.01285946369171,40.703224530768836],[-74.01234447956085,40.70333839974502],[-74.01232302188873,40.70337500044602],[-74.01237666606903,40.70351733631428],[-74.0124249458313,40.7035376699849],[-74.01277899742126,40.7035376699849],[-74.01275217533112,40.70345633526512],[-74.01288092136383,40.70342786808974],[-74.01289165019989,40.70344413504859],[-74.01294529438019,40.703436001569656],[-74.01293456554413,40.70341566786798],[-74.01296138763428,40.70337906718933],[-74.01290774345398,40.70324079777736]]]}},{"type":"Feature","properties":{"id":"8ea29b92-b7f9-4736-8870-d78d1bc722e8","height":168.8,"subtype":null,"class":null},"geometry":{"type":"Polygon","coordinates":[[[-74.01036500930786,40.70651445238633],[-74.01034355163574,40.706551051341954],[-74.01075661182404,40.70669744696336],[-74.01100873947144,40.70628265853357],[-74.01052057743073,40.706099662816776],[-74.01037037372589,40.70635179011793],[-74.01044011116028,40.70637618948352],[-74.01041328907013,40.70640872195706],[-74.0103006362915,40.7064941196245],[-74.01036500930786,40.70651445238633]]]}},{"type":"Feature","properties":{"id":"d058153b-c5a7-40f7-a4b6-36005c9bd49c","height":40,"subtype":"civic","class":"government"},"geometry":{"type":"Polygon","coordinates":[[[-74.00339663028717,40.710662205991966],[-74.00390088558197,40.71027590651747],[-74.00307476520538,40.709653756336955],[-74.00257050991058,40.71004005942072],[-74.00339663028717,40.710662205991966]]]}},{"type":"Feature","properties":{"id":"c31fa60d-e1b6-4d1a-98a9-48677d1a1752","height":3,"subtype":null,"class":null},"geometry":{"type":"Polygon","coordinates":[[[-74.00355219841003,40.7111379612125],[-74.00357365608215,40.71115422628817],[-74.00358974933624,40.711142027481785],[-74.00357365608215,40.71112576240317],[-74.00355219841003,40.7111379612125]]]}},{"type":"Feature","properties":{"id":"b40b9fa6-72eb-48c0-be62-12c1ec732fd0","height":52.7,"subtype":"residential","class":"apartments"},"geometry":{"type":"Polygon","coordinates":[[[-74.00710344314575,40.70945450439662],[-74.00707125663757,40.7094382389058],[-74.00684058666229,40.709674088134065],[-74.00698006153107,40.709747282552314],[-74.00716245174408,40.70956022999023],[-74.00724291801453,40.70960902636142],[-74.0072911977768,40.70956022999023],[-74.00710344314575,40.70945450439662]]]}},{"type":"Feature","properties":{"id":"01eb489b-c04a-4a5c-bcda-888fd8672baa","height":9,"subtype":null,"class":null},"geometry":{"type":"Polygon","coordinates":[[[-74.01053667068481,40.71013765142413],[-74.01052057743073,40.71012951876264],[-74.01012897491455,40.71062967559632],[-74.01050984859467,40.71080452628606],[-74.01064932346344,40.710621542994915],[-74.01062786579132,40.71061341039253],[-74.01087999343872,40.71029217180367],[-74.01053667068481,40.71013765142413]]]}},{"type":"Feature","properties":{"id":"c702b8a7-2b34-42bd-b422-4a9ae938d930","height":122.9,"subtype":"transportation","class":"train_station"},"geometry":{"type":"Polygon","coordinates":[[[-74.0099573135376,40.710552415842955],[-74.01003777980804,40.71044669182468],[-74.00973200798035,40.710308437085935],[-74.0096515417099,40.710414161323726],[-74.0099573135376,40.710552415842955]]]}},{"type":"Feature","properties":{"id":"aecc50d6-f569-4477-a5db-6d343bc2b6eb","height":92,"subtype":"residential","class":"apartments"},"geometry":{"type":"Polygon","coordinates":[[[-74.0088951587677,40.704318478241234],[-74.0084445476532,40.704623478980174],[-74.00871813297272,40.7048756118698],[-74.00919556617737,40.70461534564527],[-74.0088951587677,40.704318478241234]]]}},{"type":"Feature","properties":{"id":"698a2801-a809-46ee-8508-e16843e9ebf4","height":15.7,"subtype":null,"class":null},"geometry":{"type":"Polygon","coordinates":[[[-74.00943160057068,40.70918612328974],[-74.00932431221008,40.709129193824985],[-74.0092545747757,40.70920238884217],[-74.00936722755432,40.709259318244364],[-74.00943160057068,40.70918612328974]]]}},{"type":"Feature","properties":{"id":"2753d8d2-21df-4a48-8561-d5946b45c882","height":65.9,"subtype":null,"class":null},"geometry":{"type":"Polygon","coordinates":[[[-74.00910973548889,40.7096903535673],[-74.00913119316101,40.70970661899654],[-74.00910973548889,40.70972695077754],[-74.00920629501343,40.70978387973126],[-74.00924921035767,40.70973914984313],[-74.00916874408722,40.70969441992498],[-74.00921165943146,40.709649689976764],[-74.00933504104614,40.70971881806589],[-74.00942087173462,40.70961715908647],[-74.00927066802979,40.70951956632023],[-74.00910973548889,40.7096903535673]]]}},{"type":"Feature","properties":{"id":"59ffd5ad-9ca4-46f9-b5d3-d15ccbf9e838","height":135,"subtype":"commercial","class":"office"},"geometry":{"type":"Polygon","coordinates":[[[-74.01143789291382,40.70374913979149],[-74.01137888431549,40.70370847257315],[-74.01126623153687,40.70370847257315],[-74.01084780693054,40.70378980698503],[-74.010751247406,40.70382640743797],[-74.01072442531586,40.703883341435905],[-74.01097118854523,40.70426154461527],[-74.01104629039764,40.7042818780587],[-74.01114821434021,40.70424121116562],[-74.01128768920898,40.70421681101787],[-74.01140034198761,40.704212744325694],[-74.01145398616791,40.704168010695525],[-74.01143789291382,40.70374913979149]]]}},{"type":"Feature","properties":{"id":"6ab13f3b-3a75-4a4d-b294-c12225497539","height":4,"subtype":"service","class":"service"},"geometry":{"type":"Polygon","coordinates":[[[-74.01646971702576,40.711808892284886],[-74.0165501832962,40.71184142210444],[-74.01658773422241,40.711780428679745],[-74.01651263237,40.711751965062426],[-74.01646971702576,40.711808892284886]]]}},{"type":"Feature","properties":{"id":"11742e98-72d5-43cd-92f6-de8e2243522e","height":19.5,"subtype":null,"class":null},"geometry":{"type":"Polygon","coordinates":[[[-74.00996267795563,40.70455434560177],[-74.01002168655396,40.704505545526736],[-74.00984466075897,40.70437134513605],[-74.00978028774261,40.7044201453094],[-74.00996267795563,40.70455434560177]]]}},{"type":"Feature","properties":{"id":"520bd3d2-ca3c-4b0c-be6a-763378473ba6","height":29,"subtype":"residential","class":"apartments"},"geometry":{"type":"Polygon","coordinates":[[[-74.01784300804138,40.70685604185672],[-74.01784300804138,40.70685197532571],[-74.01791274547577,40.70688044103756],[-74.01790738105774,40.70688450756683],[-74.01818096637726,40.70699837028561],[-74.01829361915588,40.70683977573118],[-74.01808977127075,40.706754378507],[-74.01808440685272,40.70675844504397],[-74.01805758476257,40.70675031196977],[-74.01805758476257,40.70673811235663],[-74.0181702375412,40.70658358373007],[-74.01818633079529,40.70657951718243],[-74.01820778846741,40.70658765027747],[-74.01820242404938,40.70659578337152],[-74.01840627193451,40.70668118079908],[-74.01852428913116,40.70651851893794],[-74.01825606822968,40.70640872195706],[-74.01825070381165,40.70641278851513],[-74.01818096637726,40.706384322603405],[-74.01818633079529,40.70638025604357],[-74.01807904243469,40.70633552386925],[-74.01799321174622,40.70645345408224],[-74.01800394058228,40.706457520637585],[-74.01796102523804,40.70651851893794],[-74.01795029640198,40.70651038583446],[-74.0178644657135,40.706632382282464],[-74.01787519454956,40.706636448826885],[-74.01783227920532,40.70669744696336],[-74.01782155036926,40.70669338042267],[-74.01773571968079,40.70681131000195],[-74.01784300804138,40.70685604185672]]]}},{"type":"Feature","properties":{"id":"10b4cbc4-8b37-4fbb-90a1-6f79a9b2a1b9","height":39.5,"subtype":"education","class":"school"},"geometry":{"type":"Polygon","coordinates":[[[-74.01741921901703,40.70642092163055],[-74.01734411716461,40.70654291824244],[-74.01727974414825,40.70662018264772],[-74.01747286319733,40.7067015135038],[-74.01760160923004,40.70650631928235],[-74.01765525341034,40.706404655398735],[-74.01774644851685,40.70619726059497],[-74.01755332946777,40.70611592912308],[-74.01749432086945,40.706266392268],[-74.01741921901703,40.70642092163055]]]}},{"type":"Feature","properties":{"id":"bde5642a-08a4-4d2e-acd1-173f276caa9b","height":64.2,"subtype":null,"class":null},"geometry":{"type":"Polygon","coordinates":[[[-74.01589572429657,40.709470769883495],[-74.01591718196869,40.70941790703665],[-74.01572942733765,40.709373176902695],[-74.01557922363281,40.70976761432087],[-74.01578307151794,40.70981234418987],[-74.01584208011627,40.709653756336955],[-74.01589035987854,40.709665955415964],[-74.01596546173096,40.70948296899603],[-74.01589572429657,40.709470769883495]]]}},{"type":"Feature","properties":{"id":"dac10ff3-e075-4ed8-bb7b-297c5b3e9ecb","height":133.1,"subtype":"commercial","class":"hotel"},"geometry":{"type":"Polygon","coordinates":[[[-74.01219964027405,40.70394840880251],[-74.01245176792145,40.70396060892667],[-74.01244640350342,40.703871141297576],[-74.01236057281494,40.7038670745843],[-74.01233911514282,40.703769473391375],[-74.0122640132904,40.70376133995217],[-74.01225864887238,40.70379387370302],[-74.01222109794617,40.70378980698503],[-74.01219964027405,40.70394840880251]]]}},{"type":"Feature","properties":{"id":"46157c3e-cbc7-4981-97eb-b2185eadad26","height":14.8,"subtype":null,"class":null},"geometry":{"type":"Polygon","coordinates":[[[-74.00664210319519,40.71076386337593],[-74.00658309459686,40.71080859257571],[-74.00676548480988,40.710963111398314],[-74.00682985782623,40.71091838230233],[-74.00664210319519,40.71076386337593]]]}},{"type":"Feature","properties":{"id":"df69b576-c45f-48a8-b036-7ed7ddc48217","height":28.6660099029541,"subtype":"commercial","class":"office"},"geometry":{"type":"Polygon","coordinates":[[[-74.01377141475677,40.70305779370249],[-74.01418447494507,40.703065927227605],[-74.0141898393631,40.70300899253093],[-74.01420056819916,40.70300899253093],[-74.0141898393631,40.702943924246576],[-74.01416301727295,40.70287885589865],[-74.01411473751068,40.70281785426476],[-74.01405036449432,40.70277718647775],[-74.01396453380585,40.702744652230294],[-74.01386797428131,40.702732451883406],[-74.01386260986328,40.70273651866596],[-74.01378750801086,40.70273651866596],[-74.01377141475677,40.70305779370249]]]}},{"type":"Feature","properties":{"id":"2c369a40-137f-4cd9-a198-90ee92d69130","height":16.4,"subtype":null,"class":null},"geometry":{"type":"Polygon","coordinates":[[[-74.00504350662231,40.70823458155863],[-74.00494694709778,40.70802719245363],[-74.0048611164093,40.708055657663145],[-74.00495767593384,40.708267113124336],[-74.00504350662231,40.70823458155863]]]}},{"type":"Feature","properties":{"id":"2af385d6-2c0a-498c-995f-64ffb0cbeee4","height":17.8,"subtype":"religious","class":"church"},"geometry":{"type":"Polygon","coordinates":[[[-74.00958716869354,40.71257333884281],[-74.00982320308685,40.71229277171071],[-74.00955498218536,40.71216671942589],[-74.00931894779205,40.71244322089957],[-74.00958716869354,40.71257333884281]]]}},{"type":"Feature","properties":{"id":"865d5356-0931-4463-8be0-05735afa7970","height":29,"subtype":"commercial","class":"commercial"},"geometry":{"type":"Polygon","coordinates":[[[-74.01114284992218,40.70107318388676],[-74.01122331619263,40.70105284946376],[-74.01137351989746,40.7014310687155],[-74.01230692863464,40.701219591549105],[-74.01227474212646,40.70114232087853],[-74.01225328445435,40.701146387758165],[-74.01216208934784,40.70091864211627],[-74.01224792003632,40.700898307646085],[-74.0122264623642,40.70084137109656],[-74.01224792003632,40.70083730419831],[-74.01219427585602,40.70070309641652],[-74.01219964027405,40.70069902950983],[-74.01218891143799,40.70067462806443],[-74.01214599609375,40.70068276188055],[-74.01215136051178,40.700690895695686],[-74.01183485984802,40.70076409998722],[-74.01182949542999,40.700751899277556],[-74.01178121566772,40.70076409998722],[-74.01178658008575,40.70077223379243],[-74.01147544384003,40.700845437994566],[-74.011470079422,40.70082917040106],[-74.0114164352417,40.70084137109656],[-74.01142179965973,40.70085763868711],[-74.01112675666809,40.700922709009554],[-74.01112675666809,40.70091457522272],[-74.01108384132385,40.700922709009554],[-74.01114284992218,40.70107318388676]]]}},{"type":"Feature","properties":{"id":"1a831893-5449-4e8c-8dec-9ac367b2cb63","height":6,"subtype":null,"class":null},"geometry":{"type":"Polygon","coordinates":[[[-74.01531100273132,40.707669343067515],[-74.01527881622314,40.70765714362271],[-74.01525735855103,40.707689675470505],[-74.0152895450592,40.70770187490935],[-74.01531100273132,40.707669343067515]]]}},{"type":"Feature","properties":{"id":"27101fe2-d767-4d14-b27c-54f6b5d2ff9d","height":36.6,"subtype":"civic","class":"government"},"geometry":{"type":"Polygon","coordinates":[[[-74.00598764419556,40.71290676491173],[-74.0062290430069,40.71302468348766],[-74.00644361972809,40.71277664762008],[-74.0063202381134,40.712711588878896],[-74.00627732276917,40.712764449110935],[-74.00615930557251,40.71270752270547],[-74.00618076324463,40.71268719183456],[-74.00599837303162,40.71259773592886],[-74.00598227977753,40.71261806682709],[-74.0058696269989,40.71256114029644],[-74.00591254234314,40.71250827990296],[-74.00578916072845,40.71244322089957],[-74.00556921958923,40.71269532418366],[-74.00581061840057,40.71281730930103],[-74.00578916072845,40.7128376401322],[-74.00596618652344,40.71292709571559],[-74.00598764419556,40.71290676491173]]]}},{"type":"Feature","properties":{"id":"9dfd0b08-c694-4655-9b6d-fef8031cbc75","height":98.6,"subtype":null,"class":null},"geometry":{"type":"Polygon","coordinates":[[[-74.00739848613739,40.704871545217856],[-74.00746285915375,40.70482681203018],[-74.00726974010468,40.704668212304426],[-74.00710344314575,40.70479021212697],[-74.00725364685059,40.70491221172604],[-74.00736093521118,40.70483901199343],[-74.00739848613739,40.704871545217856]]]}},{"type":"Feature","properties":{"id":"13e0040b-f678-4bac-911e-aa7f904d6a7c","height":16.5,"subtype":"residential","class":"apartments"},"geometry":{"type":"Polygon","coordinates":[[[-74.00342345237732,40.70920238884217],[-74.00330543518066,40.709304048454776],[-74.00340735912323,40.709369110525394],[-74.00338590145111,40.70938130965657],[-74.00343418121338,40.70941384066208],[-74.00345027446747,40.709397575161304],[-74.00351464748383,40.7094382389058],[-74.00349855422974,40.70945450439662],[-74.00354146957397,40.70948703536637],[-74.0035629272461,40.709470769883495],[-74.00356829166412,40.709474836254586],[-74.00357902050018,40.709466703512135],[-74.0036004781723,40.70948296899603],[-74.00358974933624,40.709491101736475],[-74.0036004781723,40.70949516810633],[-74.00358438491821,40.70951143358327],[-74.00363266468048,40.70954396452521],[-74.00364875793457,40.70952769905622],[-74.00373995304108,40.70958869454442],[-74.00371313095093,40.70961309272407],[-74.0037453174591,40.709633424533614],[-74.00377750396729,40.70960902636142],[-74.00378823280334,40.70961715908647],[-74.00384187698364,40.70957242908637],[-74.00380432605743,40.70954803089183],[-74.00382578372955,40.70952769905622],[-74.00388479232788,40.70956429635586],[-74.00393843650818,40.70951549995187],[-74.0039598941803,40.70952769905622],[-74.0040510892868,40.709450438024284],[-74.00402426719666,40.7094382389058],[-74.00407791137695,40.70938944240943],[-74.00405645370483,40.709373176902695],[-74.00407791137695,40.709352845013704],[-74.00397062301636,40.7092796501619],[-74.00389552116394,40.70934471225635],[-74.00387942790985,40.70933251311849],[-74.00383651256561,40.709369110525394],[-74.00385797023773,40.70938130965657],[-74.00378823280334,40.70944230527888],[-74.0037614107132,40.70942603978505],[-74.00378286838531,40.709409774287266],[-74.00373458862305,40.70937724327977],[-74.00371313095093,40.709393508785496],[-74.00368094444275,40.709369110525394],[-74.00369703769684,40.709352845013704],[-74.0036541223526,40.70932438035868],[-74.00363266468048,40.70934064587732],[-74.00356829166412,40.709295915691484],[-74.00358438491821,40.7092796501619],[-74.00353610515594,40.70925118547558],[-74.00352001190186,40.70926745101212],[-74.00342345237732,40.70920238884217]]]}},{"type":"Feature","properties":{"id":"f7487f74-c9dc-49cf-9897-951df6533e12","height":76.8,"subtype":"commercial","class":"hotel"},"geometry":{"type":"Polygon","coordinates":[[[-74.0097051858902,40.70943010615887],[-74.00967836380005,40.70941790703665],[-74.00958180427551,40.70952363268835],[-74.00991439819336,40.70969441992498],[-74.01006996631622,40.70951956632023],[-74.00995194911957,40.7094585707687],[-74.00989294052124,40.70952769905622],[-74.00980174541473,40.70948296899603],[-74.00988757610321,40.709393508785496],[-74.00978565216064,40.70934064587732],[-74.0097051858902,40.70943010615887]]]}},{"type":"Feature","properties":{"id":"9fb958e8-7f20-4f39-a93e-d5f3cab0ea23","subtype":"service","class":"service"},"geometry":{"type":"Polygon","coordinates":[[[-74.0060144662857,40.71127214796783],[-74.00605201721191,40.71124775039606],[-74.0059769153595,40.71118269016101],[-74.00593936443329,40.711207087756584],[-74.0060144662857,40.71127214796783]]]}},{"type":"Feature","properties":{"id":"e6896c54-a3cc-448f-a22a-f808bbcb3f0e","height":30.466388702392578,"subtype":"residential","class":"apartments"},"geometry":{"type":"Polygon","coordinates":[[[-74.01687741279602,40.70644532097081],[-74.01711344718933,40.70654698479232],[-74.01731729507446,40.70601833122571],[-74.01708126068115,40.70591666659717],[-74.01687741279602,40.70644532097081]]]}},{"type":"Feature","properties":{"id":"2bbc19b9-b987-453e-b8c7-449228ed33aa","height":3,"subtype":"service","class":"service"},"geometry":{"type":"Polygon","coordinates":[[[-74.01390552520752,40.70468447896036],[-74.01393234729767,40.70469261228682],[-74.01394307613373,40.70467227896878],[-74.01391625404358,40.70466414563983],[-74.01390552520752,40.70468447896036]]]}},{"type":"Feature","properties":{"id":"72fbb45b-1258-41f4-90aa-1033681b6982","height":91.8,"subtype":null,"class":null},"geometry":{"type":"Polygon","coordinates":[[[-74.00497913360596,40.705985798561436],[-74.00502741336823,40.70602646438928],[-74.00510787963867,40.70596953222337],[-74.00487184524536,40.705770269259425],[-74.00479137897491,40.705831268189264],[-74.00497913360596,40.705985798561436]]]}},{"type":"Feature","properties":{"id":"8c1efcdc-da2b-4390-a317-238b01c801a6","subtype":null,"class":null},"geometry":{"type":"Polygon","coordinates":[[[-74.00805294513702,40.70818578418028],[-74.00807976722717,40.708173584830085],[-74.00805294513702,40.708145119670974],[-74.00802612304688,40.70815731902638],[-74.00805294513702,40.70818578418028]]]}},{"type":"Feature","properties":{"id":"6f55c6db-d2a9-4ac4-9b96-1e930bc35e31","height":19.6,"subtype":null,"class":null},"geometry":{"type":"Polygon","coordinates":[[[-74.00372385978699,40.70641685507297],[-74.00365948677063,40.706359923240804],[-74.00349855422974,40.70646972030211],[-74.003546833992,40.7065225854893],[-74.00372385978699,40.70641685507297]]]}},{"type":"Feature","properties":{"id":"ba10fa60-3d3b-4e98-be35-8e85d86f43c5","height":14.1,"subtype":null,"class":null},"geometry":{"type":"Polygon","coordinates":[[[-74.01755332946777,40.70611592912308],[-74.01731729507446,40.70601833122571],[-74.01711344718933,40.70654698479232],[-74.01727974414825,40.70662018264772],[-74.01734411716461,40.70654291824244],[-74.01741921901703,40.70642092163055],[-74.01749432086945,40.706266392268],[-74.01755332946777,40.70611592912308]]]}},{"type":"Feature","properties":{"id":"11e75283-6b5d-426c-9e74-b37782294e04","height":22,"subtype":"religious","class":"church"},"geometry":{"type":"Polygon","coordinates":[[[-74.00874495506287,40.706860108387474],[-74.00873959064484,40.70685604185672],[-74.00852501392365,40.70707563416247],[-74.00867521762848,40.70717729702178],[-74.00891125202179,40.706941438950565],[-74.0087503194809,40.70685197532571],[-74.00874495506287,40.706860108387474]]]}},{"type":"Feature","properties":{"id":"53a80c4f-1bb7-4f17-bac9-7e0a95328bc7","height":28.532384872436523,"subtype":"residential","class":"apartments"},"geometry":{"type":"Polygon","coordinates":[[[-74.0119206905365,40.707291159239965],[-74.01229619979858,40.70683570919918],[-74.01189386844635,40.706656781545234],[-74.01163637638092,40.70705936809059],[-74.0113627910614,40.70747008518949],[-74.0113627910614,40.70750261712867],[-74.01151835918427,40.70758801339339],[-74.01160955429077,40.707616478790634],[-74.01165783405304,40.70760834582124],[-74.0119206905365,40.707291159239965]]]}},{"type":"Feature","properties":{"id":"29c181e8-e0b1-4596-9c15-f42944b2a03a","height":72.7,"subtype":null,"class":null},"geometry":{"type":"Polygon","coordinates":[[[-74.01208698749542,40.70473327890426],[-74.01188850402832,40.70473734556465],[-74.01188850402832,40.70488781182412],[-74.01207625865936,40.70489594512576],[-74.01208698749542,40.70473327890426]]]}},{"type":"Feature","properties":{"id":"b5605d59-636c-4181-b0ed-965b606cb139","height":71.8,"subtype":null,"class":null},"geometry":{"type":"Polygon","coordinates":[[[-74.00644361972809,40.70866968993481],[-74.00671720504761,40.70842163784444],[-74.00651335716248,40.70829151178819],[-74.00614857673645,40.708604627180826],[-74.0063738822937,40.70876321753229],[-74.00646507740021,40.70868595561339],[-74.00644361972809,40.70866968993481]]]}},{"type":"Feature","properties":{"id":"8b78ebf9-e14d-4325-9e33-767273188684","height":85.7,"subtype":null,"class":null},"geometry":{"type":"Polygon","coordinates":[[[-74.00899708271027,40.709592760908336],[-74.00906682014465,40.70962935817221],[-74.00891661643982,40.709800145137656],[-74.00898098945618,40.70984894133306],[-74.00908827781677,40.70971068535323],[-74.00904536247253,40.70969441992498],[-74.0090936422348,40.70964562361635],[-74.00913119316101,40.709665955415964],[-74.00927066802979,40.70951956632023],[-74.0090936422348,40.709369110525394],[-74.0087878704071,40.70970661899654],[-74.00885224342346,40.70975541526048],[-74.00899708271027,40.709592760908336]]]}},{"type":"Feature","properties":{"id":"2d580e56-2ee9-48a5-a534-16fe76686711","height":3,"subtype":"civic","class":null},"geometry":{"type":"Polygon","coordinates":[[[-74.00373458862305,40.70796212907191],[-74.00376677513123,40.70792959735721],[-74.00375068187714,40.70792146442606],[-74.00371849536896,40.707953996144724],[-74.00373458862305,40.70796212907191]]]}},{"type":"Feature","properties":{"id":"36a5cb53-5b93-4c87-8197-37794510796c","height":2.8,"subtype":null,"class":null},"geometry":{"type":"Polygon","coordinates":[[[-74.0139377117157,40.701065050118295],[-74.01394844055176,40.701012180599136],[-74.01389479637146,40.701004046823215],[-74.01387870311737,40.70105691634885],[-74.0139377117157,40.701065050118295]]]}},{"type":"Feature","properties":{"id":"27a488ac-37be-4e44-913c-4dd6e64b46e4","height":65.6,"subtype":null,"class":null},"geometry":{"type":"Polygon","coordinates":[[[-74.00691568851471,40.7094463716517],[-74.00686204433441,40.70941790703665],[-74.00669038295746,40.70959682727198],[-74.00684058666229,40.709674088134065],[-74.00702834129333,40.709478902625435],[-74.00699079036713,40.7094585707687],[-74.00696933269501,40.709474836254586],[-74.00691568851471,40.7094463716517]]]}},{"type":"Feature","properties":{"id":"eded5ea0-e860-4dd4-970c-6649fd955133","height":37.7,"subtype":null,"class":null},"geometry":{"type":"Polygon","coordinates":[[[-74.00897026062012,40.709999396043756],[-74.0088951587677,40.70994653361657],[-74.0086430311203,40.71023524328452],[-74.00872886180878,40.71027590651747],[-74.00897026062012,40.709999396043756]]]}},{"type":"Feature","properties":{"id":"82b88fb2-38b8-4d9b-892b-3220ddc4ac39","subtype":null,"class":null},"geometry":{"type":"Polygon","coordinates":[[[-74.01174366474152,40.70414767721733],[-74.01170074939728,40.70414767721733],[-74.01167929172516,40.704505545526736],[-74.01195287704468,40.70450147885221],[-74.01195824146271,40.70446081209323],[-74.01205480098724,40.70446487877024],[-74.01204943656921,40.704155810609365],[-74.01174366474152,40.70414767721733]]]}},{"type":"Feature","properties":{"id":"5ae9beed-3aa7-4ef8-94a0-0bbd0dd84b6c","height":61.3,"subtype":null,"class":null},"geometry":{"type":"Polygon","coordinates":[[[-74.0067332983017,40.70954803089183],[-74.00686204433441,40.70941790703665],[-74.00673866271973,40.70934471225635],[-74.00655627250671,40.70952769905622],[-74.00669038295746,40.70959682727198],[-74.0067332983017,40.70954803089183]]]}},{"type":"Feature","properties":{"id":"52d20248-bdd4-412d-bbd4-fdef54aa3276","subtype":"civic","class":null},"geometry":{"type":"Polygon","coordinates":[[[-74.01103019714355,40.70299679223247],[-74.0110731124878,40.702984591931745],[-74.01106774806976,40.70296832486067],[-74.0110194683075,40.70298052516435],[-74.01103019714355,40.70299679223247]]]}},{"type":"Feature","properties":{"id":"836410f6-3e15-48e2-aaed-80772a1df0e3","height":4,"subtype":null,"class":null},"geometry":{"type":"Polygon","coordinates":[[[-74.01329398155212,40.71357361204047],[-74.01331007480621,40.713557347555806],[-74.01326715946198,40.71354108306719],[-74.01325643062592,40.713553281434024],[-74.01329398155212,40.71357361204047]]]}},{"type":"Feature","properties":{"id":"521c230b-0629-4add-81f3-e80e92db0500","subtype":"transportation","class":"train_station"},"geometry":{"type":"Polygon","coordinates":[[[-74.0144956111908,40.70278938681648],[-74.01452243328094,40.702781253257584],[-74.01444733142853,40.70267145011542],[-74.01437759399414,40.7026999176141],[-74.01443123817444,40.70277718647775],[-74.01444733142853,40.70276905291739],[-74.01447415351868,40.702801587152926],[-74.0144956111908,40.70278938681648]]]}},{"type":"Feature","properties":{"id":"6e8dfe7d-8779-4b72-84a4-a71ff866475f","height":40,"subtype":null,"class":null},"geometry":{"type":"Polygon","coordinates":[[[-74.00533318519592,40.708844545771164],[-74.00552093982697,40.70871035412378],[-74.00549411773682,40.70868188919412],[-74.00546193122864,40.708694088451175],[-74.00540828704834,40.708629025721024],[-74.00519907474518,40.708714420541305],[-74.00530099868774,40.708848612180496],[-74.00533318519592,40.708844545771164]]]}},{"type":"Feature","properties":{"id":"6013ee77-6147-4df0-92ff-1a3bac1dbd5a","height":16,"subtype":null,"class":null},"geometry":{"type":"Polygon","coordinates":[[[-74.00906682014465,40.70962935817221],[-74.00899708271027,40.709592760908336],[-74.00885224342346,40.70975541526048],[-74.00891661643982,40.709800145137656],[-74.00906682014465,40.70962935817221]]]}},{"type":"Feature","properties":{"id":"c2b5ba43-8f4d-444a-b66e-5c32b9a51260","height":133.2,"subtype":null,"class":null},"geometry":{"type":"Polygon","coordinates":[[[-74.01621222496033,40.70849890007003],[-74.01607275009155,40.70868595561339],[-74.01647508144379,40.708812014487535],[-74.01658773422241,40.708665623514555],[-74.0167111158371,40.708706287706],[-74.01686668395996,40.708502966500475],[-74.01675403118134,40.70845416931877],[-74.01681303977966,40.708372840603154],[-74.01636779308319,40.70818578418028],[-74.01615858078003,40.70847856791409],[-74.01621222496033,40.70849890007003]]]}},{"type":"Feature","properties":{"id":"20298639-65c1-4283-8415-8b688dfc3c38","height":25,"subtype":null,"class":null},"geometry":{"type":"Polygon","coordinates":[[[-74.00804221630096,40.705953265881305],[-74.00821387767792,40.706038664132784],[-74.0079939365387,40.70629892479517],[-74.00870203971863,40.70671371312364],[-74.00908827781677,40.7062582591337],[-74.00821387767792,40.7057743358565],[-74.00804221630096,40.705953265881305]]]}},{"type":"Feature","properties":{"id":"f844309a-c67a-414c-a9e6-e160bd21cb4b","subtype":null,"class":null},"geometry":{"type":"Polygon","coordinates":[[[-74.01118576526642,40.70232170556717],[-74.01108384132385,40.70199636015263],[-74.01098728179932,40.70201262746109],[-74.01108920574188,40.70234203960282],[-74.01118576526642,40.70232170556717]]]}},{"type":"Feature","properties":{"id":"5e0ba481-ade7-46dd-b9eb-53749280b578","height":42.2,"subtype":"residential","class":"apartments"},"geometry":{"type":"Polygon","coordinates":[[[-74.00751113891602,40.70896247154109],[-74.00728046894073,40.7087916824272],[-74.00701224803925,40.709060065123786],[-74.00722682476044,40.709182056901014],[-74.00732338428497,40.70908446349711],[-74.00736629962921,40.70911292825469],[-74.00751113891602,40.70896247154109]]]}},{"type":"Feature","properties":{"id":"27012abc-0935-41c7-94cc-db7fdfd8b5b4","height":68.7,"subtype":"residential","class":"dormitory"},"geometry":{"type":"Polygon","coordinates":[[[-74.0073823928833,40.709092596286226],[-74.00747358798981,40.709145459391316],[-74.00739848613739,40.7092227207771],[-74.00753796100616,40.709304048454776],[-74.0077257156372,40.709116994647644],[-74.00751113891602,40.70896247154109],[-74.0073823928833,40.709092596286226]]]}},{"type":"Feature","properties":{"id":"5db3d714-c8ba-456b-9d44-243f28c574c3","height":12,"subtype":null,"class":null},"geometry":{"type":"Polygon","coordinates":[[[-74.01679694652557,40.710458890758424],[-74.01682913303375,40.71038569712238],[-74.01646435260773,40.71030437076575],[-74.01636779308319,40.710552415842955],[-74.01673257350922,40.710633741896636],[-74.01679694652557,40.710458890758424]]]}},{"type":"Feature","properties":{"id":"4d81ce6b-7f5c-4dc8-81cc-922363f19a14","height":18.6,"subtype":null,"class":null},"geometry":{"type":"Polygon","coordinates":[[[-74.00554776191711,40.71006445743498],[-74.00544583797455,40.71014985041451],[-74.005526304245,40.710223044309785],[-74.00558531284332,40.71017424838855],[-74.00567650794983,40.710247442257],[-74.00573551654816,40.71019051369959],[-74.00554776191711,40.71006445743498]]]}},{"type":"Feature","properties":{"id":"e6cf4a5c-8f49-4d72-8188-8dfc85313f1e","height":53.6,"subtype":null,"class":null},"geometry":{"type":"Polygon","coordinates":[[[-74.01621758937836,40.70993840093175],[-74.01637852191925,40.70951956632023],[-74.01619613170624,40.709478902625435],[-74.01615858078003,40.70957649545126],[-74.01619613170624,40.70958462818029],[-74.01614248752594,40.70971881806589],[-74.01610493659973,40.70971068535323],[-74.01608884334564,40.70975948161419],[-74.0160620212555,40.70975134890652],[-74.01604056358337,40.709800145137656],[-74.01601910591125,40.70979607878643],[-74.01598691940308,40.709885538456135],[-74.01621758937836,40.70993840093175]]]}},{"type":"Feature","properties":{"id":"82adf173-83f1-4298-a323-aeac622c18f5","height":162.5,"subtype":"residential","class":"apartments"},"geometry":{"type":"Polygon","coordinates":[[[-74.0155041217804,40.70604679729386],[-74.01541829109192,40.70602646438928],[-74.01533246040344,40.70623385972493],[-74.0158098936081,40.706347723556135],[-74.01589035987854,40.70615252829772],[-74.01549875736237,40.70605493045398],[-74.0155041217804,40.70604679729386]]]}},{"type":"Feature","properties":{"id":"99403d32-23f1-4e1d-934a-4e0a36f37969","subtype":null,"class":null},"geometry":{"type":"Polygon","coordinates":[[[-74.01027381420135,40.71366713275011],[-74.0103167295456,40.71368746332179],[-74.01032745838165,40.71367119886495],[-74.01028990745544,40.71365493440414],[-74.01027381420135,40.71366713275011]]]}},{"type":"Feature","properties":{"id":"b27d1ada-d826-494a-87cf-7eeb42d69155","height":16.7,"subtype":null,"class":null},"geometry":{"type":"Polygon","coordinates":[[[-74.00778472423553,40.709633424533614],[-74.00761842727661,40.709800145137656],[-74.00792956352234,40.70995873264196],[-74.00811731815338,40.70976761432087],[-74.00781154632568,40.70960495999852],[-74.00778472423553,40.709633424533614]]]}},{"type":"Feature","properties":{"id":"511ba0f5-e9b4-4c7e-b7f7-712d3c647077","height":204,"subtype":null,"class":null},"geometry":{"type":"Polygon","coordinates":[[[-74.00500059127808,40.705644204627404],[-74.00503277778625,40.70561573838715],[-74.0047162771225,40.70536360829946],[-74.00458753108978,40.70545714054013],[-74.00490403175354,40.70570927027373],[-74.00500059127808,40.705644204627404]]]}},{"type":"Feature","properties":{"id":"fca1b00e-a0e9-41a0-9e7b-56e4ec867461","height":113.4,"subtype":null,"class":null},"geometry":{"type":"Polygon","coordinates":[[[-74.00804221630096,40.713061278865304],[-74.00809586048126,40.71308567577257],[-74.00821924209595,40.71292709571559],[-74.00771498680115,40.71270345653176],[-74.00744140148163,40.713057212713224],[-74.0078866481781,40.713260520013],[-74.00804221630096,40.713061278865304]]]}},{"type":"Feature","properties":{"id":"87653477-6156-4948-a464-c1bcc9772d56","height":19.3,"subtype":null,"class":null},"geometry":{"type":"Polygon","coordinates":[[[-74.00848746299744,40.71015798307351],[-74.00841772556305,40.71012138610016],[-74.0081924200058,40.710373498175215],[-74.00826752185822,40.71041009501],[-74.00848746299744,40.71015798307351]]]}},{"type":"Feature","properties":{"id":"1201ab99-74b9-4547-bfe7-4b65a3e4db43","height":99.3,"subtype":null,"class":null},"geometry":{"type":"Polygon","coordinates":[[[-74.01052057743073,40.706099662816776],[-74.01020407676697,40.705981731977296],[-74.0101021528244,40.70614439514954],[-74.01027381420135,40.70620539373671],[-74.01024162769318,40.70626232570099],[-74.01039183139801,40.706315191052795],[-74.01052057743073,40.706099662816776]]]}},{"type":"Feature","properties":{"id":"8cc9bda3-c165-49e0-957b-2508c79c7f67","height":62.1,"subtype":null,"class":null},"geometry":{"type":"Polygon","coordinates":[[[-74.00737166404724,40.713459760564454],[-74.00747895240784,40.713508554078025],[-74.00742530822754,40.71357767816101],[-74.00757551193237,40.713646802172235],[-74.00771498680115,40.71347602507296],[-74.0077257156372,40.71348415732571],[-74.0077793598175,40.71341503314563],[-74.00730192661285,40.71319952788825],[-74.00717318058014,40.71336623956353],[-74.00730192661285,40.71342316540583],[-74.00733947753906,40.71337843796242],[-74.00740921497345,40.71341096701516],[-74.00737166404724,40.713459760564454]]]}},{"type":"Feature","properties":{"id":"20b7dacc-8576-4df4-b9c2-f1134f759c05","subtype":null,"class":null},"geometry":{"type":"Polygon","coordinates":[[[-74.00981783866882,40.702712117966946],[-74.00985538959503,40.702744652230294],[-74.00986611843109,40.70273651866596],[-74.00972127914429,40.70260638150131],[-74.00971055030823,40.70261858187129],[-74.00981783866882,40.702712117966946]]]}},{"type":"Feature","properties":{"id":"52affab7-c867-455e-8ed0-45d5f025dbf2","height":92.6,"subtype":"commercial","class":"hotel"},"geometry":{"type":"Polygon","coordinates":[[[-74.00750041007996,40.705562872480115],[-74.00729656219482,40.705428674219924],[-74.00720536708832,40.70549780669076],[-74.00741994380951,40.7056279382059],[-74.00750041007996,40.705562872480115]]]}},{"type":"Feature","properties":{"id":"79c593b9-d641-4173-8740-76d995b703bc","height":32.6,"subtype":null,"class":null},"geometry":{"type":"Polygon","coordinates":[[[-74.00973200798035,40.70890554188512],[-74.00960862636566,40.70884047936158],[-74.00944232940674,40.709011268350324],[-74.00969445705414,40.70914139300011],[-74.009850025177,40.70896653794322],[-74.00973200798035,40.70890554188512]]]}},{"type":"Feature","properties":{"id":"8e101c36-d3e9-4d97-9b7b-92cc3068f14d","subtype":"service","class":"service"},"geometry":{"type":"Polygon","coordinates":[[[-74.01406645774841,40.70163847836114],[-74.01409864425659,40.701634411511556],[-74.01409864425659,40.701585609297105],[-74.01406645774841,40.701585609297105],[-74.01406645774841,40.70163847836114]]]}},{"type":"Feature","properties":{"id":"70d8bcb6-359e-4c24-8f27-5316f7278f48","height":55.5,"subtype":"commercial","class":"commercial"},"geometry":{"type":"Polygon","coordinates":[[[-74.00910973548889,40.70972695077754],[-74.00908827781677,40.70971068535323],[-74.00898098945618,40.70984894133306],[-74.00912582874298,40.70994653361657],[-74.00921165943146,40.70984080863631],[-74.00910437107086,40.70977574702657],[-74.00913119316101,40.709747282552314],[-74.00910973548889,40.70972695077754]]]}},{"type":"Feature","properties":{"id":"6fc5f593-8362-46cc-8514-ac359c602c07","height":240,"subtype":null,"class":null},"geometry":{"type":"Polygon","coordinates":[[[-74.013991355896,40.709007201950904],[-74.01413083076477,40.70864529140954],[-74.01386260986328,40.708576162205965],[-74.0138304233551,40.70863309214352],[-74.01379823684692,40.70862089287529],[-74.01374995708466,40.70871035412378],[-74.01378750801086,40.708722553375615],[-74.0136855840683,40.708864877815365],[-74.013991355896,40.709007201950904]]]}},{"type":"Feature","properties":{"id":"0793c507-04a3-475f-84b6-c2b5c0d67b42","height":42.1,"subtype":null,"class":null},"geometry":{"type":"Polygon","coordinates":[[[-74.01685059070587,40.7094463716517],[-74.0167111158371,40.7097025526396],[-74.01689350605011,40.709743216197865],[-74.01693105697632,40.70964155725569],[-74.01764452457428,40.70980421148865],[-74.01770889759064,40.70964155725569],[-74.01685059070587,40.7094463716517]]]}},{"type":"Feature","properties":{"id":"0a219266-fda9-440b-a295-1a26f9cccc93","height":16.4,"subtype":null,"class":null},"geometry":{"type":"Polygon","coordinates":[[[-74.00880932807922,40.71244322089957],[-74.00876641273499,40.71242288994796],[-74.00865912437439,40.71254894174782],[-74.00876104831696,40.71259773592886],[-74.00886297225952,40.712467618033294],[-74.00880932807922,40.71244322089957]]]}},{"type":"Feature","properties":{"id":"ecfd7886-f726-4647-b205-47be266b5783","height":42.3,"subtype":null,"class":null},"geometry":{"type":"Polygon","coordinates":[[[-74.0097427368164,40.70934471225635],[-74.00968372821808,40.70931624759787],[-74.00951743125916,40.70949923447595],[-74.00957643985748,40.70952769905622],[-74.0097427368164,40.70934471225635]]]}},{"type":"Feature","properties":{"id":"915fe13c-6fb8-4756-8b8f-d0fe690323cc","height":33.7244987487793,"subtype":null,"class":null},"geometry":{"type":"Polygon","coordinates":[[[-74.01723682880402,40.711471394469264],[-74.01726365089417,40.711479526966855],[-74.01723146438599,40.71155678564451],[-74.0172690153122,40.71156491813168],[-74.01729583740234,40.711491725711404],[-74.01734411716461,40.71149985820651],[-74.01740312576294,40.71134534062947],[-74.01737630367279,40.711337208115495],[-74.01738166809082,40.71132094308452],[-74.01785373687744,40.71142259946281],[-74.01792347431183,40.71123961787016],[-74.01715099811554,40.71106883459666],[-74.01708126068115,40.71125181665865],[-74.01732802391052,40.71130874430871],[-74.01729583740234,40.711390069438636],[-74.01727437973022,40.711381936930124],[-74.01723682880402,40.711471394469264]]]}},{"type":"Feature","properties":{"id":"b3e092ed-3eb4-4e52-a18d-4209e39d43e1","height":3,"subtype":null,"class":null},"geometry":{"type":"Polygon","coordinates":[[[-74.00593936443329,40.71228463931244],[-74.0059769153595,40.712300904107984],[-74.00599837303162,40.71227244071316],[-74.00596082210541,40.712252109709425],[-74.00593936443329,40.71228463931244]]]}},{"type":"Feature","properties":{"id":"34d7b117-66cf-4752-a2a4-57562923a66f","height":30,"subtype":null,"class":null},"geometry":{"type":"Polygon","coordinates":[[[-74.0097427368164,40.70376133995217],[-74.01004314422607,40.704025676217796],[-74.01015043258667,40.70395654221886],[-74.00986075401306,40.703675938780584],[-74.0097427368164,40.70376133995217]]]}},{"type":"Feature","properties":{"id":"8c467bb0-68c5-4349-971d-72eac6c0a45c","height":134.2,"subtype":null,"class":null},"geometry":{"type":"Polygon","coordinates":[[[-74.01727437973022,40.705432740837836],[-74.01723682880402,40.705424607601756],[-74.01712417602539,40.70573773647401],[-74.01778399944305,40.70601426464353],[-74.01781618595123,40.70588413388326],[-74.01781618595123,40.70575806946676],[-74.01778936386108,40.7055994719587],[-74.01774644851685,40.70548560684818],[-74.01729047298431,40.705392074647484],[-74.01727437973022,40.705432740837836]]]}},{"type":"Feature","properties":{"id":"cbb607e3-ac2f-47bc-a568-4ddebf147a18","height":35,"subtype":null,"class":null},"geometry":{"type":"Polygon","coordinates":[[[-74.00712490081787,40.706872307978266],[-74.00711953639984,40.70688044103756],[-74.00728046894073,40.70699837028561],[-74.00746822357178,40.706795043865505],[-74.00748431682587,40.70681131000195],[-74.00758624076843,40.70672997927997],[-74.00741457939148,40.70662018264772],[-74.00724291801453,40.706795043865505],[-74.00721609592438,40.70677877772507],[-74.00712490081787,40.706872307978266]]]}},{"type":"Feature","properties":{"id":"d8faa9af-4f68-4207-b659-d09966d93132","height":16.5,"subtype":"residential","class":"apartments"},"geometry":{"type":"Polygon","coordinates":[[[-74.00330543518066,40.709304048454776],[-74.00347709655762,40.70915359217299],[-74.00349855422974,40.709169857733364],[-74.00353610515594,40.709133260216944],[-74.00351464748383,40.709121061040335],[-74.00357902050018,40.70906413151996],[-74.00344491004944,40.70897467074674],[-74.00338053703308,40.7090316003436],[-74.00336444377899,40.70901940114838],[-74.00332152843475,40.709051932330695],[-74.00334298610687,40.709068197915876],[-74.00328397750854,40.709116994647644],[-74.00326788425446,40.709104795468065],[-74.00317668914795,40.70918612328974],[-74.00319278240204,40.70919832245445],[-74.00308549404144,40.709291849309466],[-74.00306940078735,40.7092796501619],[-74.00297820568085,40.70935691139201],[-74.00299966335297,40.709369110525394],[-74.00294065475464,40.70941790703665],[-74.0029513835907,40.70942603978505],[-74.00293529033661,40.70944230527888],[-74.00292456150055,40.70943417253245],[-74.00291919708252,40.7094382389058],[-74.0028977394104,40.70942603978505],[-74.00286018848419,40.70946263714055],[-74.00287628173828,40.709474836254586],[-74.00284945964813,40.709503300845306],[-74.00277972221375,40.70945450439662],[-74.00275826454163,40.709474836254586],[-74.00282800197601,40.70951956632023],[-74.00281727313995,40.709531765423854],[-74.00288701057434,40.70957649545126],[-74.00294601917267,40.70952363268835],[-74.00301039218903,40.70956429635586],[-74.00308549404144,40.70949923447595],[-74.00310695171356,40.70951143358327],[-74.0031498670578,40.709478902625435],[-74.00312840938568,40.70946263714055],[-74.00318205356598,40.70941790703665],[-74.0032035112381,40.70943010615887],[-74.00328934192657,40.709352845013704],[-74.00326788425446,40.70934064587732],[-74.00330543518066,40.709304048454776]]]}},{"type":"Feature","properties":{"id":"97b01551-90d3-46cf-a4ce-408ea2bc507f","height":3,"subtype":null,"class":null},"geometry":{"type":"Polygon","coordinates":[[[-74.01515543460846,40.70916579134364],[-74.01518225669861,40.709169857733364],[-74.01519298553467,40.70914139300011],[-74.01516616344452,40.709137326608655],[-74.01515543460846,40.70916579134364]]]}},{"type":"Feature","properties":{"id":"1fdc6cf8-b27d-473c-9476-c03c41c46247","height":26.2,"subtype":"service","class":"service"},"geometry":{"type":"Polygon","coordinates":[[[-74.01526808738708,40.70509521070563],[-74.01505887508392,40.70504641102691],[-74.0149837732315,40.70522940963776],[-74.01532709598541,40.705306675566916],[-74.01540219783783,40.705123677168366],[-74.01526808738708,40.70509521070563]]]}},{"type":"Feature","properties":{"id":"5ec3ab90-50b8-4743-91f7-a8fd2cd31d75","height":4,"subtype":"service","class":"guardhouse"},"geometry":{"type":"Polygon","coordinates":[[[-74.01187241077423,40.709535831791214],[-74.01189386844635,40.70954396452521],[-74.01191532611847,40.70951143358327],[-74.01189386844635,40.709503300845306],[-74.01187241077423,40.709535831791214]]]}},{"type":"Feature","properties":{"id":"5778b7b1-c150-4654-b811-435cb368c22b","height":19.1,"subtype":"commercial","class":null},"geometry":{"type":"Polygon","coordinates":[[[-74.0101021528244,40.70435507840365],[-74.00997877120972,40.70426561130444],[-74.00984466075897,40.70437134513605],[-74.01002168655396,40.704505545526736],[-74.01017189025879,40.704387611864476],[-74.01011288166046,40.70434287835176],[-74.0101021528244,40.70435507840365]]]}},{"type":"Feature","properties":{"id":"096272d1-88a9-478a-9f63-13033ed3c27b","height":4.6,"subtype":"commercial","class":null},"geometry":{"type":"Polygon","coordinates":[[[-74.00619685649872,40.70682350960169],[-74.00613784790039,40.706860108387474],[-74.00622367858887,40.7069333058987],[-74.00627732276917,40.70699837028561],[-74.00635242462158,40.70696990462417],[-74.00635778903961,40.706957705051245],[-74.00619685649872,40.70682350960169]]]}},{"type":"Feature","properties":{"id":"888976af-6ac0-4605-afda-93a568bc453d","height":54.4,"subtype":null,"class":null},"geometry":{"type":"Polygon","coordinates":[[[-74.01050448417664,40.70471294559865],[-74.01044011116028,40.70475361220368],[-74.01056349277496,40.70489594512576],[-74.01060104370117,40.70487967852148],[-74.01067614555359,40.70502201117414],[-74.01104092597961,40.70498947802321],[-74.01101410388947,40.704822745375246],[-74.01072442531586,40.70485121195445],[-74.01071906089783,40.70483494533926],[-74.01062786579132,40.70484307864735],[-74.01062786579132,40.70485121195445],[-74.0106064081192,40.70485121195445],[-74.01050448417664,40.70471294559865]]]}},{"type":"Feature","properties":{"id":"9038f37e-fe9f-4388-8be0-4907756f06dc","height":4,"subtype":null,"class":null},"geometry":{"type":"Polygon","coordinates":[[[-74.01443123817444,40.711329075600496],[-74.01445269584656,40.71133314185813],[-74.01446342468262,40.71129247927079],[-74.01443660259247,40.7112884130107],[-74.01443123817444,40.711329075600496]]]}},{"type":"Feature","properties":{"id":"52c2350d-084a-426b-8022-b41bc8796cc2","subtype":null,"class":null},"geometry":{"type":"Polygon","coordinates":[[[-74.0124249458313,40.70130092900026],[-74.01245713233948,40.70129279525962],[-74.01244640350342,40.70127652777534],[-74.01241958141327,40.701280594646775],[-74.0124249458313,40.70130092900026]]]}},{"type":"Feature","properties":{"id":"a4f2a747-a15e-485d-b475-81a37335ae93","height":19.159648895263672,"subtype":"religious","class":"church"},"geometry":{"type":"Polygon","coordinates":[[[-74.01233911514282,40.70829151178819],[-74.01236057281494,40.708267113124336],[-74.01240885257721,40.70829151178819],[-74.01239275932312,40.70831591044311],[-74.01241958141327,40.70832810976721],[-74.01245176792145,40.708279312457385],[-74.01240885257721,40.708258980234405],[-74.01245176792145,40.70821018287391],[-74.01241421699524,40.70819391707915],[-74.01254296302795,40.70803125891287],[-74.01256442070007,40.70804345828913],[-74.01262879371643,40.70796212907191],[-74.01236593723297,40.70784013505985],[-74.01228547096252,40.70793773028737],[-74.01214063167572,40.707868600349315],[-74.01217818260193,40.70781980270279],[-74.01209771633148,40.7077832044444],[-74.01201725006104,40.70787673328693],[-74.01188850402832,40.70781573623061],[-74.01180267333984,40.70792146442606],[-74.01194214820862,40.70798652784751],[-74.01187241077423,40.70806785703494],[-74.01194214820862,40.7081003886821],[-74.0119743347168,40.70805972412065],[-74.01212453842163,40.708128853860316],[-74.01208698749542,40.708173584830085],[-74.01233911514282,40.70829151178819]]]}},{"type":"Feature","properties":{"id":"aebd657a-4498-4e3c-b6ea-3e5c63437d0d","height":10.8,"subtype":"civic","class":"fire_station"},"geometry":{"type":"Polygon","coordinates":[[[-74.01253759860992,40.70976761432087],[-74.0125161409378,40.70983674228757],[-74.01243567466736,40.70994246727428],[-74.01258587837219,40.71000752872113],[-74.01270925998688,40.7097025526396],[-74.01260197162628,40.70965782269686],[-74.01253759860992,40.70976761432087]]]}},{"type":"Feature","properties":{"id":"30ac98b9-5af5-4745-b490-d9b0d046091f","height":11,"subtype":null,"class":null},"geometry":{"type":"Polygon","coordinates":[[[-74.00554776191711,40.709007201950904],[-74.00571942329407,40.708864877815365],[-74.0055638551712,40.70874288545706],[-74.0053653717041,40.70888520985334],[-74.00554776191711,40.709007201950904]]]}},{"type":"Feature","properties":{"id":"6de35774-ddc0-4d6d-ad24-4f2ad1307460","height":20.593002319335938,"subtype":"commercial","class":"office"},"geometry":{"type":"Polygon","coordinates":[[[-74.00637924671173,40.706538851692315],[-74.00605201721191,40.706290791664856],[-74.00583744049072,40.706441254414706],[-74.00645434856415,40.70692923937242],[-74.00665283203125,40.706742178894594],[-74.00637924671173,40.706538851692315]]]}},{"type":"Feature","properties":{"id":"3e648e61-eb6f-4bf6-a7b7-fbda211fcd3d","height":3,"subtype":null,"class":null},"geometry":{"type":"Polygon","coordinates":[[[-74.00576770305634,40.708592427907384],[-74.00591790676117,40.708706287706],[-74.00597155094147,40.70865749067329],[-74.00582671165466,40.70854769721894],[-74.00576770305634,40.708592427907384]]]}},{"type":"Feature","properties":{"id":"43b7f047-782e-492c-a823-bb0c6487497a","height":14.3,"subtype":null,"class":null},"geometry":{"type":"Polygon","coordinates":[[[-74.01050448417664,40.70456654561493],[-74.01033818721771,40.704387611864476],[-74.01028990745544,40.704428278668146],[-74.0104615688324,40.704590945634564],[-74.01050448417664,40.70456654561493]]]}},{"type":"Feature","properties":{"id":"f43ba81c-f6a2-40d9-80b3-ad5626dfd41a","height":62.8,"subtype":null,"class":null},"geometry":{"type":"Polygon","coordinates":[[[-74.008948802948,40.709531765423854],[-74.00881469249725,40.7094382389058],[-74.00865375995636,40.70961309272407],[-74.0087878704071,40.70970661899654],[-74.008948802948,40.709531765423854]]]}},{"type":"Feature","properties":{"id":"1ac5dbf9-6c19-4b6c-9c94-a50aab18306a","height":120.7,"subtype":"commercial","class":"office"},"geometry":{"type":"Polygon","coordinates":[[[-74.0130740404129,40.706331457306455],[-74.01304721832275,40.70631925761658],[-74.01289165019989,40.70650631928235],[-74.0134871006012,40.706770644653375],[-74.013631939888,40.706575450634546],[-74.0130740404129,40.706331457306455]]]}},{"type":"Feature","properties":{"id":"1447f99a-7007-47f7-9034-06de40dda6a0","height":13,"subtype":null,"class":null},"geometry":{"type":"Polygon","coordinates":[[[-74.0127843618393,40.708588361482406],[-74.01280581951141,40.70859649433212],[-74.01260197162628,40.70890554188512],[-74.01299357414246,40.709076330707],[-74.01318669319153,40.70862089287529],[-74.01284337043762,40.70849076720839],[-74.0127843618393,40.708588361482406]]]}},{"type":"Feature","properties":{"id":"4a682bd1-c166-48fc-8164-ea3835a7118a","height":76.8,"subtype":null,"class":null},"geometry":{"type":"Polygon","coordinates":[[[-74.0099036693573,40.709373176902695],[-74.00998950004578,40.70941790703665],[-74.00995194911957,40.7094585707687],[-74.01006996631622,40.70951956632023],[-74.01017725467682,40.709397575161304],[-74.00986075401306,40.70923085354935],[-74.00976955890656,40.70933251311849],[-74.00988757610321,40.709393508785496],[-74.0099036693573,40.709373176902695]]]}},{"type":"Feature","properties":{"id":"791a8064-5314-4265-bd35-cd476d7ae982","height":14.9,"subtype":null,"class":null},"geometry":{"type":"Polygon","coordinates":[[[-74.01067614555359,40.70502201117414],[-74.01060104370117,40.70487967852148],[-74.01047766208649,40.70494474491472],[-74.01053130626678,40.70504641102691],[-74.01068150997162,40.70503421110163],[-74.01067614555359,40.70502201117414]]]}},{"type":"Feature","properties":{"id":"094d76e0-9d36-4e00-88d7-e481337ea1f6","height":177.7,"subtype":null,"class":null},"geometry":{"type":"Polygon","coordinates":[[[-74.01008605957031,40.71120302149127],[-74.01015043258667,40.71122741907942],[-74.01013970375061,40.71123961787016],[-74.01028990745544,40.71130874430871],[-74.01037573814392,40.711207087756584],[-74.01045620441437,40.71124368413324],[-74.01050984859467,40.711174557627125],[-74.01042938232422,40.7111379612125],[-74.01052057743073,40.7110200392952],[-74.01037037372589,40.71095091255694],[-74.01025235652924,40.711093232233985],[-74.01002705097198,40.710991575352836],[-74.00990903377533,40.711133894942975],[-74.00993585586548,40.71114609375082],[-74.00994658470154,40.7111379612125],[-74.01008605957031,40.71120302149127]]]}},{"type":"Feature","properties":{"id":"bb7aa6ef-fd30-4146-b537-0ed5928925ad","height":15.4,"subtype":null,"class":null},"geometry":{"type":"Polygon","coordinates":[[[-74.00769352912903,40.70983674228757],[-74.00761842727661,40.709800145137656],[-74.0074360370636,40.709983130686005],[-74.00751113891602,40.71001972773535],[-74.00769352912903,40.70983674228757]]]}},{"type":"Feature","properties":{"id":"82a2f2e5-8705-47c3-96b1-aafef05c9640","height":18.7,"subtype":null,"class":null},"geometry":{"type":"Polygon","coordinates":[[[-74.01280581951141,40.709491101736475],[-74.0125697851181,40.70938537603313],[-74.01248931884766,40.70949923447595],[-74.01275217533112,40.70961715908647],[-74.01280581951141,40.709491101736475]]]}},{"type":"Feature","properties":{"id":"102bdee8-a0b3-425c-bc77-440b57cce969","height":35,"subtype":null,"class":null},"geometry":{"type":"Polygon","coordinates":[[[-74.01039183139801,40.70505861094994],[-74.01035964488983,40.70496507814958],[-74.01029527187347,40.70488374517292],[-74.0101557970047,40.70503014445939],[-74.0101557970047,40.70505861094994],[-74.01016652584076,40.70507487751051],[-74.01019334793091,40.70507894415003],[-74.01039183139801,40.70505861094994]]]}},{"type":"Feature","properties":{"id":"5748cfbf-9512-40f0-94bb-f41367a05417","subtype":"service","class":"service"},"geometry":{"type":"Polygon","coordinates":[[[-74.00463044643402,40.706290791664856],[-74.00460362434387,40.70627045883476],[-74.00458216667175,40.706286725099325],[-74.00460362434387,40.706307057924484],[-74.00463044643402,40.706290791664856]]]}},{"type":"Feature","properties":{"id":"2d84d741-2020-46b3-a365-00df2f1b946a","height":36.1,"subtype":null,"class":null},"geometry":{"type":"Polygon","coordinates":[[[-74.00472164154053,40.7057743358565],[-74.0047699213028,40.70581093521887],[-74.00470018386841,40.705859734337395],[-74.00495767593384,40.7060711967712],[-74.00502741336823,40.70602646438928],[-74.00479137897491,40.705831268189264],[-74.00487184524536,40.705770269259425],[-74.00470554828644,40.70563607141715],[-74.0045553445816,40.70574180307306],[-74.00465726852417,40.70582313500185],[-74.00472164154053,40.7057743358565]]]}},{"type":"Feature","properties":{"id":"2af9978f-62ba-4eb7-b063-fe92d057f21d","height":55,"subtype":null,"class":null},"geometry":{"type":"Polygon","coordinates":[[[-74.00980174541473,40.705688937266096],[-74.00983393192291,40.7056726708555],[-74.00992512702942,40.70534734180943],[-74.00988221168518,40.70526194267149],[-74.00912046432495,40.70535547505494],[-74.00912582874298,40.70550187330446],[-74.00976419448853,40.70570927027373],[-74.00980174541473,40.705688937266096]]]}},{"type":"Feature","properties":{"id":"c364ad52-a43c-4059-891e-2114d6c54d32","height":18.8,"subtype":null,"class":null},"geometry":{"type":"Polygon","coordinates":[[[-74.01413083076477,40.70864529140954],[-74.01416301727295,40.708576162205965],[-74.01389479637146,40.70850703293067],[-74.01386260986328,40.708576162205965],[-74.01413083076477,40.70864529140954]]]}},{"type":"Feature","properties":{"id":"bb6bf881-f327-4c07-861e-3c88190b895f","height":33.6646842956543,"subtype":"residential","class":"apartments"},"geometry":{"type":"Polygon","coordinates":[[[-74.01531100273132,40.706225726586666],[-74.01526272296906,40.70621759344743],[-74.01518762111664,40.706404655398735],[-74.015793800354,40.706551051341954],[-74.01587426662445,40.70636398980186],[-74.01531100273132,40.706225726586666]]]}},{"type":"Feature","properties":{"id":"725001a9-f1f7-4ba5-b214-110e8270389d","subtype":null,"class":null},"geometry":{"type":"Polygon","coordinates":[[[-74.0131276845932,40.70328959877906],[-74.01315987110138,40.703285532030286],[-74.01314914226532,40.70324893128012],[-74.01312232017517,40.70325299803113],[-74.0131276845932,40.70328959877906]]]}},{"type":"Feature","properties":{"id":"045a9684-1df5-4922-92a1-11089699f6df","height":151,"subtype":"commercial","class":"office"},"geometry":{"type":"Polygon","coordinates":[[[-74.01414155960083,40.70323266427359],[-74.01341199874878,40.7032163972631],[-74.01340126991272,40.703521403048896],[-74.01413083076477,40.7035376699849],[-74.01414155960083,40.70323266427359]]]}},{"type":"Feature","properties":{"id":"9fb2c3ae-0336-40da-89af-8c84df9de1c8","height":3,"subtype":"service","class":"guardhouse"},"geometry":{"type":"Polygon","coordinates":[[[-74.0058696269989,40.71223991110418],[-74.0058696269989,40.71222364629375],[-74.00585889816284,40.712215513887024],[-74.00584280490875,40.71221958009052],[-74.00584280490875,40.71223991110418],[-74.00585353374481,40.712243977306166],[-74.0058696269989,40.71223991110418]]]}},{"type":"Feature","properties":{"id":"391c00cd-4179-413e-8add-de87c7a1d8c8","height":16.9,"subtype":null,"class":null},"geometry":{"type":"Polygon","coordinates":[[[-74.01032745838165,40.70426967799337],[-74.01016116142273,40.70413141043031],[-74.01008605957031,40.70418427747361],[-74.0102630853653,40.704318478241234],[-74.01032745838165,40.70426967799337]]]}},{"type":"Feature","properties":{"id":"154b5e20-637d-4b30-af9e-f1232f568e58","height":9.1,"subtype":null,"class":null},"geometry":{"type":"Polygon","coordinates":[[[-74.00707125663757,40.710605277789156],[-74.00716245174408,40.710532084314],[-74.00703370571136,40.71046702337968],[-74.00684058666229,40.710621542994915],[-74.00691032409668,40.71067033858839],[-74.0070229768753,40.710580879973044],[-74.00707125663757,40.710605277789156]]]}},{"type":"Feature","properties":{"id":"402d5ceb-2b41-405f-a275-ef4c522a1d36","height":19.8,"subtype":"commercial","class":"retail"},"geometry":{"type":"Polygon","coordinates":[[[-74.00365948677063,40.706359923240804],[-74.00361120700836,40.706315191052795],[-74.0034556388855,40.70642092163055],[-74.00349855422974,40.70646972030211],[-74.00365948677063,40.706359923240804]]]}},{"type":"Feature","properties":{"id":"a1651219-da23-420b-925d-820d90df3ea8","height":3,"subtype":null,"class":null},"geometry":{"type":"Polygon","coordinates":[[[-74.00489330291748,40.71280104463164],[-74.00492012500763,40.71282137546776],[-74.00494694709778,40.712796978463665],[-74.00492012500763,40.71278071378929],[-74.00489330291748,40.71280104463164]]]}},{"type":"Feature","properties":{"id":"d30fd113-14fa-4ac6-9deb-9f5725c4942e","height":30.7,"subtype":null,"class":null},"geometry":{"type":"Polygon","coordinates":[[[-74.00809586048126,40.71308567577257],[-74.00804221630096,40.713061278865304],[-74.0078866481781,40.713260520013],[-74.00796711444855,40.71329711526103],[-74.00812804698944,40.71309787422284],[-74.00809586048126,40.71308567577257]]]}},{"type":"Feature","properties":{"id":"cb3d8814-bb8c-4187-a15f-9e12caccceef","height":18.2,"subtype":null,"class":null},"geometry":{"type":"Polygon","coordinates":[[[-74.01039183139801,40.70380200713824],[-74.01045620441437,40.70376133995217],[-74.01030600070953,40.70362713806194],[-74.01024162769318,40.70366780532997],[-74.01039183139801,40.70380200713824]]]}},{"type":"Feature","properties":{"id":"db936ffb-bc3b-4b8c-9cf5-4d096adb856e","height":10.5,"subtype":null,"class":null},"geometry":{"type":"Polygon","coordinates":[[[-74.01543438434601,40.7112884130107],[-74.0154504776001,40.71125994918306],[-74.01537001132965,40.71123148534324],[-74.01520907878876,40.7115039244537],[-74.0152895450592,40.71153238817704],[-74.01543438434601,40.7112884130107]]]}},{"type":"Feature","properties":{"id":"9120de48-346a-45d1-98e1-c9478b0d7453","height":11.4,"subtype":null,"class":null},"geometry":{"type":"Polygon","coordinates":[[[-74.01331007480621,40.70990180383772],[-74.01334226131439,40.70987333941735],[-74.01325643062592,40.70983267593856],[-74.0132349729538,40.709857074028804],[-74.01331007480621,40.70990180383772]]]}},{"type":"Feature","properties":{"id":"f34b1423-82b3-4dd0-92a5-beb73614315c","height":7.2,"subtype":null,"class":null},"geometry":{"type":"Polygon","coordinates":[[[-74.00774717330933,40.70991806921531],[-74.00773644447327,40.70991400287129],[-74.00770962238312,40.70994246727428],[-74.00785982608795,40.71003192674731],[-74.0078866481781,40.709999396043756],[-74.00774717330933,40.70991806921531]]]}},{"type":"Feature","properties":{"id":"e41e8dfa-8e94-4739-95f2-2c48857975d7","height":32.3,"subtype":null,"class":null},"geometry":{"type":"Polygon","coordinates":[[[-74.01717245578766,40.707583946907086],[-74.01682913303375,40.708063790577924],[-74.01730120182037,40.70826304667949],[-74.017413854599,40.70810852159139],[-74.0173602104187,40.70808818931626],[-74.01736557483673,40.70808005640448],[-74.01737630367279,40.70808818931626],[-74.01739776134491,40.708055657663145],[-74.01738703250885,40.70805159120539],[-74.01739239692688,40.708047524747386],[-74.01740849018097,40.70805159120539],[-74.01742458343506,40.70804345828913],[-74.01742994785309,40.70802312599413],[-74.01745140552521,40.70799466077071],[-74.0174674987793,40.70799059430924],[-74.0174674987793,40.70797026199809],[-74.01749432086945,40.70793773028737],[-74.0175050497055,40.70793366382241],[-74.01751041412354,40.70791333149391],[-74.01753187179565,40.70788486622356],[-74.01754796504974,40.70788079975537],[-74.01754796504974,40.70786046741071],[-74.01757478713989,40.70782793564635],[-74.01758551597595,40.70782793564635],[-74.01759088039398,40.70780353681265],[-74.0176123380661,40.707771005020476],[-74.01717245578766,40.707583946907086]]]}},{"type":"Feature","properties":{"id":"152862fa-7ae0-48d5-9eb6-9fdd6d20600c","height":7.6,"subtype":null,"class":null},"geometry":{"type":"Polygon","coordinates":[[[-74.00641143321991,40.70335466672572],[-74.00619685649872,40.70315946269505],[-74.00608420372009,40.70323266427359],[-74.00629341602325,40.70342786808974],[-74.00641143321991,40.70335466672572]]]}},{"type":"Feature","properties":{"id":"f99a68e4-d593-47f6-ba93-95026068fbfb","height":29,"subtype":null,"class":null},"geometry":{"type":"Polygon","coordinates":[[[-74.01062786579132,40.71061341039253],[-74.01064932346344,40.710621542994915],[-74.01050984859467,40.71080452628606],[-74.01069760322571,40.71088991831652],[-74.01104092597961,40.710369431859],[-74.01087999343872,40.71029217180367],[-74.01062786579132,40.71061341039253]]]}},{"type":"Feature","properties":{"id":"3491d2b0-d744-4677-ad11-7687439223e4","height":12.6,"subtype":null,"class":null},"geometry":{"type":"Polygon","coordinates":[[[-74.00829434394836,40.70952363268835],[-74.00813341140747,40.70940570791218],[-74.0078866481781,40.70964562361635],[-74.00811731815338,40.70976761432087],[-74.0083372592926,40.70955209725821],[-74.00829434394836,40.70952363268835]]]}},{"type":"Feature","properties":{"id":"e5bcc83e-095f-4c21-95c1-ec89826b31f9","height":136.4,"subtype":"commercial","class":"office"},"geometry":{"type":"Polygon","coordinates":[[[-74.01327252388,40.707055301571984],[-74.01339590549469,40.70689670715314],[-74.0128755569458,40.70666898117329],[-74.01285946369171,40.706689313881725],[-74.01277899742126,40.70665271500207],[-74.01275753974915,40.706660848088184],[-74.01267170906067,40.70675844504397],[-74.0126770734787,40.706782844260566],[-74.01309013366699,40.70696177157579],[-74.01311695575714,40.706957705051245],[-74.01308476924896,40.7070065033295],[-74.0132349729538,40.70707156764488],[-74.01326179504395,40.70707156764488],[-74.01327252388,40.707055301571984]]]}},{"type":"Feature","properties":{"id":"cf4aa5fb-bdc5-47ac-a199-8a8d20eebb73","height":113,"subtype":null,"class":null},"geometry":{"type":"Polygon","coordinates":[[[-74.0083372592926,40.708982803549276],[-74.0082836151123,40.709035666741514],[-74.00834262371063,40.709088529891794],[-74.00818169116974,40.70924711909083],[-74.00817632675171,40.70927151739563],[-74.00819778442383,40.709291849309466],[-74.008229970932,40.7092877829272],[-74.0083909034729,40.709401641536864],[-74.0083909034729,40.70941790703665],[-74.00840163230896,40.70943010615887],[-74.00842845439911,40.7094382389058],[-74.00845527648926,40.70942603978505],[-74.00846064090729,40.709409774287266],[-74.00844991207123,40.709393508785496],[-74.00852501392365,40.7093203139784],[-74.0085518360138,40.7093203139784],[-74.00857329368591,40.70930811483605],[-74.00857865810394,40.709295915691484],[-74.00856792926788,40.70927558377888],[-74.0086430311203,40.709206455229655],[-74.00865912437439,40.709206455229655],[-74.00868058204651,40.70919832245445],[-74.00869131088257,40.709182056901014],[-74.00868594646454,40.70916172495366],[-74.00876104831696,40.70908446349711],[-74.00879323482513,40.709076330707],[-74.0088039636612,40.709051932330695],[-74.0087878704071,40.709035666741514],[-74.00876104831696,40.7090316003436],[-74.0086966753006,40.70895433873608],[-74.00870203971863,40.70893807312306],[-74.00869131088257,40.70892180750609],[-74.00867521762848,40.70890960829074],[-74.0086430311203,40.7089136746961],[-74.00854647159576,40.708864877815365],[-74.00854647159576,40.70884047936158],[-74.00851964950562,40.708824213720746],[-74.00850355625153,40.708828280131335],[-74.00848746299744,40.708836412951754],[-74.0083372592926,40.708982803549276]]]}},{"type":"Feature","properties":{"id":"dcf242ab-2a67-4232-a747-41e7b73433fd","subtype":"residential","class":"apartments"},"geometry":{"type":"Polygon","coordinates":[[[-74.00453388690948,40.70888114344624],[-74.00452315807343,40.70888927626021],[-74.00472700595856,40.70901940114838],[-74.00493085384369,40.7089136746961],[-74.00461435317993,40.70852736507791],[-74.00436758995056,40.70864529140954],[-74.00454461574554,40.708868944223454],[-74.00453388690948,40.70888114344624]]]}},{"type":"Feature","properties":{"id":"961878aa-970a-44a4-9af9-a3eab2af6019","subtype":null,"class":null},"geometry":{"type":"Polygon","coordinates":[[[-74.00735557079315,40.70536360829946],[-74.00738775730133,40.70533920856289],[-74.00737166404724,40.70532700869127],[-74.00733947753906,40.7053514084323],[-74.00735557079315,40.70536360829946]]]}},{"type":"Feature","properties":{"id":"845f2a59-9592-4704-aec0-dc3ca6cc391b","height":40,"subtype":null,"class":null},"geometry":{"type":"Polygon","coordinates":[[[-74.01565968990326,40.713065345017135],[-74.01546657085419,40.713313379809236],[-74.0155577659607,40.71334997502823],[-74.0157401561737,40.7131060065218],[-74.01565968990326,40.713065345017135]]]}},{"type":"Feature","properties":{"id":"0ed3153f-06c4-455d-92b4-1956984a3643","height":33.5,"subtype":null,"class":null},"geometry":{"type":"Polygon","coordinates":[[[-74.00736093521118,40.71012138610016],[-74.00731801986694,40.71010105443962],[-74.00707125663757,40.71036129922582],[-74.00715172290802,40.71040196238179],[-74.00740385055542,40.71014171775451],[-74.00736093521118,40.71012138610016]]]}},{"type":"Feature","properties":{"id":"00466abc-351b-4e05-88c7-f491e2203749","height":85,"subtype":null,"class":null},"geometry":{"type":"Polygon","coordinates":[[[-74.0100485086441,40.70403787632781],[-74.0097427368164,40.70376133995217],[-74.00916874408722,40.70413547712743],[-74.00947451591492,40.70440794526942],[-74.0100485086441,40.70403787632781]]]}},{"type":"Feature","properties":{"id":"c7ebbac5-d6f5-4f6a-8183-3fbee22c94e2","height":25.8,"subtype":null,"class":null},"geometry":{"type":"Polygon","coordinates":[[[-74.0064811706543,40.710723200440974],[-74.0063738822937,40.710621542994915],[-74.00613248348236,40.71079232741563],[-74.00623440742493,40.71089398460095],[-74.0064811706543,40.710723200440974]]]}},{"type":"Feature","properties":{"id":"9f2f263b-8e61-402d-bff7-f41a526c3c82","height":142.2,"subtype":null,"class":null},"geometry":{"type":"Polygon","coordinates":[[[-74.01324033737183,40.706132195425404],[-74.01321351528168,40.70611999569904],[-74.01304721832275,40.70631925761658],[-74.013631939888,40.706575450634546],[-74.01379823684692,40.706372122923206],[-74.01324033737183,40.706132195425404]]]}},{"type":"Feature","properties":{"id":"6b79c172-1017-4355-a229-4a58d561c815","subtype":"civic","class":null},"geometry":{"type":"Polygon","coordinates":[[[-74.00684595108032,40.70545714054013],[-74.0068781375885,40.705432740837836],[-74.00686740875244,40.70542054098334],[-74.00682985782623,40.70544494069011],[-74.00684595108032,40.70545714054013]]]}},{"type":"Feature","properties":{"id":"5422a6f1-80c7-4b9b-b983-c681f6a820de","height":4,"subtype":null,"class":null},"geometry":{"type":"Polygon","coordinates":[[[-74.01209771633148,40.70920238884217],[-74.0121191740036,40.70921052161689],[-74.01213526725769,40.709182056901014],[-74.0121191740036,40.70917392412283],[-74.01209771633148,40.70920238884217]]]}},{"type":"Feature","properties":{"id":"0de9ff58-597c-4d6f-bd76-c4b146fc2544","height":18,"subtype":null,"class":null},"geometry":{"type":"Polygon","coordinates":[[[-74.0057784318924,40.71013765142413],[-74.00563895702362,40.71004412575705],[-74.00558531284332,40.71009292177366],[-74.00573551654816,40.71019051369959],[-74.00578379631042,40.71014171775451],[-74.0057784318924,40.71013765142413]]]}},{"type":"Feature","properties":{"id":"126d410d-f322-425e-9d6e-f7576a014b6f","height":14.3,"subtype":null,"class":null},"geometry":{"type":"Polygon","coordinates":[[[-74.00852501392365,40.7049772780875],[-74.00862693786621,40.704900011776196],[-74.00838017463684,40.704668212304426],[-74.00831580162048,40.70471701226027],[-74.00833189487457,40.70472921224364],[-74.00832116603851,40.70473734556465],[-74.00834798812866,40.70475767886281],[-74.00832653045654,40.70477394549689],[-74.00839626789093,40.70483901199343],[-74.00836944580078,40.70485527860762],[-74.00852501392365,40.7049772780875]]]}},{"type":"Feature","properties":{"id":"cfc8b246-9780-4b7a-bc17-8c2eba9bf21f","height":15.4,"subtype":null,"class":null},"geometry":{"type":"Polygon","coordinates":[[[-74.00687277317047,40.71088585203184],[-74.00672256946564,40.71075979708356],[-74.00667428970337,40.71079232741563],[-74.00682985782623,40.71091838230233],[-74.00687277317047,40.71088585203184]]]}},{"type":"Feature","properties":{"id":"8a512277-383f-47ac-90cb-3d02e5fe8b25","height":16,"subtype":"commercial","class":null},"geometry":{"type":"Polygon","coordinates":[[[-74.01032745838165,40.70426967799337],[-74.01038646697998,40.704233077784025],[-74.01022553443909,40.70408261004539],[-74.01016116142273,40.70413141043031],[-74.01032745838165,40.70426967799337]]]}},{"type":"Feature","properties":{"id":"2d66dee8-1f6d-4086-b3f4-52a87b730f32","height":8,"subtype":"service","class":"service"},"geometry":{"type":"Polygon","coordinates":[[[-74.01382505893707,40.71193087902626],[-74.01382505893707,40.711939011467734],[-74.01394844055176,40.71199187231314],[-74.01403427124023,40.7116950377913],[-74.01391088962555,40.711642176710264],[-74.01382505893707,40.71193087902626]]]}},{"type":"Feature","properties":{"id":"8b19e433-8b78-453e-8524-f9e76a4d7055","height":10.4,"subtype":null,"class":null},"geometry":{"type":"Polygon","coordinates":[[[-74.01143789291382,40.70332213276034],[-74.01142179965973,40.7032163972631],[-74.01121258735657,40.703273331782476],[-74.01123940944672,40.703358733470274],[-74.01143789291382,40.70332213276034]]]}},{"type":"Feature","properties":{"id":"b42733c4-e724-4e1b-9285-4d4df3063f5e","height":14.3,"subtype":null,"class":null},"geometry":{"type":"Polygon","coordinates":[[[-74.00907218456268,40.709129193824985],[-74.00913655757904,40.70907226431157],[-74.00903463363647,40.709007201950904],[-74.00899171829224,40.70903973313917],[-74.00907218456268,40.709129193824985]]]}},{"type":"Feature","properties":{"id":"8f3e9993-b7c5-4348-a18a-447c971fc08d","height":4,"subtype":"service","class":"service"},"geometry":{"type":"Polygon","coordinates":[[[-74.01635706424713,40.711760097525776],[-74.01643753051758,40.711792627369164],[-74.01647508144379,40.71173570013279],[-74.01639997959137,40.71170317026159],[-74.01635706424713,40.711760097525776]]]}},{"type":"Feature","properties":{"id":"e06f905d-8560-4683-8212-e6962549a130","height":5,"subtype":null,"class":null},"geometry":{"type":"Polygon","coordinates":[[[-74.012730717659,40.701642545210476],[-74.01279509067535,40.701630344661716],[-74.01277899742126,40.70157747559122],[-74.01270925998688,40.70158967614969],[-74.012730717659,40.701642545210476]]]}},{"type":"Feature","properties":{"id":"ebd887ac-8a00-49e8-b57f-a839098c00f1","height":25,"subtype":null,"class":null},"geometry":{"type":"Polygon","coordinates":[[[-74.01034355163574,40.706551051341954],[-74.01020407676697,40.70668118079908],[-74.01023626327515,40.7067015135038],[-74.01023089885712,40.706705580043995],[-74.01052594184875,40.70692110631909],[-74.01063323020935,40.70690077368142],[-74.01075661182404,40.70669744696336],[-74.01034355163574,40.706551051341954]]]}},{"type":"Feature","properties":{"id":"3d0b9084-288c-4d65-8619-4dc4b76802b0","height":41,"subtype":null,"class":null},"geometry":{"type":"Polygon","coordinates":[[[-74.00741994380951,40.705985798561436],[-74.00755405426025,40.70585160115346],[-74.00709807872772,40.705579138917514],[-74.00707125663757,40.705595405350955],[-74.00706589221954,40.70559133874298],[-74.00692641735077,40.705697070469895],[-74.00709807872772,40.70579060224226],[-74.00708734989166,40.705802802028956],[-74.00741994380951,40.705985798561436]]]}},{"type":"Feature","properties":{"id":"4e84958c-dffb-4c81-9c40-f589d2c38202","height":47.6,"subtype":null,"class":null},"geometry":{"type":"Polygon","coordinates":[[[-74.00865375995636,40.70961309272407],[-74.00881469249725,40.7094382389058],[-74.00866985321045,40.70935691139201],[-74.00851964950562,40.70951956632023],[-74.00865375995636,40.70961309272407]]]}},{"type":"Feature","properties":{"id":"e62ea0ee-d1ff-4cb9-8e3a-808573d65b65","height":17.8,"subtype":null,"class":null},"geometry":{"type":"Polygon","coordinates":[[[-74.0067332983017,40.71068253748116],[-74.0066796541214,40.710723200440974],[-74.00687277317047,40.71088585203184],[-74.00692641735077,40.710849255458534],[-74.0067332983017,40.71068253748116]]]}},{"type":"Feature","properties":{"id":"3b4d4036-a3ac-4e1b-afa3-30e9f4550378","height":46.4,"subtype":null,"class":null},"geometry":{"type":"Polygon","coordinates":[[[-74.00736093521118,40.70537987478554],[-74.00729656219482,40.705428674219924],[-74.00757551193237,40.70560353856618],[-74.007688164711,40.705489673462615],[-74.00744140148163,40.70533107531539],[-74.00742530822754,40.70533107531539],[-74.00736093521118,40.70537987478554]]]}},{"type":"Feature","properties":{"id":"fd57a766-d079-4084-ac79-48bbbfd3cf50","height":4,"subtype":null,"class":null},"geometry":{"type":"Polygon","coordinates":[[[-74.01134133338928,40.701427001853254],[-74.01128232479095,40.70126839403172],[-74.01113748550415,40.70130092900026],[-74.01119649410248,40.701459536744316],[-74.01134133338928,40.701427001853254]]]}},{"type":"Feature","properties":{"id":"80ac0f8e-092a-4a65-a9fd-62f9c4904177","height":15.1,"subtype":null,"class":null},"geometry":{"type":"Polygon","coordinates":[[[-74.01362121105194,40.70818171773044],[-74.01361584663391,40.70819798352821],[-74.01391625404358,40.708271179568925],[-74.0139377117157,40.708222382217386],[-74.01363730430603,40.708145119670974],[-74.01362121105194,40.70818171773044]]]}},{"type":"Feature","properties":{"id":"faa64e90-cfb2-4c1e-bb71-8906ae286d4d","height":4.5,"subtype":null,"class":null},"geometry":{"type":"Polygon","coordinates":[[[-74.01684522628784,40.70336686695865],[-74.0168559551239,40.70333026625319],[-74.01683986186981,40.70330993251923],[-74.01680767536163,40.70330179902391],[-74.01677548885345,40.70330993251923],[-74.01675939559937,40.70333433299923],[-74.01675939559937,40.703346533235866],[-74.01677548885345,40.70336686695865],[-74.0168023109436,40.70337906718933],[-74.01684522628784,40.70336686695865]]]}},{"type":"Feature","properties":{"id":"35c742f6-c711-41f4-87b2-838abc6d1b51","height":16.6,"subtype":null,"class":null},"geometry":{"type":"Polygon","coordinates":[[[-74.01050448417664,40.7037003391265],[-74.01044547557831,40.70364747169906],[-74.01037573814392,40.70369220567884],[-74.01045620441437,40.70376133995217],[-74.01049375534058,40.703736939628605],[-74.01050448417664,40.7037003391265]]]}},{"type":"Feature","properties":{"id":"39e4afee-a830-4c73-8171-8f2fa3e726ac","height":4,"subtype":"service","class":"guardhouse"},"geometry":{"type":"Polygon","coordinates":[[[-74.01087999343872,40.71320359403164],[-74.01086390018463,40.71321985860269],[-74.0109121799469,40.71324018931095],[-74.01092290878296,40.71322799088676],[-74.01087999343872,40.71320359403164]]]}},{"type":"Feature","properties":{"id":"aaaaa231-7c55-42c0-934c-2a5859c0f02f","height":25,"subtype":"residential","class":"dormitory"},"geometry":{"type":"Polygon","coordinates":[[[-74.00922775268555,40.71001972773535],[-74.009490609169,40.71020677900669],[-74.00962471961975,40.710048192093126],[-74.00920629501343,40.70984894133306],[-74.00912582874298,40.70994653361657],[-74.00922775268555,40.71001972773535]]]}},{"type":"Feature","properties":{"id":"acaad035-5b12-4694-9f7a-9595e12a0dd2","height":16.8,"subtype":null,"class":null},"geometry":{"type":"Polygon","coordinates":[[[-74.00373995304108,40.70719762957503],[-74.00369703769684,40.70714883143683],[-74.00353610515594,40.70723016164729],[-74.00357902050018,40.707278959725905],[-74.00373995304108,40.70719762957503]]]}},{"type":"Feature","properties":{"id":"f2fc08d5-855d-48c3-b089-9c616825ade5","height":47.9,"subtype":null,"class":null},"geometry":{"type":"Polygon","coordinates":[[[-74.00679767131805,40.71164624294875],[-74.00645971298218,40.71132500934263],[-74.0062290430069,40.7115039244537],[-74.00646507740021,40.71172756766648],[-74.00679767131805,40.71164624294875]]]}},{"type":"Feature","properties":{"id":"f611f185-a0bb-42be-b202-7f2922b427c9","height":83,"subtype":"residential","class":"apartments"},"geometry":{"type":"Polygon","coordinates":[[[-74.00510787963867,40.70836064128723],[-74.00495767593384,40.70842163784444],[-74.00519907474518,40.708714420541305],[-74.00542974472046,40.70862089287529],[-74.00517225265503,40.70836064128723],[-74.00512933731079,40.70838503991683],[-74.00510787963867,40.70836064128723]]]}},{"type":"Feature","properties":{"id":"0d4a2652-09e7-4358-b9a3-3fd5f61fbe08","height":92.8,"subtype":null,"class":null},"geometry":{"type":"Polygon","coordinates":[[[-74.00980710983276,40.70927151739563],[-74.0097963809967,40.70928371654466],[-74.0098124742508,40.7092877829272],[-74.00986075401306,40.70923085354935],[-74.01017725467682,40.709397575161304],[-74.01038110256195,40.709169857733364],[-74.00995194911957,40.70897467074674],[-74.00972664356232,40.70923085354935],[-74.00980710983276,40.70927151739563]]]}},{"type":"Feature","properties":{"id":"99c733e8-06f0-4de2-9e52-c0af1f363d32","height":53.5,"subtype":null,"class":null},"geometry":{"type":"Polygon","coordinates":[[[-74.00944232940674,40.709011268350324],[-74.00932431221008,40.709129193824985],[-74.00968372821808,40.70931624759787],[-74.00974810123444,40.70924305270583],[-74.00972664356232,40.70923085354935],[-74.00976955890656,40.709182056901014],[-74.00944232940674,40.709011268350324]]]}},{"type":"Feature","properties":{"id":"eab1fbf9-131b-48d2-b54e-ca2999d8eea0","height":18.4,"subtype":null,"class":null},"geometry":{"type":"Polygon","coordinates":[[[-74.00414228439331,40.70661204955665],[-74.0040135383606,40.706473786856456],[-74.0039598941803,40.70650631928235],[-74.00408864021301,40.70664864845864],[-74.00414228439331,40.70661204955665]]]}},{"type":"Feature","properties":{"id":"cdf7f8ba-c730-46e4-9127-29ea0486badd","height":2,"subtype":null,"class":null},"geometry":{"type":"Polygon","coordinates":[[[-74.00489866733551,40.71297588961949],[-74.00493621826172,40.7129718234622],[-74.00493085384369,40.71295149267202],[-74.00489866733551,40.71295149267202],[-74.00489866733551,40.71297588961949]]]}},{"type":"Feature","properties":{"id":"afa1a8b5-4cd3-40df-aab9-33dcd220d384","subtype":"commercial","class":null},"geometry":{"type":"Polygon","coordinates":[[[-74.0155041217804,40.701784884780984],[-74.01553094387054,40.70177675109944],[-74.01553094387054,40.7017482832062],[-74.0155041217804,40.70172794898928],[-74.01547729969025,40.70172388214515],[-74.01546120643616,40.70173608267678],[-74.01546120643616,40.701756416891214],[-74.01547729969025,40.70177675109944],[-74.0155041217804,40.701784884780984]]]}},{"type":"Feature","properties":{"id":"56abdb13-4630-4a7b-8570-df7ce92c563a","subtype":null,"class":null},"geometry":{"type":"Polygon","coordinates":[[[-74.01612639427185,40.70776693854534],[-74.01616394519806,40.70777913797],[-74.01618003845215,40.70775880559432],[-74.01614248752594,40.707742539689285],[-74.01612639427185,40.70776693854534]]]}},{"type":"Feature","properties":{"id":"95085a22-50e7-4764-a5c4-b7a483316c80","subtype":null,"class":null},"geometry":{"type":"Polygon","coordinates":[[[-74.0053117275238,40.7071122328097],[-74.00533854961395,40.70714069841031],[-74.0053653717041,40.70712443235432],[-74.00533318519592,40.70710003326287],[-74.0053117275238,40.7071122328097]]]}},{"type":"Feature","properties":{"id":"a6fea810-717d-4c64-b8b3-e9100561f607","height":19.5,"subtype":null,"class":null},"geometry":{"type":"Polygon","coordinates":[[[-74.00567650794983,40.709962798983256],[-74.0056174993515,40.70991806921531],[-74.00539755821228,40.71010105443962],[-74.00544583797455,40.71014985041451],[-74.00567650794983,40.709962798983256]]]}},{"type":"Feature","properties":{"id":"89c32c00-e478-402d-9d25-c9f8711b70f8","height":131.5,"subtype":null,"class":null},"geometry":{"type":"Polygon","coordinates":[[[-74.00644898414612,40.70765307714063],[-74.00631487369537,40.70755548149594],[-74.00629878044128,40.70756361447179],[-74.00615394115448,40.70745788570821],[-74.0059769153595,40.70759614636527],[-74.00604128837585,40.70765714362271],[-74.00591790676117,40.70773034025792],[-74.0060144662857,40.70781980270279],[-74.00618076324463,40.70792553089176],[-74.00639533996582,40.70773034025792],[-74.00636851787567,40.70771407434593],[-74.00644898414612,40.70765307714063]]]}},{"type":"Feature","properties":{"id":"555e6d30-e1a4-4778-ab20-83cbd7b08e23","height":18.4,"subtype":"religious","class":null},"geometry":{"type":"Polygon","coordinates":[[[-74.0135782957077,40.702756852574964],[-74.0135407447815,40.70276091935602],[-74.0135407447815,40.702858522026894],[-74.013631939888,40.70286258880173],[-74.01363730430603,40.702773119697696],[-74.01365876197815,40.702773119697696],[-74.01366412639618,40.702716184750734],[-74.01375532150269,40.702732451883406],[-74.01384651660919,40.702569780377935],[-74.0137231349945,40.70252504564427],[-74.01373386383057,40.70250877846095],[-74.0136855840683,40.70248437767852],[-74.013631939888,40.702468110485256],[-74.01355683803558,40.702472177283944],[-74.0135782957077,40.702756852574964]]]}},{"type":"Feature","properties":{"id":"4724812a-b4a8-4aa7-9f3c-df59806336fa","height":99,"subtype":null,"class":null},"geometry":{"type":"Polygon","coordinates":[[[-74.01452779769897,40.709857074028804],[-74.01451170444489,40.709828609589316],[-74.01421666145325,40.7097025526396],[-74.0141898393631,40.70971068535323],[-74.01410937309265,40.70990180383772],[-74.01425421237946,40.70993433458895],[-74.01421129703522,40.71003192674731],[-74.01402354240417,40.70998719702581],[-74.0139752626419,40.71010512077221],[-74.01398062705994,40.71011731976856],[-74.0143346786499,40.71027184019528],[-74.01436686515808,40.71025964122725],[-74.01452779769897,40.709857074028804]]]}},{"type":"Feature","properties":{"id":"68e74757-4c5e-4d74-9f09-d448029ffcee","height":25,"subtype":null,"class":null},"geometry":{"type":"Polygon","coordinates":[[[-74.00523126125336,40.708307777559114],[-74.00515615940094,40.70834437552922],[-74.00552093982697,40.70871035412378],[-74.00559604167938,40.70865749067329],[-74.00523126125336,40.708307777559114]]]}},{"type":"Feature","properties":{"id":"7a20b9c9-0600-4b56-97cf-d789acbc8139","height":180,"subtype":null,"class":null},"geometry":{"type":"Polygon","coordinates":[[[-74.00368094444275,40.713341842759064],[-74.0042495727539,40.71274411825743],[-74.0042495727539,40.71263026536302],[-74.00405645370483,40.7125245446439],[-74.00404572486877,40.71253674319698],[-74.00357902050018,40.71265872860488],[-74.0035629272461,40.71265059625131],[-74.00347709655762,40.712740052086],[-74.00346636772156,40.71273191974234],[-74.00341808795929,40.712784779958255],[-74.00326788425446,40.71294742651322],[-74.00327861309052,40.71295149267202],[-74.00319278240204,40.713045014255506],[-74.0032035112381,40.7130531465609],[-74.00324642658234,40.713390636359044],[-74.00323569774628,40.71339876862223],[-74.0034931898117,40.71354108306719],[-74.00368094444275,40.713341842759064]]]}},{"type":"Feature","properties":{"id":"35826734-3b70-4cc1-aebc-b52996bf6571","height":75,"subtype":null,"class":null},"geometry":{"type":"Polygon","coordinates":[[[-74.0081387758255,40.713032815795536],[-74.00816559791565,40.713045014255506],[-74.00796711444855,40.71329711526103],[-74.00820851325989,40.71341096701516],[-74.00849282741547,40.71304908040833],[-74.00821924209595,40.71292709571559],[-74.0081387758255,40.713032815795536]]]}},{"type":"Feature","properties":{"id":"7e1a5e3b-eda0-4f1a-9b7f-3724c53bcb4b","height":96.4,"subtype":null,"class":null},"geometry":{"type":"Polygon","coordinates":[[[-74.00985538959503,40.70509114406711],[-74.00968372821808,40.70481461206467],[-74.00938868522644,40.70487967852148],[-74.009490609169,40.70517654342405],[-74.00985538959503,40.70509114406711]]]}},{"type":"Feature","properties":{"id":"af2274b1-49b9-4247-aee0-491d8ea0f626","height":11,"subtype":"commercial","class":"retail"},"geometry":{"type":"Polygon","coordinates":[[[-74.01184022426605,40.70415174391346],[-74.01204943656921,40.704155810609365],[-74.01204943656921,40.70409887684434],[-74.01170611381531,40.704090743445356],[-74.01170074939728,40.70414767721733],[-74.01184022426605,40.70415174391346]]]}},{"type":"Feature","properties":{"id":"b40a14af-5ca2-4243-ba59-010969c9255f","height":19.9,"subtype":null,"class":null},"geometry":{"type":"Polygon","coordinates":[[[-74.01207089424133,40.70942603978505],[-74.01196897029877,40.70956836272124],[-74.01192605495453,40.70954803089183],[-74.01184022426605,40.70967002177513],[-74.01184558868408,40.7096903535673],[-74.01193141937256,40.70972695077754],[-74.01214063167572,40.70945450439662],[-74.01207089424133,40.70942603978505]]]}},{"type":"Feature","properties":{"id":"58842b08-9b46-4185-a501-132d5c6199c4","subtype":null,"class":null},"geometry":{"type":"Polygon","coordinates":[[[-74.01647508144379,40.712784779958255],[-74.01646971702576,40.71279291229543],[-74.01648044586182,40.71280104463164],[-74.01649117469788,40.71278884612697],[-74.01647508144379,40.712784779958255]]]}},{"type":"Feature","properties":{"id":"30133461-b84d-41c4-a868-e19c3ac31eff","height":90.9,"subtype":null,"class":null},"geometry":{"type":"Polygon","coordinates":[[[-74.01220500469208,40.70322859752133],[-74.01207089424133,40.702943924246576],[-74.0116685628891,40.703045593412945],[-74.01172757148743,40.703350599980915],[-74.01220500469208,40.70322859752133]]]}},{"type":"Feature","properties":{"id":"fba1d141-ad08-4f65-be54-e353a58835be","height":237,"subtype":"residential","class":"apartments"},"geometry":{"type":"Polygon","coordinates":[[[-74.01491940021515,40.70767747602946],[-74.01490330696106,40.7076856089904],[-74.01487648487091,40.70770594138846],[-74.01479601860046,40.70768154251006],[-74.01473701000214,40.70782793564635],[-74.01521444320679,40.70799466077071],[-74.01527345180511,40.70784826800092],[-74.01521444320679,40.70782793564635],[-74.01521980762482,40.70779133739246],[-74.01521444320679,40.70777913797],[-74.0150374174118,40.70770187490935],[-74.01496231555939,40.70768154251006],[-74.01491940021515,40.70767747602946]]]}},{"type":"Feature","properties":{"id":"f12e65e8-7bc0-4609-a8aa-12844903f296","height":12.9,"subtype":null,"class":null},"geometry":{"type":"Polygon","coordinates":[[[-74.01052057743073,40.71012951876264],[-74.01043474674225,40.71009292177366],[-74.010209441185,40.71037756449118],[-74.01029527187347,40.71041822763723],[-74.01052057743073,40.71012951876264]]]}},{"type":"Feature","properties":{"id":"f03fb328-277d-44a8-b4db-faf4eab9483d","height":105,"subtype":null,"class":null},"geometry":{"type":"Polygon","coordinates":[[[-74.00696933269501,40.709474836254586],[-74.00699079036713,40.7094585707687],[-74.00702834129333,40.709478902625435],[-74.00707125663757,40.7094382389058],[-74.0072911977768,40.70956022999023],[-74.00753796100616,40.709304048454776],[-74.00731265544891,40.70917392412283],[-74.00728046894073,40.70921052161689],[-74.00701224803925,40.709060065123786],[-74.00673866271973,40.70934471225635],[-74.00696933269501,40.709474836254586]]]}},{"type":"Feature","properties":{"id":"fbc14777-a221-4ec6-bed8-44afd39165ea","height":48,"subtype":null,"class":null},"geometry":{"type":"Polygon","coordinates":[[[-74.00919020175934,40.711751965062426],[-74.00870740413666,40.71152018943996],[-74.00850355625153,40.711760097525776],[-74.00899171829224,40.71199187231314],[-74.00919020175934,40.711751965062426]]]}},{"type":"Feature","properties":{"id":"1c8a254c-7a13-4155-9b90-075e7b84621e","height":18.7,"subtype":null,"class":null},"geometry":{"type":"Polygon","coordinates":[[[-74.0037614107132,40.70640872195706],[-74.00378823280334,40.70643312130179],[-74.0037614107132,40.706449387526646],[-74.0037989616394,40.706481919964425],[-74.00400280952454,40.70635179011793],[-74.00393307209015,40.706290791664856],[-74.0037614107132,40.70640872195706]]]}},{"type":"Feature","properties":{"id":"fe8972d4-ddb0-4d03-a62c-241196bbf8e3","height":2.9520492553710938,"subtype":null,"class":null},"geometry":{"type":"Polygon","coordinates":[[[-74.01757478713989,40.711939011467734],[-74.01755332946777,40.712048799330496],[-74.01773035526276,40.71206913039633],[-74.0177571773529,40.711959342567106],[-74.01757478713989,40.711939011467734]]]}},{"type":"Feature","properties":{"id":"f7fe50b2-165d-4b84-9d16-233adf33eabd","height":47,"subtype":null,"class":null},"geometry":{"type":"Polygon","coordinates":[[[-74.00820314884186,40.71036129922582],[-74.00830507278442,40.710247442257],[-74.0079778432846,40.710060391099894],[-74.00785982608795,40.71017831471668],[-74.00785982608795,40.71019458002674],[-74.00820314884186,40.71036129922582]]]}},{"type":"Feature","properties":{"id":"c78385a0-e1e9-4299-b8df-22f76765d6bf","height":17.8,"subtype":null,"class":null},"geometry":{"type":"Polygon","coordinates":[[[-74.0084445476532,40.704623478980174],[-74.00838017463684,40.704668212304426],[-74.00846600532532,40.70474547888467],[-74.0085357427597,40.70470074561229],[-74.0084445476532,40.704623478980174]]]}},{"type":"Feature","properties":{"id":"3ebd64d3-29ce-4bd6-b48b-3bc9f349ab1c","subtype":"commercial","class":null},"geometry":{"type":"Polygon","coordinates":[[[-74.00846600532532,40.70734809027605],[-74.00846064090729,40.707335890772434],[-74.0084445476532,40.707327757768745],[-74.00843381881714,40.707327757768745],[-74.00841236114502,40.70734402377509],[-74.00841772556305,40.70735622327723],[-74.00843381881714,40.70736435627744],[-74.00844991207123,40.70736435627744],[-74.00846600532532,40.70734809027605]]]}},{"type":"Feature","properties":{"id":"416d2cee-9797-4ae4-bea2-30f706fac45c","height":10.7,"subtype":"service","class":"service"},"geometry":{"type":"Polygon","coordinates":[[[-74.01304185390472,40.70981234418987],[-74.0130203962326,40.70985300768106],[-74.01309013366699,40.70989367114741],[-74.01311159133911,40.709857074028804],[-74.01304185390472,40.70981234418987]]]}},{"type":"Feature","properties":{"id":"3409a176-7949-4a0e-8a3c-4c44b46353f5","height":70.7,"subtype":"education","class":"university"},"geometry":{"type":"Polygon","coordinates":[[[-74.00610566139221,40.71181702474126],[-74.00646507740021,40.71172756766648],[-74.0062290430069,40.7115039244537],[-74.0059769153595,40.71169097155578],[-74.00610566139221,40.71181702474126]]]}},{"type":"Feature","properties":{"id":"f790213e-c68f-41b0-956f-c29346008b93","height":8.4,"subtype":null,"class":null},"geometry":{"type":"Polygon","coordinates":[[[-74.0088951587677,40.70916172495366],[-74.00886833667755,40.70916579134364],[-74.0086966753006,40.709328446738716],[-74.00884687900543,40.70940570791218],[-74.00898098945618,40.709259318244364],[-74.0088951587677,40.70916172495366]]]}},{"type":"Feature","properties":{"id":"5f53064a-8b65-4b3f-b7e8-9a6fb7d99086","height":4,"subtype":null,"class":null},"geometry":{"type":"Polygon","coordinates":[[[-74.00910437107086,40.7131060065218],[-74.00913655757904,40.7131222711167],[-74.00915265083313,40.71310194037243],[-74.00912046432495,40.71308974192291],[-74.00910437107086,40.7131060065218]]]}},{"type":"Feature","properties":{"id":"1c1037c7-84dd-4f48-b2eb-74177e8d9a24","subtype":null,"class":null},"geometry":{"type":"Polygon","coordinates":[[[-74.00969445705414,40.70644532097081],[-74.00972664356232,40.70646565374752],[-74.0097427368164,40.706449387526646],[-74.00971055030823,40.70643312130179],[-74.00969445705414,40.70644532097081]]]}},{"type":"Feature","properties":{"id":"86c65358-7119-4505-a29d-bdc5de58e673","height":61,"subtype":null,"class":null},"geometry":{"type":"Polygon","coordinates":[[[-74.00747358798981,40.70796619553513],[-74.00732338428497,40.707864533880134],[-74.00718927383423,40.70801499307441],[-74.00761842727661,40.70827524601327],[-74.00775790214539,40.708149186123016],[-74.00747358798981,40.70796619553513]]]}},{"type":"Feature","properties":{"id":"235e56ee-2b9c-406c-a790-a7e254aa6f0a","height":82.8,"subtype":null,"class":null},"geometry":{"type":"Polygon","coordinates":[[[-74.01064932346344,40.7056279382059],[-74.01063323020935,40.705550672649444],[-74.01028990745544,40.70555473925992],[-74.01000022888184,40.705583205526246],[-74.00994122028351,40.7057743358565],[-74.0103006362915,40.70590853342018],[-74.01039719581604,40.70575806946676],[-74.01038110256195,40.70574993627042],[-74.01040256023407,40.70572147007535],[-74.01028454303741,40.70567673745852],[-74.01026844978333,40.70570520367271],[-74.01018261909485,40.7056726708555],[-74.01019334793091,40.70563607141715],[-74.01064932346344,40.7056279382059]]]}},{"type":"Feature","properties":{"id":"924b80e6-b6e2-4198-847f-17898007dc6b","height":3.5,"subtype":null,"class":null},"geometry":{"type":"Polygon","coordinates":[[[-74.01356756687164,40.70901533474947],[-74.01358366012573,40.70901533474947],[-74.01359975337982,40.70900313555126],[-74.01359438896179,40.708986869950174],[-74.01358366012573,40.70897873714813],[-74.01355683803558,40.708982803549276],[-74.01355147361755,40.708995002751216],[-74.01355147361755,40.709007201950904],[-74.01356756687164,40.70901533474947]]]}},{"type":"Feature","properties":{"id":"aabf538e-21c9-4607-b194-d690f1ad20af","subtype":null,"class":null},"geometry":{"type":"Polygon","coordinates":[[[-74.01033282279968,40.70682757613444],[-74.01039183139801,40.706868241448255],[-74.01041328907013,40.706847908794465],[-74.01035964488983,40.70680724346821],[-74.01033282279968,40.70682757613444]]]}},{"type":"Feature","properties":{"id":"cc582f73-5cfb-41e1-81ca-450208517ba5","height":23.1,"subtype":null,"class":null},"geometry":{"type":"Polygon","coordinates":[[[-74.010209441185,40.70344006830925],[-74.01015043258667,40.70348073569148],[-74.01027917861938,40.70359460422965],[-74.01033818721771,40.70355800364933],[-74.010209441185,40.70344006830925]]]}},{"type":"Feature","properties":{"id":"7a3aaca6-966d-413b-8c4f-68f1ce6faed7","height":14,"subtype":null,"class":null},"geometry":{"type":"Polygon","coordinates":[[[-74.00721073150635,40.71004412575705],[-74.00717854499817,40.71002786041024],[-74.00692641735077,40.7102881054825],[-74.00700151920319,40.71032876868317],[-74.00725364685059,40.71006445743498],[-74.00721073150635,40.71004412575705]]]}},{"type":"Feature","properties":{"id":"8066a22e-93ac-404f-bfd5-0bd92dc4d520","height":76.6,"subtype":null,"class":null},"geometry":{"type":"Polygon","coordinates":[[[-74.01405572891235,40.7098977374927],[-74.01410937309265,40.70990587018249],[-74.0141898393631,40.70971068535323],[-74.01396989822388,40.70960902636142],[-74.0139377117157,40.70961715908647],[-74.01378214359283,40.71001972773535],[-74.0139752626419,40.71010105443962],[-74.01405572891235,40.7098977374927]]]}},{"type":"Feature","properties":{"id":"1bd9dcf9-9309-49b3-a7db-c6c66f063348","height":3.8,"subtype":null,"class":null},"geometry":{"type":"Polygon","coordinates":[[[-74.01723682880402,40.7030781275134],[-74.01726365089417,40.70311879511665],[-74.01738166809082,40.703074060751725],[-74.01732265949249,40.70298865869889],[-74.01720464229584,40.70303339312118],[-74.01723682880402,40.7030781275134]]]}},{"type":"Feature","properties":{"id":"a1c2e6f9-f632-4113-8220-f91eb65a419c","height":20.2,"subtype":null,"class":null},"geometry":{"type":"Polygon","coordinates":[[[-74.00511860847473,40.70820611642559],[-74.00502741336823,40.70799872723194],[-74.00494694709778,40.70802719245363],[-74.00504350662231,40.70823458155863],[-74.00511860847473,40.70820611642559]]]}},{"type":"Feature","properties":{"id":"ec2f9edb-d2b2-438f-9d96-4c281f25ac09","height":29,"subtype":null,"class":null},"geometry":{"type":"Polygon","coordinates":[[[-74.01392698287964,40.70369627240279],[-74.01355147361755,40.703688138954654],[-74.01355147361755,40.703655605152164],[-74.01324033737183,40.70365153842574],[-74.01326179504395,40.70378574026679],[-74.01327788829803,40.70378574026679],[-74.01336371898651,40.704310344869086],[-74.01334762573242,40.70431441155528],[-74.01336908340454,40.70444861206068],[-74.01339590549469,40.70444861206068],[-74.01339590549469,40.70446081209323],[-74.0140825510025,40.70446894544701],[-74.0140825510025,40.70445267873844],[-74.01410400867462,40.70445674541595],[-74.01413083076477,40.70432254492694],[-74.01412010192871,40.704318478241234],[-74.01422202587128,40.70380200713824],[-74.01423275470734,40.70380200713824],[-74.01425421237946,40.703671872055395],[-74.0139752626419,40.70366373860426],[-74.01396989822388,40.70369627240279],[-74.01392698287964,40.70369627240279]]]}},{"type":"Feature","properties":{"id":"64372068-9c2d-4f8a-8e8b-ea8504fae6e8","height":6,"subtype":"service","class":"service"},"geometry":{"type":"Polygon","coordinates":[[[-74.01600301265717,40.70302932635676],[-74.01604056358337,40.70303339312118],[-74.0160459280014,40.70300492576503],[-74.01600301265717,40.70300085899887],[-74.0160083770752,40.702984591931745],[-74.01598691940308,40.70298052516435],[-74.0159922838211,40.702952057785595],[-74.01594936847687,40.70294799101621],[-74.01594400405884,40.70298052516435],[-74.01592254638672,40.7029764583967],[-74.01592254638672,40.7029927254658],[-74.01588499546051,40.70298865869889],[-74.01587963104248,40.703021192827165],[-74.01591718196869,40.703025259592096],[-74.01591718196869,40.70304152664927],[-74.01593863964081,40.703045593412945],[-74.01593327522278,40.703074060751725],[-74.01597082614899,40.703074060751725],[-74.01597619056702,40.703045593412945],[-74.01599764823914,40.70304966017637],[-74.01600301265717,40.70302932635676]]]}},{"type":"Feature","properties":{"id":"cb3f79f6-a4fc-4482-953c-2f3d4e525ae8","height":73,"subtype":"residential","class":"apartments"},"geometry":{"type":"Polygon","coordinates":[[[-74.00480210781097,40.709369110525394],[-74.004807472229,40.709373176902695],[-74.00483965873718,40.70934471225635],[-74.00485575199127,40.709352845013704],[-74.00495231151581,40.70926745101212],[-74.00493621826172,40.709259318244364],[-74.0049684047699,40.70922678716336],[-74.0047699213028,40.70909666268041],[-74.00475919246674,40.70910072907436],[-74.00468945503235,40.709051932330695],[-74.00472700595856,40.70901940114838],[-74.00452315807343,40.70888927626021],[-74.00449097156525,40.70891774110121],[-74.00446951389313,40.70890554188512],[-74.00437295436859,40.70899093635082],[-74.00439441204071,40.70900313555126],[-74.00436222553253,40.709035666741514],[-74.00456070899963,40.70916579134364],[-74.00458216667175,40.70914952578227],[-74.00465190410614,40.70919425606646],[-74.00460362434387,40.709238986320585],[-74.00480210781097,40.709369110525394]]]}},{"type":"Feature","properties":{"id":"b3ba9c76-d329-4ca6-959f-d1780b4de492","height":5.9,"subtype":null,"class":null},"geometry":{"type":"Polygon","coordinates":[[[-74.00728583335876,40.710593078882205],[-74.00716245174408,40.710532084314],[-74.00707125663757,40.710605277789156],[-74.0071839094162,40.710666272290304],[-74.00728583335876,40.710593078882205]]]}},{"type":"Feature","properties":{"id":"e8080ee9-6302-4bce-9695-afeffdc0ad57","height":13,"subtype":null,"class":null},"geometry":{"type":"Polygon","coordinates":[[[-74.01889979839325,40.70610779597042],[-74.01866912841797,40.70611592912308],[-74.01856184005737,40.70626232570099],[-74.01867985725403,40.70641278851513],[-74.01890516281128,40.70641278851513],[-74.0190178155899,40.70626232570099],[-74.01889979839325,40.70610779597042]]]}},{"type":"Feature","properties":{"id":"580010d1-3e99-42d2-9212-04d53b59dc18","height":17.9,"subtype":null,"class":null},"geometry":{"type":"Polygon","coordinates":[[[-74.00389552116394,40.706534785141926],[-74.00383651256561,40.706567317538],[-74.00397062301636,40.706717779663094],[-74.00402963161469,40.70668524734052],[-74.00389552116394,40.706534785141926]]]}},{"type":"Feature","properties":{"id":"0d6c6b41-fc21-4818-8cff-2982c2f88a55","height":214,"subtype":"residential","class":"apartments"},"geometry":{"type":"Polygon","coordinates":[[[-74.00713562965393,40.71139820194619],[-74.00720000267029,40.711536454422244],[-74.00770425796509,40.71141446695826],[-74.0075272321701,40.71101190674149],[-74.00709807872772,40.711316876826174],[-74.00713562965393,40.71139820194619]]]}},{"type":"Feature","properties":{"id":"872221ba-66a4-4ddc-bd5f-2bf0774e721e","height":36.6,"subtype":null,"class":null},"geometry":{"type":"Polygon","coordinates":[[[-74.006068110466,40.710324702364225],[-74.00611102581024,40.71027997283939],[-74.00592863559723,40.710170182060146],[-74.00581061840057,40.71029217180367],[-74.00595009326935,40.71037756449118],[-74.0060305595398,40.71030437076575],[-74.006068110466,40.710324702364225]]]}},{"type":"Feature","properties":{"id":"aac224ed-7676-457c-8d11-0402be221245","height":286,"subtype":"residential","class":"apartments"},"geometry":{"type":"Polygon","coordinates":[[[-74.00921702384949,40.713057212713224],[-74.00944769382477,40.712760382940736],[-74.00944232940674,40.71272378739771],[-74.00910973548889,40.71257740502444],[-74.00883078575134,40.71291896339478],[-74.00915265083313,40.713065345017135],[-74.00921702384949,40.713057212713224]]]}},{"type":"Feature","properties":{"id":"a8c95904-bfb7-4e8e-875c-b3d9d2a93d84","height":120,"subtype":"entertainment","class":null},"geometry":{"type":"Polygon","coordinates":[[[-74.00849282741547,40.712760382940736],[-74.00858938694,40.712634331541175],[-74.00830507278442,40.712500147531024],[-74.00837481021881,40.712410691374025],[-74.00866448879242,40.712544875564454],[-74.00876641273499,40.71242288994796],[-74.00817632675171,40.71215045459755],[-74.00790274143219,40.71248794897123],[-74.00849282741547,40.712760382940736]]]}},{"type":"Feature","properties":{"id":"3a7161bd-a461-4fca-a44d-13c1d02fff34","subtype":null,"class":null},"geometry":{"type":"Polygon","coordinates":[[[-74.00438904762268,40.707380622274826],[-74.00442659854889,40.70736028977744],[-74.0044105052948,40.70734402377509],[-74.00437295436859,40.70736435627744],[-74.00438904762268,40.707380622274826]]]}},{"type":"Feature","properties":{"id":"27eefdef-4fbf-465e-b4ad-a6fd7c517d93","height":100.3,"subtype":"commercial","class":"office"},"geometry":{"type":"Polygon","coordinates":[[[-74.00918483734131,40.70699430376328],[-74.00931894779205,40.70707970067983],[-74.00957643985748,40.70681537653546],[-74.00952816009521,40.7067869107958],[-74.00968909263611,40.70662018264772],[-74.00949597358704,40.70650225272996],[-74.00909900665283,40.706941438950565],[-74.00918483734131,40.70699430376328]]]}},{"type":"Feature","properties":{"id":"e2bcece8-cfab-4623-bc22-400f919f37ed","subtype":null,"class":null},"geometry":{"type":"Polygon","coordinates":[[[-74.00512397289276,40.70589226706322],[-74.005166888237,40.70592479977315],[-74.00530099868774,40.705831268189264],[-74.00503277778625,40.70561573838715],[-74.00490403175354,40.70570927027373],[-74.00512397289276,40.70589226706322]]]}},{"type":"Feature","properties":{"id":"00e8eee2-3329-4cba-ab42-4c3c16162c40","height":65.2,"subtype":null,"class":null},"geometry":{"type":"Polygon","coordinates":[[[-74.00870203971863,40.70529040906296],[-74.00875568389893,40.70528634243636],[-74.00865375995636,40.705062677590455],[-74.00846064090729,40.70516027688831],[-74.00831043720245,40.70526194267149],[-74.00829434394836,40.70529040906296],[-74.00831043720245,40.70531480881739],[-74.00834798812866,40.70533107531539],[-74.00870203971863,40.70529040906296]]]}},{"type":"Feature","properties":{"id":"7a31ea08-a136-44ec-8336-7ba8cd4a2f41","height":17.2,"subtype":null,"class":null},"geometry":{"type":"Polygon","coordinates":[[[-74.00567650794983,40.710247442257],[-74.00558531284332,40.71017424838855],[-74.005526304245,40.710223044309785],[-74.0056174993515,40.71031250340588],[-74.00567650794983,40.710247442257]]]}},{"type":"Feature","properties":{"id":"aafb5dbc-4d10-4d24-b2ac-4a9ef01c999e","subtype":null,"class":null},"geometry":{"type":"Polygon","coordinates":[[[-74.00935649871826,40.703736939628605],[-74.00939404964447,40.70370847257315],[-74.00938332080841,40.70369627240279],[-74.00934040546417,40.70372473946346],[-74.00935649871826,40.703736939628605]]]}},{"type":"Feature","properties":{"id":"38c79aee-f277-48e8-9d49-7efd5d33e5a5","height":8.4,"subtype":"entertainment","class":null},"geometry":{"type":"Polygon","coordinates":[[[-74.01254296302795,40.71244728708914],[-74.01208698749542,40.71236189705591],[-74.01194751262665,40.71277258145062],[-74.01241958141327,40.71298402193335],[-74.01250004768372,40.71287830177591],[-74.01263415813446,40.712467618033294],[-74.01254296302795,40.71244728708914]]]}},{"type":"Feature","properties":{"id":"50ff080e-6b10-4966-9b5e-2ca4e9f4b9af","height":35,"subtype":null,"class":null},"geometry":{"type":"Polygon","coordinates":[[[-74.01029527187347,40.70488374517292],[-74.01035964488983,40.70496507814958],[-74.01044547557831,40.70491221172604],[-74.01047766208649,40.70494474491472],[-74.01056349277496,40.70489594512576],[-74.01044011116028,40.70475361220368],[-74.01033818721771,40.70483494533926],[-74.01029527187347,40.70488374517292]]]}},{"type":"Feature","properties":{"id":"91145093-86cb-4420-9e80-18727796c8be","height":17.3,"subtype":null,"class":null},"geometry":{"type":"Polygon","coordinates":[[[-74.01427567005157,40.710658139693365],[-74.01429176330566,40.710597145184764],[-74.01419520378113,40.710580879973044],[-74.01417911052704,40.710633741896636],[-74.01427567005157,40.710658139693365]]]}},{"type":"Feature","properties":{"id":"7c62802a-f730-40c6-b98d-48c8a60f3109","height":14.9,"subtype":null,"class":null},"geometry":{"type":"Polygon","coordinates":[[[-74.01129305362701,40.70324893128012],[-74.01126623153687,40.70315946269505],[-74.01115894317627,40.70318386323018],[-74.01119112968445,40.703277398531995],[-74.01129305362701,40.70324893128012]]]}},{"type":"Feature","properties":{"id":"14b2e958-7bbf-4a77-b826-4c6051e8f55d","height":3.1,"subtype":null,"class":null},"geometry":{"type":"Polygon","coordinates":[[[-74.013631939888,40.70161407725988],[-74.01359438896179,40.70162221096131],[-74.01361048221588,40.701675079996264],[-74.01364803314209,40.70167101314891],[-74.013631939888,40.70161407725988]]]}},{"type":"Feature","properties":{"id":"5c46a2db-7e1a-4665-a651-fbdbaff194cb","height":4.5,"subtype":null,"class":null},"geometry":{"type":"Polygon","coordinates":[[[-74.01694178581238,40.70355393691694],[-74.01696860790253,40.70354173671827],[-74.01697397232056,40.7035051361089],[-74.01693642139435,40.70348073569148],[-74.01690423488617,40.703484802428356],[-74.01687741279602,40.7035051361089],[-74.01687741279602,40.703529536517394],[-74.01689350605011,40.70354987018431],[-74.01694178581238,40.70355393691694]]]}},{"type":"Feature","properties":{"id":"41612981-904f-44b8-960f-2d5d06fb5b82","height":14.9,"subtype":null,"class":null},"geometry":{"type":"Polygon","coordinates":[[[-74.00665283203125,40.71030437076575],[-74.0066796541214,40.71028403916106],[-74.00662064552307,40.71025557490409],[-74.00644898414612,40.710397896067306],[-74.00649726390839,40.71043042657619],[-74.00665283203125,40.71030437076575]]]}},{"type":"Feature","properties":{"id":"ffe06a41-befc-4742-ad8f-60fe81f55c03","height":132.4,"subtype":null,"class":null},"geometry":{"type":"Polygon","coordinates":[[[-74.00619685649872,40.704822745375246],[-74.00618612766266,40.70481867872008],[-74.00636315345764,40.70466007897498],[-74.00608956813812,40.70448114547581],[-74.00553166866302,40.70484714530102],[-74.00585889816284,40.70504641102691],[-74.00593400001526,40.704981344733],[-74.00598227977753,40.70500574460065],[-74.00617003440857,40.704859345260566],[-74.00615930557251,40.70485527860762],[-74.00619685649872,40.704822745375246]]]}},{"type":"Feature","properties":{"id":"0b54d226-9916-44bc-af66-d2e66d2d3493","height":11.1,"subtype":null,"class":null},"geometry":{"type":"Polygon","coordinates":[[[-74.01050448417664,40.70399720928575],[-74.01044547557831,40.70391994183744],[-74.01037037372589,40.70397280904861],[-74.01052057743073,40.70417207739042],[-74.01058495044708,40.70414361052094],[-74.01050448417664,40.70399720928575]]]}},{"type":"Feature","properties":{"id":"fd920406-b871-4568-b03e-90c6df2cc27d","height":5.3,"subtype":null,"class":null},"geometry":{"type":"Polygon","coordinates":[[[-74.01834189891815,40.705152143618946],[-74.01828289031982,40.70518467669042],[-74.0183687210083,40.70527007592744],[-74.01835262775421,40.70531887544228],[-74.01842772960663,40.70533514193927],[-74.01843845844269,40.705306675566916],[-74.01850283145905,40.70527007592744],[-74.01836335659027,40.705123677168366],[-74.01833653450012,40.70513994371306],[-74.01834189891815,40.705152143618946]]]}},{"type":"Feature","properties":{"id":"05a6186a-87bd-41f7-9b79-42db689cf90f","height":117.8,"subtype":null,"class":null},"geometry":{"type":"Polygon","coordinates":[[[-74.00947988033295,40.70874695187261],[-74.00939404964447,40.708702221287965],[-74.00919020175934,40.70888520985334],[-74.00937795639038,40.708986869950174],[-74.00957643985748,40.70879574883975],[-74.00947988033295,40.70874695187261]]]}},{"type":"Feature","properties":{"id":"c3606af0-f9aa-4e58-b7eb-07f3a31549ce","height":7.1,"subtype":null,"class":null},"geometry":{"type":"Polygon","coordinates":[[[-74.00676012039185,40.707299292248095],[-74.00674402713776,40.70728709273553],[-74.00662064552307,40.70735622327723],[-74.00671184062958,40.70742535374719],[-74.00697469711304,40.707226095139134],[-74.00691568851471,40.707185430043836],[-74.0068244934082,40.7072504941844],[-74.00683522224426,40.70725862719749],[-74.00676012039185,40.707299292248095]]]}},{"type":"Feature","properties":{"id":"5e4586d1-9952-4c5b-ae70-5494b84f5e1b","height":16.4,"subtype":"residential","class":"apartments"},"geometry":{"type":"Polygon","coordinates":[[[-74.01106774806976,40.70331806601355],[-74.01103019714355,40.7032163972631],[-74.0109658241272,40.70323266427359],[-74.01100873947144,40.70335466672572],[-74.0110033750534,40.703358733470274],[-74.01100873947144,40.703370933702466],[-74.01107847690582,40.703358733470274],[-74.01106774806976,40.70331806601355]]]}},{"type":"Feature","properties":{"id":"85dba40c-ec53-4924-b5fb-46d0f673ddd1","height":18,"subtype":"transportation","class":"parking"},"geometry":{"type":"Polygon","coordinates":[[[-74.01067614555359,40.70460721230935],[-74.01050448417664,40.70471294559865],[-74.01056349277496,40.70479427878387],[-74.01069760322571,40.70475361220368],[-74.01072442531586,40.70480241209695],[-74.0110033750534,40.70475767886281],[-74.01099264621735,40.70471701226027],[-74.01105165481567,40.70469261228682],[-74.01094436645508,40.70450147885221],[-74.01067614555359,40.70460721230935]]]}},{"type":"Feature","properties":{"id":"6bc12805-3a13-41c1-95d8-85d9cf925030","height":66.1,"subtype":null,"class":null},"geometry":{"type":"Polygon","coordinates":[[[-74.00996267795563,40.71211385871929],[-74.00980174541473,40.71203660068802],[-74.00966227054596,40.7122033152751],[-74.00982320308685,40.71228057311294],[-74.00996267795563,40.71211385871929]]]}},{"type":"Feature","properties":{"id":"c1298716-7c0f-420d-bc21-36eb92ebe185","height":35,"subtype":"residential","class":"residential"},"geometry":{"type":"Polygon","coordinates":[[[-74.00728046894073,40.71099564163109],[-74.00736629962921,40.711064768322906],[-74.00770425796509,40.71084112288395],[-74.00758624076843,40.710767929668066],[-74.00747358798981,40.710853321745454],[-74.00730729103088,40.7107191341461],[-74.00710880756378,40.71086145431853],[-74.00728046894073,40.71099564163109]]]}},{"type":"Feature","properties":{"id":"da390c71-1a7f-42aa-b573-a69b032a1eb1","height":60.7,"subtype":null,"class":null},"geometry":{"type":"Polygon","coordinates":[[[-74.00935113430023,40.70975541526048],[-74.0092545747757,40.70986927307059],[-74.00962471961975,40.710048192093126],[-74.00976955890656,40.70987333941735],[-74.00960326194763,40.70979607878643],[-74.00965690612793,40.70973508348818],[-74.00942087173462,40.70961715908647],[-74.00933504104614,40.70971881806589],[-74.00934040546417,40.70971881806589],[-74.00932431221008,40.709743216197865],[-74.00935113430023,40.70975541526048]]]}},{"type":"Feature","properties":{"id":"9c51ed5b-ee69-49f8-828e-2fc5613359a9","height":320,"subtype":"commercial","class":"commercial"},"geometry":{"type":"Polygon","coordinates":[[[-74.01192605495453,40.7113656719101],[-74.01204943656921,40.71141040070561],[-74.0122264623642,40.710906183452764],[-74.0119743347168,40.71080859257571],[-74.01195824146271,40.71083299030838],[-74.0119206905365,40.71082079144317],[-74.01193141937256,40.71080859257571],[-74.01190996170044,40.71080045999617],[-74.01193141937256,40.710771995959945],[-74.01134669780731,40.710544283232124],[-74.01108920574188,40.71092244858503],[-74.01113748550415,40.71093871371334],[-74.01106238365173,40.7110485032254],[-74.01160418987274,40.711255882920966],[-74.01162564754486,40.71122741907942],[-74.01164710521698,40.71123148534324],[-74.01165246963501,40.71121928655104],[-74.01168465614319,40.71123555160682],[-74.0116685628891,40.71126401544488],[-74.01192605495453,40.7113656719101]]]}},{"type":"Feature","properties":{"id":"79f2f5df-8f80-49b7-9b1e-15d0c234ae31","height":4,"subtype":null,"class":null},"geometry":{"type":"Polygon","coordinates":[[[-74.01409864425659,40.7108655206047],[-74.01411473751068,40.710853321745454],[-74.01407182216644,40.71083299030838],[-74.01406109333038,40.710849255458534],[-74.01409864425659,40.7108655206047]]]}},{"type":"Feature","properties":{"id":"09cbe70c-8a51-4f8d-b814-bb7d9237383f","height":17.8,"subtype":"civic","class":"fire_station"},"geometry":{"type":"Polygon","coordinates":[[[-74.00551557540894,40.70990180383772],[-74.00545656681061,40.709857074028804],[-74.00529026985168,40.70999126336539],[-74.00534391403198,40.71004412575705],[-74.00551557540894,40.70990180383772]]]}},{"type":"Feature","properties":{"id":"adae101b-48e8-4f1d-9a24-49350e32b197","height":24.682668685913086,"subtype":null,"class":null},"geometry":{"type":"Polygon","coordinates":[[[-74.00550484657288,40.708006860153674],[-74.005526304245,40.70804345828913],[-74.00587499141693,40.707892999159185],[-74.00546193122864,40.70748635116107],[-74.00527954101562,40.70754734851909],[-74.00537610054016,40.70775067264229],[-74.0054726600647,40.70785640094104],[-74.00543510913849,40.70787673328693],[-74.00550484657288,40.708006860153674]]]}},{"type":"Feature","properties":{"id":"5d2c4d79-cd77-4900-8fde-a0eb27eef6c9","height":90.4,"subtype":"commercial","class":"office"},"geometry":{"type":"Polygon","coordinates":[[[-74.01258587837219,40.70364747169906],[-74.01241958141327,40.703643404972134],[-74.01243567466736,40.703773540110596],[-74.0125161409378,40.70376540667189],[-74.01254296302795,40.70398907587436],[-74.01305258274078,40.70398094246198],[-74.01300966739655,40.70365153842574],[-74.01258587837219,40.70364747169906]]]}},{"type":"Feature","properties":{"id":"c950eaba-4252-4e6f-bcce-96dd51f2659c","height":8,"subtype":"service","class":"service"},"geometry":{"type":"Polygon","coordinates":[[[-74.01394844055176,40.71152425568591],[-74.0140289068222,40.711560851888215],[-74.01408791542053,40.71134534062947],[-74.01400744915009,40.71131281056756],[-74.01394844055176,40.71152425568591]]]}},{"type":"Feature","properties":{"id":"e47ce385-89f0-46f4-be28-98c022513404","subtype":null,"class":null},"geometry":{"type":"Polygon","coordinates":[[[-74.0126770734787,40.70222003529584],[-74.01270389556885,40.70222003529584],[-74.01269316673279,40.702183433960165],[-74.01266634464264,40.70218750077623],[-74.0126770734787,40.70222003529584]]]}},{"type":"Feature","properties":{"id":"765b166b-a3cc-4a18-b3d6-df5df735256e","height":4,"subtype":null,"class":null},"geometry":{"type":"Polygon","coordinates":[[[-74.00401890277863,40.706254192566206],[-74.00402963161469,40.7062582591337],[-74.00403499603271,40.706250125998444],[-74.00405645370483,40.70624199286218],[-74.00406181812286,40.70622166001717],[-74.00403499603271,40.70620539373671],[-74.00399208068848,40.70619726059497],[-74.00398671627045,40.70620132716597],[-74.00398671627045,40.70622166001717],[-74.00401890277863,40.706254192566206]]]}},{"type":"Feature","properties":{"id":"22d02a65-fd40-420a-af5b-7ad8f2453abb","height":83,"subtype":null,"class":null},"geometry":{"type":"Polygon","coordinates":[[[-74.01307940483093,40.70585566774555],[-74.0124249458313,40.70560760517342],[-74.012371301651,40.70571740347506],[-74.01297211647034,40.705981731977296],[-74.01307940483093,40.70585566774555]]]}},{"type":"Feature","properties":{"id":"e5c186ed-1b3d-444b-b086-5ea53a8239f1","subtype":null,"class":null},"geometry":{"type":"Polygon","coordinates":[[[-74.00493085384369,40.70873881904128],[-74.00494694709778,40.70873068620894],[-74.00492012500763,40.708702221287965],[-74.00490403175354,40.70871035412378],[-74.00493085384369,40.70873881904128]]]}},{"type":"Feature","properties":{"id":"b0f3022d-759f-40a6-8008-c74640019e3a","height":113.4,"subtype":"commercial","class":"office"},"geometry":{"type":"Polygon","coordinates":[[[-74.01308476924896,40.70786046741071],[-74.01306867599487,40.70785233447112],[-74.01284337043762,40.70819391707915],[-74.01330471038818,40.70832404332609],[-74.01346027851105,40.7079783949233],[-74.01308476924896,40.70786046741071]]]}},{"type":"Feature","properties":{"id":"67078184-c509-4bfd-b71d-a4c3c189e0fa","height":18.6,"subtype":null,"class":null},"geometry":{"type":"Polygon","coordinates":[[[-74.00393307209015,40.706290791664856],[-74.00385797023773,40.706225726586666],[-74.0037077665329,40.70632739074342],[-74.0037453174591,40.70636398980186],[-74.00372385978699,40.70637618948352],[-74.0037614107132,40.70640872195706],[-74.00393307209015,40.706290791664856]]]}},{"type":"Feature","properties":{"id":"36a87b01-b281-47a3-ac6f-460f75629bc3","height":5.8,"subtype":null,"class":null},"geometry":{"type":"Polygon","coordinates":[[[-74.01808977127075,40.70505047766817],[-74.01812195777893,40.70503421110163],[-74.01820242404938,40.70511147725726],[-74.01823997497559,40.705087077428324],[-74.01824533939362,40.70509521070563],[-74.01830434799194,40.70505861094994],[-74.01814341545105,40.704920345024725],[-74.01810050010681,40.704948811562204],[-74.01803612709045,40.7049772780875],[-74.01808977127075,40.70505047766817]]]}},{"type":"Feature","properties":{"id":"2738bcaa-4026-41c3-82ec-3488c189c4be","height":19.8,"subtype":null,"class":null},"geometry":{"type":"Polygon","coordinates":[[[-74.00423347949982,40.706551051341954],[-74.00408327579498,40.70642498818788],[-74.0040135383606,40.706473786856456],[-74.00414228439331,40.70661204955665],[-74.00423347949982,40.706551051341954]]]}},{"type":"Feature","properties":{"id":"797294be-5348-4b18-a0f3-22507851dddd","height":89.6,"subtype":null,"class":null},"geometry":{"type":"Polygon","coordinates":[[[-74.00745749473572,40.70830371111676],[-74.00708198547363,40.708071923491694],[-74.0068781375885,40.70836064128723],[-74.00726974010468,40.708604627180826],[-74.00745213031769,40.70843383714919],[-74.00745749473572,40.70830371111676]]]}},{"type":"Feature","properties":{"id":"90a613d5-b873-4896-b11b-801798568cab","height":102,"subtype":null,"class":null},"geometry":{"type":"Polygon","coordinates":[[[-74.00798320770264,40.70698210419484],[-74.00770962238312,40.70680724346821],[-74.00744676589966,40.70710003326287],[-74.00782763957977,40.70735622327723],[-74.00795102119446,40.7072504941844],[-74.00787591934204,40.70720169608493],[-74.0079402923584,40.70713663189668],[-74.0080851316452,40.70723016164729],[-74.00819778442383,40.707116299324824],[-74.00798320770264,40.70698210419484]]]}},{"type":"Feature","properties":{"id":"9c09d7db-98c5-4155-b1df-a37bb84c0023","height":275.7,"subtype":null,"class":null},"geometry":{"type":"Polygon","coordinates":[[[-74.00982856750488,40.706705580043995],[-74.00968909263611,40.70662018264772],[-74.00952816009521,40.7067869107958],[-74.00957643985748,40.70681537653546],[-74.00931894779205,40.70707970067983],[-74.00991439819336,40.707437553234435],[-74.01007533073425,40.70727489322072],[-74.00983929634094,40.70714476492368],[-74.0101021528244,40.70688044103756],[-74.00982856750488,40.706705580043995]]]}},{"type":"Feature","properties":{"id":"aa5425f2-9a7f-4832-bdc6-2df95a36a427","height":4,"subtype":null,"class":null},"geometry":{"type":"Polygon","coordinates":[[[-74.01432931423187,40.710674404886234],[-74.01435077190399,40.710678471183826],[-74.01436150074005,40.710637808196715],[-74.01434004306793,40.710633741896636],[-74.01432931423187,40.710674404886234]]]}},{"type":"Feature","properties":{"id":"fba27250-7939-45c8-9264-9827e433add3","height":29,"subtype":"residential","class":"apartments"},"geometry":{"type":"Polygon","coordinates":[[[-74.01739776134491,40.70730335875181],[-74.01738703250885,40.707299292248095],[-74.01727974414825,40.70744568622467],[-74.01772499084473,40.70762867824286],[-74.01783764362335,40.70747415168276],[-74.01773571968079,40.70743348673893],[-74.01773035526276,40.70744161972968],[-74.01767134666443,40.70741722075444],[-74.0176659822464,40.70740502126347],[-74.01764452457428,40.707396888268256],[-74.01763379573822,40.707396888268256],[-74.01759624481201,40.70738468877355],[-74.01759088039398,40.70737248927663],[-74.01762843132019,40.7073196247641],[-74.01764452457428,40.70731555826139],[-74.01767134666443,40.70727489322072],[-74.01767134666443,40.70725862719749],[-74.01770889759064,40.707209829104],[-74.01772499084473,40.707209829104],[-74.0177571773529,40.70722202863072],[-74.01776254177094,40.7072342281552],[-74.01778399944305,40.70724236117031],[-74.01780009269714,40.70723829466288],[-74.01785910129547,40.70726269370367],[-74.01785373687744,40.707270826715295],[-74.01795566082001,40.707311491758446],[-74.01806831359863,40.70715696446235],[-74.01762306690216,40.70696990462417],[-74.01751577854156,40.7071203658397],[-74.01752650737762,40.70712443235432],[-74.01751041412354,40.70714883143683],[-74.01749968528748,40.70714476492368],[-74.01740849018097,40.707270826715295],[-74.01741921901703,40.70727489322072],[-74.01739776134491,40.70730335875181]]]}},{"type":"Feature","properties":{"id":"a778ec2f-0add-469a-a477-780f368b928a","height":65.7,"subtype":null,"class":null},"geometry":{"type":"Polygon","coordinates":[[[-74.00848746299744,40.71003192674731],[-74.00841772556305,40.71012138610016],[-74.0086430311203,40.71023524328452],[-74.0088951587677,40.70994653361657],[-74.00868594646454,40.70980421148865],[-74.00848746299744,40.71003192674731]]]}},{"type":"Feature","properties":{"id":"fd357fc0-81db-4386-b239-6beb1d56f196","height":23.34181022644043,"subtype":"residential","class":"residential"},"geometry":{"type":"Polygon","coordinates":[[[-74.01796102523804,40.7079173979601],[-74.01758015155792,40.708441970017766],[-74.01805222034454,40.708641224987765],[-74.0181165933609,40.70854769721894],[-74.01840090751648,40.708665623514555],[-74.01852428913116,40.70815731902638],[-74.01796102523804,40.7079173979601]]]}},{"type":"Feature","properties":{"id":"0c498a03-fca4-4ff8-ae75-105bc638a381","height":16.7,"subtype":null,"class":null},"geometry":{"type":"Polygon","coordinates":[[[-74.00882542133331,40.705274142555034],[-74.0087342262268,40.70503827774363],[-74.00865375995636,40.705062677590455],[-74.00875568389893,40.70528634243636],[-74.00882542133331,40.705274142555034]]]}},{"type":"Feature","properties":{"id":"4c3f0521-65cf-4cff-9721-4a097ba2b10d","height":18.803930282592773,"subtype":"medical","class":null},"geometry":{"type":"Polygon","coordinates":[[[-74.00499522686005,40.710723200440974],[-74.00508642196655,40.71080859257571],[-74.00521516799927,40.710735399324065],[-74.00517225265503,40.71069473637172],[-74.0052741765976,40.7105890125794],[-74.0052580833435,40.710580879973044],[-74.0055102109909,40.71043449288867],[-74.0048611164093,40.70980421148865],[-74.00451242923737,40.71010512077221],[-74.00453925132751,40.71013358509351],[-74.00442123413086,40.710202712680285],[-74.00489866733551,40.710658139693365],[-74.00492012500763,40.71064594079612],[-74.00497376918793,40.71069880266807],[-74.00496304035187,40.71070693526003],[-74.00498449802399,40.71073133302995],[-74.00499522686005,40.710723200440974]]]}},{"type":"Feature","properties":{"id":"899e9928-fb12-4c03-9c20-5762eaa975c9","height":3,"subtype":null,"class":null},"geometry":{"type":"Polygon","coordinates":[[[-74.00445342063904,40.71172350143295],[-74.00448560714722,40.71172350143295],[-74.00448560714722,40.71170317026159],[-74.00445342063904,40.71170317026159],[-74.00445342063904,40.71172350143295]]]}},{"type":"Feature","properties":{"id":"2d516931-421d-4451-ae74-064f14342fe4","height":154,"subtype":"commercial","class":"office"},"geometry":{"type":"Polygon","coordinates":[[[-74.01020407676697,40.70254537961785],[-74.01021480560303,40.70259011433784],[-74.01092290878296,40.702468110485256],[-74.01090681552887,40.70241524207975],[-74.01094436645508,40.702411175277575],[-74.01086390018463,40.70213463214798],[-74.01083171367645,40.70214276578584],[-74.01081562042236,40.70208989712207],[-74.0101021528244,40.70220783485286],[-74.01011824607849,40.702260703422986],[-74.01009142398834,40.70226883704545],[-74.01016652584076,40.702549446411815],[-74.01020407676697,40.70254537961785]]]}},{"type":"Feature","properties":{"id":"cce7bab8-eab1-4a4a-baaf-fce7796786aa","height":17.9,"subtype":null,"class":null},"geometry":{"type":"Polygon","coordinates":[[[-74.0085357427597,40.70470074561229],[-74.00846600532532,40.70474547888467],[-74.00864839553833,40.7049162783755],[-74.00871813297272,40.7048756118698],[-74.0085357427597,40.70470074561229]]]}},{"type":"Feature","properties":{"id":"3542ee72-6917-4b3c-a76a-568ee0e869aa","height":22.7,"subtype":null,"class":null},"geometry":{"type":"Polygon","coordinates":[[[-74.01339054107666,40.70753514905196],[-74.01330471038818,40.70749855063714],[-74.01326715946198,40.70755548149594],[-74.01359438896179,40.707669343067515],[-74.01361584663391,40.707620545274956],[-74.01339054107666,40.70753514905196]]]}},{"type":"Feature","properties":{"id":"2eb388cb-4fe5-4c83-8af7-9019fa12b547","height":88,"subtype":null,"class":null},"geometry":{"type":"Polygon","coordinates":[[[-74.01692569255829,40.710369431859],[-74.01683986186981,40.71034910027418],[-74.01673257350922,40.710633741896636],[-74.01714026927948,40.710723200440974],[-74.0172529220581,40.710438559200924],[-74.01692569255829,40.710369431859]]]}},{"type":"Feature","properties":{"id":"b63251e6-3c2b-44cb-8fb9-dd5de3984930","height":47,"subtype":"transportation","class":"train_station"},"geometry":{"type":"Polygon","coordinates":[[[-74.01171147823334,40.71184142210444],[-74.01182413101196,40.7118739519081],[-74.0118670463562,40.71187801813243],[-74.01190459728241,40.71186988568351],[-74.01193141937256,40.71185362078268],[-74.01194751262665,40.711829223423976],[-74.01195287704468,40.71180075982752],[-74.01194214820862,40.7117682299881],[-74.01188313961029,40.711707236496366],[-74.01169002056122,40.711536454422244],[-74.01149690151215,40.71141040070561],[-74.0114164352417,40.7113656719101],[-74.01122868061066,40.71128028048975],[-74.0110194683075,40.71121115402167],[-74.01096045970917,40.711207087756584],[-74.01092290878296,40.71122335281536],[-74.01090681552887,40.71123148534324],[-74.01089072227478,40.71126808170647],[-74.01089608669281,40.71130467804961],[-74.0110194683075,40.711455129471105],[-74.01115357875824,40.71157305061785],[-74.01122331619263,40.71162184551405],[-74.01140570640564,40.71172350143295],[-74.01154518127441,40.7117844949098],[-74.01171147823334,40.71184142210444]]]}},{"type":"Feature","properties":{"id":"506fb3f5-8cc1-4a01-8ddb-1c33587449a3","height":8,"subtype":null,"class":null},"geometry":{"type":"Polygon","coordinates":[[[-74.01560068130493,40.71001566139751],[-74.01548266410828,40.70998719702581],[-74.0153968334198,40.71021084533283],[-74.0153431892395,40.710202712680285],[-74.01527345180511,40.71038569712238],[-74.01525735855103,40.7103816308069],[-74.0152359008789,40.71041009501],[-74.0151983499527,40.710515819086396],[-74.01519298553467,40.710544283232124],[-74.01520907878876,40.71054834953766],[-74.01513934135437,40.710735399324065],[-74.01526272296906,40.71075979708356],[-74.01521444320679,40.71088178574691],[-74.01534855365753,40.71094684627599],[-74.01526808738708,40.711081033416434],[-74.01533246040344,40.71121928655104],[-74.0155041217804,40.71128028048975],[-74.01568114757538,40.71123148534324],[-74.01576161384583,40.711097298506004],[-74.01569724082947,40.710963111398314],[-74.01568114757538,40.7109590451181],[-74.01571869850159,40.71086145431853],[-74.01584208011627,40.71088991831652],[-74.0160459280014,40.71036129922582],[-74.01599764823914,40.71034910027418],[-74.01608347892761,40.71012138610016],[-74.01596546173096,40.710096988106756],[-74.01596009731293,40.71011731976856],[-74.01590645313263,40.71010512077221],[-74.01590645313263,40.71010105443962],[-74.01585817337036,40.710080722772865],[-74.01577770709991,40.71005225842898],[-74.01568651199341,40.71004412575705],[-74.0156489610672,40.71004412575705],[-74.01564359664917,40.710048192093126],[-74.01558995246887,40.71003599308414],[-74.01560068130493,40.71001566139751]]]}},{"type":"Feature","properties":{"id":"f6d89fff-4504-4980-aeb7-124130cd103c","height":168.8,"subtype":null,"class":null},"geometry":{"type":"Polygon","coordinates":[[[-74.01011288166046,40.7066161161023],[-74.01020407676697,40.70668118079908],[-74.01034355163574,40.706551051341954],[-74.01036500930786,40.70651445238633],[-74.0103006362915,40.7064941196245],[-74.01041328907013,40.70640872195706],[-74.01038110256195,40.70639652228135],[-74.0102469921112,40.70651445238633],[-74.01023626327515,40.70650631928235],[-74.01011288166046,40.7066161161023]]]}},{"type":"Feature","properties":{"id":"806bf78d-9ae0-402f-ae77-c6c2540dada5","height":19.8,"subtype":null,"class":null},"geometry":{"type":"Polygon","coordinates":[[[-74.00384724140167,40.70652665204043],[-74.0037989616394,40.706481919964425],[-74.00361657142639,40.70659578337152],[-74.00369703769684,40.70668524734052],[-74.00380969047546,40.7066283157378],[-74.00376677513123,40.70658358373007],[-74.00380432605743,40.706563250989355],[-74.0037989616394,40.706555117891334],[-74.00384724140167,40.70652665204043]]]}},{"type":"Feature","properties":{"id":"ed42d59f-e736-4ab3-953f-be122c4ea3d4","height":140.1,"subtype":null,"class":null},"geometry":{"type":"Polygon","coordinates":[[[-74.00868594646454,40.70556693908984],[-74.00863766670227,40.70554660603874],[-74.0084820985794,40.70575806946676],[-74.0087878704071,40.70590446683132],[-74.00882542133331,40.70589226706322],[-74.0090024471283,40.70554660603874],[-74.00898098945618,40.70537174154299],[-74.00867521762848,40.705400207887536],[-74.00870203971863,40.7055344062051],[-74.00868594646454,40.70556693908984]]]}},{"type":"Feature","properties":{"id":"eced29ae-439a-4d7c-ae47-f00c0e007806","subtype":null,"class":null},"geometry":{"type":"Polygon","coordinates":[[[-74.00866985321045,40.703680005505525],[-74.00890588760376,40.70388740814818],[-74.00937795639038,40.70357427057641],[-74.009308218956,40.70351733631428],[-74.00942623615265,40.703436001569656],[-74.00954961776733,40.70354173671827],[-74.01000559329987,40.70324079777736],[-74.00922775268555,40.702569780377935],[-74.00892734527588,40.70276498613683],[-74.00890588760376,40.702740585448254],[-74.00863230228424,40.702923590394676],[-74.00861084461212,40.7029073233087],[-74.00820851325989,40.70317166296372],[-74.0081924200058,40.70315946269505],[-74.00812268257141,40.7032041970026],[-74.00866985321045,40.703680005505525]]]}},{"type":"Feature","properties":{"id":"9c9b0b1b-7d0a-4f57-8856-ea617afd6888","height":10,"subtype":null,"class":null},"geometry":{"type":"Polygon","coordinates":[[[-74.00980174541473,40.71203660068802],[-74.00973200798035,40.71200407096383],[-74.00958716869354,40.71217891804452],[-74.00965690612793,40.71221144768329],[-74.00980174541473,40.71203660068802]]]}},{"type":"Feature","properties":{"id":"538af350-0753-474e-a100-797db18423c6","subtype":null,"class":null},"geometry":{"type":"Polygon","coordinates":[[[-74.01510715484619,40.70212649850914],[-74.0150910615921,40.70210209758665],[-74.01506423950195,40.70208583030005],[-74.01503205299377,40.70207362983247],[-74.01499450206757,40.70206956300945],[-74.01496231555939,40.70207769665526],[-74.01493012905121,40.70209396394385],[-74.01490867137909,40.702114298049025],[-74.014892578125,40.70214276578584],[-74.01489794254303,40.702171233510484],[-74.01490867137909,40.70219970122294],[-74.01493549346924,40.70222003529584],[-74.01496767997742,40.702236302549686],[-74.01500523090363,40.70224036936253],[-74.0150374174118,40.702236302549686],[-74.01506960391998,40.70222410210967],[-74.01509642601013,40.702203768038025],[-74.01511251926422,40.702179367143856],[-74.01511788368225,40.70215089942268],[-74.01510715484619,40.70212649850914]]]}},{"type":"Feature","properties":{"id":"4c5c0622-ef85-422b-b65d-f606ce94fe0c","height":71.6,"subtype":null,"class":null},"geometry":{"type":"Polygon","coordinates":[[[-74.01390016078949,40.708267113124336],[-74.01361584663391,40.70819798352821],[-74.01355683803558,40.70832810976721],[-74.01384115219116,40.708397239228255],[-74.01390016078949,40.708267113124336]]]}},{"type":"Feature","properties":{"id":"3b6f62fb-a860-488e-8649-ddf915583c89","height":34.7,"subtype":"commercial","class":"commercial"},"geometry":{"type":"Polygon","coordinates":[[[-74.00903463363647,40.71004412575705],[-74.00897026062012,40.709999396043756],[-74.00886833667755,40.71011731976856],[-74.00936186313629,40.710365365542536],[-74.00940477848053,40.71031250340588],[-74.00903463363647,40.71004412575705]]]}},{"type":"Feature","properties":{"id":"605e5658-f4d2-4854-b439-e1da56d39177","height":9.9,"subtype":"commercial","class":"commercial"},"geometry":{"type":"Polygon","coordinates":[[[-74.01207089424133,40.70942603978505],[-74.0120279788971,40.70940570791218],[-74.01192605495453,40.70954803089183],[-74.01196897029877,40.70956836272124],[-74.01207089424133,40.70942603978505]]]}},{"type":"Feature","properties":{"id":"8e07a287-c589-4978-a254-c3e470030459","height":52.5,"subtype":null,"class":null},"geometry":{"type":"Polygon","coordinates":[[[-74.0079939365387,40.70930811483605],[-74.00779008865356,40.70916172495366],[-74.0075433254242,40.70941384066208],[-74.00772035121918,40.70951549995187],[-74.00776863098145,40.709470769883495],[-74.00772035121918,40.7094463716517],[-74.0077954530716,40.709369110525394],[-74.00788128376007,40.70942197341098],[-74.0079939365387,40.70930811483605]]]}},{"type":"Feature","properties":{"id":"04750f45-d7d8-4658-9e9e-57887ec52636","height":63.9,"subtype":"commercial","class":"hotel"},"geometry":{"type":"Polygon","coordinates":[[[-74.0092009305954,40.709035666741514],[-74.00922775268555,40.709051932330695],[-74.00910437107086,40.70916579134364],[-74.0091472864151,40.709214588003874],[-74.0093457698822,40.70901533474947],[-74.00913655757904,40.70893807312306],[-74.0090936422348,40.70897873714813],[-74.0092009305954,40.709035666741514]]]}},{"type":"Feature","properties":{"id":"701b3c73-d0a7-4c2f-bcac-b3e25f4cf832","height":16.3,"subtype":null,"class":null},"geometry":{"type":"Polygon","coordinates":[[[-74.00360584259033,40.707193563064884],[-74.00369703769684,40.70714883143683],[-74.00365948677063,40.707104099778725],[-74.00356829166412,40.70714883143683],[-74.00360584259033,40.707193563064884]]]}},{"type":"Feature","properties":{"id":"1e78cac4-9317-4dbc-b8e7-f77263554952","subtype":null,"class":null},"geometry":{"type":"Polygon","coordinates":[[[-74.009490609169,40.70627045883476],[-74.00944232940674,40.706246059430434],[-74.00942623615265,40.7062582591337],[-74.00947988033295,40.706286725099325],[-74.009490609169,40.70627045883476]]]}},{"type":"Feature","properties":{"id":"ccd52882-f011-4381-a4cb-fcb185bc7ceb","height":3.5,"subtype":null,"class":null},"geometry":{"type":"Polygon","coordinates":[[[-74.0172153711319,40.70283818814891],[-74.01720464229584,40.70282598781916],[-74.01718318462372,40.702834121372575],[-74.01719391345978,40.702846321700854],[-74.0172153711319,40.70283818814891]]]}},{"type":"Feature","properties":{"id":"8ec5811b-1660-491f-9284-6ac5567413d0","height":103.9,"subtype":null,"class":null},"geometry":{"type":"Polygon","coordinates":[[[-74.00895416736603,40.705257876043135],[-74.00887370109558,40.705001677956666],[-74.0087342262268,40.70503827774363],[-74.00882542133331,40.705274142555034],[-74.00895416736603,40.705257876043135]]]}},{"type":"Feature","properties":{"id":"8777eb57-802d-4e36-a6a1-9e3cc01e84c6","height":39.3,"subtype":null,"class":null},"geometry":{"type":"Polygon","coordinates":[[[-74.00619149208069,40.70991806921531],[-74.0067708492279,40.71020677900669],[-74.00700151920319,40.70993840093175],[-74.00643825531006,40.70965782269686],[-74.00641679763794,40.709665955415964],[-74.00619149208069,40.70989367114741],[-74.00619149208069,40.70991806921531]]]}},{"type":"Feature","properties":{"id":"1638cdf6-dcdc-4ce0-a242-ad4fba73e896","height":15.1,"subtype":null,"class":null},"geometry":{"type":"Polygon","coordinates":[[[-74.01395380496979,40.70818578418028],[-74.01365339756012,40.7081003886821],[-74.01363730430603,40.708145119670974],[-74.0139377117157,40.708222382217386],[-74.01395380496979,40.70818578418028]]]}},{"type":"Feature","properties":{"id":"f61bb3a6-aa1e-4da6-9037-7e03d2913b3f","height":62.7,"subtype":"education","class":"school"},"geometry":{"type":"Polygon","coordinates":[[[-74.01256442070007,40.709055998727365],[-74.01265561580658,40.70892994031508],[-74.01246786117554,40.708844545771164],[-74.01244640350342,40.7088730106313],[-74.01240885257721,40.70885674499842],[-74.01230692863464,40.70899906915136],[-74.01233911514282,40.709011268350324],[-74.0123176574707,40.70903973313917],[-74.01249468326569,40.709116994647644],[-74.01255369186401,40.709051932330695],[-74.01256442070007,40.709055998727365]]]}},{"type":"Feature","properties":{"id":"d82c649f-a8a1-4dbf-9c9a-0203eb1db60d","subtype":null,"class":null},"geometry":{"type":"Polygon","coordinates":[[[-74.01162028312683,40.70458687896525],[-74.01164710521698,40.70458687896525],[-74.01164710521698,40.70454621225841],[-74.01162564754486,40.70454621225841],[-74.01162028312683,40.70458687896525]]]}},{"type":"Feature","properties":{"id":"94be2778-7c4a-494a-a1d3-3d4ab9b6e413","height":66.5,"subtype":"commercial","class":"hotel"},"geometry":{"type":"Polygon","coordinates":[[[-74.00767207145691,40.70799872723194],[-74.00753259658813,40.70790519856075],[-74.00747358798981,40.70796619553513],[-74.00775790214539,40.708149186123016],[-74.00789201259613,40.708010926614165],[-74.00790274143219,40.70799059430924],[-74.00789737701416,40.7079783949233],[-74.00776863098145,40.70780760328555],[-74.00765597820282,40.707897065626625],[-74.007688164711,40.7079417967521],[-74.00767207145691,40.70799872723194]]]}},{"type":"Feature","properties":{"id":"b972bbe6-e81a-4f67-8272-3643315c7836","height":3,"subtype":null,"class":null},"geometry":{"type":"Polygon","coordinates":[[[-74.01359438896179,40.70299679223247],[-74.01362657546997,40.70299679223247],[-74.013631939888,40.70286258880173],[-74.01359975337982,40.70286258880173],[-74.01359438896179,40.70299679223247]]]}},{"type":"Feature","properties":{"id":"9f5ba0c3-fe5c-4038-854a-16d93f467131","height":3,"subtype":"civic","class":null},"geometry":{"type":"Polygon","coordinates":[[[-74.00615394115448,40.71183735587787],[-74.00620222091675,40.71182515719666],[-74.00619685649872,40.7118129585132],[-74.00614857673645,40.71182515719666],[-74.00615394115448,40.71183735587787]]]}},{"type":"Feature","properties":{"id":"cae5b576-0d86-44f1-9d47-b24533405675","height":271.6,"subtype":"residential","class":"apartments"},"geometry":{"type":"Polygon","coordinates":[[[-74.0055102109909,40.71122335281536],[-74.00553166866302,40.71124368413324],[-74.00604665279388,40.71094277999479],[-74.00560140609741,40.710515819086396],[-74.00519907474518,40.71093871371334],[-74.0055102109909,40.71122335281536]]]}},{"type":"Feature","properties":{"id":"80d48a16-fde2-4090-9067-20384064724f","height":226,"subtype":"commercial","class":"office"},"geometry":{"type":"Polygon","coordinates":[[[-74.01100873947144,40.70954803089183],[-74.01063859462738,40.70938537603313],[-74.01034355163574,40.70976354796765],[-74.0110731124878,40.71008885544031],[-74.01136815547943,40.70971068535323],[-74.01100873947144,40.70954803089183]]]}},{"type":"Feature","properties":{"id":"c9789d12-38dc-4277-b562-c84cbaa1cdaf","height":50.9,"subtype":null,"class":null},"geometry":{"type":"Polygon","coordinates":[[[-74.00658309459686,40.71069880266807],[-74.00665283203125,40.710747598204925],[-74.00676548480988,40.71065407339454],[-74.00698006153107,40.71080859257571],[-74.0071839094162,40.710666272290304],[-74.0070229768753,40.710580879973044],[-74.00691032409668,40.71067033858839],[-74.00684058666229,40.710621542994915],[-74.00703370571136,40.71046702337968],[-74.00693714618683,40.710414161323726],[-74.00658309459686,40.71069880266807]]]}},{"type":"Feature","properties":{"id":"49e74912-252f-4a5e-9330-04bfd7e7788f","height":95,"subtype":null,"class":null},"geometry":{"type":"Polygon","coordinates":[[[-74.01005923748016,40.70646158719267],[-74.0100109577179,40.70642905474496],[-74.00993049144745,40.7065225854893],[-74.01009142398834,40.706632382282464],[-74.01023626327515,40.70650631928235],[-74.0102469921112,40.70651445238633],[-74.01038110256195,40.70639652228135],[-74.01041328907013,40.70640872195706],[-74.01044011116028,40.70637618948352],[-74.01037037372589,40.70635179011793],[-74.01034355163574,40.706331457306455],[-74.0103167295456,40.7063558566795],[-74.01023626327515,40.70630299135995],[-74.01005923748016,40.70646158719267]]]}},{"type":"Feature","properties":{"id":"e145d731-727c-462b-a3e0-dbcdf88f0fd7","subtype":null,"class":null},"geometry":{"type":"Polygon","coordinates":[[[-74.01610493659973,40.703781673548306],[-74.01615858078003,40.70372880618543],[-74.01599764823914,40.70362307133377],[-74.01593863964081,40.703675938780584],[-74.01610493659973,40.703781673548306]]]}},{"type":"Feature","properties":{"id":"06aa457f-1cb6-451e-8edb-c1c8985b70f3","height":23,"subtype":null,"class":null},"geometry":{"type":"Polygon","coordinates":[[[-74.00876104831696,40.71259773592886],[-74.00865912437439,40.71254894174782],[-74.00849282741547,40.712760382940736],[-74.00859475135803,40.712805110799366],[-74.00876104831696,40.71259773592886]]]}},{"type":"Feature","properties":{"id":"cea4bed4-a479-4e8d-aa40-c407d9d08e10","height":121,"subtype":null,"class":null},"geometry":{"type":"Polygon","coordinates":[[[-74.00656700134277,40.707209829104],[-74.00643825531006,40.70707563416247],[-74.00608956813812,40.70724236117031],[-74.00626122951508,40.70736842277715],[-74.00656700134277,40.707209829104]]]}},{"type":"Feature","properties":{"id":"9dc6468f-1219-44e7-b1b4-99d7181f83bc","height":195,"subtype":"commercial","class":"office"},"geometry":{"type":"Polygon","coordinates":[[[-74.01238739490509,40.70193942454169],[-74.01148617267609,40.70208583030005],[-74.01159882545471,40.702468110485256],[-74.01259124279022,40.70230137152533],[-74.01248395442963,40.70192315721533],[-74.01238739490509,40.70193942454169]]]}},{"type":"Feature","properties":{"id":"bd059042-f9ae-4599-af9e-027d86fd27ee","height":14.648221015930176,"subtype":"religious","class":"church"},"geometry":{"type":"Polygon","coordinates":[[[-74.01329398155212,40.71025557490409],[-74.01331007480621,40.7102637075502],[-74.01333153247833,40.71025964122725],[-74.01334226131439,40.71023930960893],[-74.0133798122406,40.71021897798438],[-74.01339054107666,40.710198646353625],[-74.01339590549469,40.71017424838855],[-74.01340126991272,40.710166115731504],[-74.01340663433075,40.71014985041451],[-74.01338517665863,40.71013358509351],[-74.0133261680603,40.7101132534367],[-74.01333689689636,40.71010105443962],[-74.01329398155212,40.710080722772865],[-74.01328325271606,40.71008885544031],[-74.01326179504395,40.71007259010442],[-74.0132349729538,40.71005632476456],[-74.01319742202759,40.71005225842898],[-74.01319205760956,40.71004005942072],[-74.01314914226532,40.71002379407291],[-74.01312232017517,40.71005632476456],[-74.01313304901123,40.710060391099894],[-74.01309549808502,40.710096988106756],[-74.01308476924896,40.71012545243153],[-74.0130740404129,40.71012545243153],[-74.01304185390472,40.710166115731504],[-74.01310622692108,40.71019051369959],[-74.01312232017517,40.7101864473722],[-74.01315450668335,40.71020677900669],[-74.01320278644562,40.71021897798438],[-74.01319742202759,40.71022711063494],[-74.01324570178986,40.710247442257],[-74.01325106620789,40.71023930960893],[-74.01329398155212,40.71025557490409]]]}},{"type":"Feature","properties":{"id":"8716af26-1b69-4a78-b30d-3c562e46db73","height":83.9,"subtype":null,"class":null},"geometry":{"type":"Polygon","coordinates":[[[-74.00796175003052,40.71099970790905],[-74.0079402923584,40.711028171847936],[-74.00807440280914,40.71132500934263],[-74.0083372592926,40.71126401544488],[-74.00833189487457,40.71121928655104],[-74.00796175003052,40.71099970790905]]]}},{"type":"Feature","properties":{"id":"0d6c4933-6ada-427f-a5b2-35eb16b2de5e","subtype":"transportation","class":"train_station"},"geometry":{"type":"Polygon","coordinates":[[[-74.00922775268555,40.710393829752576],[-74.00928676128387,40.71032876868317],[-74.00886833667755,40.71011731976856],[-74.00872886180878,40.71027590651747],[-74.00874495506287,40.7102881054825],[-74.00854110717773,40.710523951700694],[-74.00856256484985,40.710532084314],[-74.0085518360138,40.710544283232124],[-74.0090024471283,40.710767929668066],[-74.00929749011993,40.71042636026345],[-74.00922775268555,40.710393829752576]]]}},{"type":"Feature","properties":{"id":"f07abe96-e7ca-48d4-bd50-0e569fdc5673","height":89,"subtype":null,"class":null},"geometry":{"type":"Polygon","coordinates":[[[-74.01252686977386,40.70713663189668],[-74.01240348815918,40.70707563416247],[-74.01224792003632,40.70726676020959],[-74.01292383670807,40.70757174744664],[-74.01305794715881,40.707380622274826],[-74.01252686977386,40.70713663189668]]]}},{"type":"Feature","properties":{"id":"a1f30377-c3ef-4d6c-97b1-0bcf5429d87b","height":37.9,"subtype":null,"class":null},"geometry":{"type":"Polygon","coordinates":[[[-74.0090936422348,40.709369110525394],[-74.00898098945618,40.709259318244364],[-74.00881469249725,40.7094382389058],[-74.008948802948,40.709531765423854],[-74.0090936422348,40.709369110525394]]]}},{"type":"Feature","properties":{"id":"0e06bf1e-984b-4173-ac25-9bcb83fdffd0","height":25.1,"subtype":"commercial","class":null},"geometry":{"type":"Polygon","coordinates":[[[-74.0102630853653,40.704318478241234],[-74.01008605957031,40.70418427747361],[-74.00997877120972,40.70426561130444],[-74.0101021528244,40.70435507840365],[-74.01011288166046,40.70434287835176],[-74.01017189025879,40.704387611864476],[-74.0102630853653,40.704318478241234]]]}},{"type":"Feature","properties":{"id":"45bca306-5804-4c9c-be68-d00a06e222c7","height":4.9,"subtype":"commercial","class":null},"geometry":{"type":"Polygon","coordinates":[[[-74.00414764881134,40.70590446683132],[-74.0042120218277,40.705859734337395],[-74.00414228439331,40.705802802028956],[-74.00411546230316,40.705827201595675],[-74.00412082672119,40.705831268189264],[-74.00411009788513,40.705843467968535],[-74.0041047334671,40.70587193411146],[-74.00414764881134,40.70590446683132]]]}},{"type":"Feature","properties":{"id":"c6ac10a7-e048-4a48-8fef-edcc0e7ef3d6","height":4,"subtype":"service","class":"guardhouse"},"geometry":{"type":"Polygon","coordinates":[[[-74.01277899742126,40.709983130686005],[-74.01280045509338,40.70998719702581],[-74.01281654834747,40.7099546663004],[-74.01279509067535,40.70995059995861],[-74.01277899742126,40.709983130686005]]]}},{"type":"Feature","properties":{"id":"71ee8680-baec-4779-b2df-9c5e2469dc11","height":4,"subtype":"service","class":"guardhouse"},"geometry":{"type":"Polygon","coordinates":[[[-74.01015043258667,40.71228057311294],[-74.01012897491455,40.71227244071316],[-74.01010751724243,40.712300904107984],[-74.01012897491455,40.71230903650428],[-74.01015043258667,40.71228057311294]]]}},{"type":"Feature","properties":{"id":"9b3737ba-bbff-48e0-8b59-eab607d57fd2","subtype":null,"class":null},"geometry":{"type":"Polygon","coordinates":[[[-74.00868594646454,40.70443234534716],[-74.00872349739075,40.70440794526942],[-74.00871276855469,40.70439574522719],[-74.00867521762848,40.7044201453094],[-74.00868594646454,40.70443234534716]]]}},{"type":"Feature","properties":{"id":"eb73e7c0-5e6c-4e0e-8f76-f2deca028ce0","height":77,"subtype":null,"class":null},"geometry":{"type":"Polygon","coordinates":[[[-74.01455461978912,40.70889740907316],[-74.01458144187927,40.708824213720746],[-74.0142810344696,40.70875508470295],[-74.01415765285492,40.70907226431157],[-74.01471555233002,40.70930811483605],[-74.01486039161682,40.70896653794322],[-74.01455461978912,40.70889740907316]]]}},{"type":"Feature","properties":{"id":"c0a03f2c-744b-4b94-9bf9-d575f185fa74","subtype":null,"class":null},"geometry":{"type":"Polygon","coordinates":[[[-74.01190996170044,40.70171168161129],[-74.01191532611847,40.70174014952016],[-74.01197969913483,40.70172794898928],[-74.0119743347168,40.70169948107518],[-74.01190996170044,40.70171168161129]]]}},{"type":"Feature","properties":{"id":"9148a9b0-5688-4cdd-bc5f-7dab6c4050f5","height":24.9,"subtype":null,"class":null},"geometry":{"type":"Polygon","coordinates":[[[-74.01173293590546,40.70587193411146],[-74.01171684265137,40.705876000702304],[-74.01210308074951,40.70594106612217],[-74.01219427585602,40.70574586967187],[-74.01193141937256,40.70572147007535],[-74.01194214820862,40.705867867520354],[-74.01173293590546,40.70587193411146]]]}},{"type":"Feature","properties":{"id":"de18a182-4308-4d88-8317-9b7993a8cadd","height":24.4,"subtype":null,"class":null},"geometry":{"type":"Polygon","coordinates":[[[-74.00861620903015,40.706770644653375],[-74.0085518360138,40.70673404581842],[-74.00836408138275,40.70692517284588],[-74.00843381881714,40.70696583810012],[-74.00862157344818,40.7067869107958],[-74.00861084461212,40.70677877772507],[-74.00861620903015,40.706770644653375]]]}},{"type":"Feature","properties":{"id":"4f5192a2-9bb8-4a8d-a1a1-74bb7a9c48d3","height":65.3,"subtype":null,"class":null},"geometry":{"type":"Polygon","coordinates":[[[-74.00817632675171,40.70608746308446],[-74.00800466537476,40.70599393172901],[-74.00821387767792,40.7057743358565],[-74.00796175003052,40.70563200481165],[-74.00793492794037,40.70566047104496],[-74.00792956352234,40.70565640444095],[-74.00786519050598,40.70572147007535],[-74.00787591934204,40.705725536675395],[-74.00754868984222,40.70606306361308],[-74.0079939365387,40.70629892479517],[-74.00817632675171,40.70608746308446]]]}},{"type":"Feature","properties":{"id":"58f20597-c7bf-490b-8e86-5334a57f2d5b","height":104,"subtype":"residential","class":"dormitory"},"geometry":{"type":"Polygon","coordinates":[[[-74.0060305595398,40.71030437076575],[-74.00584816932678,40.71047922230972],[-74.00591790676117,40.710544283232124],[-74.00588572025299,40.71056461475733],[-74.00598227977753,40.71065407339454],[-74.0062290430069,40.71048735492849],[-74.0060305595398,40.71030437076575]]]}},{"type":"Feature","properties":{"id":"93eb8ea1-4e47-466e-a26c-1bb77eac74eb","subtype":"transportation","class":"train_station"},"geometry":{"type":"Polygon","coordinates":[[[-74.01019871234894,40.70986114037631],[-74.01029527187347,40.709743216197865],[-74.01024162769318,40.70971881806589],[-74.01028990745544,40.709665955415964],[-74.01023626327515,40.70964155725569],[-74.01010751724243,40.70979201243496],[-74.01009142398834,40.70979201243496],[-74.01003777980804,40.709743216197865],[-74.00997877120972,40.70971475170969],[-74.01008605957031,40.70958869454442],[-74.0100485086441,40.70956836272124],[-74.00996804237366,40.70966188905654],[-74.00993049144745,40.70968628720936],[-74.00989830493927,40.70971475170969],[-74.00997877120972,40.70975541526048],[-74.0096515417099,40.71014578408463],[-74.00963544845581,40.71013765142413],[-74.00952816009521,40.71027184019528],[-74.00951206684113,40.71027184019528],[-74.00942087173462,40.71038976343761],[-74.00886833667755,40.71011731976856],[-74.00872886180878,40.71027590651747],[-74.00874495506287,40.7102881054825],[-74.00854110717773,40.710523951700694],[-74.00856256484985,40.710532084314],[-74.0085518360138,40.71054834953766],[-74.00804221630096,40.71030437076575],[-74.00807976722717,40.710267773872864],[-74.00802075862885,40.71014171775451],[-74.00805294513702,40.71010105443962],[-74.00805294513702,40.71008885544031],[-74.00803685188293,40.710084789106716],[-74.00834262371063,40.70972695077754],[-74.00828897953033,40.70969848628242],[-74.0084820985794,40.70949923447595],[-74.00831580162048,40.70938130965657],[-74.00838553905487,40.70931218121707],[-74.00832116603851,40.70927558377888],[-74.0082460641861,40.70933657949803],[-74.00825679302216,40.7094382389058],[-74.0082836151123,40.70946263714055],[-74.00824069976807,40.70949923447595],[-74.00832653045654,40.709556163624335],[-74.0077257156372,40.71014578408463],[-74.00760769844055,40.71009292177366],[-74.00766134262085,40.71004005942072],[-74.00765061378479,40.71002379407291],[-74.00762379169464,40.71001159505945],[-74.00757014751434,40.71006445743498],[-74.00670111179352,40.70960495999852],[-74.00676012039185,40.709535831791214],[-74.0066260099411,40.709466703512135],[-74.00723218917847,40.708848612180496],[-74.00711417198181,40.708787616014384],[-74.0070766210556,40.708832346541676],[-74.00687277317047,40.708706287706],[-74.00690495967865,40.70862089287529],[-74.00686204433441,40.708588361482406],[-74.00684595108032,40.708608693604816],[-74.00681912899017,40.708722553375615],[-74.00704443454742,40.70886081140703],[-74.00680840015411,40.709076330707],[-74.00674939155579,40.709047865933776],[-74.00672793388367,40.709051932330695],[-74.00671184062958,40.709068197915876],[-74.00671720504761,40.70908446349711],[-74.00673866271973,40.70910072907436],[-74.00675475597382,40.70908039710218],[-74.006786942482,40.70910072907436],[-74.00643825531006,40.709466703512135],[-74.00638997554779,40.7094382389058],[-74.00636851787567,40.70945450439662],[-74.00638997554779,40.70946263714055],[-74.00641679763794,40.709491101736475],[-74.00625050067902,40.709665955415964],[-74.00618076324463,40.70962935817221],[-74.0062290430069,40.7095805618159],[-74.00613248348236,40.709531765423854],[-74.00614857673645,40.70951956632023],[-74.00611102581024,40.70949923447595],[-74.00608956813812,40.70951549995187],[-74.00611639022827,40.70952769905622],[-74.00610029697418,40.70954396452521],[-74.00618612766266,40.7095805618159],[-74.00610029697418,40.709674088134065],[-74.00610566139221,40.70969848628242],[-74.0061753988266,40.70973508348818],[-74.00597155094147,40.70995059995861],[-74.00608420372009,40.71001972773535],[-74.00644898414612,40.709653756336955],[-74.00740385055542,40.71013358509351],[-74.00737702846527,40.71016204940263],[-74.00739848613739,40.71017831471668],[-74.00741994380951,40.71015798307351],[-74.00761842727661,40.71025557490409],[-74.00730192661285,40.71054834953766],[-74.00673866271973,40.71097937651668],[-74.00679230690002,40.7110200392952],[-74.00703370571136,40.71083705659628],[-74.00708198547363,40.710873653176314],[-74.00750577449799,40.710568681061645],[-74.00776863098145,40.71031656972557],[-74.0090024471283,40.71094277999479],[-74.00896489620209,40.71098750907438],[-74.00904536247253,40.7110444369504],[-74.00907218456268,40.71105256950014],[-74.00912582874298,40.711007840464255],[-74.00918483734131,40.711040370675164],[-74.00936186313629,40.711121696132885],[-74.00936722755432,40.71110949732055],[-74.00932431221008,40.71107696714342],[-74.00936186313629,40.71101597301847],[-74.00928676128387,40.71098344279565],[-74.00930285453796,40.71094277999479],[-74.00935113430023,40.71088991831652],[-74.00937795639038,40.71090211716907],[-74.00936722755432,40.71091024973621],[-74.00938332080841,40.71093058114967],[-74.00941550731659,40.71089805088513],[-74.0092921257019,40.71083705659628],[-74.00942623615265,40.710678471183826],[-74.00943160057068,40.71068660377826],[-74.00957107543945,40.71051175277887],[-74.00964617729187,40.710544283232124],[-74.0097051858902,40.71051175277887],[-74.00976419448853,40.71054021692634],[-74.00986075401306,40.71041822763723],[-74.00969982147217,40.71034096763852],[-74.00980174541473,40.71020677900669],[-74.00980710983276,40.7101864473722],[-74.01008605957031,40.70984894133306],[-74.01019871234894,40.70986114037631]]]}},{"type":"Feature","properties":{"id":"619188bb-d1a3-4dae-9399-b971a791a5d4","height":417,"subtype":"commercial","class":"commercial"},"geometry":{"type":"Polygon","coordinates":[[[-74.01301503181458,40.713260520013],[-74.01335835456848,40.71339470249077],[-74.01371240615845,40.71287423561266],[-74.0130203962326,40.71260586828888],[-74.01266634464264,40.7131222711167],[-74.01301503181458,40.713260520013]]]}},{"type":"Feature","properties":{"id":"36f0ae60-2d86-4f81-96e8-fa6ec48d7b2c","height":26,"subtype":null,"class":null},"geometry":{"type":"Polygon","coordinates":[[[-74.0077954530716,40.71089805088513],[-74.00773644447327,40.7108655206047],[-74.00765597820282,40.71092244858503],[-74.0077257156372,40.710963111398314],[-74.0077954530716,40.71089805088513]]]}},{"type":"Feature","properties":{"id":"1c2403ac-1215-46be-b4a3-6d0e6f09fb80","height":16.5,"subtype":"residential","class":"apartments"},"geometry":{"type":"Polygon","coordinates":[[[-74.00478601455688,40.709474836254586],[-74.00483965873718,40.70942603978505],[-74.00472700595856,40.709352845013704],[-74.0046626329422,40.709409774287266],[-74.00464117527008,40.709393508785496],[-74.00459289550781,40.7094382389058],[-74.00457680225372,40.70943010615887],[-74.00449097156525,40.70950736721441],[-74.00450706481934,40.70951549995187],[-74.0043568611145,40.70964562361635],[-74.00434076786041,40.70963749089478],[-74.00425493717194,40.70971475170969],[-74.00427103042603,40.709722884421836],[-74.00420665740967,40.70978387973126],[-74.00434613227844,40.70986927307059],[-74.00440514087677,40.709816410540114],[-74.00443196296692,40.709828609589316],[-74.0045177936554,40.70975134890652],[-74.00449633598328,40.70973508348818],[-74.00470018386841,40.70955209725821],[-74.00472700595856,40.70956836272124],[-74.00481283664703,40.709491101736475],[-74.00478601455688,40.709474836254586]]]}},{"type":"Feature","properties":{"id":"7b1db207-c15d-4165-ac35-c3c3fb3d367d","height":111,"subtype":"commercial","class":"office"},"geometry":{"type":"Polygon","coordinates":[[[-74.00711417198181,40.705200943220206],[-74.00685131549835,40.70498541137823],[-74.00648653507233,40.70524160952726],[-74.00674939155579,40.70545714054013],[-74.00711417198181,40.705200943220206]]]}},{"type":"Feature","properties":{"id":"3713babe-bc5e-4c72-a2e0-0151d50aaa77","height":13.8,"subtype":null,"class":null},"geometry":{"type":"Polygon","coordinates":[[[-74.0047699213028,40.70802719245363],[-74.00485575199127,40.70821831576982],[-74.00480210781097,40.70823458155863],[-74.0048611164093,40.70830371111676],[-74.00495767593384,40.708267113124336],[-74.00483965873718,40.70799872723194],[-74.0047699213028,40.70802719245363]]]}},{"type":"Feature","properties":{"id":"71bb935e-697f-4705-96a0-100d80de9e80","height":4.6,"subtype":"commercial","class":null},"geometry":{"type":"Polygon","coordinates":[[[-74.01652872562408,40.71031656972557],[-74.01672720909119,40.71036129922582],[-74.01673257350922,40.71034910027418],[-74.01678085327148,40.71036129922582],[-74.01680767536163,40.71030437076575],[-74.01655554771423,40.710247442257],[-74.01652872562408,40.71031656972557]]]}},{"type":"Feature","properties":{"id":"dc25344f-eb6e-4853-b3b8-28b0ae5227f6","height":78.3,"subtype":null,"class":null},"geometry":{"type":"Polygon","coordinates":[[[-74.01787519454956,40.70993433458895],[-74.01784300804138,40.71001972773535],[-74.01805222034454,40.71006852376982],[-74.01810050010681,40.70987740576386],[-74.01798248291016,40.7097025526396],[-74.01770889759064,40.70964155725569],[-74.01764452457428,40.70980421148865],[-74.01787519454956,40.709857074028804],[-74.01784300804138,40.70993026824593],[-74.01787519454956,40.70993433458895]]]}},{"type":"Feature","properties":{"id":"97e0f75c-92ed-416a-90ca-b69358537497","subtype":"service","class":"service"},"geometry":{"type":"Polygon","coordinates":[[[-74.00893270969391,40.712500147531024],[-74.00886297225952,40.712467618033294],[-74.00859475135803,40.712805110799366],[-74.00863230228424,40.71282544163424],[-74.00872349739075,40.71270752270547],[-74.00877714157104,40.71273191974234],[-74.00886297225952,40.712626199184626],[-74.00883615016937,40.71261400064793],[-74.00893270969391,40.712500147531024]]]}},{"type":"Feature","properties":{"id":"cf26f3f5-e11e-4119-a20f-a7e8a6a0fb1b","height":31.1,"subtype":null,"class":null},"geometry":{"type":"Polygon","coordinates":[[[-74.0167111158371,40.708706287706],[-74.01658773422241,40.708665623514555],[-74.01647508144379,40.708812014487535],[-74.01681840419769,40.70891774110121],[-74.01711881160736,40.708502966500475],[-74.01681303977966,40.708372840603154],[-74.01675403118134,40.70845416931877],[-74.01686668395996,40.708502966500475],[-74.0167111158371,40.708706287706]]]}},{"type":"Feature","properties":{"id":"6d7d00b0-25b6-4cfc-80ea-82eb9330fc7d","height":22.3,"subtype":null,"class":null},"geometry":{"type":"Polygon","coordinates":[[[-74.01200115680695,40.70468447896036],[-74.01199579238892,40.70459907897246],[-74.01167392730713,40.70460721230935],[-74.01166319847107,40.70468854562371],[-74.01200115680695,40.70468447896036]]]}},{"type":"Feature","properties":{"id":"2a7016ec-41c8-4427-807f-5c289cbc8c8f","height":115.4,"subtype":null,"class":null},"geometry":{"type":"Polygon","coordinates":[[[-74.01118576526642,40.708604627180826],[-74.01118576526642,40.70861682645206],[-74.01198506355286,40.70896247154109],[-74.01210844516754,40.708799815252085],[-74.01128768920898,40.708446036451676],[-74.01118040084839,40.708588361482406],[-74.01118576526642,40.708604627180826]]]}},{"type":"Feature","properties":{"id":"f8437dfe-0b14-4e58-96bb-bba278fe1163","height":22.629638671875,"subtype":"education","class":"university"},"geometry":{"type":"Polygon","coordinates":[[[-74.00474846363068,40.711483593215284],[-74.00486648082733,40.71159338182895],[-74.00494694709778,40.711544586911884],[-74.00519371032715,40.711780428679745],[-74.0052205324173,40.71176416375706],[-74.0052741765976,40.71181702474126],[-74.0053278207779,40.711780428679745],[-74.00530636310577,40.711760097525776],[-74.00532245635986,40.711747898830396],[-74.0053278207779,40.711756031294215],[-74.005526304245,40.71163811047152],[-74.00552093982697,40.711629977993276],[-74.00553703308105,40.71162184551405],[-74.00555849075317,40.711642176710264],[-74.00561213493347,40.71160964679336],[-74.00555849075317,40.71155678564451],[-74.0055799484253,40.711544586911884],[-74.00442123413086,40.710438559200924],[-74.00439441204071,40.71045482444742],[-74.00433540344238,40.710397896067306],[-74.00428175926208,40.71043042657619],[-74.0043032169342,40.710450758136176],[-74.00428175926208,40.710458890758424],[-74.00428175926208,40.71045482444742],[-74.00408864021301,40.710572747365696],[-74.00409400463104,40.71057681366948],[-74.00407254695892,40.7105890125794],[-74.0040510892868,40.710568681061645],[-74.00400280952454,40.71060121148709],[-74.00405645370483,40.71065000709545],[-74.00402426719666,40.71067033858839],[-74.00478065013885,40.7113860031845],[-74.00470018386841,40.71143479821778],[-74.00474846363068,40.711483593215284]]]}},{"type":"Feature","properties":{"id":"6f298907-6d7f-4253-baf7-034ea548da0e","height":52.5,"subtype":"education","class":"school"},"geometry":{"type":"Polygon","coordinates":[[[-74.01233911514282,40.70943417253245],[-74.01248931884766,40.70949923447595],[-74.01258051395416,40.709373176902695],[-74.01243567466736,40.70931218121707],[-74.01252686977386,40.70919018967822],[-74.01227474212646,40.70908039710218],[-74.01208698749542,40.70932438035868],[-74.01233911514282,40.70943417253245]]]}},{"type":"Feature","properties":{"id":"9fabfca9-a9f9-4290-818d-6eecb15acc9a","height":23.5,"subtype":null,"class":null},"geometry":{"type":"Polygon","coordinates":[[[-74.01024162769318,40.710223044309785],[-74.00991976261139,40.710080722772865],[-74.00987148284912,40.71014171775451],[-74.01019334793091,40.71028403916106],[-74.01024162769318,40.710223044309785]]]}},{"type":"Feature","properties":{"id":"2e1b06f0-26b6-4380-b074-621740ab34e3","height":135,"subtype":"commercial","class":"office"},"geometry":{"type":"Polygon","coordinates":[[[-74.01285946369171,40.70819798352821],[-74.01284337043762,40.70819391707915],[-74.0126234292984,40.70851923221975],[-74.0127843618393,40.708588361482406],[-74.01284337043762,40.70849076720839],[-74.01318669319153,40.70862089287529],[-74.01330471038818,40.70832404332609],[-74.01285946369171,40.70819798352821]]]}},{"type":"Feature","properties":{"id":"7cf29d42-e1d9-40d4-ac88-2ef97902c060","height":44.1,"subtype":null,"class":null},"geometry":{"type":"Polygon","coordinates":[[[-74.00510251522064,40.70980421148865],[-74.00514543056488,40.70983674228757],[-74.00538146495819,40.70964155725569],[-74.00533854961395,40.70960902636142],[-74.0053117275238,40.709625291810546],[-74.00521516799927,40.70957242908637],[-74.00518834590912,40.709592760908336],[-74.00515079498291,40.70957242908637],[-74.00511860847473,40.70959682727198],[-74.0051132440567,40.70958869454442],[-74.00506496429443,40.70962935817221],[-74.00508105754852,40.709649689976764],[-74.0050595998764,40.709665955415964],[-74.0050756931305,40.7096903535673],[-74.00504887104034,40.70971068535323],[-74.00509178638458,40.709747282552314],[-74.00507032871246,40.70976761432087],[-74.0051132440567,40.70979607878643],[-74.00510251522064,40.70980421148865]]]}},{"type":"Feature","properties":{"id":"4e172b30-6b2b-4256-939f-3f11a82294f8","height":5.2,"subtype":null,"class":null},"geometry":{"type":"Polygon","coordinates":[[[-74.01594400405884,40.70437947850077],[-74.01582598686218,40.70437541181853],[-74.01582598686218,40.704412011949664],[-74.0158098936081,40.704412011949664],[-74.0158098936081,40.70444454538268],[-74.01592254638672,40.70444861206068],[-74.01592254638672,40.70440794526942],[-74.01593863964081,40.70440794526942],[-74.01594400405884,40.70437947850077]]]}},{"type":"Feature","properties":{"id":"3ef3619f-ee12-435c-a9de-163c81c9b69d","height":24.8,"subtype":"commercial","class":"office"},"geometry":{"type":"Polygon","coordinates":[[[-74.00893270969391,40.713244255451855],[-74.00882005691528,40.713191395600724],[-74.00852501392365,40.713565479798646],[-74.00858938694,40.713593942640706],[-74.00864839553833,40.713524818574584],[-74.0086966753006,40.71354514918971],[-74.00893270969391,40.713244255451855]]]}},{"type":"Feature","properties":{"id":"47371b7d-e9ab-4652-ab16-fc249d033f7b","height":91.1,"subtype":"commercial","class":"commercial"},"geometry":{"type":"Polygon","coordinates":[[[-74.01113212108612,40.707771005020476],[-74.0110570192337,40.70773034025792],[-74.01081025600433,40.70799059430924],[-74.01116967201233,40.70820611642559],[-74.01142179965973,40.7079173979601],[-74.01113212108612,40.707771005020476]]]}},{"type":"Feature","properties":{"id":"3a5e7255-18e2-46dc-ab19-ade61da37c13","height":14.9,"subtype":null,"class":null},"geometry":{"type":"Polygon","coordinates":[[[-74.00604128837585,40.70765714362271],[-74.00599300861359,40.707616478790634],[-74.00587499141693,40.7076856089904],[-74.00591790676117,40.70773034025792],[-74.00604128837585,40.70765714362271]]]}},{"type":"Feature","properties":{"id":"e8c4d085-3482-493a-885a-48ce07b0853a","height":3.5,"subtype":null,"class":null},"geometry":{"type":"Polygon","coordinates":[[[-74.00953352451324,40.71021084533283],[-74.00955498218536,40.710223044309785],[-74.00958180427551,40.71019051369959],[-74.0095603466034,40.71018238104457],[-74.00953352451324,40.71021084533283]]]}},{"type":"Feature","properties":{"id":"d7391ece-963b-4231-935a-7ef458556982","height":27.152896881103516,"subtype":"entertainment","class":null},"geometry":{"type":"Polygon","coordinates":[[[-74.01139497756958,40.707185430043836],[-74.01158809661865,40.70688044103756],[-74.01134669780731,40.7067869107958],[-74.01136815547943,40.706754378507],[-74.01114284992218,40.706656781545234],[-74.01093363761902,40.70699430376328],[-74.01083171367645,40.70713663189668],[-74.0112179517746,40.70739282177027],[-74.01125013828278,40.70739282177027],[-74.01139497756958,40.707185430043836]]]}},{"type":"Feature","properties":{"id":"399d0293-01d8-4e3b-93ed-46f709ca4045","height":14.5,"subtype":null,"class":null},"geometry":{"type":"Polygon","coordinates":[[[-74.01045083999634,40.70505454430918],[-74.01053130626678,40.70504641102691],[-74.01047766208649,40.70494474491472],[-74.01044547557831,40.70491221172604],[-74.01035964488983,40.70496507814958],[-74.01039183139801,40.70505861094994],[-74.01045083999634,40.70505454430918]]]}},{"type":"Feature","properties":{"id":"d041a553-081e-4605-a88e-b8a4ab7ba50c","height":33.5,"subtype":null,"class":null},"geometry":{"type":"Polygon","coordinates":[[[-74.0063738822937,40.708816080898856],[-74.00652408599854,40.70868595561339],[-74.00647044181824,40.70864529140954],[-74.00644361972809,40.70866968993481],[-74.00646507740021,40.70868595561339],[-74.0063738822937,40.70876321753229],[-74.00614857673645,40.708604627180826],[-74.00608956813812,40.70865749067329],[-74.00611102581024,40.70867375635482],[-74.00592863559723,40.708824213720746],[-74.00590717792511,40.70880794807597],[-74.00562286376953,40.709051932330695],[-74.00593400001526,40.70921052161689],[-74.00607883930206,40.70908446349711],[-74.00594472885132,40.708995002751216],[-74.00598227977753,40.70896247154109],[-74.00611102581024,40.709051932330695],[-74.0062665939331,40.70890554188512],[-74.00613784790039,40.70882014730993],[-74.00618612766266,40.70878354960133],[-74.00627195835114,40.708844545771164],[-74.00633633136749,40.7087916824272],[-74.0063738822937,40.708816080898856]]]}},{"type":"Feature","properties":{"id":"5a4136f2-1a82-4014-a06a-f21f6f53b60b","height":15.9,"subtype":null,"class":null},"geometry":{"type":"Polygon","coordinates":[[[-74.01225328445435,40.70472514558276],[-74.0121728181839,40.70472921224364],[-74.01215672492981,40.704900011776196],[-74.01223719120026,40.7049040784264],[-74.01225328445435,40.70472514558276]]]}},{"type":"Feature","properties":{"id":"d3392575-69cd-4371-9bd5-a03efe711eea","height":109,"subtype":null,"class":null},"geometry":{"type":"Polygon","coordinates":[[[-74.0125697851181,40.70938537603313],[-74.01280581951141,40.709491101736475],[-74.0128755569458,40.70933657949803],[-74.01252686977386,40.70919018967822],[-74.01243567466736,40.70931218121707],[-74.01258051395416,40.709373176902695],[-74.0125697851181,40.70938537603313]]]}},{"type":"Feature","properties":{"id":"7a895a28-8fc9-4ef0-affd-c829bd5aaf30","height":15.1,"subtype":null,"class":null},"geometry":{"type":"Polygon","coordinates":[[[-74.01115894317627,40.703492935901316],[-74.01111602783203,40.70336280021459],[-74.01101410388947,40.70338720067521],[-74.0110570192337,40.70351326957941],[-74.01115894317627,40.703492935901316]]]}},{"type":"Feature","properties":{"id":"d949e109-cd75-427a-9591-7bcd83973deb","height":18.3,"subtype":null,"class":null},"geometry":{"type":"Polygon","coordinates":[[[-74.0086966753006,40.709328446738716],[-74.00866985321045,40.70935691139201],[-74.00881469249725,40.7094382389058],[-74.00884687900543,40.70940570791218],[-74.0086966753006,40.709328446738716]]]}},{"type":"Feature","properties":{"id":"d890a71a-b360-4c58-af1c-b38d5aee55b9","height":17.7,"subtype":null,"class":null},"geometry":{"type":"Polygon","coordinates":[[[-74.00346636772156,40.70718136353294],[-74.00347709655762,40.70719762957503],[-74.00342881679535,40.70722202863072],[-74.003546833992,40.70736028977744],[-74.00361657142639,40.707327757768745],[-74.00347709655762,40.70716103097473],[-74.0034556388855,40.70716916399875],[-74.00346636772156,40.70718136353294]]]}},{"type":"Feature","properties":{"id":"3c0fd8c0-8653-4fb0-87e5-6533a91b9c0b","height":23,"subtype":"commercial","class":"hotel"},"geometry":{"type":"Polygon","coordinates":[[[-74.01038646697998,40.704643812313115],[-74.01041328907013,40.704623478980174],[-74.01023626327515,40.70446894544701],[-74.01012897491455,40.70454621225841],[-74.01030600070953,40.704696678949674],[-74.01038646697998,40.704643812313115]]]}},{"type":"Feature","properties":{"id":"d6fec59f-2d69-4a39-a516-5ab846c3307b","height":29.289569854736328,"subtype":"commercial","class":"office"},"geometry":{"type":"Polygon","coordinates":[[[-74.00486648082733,40.70650631928235],[-74.00504887104034,40.70665271500207],[-74.00541365146637,40.70640058884017],[-74.00538146495819,40.706372122923206],[-74.00541365146637,40.706343656994086],[-74.00542438030243,40.706315191052795],[-74.0054190158844,40.706286725099325],[-74.00539755821228,40.706250125998444],[-74.00543510913849,40.706225726586666],[-74.00525271892548,40.70607932992833],[-74.00489330291748,40.706331457306455],[-74.00492012500763,40.7063558566795],[-74.00489866733551,40.70637618948352],[-74.00487720966339,40.70642498818788],[-74.00488257408142,40.706457520637585],[-74.00490403175354,40.706481919964425],[-74.00486648082733,40.70650631928235]]]}},{"type":"Feature","properties":{"id":"8cf44de9-13af-414f-b2ef-37e33d0e5665","height":93,"subtype":null,"class":null},"geometry":{"type":"Polygon","coordinates":[[[-74.00816023349762,40.710552415842955],[-74.00818169116974,40.710536150620285],[-74.00803685188293,40.71046295706917],[-74.00776863098145,40.71073133302995],[-74.00790810585022,40.71081265886512],[-74.00816023349762,40.710552415842955]]]}},{"type":"Feature","properties":{"id":"31aab69b-fe35-44f9-a3df-cf26ace770a3","height":46,"subtype":"residential","class":"apartments"},"geometry":{"type":"Polygon","coordinates":[[[-74.0150910615921,40.70838910635422],[-74.01512324810028,40.708307777559114],[-74.01482284069061,40.708202049977025],[-74.0147852897644,40.70829151178819],[-74.0150910615921,40.70838910635422]]]}},{"type":"Feature","properties":{"id":"d8dfc95a-097f-4229-964b-625aed02584b","height":5.2,"subtype":null,"class":null},"geometry":{"type":"Polygon","coordinates":[[[-74.01762843132019,40.71101597301847],[-74.01758551597595,40.71100377418678],[-74.01756405830383,40.71107290087017],[-74.01777863502502,40.711121696132885],[-74.01784837245941,40.71093058114967],[-74.01767671108246,40.71088991831652],[-74.01762843132019,40.71101597301847]]]}},{"type":"Feature","properties":{"id":"c5c0dc22-e30f-41bf-b718-fdf4e18e9b11","height":14.890392303466797,"subtype":null,"class":null},"geometry":{"type":"Polygon","coordinates":[[[-74.01174902915955,40.707949929680765],[-74.01184558868408,40.70800279369294],[-74.01187241077423,40.70797432846083],[-74.01177048683167,40.70792146442606],[-74.01174902915955,40.707949929680765]]]}},{"type":"Feature","properties":{"id":"14ab8fbb-a8f9-4977-b009-0de005e01d84","subtype":null,"class":null},"geometry":{"type":"Polygon","coordinates":[[[-74.01012361049652,40.70951549995187],[-74.01009678840637,40.70954396452521],[-74.01012361049652,40.70955209725821],[-74.01014506816864,40.70952363268835],[-74.01012361049652,40.70951549995187]]]}},{"type":"Feature","properties":{"id":"0e041ce4-6ef0-4d5f-9da0-9280b064a488","height":28.5,"subtype":null,"class":null},"geometry":{"type":"Polygon","coordinates":[[[-74.01288092136383,40.70342786808974],[-74.01275217533112,40.70345633526512],[-74.01277899742126,40.7035376699849],[-74.01298820972443,40.703521403048896],[-74.01296675205231,40.70343193482982],[-74.01289165019989,40.70344413504859],[-74.01288092136383,40.70342786808974]]]}},{"type":"Feature","properties":{"id":"21711bd3-eabf-44a4-b517-8eeaf9fd0566","height":104.1,"subtype":null,"class":null},"geometry":{"type":"Polygon","coordinates":[[[-74.0068781375885,40.70836064128723],[-74.00708198547363,40.708071923491694],[-74.00684595108032,40.70792553089176],[-74.006786942482,40.708010926614165],[-74.00662064552307,40.70819798352821],[-74.0068781375885,40.70836064128723]]]}},{"type":"Feature","properties":{"id":"314fa9b6-941a-432f-9250-092a34d0f9ff","subtype":null,"class":null},"geometry":{"type":"Polygon","coordinates":[[[-74.00787591934204,40.7077181408243],[-74.00789737701416,40.70771000786732],[-74.00787591934204,40.70767340954861],[-74.00785446166992,40.70768154251006],[-74.00787591934204,40.7077181408243]]]}},{"type":"Feature","properties":{"id":"ca73f1b2-435e-407a-82f1-78393b78a64b","subtype":null,"class":null},"geometry":{"type":"Polygon","coordinates":[[[-74.00792419910431,40.70853549793507],[-74.0077793598175,40.70868188919412],[-74.00801539421082,40.70882014730993],[-74.00798320770264,40.708848612180496],[-74.00812804698944,40.70892994031508],[-74.00818705558777,40.708868944223454],[-74.00829434394836,40.70893400671919],[-74.00827825069427,40.7089502723332],[-74.0083372592926,40.708982803549276],[-74.00848746299744,40.708836412951754],[-74.00829434394836,40.70872661979241],[-74.0083372592926,40.70868595561339],[-74.00798320770264,40.70847856791409],[-74.00792419910431,40.70853549793507]]]}},{"type":"Feature","properties":{"id":"914e2b3d-3b3f-46dd-9871-db823564eed2","height":29.8,"subtype":null,"class":null},"geometry":{"type":"Polygon","coordinates":[[[-74.00781691074371,40.71007259010442],[-74.00766670703888,40.70998719702581],[-74.00759160518646,40.710060391099894],[-74.00774717330933,40.71014171775451],[-74.00781691074371,40.71007259010442]]]}},{"type":"Feature","properties":{"id":"92aeb3bf-58c8-4751-85e8-c7344abd3a02","height":61.1,"subtype":null,"class":null},"geometry":{"type":"Polygon","coordinates":[[[-74.00681912899017,40.71038976343761],[-74.00684595108032,40.710369431859],[-74.0066796541214,40.71028403916106],[-74.00649726390839,40.71043042657619],[-74.00664210319519,40.710536150620285],[-74.00681912899017,40.71038976343761]]]}},{"type":"Feature","properties":{"id":"7c1b4a3c-66ce-4f0d-8e7b-ed041ce5c645","height":64.2,"subtype":null,"class":null},"geometry":{"type":"Polygon","coordinates":[[[-74.015793800354,40.709214588003874],[-74.01572942733765,40.709373176902695],[-74.01637852191925,40.70951956632023],[-74.01644289493561,40.70935691139201],[-74.015793800354,40.709214588003874]]]}},{"type":"Feature","properties":{"id":"0dc8671f-9460-4d34-b1b0-2af016b7ed7d","height":25.4,"subtype":null,"class":null},"geometry":{"type":"Polygon","coordinates":[[[-74.00946915149689,40.7118739519081],[-74.00942623615265,40.71185362078268],[-74.0092545747757,40.71206506418366],[-74.00932967662811,40.712101660088734],[-74.00950133800507,40.71189021680397],[-74.00946915149689,40.7118739519081]]]}},{"type":"Feature","properties":{"id":"c2e36312-1ed9-4e69-b561-eadf7f28dc2a","height":145.5,"subtype":null,"class":null},"geometry":{"type":"Polygon","coordinates":[[[-74.01303112506866,40.70510741061973],[-74.01269853115082,40.70509521070563],[-74.01266098022461,40.70511554389456],[-74.01254296302795,40.70535547505494],[-74.01321351528168,40.705558805870126],[-74.01324570178986,40.705465273772234],[-74.01325643062592,40.70540834112662],[-74.01325106620789,40.70511554389456],[-74.01303112506866,40.70510741061973]]]}},{"type":"Feature","properties":{"id":"e1a1e419-e413-49b9-8012-973fc8051342","height":68,"subtype":"commercial","class":"commercial"},"geometry":{"type":"Polygon","coordinates":[[[-74.00724828243256,40.71350042182825],[-74.00730729103088,40.713524818574584],[-74.00726437568665,40.71357767816101],[-74.0073823928833,40.71363053770547],[-74.00747895240784,40.713508554078025],[-74.00736629962921,40.71345569443672],[-74.00734484195709,40.71348009119946],[-74.00728046894073,40.713451628308725],[-74.00730192661285,40.71342316540583],[-74.00717318058014,40.71336623956353],[-74.0070766210556,40.71349228957747],[-74.00720536708832,40.713553281434024],[-74.00724828243256,40.71350042182825]]]}},{"type":"Feature","properties":{"id":"3110c575-7c62-44a5-8e46-f94dec26e922","height":120,"subtype":"commercial","class":"office"},"geometry":{"type":"Polygon","coordinates":[[[-74.00580525398254,40.707616478790634],[-74.00587499141693,40.7076856089904],[-74.00599300861359,40.707616478790634],[-74.0059769153595,40.70759614636527],[-74.00616466999054,40.707449752719434],[-74.00595009326935,40.70728709273553],[-74.00560677051544,40.70742128725093],[-74.00580525398254,40.707616478790634]]]}},{"type":"Feature","properties":{"id":"e741aecb-442e-4a6c-aefc-1b4aac27ab5b","height":19.4,"subtype":null,"class":null},"geometry":{"type":"Polygon","coordinates":[[[-74.01028454303741,40.710170182060146],[-74.00996804237366,40.71002379407291],[-74.00991976261139,40.710080722772865],[-74.01024162769318,40.710223044309785],[-74.01028454303741,40.710170182060146]]]}},{"type":"Feature","properties":{"id":"7d37d8f6-80c1-41b4-bc44-3e88e1a813c8","height":21,"subtype":null,"class":null},"geometry":{"type":"Polygon","coordinates":[[[-74.01737093925476,40.71065407339454],[-74.01718318462372,40.71061341039253],[-74.01714026927948,40.710723200440974],[-74.01732802391052,40.71076386337593],[-74.01733338832855,40.71075166449807],[-74.01779472827911,40.710849255458534],[-74.01785910129547,40.71068660377826],[-74.01739776134491,40.71058494627634],[-74.01737093925476,40.71065407339454]]]}},{"type":"Feature","properties":{"id":"ddae14dc-6204-4bec-abee-b3eb890017a2","height":46,"subtype":null,"class":null},"geometry":{"type":"Polygon","coordinates":[[[-74.0113091468811,40.7056279382059],[-74.01084244251251,40.705619804993646],[-74.01084780693054,40.70564013802241],[-74.01092827320099,40.705644204627404],[-74.01091754436493,40.70583940137569],[-74.01095509529114,40.705843467968535],[-74.01095509529114,40.70588006729291],[-74.01122331619263,40.70591666659717],[-74.0112715959549,40.70578653564619],[-74.0113091468811,40.7056279382059]]]}},{"type":"Feature","properties":{"id":"513b3a6c-500d-4e48-bd77-95adf4da2603","height":248,"subtype":"commercial","class":"office"},"geometry":{"type":"Polygon","coordinates":[[[-74.00920629501343,40.708202049977025],[-74.00921702384949,40.70820611642559],[-74.00922238826752,40.70819798352821],[-74.00924384593964,40.70821018287391],[-74.00949597358704,40.70799059430924],[-74.00947451591492,40.70797432846083],[-74.00947988033295,40.70797026199809],[-74.00947451591492,40.70796212907191],[-74.00946378707886,40.70797026199809],[-74.00939404964447,40.70792553089176],[-74.0093994140625,40.7079173979601],[-74.00939404964447,40.70790926502744],[-74.00938332080841,40.7079173979601],[-74.00931358337402,40.70787266681825],[-74.00931894779205,40.707864533880134],[-74.00931358337402,40.70786046741071],[-74.00930285453796,40.707864533880134],[-74.00923311710358,40.70781980270279],[-74.0092384815216,40.70781166975821],[-74.00923311710358,40.70780760328555],[-74.00922238826752,40.70781573623061],[-74.00915265083313,40.70776693854534],[-74.00915801525116,40.70775880559432],[-74.00915265083313,40.70775473911842],[-74.00914192199707,40.70776287206996],[-74.00907218456268,40.70771407434593],[-74.00907754898071,40.70770594138846],[-74.00907218456268,40.70770187490935],[-74.00906145572662,40.70771000786732],[-74.00899171829224,40.707661210104554],[-74.00899708271027,40.70765307714063],[-74.00899171829224,40.707649010658294],[-74.00898098945618,40.70765714362271],[-74.00891125202179,40.70760834582124],[-74.00891661643982,40.70760427933615],[-74.00891125202179,40.70759614636527],[-74.00890052318573,40.70760427933615],[-74.00883078575134,40.70755954798398],[-74.00883615016937,40.707551415007636],[-74.00883078575134,40.70754328203028],[-74.00882005691528,40.707551415007636],[-74.0087503194809,40.70750668361995],[-74.00875568389893,40.70749855063714],[-74.0087503194809,40.707494484145364],[-74.00873959064484,40.70749855063714],[-74.00871813297272,40.70748635116107],[-74.00847136974335,40.70771000786732],[-74.00848746299744,40.70772220730242],[-74.0084820985794,40.70773034025792],[-74.00848746299744,40.70773440673529],[-74.0084981918335,40.70773034025792],[-74.00856792926788,40.70777507149537],[-74.00856256484985,40.7077832044444],[-74.00856792926788,40.707787270918544],[-74.00857865810394,40.70777913797],[-74.00864839553833,40.70782793564635],[-74.0086430311203,40.707836068588925],[-74.00864839553833,40.70784013505985],[-74.00865912437439,40.70783200211776],[-74.00872886180878,40.70788079975537],[-74.00872349739075,40.707888932691496],[-74.00872886180878,40.707892999159185],[-74.00873959064484,40.70788486622356],[-74.00880932807922,40.70793366382241],[-74.0088039636612,40.70793773028737],[-74.00880932807922,40.70794586321655],[-74.00882005691528,40.70793773028737],[-74.00888979434967,40.707982461385534],[-74.00888442993164,40.70799059430924],[-74.00888979434967,40.70799872723194],[-74.00890052318573,40.70799059430924],[-74.00897562503815,40.70803532537189],[-74.00896489620209,40.70804345828913],[-74.00897026062012,40.708047524747386],[-74.00898098945618,40.70804345828913],[-74.0090560913086,40.70808818931626],[-74.00904536247253,40.708096322227064],[-74.00905072689056,40.7081003886821],[-74.00906145572662,40.70809225577178],[-74.00913655757904,40.70814105321868],[-74.00912582874298,40.708149186123016],[-74.00913655757904,40.70815325257481],[-74.00914192199707,40.708145119670974],[-74.00921702384949,40.70819391707915],[-74.00920629501343,40.708202049977025]]]}},{"type":"Feature","properties":{"id":"f8253acb-27fc-4c11-843a-f46f328af435","height":13,"subtype":"transportation","class":"parking"},"geometry":{"type":"Polygon","coordinates":[[[-74.00605201721191,40.7107191341461],[-74.00613248348236,40.71079232741563],[-74.0063738822937,40.710621542994915],[-74.0062290430069,40.71048735492849],[-74.00598227977753,40.71065407339454],[-74.00605201721191,40.7107191341461]]]}},{"type":"Feature","properties":{"id":"7724f48f-52b2-42f9-bb16-7ba11a6ef064","height":26.6,"subtype":null,"class":null},"geometry":{"type":"Polygon","coordinates":[[[-74.00905072689056,40.711922746583795],[-74.00899171829224,40.71199187231314],[-74.00922238826752,40.71210572629917],[-74.00941014289856,40.7118739519081],[-74.00918483734131,40.71176416375706],[-74.00905072689056,40.711922746583795]]]}},{"type":"Feature","properties":{"id":"18cd5a84-21b8-4587-b6e0-2b3dd7136ac2","height":18.8,"subtype":null,"class":null},"geometry":{"type":"Polygon","coordinates":[[[-74.0125161409378,40.70376540667189],[-74.01243567466736,40.703773540110596],[-74.01245713233948,40.7039850091683],[-74.01254296302795,40.70398907587436],[-74.0125161409378,40.70376540667189]]]}},{"type":"Feature","properties":{"id":"80f64515-5774-4b63-b189-a7a16bb81a87","height":5,"subtype":"commercial","class":null},"geometry":{"type":"Polygon","coordinates":[[[-74.01493549346924,40.70155714132217],[-74.01494085788727,40.70154900761282],[-74.01501059532166,40.70157747559122],[-74.01502668857574,40.70156120817649],[-74.01505887508392,40.70156934188436],[-74.01510715484619,40.70156120817649],[-74.01512861251831,40.701540873902466],[-74.01517689228058,40.70144733616203],[-74.01522517204285,40.701398533810526],[-74.01517152786255,40.70137413262136],[-74.01519298553467,40.701345664556065],[-74.01516079902649,40.7013293970847],[-74.01515543460846,40.7013049958702],[-74.01513397693634,40.701288728388924],[-74.01510715484619,40.701280594646775],[-74.01507496833801,40.70128466151798],[-74.01507496833801,40.701288728388924],[-74.01500523090363,40.70125619341442],[-74.01502132415771,40.70123585904729],[-74.01507496833801,40.70126026028711],[-74.01515543460846,40.701158588395565],[-74.01510715484619,40.70113418711851],[-74.01505887508392,40.701199257170806],[-74.01499450206757,40.701170789030755],[-74.01494085788727,40.70123179217312],[-74.01495158672333,40.70123585904729],[-74.01488184928894,40.70132533021624],[-74.01490330696106,40.701333463952906],[-74.0148013830185,40.701467670464616],[-74.01484966278076,40.70148800476097],[-74.0148389339447,40.70150020533582],[-74.014892578125,40.70152460647878],[-74.01488721370697,40.701532740191126],[-74.01493549346924,40.70155714132217]]]}},{"type":"Feature","properties":{"id":"fbbd00e8-8d94-41bb-893e-3fb0c4d5b273","height":59.2,"subtype":null,"class":null},"geometry":{"type":"Polygon","coordinates":[[[-74.00855720043182,40.70971475170969],[-74.00842308998108,40.70962122544864],[-74.00831043720245,40.70973101713298],[-74.00846064090729,40.709828609589316],[-74.00850355625153,40.70979201243496],[-74.00862157344818,40.709881472110126],[-74.00868594646454,40.70980421148865],[-74.00855720043182,40.70971475170969]]]}},{"type":"Feature","properties":{"id":"e4e9c7f3-8495-4973-ad05-efc9bbe0ae3f","height":77,"subtype":null,"class":null},"geometry":{"type":"Polygon","coordinates":[[[-74.01285409927368,40.70769780842999],[-74.01292383670807,40.70757174744664],[-74.01224792003632,40.70726676020959],[-74.01210844516754,40.70745381921395],[-74.01285409927368,40.70769780842999]]]}},{"type":"Feature","properties":{"id":"6d20f09e-b9c6-4d2c-8979-24246d30de78","height":26.9,"subtype":"commercial","class":"hotel"},"geometry":{"type":"Polygon","coordinates":[[[-74.01210844516754,40.70293172393617],[-74.01207089424133,40.702943924246576],[-74.01220500469208,40.70322859752133],[-74.01247322559357,40.703155395938325],[-74.01232838630676,40.702874789124806],[-74.01210844516754,40.70293172393617]]]}},{"type":"Feature","properties":{"id":"fea7046b-71b4-4429-9c09-a5c366fd90a4","height":103.6,"subtype":"residential","class":"residential"},"geometry":{"type":"Polygon","coordinates":[[[-74.00868058204651,40.7054368074555],[-74.00867521762848,40.705400207887536],[-74.00810658931732,40.705465273772234],[-74.00805294513702,40.70552220636922],[-74.0084820985794,40.70575806946676],[-74.00857865810394,40.705623871599904],[-74.0085518360138,40.70560760517342],[-74.00861620903015,40.70554660603874],[-74.00860548019409,40.7055344062051],[-74.00870203971863,40.7055344062051],[-74.00868058204651,40.7054368074555]]]}},{"type":"Feature","properties":{"id":"bf3064b0-b70c-45b5-8e43-56d325810303","height":29,"subtype":"education","class":"university"},"geometry":{"type":"Polygon","coordinates":[[[-74.00633633136749,40.70923085354935],[-74.00626122951508,40.70919018967822],[-74.00614321231842,40.7093203139784],[-74.00643289089203,40.709470769883495],[-74.00655090808868,40.70934471225635],[-74.00633633136749,40.70923085354935]]]}},{"type":"Feature","properties":{"id":"138d7ae9-290d-484a-97f8-476223b6eea8","height":5,"subtype":"transportation","class":"train_station"},"geometry":{"type":"Polygon","coordinates":[[[-74.01342809200287,40.7020532957149],[-74.01343882083893,40.70204109524135],[-74.01333153247833,40.701967892353245],[-74.01329398155212,40.70199636015263],[-74.01340663433075,40.70206956300945],[-74.01342809200287,40.7020532957149]]]}},{"type":"Feature","properties":{"id":"c16979d6-28a4-4090-b690-b8974c4da7ef","height":73,"subtype":null,"class":null},"geometry":{"type":"Polygon","coordinates":[[[-74.01257514953613,40.70306999398979],[-74.01260197162628,40.70312286187561],[-74.01287019252777,40.70304966017637],[-74.0127843618393,40.70276091935602],[-74.01246249675751,40.70284225492502],[-74.01257514953613,40.70306999398979]]]}},{"type":"Feature","properties":{"id":"89a25276-f907-40c1-b19d-bb447ad59e5c","subtype":"civic","class":null},"geometry":{"type":"Polygon","coordinates":[[[-74.01707589626312,40.70846636861756],[-74.01710271835327,40.70847856791409],[-74.01711344718933,40.70846636861756],[-74.01708662509918,40.70845416931877],[-74.01707589626312,40.70846636861756]]]}},{"type":"Feature","properties":{"id":"395805c4-91d8-4397-bdce-4e56def67db5","height":38.6,"subtype":"residential","class":"apartments"},"geometry":{"type":"Polygon","coordinates":[[[-74.0137231349945,40.708694088451175],[-74.01373386383057,40.708677822774604],[-74.01343882083893,40.708604627180826],[-74.0133798122406,40.708734752625226],[-74.0136855840683,40.708864877815365],[-74.01378750801086,40.708722553375615],[-74.0137231349945,40.708694088451175]]]}},{"type":"Feature","properties":{"id":"493ea152-d665-41f1-9cad-8a39668e39af","height":80,"subtype":null,"class":null},"geometry":{"type":"Polygon","coordinates":[[[-74.0156489610672,40.70605493045398],[-74.0158474445343,40.705542539427775],[-74.0155416727066,40.70547340700337],[-74.01533782482147,40.70600613147847],[-74.01558995246887,40.70606306361308],[-74.01560068130493,40.70604273071345],[-74.0156489610672,40.70605493045398]]]}},{"type":"Feature","properties":{"id":"88c6d8b0-887e-4a90-ae4b-eda6987bc180","height":101,"subtype":"residential","class":"apartments"},"geometry":{"type":"Polygon","coordinates":[[[-74.00713562965393,40.71139820194619],[-74.00709807872772,40.711316876826174],[-74.00687277317047,40.711479526966855],[-74.00698006153107,40.711568984374885],[-74.0069854259491,40.71156491813168],[-74.00700151920319,40.71157711686058],[-74.0070229768753,40.71157305061785],[-74.00702834129333,40.71158118310304],[-74.00720000267029,40.711536454422244],[-74.00713562965393,40.71139820194619]]]}},{"type":"Feature","properties":{"id":"9faa75db-f006-48ba-badf-bab3c1aa78d7","height":19.6,"subtype":null,"class":null},"geometry":{"type":"Polygon","coordinates":[[[-74.00392234325409,40.706754378507],[-74.00380969047546,40.7066283157378],[-74.00369703769684,40.70668524734052],[-74.00382041931152,40.7068194430687],[-74.00392234325409,40.706754378507]]]}},{"type":"Feature","properties":{"id":"9902bf94-1ec5-4f43-b8e7-a1c78a5ed3e7","height":18.80681800842285,"subtype":"religious","class":"church"},"geometry":{"type":"Polygon","coordinates":[[[-74.00894343852997,40.71126808170647],[-74.00892198085785,40.71129247927079],[-74.00897026062012,40.711316876826174],[-74.00895953178406,40.71132500934263],[-74.009308218956,40.71149579195908],[-74.00936186313629,40.71143479821778],[-74.00942087173462,40.711467328220095],[-74.00946915149689,40.71141040070561],[-74.00941014289856,40.711381936930124],[-74.00945842266083,40.71132094308452],[-74.00910973548889,40.711150160019635],[-74.00910437107086,40.711158292556455],[-74.0090560913086,40.711133894942975],[-74.00894343852997,40.71126808170647]]]}},{"type":"Feature","properties":{"id":"dce15b0a-3f56-43ea-8634-d0b1dc67afc8","height":67.1,"subtype":null,"class":null},"geometry":{"type":"Polygon","coordinates":[[[-74.00855720043182,40.70672591274126],[-74.00842308998108,40.70665271500207],[-74.00811195373535,40.7069455054761],[-74.00825679302216,40.707039035495136],[-74.00855720043182,40.70672591274126]]]}},{"type":"Feature","properties":{"id":"fe0e4de1-456b-4ee6-a479-24fbb9a3ccbf","height":23.5,"subtype":null,"class":null},"geometry":{"type":"Polygon","coordinates":[[[-74.01167929172516,40.7048756118698],[-74.01188850402832,40.70488781182412],[-74.01188850402832,40.70473734556465],[-74.01165246963501,40.70474547888467],[-74.01164174079895,40.7048756118698],[-74.01167929172516,40.7048756118698]]]}},{"type":"Feature","properties":{"id":"15bf07e5-0839-47e3-a5d5-5e6c8d594f71","subtype":"commercial","class":null},"geometry":{"type":"Polygon","coordinates":[[[-74.00510787963867,40.70486747856568],[-74.0049684047699,40.70475361220368],[-74.00464117527008,40.704973211441775],[-74.00477528572083,40.70509114406711],[-74.00510787963867,40.70486747856568]]]}},{"type":"Feature","properties":{"id":"5a87c1c5-a260-44aa-b14f-19f55f6f9661","subtype":"civic","class":null},"geometry":{"type":"Polygon","coordinates":[[[-74.0159922838211,40.7107191341461],[-74.01601374149323,40.710723200440974],[-74.01602447032928,40.71069473637172],[-74.01600301265717,40.710690670075124],[-74.0159922838211,40.7107191341461]]]}},{"type":"Feature","properties":{"id":"6331c641-470f-4171-b9d4-c4ee4cb79c8e","height":20,"subtype":null,"class":null},"geometry":{"type":"Polygon","coordinates":[[[-74.01848137378693,40.70427781137052],[-74.01744604110718,40.70440794526942],[-74.01742458343506,40.704310344869086],[-74.01735484600067,40.70432254492694],[-74.01737630367279,40.70441607862966],[-74.01732265949249,40.70442421198889],[-74.01734948158264,40.70454621225841],[-74.01850819587708,40.704399811908196],[-74.01848137378693,40.70427781137052]]]}},{"type":"Feature","properties":{"id":"118c6387-8991-452a-af05-8c35acd73c71","height":32.33503723144531,"subtype":"residential","class":"residential"},"geometry":{"type":"Polygon","coordinates":[[[-74.00785982608795,40.70538394140644],[-74.00789737701416,40.705392074647484],[-74.00831043720245,40.705087077428324],[-74.00830507278442,40.705062677590455],[-74.00831043720245,40.70505861094994],[-74.00810122489929,40.70489187847506],[-74.00806903839111,40.70489594512576],[-74.00806367397308,40.70489187847506],[-74.00764524936676,40.70519280995582],[-74.00765061378479,40.705217209746],[-74.00764524936676,40.705221276376825],[-74.00785446166992,40.705388008027086],[-74.00785982608795,40.70538394140644]]]}},{"type":"Feature","properties":{"id":"e48f94e8-9079-4f68-8bb4-1f25ab499275","height":143.9,"subtype":"commercial","class":"hotel"},"geometry":{"type":"Polygon","coordinates":[[[-74.0141898393631,40.70837690704129],[-74.01423811912537,40.70838910635422],[-74.0142971277237,40.70823458155863],[-74.01400208473206,40.708145119670974],[-74.01392698287964,40.708307777559114],[-74.0141898393631,40.70837690704129]]]}},{"type":"Feature","properties":{"id":"3c75e9b3-bab1-4ed5-84b9-28ad3615a890","height":19.9,"subtype":null,"class":null},"geometry":{"type":"Polygon","coordinates":[[[-74.00414228439331,40.705802802028956],[-74.0042120218277,40.705859734337395],[-74.00414764881134,40.70590446683132],[-74.00434076786041,40.70607932992833],[-74.00448024272919,40.705985798561436],[-74.00433540344238,40.70587193411146],[-74.0043193101883,40.70588413388326],[-74.00425493717194,40.705827201595675],[-74.00427103042603,40.70581906840777],[-74.00415301322937,40.70571740347506],[-74.00408864021301,40.70575806946676],[-74.00414228439331,40.705802802028956]]]}},{"type":"Feature","properties":{"id":"59b0cfb8-da15-4b04-b08e-952695cf4881","height":118.9,"subtype":"residential","class":"apartments"},"geometry":{"type":"Polygon","coordinates":[[[-74.00765597820282,40.71092244858503],[-74.0075272321701,40.71101190674149],[-74.00770425796509,40.71141446695826],[-74.00806903839111,40.71132094308452],[-74.00801539421082,40.711194888959916],[-74.00783836841583,40.71123961787016],[-74.00780618190765,40.711174557627125],[-74.00798320770264,40.711129828673194],[-74.0079402923584,40.711028171847936],[-74.00796175003052,40.71099970790905],[-74.00790274143219,40.710963111398314],[-74.00785982608795,40.711007840464255],[-74.00787055492401,40.71101597301847],[-74.00780081748962,40.711081033416434],[-74.00779008865356,40.71107290087017],[-74.00776863098145,40.711097298506004],[-74.00770962238312,40.71097937651668],[-74.0077257156372,40.710963111398314],[-74.00765597820282,40.71092244858503]]]}},{"type":"Feature","properties":{"id":"f9297f12-8a9c-4d64-8daf-d9c1c2c4fbfa","height":56.9,"subtype":null,"class":null},"geometry":{"type":"Polygon","coordinates":[[[-74.00712490081787,40.70754328203028],[-74.00709271430969,40.707579880420525],[-74.0072751045227,40.70767747602946],[-74.00736629962921,40.70773440673529],[-74.00759696960449,40.70755954798398],[-74.00740921497345,40.707311491758446],[-74.00714099407196,40.70752294958259],[-74.00712490081787,40.70754328203028]]]}},{"type":"Feature","properties":{"id":"76a0b742-fe23-4bf6-a45c-5e8f150e8a52","height":9.7,"subtype":null,"class":null},"geometry":{"type":"Polygon","coordinates":[[[-74.01355147361755,40.707771005020476],[-74.01345491409302,40.70773847321241],[-74.01339590549469,40.70786046741071],[-74.01349782943726,40.707892999159185],[-74.01355147361755,40.707771005020476]]]}},{"type":"Feature","properties":{"id":"c0bd5fac-b7a9-4247-a459-9609419b0409","height":7.8,"subtype":null,"class":null},"geometry":{"type":"Polygon","coordinates":[[[-74.01651799678802,40.703521403048896],[-74.01650726795197,40.70352546978327],[-74.0165501832962,40.7035905374995],[-74.01656091213226,40.7035864707691],[-74.0166038274765,40.70365153842574],[-74.01659309864044,40.703680005505525],[-74.01660919189453,40.70370440584995],[-74.01663064956665,40.70372473946346],[-74.0166574716568,40.703732872907146],[-74.01675939559937,40.70374100634982],[-74.01683449745178,40.703732872907146],[-74.01689350605011,40.703720672741255],[-74.0169632434845,40.70369627240279],[-74.01702225208282,40.703659671878334],[-74.01705980300903,40.70362307133377],[-74.01710271835327,40.70357427057641],[-74.01712417602539,40.70351733631428],[-74.01712954044342,40.70347666895437],[-74.01712954044342,40.70341973460881],[-74.0171080827713,40.70336280021459],[-74.01707589626312,40.70330993251923],[-74.01703834533691,40.703273331782476],[-74.01697933673859,40.70323673102559],[-74.01691496372223,40.70320826375636],[-74.01684522628784,40.70318792998515],[-74.01677012443542,40.70317979647494],[-74.0166574716568,40.70319199673989],[-74.01657700538635,40.703220464016084],[-74.01651799678802,40.70325299803113],[-74.0164589881897,40.703305865771696],[-74.01641607284546,40.703370933702466],[-74.01641070842743,40.70339126741779],[-74.01642143726349,40.70341973460881],[-74.01647508144379,40.70345226852653],[-74.01651799678802,40.703521403048896]]]}},{"type":"Feature","properties":{"id":"6b32240e-e92d-41ee-b581-8a1526f8c115","height":14.8,"subtype":null,"class":null},"geometry":{"type":"Polygon","coordinates":[[[-74.00907754898071,40.708970604345105],[-74.00903463363647,40.709007201950904],[-74.00913655757904,40.70907226431157],[-74.00914192199707,40.70906413151996],[-74.00916337966919,40.70907226431157],[-74.0092009305954,40.709035666741514],[-74.00907754898071,40.708970604345105]]]}},{"type":"Feature","properties":{"id":"5db4ebb0-8c07-4bd1-9f3c-278d1747907b","height":16.5,"subtype":null,"class":null},"geometry":{"type":"Polygon","coordinates":[[[-74.01434004306793,40.7009999799349],[-74.01432394981384,40.701069117002646],[-74.01445269584656,40.701093518303544],[-74.01447415351868,40.70102438126113],[-74.01434004306793,40.7009999799349]]]}},{"type":"Feature","properties":{"id":"5b333a8b-ab60-49c7-8018-2d08ac8690dd","height":21,"subtype":"residential","class":"apartments"},"geometry":{"type":"Polygon","coordinates":[[[-74.01658773422241,40.711528321931596],[-74.01649117469788,40.71150799070063],[-74.01645362377167,40.711601514311646],[-74.01673257350922,40.711662507900236],[-74.01674330234528,40.711629977993276],[-74.01738703250885,40.7117722962189],[-74.01745140552521,40.711605580552614],[-74.01680767536163,40.71146326197068],[-74.01679158210754,40.71149985820651],[-74.01670038700104,40.711479526966855],[-74.01667892932892,40.711536454422244],[-74.01658773422241,40.711516123193775],[-74.01658773422241,40.711528321931596]]]}},{"type":"Feature","properties":{"id":"55f07aa5-06d3-4cee-8e21-4f88297d4568","height":19.1,"subtype":null,"class":null},"geometry":{"type":"Polygon","coordinates":[[[-74.01243567466736,40.70472107892164],[-74.01234447956085,40.70472514558276],[-74.01232838630676,40.70490814507635],[-74.01241958141327,40.7049162783755],[-74.01243567466736,40.70472107892164]]]}},{"type":"Feature","properties":{"id":"86e26b49-b1fe-4e9b-9cb7-a02b1bf02d03","height":88,"subtype":null,"class":null},"geometry":{"type":"Polygon","coordinates":[[[-74.01616394519806,40.71124368413324],[-74.01614248752594,40.71123961787016],[-74.01603519916534,40.71152018943996],[-74.01645362377167,40.71160964679336],[-74.01656091213226,40.71133314185813],[-74.01616394519806,40.71124368413324]]]}},{"type":"Feature","properties":{"id":"640fb800-b876-4480-8081-bc8fc404939e","height":15,"subtype":null,"class":null},"geometry":{"type":"Polygon","coordinates":[[[-74.00457680225372,40.7065307185913],[-74.0045553445816,40.70651038583446],[-74.00431394577026,40.70665271500207],[-74.00390625,40.70691297326478],[-74.00414764881134,40.70722202863072],[-74.00483429431915,40.706799110399984],[-74.00480210781097,40.70676657811715],[-74.00481820106506,40.70675844504397],[-74.00457680225372,40.7065307185913]]]}},{"type":"Feature","properties":{"id":"e02b818e-f7bb-4bf5-bdbd-54e0768d405a","height":14.2,"subtype":null,"class":null},"geometry":{"type":"Polygon","coordinates":[[[-74.01119112968445,40.703277398531995],[-74.01115894317627,40.70318386323018],[-74.01109457015991,40.703200130248604],[-74.01113212108612,40.703305865771696],[-74.01119112968445,40.70329366552759],[-74.01119112968445,40.703277398531995]]]}},{"type":"Feature","properties":{"id":"0eb5697b-f288-47ee-b6c4-6e513a7af4f5","height":19.6,"subtype":null,"class":null},"geometry":{"type":"Polygon","coordinates":[[[-74.0037614107132,40.706449387526646],[-74.00372385978699,40.70641685507297],[-74.003546833992,40.7065225854893],[-74.00361657142639,40.70659578337152],[-74.0037989616394,40.706481919964425],[-74.0037614107132,40.706449387526646]]]}},{"type":"Feature","properties":{"id":"8f0407a7-1c8f-4a09-95f1-2463b380efec","subtype":null,"class":null},"geometry":{"type":"Polygon","coordinates":[[[-74.01432394981384,40.70068682878824],[-74.01434540748596,40.70069902950983],[-74.01435077190399,40.700690895695686],[-74.01432931423187,40.70068276188055],[-74.01432394981384,40.70068682878824]]]}},{"type":"Feature","properties":{"id":"3b2fc780-4f99-424e-bd01-cf4ee6a85bbc","height":8.7,"subtype":null,"class":null},"geometry":{"type":"Polygon","coordinates":[[[-74.00470018386841,40.705859734337395],[-74.00464117527008,40.70590040024221],[-74.00489330291748,40.70611592912308],[-74.00495767593384,40.7060711967712],[-74.00470018386841,40.705859734337395]]]}},{"type":"Feature","properties":{"id":"2c8d6e72-2844-4dca-b2ff-8c0212778657","height":47.8,"subtype":null,"class":null},"geometry":{"type":"Polygon","coordinates":[[[-74.01326715946198,40.70915765856345],[-74.01341736316681,40.70921865439061],[-74.01349782943726,40.709088529891794],[-74.01340126991272,40.709060065123786],[-74.01342809200287,40.70899906915136],[-74.01347637176514,40.709011268350324],[-74.01354610919952,40.70890554188512],[-74.01337444782257,40.708828280131335],[-74.01334226131439,40.708832346541676],[-74.01321351528168,40.709104795468065],[-74.01321351528168,40.709116994647644],[-74.01322424411774,40.709137326608655],[-74.01326715946198,40.70915765856345]]]}},{"type":"Feature","properties":{"id":"c1cbc45e-d157-41db-ae28-0f5de60a2cb0","height":17.6,"subtype":null,"class":null},"geometry":{"type":"Polygon","coordinates":[[[-74.00408864021301,40.70664864845864],[-74.0039598941803,40.70650631928235],[-74.00390088558197,40.70654291824244],[-74.00402963161469,40.70668524734052],[-74.00408864021301,40.70664864845864]]]}},{"type":"Feature","properties":{"id":"f6cf7502-0999-4f0d-acf8-09daeb4b0c91","height":97.3,"subtype":"residential","class":"apartments"},"geometry":{"type":"Polygon","coordinates":[[[-74.00556921958923,40.70846636861756],[-74.005526304245,40.70849076720839],[-74.00564432144165,40.708604627180826],[-74.00581061840057,40.70848263434577],[-74.00573015213013,40.70840943853747],[-74.00577306747437,40.70838097347919],[-74.0056711435318,40.70828744534484],[-74.00562822818756,40.70831591044311],[-74.00563895702362,40.70832404332609],[-74.00557458400726,40.708364707726105],[-74.0055638551712,40.708352508408716],[-74.00552093982697,40.70838097347919],[-74.00560140609741,40.70845010288535],[-74.00556921958923,40.70846636861756]]]}},{"type":"Feature","properties":{"id":"f139561d-dc08-42d7-8c05-ca3a8b0c49e6","subtype":null,"class":null},"geometry":{"type":"Polygon","coordinates":[[[-74.01261270046234,40.702447776488114],[-74.0126234292984,40.70246404368632],[-74.01266634464264,40.702447776488114],[-74.01265561580658,40.70242744248474],[-74.01261270046234,40.702447776488114]]]}},{"type":"Feature","properties":{"id":"a7423a3f-3c88-48c3-8c3f-d986af3af8c6","height":22,"subtype":null,"class":null},"geometry":{"type":"Polygon","coordinates":[[[-74.00857865810394,40.71308567577257],[-74.00849282741547,40.71304908040833],[-74.00820851325989,40.71341096701516],[-74.00829434394836,40.71344756218049],[-74.00857865810394,40.71308567577257]]]}},{"type":"Feature","properties":{"id":"07b5066e-ab90-400a-a002-8dd6a3987f7e","height":8,"subtype":null,"class":null},"geometry":{"type":"Polygon","coordinates":[[[-74.01475846767426,40.7056279382059],[-74.0147477388382,40.70564827123217],[-74.01475310325623,40.70565233783669],[-74.01475846767426,40.70564827123217],[-74.01476383209229,40.70563200481165],[-74.01475846767426,40.7056279382059]]]}},{"type":"Feature","properties":{"id":"9aabe670-9d8a-4105-bebb-86e93ed6a56a","height":26.2,"subtype":null,"class":null},"geometry":{"type":"Polygon","coordinates":[[[-74.00741457939148,40.70954396452521],[-74.00731801986694,40.70963749089478],[-74.00761842727661,40.709800145137656],[-74.00778472423553,40.709633424533614],[-74.00749504566193,40.70946263714055],[-74.00741457939148,40.70954396452521]]]}},{"type":"Feature","properties":{"id":"b0b3b603-36ec-4168-aeb9-a877cce99e0e","height":15,"subtype":null,"class":null},"geometry":{"type":"Polygon","coordinates":[[[-74.01263415813446,40.70064209278996],[-74.01236593723297,40.70070716332299],[-74.01246249675751,40.700922709009554],[-74.0125322341919,40.7009064414349],[-74.01284873485565,40.70141073440176],[-74.01336371898651,40.70145140302304],[-74.01353001594543,40.70123585904729],[-74.01355147361755,40.701004046823215],[-74.01350319385529,40.70067462806443],[-74.01356756687164,40.700670561155974],[-74.01355147361755,40.70053635303825],[-74.01290237903595,40.7005892229351],[-74.01263415813446,40.70064209278996]]]}},{"type":"Feature","properties":{"id":"d43fb38e-07e5-4938-ae87-fce9901b7e74","height":14.6,"subtype":"commercial","class":null},"geometry":{"type":"Polygon","coordinates":[[[-74.01121258735657,40.703273331782476],[-74.01119112968445,40.703277398531995],[-74.01125013828278,40.70347260221702],[-74.01144862174988,40.70342786808974],[-74.01143789291382,40.70332213276034],[-74.01123940944672,40.703358733470274],[-74.01121258735657,40.703273331782476]]]}},{"type":"Feature","properties":{"id":"95e5b38b-df3f-4f19-8743-adc560a6c09a","height":7,"subtype":null,"class":null},"geometry":{"type":"Polygon","coordinates":[[[-74.01368021965027,40.701915023550676],[-74.01366412639618,40.701902823051824],[-74.013631939888,40.701931290879024],[-74.01370167732239,40.701984159668655],[-74.01373386383057,40.70195569186408],[-74.0137231349945,40.70194349137265],[-74.0137392282486,40.70192722404731],[-74.01370167732239,40.701898756218384],[-74.01368021965027,40.701915023550676]]]}},{"type":"Feature","properties":{"id":"3476322f-7b81-442f-8e54-a84fbad24931","height":3.1,"subtype":"service","class":"service"},"geometry":{"type":"Polygon","coordinates":[[[-74.01351392269135,40.70180928581967],[-74.01356756687164,40.701756416891214],[-74.01350319385529,40.70171981530079],[-74.01344954967499,40.70177675109944],[-74.01351392269135,40.70180928581967]]]}},{"type":"Feature","properties":{"id":"af62766e-0d0b-4678-b719-24319142371e","height":44.3,"subtype":null,"class":null},"geometry":{"type":"Polygon","coordinates":[[[-74.014533162117,40.70505047766817],[-74.01451170444489,40.70504641102691],[-74.01449024677277,40.70510334398195],[-74.01468336582184,40.7051480769839],[-74.0147852897644,40.70491221172604],[-74.01475846767426,40.7048756118698],[-74.0142434835434,40.70476987883875],[-74.01418447494507,40.704786145469825],[-74.01409327983856,40.70500981124441],[-74.01431858539581,40.70507081087075],[-74.01434540748596,40.70499761131243],[-74.01430785655975,40.70498947802321],[-74.01432931423187,40.70492847832237],[-74.01445806026459,40.70495694485639],[-74.01443660259247,40.70500574460065],[-74.01454389095306,40.70503014445939],[-74.014533162117,40.70505047766817]]]}},{"type":"Feature","properties":{"id":"de207e6c-9f9e-435c-8599-9b7a52b40db1","height":3,"subtype":"civic","class":null},"geometry":{"type":"Polygon","coordinates":[[[-74.00664746761322,40.71171943519918],[-74.00669574737549,40.711707236496366],[-74.00669038295746,40.7116950377913],[-74.00664210319519,40.71170317026159],[-74.00664746761322,40.71171943519918]]]}},{"type":"Feature","properties":{"id":"b6f2adc1-3d7b-4d0c-8688-9e31afeb88de","subtype":null,"class":null},"geometry":{"type":"Polygon","coordinates":[[[-74.00426030158997,40.712390360412485],[-74.00427103042603,40.7123740956388],[-74.004265666008,40.712353764666084],[-74.00423884391785,40.712345632275266],[-74.00421738624573,40.712353764666084],[-74.00420665740967,40.712370029444756],[-74.0042120218277,40.712386294219435],[-74.00423884391785,40.71239849279784],[-74.00426030158997,40.712390360412485]]]}},{"type":"Feature","properties":{"id":"fd97652c-a261-498d-9480-f0a1fe34c19f","height":12.5,"subtype":null,"class":null},"geometry":{"type":"Polygon","coordinates":[[[-74.00358438491821,40.70633552386925],[-74.00361120700836,40.706315191052795],[-74.0037614107132,40.706449387526646],[-74.00378823280334,40.70643312130179],[-74.00372385978699,40.70637618948352],[-74.0037453174591,40.70636398980186],[-74.00363266468048,40.70626232570099],[-74.0035629272461,40.706307057924484],[-74.0035629272461,40.70631925761658],[-74.00358438491821,40.70633552386925]]]}},{"type":"Feature","properties":{"id":"ff14919b-22d9-4910-a2a4-5bbd9d9fbc06","height":128,"subtype":null,"class":null},"geometry":{"type":"Polygon","coordinates":[[[-74.01268243789673,40.704920345024725],[-74.01289701461792,40.7049040784264],[-74.01290237903595,40.70494067826701],[-74.01320278644562,40.70491221172604],[-74.01307940483093,40.70412327703529],[-74.0128755569458,40.70414361052094],[-74.01287019252777,40.7041151436393],[-74.01233375072479,40.70410701024232],[-74.01236593723297,40.70433881166729],[-74.01211380958557,40.70436321177034],[-74.01216208934784,40.70467227896878],[-74.01263415813446,40.70462754564726],[-74.01268243789673,40.704920345024725]]]}},{"type":"Feature","properties":{"id":"ee73037b-a0a7-4977-ae5c-bb23136671f9","subtype":null,"class":null},"geometry":{"type":"Polygon","coordinates":[[[-74.01722073554993,40.702923590394676],[-74.01720464229584,40.70293172393617],[-74.01725828647614,40.703013059296595],[-74.01732265949249,40.70298865869889],[-74.01726365089417,40.7029073233087],[-74.01722073554993,40.702923590394676]]]}},{"type":"Feature","properties":{"id":"812e8771-f05e-45c3-880e-e26b8343f283","height":141.9,"subtype":null,"class":null},"geometry":{"type":"Polygon","coordinates":[[[-74.0122801065445,40.706038664132784],[-74.0122264623642,40.70601833122571],[-74.01212990283966,40.70622166001717],[-74.01261270046234,40.706441254414706],[-74.01276290416718,40.706254192566206],[-74.0122801065445,40.706038664132784]]]}},{"type":"Feature","properties":{"id":"31223822-e461-41d4-b1d8-72bb883c19ec","height":30.5,"subtype":null,"class":null},"geometry":{"type":"Polygon","coordinates":[[[-74.01066541671753,40.704249344546234],[-74.01065468788147,40.70423714447496],[-74.01048302650452,40.70429814480897],[-74.0106064081192,40.70450147885221],[-74.01067614555359,40.70447707879979],[-74.0106600522995,40.70444861206068],[-74.01075661182404,40.7044201453094],[-74.01066541671753,40.704249344546234]]]}},{"type":"Feature","properties":{"id":"e9182ae8-346f-48c0-96c8-c249a3c27545","subtype":null,"class":null},"geometry":{"type":"Polygon","coordinates":[[[-74.01294529438019,40.70413141043031],[-74.01297748088837,40.704127343732935],[-74.01297748088837,40.704102943543454],[-74.01294529438019,40.704102943543454],[-74.01294529438019,40.70413141043031]]]}},{"type":"Feature","properties":{"id":"c8606c17-1692-4484-aab8-5835b839c5f0","height":25,"subtype":"residential","class":"apartments"},"geometry":{"type":"Polygon","coordinates":[[[-74.00691568851471,40.707185430043836],[-74.00693714618683,40.70719762957503],[-74.00709271430969,40.70707563416247],[-74.006786942482,40.706843842262955],[-74.00658845901489,40.706986170717904],[-74.00643825531006,40.70707563416247],[-74.0066796541214,40.707323691266545],[-74.00674402713776,40.70728709273553],[-74.00676012039185,40.707299292248095],[-74.00683522224426,40.70725862719749],[-74.0068244934082,40.7072504941844],[-74.00691568851471,40.707185430043836]]]}},{"type":"Feature","properties":{"id":"6b866d52-0bec-433a-b189-aa300a8b8426","height":10,"subtype":null,"class":null},"geometry":{"type":"Polygon","coordinates":[[[-74.01068150997162,40.71191461414033],[-74.01054203510284,40.712154520804994],[-74.011110663414,40.712410691374025],[-74.0112179517746,40.71244728708914],[-74.01151299476624,40.71251641227392],[-74.01174902915955,40.712146388389854],[-74.011470079422,40.71201220339636],[-74.01137351989746,40.711979673660245],[-74.01070833206177,40.71183735587787],[-74.01067078113556,40.711910547918215],[-74.01068150997162,40.71191461414033]]]}},{"type":"Feature","properties":{"id":"476a0a11-c2c2-4153-a084-3be0a54703b7","height":18.4,"subtype":"commercial","class":"commercial"},"geometry":{"type":"Polygon","coordinates":[[[-74.00353074073792,40.707095966746756],[-74.00355219841003,40.7071203658397],[-74.00347709655762,40.70716103097473],[-74.00353610515594,40.70723016164729],[-74.00360584259033,40.707193563064884],[-74.00356829166412,40.70714883143683],[-74.00365948677063,40.707104099778725],[-74.00350391864777,40.70692110631909],[-74.0034931898117,40.70691703979206],[-74.00334298610687,40.70699023724072],[-74.00338590145111,40.70704310201472],[-74.0034556388855,40.70701056985108],[-74.00353074073792,40.707095966746756]]]}},{"type":"Feature","properties":{"id":"58bb6573-185c-486d-947b-555959050bfc","height":13.1,"subtype":"commercial","class":"commercial"},"geometry":{"type":"Polygon","coordinates":[[[-74.00872886180878,40.71027590651747],[-74.0086430311203,40.71023524328452],[-74.00842845439911,40.710491421237506],[-74.00853037834167,40.71054021692634],[-74.00874495506287,40.7102881054825],[-74.00872886180878,40.71027590651747]]]}},{"type":"Feature","properties":{"id":"81ca49a8-8c54-401b-bb53-ea4bfef47d88","height":48,"subtype":"commercial","class":"office"},"geometry":{"type":"Polygon","coordinates":[[[-74.01008069515228,40.70461127897742],[-74.01005923748016,40.70461534564527],[-74.01005387306213,40.70463161231409],[-74.00983929634094,40.70476987883875],[-74.00997340679169,40.70498541137823],[-74.01002705097198,40.704981344733],[-74.01023626327515,40.704741412224784],[-74.01009142398834,40.70463161231409],[-74.01009142398834,40.70461941231285],[-74.01008069515228,40.70461127897742]]]}},{"type":"Feature","properties":{"id":"38c36cac-e59d-44df-a6ea-027d8d0ea212","height":112.8,"subtype":"commercial","class":"office"},"geometry":{"type":"Polygon","coordinates":[[[-74.01131987571716,40.706359923240804],[-74.01113212108612,40.70665271500207],[-74.01136815547943,40.706754378507],[-74.01134669780731,40.7067869107958],[-74.01158809661865,40.70688044103756],[-74.01178121566772,40.706559184440465],[-74.01131987571716,40.706359923240804]]]}},{"type":"Feature","properties":{"id":"e003ffbd-f710-4e1a-8699-11e91addd5e5","height":17.6,"subtype":null,"class":null},"geometry":{"type":"Polygon","coordinates":[[[-74.00543510913849,40.70828744534484],[-74.00539219379425,40.70824271445154],[-74.00523126125336,40.708307777559114],[-74.00555312633514,40.70862089287529],[-74.00562286376953,40.70858022863169],[-74.00544047355652,40.708405372101325],[-74.00551557540894,40.708364707726105],[-74.00543510913849,40.70828744534484]]]}},{"type":"Feature","properties":{"id":"3cf9d0b6-da23-4cf1-a365-fdb183bad8d0","height":18,"subtype":null,"class":null},"geometry":{"type":"Polygon","coordinates":[[[-74.00387942790985,40.70740095476599],[-74.00387406349182,40.70738875527203],[-74.00386333465576,40.70738468877355],[-74.00384724140167,40.70738468877355],[-74.00384187698364,40.70740095476599],[-74.00384187698364,40.70740908776071],[-74.00386333465576,40.70741722075444],[-74.00387406349182,40.707413154257694],[-74.00387942790985,40.70740095476599]]]}},{"type":"Feature","properties":{"id":"a95ba70e-b60d-4e67-8c90-5a7e4ea07354","height":12,"subtype":null,"class":null},"geometry":{"type":"Polygon","coordinates":[[[-74.00926530361176,40.70159780985408],[-74.00928139686584,40.70162221096131],[-74.00933504104614,40.70160187670591],[-74.00930285453796,40.70155714132217],[-74.00932967662811,40.701540873902466],[-74.00921165943146,40.70138633321707],[-74.00917947292328,40.701398533810526],[-74.00915801525116,40.70137413262136],[-74.00906682014465,40.70141886812801],[-74.00908827781677,40.701443269300775],[-74.00901317596436,40.7014758041839],[-74.00912582874298,40.701630344661716],[-74.0092009305954,40.70159780985408],[-74.00921702384949,40.701618144110704],[-74.00926530361176,40.70159780985408]]]}},{"type":"Feature","properties":{"id":"386b00c7-e5cc-484d-bed3-ccbb159b5409","height":4,"subtype":"entertainment","class":null},"geometry":{"type":"Polygon","coordinates":[[[-74.01295065879822,40.711629977993276],[-74.01303112506866,40.711642176710264],[-74.01313304901123,40.711544586911884],[-74.01299893856049,40.71152018943996],[-74.01300966739655,40.711483593215284],[-74.01287019252777,40.71141853321065],[-74.01246786117554,40.71126808170647],[-74.01234984397888,40.71158524934526],[-74.01257514953613,40.71159744807042],[-74.01277363300323,40.71159744807042],[-74.01295065879822,40.711629977993276]]]}},{"type":"Feature","properties":{"id":"34f94a7e-b9f8-4aee-a279-208c09e0975f","height":19.2,"subtype":null,"class":null},"geometry":{"type":"Polygon","coordinates":[[[-74.01243567466736,40.70380607385548],[-74.01241958141327,40.703643404972134],[-74.01232302188873,40.70363933824496],[-74.01234447956085,40.70379794042075],[-74.01243567466736,40.70380607385548]]]}},{"type":"Feature","properties":{"id":"2f2f5083-eafb-48a3-ab5c-77fff4875610","height":18,"subtype":null,"class":null},"geometry":{"type":"Polygon","coordinates":[[[-74.00698006153107,40.71080859257571],[-74.00676548480988,40.71065407339454],[-74.0067332983017,40.71068253748116],[-74.00692641735077,40.710849255458534],[-74.00698006153107,40.71080859257571]]]}},{"type":"Feature","properties":{"id":"642f1240-9193-43d3-b789-42f8491c9d21","height":20.9,"subtype":null,"class":null},"geometry":{"type":"Polygon","coordinates":[[[-74.0092921257019,40.70934471225635],[-74.00936722755432,40.709259318244364],[-74.0092545747757,40.70920238884217],[-74.0092009305954,40.709259318244364],[-74.0092921257019,40.70934471225635]]]}},{"type":"Feature","properties":{"id":"9620f17a-346e-43f7-a5ef-42edc2143d28","height":97,"subtype":null,"class":null},"geometry":{"type":"Polygon","coordinates":[[[-74.00861620903015,40.70416394400039],[-74.0083372592926,40.703928075257274],[-74.00787055492401,40.70424121116562],[-74.00814950466156,40.70448114547581],[-74.00861620903015,40.70416394400039]]]}},{"type":"Feature","properties":{"id":"31662505-aa01-4160-ae89-1a78a1c2e843","height":85,"subtype":null,"class":null},"geometry":{"type":"Polygon","coordinates":[[[-74.01648581027985,40.70775880559432],[-74.01647508144379,40.70775473911842],[-74.01638925075531,40.70787673328693],[-74.01655554771423,40.707949929680765],[-74.01679158210754,40.70762461175903],[-74.01677012443542,40.707616478790634],[-74.01680767536163,40.70756361447179],[-74.01682913303375,40.70757174744664],[-74.01689887046814,40.70747821817577],[-74.01672720909119,40.70740502126347],[-74.0167111158371,40.70742942024319],[-74.01657700538635,40.70737248927663],[-74.01643753051758,40.70772220730242],[-74.0164965391159,40.70774660616591],[-74.01648581027985,40.70775880559432]]]}},{"type":"Feature","properties":{"id":"c9eaa255-af2b-47ef-894f-d42fe98757d2","height":15.1,"subtype":null,"class":null},"geometry":{"type":"Polygon","coordinates":[[[-74.01052057743073,40.70417207739042],[-74.01037037372589,40.70397280904861],[-74.01029527187347,40.70402974292138],[-74.01045620441437,40.704200544247726],[-74.01052057743073,40.70417207739042]]]}},{"type":"Feature","properties":{"id":"c044c2f4-2926-4d87-952e-1de1fe2b8542","height":3,"subtype":null,"class":null},"geometry":{"type":"Polygon","coordinates":[[[-74.00527954101562,40.71244728708914],[-74.0053117275238,40.712467618033294],[-74.0053278207779,40.71244728708914],[-74.00529563426971,40.71242695613877],[-74.00527954101562,40.71244728708914]]]}},{"type":"Feature","properties":{"id":"de0f0452-ad96-490c-b63d-842c53c62815","height":77.5,"subtype":"commercial","class":"hotel"},"geometry":{"type":"Polygon","coordinates":[[[-74.00723218917847,40.70551407314405],[-74.00720536708832,40.70549780669076],[-74.00709807872772,40.705579138917514],[-74.00726437568665,40.70568080406128],[-74.00736629962921,40.705595405350955],[-74.00723218917847,40.70551407314405]]]}},{"type":"Feature","properties":{"id":"c3139989-a5a3-4010-9b1e-0e5898eabb9f","height":20.4,"subtype":null,"class":null},"geometry":{"type":"Polygon","coordinates":[[[-74.01033282279968,40.71010918710457],[-74.01001632213593,40.7099668653243],[-74.00996804237366,40.71002379407291],[-74.01028454303741,40.710170182060146],[-74.01033282279968,40.71010918710457]]]}},{"type":"Feature","properties":{"id":"358e3cea-1395-40ad-93ec-5f0bc4ac42ef","height":18.4,"subtype":"service","class":"service"},"geometry":{"type":"Polygon","coordinates":[[[-74.00420129299164,40.70825491378907],[-74.00404572486877,40.70832404332609],[-74.00423347949982,40.708551763646405],[-74.00438904762268,40.70848263434577],[-74.00420129299164,40.70825491378907]]]}},{"type":"Feature","properties":{"id":"72ebb3fc-b588-48be-b87a-b057e36ef9c1","height":19,"subtype":"residential","class":"apartments"},"geometry":{"type":"Polygon","coordinates":[[[-74.01377141475677,40.70852736507791],[-74.01350319385529,40.70845823575194],[-74.0134710073471,40.708531431506614],[-74.01375532150269,40.708600560756594],[-74.01378750801086,40.70852736507791],[-74.01377141475677,40.70852736507791]]]}},{"type":"Feature","properties":{"id":"28b4c88f-5f66-4fef-9c7d-6a736a23459c","height":5,"subtype":null,"class":null},"geometry":{"type":"Polygon","coordinates":[[[-74.01113212108612,40.71014578408463],[-74.01112139225006,40.71013358509351],[-74.01109993457794,40.71012951876264],[-74.01108920574188,40.71013765142413],[-74.01108384132385,40.71014985041451],[-74.01108920574188,40.71016204940263],[-74.011110663414,40.710170182060146],[-74.01113212108612,40.71015798307351],[-74.01113212108612,40.71014578408463]]]}},{"type":"Feature","properties":{"id":"b16f1241-bacc-4dd4-8abe-94a5760e360a","height":66.6,"subtype":null,"class":null},"geometry":{"type":"Polygon","coordinates":[[[-74.00605201721191,40.71124775039606],[-74.0060144662857,40.71127214796783],[-74.00613248348236,40.711394135692544],[-74.00635778903961,40.71123961787016],[-74.00620758533478,40.711093232233985],[-74.00601983070374,40.71121928655104],[-74.00605201721191,40.71124775039606]]]}},{"type":"Feature","properties":{"id":"b7981317-4770-4725-a42b-d1d3c918e584","height":167.8,"subtype":"residential","class":"apartments"},"geometry":{"type":"Polygon","coordinates":[[[-74.00693714618683,40.70719762957503],[-74.00697469711304,40.707226095139134],[-74.00671184062958,40.70742535374719],[-74.00674402713776,40.707449752719434],[-74.00666892528534,40.70750668361995],[-74.00679767131805,40.70760427933615],[-74.00729656219482,40.70723016164729],[-74.00709271430969,40.70707563416247],[-74.00693714618683,40.70719762957503]]]}},{"type":"Feature","properties":{"id":"4c4cebeb-149f-43e4-8fca-ec86b3d5a647","height":3,"subtype":null,"class":null},"geometry":{"type":"Polygon","coordinates":[[[-74.00652945041656,40.71257740502444],[-74.00656700134277,40.71259773592886],[-74.00659382343292,40.71256927266093],[-74.00655627250671,40.71254894174782],[-74.00652945041656,40.71257740502444]]]}},{"type":"Feature","properties":{"id":"ba51bf33-323f-40fe-a06b-8effc75b21ec","height":86,"subtype":null,"class":null},"geometry":{"type":"Polygon","coordinates":[[[-74.01195287704468,40.709055998727365],[-74.01110529899597,40.708677822774604],[-74.01099264621735,40.70882014730993],[-74.01184022426605,40.70919832245445],[-74.01195287704468,40.709055998727365]]]}},{"type":"Feature","properties":{"id":"45e978b7-dc81-41ed-a37f-ba9af19a788d","height":36,"subtype":"commercial","class":"office"},"geometry":{"type":"Polygon","coordinates":[[[-74.01029527187347,40.712252109709425],[-74.0102469921112,40.712231778699454],[-74.00987148284912,40.712711588878896],[-74.01096045970917,40.71320766017478],[-74.01143252849579,40.71277258145062],[-74.01029527187347,40.712252109709425]]]}},{"type":"Feature","properties":{"id":"0548453e-6558-40e1-8cf2-3397193552bd","height":17,"subtype":null,"class":null},"geometry":{"type":"Polygon","coordinates":[[[-74.01055812835693,40.70453401224152],[-74.0104079246521,40.70434287835176],[-74.01033818721771,40.704387611864476],[-74.01050448417664,40.70456654561493],[-74.01055812835693,40.70453401224152]]]}},{"type":"Feature","properties":{"id":"4639261e-a10c-432a-9046-b44655d95e06","height":17.5,"subtype":null,"class":null},"geometry":{"type":"Polygon","coordinates":[[[-74.01044547557831,40.70364747169906],[-74.01033818721771,40.70355800364933],[-74.01027917861938,40.70359460422965],[-74.01031136512756,40.70362307133377],[-74.01033282279968,40.70361087114779],[-74.01040256023407,40.703675938780584],[-74.01044547557831,40.70364747169906]]]}},{"type":"Feature","properties":{"id":"1c261238-451f-4bfc-a5fe-008d389976e2","height":26.8,"subtype":null,"class":null},"geometry":{"type":"Polygon","coordinates":[[[-74.00257050991058,40.718387724853294],[-74.00203943252563,40.71812751143904],[-74.00198578834534,40.718192564887964],[-74.00251686573029,40.718452778047926],[-74.00257050991058,40.718387724853294]]]}},{"type":"Feature","properties":{"id":"f286ab7d-1832-4717-b186-f16c0965511a","height":21.6,"subtype":"residential","class":"apartments"},"geometry":{"type":"Polygon","coordinates":[[[-74.0026992559433,40.71747697345342],[-74.00266706943512,40.717517632263764],[-74.00311231613159,40.71773718941052],[-74.00316596031189,40.71767620138684],[-74.00271534919739,40.717460709922314],[-74.0026992559433,40.71747697345342]]]}},{"type":"Feature","properties":{"id":"cd8581b0-5c81-4f3c-90ef-7ccf01443922","height":4.7,"subtype":"commercial","class":"retail"},"geometry":{"type":"Polygon","coordinates":[[[-74.00038182735443,40.71792015314634],[-74.00035500526428,40.71790388972353],[-74.00022089481354,40.718013667750455],[-74.0002852678299,40.71805839207991],[-74.00042474269867,40.717944548273124],[-74.00038182735443,40.71792015314634]]]}},{"type":"Feature","properties":{"id":"06279729-e81f-4ce6-87d1-9ebacfe95b51","height":62.7,"subtype":null,"class":null},"geometry":{"type":"Polygon","coordinates":[[[-74.00306940078735,40.71865200306101],[-74.00308549404144,40.718635739817],[-74.0028065443039,40.71850969954108],[-74.00270998477936,40.71862760819348],[-74.00310158729553,40.718806503681094],[-74.00327324867249,40.71858695006107],[-74.00324642658234,40.71857475261651],[-74.00326251983643,40.718558489353605],[-74.00323569774628,40.71854629190383],[-74.00321960449219,40.718562555169704],[-74.0032035112381,40.71855442353726],[-74.00311231613159,40.71866826630107],[-74.00306940078735,40.71865200306101]]]}},{"type":"Feature","properties":{"id":"5a1fff1a-adab-458a-a7a6-753a95128869","subtype":null,"class":null},"geometry":{"type":"Polygon","coordinates":[[[-74.00015652179718,40.71804212869086],[-74.0001779794693,40.71802586529784],[-74.00014042854309,40.71800147020085],[-74.000124335289,40.71801773359982],[-74.00015652179718,40.71804212869086]]]}},{"type":"Feature","properties":{"id":"49acd79c-3862-4826-9e5d-684c546961b0","height":26.5,"subtype":null,"class":null},"geometry":{"type":"Polygon","coordinates":[[[-74.00256514549255,40.71737939220727],[-74.00240957736969,40.71730620617879],[-74.00221645832062,40.71753796165963],[-74.00236666202545,40.71761114743332],[-74.00256514549255,40.71737939220727]]]}},{"type":"Feature","properties":{"id":"521cfcc8-7961-4f27-b617-e5f8486efadc","height":24.5,"subtype":null,"class":null},"geometry":{"type":"Polygon","coordinates":[[[-74.00302112102509,40.718253552438576],[-74.00290846824646,40.71839179067982],[-74.00316596031189,40.71850969954108],[-74.00319814682007,40.71846904133663],[-74.00315523147583,40.718448712225126],[-74.00323033332825,40.71835113240336],[-74.00302112102509,40.718253552438576]]]}},{"type":"Feature","properties":{"id":"a63fdde3-4d08-4d2f-88bb-948a2426515c","height":23.9,"subtype":null,"class":null},"geometry":{"type":"Polygon","coordinates":[[[-74.00335371494293,40.71861947656899],[-74.00327861309052,40.718582884246466],[-74.00310158729553,40.718806503681094],[-74.00317668914795,40.71883903008174],[-74.00335371494293,40.71861947656899]]]}},{"type":"Feature","properties":{"id":"eba0df84-b56f-4ca8-877d-a45aaa793c38","height":22.3,"subtype":null,"class":null},"geometry":{"type":"Polygon","coordinates":[[[-74.00276899337769,40.71958713291002],[-74.00266706943512,40.719534278094905],[-74.00254905223846,40.7196806451724],[-74.002645611763,40.71974569710355],[-74.00276899337769,40.71958713291002]]]}},{"type":"Feature","properties":{"id":"116fac4f-a329-4ff0-93cc-0a0f248a8f04","height":22.5,"subtype":null,"class":null},"geometry":{"type":"Polygon","coordinates":[[[-74.0012776851654,40.71846497551483],[-74.00120794773102,40.71841618563378],[-74.00100946426392,40.71857475261651],[-74.0010792016983,40.71862354238136],[-74.0012776851654,40.71846497551483]]]}},{"type":"Feature","properties":{"id":"ef993039-cc78-401f-9409-e394085398da","height":30.144315719604492,"subtype":"civic","class":"government"},"geometry":{"type":"Polygon","coordinates":[[[-74.00293529033661,40.7164239016149],[-74.00266706943512,40.716289725242156],[-74.00228083133698,40.716749176547665],[-74.0028065443039,40.71700532943863],[-74.00319814682007,40.71654994583995],[-74.00293529033661,40.7164239016149]]]}},{"type":"Feature","properties":{"id":"31f4b9fe-cc11-411e-952c-24b00fa32005","height":37.8,"subtype":null,"class":null},"geometry":{"type":"Polygon","coordinates":[[[-74.00174975395203,40.71894880656657],[-74.00162637233734,40.71889188544889],[-74.00155663490295,40.718977267107164],[-74.00186777114868,40.719200885216964],[-74.00193750858307,40.71912363540942],[-74.00170147418976,40.719017925001175],[-74.00174975395203,40.71894880656657]]]}},{"type":"Feature","properties":{"id":"5c8a48e0-feec-4cd4-b74f-cdce4f2eafa4","height":8.3,"subtype":null,"class":null},"geometry":{"type":"Polygon","coordinates":[[[-74.00284945964813,40.71972943412673],[-74.00281727313995,40.71971317114592],[-74.0027368068695,40.71981074897111],[-74.00296211242676,40.71997337836191],[-74.0030425786972,40.719867669303085],[-74.00292992591858,40.719818880450084],[-74.00294601917267,40.71979855175079],[-74.00283336639404,40.71974569710355],[-74.00284945964813,40.71972943412673]]]}},{"type":"Feature","properties":{"id":"5e528878-d040-437d-9e23-6292a7dbce9e","height":23.8,"subtype":null,"class":null},"geometry":{"type":"Polygon","coordinates":[[[-74.00326788425446,40.71982294618921],[-74.00318741798401,40.719790420269334],[-74.00301575660706,40.720009969920085],[-74.00308012962341,40.72005875863301],[-74.00326788425446,40.71982294618921]]]}},{"type":"Feature","properties":{"id":"17a1dd25-49b2-4c42-a879-30def96f1adb","height":26.7,"subtype":null,"class":null},"geometry":{"type":"Polygon","coordinates":[[[-74.00213062763214,40.71765993790442],[-74.00189459323883,40.717940482419294],[-74.0020340681076,40.718005536050974],[-74.00226473808289,40.71772499181026],[-74.00213062763214,40.71765993790442]]]}},{"type":"Feature","properties":{"id":"f1e9c107-d43b-442c-a6ed-32a02aac05ec","height":12.1,"subtype":null,"class":null},"geometry":{"type":"Polygon","coordinates":[[[-74.0032947063446,40.71938791069556],[-74.00321960449219,40.71935538456312],[-74.00305330753326,40.71956273838517],[-74.00312840938568,40.71959933016908],[-74.0032947063446,40.71938791069556]]]}},{"type":"Feature","properties":{"id":"9d19e75d-6e0d-4126-8556-768e368522cf","height":31.4,"subtype":null,"class":null},"geometry":{"type":"Polygon","coordinates":[[[-74.00161564350128,40.718135643123624],[-74.00172293186188,40.718184433210325],[-74.0018892288208,40.717989272649014],[-74.0017980337143,40.717944548273124],[-74.00177657604218,40.717944548273124],[-74.00161564350128,40.718135643123624]]]}},{"type":"Feature","properties":{"id":"4bb760be-aadf-496e-a13d-9378fefc421d","height":3.6,"subtype":null,"class":null},"geometry":{"type":"Polygon","coordinates":[[[-74.00262415409088,40.71469178583414],[-74.00268852710724,40.71472431424522],[-74.00272607803345,40.71467958767588],[-74.00266706943512,40.71464705924295],[-74.00262415409088,40.71469178583414]]]}},{"type":"Feature","properties":{"id":"0577374c-2bb6-4c87-a150-89af2873f723","height":30.8,"subtype":null,"class":null},"geometry":{"type":"Polygon","coordinates":[[[-74.00154054164886,40.718103116379304],[-74.00161564350128,40.718135643123624],[-74.00176048278809,40.71796487753862],[-74.00168538093567,40.71793235071086],[-74.00154054164886,40.718103116379304]]]}},{"type":"Feature","properties":{"id":"a287b3fe-280a-418c-84d3-dafb8c487f30","height":21.8,"subtype":null,"class":null},"geometry":{"type":"Polygon","coordinates":[[[-74.00097727775574,40.71831047410209],[-74.00101482868195,40.71827794744319],[-74.00091290473938,40.718221025751866],[-74.00075197219849,40.71839179067982],[-74.00100946426392,40.71857475261651],[-74.00122404098511,40.718403988157895],[-74.00114893913269,40.71836332988892],[-74.00110602378845,40.718399922332125],[-74.00105237960815,40.71836332988892],[-74.00107383728027,40.718359264060645],[-74.00110065937042,40.71833893491559],[-74.00105237960815,40.7183064082706],[-74.001025557518,40.71832673742559],[-74.001025557518,40.718343000745094],[-74.00097727775574,40.71831047410209]]]}},{"type":"Feature","properties":{"id":"090baf20-2fcc-4a8e-bfe9-7c38823485ac","height":26.6,"subtype":null,"class":null},"geometry":{"type":"Polygon","coordinates":[[[-73.99945914745331,40.71748103933557],[-73.99975419044495,40.71769246486529],[-73.99984538555145,40.717546093416225],[-73.99950206279755,40.71742005107721],[-73.99945914745331,40.71748103933557]]]}},{"type":"Feature","properties":{"id":"0d1bf1f7-62fb-41fd-9174-75446e7ad97e","height":6.7,"subtype":"commercial","class":"commercial"},"geometry":{"type":"Polygon","coordinates":[[[-74.00054275989532,40.71799740435049],[-74.00049448013306,40.717977075094936],[-74.00034427642822,40.718103116379304],[-74.00053203105927,40.71823728909722],[-74.00068759918213,40.71806245792655],[-74.00054275989532,40.71799740435049]]]}},{"type":"Feature","properties":{"id":"c9cf9018-0c6b-485b-b2ec-e927614b3808","height":23.6,"subtype":null,"class":null},"geometry":{"type":"Polygon","coordinates":[[[-74.0035092830658,40.718322671595075],[-74.00336444377899,40.7182576182733],[-74.00317668914795,40.71849750208235],[-74.00331616401672,40.718562555169704],[-74.0035092830658,40.718322671595075]]]}},{"type":"Feature","properties":{"id":"603e5778-cdd5-41ad-a1d3-fec0f759101e","subtype":null,"class":null},"geometry":{"type":"Polygon","coordinates":[[[-73.99955570697784,40.717615213307276],[-73.99958789348602,40.7176396085458],[-73.99960398674011,40.71762741092766],[-73.99957180023193,40.71760301568466],[-73.99955570697784,40.717615213307276]]]}},{"type":"Feature","properties":{"id":"801e659c-76dc-4338-a52f-154ba7bb10ad","height":25.4,"subtype":null,"class":null},"geometry":{"type":"Polygon","coordinates":[[[-74.00342345237732,40.719896129450824],[-74.00326788425446,40.71982294618921],[-74.00308012962341,40.72005875863301],[-74.00321424007416,40.72015227023285],[-74.00342345237732,40.719896129450824]]]}},{"type":"Feature","properties":{"id":"5e1d01b2-8bcb-4a4b-83b1-2e3b673f8d2e","height":22.1,"subtype":null,"class":null},"geometry":{"type":"Polygon","coordinates":[[[-74.00140643119812,40.71855442353726],[-74.0012776851654,40.71846497551483],[-74.0010792016983,40.71862354238136],[-74.00120794773102,40.71871705599738],[-74.00140643119812,40.71855442353726]]]}},{"type":"Feature","properties":{"id":"a2048053-2ce3-4ba2-b02a-94716ae2603e","height":24.1,"subtype":null,"class":null},"geometry":{"type":"Polygon","coordinates":[[[-74.00170683860779,40.717907955579605],[-74.0016371011734,40.71787136286597],[-74.00147080421448,40.71806652377294],[-74.00154054164886,40.718103116379304],[-74.00170683860779,40.717907955579605]]]}},{"type":"Feature","properties":{"id":"aa722a64-2503-457d-a908-e1da33495e35","subtype":null,"class":null},"geometry":{"type":"Polygon","coordinates":[[[-74.00080561637878,40.717082581704375],[-74.0008270740509,40.7170907135166],[-74.00084316730499,40.71706225216944],[-74.00082170963287,40.71705412035374],[-74.00080561637878,40.717082581704375]]]}},{"type":"Feature","properties":{"id":"71a6af74-856e-466a-89c9-7a05ca25f301","height":26,"subtype":null,"class":null},"geometry":{"type":"Polygon","coordinates":[[[-74.00258660316467,40.717391589870864],[-74.00256514549255,40.71737939220727],[-74.00236666202545,40.71761114743332],[-74.00244176387787,40.71764774028999],[-74.00263488292694,40.71741598519134],[-74.00258660316467,40.717391589870864]]]}},{"type":"Feature","properties":{"id":"479e487e-9ca2-46df-b712-d9b7b02da30c","height":22.9,"subtype":"civic","class":"fire_station"},"geometry":{"type":"Polygon","coordinates":[[[-74.001384973526,40.71729400849956],[-74.00105237960815,40.71712730665934],[-74.00091290473938,40.717330601530556],[-74.00098264217377,40.71736312865234],[-74.00099873542786,40.717338733312495],[-74.00122940540314,40.71746477580546],[-74.001384973526,40.71730620617879],[-74.001384973526,40.71729400849956]]]}},{"type":"Feature","properties":{"id":"03b30a90-8201-40dc-94e4-ef94754dbb3a","height":13.7,"subtype":null,"class":null},"geometry":{"type":"Polygon","coordinates":[[[-74.00225400924683,40.71875364824617],[-74.00196969509125,40.71862760819348],[-74.00191605091095,40.7186926611537],[-74.0021950006485,40.71881870108321],[-74.00225400924683,40.71875364824617]]]}},{"type":"Feature","properties":{"id":"21686776-ecdc-45c4-908f-9472f2664ca8","height":13.5,"subtype":null,"class":null},"geometry":{"type":"Polygon","coordinates":[[[-74.00045692920685,40.71796081168602],[-74.00042474269867,40.717944548273124],[-74.0002852678299,40.71805839207991],[-74.00034427642822,40.718103116379304],[-74.00049448013306,40.717977075094936],[-74.00045692920685,40.71796081168602]]]}},{"type":"Feature","properties":{"id":"39dbf2fc-3e8b-4262-8911-3b4aac9b198c","height":61.4,"subtype":null,"class":null},"geometry":{"type":"Polygon","coordinates":[[[-74.00260806083679,40.71707038398415],[-74.00246322154999,40.71700126352743],[-74.00231301784515,40.71717609748506],[-74.0025383234024,40.71728587671216],[-74.00268316268921,40.71711917485158],[-74.00260269641876,40.71707851579789],[-74.00260806083679,40.71707038398415]]]}},{"type":"Feature","properties":{"id":"de37e924-03d5-4a55-8b76-43832f33d72e","height":16.2,"subtype":null,"class":null},"geometry":{"type":"Polygon","coordinates":[[[-74.00216281414032,40.71927406916248],[-74.00209307670593,40.71935538456312],[-74.00243103504181,40.719595264416306],[-74.0025383234024,40.719465160196435],[-74.00216281414032,40.71927406916248]]]}},{"type":"Feature","properties":{"id":"e202f1eb-4a75-43dc-852a-e458d809aa35","height":27.2,"subtype":null,"class":null},"geometry":{"type":"Polygon","coordinates":[[[-74.0020340681076,40.718005536050974],[-74.00191605091095,40.717952679980066],[-74.00172293186188,40.718184433210325],[-74.0018355846405,40.71823728909722],[-74.0020340681076,40.718005536050974]]]}},{"type":"Feature","properties":{"id":"22a9d64d-4e7b-492f-80a2-ea1a375a7bb4","height":25.4,"subtype":null,"class":null},"geometry":{"type":"Polygon","coordinates":[[[-74.00350391864777,40.71950988355069],[-74.00335907936096,40.719444831389104],[-74.00320887565613,40.71963592193286],[-74.00335371494293,40.71970097390772],[-74.00350391864777,40.71950988355069]]]}},{"type":"Feature","properties":{"id":"cd9a0400-d0f1-4e63-a727-cede4cf74df2","height":23.4,"subtype":null,"class":null},"geometry":{"type":"Polygon","coordinates":[[[-74.00262951850891,40.718322671595075],[-74.00209307670593,40.71806245792655],[-74.00203943252563,40.71812751143904],[-74.00257050991058,40.718387724853294],[-74.00262951850891,40.718322671595075]]]}},{"type":"Feature","properties":{"id":"d5656a19-96ab-4136-b070-4f39742a1c45","height":25.5,"subtype":"medical","class":null},"geometry":{"type":"Polygon","coordinates":[[[-74.00153517723083,40.71857881843162],[-74.00144398212433,40.71852596281588],[-74.00120794773102,40.71871705599738],[-74.00134205818176,40.718810569482045],[-74.00153517723083,40.71857881843162]]]}},{"type":"Feature","properties":{"id":"49564b2d-034d-492f-bded-27b8f237c933","height":3,"subtype":null,"class":null},"geometry":{"type":"Polygon","coordinates":[[[-74.0002852678299,40.71405341255032],[-74.00026381015778,40.71408594127329],[-74.0002852678299,40.71409407345154],[-74.00030672550201,40.71406561082328],[-74.0002852678299,40.71405341255032]]]}},{"type":"Feature","properties":{"id":"f8878ea8-656e-4c15-a66e-0ebc7710cf0f","height":33.01591491699219,"subtype":"civic","class":"government"},"geometry":{"type":"Polygon","coordinates":[[[-74.00127232074738,40.71658247334316],[-74.00098264217377,40.71692401116734],[-74.00149762630463,40.71717609748506],[-74.00187849998474,40.71672071505451],[-74.00136351585388,40.716472692956145],[-74.00127232074738,40.71658247334316]]]}},{"type":"Feature","properties":{"id":"40493044-acb0-4b25-bc8f-47f2ce5bd671","height":23.7,"subtype":null,"class":null},"geometry":{"type":"Polygon","coordinates":[[[-74.00341272354126,40.71910737228061],[-74.0032410621643,40.71903012236455],[-74.0030586719513,40.719261871843806],[-74.00323033332825,40.71934318725936],[-74.00341272354126,40.71910737228061]]]}},{"type":"Feature","properties":{"id":"dd4825d4-de98-436b-8515-37e2bf462adc","height":3,"subtype":null,"class":null},"geometry":{"type":"Polygon","coordinates":[[[-74.00247395038605,40.71417132909548],[-74.00249004364014,40.714179461263306],[-74.0025007724762,40.71417132909548],[-74.0024846792221,40.71416319692665],[-74.00247395038605,40.71417132909548]]]}},{"type":"Feature","properties":{"id":"d485fbfc-638a-4e14-b162-43a1ffc2fd26","height":23.2,"subtype":null,"class":null},"geometry":{"type":"Polygon","coordinates":[[[-74.00268316268921,40.7182576182733],[-74.00214672088623,40.71799740435049],[-74.00209307670593,40.71806245792655],[-74.00262951850891,40.718322671595075],[-74.00268316268921,40.7182576182733]]]}},{"type":"Feature","properties":{"id":"6e4aadd3-7285-413e-a52b-dc5b97bb4051","height":24.3,"subtype":null,"class":null},"geometry":{"type":"Polygon","coordinates":[[[-74.00288164615631,40.71801773359982],[-74.00234520435333,40.71775751873934],[-74.00228083133698,40.71783883599252],[-74.00281727313995,40.718099050535145],[-74.00288164615631,40.71801773359982]]]}},{"type":"Feature","properties":{"id":"f4e1d36d-be00-4f5e-aa89-a1eb7a9ae023","height":11,"subtype":null,"class":null},"geometry":{"type":"Polygon","coordinates":[[[-74.00159955024719,40.7177453211428],[-74.00164246559143,40.71776565046912],[-74.00162100791931,40.71778597978925],[-74.00168538093567,40.71781444082699],[-74.00191068649292,40.71755422517184],[-74.00176048278809,40.71748103933557],[-74.00159955024719,40.7176721355166],[-74.00164783000946,40.71769246486529],[-74.00159955024719,40.7177453211428]]]}},{"type":"Feature","properties":{"id":"cfed0fc0-a699-444f-be31-dc1c7fbabcd8","height":20,"subtype":"civic","class":"government"},"geometry":{"type":"Polygon","coordinates":[[[-74.00227546691895,40.71326865229207],[-74.00220572948456,40.71328491684724],[-74.00221109390259,40.71330524753563],[-74.00217354297638,40.71334590889376],[-74.00221109390259,40.71337030569673],[-74.00216817855835,40.71341096701516],[-74.00201797485352,40.713321512081876],[-74.00198578834534,40.71336217343008],[-74.00195360183716,40.71334590889376],[-74.00193214416504,40.71337030569673],[-74.00184094905853,40.71336217343008],[-74.00177657604218,40.71337843796242],[-74.001744389534,40.71339876862223],[-74.00171220302582,40.713427231535555],[-74.0016907453537,40.713471958946215],[-74.00168538093567,40.713524818574584],[-74.00171220302582,40.7135817442813],[-74.00168538093567,40.71361020711641],[-74.00170683860779,40.71362647158815],[-74.00166928768158,40.71365900051972],[-74.00209307670593,40.713898900899174],[-74.00208234786987,40.71390703310028],[-74.00231301784515,40.71404528036708],[-74.00238275527954,40.71401275162424],[-74.00242030620575,40.71405341255032],[-74.00297820568085,40.71374845499957],[-74.00294065475464,40.71370372777466],[-74.003005027771,40.71367119886495],[-74.00294065475464,40.71344349605201],[-74.0025919675827,40.71352888469811],[-74.0025544166565,40.713488223451705],[-74.00242030620575,40.713557347555806],[-74.00238811969757,40.71354108306719],[-74.00227546691895,40.71326865229207]]]}},{"type":"Feature","properties":{"id":"9f4855d2-fb4a-4dc4-a53a-7e796baab78a","subtype":null,"class":null},"geometry":{"type":"Polygon","coordinates":[[[-73.99990975856781,40.717875428724035],[-73.9999258518219,40.71785916529027],[-73.99989902973175,40.71783883599252],[-73.99988293647766,40.71785509943122],[-73.99990975856781,40.717875428724035]]]}},{"type":"Feature","properties":{"id":"0b3f445c-8e94-4d0f-bdf6-edc6f17cd967","height":19.4,"subtype":null,"class":null},"geometry":{"type":"Polygon","coordinates":[[[-74.00197505950928,40.71758268630866],[-74.00191068649292,40.71755422517184],[-74.00168538093567,40.71781444082699],[-74.00174975395203,40.71784696771237],[-74.00197505950928,40.71758268630866]]]}},{"type":"Feature","properties":{"id":"3f761bc5-22c2-4759-b924-1e8660366c06","height":15.3,"subtype":null,"class":null},"geometry":{"type":"Polygon","coordinates":[[[-74.00148153305054,40.7189203460138],[-74.0015298128128,40.718851227477884],[-74.00145471096039,40.718814635282754],[-74.00141179561615,40.71887155646648],[-74.00148153305054,40.7189203460138]]]}},{"type":"Feature","properties":{"id":"aa6416a6-5a0f-4bef-9391-a7c224ec2c83","height":78.5,"subtype":"residential","class":"dormitory"},"geometry":{"type":"Polygon","coordinates":[[[-74.00217890739441,40.71706225216944],[-74.00213599205017,40.71710697713809],[-74.00198578834534,40.71703379081012],[-74.00174975395203,40.71731027207137],[-74.00205552577972,40.717456644038926],[-74.00221109390259,40.7172736790292],[-74.00218427181244,40.71725741544845],[-74.00225937366486,40.71716796568326],[-74.00229156017303,40.717184229285856],[-74.0024471282959,40.71700126352743],[-74.00222718715668,40.716891483831006],[-74.00210916996002,40.717029724900655],[-74.00217890739441,40.71706225216944]]]}},{"type":"Feature","properties":{"id":"e9f5993b-a052-41fe-8e6d-ee9da97a1475","height":25.5,"subtype":null,"class":null},"geometry":{"type":"Polygon","coordinates":[[[-74.00316059589386,40.71899353026774],[-74.00307476520538,40.71895287235883],[-74.00289237499237,40.71918868788489],[-74.00297820568085,40.71922527987441],[-74.00316059589386,40.71899353026774]]]}},{"type":"Feature","properties":{"id":"96284432-0fd0-441f-ad07-106105100460","height":27.601221084594727,"subtype":"civic","class":"government"},"geometry":{"type":"Polygon","coordinates":[[[-74.00250613689423,40.71547652931823],[-74.00218427181244,40.71532202096977],[-74.00184631347656,40.7157367530946],[-74.00247395038605,40.71603356959775],[-74.00281190872192,40.715622905317595],[-74.00250613689423,40.71547652931823]]]}},{"type":"Feature","properties":{"id":"a10021d1-00db-492a-a3c6-eccf7532ea05","height":71.5,"subtype":null,"class":null},"geometry":{"type":"Polygon","coordinates":[[[-74.0000867843628,40.716488956728604],[-74.00069296360016,40.716749176547665],[-74.00084316730499,40.716545879900934],[-74.00023698806763,40.716285659287244],[-74.0000867843628,40.716488956728604]]]}},{"type":"Feature","properties":{"id":"252d6dc1-edf0-4bf0-a19b-baadc0b03a4d","height":82.8,"subtype":"residential","class":"apartments"},"geometry":{"type":"Polygon","coordinates":[[[-74.00261878967285,40.7176721355166],[-74.00280117988586,40.717761584604354],[-74.0028065443039,40.71775751873934],[-74.0028440952301,40.71777378219791],[-74.00283873081207,40.71777784806195],[-74.00301039218903,40.71785916529027],[-74.00308012962341,40.71777378219791],[-74.00305330753326,40.717761584604354],[-74.00308549404144,40.71772092594301],[-74.00272607803345,40.717546093416225],[-74.00261878967285,40.7176721355166]]]}},{"type":"Feature","properties":{"id":"08e5ad79-95a3-4d2b-bf19-5d39289ce8ea","height":24.1,"subtype":null,"class":null},"geometry":{"type":"Polygon","coordinates":[[[-74.00343418121338,40.7186560688714],[-74.00335371494293,40.71861947656899],[-74.00317668914795,40.71883903008174],[-74.0032571554184,40.718875622263475],[-74.00343418121338,40.7186560688714]]]}},{"type":"Feature","properties":{"id":"6382b356-cc62-4e33-ad7b-93d0209db662","height":30.5,"subtype":"civic","class":"government"},"geometry":{"type":"Polygon","coordinates":[[[-74.00139033794403,40.71494388060431],[-74.00069296360016,40.71461453079412],[-74.0005749464035,40.714756842640405],[-74.00064468383789,40.71513091804276],[-74.00157272815704,40.71557411335356],[-74.00189459323883,40.71518377635406],[-74.00139033794403,40.71494388060431]]]}},{"type":"Feature","properties":{"id":"62e5212e-8ee2-48a2-984c-5327f9749156","height":140,"subtype":"civic","class":"government"},"geometry":{"type":"Polygon","coordinates":[[[-74.0005213022232,40.71356954591968],[-74.00065541267395,40.71363460382253],[-74.00033891201019,40.714004619436054],[-74.00041401386261,40.7140412142751],[-74.00036036968231,40.714102205628805],[-74.00056421756744,40.71420385776084],[-74.00061249732971,40.71414693258603],[-74.00071442127228,40.71419572559597],[-74.00104701519012,40.71381351272759],[-74.00107383728027,40.71382571104452],[-74.00110602378845,40.71378911608703],[-74.0011328458786,40.71380131440842],[-74.00116503238678,40.71378911608703],[-74.00121331214905,40.71374845499957],[-74.00124549865723,40.71368746332179],[-74.00125622749329,40.71365900051972],[-74.00122940540314,40.713646802172235],[-74.00126159191132,40.71361020711641],[-74.00121331214905,40.7135817442813],[-74.00121867656708,40.71356954591968],[-74.0008807182312,40.71339876862223],[-74.00089681148529,40.71337843796242],[-74.0006822347641,40.71324832159251],[-74.00059640407562,40.71326865229207],[-74.00051057338715,40.7135166863268],[-74.00052666664124,40.71352888469811],[-74.00051593780518,40.71354514918971],[-74.00053203105927,40.713557347555806],[-74.0005213022232,40.71356954591968]]]}},{"type":"Feature","properties":{"id":"aef30ff6-158d-49fb-b372-7a461a36d0c7","height":31.1,"subtype":null,"class":null},"geometry":{"type":"Polygon","coordinates":[[[-74.00159418582916,40.718282013276415],[-74.00141716003418,40.71850969954108],[-74.00153517723083,40.71857881843162],[-74.00173366069794,40.718347066574346],[-74.00159418582916,40.718282013276415]]]}},{"type":"Feature","properties":{"id":"d38a7f67-ec5f-4ebe-9916-f5471ed3149d","height":35.3,"subtype":null,"class":null},"geometry":{"type":"Polygon","coordinates":[[[-74.00089144706726,40.71704598853705],[-74.00071978569031,40.717265547239315],[-74.00085926055908,40.717326535639216],[-74.00086998939514,40.71731027207137],[-74.00091290473938,40.717330601530556],[-74.00105237960815,40.71712730665934],[-74.00089144706726,40.71704598853705]]]}},{"type":"Feature","properties":{"id":"30570f5f-bec8-48b4-8674-634706158652","height":25.8,"subtype":null,"class":null},"geometry":{"type":"Polygon","coordinates":[[[-74.00249540805817,40.717338733312495],[-74.0025919675827,40.717383458095384],[-74.00258660316467,40.717391589870864],[-74.00263488292694,40.71741598519134],[-74.00283336639404,40.717184229285856],[-74.00268316268921,40.71711510894734],[-74.00249540805817,40.717338733312495]]]}},{"type":"Feature","properties":{"id":"8ba4db08-5dd7-4753-9612-a85b3306119d","height":35.3,"subtype":null,"class":null},"geometry":{"type":"Polygon","coordinates":[[[-74.00103628635406,40.7176721355166],[-74.00121331214905,40.71748917109913],[-74.00071978569031,40.717265547239315],[-74.00045692920685,40.71760301568466],[-74.0007358789444,40.717733123544015],[-74.00084316730499,40.71760301568466],[-74.00085926055908,40.71761114743332],[-74.00086998939514,40.71759894980996],[-74.00103628635406,40.7176721355166]]]}},{"type":"Feature","properties":{"id":"d9d1aa95-706c-421a-9cd3-f73ed481e8c7","height":25.6,"subtype":"commercial","class":"office"},"geometry":{"type":"Polygon","coordinates":[[[-74.00321424007416,40.717615213307276],[-74.00276362895966,40.717399721645336],[-74.00271534919739,40.717460709922314],[-74.00316596031189,40.71767620138684],[-74.00321424007416,40.717615213307276]]]}},{"type":"Feature","properties":{"id":"86dc8cb6-28b0-4f73-9feb-b6f62a1fadbe","height":27,"subtype":null,"class":null},"geometry":{"type":"Polygon","coordinates":[[[-74.00189459323883,40.717940482419294],[-74.00213062763214,40.71765993790442],[-74.00197505950928,40.71758268630866],[-74.00173366069794,40.71786323114909],[-74.00189459323883,40.717940482419294]]]}},{"type":"Feature","properties":{"id":"227b70b2-0c75-4bbf-bbf5-61941a9527b5","height":18.4,"subtype":null,"class":null},"geometry":{"type":"Polygon","coordinates":[[[-74.00314450263977,40.71931879264512],[-74.0030586719513,40.71928220070701],[-74.0028977394104,40.71948955475704],[-74.00297820568085,40.719530212338164],[-74.00314450263977,40.71931879264512]]]}},{"type":"Feature","properties":{"id":"71f2724f-c115-41f8-9396-08520580fde1","height":8,"subtype":null,"class":null},"geometry":{"type":"Polygon","coordinates":[[[-74.00011360645294,40.71764367441802],[-73.9999258518219,40.71757455455653],[-73.99982392787933,40.71773718941052],[-73.99995803833008,40.7178347701322],[-74.00011360645294,40.71764367441802]]]}},{"type":"Feature","properties":{"id":"dbe9db53-acb5-44ab-92f3-30c3fd70df93","height":12.7,"subtype":null,"class":null},"geometry":{"type":"Polygon","coordinates":[[[-74.00279581546783,40.718989464477964],[-74.00251150131226,40.71885935907407],[-74.00246322154999,40.7189203460138],[-74.00274217128754,40.71905451708456],[-74.00279581546783,40.718989464477964]]]}},{"type":"Feature","properties":{"id":"d2725236-7cbd-4681-a0ba-d11456da8b68","height":105.8,"subtype":null,"class":null},"geometry":{"type":"Polygon","coordinates":[[[-74.00260806083679,40.71874145083214],[-74.00251150131226,40.71885935907407],[-74.00282800197601,40.719001661846555],[-74.00275826454163,40.719091109147854],[-74.00290846824646,40.719164293214035],[-74.00307476520538,40.71895287235883],[-74.00260806083679,40.71874145083214]]]}},{"type":"Feature","properties":{"id":"87b786df-de17-47e8-a7e1-cec86891c985","height":14.6,"subtype":null,"class":null},"geometry":{"type":"Polygon","coordinates":[[[-74.0027368068695,40.71908297757995],[-74.00275826454163,40.719058582870375],[-74.00246322154999,40.7189203460138],[-74.00235056877136,40.71905451708456],[-74.002645611763,40.71919275366249],[-74.0027368068695,40.71908297757995]]]}},{"type":"Feature","properties":{"id":"ed64a523-29da-49ae-b098-9ef7d19f3022","height":22.7,"subtype":null,"class":null},"geometry":{"type":"Polygon","coordinates":[[[-74.00311768054962,40.71814377480724],[-74.00302112102509,40.718253552438576],[-74.00323569774628,40.71835113240336],[-74.00326788425446,40.71831453993333],[-74.00330543518066,40.71833080325584],[-74.00336444377899,40.7182576182733],[-74.00311768054962,40.71814377480724]]]}},{"type":"Feature","properties":{"id":"9d9e42e8-7bb9-45b4-a5a1-d03b98b44cfb","height":48.6,"subtype":null,"class":null},"geometry":{"type":"Polygon","coordinates":[[[-74.00085926055908,40.71761114743332],[-74.00084316730499,40.71760301568466],[-74.0007358789444,40.717733123544015],[-74.00091290473938,40.717810374965204],[-74.00103628635406,40.7176721355166],[-74.00086998939514,40.71759894980996],[-74.00085926055908,40.71761114743332]]]}},{"type":"Feature","properties":{"id":"4fb0b77d-8840-48ec-8d65-bc708b0e4e3f","height":14.1,"subtype":null,"class":null},"geometry":{"type":"Polygon","coordinates":[[[-74.00201797485352,40.718582884246466],[-74.00200724601746,40.71857881843162],[-74.00196969509125,40.71862760819348],[-74.00225400924683,40.71875364824617],[-74.0023022890091,40.7186926611537],[-74.00202870368958,40.718570686801165],[-74.00201797485352,40.718582884246466]]]}},{"type":"Feature","properties":{"id":"fa1a7964-8417-4a24-9cf0-63031fe278bd","height":19.7,"subtype":null,"class":null},"geometry":{"type":"Polygon","coordinates":[[[-74.00238811969757,40.717334667421646],[-74.00222718715668,40.71725741544845],[-74.00205552577972,40.717456644038926],[-74.00221645832062,40.71753796165963],[-74.00238811969757,40.717334667421646]]]}},{"type":"Feature","properties":{"id":"54dc50f3-8a9d-4929-8f8f-79f2f8326156","height":40.2,"subtype":"commercial","class":"hotel"},"geometry":{"type":"Polygon","coordinates":[[[-74.00246322154999,40.71851783117898],[-74.00251686573029,40.718452778047926],[-74.00198578834534,40.718192564887964],[-74.00192141532898,40.71826981577599],[-74.00246322154999,40.71851783117898]]]}},{"type":"Feature","properties":{"id":"a9a8e647-b452-4dbd-9998-5fbf4047dcbe","height":47.4,"subtype":null,"class":null},"geometry":{"type":"Polygon","coordinates":[[[-74.00052666664124,40.71640763782656],[-74.00055885314941,40.7164239016149],[-74.00061786174774,40.7163385166817],[-74.00059103965759,40.716326318825175],[-74.00052666664124,40.71640763782656]]]}},{"type":"Feature","properties":{"id":"5af98600-96fe-4584-b5ef-4fa93e05efdc","height":25.2,"subtype":null,"class":null},"geometry":{"type":"Polygon","coordinates":[[[-74.0016371011734,40.71787136286597],[-74.00156199932098,40.7178347701322],[-74.00139033794403,40.71803399699485],[-74.00147080421448,40.71806652377294],[-74.0016371011734,40.71787136286597]]]}},{"type":"Feature","properties":{"id":"ec859a6d-a94c-4d2f-837f-8a8d387acd4c","height":15.6,"subtype":null,"class":null},"geometry":{"type":"Polygon","coordinates":[[[-74.00162637233734,40.71889188544889],[-74.0015298128128,40.718851227477884],[-74.00148153305054,40.7189203460138],[-74.00155663490295,40.718977267107164],[-74.00162637233734,40.71889188544889]]]}},{"type":"Feature","properties":{"id":"0d4f144e-af56-434a-8f2f-b4bd47637a46","height":28.7,"subtype":null,"class":null},"geometry":{"type":"Polygon","coordinates":[[[-74.0035092830658,40.71868859534554],[-74.00343418121338,40.7186560688714],[-74.0032571554184,40.718875622263475],[-74.00333225727081,40.71891221442508],[-74.0035092830658,40.71868859534554]]]}},{"type":"Feature","properties":{"id":"e88aca08-4155-4911-b411-e11a718d16f2","height":23.8,"subtype":null,"class":null},"geometry":{"type":"Polygon","coordinates":[[[-74.0032410621643,40.71903012236455],[-74.00316059589386,40.71899353026774],[-74.00297820568085,40.71922527987441],[-74.0030586719513,40.719261871843806],[-74.0032410621643,40.71903012236455]]]}},{"type":"Feature","properties":{"id":"130695eb-db8b-434f-acbe-1aba78e078cd","height":10.8,"subtype":null,"class":null},"geometry":{"type":"Polygon","coordinates":[[[-74.0030586719513,40.71928220070701],[-74.00298357009888,40.719245608748786],[-74.00281727313995,40.719452962912776],[-74.0028977394104,40.71948955475704],[-74.0030586719513,40.71928220070701]]]}},{"type":"Feature","properties":{"id":"2dc80d65-0138-4bbb-a0dd-6de1a2b52107","height":44,"subtype":"civic","class":"government"},"geometry":{"type":"Polygon","coordinates":[[[-74.00206625461578,40.71416726301118],[-74.0020340681076,40.71415506475683],[-74.00165319442749,40.71385823987873],[-74.0016371011734,40.713854173775324],[-74.00110065937042,40.71395989238326],[-74.00108456611633,40.7139680245769],[-74.0009343624115,40.714374632993234],[-74.00093972682953,40.71438683120737],[-74.00133669376373,40.71469585188639],[-74.00187313556671,40.71459420050553],[-74.00190532207489,40.71460233262172],[-74.00192141532898,40.71456167203088],[-74.00207161903381,40.71459420050553],[-74.00220572948456,40.714236386410306],[-74.00205552577972,40.71420385776084],[-74.00206625461578,40.71416726301118]]]}},{"type":"Feature","properties":{"id":"75b7cb09-db24-4a4d-86b9-29233e939df8","height":23.5,"subtype":null,"class":null},"geometry":{"type":"Polygon","coordinates":[[[-74.00187849998474,40.71866826630107],[-74.00166392326355,40.718570686801165],[-74.00150835514069,40.71875364824617],[-74.00204479694366,40.718997596057285],[-74.00214672088623,40.718875622263475],[-74.00182485580444,40.71873331922155],[-74.00187849998474,40.71866826630107]]]}},{"type":"Feature","properties":{"id":"2d77c438-bce0-49e9-98a2-e4037f8e2bf1","height":27.5,"subtype":null,"class":null},"geometry":{"type":"Polygon","coordinates":[[[-74.00193750858307,40.71912363540942],[-74.00199115276337,40.719058582870375],[-74.00174975395203,40.71894880656657],[-74.00170147418976,40.719017925001175],[-74.00193750858307,40.71912363540942]]]}},{"type":"Feature","properties":{"id":"1d9fba66-8a9c-4371-b18c-0e4d01e9ddfd","height":22.5,"subtype":null,"class":null},"geometry":{"type":"Polygon","coordinates":[[[-74.0020501613617,40.718485304621396],[-74.00198578834534,40.71856662098554],[-74.00201797485352,40.718582884246466],[-74.00202870368958,40.718570686801165],[-74.0023022890091,40.7186926611537],[-74.00236129760742,40.71862760819348],[-74.0020501613617,40.718485304621396]]]}},{"type":"Feature","properties":{"id":"95f87a18-4780-4184-8a9d-2badbf36a951","height":12.1,"subtype":null,"class":null},"geometry":{"type":"Polygon","coordinates":[[[-74.00048911571503,40.71778597978925],[-74.00034964084625,40.71772499181026],[-74.00015115737915,40.71796487753862],[-74.00022089481354,40.718013667750455],[-74.00035500526428,40.71790388972353],[-74.00038182735443,40.71792015314634],[-74.00048911571503,40.71778597978925]]]}},{"type":"Feature","properties":{"id":"0a526fcd-b147-4cb6-8259-0cbe5ed36066","height":27.8,"subtype":null,"class":null},"geometry":{"type":"Polygon","coordinates":[[[-73.9999258518219,40.71757455455653],[-73.99984538555145,40.717546093416225],[-73.99975419044495,40.71769246486529],[-73.99982392787933,40.71773718941052],[-73.9999258518219,40.71757455455653]]]}},{"type":"Feature","properties":{"id":"8e4ab032-5331-4e74-95b0-cff3c239b299","height":46.5,"subtype":"commercial","class":"office"},"geometry":{"type":"Polygon","coordinates":[[[-74.00335907936096,40.71744444638726],[-74.00290846824646,40.71722895417256],[-74.00281190872192,40.71734279920309],[-74.00326251983643,40.717558291049265],[-74.00335907936096,40.71744444638726]]]}},{"type":"Feature","properties":{"id":"f60a90f6-348b-4fe3-9030-6d80d5c7389f","height":18,"subtype":null,"class":null},"geometry":{"type":"Polygon","coordinates":[[[-74.00260806083679,40.71950175203398],[-74.0025383234024,40.719465160196435],[-74.00243103504181,40.719595264416306],[-74.0025007724762,40.71964405343321],[-74.00260806083679,40.71950175203398]]]}},{"type":"Feature","properties":{"id":"63213424-38aa-40f0-ae86-dd8a4bdcafe6","height":26,"subtype":null,"class":null},"geometry":{"type":"Polygon","coordinates":[[[-74.0035092830658,40.720172598824135],[-74.00336444377899,40.72010348158847],[-74.00328397750854,40.720201058841496],[-74.00340735912323,40.720290504531135],[-74.0035092830658,40.720172598824135]]]}},{"type":"Feature","properties":{"id":"084d7fe8-ff25-4aa8-a616-1a6141b84a0e","height":29.7,"subtype":null,"class":null},"geometry":{"type":"Polygon","coordinates":[[[-74.00222718715668,40.716891483831006],[-74.0021413564682,40.71685082463822],[-74.00198578834534,40.71703379081012],[-74.00213599205017,40.71710697713809],[-74.00217890739441,40.71706225216944],[-74.00210916996002,40.717029724900655],[-74.00222718715668,40.716891483831006]]]}},{"type":"Feature","properties":{"id":"0938dc22-7cb5-4544-9cf3-1a38a3be480a","height":22.6,"subtype":null,"class":null},"geometry":{"type":"Polygon","coordinates":[[[-74.00337517261505,40.719424502575585],[-74.0032947063446,40.71938791069556],[-74.00312840938568,40.71959933016908],[-74.00320887565613,40.71963592193286],[-74.00337517261505,40.719424502575585]]]}},{"type":"Feature","properties":{"id":"31a2e72c-37e1-42b9-9fc9-3ad138b3409e","height":14.4,"subtype":null,"class":null},"geometry":{"type":"Polygon","coordinates":[[[-74.0021950006485,40.71881870108321],[-74.00191605091095,40.7186926611537],[-74.00187313556671,40.71875364824617],[-74.00214672088623,40.718875622263475],[-74.0021950006485,40.71881870108321]]]}},{"type":"Feature","properties":{"id":"9251d8ec-20b4-491a-8650-99d9f14aa45b","height":25.4,"subtype":"commercial","class":"office"},"geometry":{"type":"Polygon","coordinates":[[[-74.00287091732025,40.71737126043029],[-74.00281190872192,40.71734279920309],[-74.00276362895966,40.717399721645336],[-74.00321424007416,40.717615213307276],[-74.00326251983643,40.717558291049265],[-74.00287091732025,40.71737126043029]]]}},{"type":"Feature","properties":{"id":"c2bf7889-1f40-4d7c-bc78-6cf1820c0d54","height":35.6,"subtype":null,"class":null},"geometry":{"type":"Polygon","coordinates":[[[-74.00159955024719,40.7177453211428],[-74.00164783000946,40.71769246486529],[-74.00146543979645,40.71760301568466],[-74.00117039680481,40.71792828485628],[-74.00130987167358,40.71799333849989],[-74.00148689746857,40.71779411151555],[-74.00154054164886,40.717822572549814],[-74.00156199932098,40.71780224324087],[-74.00159418582916,40.71781850668852],[-74.00164246559143,40.71776565046912],[-74.00159955024719,40.7177453211428]]]}},{"type":"Feature","properties":{"id":"e0e2d9e3-116b-4889-a89f-99abd4f2a5f2","subtype":null,"class":null},"geometry":{"type":"Polygon","coordinates":[[[-74.00049448013306,40.7182860791094],[-74.00051057338715,40.71827388160971],[-74.00047838687897,40.71824948660362],[-74.00046229362488,40.71826168410777],[-74.00049448013306,40.7182860791094]]]}},{"type":"Feature","properties":{"id":"9e0d4de3-cb00-4cc0-a643-5432b51edde4","height":14.2,"subtype":null,"class":null},"geometry":{"type":"Polygon","coordinates":[[[-74.00282800197601,40.719619658929226],[-74.00276899337769,40.71958713291002],[-74.002645611763,40.71974569710355],[-74.00269389152527,40.71978228878687],[-74.00282800197601,40.719619658929226]]]}},{"type":"Feature","properties":{"id":"b9bbd3ad-1a26-4e2a-ae62-1250b8ab976b","height":33.6,"subtype":null,"class":null},"geometry":{"type":"Polygon","coordinates":[[[-74.00294601917267,40.71979855175079],[-74.00292992591858,40.719818880450084],[-74.00310158729553,40.719896129450824],[-74.00318741798401,40.719790420269334],[-74.00290310382843,40.71965625068184],[-74.00283336639404,40.71974569710355],[-74.00294601917267,40.71979855175079]]]}},{"type":"Feature","properties":{"id":"483494d6-0d9d-478c-9bba-354a5d2119f7","height":20.5,"subtype":null,"class":null},"geometry":{"type":"Polygon","coordinates":[[[-74.00349855422974,40.71993272105145],[-74.00342345237732,40.719896129450824],[-74.00321424007416,40.72015227023285],[-74.00328397750854,40.720201058841496],[-74.00349855422974,40.71993272105145]]]}},{"type":"Feature","properties":{"id":"9067208a-fd38-4e95-b912-16f00bbb3142","height":27.09814453125,"subtype":"civic","class":"government"},"geometry":{"type":"Polygon","coordinates":[[[-74.00071442127228,40.715590377345556],[-74.00038719177246,40.71603763556807],[-74.00040864944458,40.716045767507936],[-74.00029599666595,40.716200274176735],[-74.00090754032135,40.716460495124174],[-74.00102019309998,40.71630192310539],[-74.00081634521484,40.71621653801574],[-74.00092363357544,40.71607422928966],[-74.00112211704254,40.716159614561825],[-74.0012401342392,40.71599697585381],[-74.00103628635406,40.71591565635083],[-74.00113821029663,40.71577334698157],[-74.00134742259979,40.71586279862061],[-74.00146007537842,40.715704225178186],[-74.00084853172302,40.715444001274676],[-74.0007358789444,40.71559850934004],[-74.00071442127228,40.715590377345556]]]}},{"type":"Feature","properties":{"id":"cee6fb6f-955e-41f7-a8c2-b3819b810571","height":4,"subtype":null,"class":null},"geometry":{"type":"Polygon","coordinates":[[[-74.00354146957397,40.71563916929766],[-74.00355219841003,40.71562697131298],[-74.00354146957397,40.71561477332608],[-74.00352537631989,40.71560664133357],[-74.00350391864777,40.71561477332608],[-74.0034931898117,40.715622905317595],[-74.00350391864777,40.715643235292056],[-74.00353074073792,40.7156473012862],[-74.00354146957397,40.71563916929766]]]}},{"type":"Feature","properties":{"id":"57a849b4-d9ca-4a0e-96a3-79485d0d4397","height":29.5,"subtype":null,"class":null},"geometry":{"type":"Polygon","coordinates":[[[-74.00281727313995,40.718099050535145],[-74.00228083133698,40.71783883599252],[-74.00220036506653,40.71793235071086],[-74.0027368068695,40.718192564887964],[-74.00281727313995,40.718099050535145]]]}},{"type":"Feature","properties":{"id":"e1b6d65a-00e5-4b34-a1f1-13ffd52f300f","height":31,"subtype":null,"class":null},"geometry":{"type":"Polygon","coordinates":[[[-74.00045692920685,40.717830704271655],[-74.00038182735443,40.71792015314634],[-74.00045692920685,40.71796081168602],[-74.00068759918213,40.71806245792655],[-74.00080561637878,40.71792828485628],[-74.00048911571503,40.71778597978925],[-74.00045692920685,40.717830704271655]]]}},{"type":"Feature","properties":{"id":"096c41a5-d2f3-4f32-a1e8-6397d58330ad","height":23,"subtype":null,"class":null},"geometry":{"type":"Polygon","coordinates":[[[-74.00150835514069,40.71875364824617],[-74.00145471096039,40.718814635282754],[-74.00199115276337,40.719058582870375],[-74.00204479694366,40.718997596057285],[-74.00150835514069,40.71875364824617]]]}},{"type":"Feature","properties":{"id":"b8be9f32-bb46-49d0-89bd-94c139502129","height":38.8,"subtype":null,"class":null},"geometry":{"type":"Polygon","coordinates":[[[-74.00106310844421,40.71804619453849],[-74.00091290473938,40.718221025751866],[-74.00106310844421,40.718302342438854],[-74.00120794773102,40.71811124806688],[-74.00106310844421,40.71804619453849]]]}},{"type":"Feature","properties":{"id":"add35eed-3136-44d8-9582-49c9146708a3","height":23.2,"subtype":null,"class":null},"geometry":{"type":"Polygon","coordinates":[[[-74.0027368068695,40.718192564887964],[-74.00220036506653,40.71793235071086],[-74.00214672088623,40.71799740435049],[-74.00268316268921,40.7182576182733],[-74.0027368068695,40.718192564887964]]]}},{"type":"Feature","properties":{"id":"e3e7ef0f-e4e5-4d27-b784-972bdf1c27bd","height":24.6,"subtype":null,"class":null},"geometry":{"type":"Polygon","coordinates":[[[-74.00122940540314,40.718359264060645],[-74.00129914283752,40.71839179067982],[-74.00144398212433,40.71821695991491],[-74.00136351585388,40.718184433210325],[-74.00122940540314,40.718359264060645]]]}},{"type":"Feature","properties":{"id":"3fe04b75-40ac-4d34-963c-6298fddbec1a","height":38.4,"subtype":null,"class":null},"geometry":{"type":"Polygon","coordinates":[[[-74.00019943714142,40.71750950050368],[-74.00030672550201,40.71737939220727],[-73.99968445301056,40.71711104304284],[-73.99957716464996,40.71728994260599],[-74.00019943714142,40.71750950050368]]]}},{"type":"Feature","properties":{"id":"886ae7f8-2378-4111-88b2-5d64e21e9c0d","height":23.5,"subtype":null,"class":null},"geometry":{"type":"Polygon","coordinates":[[[-74.00321960449219,40.71935538456312],[-74.00314450263977,40.71931879264512],[-74.00297820568085,40.719530212338164],[-74.00305330753326,40.71956273838517],[-74.00321960449219,40.71935538456312]]]}},{"type":"Feature","properties":{"id":"4151640e-2add-4eeb-86c3-9f8ea28b71ea","height":16.3,"subtype":"religious","class":null},"geometry":{"type":"Polygon","coordinates":[[[-74.00176048278809,40.71748103933557],[-74.00163173675537,40.71741598519134],[-74.00146543979645,40.71760301568466],[-74.00159955024719,40.7176721355166],[-74.00176048278809,40.71748103933557]]]}},{"type":"Feature","properties":{"id":"6aa49e8c-3bc4-4d80-bb40-2fbc5a26257c","height":23.2,"subtype":null,"class":null},"geometry":{"type":"Polygon","coordinates":[[[-74.00290846824646,40.71839179067982],[-74.00285482406616,40.718452778047926],[-74.00312840938568,40.71857881843162],[-74.00317132472992,40.71852189699756],[-74.00312304496765,40.71849750208235],[-74.00312304496765,40.71849343626228],[-74.00290846824646,40.71839179067982]]]}},{"type":"Feature","properties":{"id":"bdd93f96-8898-40bd-91ee-26a96bd24640","height":17.5,"subtype":null,"class":null},"geometry":{"type":"Polygon","coordinates":[[[-74.00266706943512,40.719534278094905],[-74.00260806083679,40.71950175203398],[-74.0025007724762,40.71964405343321],[-74.00254905223846,40.7196806451724],[-74.00266706943512,40.719534278094905]]]}},{"type":"Feature","properties":{"id":"9c70c6a3-dc66-4fdb-9b1c-18ebc2e219bd","height":21.8,"subtype":null,"class":null},"geometry":{"type":"Polygon","coordinates":[[[-74.0020501613617,40.718485304621396],[-74.00181949138641,40.71838365902651],[-74.00166392326355,40.718570686801165],[-74.00187849998474,40.71866826630107],[-74.00195360183716,40.718570686801165],[-74.00197505950928,40.71857881843162],[-74.0020501613617,40.718485304621396]]]}},{"type":"Feature","properties":{"id":"c2494ea6-0b70-4a89-b262-6d3d2c67d3f5","height":32,"subtype":null,"class":null},"geometry":{"type":"Polygon","coordinates":[[[-74.00122940540314,40.718359264060645],[-74.00136351585388,40.718184433210325],[-74.00120794773102,40.71811124806688],[-74.00106310844421,40.718302342438854],[-74.00121867656708,40.71837146154469],[-74.00122940540314,40.718359264060645]]]}},{"type":"Feature","properties":{"id":"52952b3c-c81c-4354-a5f2-58b82d3f165d","height":16.1,"subtype":null,"class":null},"geometry":{"type":"Polygon","coordinates":[[[-74.00277435779572,40.719688776667276],[-74.00276899337769,40.71968471091996],[-74.00269389152527,40.71978228878687],[-74.0027368068695,40.71981074897111],[-74.00281727313995,40.71971317114592],[-74.00284945964813,40.71972943412673],[-74.00290310382843,40.71965625068184],[-74.00282800197601,40.719619658929226],[-74.00277435779572,40.719688776667276]]]}},{"type":"Feature","properties":{"id":"128012cd-2df1-4b23-888f-eeec3ffdb390","height":15,"subtype":null,"class":null},"geometry":{"type":"Polygon","coordinates":[[[-74.00151371955872,40.71824948660362],[-74.00144398212433,40.71821695991491],[-74.00127232074738,40.71842431728309],[-74.00134205818176,40.71846497551483],[-74.00151371955872,40.71824948660362]]]}},{"type":"Feature","properties":{"id":"128105a8-788c-4b2c-9cca-ad98c95f0f80","height":22.9,"subtype":null,"class":null},"geometry":{"type":"Polygon","coordinates":[[[-74.00311768054962,40.71857475261651],[-74.00285482406616,40.718452778047926],[-74.0028065443039,40.71850969954108],[-74.00307476520538,40.71863167400537],[-74.00311768054962,40.71857475261651]]]}},{"type":"Feature","properties":{"id":"3c1a179d-806a-4ff6-b8e4-1f33914da6e3","height":26.2,"subtype":null,"class":null},"geometry":{"type":"Polygon","coordinates":[[[-74.00267779827118,40.71938384492988],[-74.00281727313995,40.719452962912776],[-74.00298357009888,40.719245608748786],[-74.00283336639404,40.719180556328936],[-74.00267779827118,40.71938384492988]]]}},{"type":"Feature","properties":{"id":"7213b34c-cf27-409c-96a1-76fa835b5e7b","height":7.2,"subtype":null,"class":null},"geometry":{"type":"Polygon","coordinates":[[[-74.00310158729553,40.719896129450824],[-74.0030425786972,40.719867669303085],[-74.00296211242676,40.71997337836191],[-74.00301575660706,40.720009969920085],[-74.00310158729553,40.719896129450824]]]}},{"type":"Feature","properties":{"id":"71586237-733a-4835-bc63-878f443d1ded","height":6.1,"subtype":null,"class":null},"geometry":{"type":"Polygon","coordinates":[[[-74.00159418582916,40.718282013276415],[-74.00151371955872,40.71824948660362],[-74.00134205818176,40.71846497551483],[-74.00141716003418,40.71850969954108],[-74.00159418582916,40.718282013276415]]]}},{"type":"Feature","properties":{"id":"94b493c0-6d89-4c35-9358-51f038a1e0e8","height":17.2,"subtype":null,"class":null},"geometry":{"type":"Polygon","coordinates":[[[-74.00154054164886,40.717822572549814],[-74.00148689746857,40.71779411151555],[-74.00130987167358,40.71799333849989],[-74.00139033794403,40.71803399699485],[-74.00157809257507,40.71781444082699],[-74.00156199932098,40.71780224324087],[-74.00154054164886,40.717822572549814]]]}},{"type":"Feature","properties":{"id":"a40da071-d40f-42a5-83cd-edb443c029e3","height":44,"subtype":"civic","class":"civic"},"geometry":{"type":"Polygon","coordinates":[[[-74.00221109390259,40.71312633726479],[-74.0023022890091,40.7131060065218],[-74.00230765342712,40.71310194037243],[-74.00231838226318,40.71310194037243],[-74.00232374668121,40.713093808073],[-74.00233447551727,40.71309787422284],[-74.00235593318939,40.71315073414822],[-74.00236666202545,40.71315480029459],[-74.00240421295166,40.71314666800161],[-74.00241494178772,40.71313853570764],[-74.00242567062378,40.713142601854756],[-74.00246322154999,40.71313446956028],[-74.00246858596802,40.71312633726479],[-74.0024846792221,40.713130403412656],[-74.00252223014832,40.7131222711167],[-74.00252759456635,40.71311413881975],[-74.00251150131226,40.713061278865304],[-74.00251686573029,40.7130531465609],[-74.00252759456635,40.713057212713224],[-74.00253295898438,40.71304908040833],[-74.00254368782043,40.7130531465609],[-74.00261342525482,40.71304094810242],[-74.00261878967285,40.713032815795536],[-74.00262951850891,40.71303688194911],[-74.00264024734497,40.71302874964172],[-74.00265097618103,40.713032815795536],[-74.00270998477936,40.71302061733334],[-74.00271534919739,40.71301248502398],[-74.00272607803345,40.71301655117879],[-74.0027368068695,40.71300841886891],[-74.00272607803345,40.71300028655804],[-74.00273144245148,40.712996220402246],[-74.00270998477936,40.71294742651322],[-74.0026992559433,40.71294336035419],[-74.00270462036133,40.712935228035384],[-74.00279581546783,40.712914897234015],[-74.00277435779572,40.71286203712141],[-74.00268852710724,40.71288236793892],[-74.0025544166565,40.71282544163424],[-74.00254368782043,40.71283357396647],[-74.00253295898438,40.712829507800485],[-74.00246858596802,40.712841706297695],[-74.00246322154999,40.71284983862792],[-74.0024471282959,40.71284577246293],[-74.00244176387787,40.71285390479266],[-74.00243103504181,40.71284983862792],[-74.00236129760742,40.71286610328542],[-74.00235593318939,40.71287423561266],[-74.00234520435333,40.71287016944916],[-74.0023398399353,40.71287830177591],[-74.00232374668121,40.71287423561266],[-74.00225937366486,40.71288643410167],[-74.00225400924683,40.71289863258846],[-74.00223791599274,40.71289050026419],[-74.0022325515747,40.71290269875022],[-74.00222182273865,40.71289456642645],[-74.00215208530426,40.712910831072996],[-74.00214672088623,40.71291896339478],[-74.00213599205017,40.712914897234015],[-74.00213062763214,40.71292302955531],[-74.00211989879608,40.71291896339478],[-74.0020501613617,40.712935228035384],[-74.00204479694366,40.71294336035419],[-74.00202870368958,40.71293929419491],[-74.00202333927155,40.71294742651322],[-74.00200724601746,40.71294336035419],[-74.00209844112396,40.71313853570764],[-74.00211453437805,40.71313446956028],[-74.00210916996002,40.713142601854756],[-74.00211989879608,40.71314666800161],[-74.0021950006485,40.713130403412656],[-74.00220036506653,40.7131222711167],[-74.00221109390259,40.71312633726479]]]}},{"type":"Feature","properties":{"id":"7a0fddcd-55fc-49e9-949a-bb629f751afb","height":17.8,"subtype":null,"class":null},"geometry":{"type":"Polygon","coordinates":[[[-74.00172829627991,40.70715696446235],[-74.00161564350128,40.70721796212206],[-74.00176048278809,40.70739282177027],[-74.00187313556671,40.707335890772434],[-74.00172829627991,40.70715696446235]]]}},{"type":"Feature","properties":{"id":"de99811b-bb0b-475c-a6cf-aeff7a770acd","height":18.4,"subtype":"commercial","class":null},"geometry":{"type":"Polygon","coordinates":[[[-74.00202333927155,40.70725456069108],[-74.00187313556671,40.70707563416247],[-74.00182485580444,40.70710003326287],[-74.00197505950928,40.70728302623084],[-74.00202333927155,40.70725456069108]]]}},{"type":"Feature","properties":{"id":"9d2a1e55-6ebd-46ed-bd2a-c1f1331d4262","height":17.5,"subtype":null,"class":null},"geometry":{"type":"Polygon","coordinates":[[[-74.0021413564682,40.707864533880134],[-74.00202870368958,40.70792146442606],[-74.00215208530426,40.70808005640448],[-74.00227010250092,40.70801499307441],[-74.0021413564682,40.707864533880134]]]}},{"type":"Feature","properties":{"id":"05fe6ec5-2104-4bde-93a9-f14da5e635bc","height":19.1,"subtype":null,"class":null},"geometry":{"type":"Polygon","coordinates":[[[-74.00116503238678,40.708706287706],[-74.00108993053436,40.70874288545706],[-74.00135278701782,40.70899093635082],[-74.00141716003418,40.7089502723332],[-74.00116503238678,40.708706287706]]]}},{"type":"Feature","properties":{"id":"d0a71dda-e3b1-4851-98a2-18c69cf8b5fd","height":3.2,"subtype":null,"class":null},"geometry":{"type":"Polygon","coordinates":[[[-74.0011328458786,40.71221958009052],[-74.00110065937042,40.7122033152751],[-74.00107383728027,40.71223584490194],[-74.00110602378845,40.712252109709425],[-74.0011328458786,40.71221958009052]]]}},{"type":"Feature","properties":{"id":"6821e851-ab70-41a0-a3a4-65af92b37288","height":3,"subtype":null,"class":null},"geometry":{"type":"Polygon","coordinates":[[[-74.0008807182312,40.71282544163424],[-74.00091826915741,40.71282544163424],[-74.00091290473938,40.712796978463665],[-74.0008807182312,40.712796978463665],[-74.0008807182312,40.71282544163424]]]}},{"type":"Feature","properties":{"id":"ca840edf-e298-416d-8a7e-517b9ad1614a","height":10.3,"subtype":null,"class":null},"geometry":{"type":"Polygon","coordinates":[[[-74.00139570236206,40.708592427907384],[-74.00131523609161,40.70863309214352],[-74.00155663490295,40.708864877815365],[-74.00163173675537,40.708816080898856],[-74.00139570236206,40.708592427907384]]]}},{"type":"Feature","properties":{"id":"62f1986b-736c-4632-82ca-5c4fe94fba27","height":14,"subtype":null,"class":null},"geometry":{"type":"Polygon","coordinates":[[[-74.00211453437805,40.70782386917469],[-74.00199115276337,40.70767747602946],[-74.00186777114868,40.70773847321241],[-74.0019965171814,40.707888932691496],[-74.00211989879608,40.70782793564635],[-74.00211453437805,40.70782386917469]]]}},{"type":"Feature","properties":{"id":"c5e04a12-cf70-448c-8f6b-a2753d69a047","subtype":null,"class":null},"geometry":{"type":"Polygon","coordinates":[[[-74.00215744972229,40.711756031294215],[-74.00224328041077,40.711792627369164],[-74.00228083133698,40.711747898830396],[-74.0021950006485,40.71171130273088],[-74.00215744972229,40.711756031294215]]]}},{"type":"Feature","properties":{"id":"fea2a5f1-43ca-421c-ab6c-af3a5c1646f5","height":3,"subtype":null,"class":null},"geometry":{"type":"Polygon","coordinates":[[[-74.00286018848419,40.706083396506514],[-74.00287628173828,40.70607526334988],[-74.00286018848419,40.70606306361308],[-74.00284945964813,40.7060711967712],[-74.00286018848419,40.706083396506514]]]}},{"type":"Feature","properties":{"id":"530fcc71-b187-4afd-87bf-7b8597d8f9ad","height":12.5,"subtype":null,"class":null},"geometry":{"type":"Polygon","coordinates":[[[-74.00277435779572,40.70740095476599],[-74.00270998477936,40.7073196247641],[-74.00262951850891,40.70736028977744],[-74.00269389152527,40.70744161972968],[-74.00277435779572,40.70740095476599]]]}},{"type":"Feature","properties":{"id":"e8007a89-e8f6-4254-8e46-97e9fe33cbdc","height":9,"subtype":null,"class":null},"geometry":{"type":"Polygon","coordinates":[[[-74.00264024734497,40.707592079879454],[-74.00254368782043,40.707636811209795],[-74.00267779827118,40.70780760328555],[-74.00277435779572,40.70775880559432],[-74.00264024734497,40.707592079879454]]]}},{"type":"Feature","properties":{"id":"d47572ab-521b-42ee-8190-4b0c3dea4939","height":34.6,"subtype":"education","class":"school"},"geometry":{"type":"Polygon","coordinates":[[[-74.00134205818176,40.711174557627125],[-74.00125622749329,40.711142027481785],[-74.00111675262451,40.711329075600496],[-74.0012401342392,40.711381936930124],[-74.00116503238678,40.71141446695826],[-74.00114893913269,40.71143886446894],[-74.00115430355072,40.711475460718184],[-74.00118112564087,40.71149985820651],[-74.00123476982117,40.71149985820651],[-74.00129914283752,40.711471394469264],[-74.00130450725555,40.711516123193775],[-74.00201261043549,40.71150799070063],[-74.00201261043549,40.71146326197068],[-74.00207698345184,40.71148765946347],[-74.00210916996002,40.711491725711404],[-74.00214672088623,40.711483593215284],[-74.00216817855835,40.71146326197068],[-74.00217354297638,40.71143479821778],[-74.00215744972229,40.71141040070561],[-74.00208234786987,40.7113738044206],[-74.00213062763214,40.71134534062947],[-74.00176584720612,40.71088585203184],[-74.00171220302582,40.710906183452764],[-74.00170683860779,40.71083705659628],[-74.0016907453537,40.71082079144317],[-74.00166928768158,40.71080859257571],[-74.00162637233734,40.71080452628606],[-74.00158882141113,40.71082485773183],[-74.00157809257507,40.710849255458534],[-74.00157809257507,40.71091024973621],[-74.0015459060669,40.71089805088513],[-74.00134205818176,40.711174557627125]]]}},{"type":"Feature","properties":{"id":"f4e67265-4e71-4b64-baf6-d4f803950430","height":3,"subtype":null,"class":null},"geometry":{"type":"Polygon","coordinates":[[[-74.00129914283752,40.71184548833076],[-74.0013313293457,40.71185768700827],[-74.00134742259979,40.71183328965105],[-74.00132060050964,40.711821090969096],[-74.00129914283752,40.71184548833076]]]}},{"type":"Feature","properties":{"id":"322e5fd9-6b47-4fba-bbdf-c9c7c1a82f5d","height":26.6,"subtype":null,"class":null},"geometry":{"type":"Polygon","coordinates":[[[-74.00217354297638,40.70718949655448],[-74.00224328041077,40.707270826715295],[-74.00209844112396,40.70734809027605],[-74.00216817855835,40.70742535374719],[-74.0025383234024,40.7072342281552],[-74.00242030620575,40.70708376719692],[-74.00233447551727,40.70712849886869],[-74.00231301784515,40.70710816629434],[-74.00217354297638,40.70717729702178],[-74.00218427181244,40.707185430043836],[-74.00217354297638,40.70718949655448]]]}},{"type":"Feature","properties":{"id":"8578caa3-c8b0-4812-82d3-373feabbf528","subtype":"civic","class":null},"geometry":{"type":"Polygon","coordinates":[[[-74.00191068649292,40.70959682727198],[-74.00192141532898,40.70958869454442],[-74.0018892288208,40.70956429635586],[-74.00187849998474,40.70957242908637],[-74.00191068649292,40.70959682727198]]]}},{"type":"Feature","properties":{"id":"e9f8adba-50aa-48eb-8906-15bb45640176","height":6,"subtype":"service","class":"service"},"geometry":{"type":"Polygon","coordinates":[[[-74.0011864900589,40.7127359859143],[-74.0013313293457,40.71280104463164],[-74.00143325328827,40.71267499330906],[-74.00128841400146,40.71260993446853],[-74.0011864900589,40.7127359859143]]]}},{"type":"Feature","properties":{"id":"d639e470-523a-4fd1-894e-420470bb8b40","height":13.3,"subtype":null,"class":null},"geometry":{"type":"Polygon","coordinates":[[[-74.00175511837006,40.70738468877355],[-74.00171756744385,40.70733995727388],[-74.00156199932098,40.70742128725093],[-74.00159955024719,40.70746601869598],[-74.00175511837006,40.70738468877355]]]}},{"type":"Feature","properties":{"id":"fcbd4d74-791d-4451-a998-7e6203fc35ce","height":15.1,"subtype":null,"class":null},"geometry":{"type":"Polygon","coordinates":[[[-74.00176584720612,40.70754734851909],[-74.001744389534,40.707518883092305],[-74.00166928768158,40.70755548149594],[-74.001744389534,40.707640877692874],[-74.00181412696838,40.70760427933615],[-74.00176048278809,40.70754734851909],[-74.00176584720612,40.70754734851909]]]}},{"type":"Feature","properties":{"id":"775b8f00-6878-4ce2-87f8-39715c345c84","height":17.2,"subtype":null,"class":null},"geometry":{"type":"Polygon","coordinates":[[[-74.00106310844421,40.708356574848096],[-74.00100409984589,40.70838503991683],[-74.00115966796875,40.70857209577999],[-74.00123476982117,40.70853549793507],[-74.00110065937042,40.70837690704129],[-74.00108993053436,40.70838097347919],[-74.00106847286224,40.708352508408716],[-74.00106310844421,40.708356574848096]]]}},{"type":"Feature","properties":{"id":"72539082-f924-4be9-9028-7f60ffedad6d","height":14.8,"subtype":null,"class":null},"geometry":{"type":"Polygon","coordinates":[[[-74.00322496891022,40.707193563064884],[-74.00314450263977,40.707095966746756],[-74.00308012962341,40.70712849886869],[-74.00316596031189,40.70722202863072],[-74.00322496891022,40.707193563064884]]]}},{"type":"Feature","properties":{"id":"00a86b42-8f58-417e-a145-e14079460e40","height":24.3,"subtype":null,"class":null},"geometry":{"type":"Polygon","coordinates":[[[-74.00173902511597,40.70893807312306],[-74.00170147418976,40.70890554188512],[-74.00164783000946,40.708942139526684],[-74.00186777114868,40.709145459391316],[-74.00205552577972,40.70900313555126],[-74.00185167789459,40.70880794807597],[-74.00179266929626,40.708844545771164],[-74.00183022022247,40.70888114344624],[-74.00173902511597,40.70893807312306]]]}},{"type":"Feature","properties":{"id":"7770d520-5791-40e0-a081-be47d585a4c6","height":3,"subtype":null,"class":null},"geometry":{"type":"Polygon","coordinates":[[[-74.00240421295166,40.71241475756558],[-74.00243103504181,40.71238222802614],[-74.0023934841156,40.71236596325045],[-74.00236666202545,40.71239849279784],[-74.00240421295166,40.71241475756558]]]}},{"type":"Feature","properties":{"id":"2b7d2068-872d-4c8d-bd9f-7348eef0e23b","height":20,"subtype":null,"class":null},"geometry":{"type":"Polygon","coordinates":[[[-74.00140106678009,40.70804345828913],[-74.00144398212433,40.70809225577178],[-74.00152444839478,40.708047524747386],[-74.00147616863251,40.70800279369294],[-74.00140106678009,40.70804345828913]]]}},{"type":"Feature","properties":{"id":"aa430320-7a4d-4073-ba92-60b32b947f85","height":4.86321496963501,"subtype":null,"class":null},"geometry":{"type":"Polygon","coordinates":[[[-74.00192141532898,40.70651038583446],[-74.00184631347656,40.70640872195706],[-74.00179266929626,40.70649818617735],[-74.00176584720612,40.70648598651803],[-74.00173902511597,40.70654291824244],[-74.00178730487823,40.706555117891334],[-74.0017980337143,40.706567317538],[-74.00176584720612,40.70657951718243],[-74.00177657604218,40.70659578337152],[-74.00175511837006,40.70660391646458],[-74.001744389534,40.70662424919288],[-74.00169610977173,40.70664864845864],[-74.00168538093567,40.70666898117329],[-74.00181412696838,40.70661204955665],[-74.00182485580444,40.70659171682461],[-74.00185167789459,40.706599849918184],[-74.00186777114868,40.706567317538],[-74.00189995765686,40.706555117891334],[-74.00192141532898,40.70651038583446]]]}},{"type":"Feature","properties":{"id":"54fd39df-317e-43c6-bfc1-900def97e912","height":13.6,"subtype":null,"class":null},"geometry":{"type":"Polygon","coordinates":[[[-74.00288164615631,40.70753921554124],[-74.00284945964813,40.707494484145364],[-74.00276899337769,40.707531082562404],[-74.00280117988586,40.70757581393371],[-74.00288164615631,40.70753921554124]]]}},{"type":"Feature","properties":{"id":"956ec1ee-ca67-4f1e-8c63-a57293583890","height":15.4,"subtype":null,"class":null},"geometry":{"type":"Polygon","coordinates":[[[-74.00246322154999,40.7070146363724],[-74.00238811969757,40.70705123505315],[-74.00246322154999,40.70714069841031],[-74.0025383234024,40.707104099778725],[-74.00246322154999,40.7070146363724]]]}},{"type":"Feature","properties":{"id":"85cc942e-838b-4df7-8ac5-7779f0caf07c","height":18.5,"subtype":null,"class":null},"geometry":{"type":"Polygon","coordinates":[[[-74.00328934192657,40.707278959725905],[-74.00327861309052,40.707270826715295],[-74.00316059589386,40.707327757768745],[-74.0032947063446,40.70749041765335],[-74.00341808795929,40.70742942024319],[-74.00328934192657,40.707278959725905]]]}},{"type":"Feature","properties":{"id":"a4e59e95-c4b7-4687-b6fd-074d5ae688e9","height":7.484282970428467,"subtype":"commercial","class":"retail"},"geometry":{"type":"Polygon","coordinates":[[[-74.00261878967285,40.70606306361308],[-74.00243103504181,40.705876000702304],[-74.00183022022247,40.70621759344743],[-74.00201261043549,40.706404655398735],[-74.00261878967285,40.70606306361308]]]}},{"type":"Feature","properties":{"id":"be6f3cab-fab2-4649-b1d1-5d5aac8630fe","subtype":null,"class":null},"geometry":{"type":"Polygon","coordinates":[[[-74.00142788887024,40.710397896067306],[-74.00145471096039,40.7103816308069],[-74.00142788887024,40.71035723290886],[-74.00140106678009,40.710373498175215],[-74.00142788887024,40.710397896067306]]]}},{"type":"Feature","properties":{"id":"6593a7ed-762e-49af-8bf8-c9f30e7c1a7d","height":17,"subtype":null,"class":null},"geometry":{"type":"Polygon","coordinates":[[[-74.00103092193604,40.70831997688473],[-74.00093972682953,40.70821424932198],[-74.00088608264923,40.70823864800521],[-74.00100409984589,40.70838503991683],[-74.00106310844421,40.708356574848096],[-74.00103092193604,40.70831997688473]]]}},{"type":"Feature","properties":{"id":"ffa19af1-d1b7-4b21-b9c5-c4c20bc0ee83","height":28.2,"subtype":"residential","class":"apartments"},"geometry":{"type":"Polygon","coordinates":[[[-74.00080561637878,40.708279312457385],[-74.00059640407562,40.70838097347919],[-74.00072515010834,40.7085598965006],[-74.00088608264923,40.7084867007772],[-74.0008807182312,40.70847856791409],[-74.00094509124756,40.70845010288535],[-74.00080561637878,40.708279312457385]]]}},{"type":"Feature","properties":{"id":"7ae668d1-a463-4dc3-b279-b97a604a8d75","subtype":"civic","class":null},"geometry":{"type":"Polygon","coordinates":[[[-74.00288701057434,40.70866968993481],[-74.0028977394104,40.708677822774604],[-74.00291919708252,40.70865749067329],[-74.00290846824646,40.70864935783103],[-74.00288701057434,40.70866968993481]]]}},{"type":"Feature","properties":{"id":"683cd0c5-9ec3-4ccc-a344-cfd18b84296b","height":16.6,"subtype":null,"class":null},"geometry":{"type":"Polygon","coordinates":[[[-74.00088608264923,40.7084867007772],[-74.00081634521484,40.70851923221975],[-74.00093972682953,40.70868188919412],[-74.00101482868195,40.70864529140954],[-74.00088608264923,40.7084867007772]]]}},{"type":"Feature","properties":{"id":"8c803a1b-8139-4377-9d88-b3bc7146fe24","height":25.6,"subtype":null,"class":null},"geometry":{"type":"Polygon","coordinates":[[[-74.00115966796875,40.7081003886821],[-74.00113821029663,40.70811258804567],[-74.00126695632935,40.70824678089764],[-74.00130987167358,40.70821831576982],[-74.0012776851654,40.70818578418028],[-74.00134205818176,40.708149186123016],[-74.00139033794403,40.70819798352821],[-74.0014922618866,40.70813698676614],[-74.00140106678009,40.70804345828913],[-74.00126695632935,40.7081166544997],[-74.00122404098511,40.708071923491694],[-74.00115966796875,40.7081003886821]]]}},{"type":"Feature","properties":{"id":"0529d995-9fda-4c57-a70d-715db8fd4717","height":19.3,"subtype":null,"class":null},"geometry":{"type":"Polygon","coordinates":[[[-74.00260806083679,40.70719762957503],[-74.0025383234024,40.707104099778725],[-74.00246322154999,40.70714069841031],[-74.0025383234024,40.7072342281552],[-74.00260806083679,40.70719762957503]]]}},{"type":"Feature","properties":{"id":"4b06391b-3a11-4d4d-889d-59183eae5c2d","height":15.9,"subtype":"commercial","class":"retail"},"geometry":{"type":"Polygon","coordinates":[[[-74.00211989879608,40.70803125891287],[-74.00207161903381,40.70797432846083],[-74.00200188159943,40.708006860153674],[-74.0020877122879,40.70811258804567],[-74.00215208530426,40.70808005640448],[-74.00211989879608,40.70803125891287]]]}},{"type":"Feature","properties":{"id":"aab77fe8-4558-4d9c-8579-b25cc95c63c8","height":22.1,"subtype":null,"class":null},"geometry":{"type":"Polygon","coordinates":[[[-74.00240957736969,40.70749041765335],[-74.0023934841156,40.70747008518949],[-74.00216817855835,40.707583946907086],[-74.0023022890091,40.70773847321241],[-74.00252759456635,40.70763274472644],[-74.00240957736969,40.70749041765335]]]}},{"type":"Feature","properties":{"id":"f036bb46-e7e5-44c0-9e68-36efad216ec8","height":18,"subtype":null,"class":null},"geometry":{"type":"Polygon","coordinates":[[[-74.003546833992,40.70736028977744],[-74.00342881679535,40.70722202863072],[-74.00335907936096,40.70725456069108],[-74.00348246097565,40.707396888268256],[-74.003546833992,40.70736028977744]]]}},{"type":"Feature","properties":{"id":"80e048ce-ad22-4a55-a16b-9505d7a74986","height":44.2,"subtype":"civic","class":"civic"},"geometry":{"type":"Polygon","coordinates":[[[-74.001744389534,40.713244255451855],[-74.00176584720612,40.71321985860269],[-74.00186777114868,40.71326458615266],[-74.0018892288208,40.7132361231698],[-74.00190532207489,40.7132361231698],[-74.00191605091095,40.7132157924603],[-74.00191068649292,40.71320359403164],[-74.00193214416504,40.713179197167584],[-74.00184094905853,40.71297588961949],[-74.00183022022247,40.71297995577653],[-74.00181949138641,40.712988088089894],[-74.00180876255035,40.71298402193335],[-74.00180339813232,40.712992154246194],[-74.00178730487823,40.712988088089894],[-74.00174975395203,40.712996220402246],[-74.001744389534,40.71300435271359],[-74.00173366069794,40.71300028655804],[-74.00172293186188,40.71300841886891],[-74.00171220302582,40.71300435271359],[-74.00167465209961,40.71301248502398],[-74.00166928768158,40.71302061733334],[-74.00165319442749,40.71301655117879],[-74.00164783000946,40.71302468348766],[-74.0016371011734,40.71302061733334],[-74.00159418582916,40.71302874964172],[-74.00158882141113,40.71303688194911],[-74.00157809257507,40.713032815795536],[-74.00157272815704,40.71304094810242],[-74.00155663490295,40.71303688194911],[-74.00148689746857,40.7130531465609],[-74.00148153305054,40.713061278865304],[-74.00147080421448,40.713057212713224],[-74.00146007537842,40.713065345017135],[-74.00144934654236,40.713061278865304],[-74.00137960910797,40.713073477320066],[-74.00136888027191,40.71308567577257],[-74.00135815143585,40.71307754347115],[-74.00129914283752,40.71315073414822],[-74.00120794773102,40.71311413881975],[-74.00115430355072,40.71316293258657],[-74.00115966796875,40.7131751310227],[-74.00113821029663,40.71320359403164],[-74.00123476982117,40.713244255451855],[-74.00121867656708,40.71326458615266],[-74.00121331214905,40.71326458615266],[-74.00115430355072,40.713341842759064],[-74.00119185447693,40.71335810729638],[-74.00119185447693,40.71336623956353],[-74.00122404098511,40.71337843796242],[-74.0012401342392,40.71337437182969],[-74.00127232074738,40.713390636359044],[-74.00132596492767,40.713321512081876],[-74.00141179561615,40.71335810729638],[-74.00139033794403,40.71338657022709],[-74.00132596492767,40.713354041162425],[-74.00129914283752,40.713390636359044],[-74.00139033794403,40.71343536379426],[-74.0014386177063,40.71337030569673],[-74.00145471096039,40.71337843796242],[-74.00147616863251,40.71334997502823],[-74.0014922618866,40.71334997502823],[-74.00150835514069,40.7133296443535],[-74.00150299072266,40.71331744594569],[-74.00152444839478,40.713288982985425],[-74.0015834569931,40.713276784570155],[-74.00162100791931,40.71329304912335],[-74.00162100791931,40.71330524753563],[-74.00164783000946,40.713313379809236],[-74.00166928768158,40.713313379809236],[-74.00170147418976,40.713325578217805],[-74.00175511837006,40.713252387732915],[-74.001744389534,40.713244255451855]]]}},{"type":"Feature","properties":{"id":"7d43f33c-1d9b-40ef-b44f-78296c6bd565","height":13.6,"subtype":null,"class":null},"geometry":{"type":"Polygon","coordinates":[[[-74.00326788425446,40.70703090245522],[-74.00319814682007,40.70706750112703],[-74.00333762168884,40.707226095139134],[-74.00340735912323,40.70718949655448],[-74.00326788425446,40.70703090245522]]]}},{"type":"Feature","properties":{"id":"28122c0a-7ae8-4807-8d72-9e724f0dd743","height":16.1,"subtype":"religious","class":"church"},"geometry":{"type":"Polygon","coordinates":[[[-74.00243639945984,40.7133296443535],[-74.00250613689423,40.713313379809236],[-74.00247931480408,40.713260520013],[-74.0025919675827,40.7132361231698],[-74.00258123874664,40.71321172631766],[-74.00247395038605,40.71324018931095],[-74.00246858596802,40.71321985860269],[-74.00230765342712,40.71326458615266],[-74.0023934841156,40.71345569443672],[-74.00236129760742,40.71346382669195],[-74.00238275527954,40.7135166863268],[-74.00257050991058,40.71347602507296],[-74.00254905223846,40.713427231535555],[-74.0024846792221,40.71344349605201],[-74.00243639945984,40.7133296443535]]]}},{"type":"Feature","properties":{"id":"44ec3d7f-d94f-453f-bbb2-3a3412333b9a","height":14.6,"subtype":"residential","class":"house"},"geometry":{"type":"Polygon","coordinates":[[[-74.00102019309998,40.708401305664914],[-74.00093972682953,40.708441970017766],[-74.00094509124756,40.70845010288535],[-74.00095045566559,40.708446036451676],[-74.00108456611633,40.708608693604816],[-74.00115966796875,40.70857209577999],[-74.00102019309998,40.708401305664914]]]}},{"type":"Feature","properties":{"id":"9c7d31f2-55ec-44d1-9659-06074d534f5c","height":155,"subtype":"commercial","class":"commercial"},"geometry":{"type":"Polygon","coordinates":[[[-74.00137960910797,40.710641874496545],[-74.00141179561615,40.710593078882205],[-74.00121331214905,40.7105076864711],[-74.00103628635406,40.71074353191155],[-74.0009880065918,40.710723200440974],[-74.00084316730499,40.71091838230233],[-74.00089144706726,40.71093871371334],[-74.00082170963287,40.711032238123934],[-74.001025557518,40.711121696132885],[-74.00099337100983,40.71117049135984],[-74.00117576122284,40.71124775039606],[-74.00125622749329,40.711142027481785],[-74.00134205818176,40.711174557627125],[-74.0015459060669,40.71089805088513],[-74.00146007537842,40.71086145431853],[-74.00156736373901,40.710723200440974],[-74.00137960910797,40.710641874496545]]]}},{"type":"Feature","properties":{"id":"690dbe6b-08ad-431b-b30d-5c3c1417c398","height":3,"subtype":null,"class":null},"geometry":{"type":"Polygon","coordinates":[[[-74.00096118450165,40.7131588664407],[-74.00096654891968,40.713171064877585],[-74.00097727775574,40.713171064877585],[-74.00097191333771,40.71315480029459],[-74.00096118450165,40.7131588664407]]]}},{"type":"Feature","properties":{"id":"d078dfc8-b36f-491c-8ef0-c272bf630f4d","height":14.4,"subtype":null,"class":null},"geometry":{"type":"Polygon","coordinates":[[[-74.00176048278809,40.70739282177027],[-74.00175511837006,40.70738468877355],[-74.00159955024719,40.70746601869598],[-74.0016371011734,40.70751481660177],[-74.00179266929626,40.70742942024319],[-74.00176048278809,40.70739282177027]]]}},{"type":"Feature","properties":{"id":"6fb13798-0512-4005-bb89-202fc6a6a8c4","height":22.1,"subtype":"religious","class":"church"},"geometry":{"type":"Polygon","coordinates":[[[-74.0025919675827,40.7132361231698],[-74.00247931480408,40.713260520013],[-74.00250613689423,40.713313379809236],[-74.00243639945984,40.7133296443535],[-74.0024846792221,40.71344349605201],[-74.00254905223846,40.713427231535555],[-74.00257050991058,40.71347602507296],[-74.00267243385315,40.71344756218049],[-74.00268852710724,40.713488223451705],[-74.00276362895966,40.713471958946215],[-74.00274753570557,40.713427231535555],[-74.00283873081207,40.713402834753445],[-74.00283336639404,40.713390636359044],[-74.0028977394104,40.71337843796242],[-74.00281727313995,40.71318732945659],[-74.0027529001236,40.71320359403164],[-74.0027529001236,40.71319546174462],[-74.0025919675827,40.7132361231698]]]}},{"type":"Feature","properties":{"id":"9cb50432-5086-4440-b675-8dab4e3c19e7","subtype":null,"class":null},"geometry":{"type":"Polygon","coordinates":[[[-74.0014922618866,40.710458890758424],[-74.00151908397675,40.71044262551291],[-74.0014922618866,40.71042229395046],[-74.00147080421448,40.71043449288867],[-74.0014922618866,40.710458890758424]]]}},{"type":"Feature","properties":{"id":"35043f81-72c1-4b28-ae83-283783d9d143","height":3.3,"subtype":"commercial","class":"kiosk"},"geometry":{"type":"Polygon","coordinates":[[[-74.00306403636932,40.70575806946676],[-74.00309085845947,40.70574586967187],[-74.00311768054962,40.70576620266212],[-74.00314450263977,40.70575806946676],[-74.00314450263977,40.70574180307306],[-74.00312304496765,40.70572147007535],[-74.00314450263977,40.70570927027373],[-74.00310695171356,40.7056726708555],[-74.00302648544312,40.70572147007535],[-74.00306403636932,40.70575806946676]]]}},{"type":"Feature","properties":{"id":"01093594-2b71-457a-9f3b-c1d216faa157","height":15.1,"subtype":null,"class":null},"geometry":{"type":"Polygon","coordinates":[[[-74.00238811969757,40.70692110631909],[-74.00231301784515,40.70682350960169],[-74.00223791599274,40.70686417491799],[-74.00231838226318,40.70696177157579],[-74.00238811969757,40.70692110631909]]]}},{"type":"Feature","properties":{"id":"ea7982b0-1651-4bce-9d9f-78a9545ff345","height":16.3,"subtype":null,"class":null},"geometry":{"type":"Polygon","coordinates":[[[-74.0007895231247,40.708641224987765],[-74.00087535381317,40.708600560756594],[-74.00081634521484,40.70851923221975],[-74.00072515010834,40.7085598965006],[-74.0007895231247,40.708641224987765]]]}},{"type":"Feature","properties":{"id":"7e691072-5492-4214-8491-d0239cdf5a57","height":18,"subtype":null,"class":null},"geometry":{"type":"Polygon","coordinates":[[[-74.00217354297638,40.70717729702178],[-74.00201797485352,40.70699023724072],[-74.00196969509125,40.70701870289347],[-74.00212526321411,40.707209829104],[-74.00217354297638,40.70717729702178]]]}},{"type":"Feature","properties":{"id":"8c48856f-a232-4dc5-ad08-1e1284f95055","height":18,"subtype":null,"class":null},"geometry":{"type":"Polygon","coordinates":[[[-74.00335907936096,40.70725456069108],[-74.00335371494293,40.707246427677475],[-74.00328934192657,40.707278959725905],[-74.00341808795929,40.70742942024319],[-74.00348246097565,40.707396888268256],[-74.00335907936096,40.70725456069108]]]}},{"type":"Feature","properties":{"id":"e5033e08-9388-4a4d-a8b9-409642f0073c","height":17.1,"subtype":null,"class":null},"geometry":{"type":"Polygon","coordinates":[[[-74.00099873542786,40.70818171773044],[-74.00093972682953,40.70821424932198],[-74.00103092193604,40.70831997688473],[-74.00108993053436,40.70829151178819],[-74.00099873542786,40.70818171773044]]]}},{"type":"Feature","properties":{"id":"5e2355d6-ef23-4191-8f0f-1c68148c7f07","height":70,"subtype":"residential","class":"apartments"},"geometry":{"type":"Polygon","coordinates":[[[-74.0023398399353,40.70977574702657],[-74.00234520435333,40.70978387973126],[-74.00252223014832,40.709625291810546],[-74.00251686573029,40.70962122544864],[-74.00257587432861,40.70956836272124],[-74.00261878967285,40.70959682727198],[-74.0027904510498,40.70944230527888],[-74.0027529001236,40.70941790703665],[-74.00276362895966,40.70940570791218],[-74.00265634059906,40.70933251311849],[-74.002645611763,40.70934471225635],[-74.00260269641876,40.70931624759787],[-74.00242567062378,40.709470769883495],[-74.00245249271393,40.70948703536637],[-74.00238811969757,40.70953989815833],[-74.00232911109924,40.709503300845306],[-74.00215744972229,40.709653756336955],[-74.0021950006485,40.709682220851185],[-74.00218427181244,40.70969441992498],[-74.00229156017303,40.70976354796765],[-74.00230765342712,40.70975541526048],[-74.0023398399353,40.70977574702657]]]}},{"type":"Feature","properties":{"id":"fc50f311-5986-4ba2-9a41-ad461a3d597a","height":16.7,"subtype":null,"class":null},"geometry":{"type":"Polygon","coordinates":[[[-74.00225400924683,40.70714069841031],[-74.00209307670593,40.7069455054761],[-74.00201797485352,40.70699023724072],[-74.00217354297638,40.70717729702178],[-74.00225400924683,40.70714069841031]]]}},{"type":"Feature","properties":{"id":"f74d9ca4-b281-4de2-9b8f-9da73110b2c5","height":17,"subtype":"residential","class":"apartments"},"geometry":{"type":"Polygon","coordinates":[[[-74.00313377380371,40.70873881904128],[-74.00313913822174,40.708734752625226],[-74.00311231613159,40.708714420541305],[-74.00318741798401,40.70864935783103],[-74.00316596031189,40.70863309214352],[-74.00309085845947,40.708702221287965],[-74.00308549404144,40.708694088451175],[-74.00307476520538,40.708702221287965],[-74.00306403636932,40.708694088451175],[-74.00308549404144,40.70867375635482],[-74.00302648544312,40.708629025721024],[-74.00301575660706,40.708637158565764],[-74.00299966335297,40.708624959298284],[-74.00296211242676,40.70866155709404],[-74.00297820568085,40.70867375635482],[-74.00285482406616,40.708779483188025],[-74.00283873081207,40.708767283946614],[-74.00274753570557,40.708848612180496],[-74.00276362895966,40.70885674499842],[-74.00270998477936,40.70890554188512],[-74.0027529001236,40.70893400671919],[-74.00268852710724,40.708986869950174],[-74.00265097618103,40.70895840513871],[-74.00259733200073,40.709007201950904],[-74.00258123874664,40.708995002751216],[-74.00249004364014,40.70907226431157],[-74.00251150131226,40.70908446349711],[-74.00245785713196,40.709133260216944],[-74.00246322154999,40.709137326608655],[-74.00244176387787,40.70915765856345],[-74.00243103504181,40.70915359217299],[-74.00238275527954,40.70919832245445],[-74.00236129760742,40.70918612328974],[-74.00232374668121,40.7092227207771],[-74.0023398399353,40.70923491993509],[-74.00232911109924,40.70924305270583],[-74.00238811969757,40.7092796501619],[-74.00242567062378,40.7092552518601],[-74.00243639945984,40.709263384628365],[-74.00243103504181,40.70927151739563],[-74.00249004364014,40.70930811483605],[-74.0025007724762,40.709299982073254],[-74.00257050991058,40.70934471225635],[-74.0025919675827,40.709328446738716],[-74.00252223014832,40.7092796501619],[-74.00254905223846,40.7092552518601],[-74.00257050991058,40.70927151739563],[-74.00261342525482,40.70923491993509],[-74.0025919675827,40.70921865439061],[-74.002645611763,40.70917392412283],[-74.00266706943512,40.70918612328974],[-74.00275826454163,40.7091088618615],[-74.00273144245148,40.709092596286226],[-74.00283873081207,40.70900313555126],[-74.00286018848419,40.70901940114838],[-74.00290310382843,40.708982803549276],[-74.00287628173828,40.70896653794322],[-74.00290310382843,40.708942139526684],[-74.00292992591858,40.70895840513871],[-74.00301575660706,40.70888114344624],[-74.00299429893494,40.708864877815365],[-74.00309085845947,40.708775416774465],[-74.00311768054962,40.7087916824272],[-74.00316059589386,40.70875508470295],[-74.00313377380371,40.70873881904128]]]}},{"type":"Feature","properties":{"id":"56bee2e1-7e6b-4745-98c5-06fab2a43cb3","height":18,"subtype":null,"class":null},"geometry":{"type":"Polygon","coordinates":[[[-74.00212526321411,40.707209829104],[-74.00196969509125,40.70701870289347],[-74.00192141532898,40.70704310201472],[-74.00207698345184,40.7072342281552],[-74.00212526321411,40.707209829104]]]}},{"type":"Feature","properties":{"id":"afbc797b-f136-482e-ab5a-53e091c4a640","height":9.8,"subtype":"religious","class":null},"geometry":{"type":"Polygon","coordinates":[[[-74.00168538093567,40.709291849309466],[-74.00180339813232,40.70919832245445],[-74.00157272815704,40.708986869950174],[-74.0014386177063,40.70907226431157],[-74.00168538093567,40.709291849309466]]]}},{"type":"Feature","properties":{"id":"b3ba1112-8e2b-449d-b760-273fbda483f0","height":17.3,"subtype":null,"class":null},"geometry":{"type":"Polygon","coordinates":[[[-74.00093972682953,40.708441970017766],[-74.00102019309998,40.708401305664914],[-74.00088608264923,40.70823864800521],[-74.00080561637878,40.708279312457385],[-74.00093972682953,40.708441970017766]]]}},{"type":"Feature","properties":{"id":"3e1071bc-7473-4054-bcd2-01ec81903405","subtype":"civic","class":null},"geometry":{"type":"Polygon","coordinates":[[[-74.00216817855835,40.70924711909083],[-74.00220036506653,40.7092227207771],[-74.00218963623047,40.709214588003874],[-74.00215208530426,40.709238986320585],[-74.00216817855835,40.70924711909083]]]}},{"type":"Feature","properties":{"id":"0b09be28-a87c-434c-99d0-16d65abd96d8","height":24.7,"subtype":null,"class":null},"geometry":{"type":"Polygon","coordinates":[[[-74.00115430355072,40.708258980234405],[-74.00105774402618,40.70815325257481],[-74.00099873542786,40.70818171773044],[-74.00111675262451,40.70832810976721],[-74.00113821029663,40.70831591044311],[-74.00110602378845,40.708283378901235],[-74.00115430355072,40.708258980234405]]]}},{"type":"Feature","properties":{"id":"f7681cee-92c2-4be1-9e01-599d97467860","height":19.3,"subtype":null,"class":null},"geometry":{"type":"Polygon","coordinates":[[[-74.00209844112396,40.70734809027605],[-74.00201797485352,40.70725862719749],[-74.00193750858307,40.707299292248095],[-74.0020877122879,40.70746601869598],[-74.00216817855835,40.70742535374719],[-74.00209844112396,40.70734809027605]]]}},{"type":"Feature","properties":{"id":"6d85e78e-cf68-4718-bb2f-fe9d829dbc86","height":17,"subtype":null,"class":null},"geometry":{"type":"Polygon","coordinates":[[[-74.00190532207489,40.70755548149594],[-74.00183022022247,40.70747415168276],[-74.001744389534,40.707518883092305],[-74.00181412696838,40.70760427933615],[-74.00190532207489,40.70755548149594]]]}},{"type":"Feature","properties":{"id":"07cb8d1a-46a2-4969-be7f-75f29e5acd4e","height":27.3,"subtype":null,"class":null},"geometry":{"type":"Polygon","coordinates":[[[-74.00176584720612,40.708271179568925],[-74.00166928768158,40.70818171773044],[-74.00152444839478,40.708267113124336],[-74.00161027908325,40.70834844196909],[-74.00176584720612,40.708271179568925]]]}},{"type":"Feature","properties":{"id":"2ba301cd-19d7-47f9-ba13-ca4b8f6dbe63","height":12.7,"subtype":null,"class":null},"geometry":{"type":"Polygon","coordinates":[[[-74.00277435779572,40.70740095476599],[-74.00269389152527,40.707437553234435],[-74.0027368068695,40.70749041765335],[-74.00281727313995,40.70745381921395],[-74.00277435779572,40.70740095476599]]]}},{"type":"Feature","properties":{"id":"eb7d3231-bf8b-43ab-bd72-b71c372e91d4","height":22.6,"subtype":"education","class":"school"},"geometry":{"type":"Polygon","coordinates":[[[-74.00196433067322,40.70871848695859],[-74.00216817855835,40.7089136746961],[-74.00231301784515,40.70880794807597],[-74.00185704231262,40.708372840603154],[-74.00155127048492,40.70851923221975],[-74.00184094905853,40.70879574883975],[-74.00196433067322,40.70871848695859]]]}},{"type":"Feature","properties":{"id":"5449336d-1f9c-440c-ad00-e108a7b38c79","height":16.7,"subtype":null,"class":null},"geometry":{"type":"Polygon","coordinates":[[[-74.00316596031189,40.70722202863072],[-74.00308012962341,40.70712849886869],[-74.00301575660706,40.70716103097473],[-74.00314450263977,40.70730742525525],[-74.00320887565613,40.70727489322072],[-74.00316596031189,40.70722202863072]]]}},{"type":"Feature","properties":{"id":"115442a7-ea23-4954-9e5e-af8228369ea6","height":16.5,"subtype":null,"class":null},"geometry":{"type":"Polygon","coordinates":[[[-74.00166928768158,40.70818171773044],[-74.00157272815704,40.70809225577178],[-74.00142788887024,40.708177651280394],[-74.00152444839478,40.708267113124336],[-74.00166928768158,40.70818171773044]]]}},{"type":"Feature","properties":{"id":"74b499d1-955e-442a-a080-5d7253bf8463","height":17.8,"subtype":null,"class":null},"geometry":{"type":"Polygon","coordinates":[[[-74.00197505950928,40.70728302623084],[-74.00182485580444,40.70710003326287],[-74.00177657604218,40.70712849886869],[-74.00192677974701,40.70730742525525],[-74.00197505950928,40.70728302623084]]]}},{"type":"Feature","properties":{"id":"a25edf44-2778-472c-afb1-822d919a9511","height":13.6,"subtype":null,"class":null},"geometry":{"type":"Polygon","coordinates":[[[-74.00334298610687,40.70699023724072],[-74.00326788425446,40.70703090245522],[-74.00340735912323,40.707193563064884],[-74.00348246097565,40.70715696446235],[-74.00334298610687,40.70699023724072]]]}},{"type":"Feature","properties":{"id":"3790e7bb-6239-4a33-9c15-aff5bf0d709d","height":18.5,"subtype":"service","class":"service"},"geometry":{"type":"Polygon","coordinates":[[[-74.00200724601746,40.71294336035419],[-74.00184094905853,40.71297588961949],[-74.00196433067322,40.713252387732915],[-74.00213062763214,40.71320766017478],[-74.00200724601746,40.71294336035419]]]}},{"type":"Feature","properties":{"id":"4b0a7103-475e-4d17-b431-de1969bce39b","height":15.1,"subtype":null,"class":null},"geometry":{"type":"Polygon","coordinates":[[[-74.00246322154999,40.7070146363724],[-74.00238811969757,40.70692110631909],[-74.00231838226318,40.70696177157579],[-74.00238811969757,40.70705123505315],[-74.00246322154999,40.7070146363724]]]}},{"type":"Feature","properties":{"id":"65642401-d64e-4e31-995a-0c418b5760a0","height":20,"subtype":null,"class":null},"geometry":{"type":"Polygon","coordinates":[[[-74.00135815143585,40.70800279369294],[-74.00140106678009,40.70804345828913],[-74.00147616863251,40.70800279369294],[-74.0014386177063,40.70796212907191],[-74.00135815143585,40.70800279369294]]]}},{"type":"Feature","properties":{"id":"0648dbe0-4355-49df-88a6-377dc6b51236","subtype":"commercial","class":"commercial"},"geometry":{"type":"Polygon","coordinates":[[[-74.00168538093567,40.706058997033665],[-74.0022486448288,40.70570113707142],[-74.00146007537842,40.70498541137823],[-74.00122940540314,40.70513181044122],[-74.00127232074738,40.705164343522625],[-74.00117039680481,40.70522940963776],[-74.00112748146057,40.70519280995582],[-74.00089681148529,40.70534327518627],[-74.00168538093567,40.706058997033665]]]}},{"type":"Feature","properties":{"id":"c40c534c-a9a6-467d-963f-c544cfd66b58","height":6.2,"subtype":null,"class":null},"geometry":{"type":"Polygon","coordinates":[[[-74.0032410621643,40.70890554188512],[-74.00318741798401,40.708868944223454],[-74.00313377380371,40.7089136746961],[-74.00318741798401,40.7089502723332],[-74.0032410621643,40.70890554188512]]]}},{"type":"Feature","properties":{"id":"26a1682a-b6d7-49fc-836a-e5f48be9c4d4","height":10.9,"subtype":null,"class":null},"geometry":{"type":"Polygon","coordinates":[[[-74.00093972682953,40.70868188919412],[-74.00087535381317,40.708600560756594],[-74.0007895231247,40.708641224987765],[-74.00084853172302,40.70872661979241],[-74.00093972682953,40.70868188919412]]]}},{"type":"Feature","properties":{"id":"0a722cbc-1242-499b-93c5-99a4d1b7527e","height":20,"subtype":null,"class":null},"geometry":{"type":"Polygon","coordinates":[[[-74.00140106678009,40.70804345828913],[-74.00135815143585,40.70800279369294],[-74.00122404098511,40.708071923491694],[-74.00126695632935,40.7081166544997],[-74.00140106678009,40.70804345828913]]]}},{"type":"Feature","properties":{"id":"809a5a57-f141-4230-b8b0-113f289e90aa","height":3,"subtype":null,"class":null},"geometry":{"type":"Polygon","coordinates":[[[-74.00108993053436,40.711760097525776],[-74.00111138820648,40.711760097525776],[-74.00111138820648,40.71173570013279],[-74.00107383728027,40.71173570013279],[-74.0010792016983,40.711760097525776],[-74.00108993053436,40.711760097525776]]]}},{"type":"Feature","properties":{"id":"0b985410-e1a1-430d-9454-3f8b77fa88f6","height":13,"subtype":null,"class":null},"geometry":{"type":"Polygon","coordinates":[[[-74.00316059589386,40.70755954798398],[-74.0032947063446,40.70749041765335],[-74.00301575660706,40.70716103097473],[-74.00289237499237,40.707226095139134],[-74.00316059589386,40.70755954798398]]]}},{"type":"Feature","properties":{"id":"b5c8ec9e-b1b6-4955-bb84-79b2b2683afe","height":14.1,"subtype":null,"class":null},"geometry":{"type":"Polygon","coordinates":[[[-74.00055348873138,40.70812072095349],[-74.00047302246094,40.70802719245363],[-74.00035500526428,40.70808818931626],[-74.00050520896912,40.70826304667949],[-74.0005749464035,40.708226448664725],[-74.00050520896912,40.708145119670974],[-74.00055348873138,40.70812072095349]]]}},{"type":"Feature","properties":{"id":"606f8703-1a98-4863-b2b5-63146afe60a9","height":19.3,"subtype":null,"class":null},"geometry":{"type":"Polygon","coordinates":[[[-74.00223791599274,40.7077954038661],[-74.00213062763214,40.70784826800092],[-74.00227010250092,40.70801499307441],[-74.00238275527954,40.70796212907191],[-74.00223791599274,40.7077954038661]]]}},{"type":"Feature","properties":{"id":"c46ff275-8d10-4db3-abaa-8a23f8817217","height":5.5,"subtype":"commercial","class":null},"geometry":{"type":"Polygon","coordinates":[[[-74.0023934841156,40.70518467669042],[-74.00244176387787,40.70522534300742],[-74.00251686573029,40.70518061005736],[-74.00246858596802,40.70513587707726],[-74.0023934841156,40.70518467669042]]]}},{"type":"Feature","properties":{"id":"0108bae5-811a-48cf-a233-36a82e41e2b8","height":20,"subtype":null,"class":null},"geometry":{"type":"Polygon","coordinates":[[[-74.00157272815704,40.70809225577178],[-74.00152444839478,40.708047524747386],[-74.00144398212433,40.70809225577178],[-74.0014922618866,40.70813698676614],[-74.00157272815704,40.70809225577178]]]}},{"type":"Feature","properties":{"id":"2535b954-1f1c-40b5-a228-82ac1f7c081b","height":14.7,"subtype":null,"class":null},"geometry":{"type":"Polygon","coordinates":[[[-74.00216817855835,40.707583946907086],[-74.00209307670593,40.70762461175903],[-74.00222718715668,40.70777913797],[-74.0023022890091,40.70773847321241],[-74.00216817855835,40.707583946907086]]]}},{"type":"Feature","properties":{"id":"6018ad82-ea0a-42fc-bb3c-ab06bd332f6f","height":3,"subtype":null,"class":null},"geometry":{"type":"Polygon","coordinates":[[[-74.00339126586914,40.71218705045572],[-74.0034019947052,40.71219924907062],[-74.00342881679535,40.71218298425023],[-74.00341272354126,40.71217078563234],[-74.00339126586914,40.71218705045572]]]}},{"type":"Feature","properties":{"id":"68282202-285a-407d-b840-f754569d0ce4","height":13.4,"subtype":null,"class":null},"geometry":{"type":"Polygon","coordinates":[[[-74.00089681148529,40.70760427933615],[-74.00030672550201,40.707897065626625],[-74.0004301071167,40.70805159120539],[-74.00047302246094,40.70802719245363],[-74.00055348873138,40.70812072095349],[-74.00050520896912,40.708145119670974],[-74.0005749464035,40.708222382217386],[-74.00124549865723,40.707888932691496],[-74.00105774402618,40.707689675470505],[-74.00112211704254,40.707661210104554],[-74.00105774402618,40.70760021285083],[-74.00094509124756,40.70765714362271],[-74.00089681148529,40.70760427933615]]]}},{"type":"Feature","properties":{"id":"79b437d3-b433-4430-bf1c-005eb7e4d8db","height":23.6,"subtype":null,"class":null},"geometry":{"type":"Polygon","coordinates":[[[-74.00267779827118,40.70754734851909],[-74.00272071361542,40.70759614636527],[-74.00266170501709,40.707620545274956],[-74.00277435779572,40.70775880559432],[-74.00296747684479,40.70765714362271],[-74.00288164615631,40.70753921554124],[-74.00280117988586,40.70757581393371],[-74.0027529001236,40.70751075011098],[-74.00267779827118,40.70754734851909]]]}},{"type":"Feature","properties":{"id":"a00d52e7-8d60-4390-ad38-ed1d18fde480","height":3,"subtype":null,"class":null},"geometry":{"type":"Polygon","coordinates":[[[-74.00229156017303,40.711662507900236],[-74.00232374668121,40.71165030918699],[-74.00231301784515,40.711629977993276],[-74.00228083133698,40.711642176710264],[-74.00229156017303,40.711662507900236]]]}},{"type":"Feature","properties":{"id":"40aec95f-4b79-42bb-8d8e-97d6802508a3","height":12.8,"subtype":null,"class":null},"geometry":{"type":"Polygon","coordinates":[[[-74.00347709655762,40.7071203658397],[-74.00353074073792,40.707095966746756],[-74.00347709655762,40.70703090245522],[-74.00342345237732,40.70705936809059],[-74.00347709655762,40.7071203658397]]]}},{"type":"Feature","properties":{"id":"09cb5b0e-73c2-4b1d-91cf-a3419271b7af","height":19.9,"subtype":null,"class":null},"geometry":{"type":"Polygon","coordinates":[[[-74.00269389152527,40.70744161972968],[-74.00262951850891,40.70736028977744],[-74.0023934841156,40.70747008518949],[-74.00247395038605,40.70756361447179],[-74.00262951850891,40.70749041765335],[-74.002645611763,40.70751075011098],[-74.00272071361542,40.70747415168276],[-74.00269389152527,40.70744161972968]]]}},{"type":"Feature","properties":{"id":"46ecad1a-33a8-4886-9c4e-28f0bfa345c5","height":22.9,"subtype":null,"class":null},"geometry":{"type":"Polygon","coordinates":[[[-74.00122404098511,40.70891774110121],[-74.00125622749329,40.70889740907316],[-74.00109529495239,40.70874695187261],[-74.001025557518,40.708787616014384],[-74.00117039680481,40.70892994031508],[-74.00120258331299,40.70890960829074],[-74.00122404098511,40.70891774110121]]]}},{"type":"Feature","properties":{"id":"f5b3efff-dd8a-4662-acbf-32ef25de1ab2","height":11.8,"subtype":null,"class":null},"geometry":{"type":"Polygon","coordinates":[[[-74.00234520435333,40.70712443235432],[-74.00216817855835,40.70690484020947],[-74.00209307670593,40.7069455054761],[-74.00225400924683,40.70714069841031],[-74.00231301784515,40.70710816629434],[-74.00233447551727,40.70712849886869],[-74.00234520435333,40.70712443235432]]]}},{"type":"Feature","properties":{"id":"ca13cd69-1876-4b2e-9d2d-3a1de97eae82","height":4,"subtype":null,"class":null},"geometry":{"type":"Polygon","coordinates":[[[-74.00177121162415,40.71256520647881],[-74.00161564350128,40.71249201515809],[-74.00149762630463,40.712638397719076],[-74.00165855884552,40.712711588878896],[-74.00177121162415,40.71256520647881]]]}},{"type":"Feature","properties":{"id":"cc1fc510-ecb8-40fc-ade8-ea75b0c0c07b","height":27.4,"subtype":"commercial","class":"retail"},"geometry":{"type":"Polygon","coordinates":[[[-74.00200188159943,40.708006860153674],[-74.00207161903381,40.70797432846083],[-74.00186777114868,40.70773847321241],[-74.00180339813232,40.707771005020476],[-74.00200188159943,40.708006860153674]]]}},{"type":"Feature","properties":{"id":"4c2a001c-c60d-4053-add3-2324c0279d1b","height":17.5,"subtype":null,"class":null},"geometry":{"type":"Polygon","coordinates":[[[-74.0034556388855,40.70642092163055],[-74.00353610515594,40.70636398980186],[-74.00336980819702,40.70622166001717],[-74.00330543518066,40.7062582591337],[-74.0034556388855,40.70642092163055]]]}},{"type":"Feature","properties":{"id":"f020dccb-d149-4a37-a2bc-7949f7ede1e0","height":12.2,"subtype":null,"class":null},"geometry":{"type":"Polygon","coordinates":[[[-74.00231838226318,40.70696177157579],[-74.00223791599274,40.70686417491799],[-74.00216817855835,40.70690484020947],[-74.00234520435333,40.70712443235432],[-74.00242030620575,40.70708376719692],[-74.00231838226318,40.70696177157579]]]}},{"type":"Feature","properties":{"id":"b9e25065-3050-48b7-ad48-7f941159b21c","height":8.3,"subtype":null,"class":null},"geometry":{"type":"Polygon","coordinates":[[[-74.00192141532898,40.70704310201472],[-74.00187313556671,40.70707563416247],[-74.00202870368958,40.70725862719749],[-74.00207698345184,40.7072342281552],[-74.00192141532898,40.70704310201472]]]}},{"type":"Feature","properties":{"id":"f639df80-371a-4a15-ac5c-10087796292e","height":12.8,"subtype":null,"class":null},"geometry":{"type":"Polygon","coordinates":[[[-74.00281727313995,40.70745381921395],[-74.0027368068695,40.70749041765335],[-74.00276899337769,40.707531082562404],[-74.00284945964813,40.707494484145364],[-74.00281727313995,40.70745381921395]]]}},{"type":"Feature","properties":{"id":"d722021e-754f-44e0-8eee-7462ba97ac24","height":19.3,"subtype":null,"class":null},"geometry":{"type":"Polygon","coordinates":[[[-74.00187313556671,40.707335890772434],[-74.00176048278809,40.70739282177027],[-74.00190532207489,40.70755548149594],[-74.00201797485352,40.70750261712867],[-74.00187313556671,40.707335890772434]]]}},{"type":"Feature","properties":{"id":"7d200f1c-67fd-4c75-abf6-9a6ea73b525e","height":15.3,"subtype":null,"class":null},"geometry":{"type":"Polygon","coordinates":[[[-74.00136351585388,40.70821424932198],[-74.00134742259979,40.70819798352821],[-74.00127232074738,40.70823864800521],[-74.00145471096039,40.7084297707145],[-74.00161027908325,40.70834844196909],[-74.00142788887024,40.708177651280394],[-74.00136351585388,40.70821424932198]]]}},{"type":"Feature","properties":{"id":"55dd3e94-0951-4b33-9c34-5eda120f5d85","height":4.7,"subtype":"commercial","class":null},"geometry":{"type":"Polygon","coordinates":[[[-74.00339126586914,40.7135817442813],[-74.0033107995987,40.71354108306719],[-74.00327861309052,40.71357361204047],[-74.00335907936096,40.71361427323471],[-74.00339126586914,40.7135817442813]]]}},{"type":"Feature","properties":{"id":"97654695-ed6c-42ac-9fa9-8acd81d49f14","height":19.7,"subtype":null,"class":null},"geometry":{"type":"Polygon","coordinates":[[[-74.00355219841003,40.706307057924484],[-74.00341808795929,40.70619319402374],[-74.00336980819702,40.70622166001717],[-74.00350391864777,40.70633552386925],[-74.00355219841003,40.706307057924484]]]}},{"type":"Feature","properties":{"id":"7b85cc11-ee43-4e86-ae77-e32a974a4820","height":29.4,"subtype":null,"class":null},"geometry":{"type":"Polygon","coordinates":[[[-74.0019965171814,40.708832346541676],[-74.00196433067322,40.708799815252085],[-74.00189459323883,40.708844545771164],[-74.00205552577972,40.70900313555126],[-74.00216817855835,40.7089136746961],[-74.00204479694366,40.70880388166416],[-74.0019965171814,40.708832346541676]]]}},{"type":"Feature","properties":{"id":"9a6140aa-ab11-417e-a318-eee486187086","height":14.9,"subtype":null,"class":null},"geometry":{"type":"Polygon","coordinates":[[[-74.00222182273865,40.707771005020476],[-74.00209307670593,40.70762461175903],[-74.00199115276337,40.70767747602946],[-74.00211453437805,40.70782386917469],[-74.00222182273865,40.707771005020476]]]}},{"type":"Feature","properties":{"id":"a1413d27-1a3c-4745-92fb-a3b5f393b448","height":4.8,"subtype":null,"class":null},"geometry":{"type":"Polygon","coordinates":[[[-74.00327861309052,40.713524818574584],[-74.00319814682007,40.71348009119946],[-74.00317132472992,40.713512620202536],[-74.00325179100037,40.713557347555806],[-74.00327861309052,40.713524818574584]]]}},{"type":"Feature","properties":{"id":"886e3c49-ba53-44ee-a896-207929df144e","height":28.9,"subtype":null,"class":null},"geometry":{"type":"Polygon","coordinates":[[[-74.00155127048492,40.70851923221975],[-74.00139570236206,40.708592427907384],[-74.00168538093567,40.708868944223454],[-74.00183022022247,40.708787616014384],[-74.00155127048492,40.70851923221975]]]}},{"type":"Feature","properties":{"id":"d906674c-d1b7-4f7b-9a8b-d872492b4138","height":17.8,"subtype":null,"class":null},"geometry":{"type":"Polygon","coordinates":[[[-74.00192677974701,40.70730742525525],[-74.00177657604218,40.70712849886869],[-74.00172829627991,40.70715696446235],[-74.00187313556671,40.707335890772434],[-74.00192677974701,40.70730742525525]]]}},{"type":"Feature","properties":{"id":"58b89f05-5139-4445-86c7-00231ea2a51b","height":17.3,"subtype":null,"class":null},"geometry":{"type":"Polygon","coordinates":[[[-74.00177121162415,40.707437553234435],[-74.0016371011734,40.70751481660177],[-74.00166928768158,40.70755548149594],[-74.00183022022247,40.70747415168276],[-74.00179266929626,40.70742942024319],[-74.00177121162415,40.707437553234435]]]}},{"type":"Feature","properties":{"id":"e151c7d1-c77d-406c-a137-7ae146893cf0","height":4.5,"subtype":null,"class":null},"geometry":{"type":"Polygon","coordinates":[[[-74.00130987167358,40.70849890007003],[-74.00114893913269,40.70831184400125],[-74.00106847286224,40.708352508408716],[-74.00108993053436,40.70838097347919],[-74.00110065937042,40.70837690704129],[-74.00123476982117,40.70853549793507],[-74.00130987167358,40.70849890007003]]]}},{"type":"Feature","properties":{"id":"a8f6a2d3-c1b1-49be-90b9-cefce991da8e","height":14.7,"subtype":null,"class":null},"geometry":{"type":"Polygon","coordinates":[[[-74.00319814682007,40.70706750112703],[-74.00314450263977,40.707095966746756],[-74.00326251983643,40.7072342281552],[-74.00331616401672,40.707205762594576],[-74.00319814682007,40.70706750112703]]]}},{"type":"Feature","properties":{"id":"8125a22b-c5a1-44a9-b575-b3aec32640b0","height":31.8,"subtype":null,"class":null},"geometry":{"type":"Polygon","coordinates":[[[-74.00094509124756,40.70845010288535],[-74.0008807182312,40.70847856791409],[-74.00101482868195,40.70864529140954],[-74.00108456611633,40.708608693604816],[-74.00095045566559,40.708446036451676],[-74.00094509124756,40.70845010288535]]]}},{"type":"Feature","properties":{"id":"2bf9ed09-3074-49d8-82cd-f56166771e85","height":20.646459579467773,"subtype":"civic","class":null},"geometry":{"type":"Polygon","coordinates":[[[-74.00122404098511,40.712634331541175],[-74.00127232074738,40.71257333884281],[-74.00145471096039,40.71265872860488],[-74.00159418582916,40.712483882784134],[-74.00183022022247,40.71259366974847],[-74.00186240673065,40.712557074113825],[-74.0019965171814,40.71262213300597],[-74.00217890739441,40.712390360412485],[-74.00203943252563,40.71232530129386],[-74.00217890739441,40.712146388389854],[-74.00192677974701,40.71203253447335],[-74.0019428730011,40.712016269612256],[-74.00214672088623,40.71210572629917],[-74.00217890739441,40.71206506418366],[-74.00221109390259,40.712081329032834],[-74.00217354297638,40.71212605734762],[-74.00236666202545,40.712215513887024],[-74.00240421295166,40.71217078563234],[-74.00244176387787,40.71218705045572],[-74.00235056877136,40.71229683790947],[-74.00245785713196,40.7123496984708],[-74.00269389152527,40.712056931757566],[-74.00258123874664,40.71200407096383],[-74.00261342525482,40.71197154122372],[-74.00252223014832,40.71192681280515],[-74.00254905223846,40.71189021680397],[-74.00227010250092,40.71176416375706],[-74.00224328041077,40.711792627369164],[-74.00214672088623,40.711751965062426],[-74.00211989879608,40.7117844949098],[-74.00202870368958,40.71174383259811],[-74.0018355846405,40.711987806095756],[-74.00159955024719,40.71187801813243],[-74.00156736373901,40.71191868036219],[-74.00143325328827,40.71185768700827],[-74.00137424468994,40.71193087902626],[-74.00119185447693,40.71184548833076],[-74.00101482868195,40.71207319660875],[-74.00128841400146,40.71219924907062],[-74.00102019309998,40.71254080938083],[-74.00122404098511,40.712634331541175]]]}},{"type":"Feature","properties":{"id":"fb68a888-11e8-4398-82c5-e5094c45e349","height":17.5,"subtype":null,"class":null},"geometry":{"type":"Polygon","coordinates":[[[-74.00225400924683,40.713118204968346],[-74.00221109390259,40.71312633726479],[-74.00205552577972,40.713341842759064],[-74.00208234786987,40.71335810729638],[-74.00225400924683,40.713118204968346]]]}},{"type":"Feature","properties":{"id":"bc220a88-847f-46f5-9f9e-590944217338","height":3,"subtype":null,"class":null},"geometry":{"type":"Polygon","coordinates":[[[-74.00348782539368,40.711093232233985],[-74.0035092830658,40.71110949732055],[-74.00352537631989,40.711093232233985],[-74.00350391864777,40.71107696714342],[-74.00348782539368,40.711093232233985]]]}},{"type":"Feature","properties":{"id":"9e4d7938-9580-46a7-89af-d2db9f07b5d4","height":21.3,"subtype":"commercial","class":"commercial"},"geometry":{"type":"Polygon","coordinates":[[[-74.00338590145111,40.706770644653375],[-74.00308549404144,40.70640058884017],[-74.0024846792221,40.70673811235663],[-74.00279581546783,40.707116299324824],[-74.00337517261505,40.70681537653546],[-74.00339126586914,40.706790977330776],[-74.00338590145111,40.706770644653375]]]}},{"type":"Feature","properties":{"id":"2877dc5b-f314-4b5c-8a57-67f804e8a957","height":14.6,"subtype":null,"class":null},"geometry":{"type":"Polygon","coordinates":[[[-74.00105774402618,40.70760021285083],[-74.00100946426392,40.70754734851909],[-74.00089681148529,40.70760427933615],[-74.00094509124756,40.70765714362271],[-74.00105774402618,40.70760021285083]]]}},{"type":"Feature","properties":{"id":"40a5c0bd-7fd2-4a66-ae5c-2c90486ba16b","subtype":"civic","class":null},"geometry":{"type":"Polygon","coordinates":[[[-74.00207698345184,40.709047865933776],[-74.00210380554199,40.70902753394544],[-74.00209307670593,40.70901940114838],[-74.00206625461578,40.70903973313917],[-74.00207698345184,40.709047865933776]]]}},{"type":"Feature","properties":{"id":"ea645051-7caa-4786-b75e-832f11f198b7","height":3.8,"subtype":null,"class":null},"geometry":{"type":"Polygon","coordinates":[[[-74.00294065475464,40.70547340700337],[-74.00290846824646,40.70544494069011],[-74.00287628173828,40.705465273772234],[-74.00291919708252,40.70549780669076],[-74.00294065475464,40.70548560684818],[-74.00294065475464,40.70547340700337]]]}},{"type":"Feature","properties":{"id":"fb795bf9-3f5c-4e9c-b8f4-03412c4eaa4b","height":23.6,"subtype":null,"class":null},"geometry":{"type":"Polygon","coordinates":[[[-74.00186777114868,40.709145459391316],[-74.00164783000946,40.708942139526684],[-74.00157272815704,40.708986869950174],[-74.00180339813232,40.70919832245445],[-74.00186777114868,40.709145459391316]]]}},{"type":"Feature","properties":{"id":"97b4f7a0-0823-4a7f-a27a-a84b4784b58b","height":25.5,"subtype":null,"class":null},"geometry":{"type":"Polygon","coordinates":[[[-74.00146543979645,40.70889334266681],[-74.00123476982117,40.70866968993481],[-74.00116503238678,40.708706287706],[-74.00141716003418,40.7089502723332],[-74.00148689746857,40.70890960829074],[-74.00146543979645,40.70889334266681]]]}},{"type":"Feature","properties":{"id":"0eb0c9ae-e1dc-467c-91b1-79faed516639","height":21.2,"subtype":null,"class":null},"geometry":{"type":"Polygon","coordinates":[[[-74.00156199932098,40.70742128725093],[-74.00171756744385,40.70733995727388],[-74.00161564350128,40.70721796212206],[-74.00146543979645,40.70730742525525],[-74.00156199932098,40.70742128725093]]]}},{"type":"Feature","properties":{"id":"ef7d5fcd-c481-4430-ad62-7826bacebb65","height":14.8,"subtype":null,"class":null},"geometry":{"type":"Polygon","coordinates":[[[-74.00035500526428,40.70808818931626],[-74.0004301071167,40.70805159120539],[-74.00030672550201,40.707897065626625],[-74.00022625923157,40.70793773028737],[-74.00035500526428,40.70808818931626]]]}},{"type":"Feature","properties":{"id":"76b945d7-75ce-4b0a-a77e-ab2ab62b6a98","height":3,"subtype":null,"class":null},"geometry":{"type":"Polygon","coordinates":[[[-74.00103092193604,40.7131751310227],[-74.00108993053436,40.71316293258657],[-74.00108456611633,40.713142601854756],[-74.001025557518,40.71315480029459],[-74.00103092193604,40.7131751310227]]]}},{"type":"Feature","properties":{"id":"fdc1bcfb-bb2a-4dee-9ed3-1824af696e5f","height":18.4,"subtype":null,"class":null},"geometry":{"type":"Polygon","coordinates":[[[-74.00127232074738,40.70823864800521],[-74.00126695632935,40.70824678089764],[-74.00113821029663,40.70811258804567],[-74.00105774402618,40.70815325257481],[-74.00122404098511,40.70834437552922],[-74.00125086307526,40.70832810976721],[-74.00125622749329,40.7083362426487],[-74.00132596492767,40.70829964467415],[-74.00127232074738,40.70823864800521]]]}},{"type":"Feature","properties":{"id":"92591ba3-9439-4a26-85a4-f8d2831bd429","height":18.4,"subtype":null,"class":null},"geometry":{"type":"Polygon","coordinates":[[[-74.00200188159943,40.71333777662413],[-74.00176048278809,40.713223924744845],[-74.001744389534,40.713244255451855],[-74.00198578834534,40.71335810729638],[-74.00200188159943,40.71333777662413]]]}},{"type":"Feature","properties":{"id":"61edafb9-5d61-4766-84ee-d7d3b307bac2","height":19.8,"subtype":null,"class":null},"geometry":{"type":"Polygon","coordinates":[[[-74.0020877122879,40.70746601869598],[-74.00193750858307,40.707299292248095],[-74.00187313556671,40.707335890772434],[-74.00201797485352,40.70750261712867],[-74.0020877122879,40.70746601869598]]]}},{"type":"Feature","properties":{"id":"a024bf46-56d3-46c4-8b45-f8aedbc913f4","height":27.1,"subtype":null,"class":null},"geometry":{"type":"Polygon","coordinates":[[[-74.00257050991058,40.707669343067515],[-74.00254905223846,40.707640877692874],[-74.00223791599274,40.7077954038661],[-74.00238275527954,40.70796212907191],[-74.00267779827118,40.70780760328555],[-74.00257050991058,40.707669343067515]]]}},{"type":"Feature","properties":{"id":"850e3aaf-6a73-4de1-bd56-b0be1e8fa474","height":19.5,"subtype":null,"class":null},"geometry":{"type":"Polygon","coordinates":[[[-74.00154054164886,40.708848612180496],[-74.00131523609161,40.70863309214352],[-74.00123476982117,40.70866968993481],[-74.00146543979645,40.70889334266681],[-74.00154054164886,40.708848612180496]]]}},{"type":"Feature","properties":{"id":"97fbbc93-a5e1-4f62-8071-781797d0f204","height":22.7,"subtype":null,"class":null},"geometry":{"type":"Polygon","coordinates":[[[-74.00125622749329,40.7083362426487],[-74.00125086307526,40.70832810976721],[-74.00122404098511,40.70834437552922],[-74.00134742259979,40.70848263434577],[-74.00145471096039,40.7084297707145],[-74.00132596492767,40.70829964467415],[-74.00125622749329,40.7083362426487]]]}},{"type":"Feature","properties":{"id":"4e879ec9-de24-460b-a813-9ef1b8f00556","height":3,"subtype":null,"class":null},"geometry":{"type":"Polygon","coordinates":[[[-74.00257050991058,40.711747898830396],[-74.00259733200073,40.71173570013279],[-74.00258123874664,40.71171536896515],[-74.0025544166565,40.71172350143295],[-74.00257050991058,40.711747898830396]]]}}]}