{"type":"FeatureCollection","features":[{"type":"Feature","properties":{"id":"39393665-3137-3134-A165-353463626633","building_id":"81943a59-757d-4448-a9ca-14a4e1e17a99","height":47,"min_height":0},"geometry":{"type":"Polygon","coordinates":[[[-73.9867240190506,40.780411446833284],[-73.98669719696045,40.780399260723954],[-73.98665964603424,40.780464253281195],[-73.98669719696045,40.78047643937859],[-73.9867240190506,40.780411446833284]]]}},{"type":"Feature","properties":{"id":"32313133-3163-3564-A234-626430363230","building_id":"81943a59-757d-4448-a9ca-14a4e1e17a99","height":47,"min_height":0},"geometry":{"type":"Polygon","coordinates":[[[-73.98693323135376,40.78046019124821],[-73.98687422275543,40.7804683153139],[-73.9868152141571,40.780464253281195],[-73.98679912090302,40.7805576799708],[-73.98689568042755,40.78055361794355],[-73.98697078227997,40.780537369832075],[-73.98693323135376,40.78046019124821]]]}},{"type":"Feature","properties":{"id":"35323536-3262-3662-B233-333561303131","building_id":"81943a59-757d-4448-a9ca-14a4e1e17a99","height":80,"min_height":0},"geometry":{"type":"Polygon","coordinates":[[[-73.98691713809967,40.78033020606222],[-73.98719072341919,40.78044394311388],[-73.98734092712402,40.78024490314564],[-73.98706197738647,40.780131165753176],[-73.98699760437012,40.78022053086366],[-73.98700833320618,40.78022459291128],[-73.98698687553406,40.78024896519179],[-73.986976146698,40.78024490314564],[-73.98691713809967,40.78033020606222]]]}},{"type":"Feature","properties":{"id":"66616638-6335-3433-B831-613435643064","building_id":"81943a59-757d-4448-a9ca-14a4e1e17a99","height":35,"min_height":0},"geometry":{"type":"Polygon","coordinates":[[[-73.98738384246826,40.78023677905264],[-73.98735702037811,40.78022459291128],[-73.9871746301651,40.780464253281195],[-73.98710489273071,40.78051705968713],[-73.98704051971436,40.78054955591605],[-73.98694396018982,40.780577990103325],[-73.98684203624725,40.78058611415463],[-73.98676693439484,40.780577990103325],[-73.98668646812439,40.7805576799708],[-73.98661136627197,40.78052924577483],[-73.98660600185394,40.780541431860314],[-73.98671329021454,40.78058611415463],[-73.98683667182922,40.78060236225417],[-73.98696005344391,40.780594238204884],[-73.98706197738647,40.78056580402455],[-73.98713171482086,40.78052518374582],[-73.98720681667328,40.7804683153139],[-73.98738384246826,40.78023677905264]]]}},{"type":"Feature","properties":{"id":"33383939-3863-3066-B131-663134376637","building_id":"81943a59-757d-4448-a9ca-14a4e1e17a99","height":106.5,"min_height":0},"geometry":{"type":"Polygon","coordinates":[[[-73.98711025714874,40.78040738479709],[-73.98712635040283,40.780391136649826],[-73.98719072341919,40.78037895053677],[-73.98721754550934,40.780391136649826],[-73.9872819185257,40.78030989585392],[-73.98724973201752,40.78029364768281],[-73.98723363876343,40.78024896519179],[-73.98724973201752,40.78022053086366],[-73.98713707923889,40.78017584832344],[-73.98711562156677,40.78020022062182],[-73.98705661296844,40.780212406767646],[-73.98702442646027,40.78019615857269],[-73.98696541786194,40.78028146155188],[-73.98699760437012,40.78029364768281],[-73.9870136976242,40.780342392184195],[-73.98699760437012,40.780358640343394],[-73.98711025714874,40.78040738479709]]]}},{"type":"Feature","properties":{"id":"33316163-6432-3535-A461-626334366233","building_id":"81943a59-757d-4448-a9ca-14a4e1e17a99","height":50,"min_height":0},"geometry":{"type":"Polygon","coordinates":[[[-73.98690640926361,40.780464253281195],[-73.98684203624725,40.7804683153139],[-73.98683667182922,40.7805008115667],[-73.98691177368164,40.780496749535956],[-73.98690640926361,40.780464253281195]]]}},{"type":"Feature","properties":{"id":"64336635-6531-3438-A535-646538383231","building_id":"81943a59-757d-4448-a9ca-14a4e1e17a99","height":99.8,"min_height":0},"geometry":{"type":"Polygon","coordinates":[[[-73.98718535900116,40.78042363294037],[-73.98730874061584,40.78025302723768],[-73.98707807064056,40.78015553806796],[-73.98694932460785,40.780326144021046],[-73.98718535900116,40.78042363294037]]]}},{"type":"Feature","properties":{"id":"65633733-6232-3231-B161-356232333663","building_id":"81943a59-757d-4448-a9ca-14a4e1e17a99","height":45,"min_height":0},"geometry":{"type":"Polygon","coordinates":[[[-73.9870834350586,40.780399260723954],[-73.98703515529633,40.78044394311388],[-73.98697078227997,40.78047237734637],[-73.98690640926361,40.780488625473765],[-73.9868688583374,40.780488625473765],[-73.98680984973907,40.78048050141058],[-73.98670256137848,40.780456129215025],[-73.9867240190506,40.780411446833284],[-73.98669719696045,40.780399260723954],[-73.98662209510803,40.78053330780358],[-73.98668646812439,40.7805576799708],[-73.98679912090302,40.78058205212912],[-73.98687958717346,40.78058611415463],[-73.98698151111603,40.78056986605105],[-73.98704051971436,40.78054955591605],[-73.98710489273071,40.78051705968713],[-73.98715317249298,40.780484563442286],[-73.98719072341919,40.78044394311388],[-73.9870834350586,40.780399260723954]]]}},{"type":"Feature","properties":{"id":"36356664-6263-3937-A533-646565346263","building_id":"321af5a2-c7ed-4e7d-8747-e6b10ef76bd8","height":123.1,"min_height":0},"geometry":{"type":"Polygon","coordinates":[[[-73.9890843629837,40.77412717979183],[-73.98908972740173,40.77411905495066],[-73.9891004562378,40.774123117371374],[-73.98914873600006,40.77404999376037],[-73.989138007164,40.774045931335195],[-73.98914337158203,40.774041868909734],[-73.98906290531158,40.77400530706959],[-73.98905754089355,40.774013431924686],[-73.9890468120575,40.774009369497264],[-73.98899853229523,40.77407843072979],[-73.98900389671326,40.774086555575934],[-73.98899853229523,40.774094680421115],[-73.9890843629837,40.77412717979183]]]}},{"type":"Feature","properties":{"id":"62653565-3735-3462-B065-613538626630","building_id":"5e6d90ae-9806-47f9-8926-c81b28aed41f","height":80,"min_height":0},"geometry":{"type":"Polygon","coordinates":[[[-73.98284554481506,40.77126717431088],[-73.98300647735596,40.77133623839376],[-73.98304402828217,40.77127936209544],[-73.98306012153625,40.77127529950084],[-73.98318350315094,40.771104670303316],[-73.98317813873291,40.77109654509255],[-73.98279190063477,40.77093404066764],[-73.98277580738068,40.77093810328313],[-73.98270070552826,40.77090966496965],[-73.9825987815857,40.771047793806815],[-73.98290991783142,40.7711777971559],[-73.98284554481506,40.77126717431088]]]}},{"type":"Feature","properties":{"id":"32393662-3665-3837-B835-353530653532","building_id":"0e549eb0-8a32-495f-8be1-0e2ecb35f7fe","height":108,"min_height":10},"geometry":{"type":"Polygon","coordinates":[[[-73.99283945560455,40.77299375484657],[-73.99252831935883,40.77289219252765],[-73.99251759052277,40.772908442509106],[-73.99283409118652,40.77301000480321],[-73.99283945560455,40.77299375484657]]]}},{"type":"Feature","properties":{"id":"39323739-6437-3062-A662-616534363234","building_id":"5e2d1adb-c47f-4e3d-b99f-99a7fc302358","height":127,"min_height":0},"geometry":{"type":"Polygon","coordinates":[[[-73.98460507392883,40.77533777002648],[-73.98456752300262,40.77532152063921],[-73.98437440395355,40.77558557269023],[-73.98455142974854,40.77565869461111],[-73.98457288742065,40.77563025831813],[-73.98443341255188,40.77557744802738],[-73.98460507392883,40.77533777002648]]]}},{"type":"Feature","properties":{"id":"64323632-3130-3166-A636-633836626437","building_id":"321af5a2-c7ed-4e7d-8747-e6b10ef76bd8","height":18,"min_height":0},"geometry":{"type":"Polygon","coordinates":[[[-73.98906826972961,40.77419624090189],[-73.98917019367218,40.77424092746426],[-73.9891916513443,40.774216552979425],[-73.98915946483612,40.77420436573365],[-73.98915410041809,40.774212490564395],[-73.98907899856567,40.77418405365239],[-73.98906826972961,40.77419624090189]]]}},{"type":"Feature","properties":{"id":"62313534-3233-3362-A135-643666396131","building_id":"3a352188-e573-4060-ae8e-482f3dda312b","height":12,"min_height":0},"geometry":{"type":"Polygon","coordinates":[[[-73.982834815979,40.77441561101054],[-73.9829421043396,40.77426936435191],[-73.98281335830688,40.77422061539417],[-73.98271143436432,40.7743627997543],[-73.982834815979,40.77441561101054]]]}},{"type":"Feature","properties":{"id":"63333934-3565-3533-A539-333637626664","building_id":"3924a3e6-164c-4efc-bc49-8df56a34874e","height":129,"min_height":0},"geometry":{"type":"Polygon","coordinates":[[[-73.98560285568237,40.770186515194354],[-73.98561358451843,40.77019464051645],[-73.98562967777252,40.77017432720936],[-73.98561894893646,40.770170264547176],[-73.98560285568237,40.770186515194354]]]}},{"type":"Feature","properties":{"id":"65616434-3863-3138-A636-643064636564","building_id":"8eaec3cf-80f0-4734-9466-5e3aa686aec2","height":30,"min_height":0},"geometry":{"type":"Polygon","coordinates":[[[-73.98847818374634,40.77708861822134],[-73.98842990398407,40.77707643150245],[-73.98848354816437,40.776999248897425],[-73.98844063282013,40.77698706216211],[-73.98846209049225,40.77693425294996],[-73.98851037025452,40.77687331919145],[-73.98855328559875,40.77688550594763],[-73.988596200943,40.776836758909525],[-73.98863911628723,40.77674332698649],[-73.98859083652496,40.77672301568151],[-73.98858547210693,40.77671082889552],[-73.98851573467255,40.77668645531685],[-73.98850500583649,40.776694579844076],[-73.98845672607422,40.77675551376652],[-73.98846209049225,40.7767677005443],[-73.98844063282013,40.776800198607475],[-73.98842453956604,40.776800198607475],[-73.98840844631195,40.776820509888864],[-73.98841381072998,40.776832696654736],[-73.98839235305786,40.776861132433055],[-73.98837625980377,40.77686519468608],[-73.98835480213165,40.7768936304505],[-73.98833334445953,40.77693831519852],[-73.9883440732956,40.77694643969497],[-73.9883279800415,40.77698299991653],[-73.98831188678741,40.77698299991653],[-73.98830115795135,40.7770073733864],[-73.98830652236938,40.777015497874345],[-73.9882904291153,40.77705205805793],[-73.9882743358612,40.77705612029931],[-73.98824751377106,40.777125178364685],[-73.98825824260712,40.77713736507465],[-73.98834943771362,40.77717798742506],[-73.98836016654968,40.777173925191136],[-73.98842990398407,40.777202360823395],[-73.98847818374634,40.77708861822134]]]}},{"type":"Feature","properties":{"id":"61363963-6230-3239-A135-303037316162","building_id":"95ef09e4-8ee2-4af2-81d1-dd465e5d4a26","height":105.5,"min_height":103.5},"geometry":{"type":"Polygon","coordinates":[[[-73.9817726612091,40.77242094133638],[-73.9817726612091,40.772408753761226],[-73.98171365261078,40.772408753761226],[-73.98171365261078,40.77242094133638],[-73.9817726612091,40.77242094133638]]]}},{"type":"Feature","properties":{"id":"33343361-6661-3439-A136-633863313865","building_id":"3924a3e6-164c-4efc-bc49-8df56a34874e","height":149,"min_height":0},"geometry":{"type":"Polygon","coordinates":[[[-73.98565649986267,40.770141825905085],[-73.98556530475616,40.77025558040046],[-73.98563504219055,40.77028401899389],[-73.98562431335449,40.77029214430405],[-73.98570477962494,40.77032870818752],[-73.985715508461,40.77031652022859],[-73.98577988147736,40.77034495879593],[-73.98599445819855,40.77005650990577],[-73.98593008518219,40.770028071214966],[-73.98594081401825,40.77001588320093],[-73.9858603477478,40.769979319145335],[-73.98584961891174,40.76999556983918],[-73.98578524589539,40.769967131122314],[-73.98569941520691,40.77008088591677],[-73.98567795753479,40.770072760580774],[-73.98563504219055,40.770133700576565],[-73.98565649986267,40.770141825905085]]]}},{"type":"Feature","properties":{"id":"31346165-3334-3338-B965-356137353163","building_id":"4d81fdfe-d1f4-41ce-a661-212957c2c6c7","height":142,"min_height":0},"geometry":{"type":"Polygon","coordinates":[[[-73.98329615592957,40.77562619598953],[-73.98320496082306,40.775756190380434],[-73.98326396942139,40.77578056430042],[-73.98326933383942,40.775768377341535],[-73.98333370685577,40.77579275125706],[-73.98332297801971,40.77580493821142],[-73.98338198661804,40.77582931211353],[-73.98365020751953,40.775463702643236],[-73.9835911989212,40.77543932860701],[-73.98358583450317,40.77545151562623],[-73.98352146148682,40.775423079244575],[-73.98353219032288,40.77541089222012],[-73.98347318172455,40.77538651816451],[-73.98338198661804,40.775512450688865],[-73.98337125778198,40.775508388353074],[-73.9832854270935,40.77562213366073],[-73.98329615592957,40.77562619598953]]]}},{"type":"Feature","properties":{"id":"61643063-3564-3838-B763-636235623339","building_id":"8eaec3cf-80f0-4734-9466-5e3aa686aec2","height":80,"min_height":0},"geometry":{"type":"Polygon","coordinates":[[[-73.98877322673798,40.77723079644349],[-73.9887946844101,40.777190174125366],[-73.98858547210693,40.777125178364685],[-73.98856401443481,40.77716580072254],[-73.98877322673798,40.77723079644349]]]}},{"type":"Feature","properties":{"id":"38626661-6233-3430-A162-353933336666","building_id":"276349fd-d4f6-4263-9cc3-c39d4818100f","height":94,"min_height":20},"geometry":{"type":"Polygon","coordinates":[[[-73.98149371147156,40.770389647948576],[-73.98138642311096,40.770539965786895],[-73.9816278219223,40.77064153170136],[-73.98163855075836,40.77091372758659],[-73.98154735565186,40.771039668589026],[-73.9818263053894,40.77115748414937],[-73.9818799495697,40.77108435727445],[-73.98187458515167,40.771068106846855],[-73.9818263053894,40.771047793806815],[-73.98187458515167,40.77098279203685],[-73.98186922073364,40.77097060419791],[-73.98181557655334,40.77095029112803],[-73.98186922073364,40.77087310140587],[-73.98186922073364,40.77086091354681],[-73.98182094097137,40.77084060044339],[-73.98186922073364,40.77075934796767],[-73.98186385631561,40.77075528534127],[-73.98181557655334,40.77073090957768],[-73.98186922073364,40.77066184486566],[-73.98186385631561,40.770649656967834],[-73.98181557655334,40.77062934379984],[-73.98186385631561,40.77055215370484],[-73.98185849189758,40.77054402842646],[-73.98149371147156,40.770389647948576]]]}},{"type":"Feature","properties":{"id":"30656538-3062-3439-A664-376465663230","building_id":"f235cc7c-f3b9-4922-8e67-2881064a7e3a","height":null,"min_height":0},"geometry":{"type":"Polygon","coordinates":[[[-73.9855170249939,40.77082841257837],[-73.98523807525635,40.770710596434526],[-73.98518979549408,40.770767473219706],[-73.98525416851044,40.770795911594035],[-73.98523807525635,40.770820287333805],[-73.98530781269073,40.77084872568551],[-73.98529171943665,40.77086903878643],[-73.98538291454315,40.77090560235246],[-73.98541510105133,40.77086091354681],[-73.98547410964966,40.77088122664398],[-73.9855170249939,40.77082841257837]]]}},{"type":"Feature","properties":{"id":"35633139-3733-3664-B936-653535333163","building_id":"61ce73e9-ff5e-4598-9b41-6cd5872aae22","height":57,"min_height":0},"geometry":{"type":"Polygon","coordinates":[[[-73.98966908454895,40.773400002569815],[-73.98945987224579,40.77331062828384],[-73.98934185504913,40.773469064435744],[-73.98936331272125,40.77347718935644],[-73.98935258388519,40.77349343919482],[-73.98952424526215,40.77356656341837],[-73.9895349740982,40.773550313597895],[-73.9895510673523,40.773558438508616],[-73.98966908454895,40.773400002569815]]]}},{"type":"Feature","properties":{"id":"33663961-3438-3137-A534-336430323361","building_id":"321af5a2-c7ed-4e7d-8747-e6b10ef76bd8","height":39,"min_height":0},"geometry":{"type":"Polygon","coordinates":[[[-73.98910582065582,40.77379812292867],[-73.98907363414764,40.773785935606156],[-73.98884296417236,40.77410280526527],[-73.98906826972961,40.77419624090189],[-73.98907899856567,40.77418405365239],[-73.98915410041809,40.774212490564395],[-73.98915946483612,40.77420436573365],[-73.9891916513443,40.774216552979425],[-73.98931503295898,40.77426936435191],[-73.98930966854095,40.77428155158577],[-73.98938477039337,40.774314050865115],[-73.98937404155731,40.77432623809074],[-73.98959934711456,40.774423735815475],[-73.98972272872925,40.77425717711586],[-73.98968517780304,40.7742449898775],[-73.98959934711456,40.77436686216009],[-73.98957788944244,40.77435873734822],[-73.98956716060638,40.774374986971],[-73.98935258388519,40.77428967640711],[-73.98936867713928,40.77426936435191],[-73.98913264274597,40.77417186640068],[-73.98911654949188,40.774188116069126],[-73.98890733718872,40.77410280526527],[-73.98892343044281,40.774082493152946],[-73.98890197277069,40.774074368306316],[-73.98910582065582,40.77379812292867]]]}},{"type":"Feature","properties":{"id":"35346434-3431-3835-B165-323961353339","building_id":"e99a94ac-7ee8-4a0a-bac3-d9c5df1697fd","height":60,"min_height":0},"geometry":{"type":"Polygon","coordinates":[[[-73.99131059646606,40.77411499252969],[-73.99124085903168,40.77417186640068],[-73.99119257926941,40.77415155430947],[-73.99112284183502,40.774208428149166],[-73.99139642715454,40.77432217568247],[-73.99144470691681,40.77428967640711],[-73.99146616458893,40.774305926046765],[-73.9915519952774,40.77424092746426],[-73.99152517318726,40.77422061539417],[-73.99149298667908,40.77424905229054],[-73.99131059646606,40.77411499252969]]]}},{"type":"Feature","properties":{"id":"65373431-3463-3337-B332-643666663337","building_id":"81943a59-757d-4448-a9ca-14a4e1e17a99","height":45,"min_height":0},"geometry":{"type":"Polygon","coordinates":[[[-73.98716390132904,40.78017584832344],[-73.98717999458313,40.780147413964016],[-73.98707807064056,40.78010679342944],[-73.98706197738647,40.780131165753176],[-73.98716390132904,40.78017584832344]]]}},{"type":"Feature","properties":{"id":"63323739-3666-3637-B563-623464333261","building_id":"acaf11e9-31d0-4038-aa67-8ac51762d3e8","height":48,"min_height":0},"geometry":{"type":"Polygon","coordinates":[[[-73.98826360702515,40.778595691893344],[-73.98822069168091,40.77870130763418],[-73.98820459842682,40.77870943191496],[-73.9880222082138,40.778632251207256],[-73.98801147937775,40.778616002625796],[-73.98804366588593,40.77853882180952],[-73.98795247077942,40.77852257320518],[-73.98793637752533,40.77853069750785],[-73.98790419101715,40.778616002625796],[-73.98790955543518,40.778632251207256],[-73.98822069168091,40.778762239715974],[-73.988236784935,40.778754115441615],[-73.98829579353333,40.77861194047978],[-73.9882904291153,40.77859975404033],[-73.98826360702515,40.778595691893344]]]}},{"type":"Feature","properties":{"id":"33653930-3333-3530-B236-313932666138","building_id":"63a3396f-e9e1-49c0-a491-df0a926ab4f6","height":77.5,"min_height":35},"geometry":{"type":"Polygon","coordinates":[[[-73.98549556732178,40.77155155536781],[-73.9855706691742,40.77145405342827],[-73.98517370223999,40.771405302404844],[-73.9847981929779,40.77139311464339],[-73.98472845554352,40.771494679253806],[-73.98508787155151,40.77153936763318],[-73.98549556732178,40.77155155536781]]]}},{"type":"Feature","properties":{"id":"63653862-3639-3438-B530-306330386263","building_id":"0404f716-3f80-45a8-90c4-1235e6d4a853","height":null,"min_height":0},"geometry":{"type":"Polygon","coordinates":[[[-73.9820408821106,40.77835196261981],[-73.98204624652863,40.778319465315775],[-73.9820408821106,40.778319465315775],[-73.98203551769257,40.77835196261981],[-73.9820408821106,40.77835196261981]]]}},{"type":"Feature","properties":{"id":"64666466-6136-3662-A661-633330393533","building_id":"6c5893d1-d9ec-4666-ab87-95625da35262","height":162,"min_height":0},"geometry":{"type":"Polygon","coordinates":[[[-73.99053275585175,40.772875942542214],[-73.99000704288483,40.77269719244009],[-73.98984611034393,40.77284750505814],[-73.99038791656494,40.77307500458994],[-73.99053275585175,40.772875942542214]]]}},{"type":"Feature","properties":{"id":"61613866-6164-3530-B039-323833626439","building_id":"3a352188-e573-4060-ae8e-482f3dda312b","height":102.5,"min_height":0},"geometry":{"type":"Polygon","coordinates":[[[-73.98274898529053,40.77452935818914],[-73.98271679878235,40.77451717100075],[-73.9827436208725,40.77448467182077],[-73.98272752761841,40.77448060942217],[-73.98279190063477,40.77439529899388],[-73.98269534111023,40.77435873734822],[-73.98266315460205,40.7744115486077],[-73.9826363325119,40.77440748620464],[-73.98262023925781,40.77440342380129],[-73.98262560367584,40.77435061253536],[-73.98253440856934,40.77435467494192],[-73.98252367973328,40.77466747950132],[-73.98287236690521,40.774817787661874],[-73.98295819759369,40.77469591620644],[-73.98270606994629,40.77459029409755],[-73.98274898529053,40.77452935818914]]]}},{"type":"Feature","properties":{"id":"61633962-3736-3133-A230-383638646330","building_id":"61ce73e9-ff5e-4598-9b41-6cd5872aae22","height":3,"min_height":0},"geometry":{"type":"Polygon","coordinates":[[[-73.98950815200806,40.773590938141695],[-73.98982465267181,40.773729061404794],[-73.98987293243408,40.77333500310104],[-73.98973345756531,40.773233441303745],[-73.98962616920471,40.77337969024268],[-73.98966908454895,40.773400002569815],[-73.9895510673523,40.773558438508616],[-73.9895349740982,40.773550313597895],[-73.98950815200806,40.773590938141695]]]}},{"type":"Feature","properties":{"id":"61633831-3932-3637-A435-633432393030","building_id":"6bac8714-15c0-4eff-8889-9b0608e90bad","height":20,"min_height":0},"geometry":{"type":"Polygon","coordinates":[[[-73.99079024791718,40.77442779821757],[-73.99089753627777,40.77434655012854],[-73.99066686630249,40.77425311470333],[-73.9905971288681,40.77434655012854],[-73.99079024791718,40.77442779821757]]]}},{"type":"Feature","properties":{"id":"36303431-6333-3635-B339-666335373430","building_id":"0e549eb0-8a32-495f-8be1-0e2ecb35f7fe","height":36,"min_height":5},"geometry":{"type":"Polygon","coordinates":[[[-73.99245858192444,40.77286781754799],[-73.992560505867,40.772725629988486],[-73.9924156665802,40.772721567482336],[-73.99238884449005,40.772733755000104],[-73.99231374263763,40.77283938006045],[-73.99231910705566,40.77286375505051],[-73.99239957332611,40.77292875498034],[-73.99244248867035,40.77286375505051],[-73.99245858192444,40.77286781754799]]]}},{"type":"Feature","properties":{"id":"35333863-3832-3464-A134-373162353536","building_id":"acaf11e9-31d0-4038-aa67-8ac51762d3e8","height":102,"min_height":0},"geometry":{"type":"Polygon","coordinates":[[[-73.98811876773834,40.77831540315165],[-73.98811876773834,40.778319465315775],[-73.98814022541046,40.77831540315165],[-73.98833334445953,40.778356024781715],[-73.9883440732956,40.778372273426754],[-73.98833334445953,40.77835196261981],[-73.98814558982849,40.77831134098727],[-73.98811876773834,40.77831540315165]]]}},{"type":"Feature","properties":{"id":"39616231-6134-3463-A161-323463656161","building_id":"3a352188-e573-4060-ae8e-482f3dda312b","height":94.5,"min_height":0},"geometry":{"type":"Polygon","coordinates":[[[-73.98271143436432,40.7743627997543],[-73.98275434970856,40.77429780122742],[-73.98272752761841,40.77427342676344],[-73.98266315460205,40.77424905229054],[-73.98262560367584,40.77424092746426],[-73.98253977298737,40.77425311470333],[-73.98253440856934,40.77435467494192],[-73.98262560367584,40.77435061253536],[-73.98262023925781,40.77440342380129],[-73.9826363325119,40.77440748620464],[-73.98266315460205,40.7744115486077],[-73.98269534111023,40.77435873734822],[-73.98271143436432,40.7743627997543]]]}},{"type":"Feature","properties":{"id":"35306262-3832-3334-A331-643565363364","building_id":"e99a94ac-7ee8-4a0a-bac3-d9c5df1697fd","height":60,"min_height":0},"geometry":{"type":"Polygon","coordinates":[[[-73.99181485176086,40.7740256192055],[-73.99179339408875,40.77400530706959],[-73.99182558059692,40.77397687006888],[-73.99142861366272,40.77381437268858],[-73.99138033390045,40.773879371688366],[-73.99153053760529,40.77394030819298],[-73.99155735969543,40.77391593359786],[-73.99173974990845,40.774045931335195],[-73.99170756340027,40.774074368306316],[-73.99173438549042,40.77409061799864],[-73.99181485176086,40.7740256192055]]]}},{"type":"Feature","properties":{"id":"34313837-3736-3366-B734-633432323535","building_id":"95ef09e4-8ee2-4af2-81d1-dd465e5d4a26","height":98,"min_height":94},"geometry":{"type":"Polygon","coordinates":[[[-73.98169219493866,40.772644379817876],[-73.98179948329926,40.77264031730675],[-73.98179411888123,40.772266565219326],[-73.98168683052063,40.7722706277533],[-73.98169219493866,40.772644379817876]]]}},{"type":"Feature","properties":{"id":"32666339-6234-3464-B132-383133363537","building_id":"f27a8a0f-6932-483c-8790-5a23da872a5a","height":20,"min_height":0},"geometry":{"type":"Polygon","coordinates":[[[-73.9812844991684,40.770117449916455],[-73.98185849189758,40.7703490214474],[-73.98185312747955,40.77017838987126],[-73.98182094097137,40.77017838987126],[-73.98181557655334,40.77004432189693],[-73.9818423986435,40.77004432189693],[-73.9818423986435,40.76971524481306],[-73.98163318634033,40.76963399096121],[-73.9812844991684,40.770117449916455]]]}},{"type":"Feature","properties":{"id":"37336136-6461-3133-A162-326236643963","building_id":"9ba26c91-e193-4e60-97da-e33e8f38a88c","height":5,"min_height":0},"geometry":{"type":"Polygon","coordinates":[[[-73.98818850517273,40.77137686429134],[-73.98831188678741,40.77142967792105],[-73.98865520954132,40.77096247897069],[-73.988596200943,40.77093404066764],[-73.98860156536102,40.77092997805195],[-73.98845136165619,40.770864976166735],[-73.98841381072998,40.77091372758659],[-73.98849964141846,40.77095029112803],[-73.98848354816437,40.770974666811156],[-73.98849427700043,40.770978729424115],[-73.98825287818909,40.771311862843305],[-73.98824214935303,40.77130373765783],[-73.98818850517273,40.77137686429134]]]}},{"type":"Feature","properties":{"id":"39393062-3466-3263-A334-333462373762","building_id":"e99a94ac-7ee8-4a0a-bac3-d9c5df1697fd","height":99.97,"min_height":0},"geometry":{"type":"Polygon","coordinates":[[[-73.99149298667908,40.77424905229054],[-73.99173974990845,40.774045931335195],[-73.99155735969543,40.77391593359786],[-73.99131059646606,40.77411499252969],[-73.99149298667908,40.77424905229054]]]}},{"type":"Feature","properties":{"id":"30366133-3239-3666-B665-363339393633","building_id":"f27a8a0f-6932-483c-8790-5a23da872a5a","height":156,"min_height":0},"geometry":{"type":"Polygon","coordinates":[[[-73.98157954216003,40.77008494858438],[-73.98162245750427,40.77010119925242],[-73.98164391517639,40.77007682324887],[-73.98167073726654,40.77008901125177],[-73.9817351102829,40.77000369518461],[-73.98166000843048,40.76997119379689],[-73.98157954216003,40.77008494858438]]]}},{"type":"Feature","properties":{"id":"36663461-3837-3133-B334-313934316331","building_id":"3ea40fd9-a0ea-43ed-b5f5-aa48e2f07385","height":145,"min_height":20},"geometry":{"type":"Polygon","coordinates":[[[-73.99076879024506,40.77187249824152],[-73.99056494235992,40.77202687527418],[-73.99107992649078,40.77224219001013],[-73.99124085903168,40.77207156329564],[-73.99076879024506,40.77187249824152]]]}},{"type":"Feature","properties":{"id":"36656439-6137-3366-B661-613963313134","building_id":"bb1d3c22-5bae-4e66-808d-b066dc45b2dc","height":30,"min_height":0},"geometry":{"type":"Polygon","coordinates":[[[-73.98166000843048,40.775134652399686],[-73.9818423986435,40.775211837171014],[-73.98186922073364,40.77487872330573],[-73.9818263053894,40.77496809548231],[-73.98179411888123,40.77501278152553],[-73.98166000843048,40.775134652399686]]]}},{"type":"Feature","properties":{"id":"30666232-3233-3930-B663-626334363931","building_id":"3a352188-e573-4060-ae8e-482f3dda312b","height":98.5,"min_height":94.5},"geometry":{"type":"Polygon","coordinates":[[[-73.98274898529053,40.77452935818914],[-73.98277580738068,40.774500921412766],[-73.9827436208725,40.77448467182077],[-73.98271679878235,40.77451717100075],[-73.98274898529053,40.77452935818914]]]}},{"type":"Feature","properties":{"id":"34623636-6262-3863-B732-303764393633","building_id":"173889cf-a6b8-4d86-aa16-0ff3093800fe","height":40,"min_height":0},"geometry":{"type":"Polygon","coordinates":[[[-73.983553647995,40.77059278008181],[-73.9835000038147,40.770568404258626],[-73.98340344429016,40.770698408545684],[-73.98345708847046,40.77072278432118],[-73.983553647995,40.77059278008181]]]}},{"type":"Feature","properties":{"id":"30316535-3438-3434-A662-613037633631","building_id":"9ba26c91-e193-4e60-97da-e33e8f38a88c","height":92.8,"min_height":0},"geometry":{"type":"Polygon","coordinates":[[[-73.98829579353333,40.77089341449934],[-73.98805439472198,40.77122654834628],[-73.98806512355804,40.77123061094386],[-73.98804366588593,40.77125904911995],[-73.98822069168091,40.771332175802655],[-73.98824214935303,40.77130373765783],[-73.98825287818909,40.771311862843305],[-73.98849427700043,40.770978729424115],[-73.98848354816437,40.770974666811156],[-73.98849964141846,40.77095029112803],[-73.9883279800415,40.77087716402505],[-73.98830652236938,40.77090153973501],[-73.98829579353333,40.77089341449934]]]}},{"type":"Feature","properties":{"id":"38626238-6364-3761-B362-383133383536","building_id":"3924a3e6-164c-4efc-bc49-8df56a34874e","height":153,"min_height":0},"geometry":{"type":"Polygon","coordinates":[[[-73.98567795753479,40.770202765837524],[-73.98577988147736,40.77024745508581],[-73.98588180541992,40.770117449916455],[-73.98577451705933,40.770072760580774],[-73.98567795753479,40.770202765837524]]]}},{"type":"Feature","properties":{"id":"34316662-3966-3466-B238-633761373264","building_id":"b6ca47db-6ae4-4882-a2c8-252cb3b64baf","height":null,"min_height":0},"geometry":{"type":"Polygon","coordinates":[[[-73.98195505142212,40.77858350545091],[-73.98197650909424,40.77844539228036],[-73.98192286491394,40.77844133012394],[-73.98190140724182,40.77857944330293],[-73.98195505142212,40.77858350545091]]]}},{"type":"Feature","properties":{"id":"65343366-3837-3630-B765-643637373030","building_id":"7032491c-9edf-4c1a-9dad-b16dc4eff280","height":34,"min_height":0},"geometry":{"type":"Polygon","coordinates":[[[-73.98291528224945,40.7739565579181],[-73.98313522338867,40.77364781246126],[-73.98253977298737,40.773400002569815],[-73.98255586624146,40.77380218536902],[-73.98291528224945,40.7739565579181]]]}},{"type":"Feature","properties":{"id":"65373463-3639-3437-A634-613735366233","building_id":"61ce73e9-ff5e-4598-9b41-6cd5872aae22","height":54,"min_height":0},"geometry":{"type":"Polygon","coordinates":[[[-73.98973345756531,40.773233441303745],[-73.98959934711456,40.773135941832265],[-73.98947060108185,40.773314690754006],[-73.98962616920471,40.77337969024268],[-73.98973345756531,40.773233441303745]]]}},{"type":"Feature","properties":{"id":"63666335-3930-3565-A563-626333306535","building_id":"3924a3e6-164c-4efc-bc49-8df56a34874e","height":139,"min_height":0},"geometry":{"type":"Polygon","coordinates":[[[-73.98599445819855,40.77005650990577],[-73.98604273796082,40.76999556983918],[-73.98597836494446,40.769967131122314],[-73.98598909378052,40.769950880421504],[-73.98590326309204,40.76991837900795],[-73.98589253425598,40.76993056703989],[-73.98582816123962,40.76990619097376],[-73.98578524589539,40.769967131122314],[-73.98584961891174,40.76999556983918],[-73.9858603477478,40.769979319145335],[-73.98594081401825,40.77001588320093],[-73.98593008518219,40.770028071214966],[-73.98599445819855,40.77005650990577]]]}},{"type":"Feature","properties":{"id":"36336134-3037-3061-B363-353531656539","building_id":"00a5b3fc-dd06-4b9b-9226-de06a1f827b9","height":102,"min_height":0},"geometry":{"type":"Polygon","coordinates":[[[-73.98308157920837,40.7770926804605],[-73.98329079151154,40.776808323120775],[-73.98326933383942,40.776800198607475],[-73.98305475711823,40.777084555981986],[-73.98308157920837,40.7770926804605]]]}},{"type":"Feature","properties":{"id":"39643232-3966-3438-A465-636261303062","building_id":"5e6d90ae-9806-47f9-8926-c81b28aed41f","height":90,"min_height":80},"geometry":{"type":"Polygon","coordinates":[[[-73.9829957485199,40.771198110156234],[-73.98305475711823,40.771120920721984],[-73.98295283317566,40.77107623206115],[-73.98289918899536,40.77115342154735],[-73.9829957485199,40.771198110156234]]]}},{"type":"Feature","properties":{"id":"64623939-6561-3566-B264-633364323830","building_id":"9b79f7b3-7151-4f87-9d48-07786ee1b369","height":105,"min_height":45},"geometry":{"type":"Polygon","coordinates":[[[-73.9842563867569,40.77427748917472],[-73.98432075977325,40.77426530194015],[-73.98427784442902,40.7742449898775],[-73.9842563867569,40.77427748917472]]]}},{"type":"Feature","properties":{"id":"38376532-3565-3536-A535-343733663862","building_id":"f27a8a0f-6932-483c-8790-5a23da872a5a","height":165,"min_height":0},"geometry":{"type":"Polygon","coordinates":[[[-73.9817726612091,40.76982087467189],[-73.98160636425018,40.76974774632595],[-73.98156344890594,40.76980056125052],[-73.9817351102829,40.76987368953834],[-73.9817726612091,40.76982087467189]]]}},{"type":"Feature","properties":{"id":"62333064-3430-3063-B539-666162616362","building_id":"6bac8714-15c0-4eff-8889-9b0608e90bad","height":20,"min_height":0},"geometry":{"type":"Polygon","coordinates":[[[-73.99040400981903,40.77478122624868],[-73.99047911167145,40.774679666662166],[-73.99038255214691,40.77463904278406],[-73.99031281471252,40.7747406024327],[-73.99040400981903,40.77478122624868]]]}},{"type":"Feature","properties":{"id":"63393632-3831-3964-B064-613661303936","building_id":"58553349-9b0d-4b68-a93e-82957fc4315d","height":46,"min_height":12},"geometry":{"type":"Polygon","coordinates":[[[-73.98802757263184,40.77917251427809],[-73.9880383014679,40.77917657638983],[-73.98808121681213,40.77911564468809],[-73.98816704750061,40.778928787120975],[-73.9878237247467,40.778782550397466],[-73.98775935173035,40.77887597945241],[-73.98792028427124,40.77893691137396],[-73.98795247077942,40.77889629009911],[-73.98813486099243,40.77897347050006],[-73.98807048797607,40.77911564468809],[-73.98802757263184,40.77917251427809]]]}},{"type":"Feature","properties":{"id":"35313337-3335-3630-A138-343934623536","building_id":"334c6b3d-e28e-4193-a5dc-580175bf04f2","height":25,"min_height":0},"geometry":{"type":"Polygon","coordinates":[[[-73.9851576089859,40.76953242350666],[-73.98517370223999,40.76951210999715],[-73.98512542247772,40.76949179648142],[-73.98513078689575,40.76947960836898],[-73.98507714271545,40.7694592948433],[-73.98505568504333,40.76948773377751],[-73.9851576089859,40.76953242350666]]]}},{"type":"Feature","properties":{"id":"32336262-6535-3637-A364-383137353634","building_id":"95ef09e4-8ee2-4af2-81d1-dd465e5d4a26","height":26,"min_height":23},"geometry":{"type":"Polygon","coordinates":[[[-73.98161709308624,40.772225939865734],[-73.98163855075836,40.772201564641676],[-73.98157954216003,40.772177189408666],[-73.98156344890594,40.772201564641676],[-73.98161709308624,40.772225939865734]]]}},{"type":"Feature","properties":{"id":"62383030-6430-3438-B931-663134393063","building_id":"0e549eb0-8a32-495f-8be1-0e2ecb35f7fe","height":36,"min_height":10},"geometry":{"type":"Polygon","coordinates":[[[-73.99268925189972,40.77296125492143],[-73.99253368377686,40.77291250500383],[-73.99251759052277,40.77293687996712],[-73.99267852306366,40.77298562986678],[-73.99268925189972,40.77296125492143]]]}},{"type":"Feature","properties":{"id":"39323133-6433-3235-A334-303535383963","building_id":"3924a3e6-164c-4efc-bc49-8df56a34874e","height":129,"min_height":0},"geometry":{"type":"Polygon","coordinates":[[[-73.98571014404297,40.77004432189693],[-73.98572087287903,40.77004838456679],[-73.98573696613312,40.770028071214966],[-73.98572623729706,40.77002400854386],[-73.98571014404297,40.77004432189693]]]}},{"type":"Feature","properties":{"id":"66326138-3731-3530-B132-626262666263","building_id":"7032491c-9edf-4c1a-9dad-b16dc4eff280","height":30,"min_height":0},"geometry":{"type":"Polygon","coordinates":[[[-73.98383259773254,40.774074368306316],[-73.98397207260132,40.773883434123775],[-73.98248612880707,40.773261878622634],[-73.98249685764313,40.773891558993796],[-73.98361802101135,40.77436686216009],[-73.98383259773254,40.774074368306316]]]}},{"type":"Feature","properties":{"id":"63356237-3663-3438-B464-646337346336","building_id":"8011d2a3-fd3c-4a09-950d-04c4b60f307a","height":22,"min_height":0},"geometry":{"type":"Polygon","coordinates":[[[-73.98514688014984,40.773505626570994],[-73.98419737815857,40.77310750445949],[-73.98384869098663,40.77358687568841],[-73.9847981929779,40.7739890573564],[-73.98514688014984,40.773505626570994]]]}},{"type":"Feature","properties":{"id":"65393430-3866-3139-A133-646364353833","building_id":"75dc8e3c-2b5a-4760-b0dd-3c59c0c9879f","height":79,"min_height":72.3},"geometry":{"type":"Polygon","coordinates":[[[-73.98687422275543,40.77473654004976],[-73.98685276508331,40.77472841528308],[-73.98682594299316,40.77477310148748],[-73.98684203624725,40.77478122624868],[-73.98687422275543,40.77473654004976]]]}},{"type":"Feature","properties":{"id":"61373364-3635-3364-B962-333365363935","building_id":"8eaec3cf-80f0-4734-9466-5e3aa686aec2","height":50,"min_height":0},"geometry":{"type":"Polygon","coordinates":[[[-73.98870885372162,40.77686925693888],[-73.98873567581177,40.77682863439969],[-73.98893415927887,40.77690987945326],[-73.9888858795166,40.777015497874345],[-73.98889660835266,40.777019560117964],[-73.98891806602478,40.7770114356305],[-73.98897707462311,40.7768936304505],[-73.98897707462311,40.77687738144374],[-73.98863911628723,40.77674332698649],[-73.988596200943,40.776836758909525],[-73.98870885372162,40.77686925693888]]]}},{"type":"Feature","properties":{"id":"63393439-3163-3736-A334-616335643131","building_id":"e7a0d77c-d233-4eea-b079-ede81d0c6e7d","height":165,"min_height":158},"geometry":{"type":"Polygon","coordinates":[[[-73.98742139339447,40.77969652463773],[-73.9874804019928,40.77968840047768],[-73.98752331733704,40.77965996590959],[-73.98755013942719,40.779619345076924],[-73.98755550384521,40.77957872421942],[-73.98754477500916,40.77955435169298],[-73.98751258850098,40.779517792886566],[-73.98746430873871,40.779493420337786],[-73.98741066455841,40.779489358245456],[-73.98737847805023,40.779489358245456],[-73.98733019828796,40.779509668704634],[-73.98729264736176,40.77954622751554],[-73.98727655410767,40.77958684839291],[-73.98728728294373,40.77963153132933],[-73.98731410503387,40.77966809007316],[-73.98736238479614,40.77969246255782],[-73.98742139339447,40.77969652463773]]]}},{"type":"Feature","properties":{"id":"32303432-3736-3063-B231-333561336661","building_id":"3924a3e6-164c-4efc-bc49-8df56a34874e","height":40,"min_height":0},"geometry":{"type":"Polygon","coordinates":[[[-73.98597836494446,40.77024339242814],[-73.98588180541992,40.770202765837524],[-73.98577988147736,40.77034495879593],[-73.985715508461,40.77031652022859],[-73.98570477962494,40.77032870818752],[-73.98562431335449,40.77029214430405],[-73.98563504219055,40.77028401899389],[-73.98556530475616,40.77025558040046],[-73.98561358451843,40.77019464051645],[-73.9855545759201,40.77016620188479],[-73.98549556732178,40.77024339242814],[-73.98586571216583,40.77039777324583],[-73.98597836494446,40.77024339242814]]]}},{"type":"Feature","properties":{"id":"33323038-3465-3733-A533-303732326233","building_id":"e7a0d77c-d233-4eea-b079-ede81d0c6e7d","height":22,"min_height":15},"geometry":{"type":"Polygon","coordinates":[[[-73.9872282743454,40.77987119383903],[-73.986976146698,40.77976557995825],[-73.98693859577179,40.77984275934918],[-73.98694396018982,40.77984682141991],[-73.98693323135376,40.77985900763056],[-73.98716926574707,40.77995243517151],[-73.9872282743454,40.77987119383903]]]}},{"type":"Feature","properties":{"id":"62303665-3131-3837-B633-366563623539","building_id":"334c6b3d-e28e-4193-a5dc-580175bf04f2","height":139,"min_height":0},"geometry":{"type":"Polygon","coordinates":[[[-73.98497521877289,40.76955679970993],[-73.98499667644501,40.76952836080528],[-73.98498594760895,40.76950804729452],[-73.98494839668274,40.76949179648142],[-73.98492157459259,40.76949992188844],[-73.98490011692047,40.76952836080528],[-73.98491084575653,40.769548674309846],[-73.98494839668274,40.76956086240958],[-73.98497521877289,40.76955679970993]]]}},{"type":"Feature","properties":{"id":"32303930-3330-3461-A630-666532653139","building_id":"8eaec3cf-80f0-4734-9466-5e3aa686aec2","height":80,"min_height":0},"geometry":{"type":"Polygon","coordinates":[[[-73.98864448070526,40.77714142731082],[-73.98871421813965,40.776995186652556],[-73.98865520954132,40.77697487542457],[-73.98858547210693,40.777125178364685],[-73.98864448070526,40.77714142731082]]]}},{"type":"Feature","properties":{"id":"33353035-3036-3561-A434-303065363839","building_id":"173889cf-a6b8-4d86-aa16-0ff3093800fe","height":70,"min_height":0},"geometry":{"type":"Polygon","coordinates":[[[-73.98302793502808,40.770539965786895],[-73.98317813873291,40.77060496799004],[-73.98327469825745,40.770470900876404],[-73.98312449455261,40.77040996118984],[-73.98302793502808,40.770539965786895]]]}},{"type":"Feature","properties":{"id":"65323538-3333-3337-B662-663663366561","building_id":"3a352188-e573-4060-ae8e-482f3dda312b","height":25,"min_height":0},"geometry":{"type":"Polygon","coordinates":[[[-73.98289918899536,40.774882785680006],[-73.98292601108551,40.7748421619261],[-73.98252367973328,40.77466747950132],[-73.98253977298737,40.77425311470333],[-73.9825826883316,40.77424092746426],[-73.98266315460205,40.77424905229054],[-73.98272752761841,40.77427342676344],[-73.98275434970856,40.77429780122742],[-73.98281335830688,40.77422061539417],[-73.98249685764313,40.774086555575934],[-73.98247539997101,40.77469997859188],[-73.98289918899536,40.774882785680006]]]}},{"type":"Feature","properties":{"id":"62656134-6166-3362-B735-656536346137","building_id":"8eaec3cf-80f0-4734-9466-5e3aa686aec2","height":60,"min_height":0},"geometry":{"type":"Polygon","coordinates":[[[-73.9887410402298,40.77729985432731],[-73.98877322673798,40.77723079644349],[-73.98856401443481,40.77716580072254],[-73.9885425567627,40.77721454751921],[-73.9887410402298,40.77729985432731]]]}},{"type":"Feature","properties":{"id":"33653436-3366-3364-A138-353934303333","building_id":"acaf11e9-31d0-4038-aa67-8ac51762d3e8","height":120,"min_height":0},"geometry":{"type":"Polygon","coordinates":[[[-73.98803293704987,40.77856319470854],[-73.98804366588593,40.77858350545091],[-73.988236784935,40.7786200647715],[-73.98825824260712,40.77860787833356],[-73.9883440732956,40.778372273426754],[-73.98833334445953,40.778356024781715],[-73.98814022541046,40.77831540315165],[-73.98811876773834,40.778319465315775],[-73.98803293704987,40.77856319470854]]]}},{"type":"Feature","properties":{"id":"39643666-3163-3266-B933-636336653830","building_id":"6bac8714-15c0-4eff-8889-9b0608e90bad","height":40,"min_height":0},"geometry":{"type":"Polygon","coordinates":[[[-73.99118721485138,40.77452935818914],[-73.99123549461365,40.77448873421915],[-73.99089753627777,40.77434655012854],[-73.99079024791718,40.77442779821757],[-73.99082243442535,40.774444047823465],[-73.99090826511383,40.77437904937608],[-73.99118185043335,40.77449685901513],[-73.99116039276123,40.77450904620724],[-73.99118721485138,40.77452935818914]]]}},{"type":"Feature","properties":{"id":"65326638-6637-3738-B231-353835613761","building_id":"81943a59-757d-4448-a9ca-14a4e1e17a99","height":22,"min_height":0},"geometry":{"type":"Polygon","coordinates":[[[-73.9870297908783,40.78017991037379],[-73.98707807064056,40.78010679342944],[-73.98687422275543,40.78002149022595],[-73.98685276508331,40.780066172869994],[-73.9869225025177,40.78009460726423],[-73.98690104484558,40.78012710369981],[-73.9870297908783,40.78017991037379]]]}},{"type":"Feature","properties":{"id":"31313466-6364-3531-B064-303566653632","building_id":"bb1d3c22-5bae-4e66-808d-b066dc45b2dc","height":33,"min_height":0},"geometry":{"type":"Polygon","coordinates":[[[-73.98164391517639,40.77458623170543],[-73.98153126239777,40.77473247766653],[-73.98186922073364,40.77487872330573],[-73.98188531398773,40.774789351008934],[-73.98187458515167,40.774679666662166],[-73.98164391517639,40.77458623170543]]]}},{"type":"Feature","properties":{"id":"66386331-6265-3335-B935-343739303563","building_id":"f27a8a0f-6932-483c-8790-5a23da872a5a","height":167.6,"min_height":0},"geometry":{"type":"Polygon","coordinates":[[[-73.9813756942749,40.76999556983918],[-73.98157954216003,40.77008494858438],[-73.98163855075836,40.77000369518461],[-73.98143470287323,40.76991837900795],[-73.9813756942749,40.76999556983918]]]}},{"type":"Feature","properties":{"id":"32313531-3531-3333-B834-633438646466","building_id":"e99a94ac-7ee8-4a0a-bac3-d9c5df1697fd","height":20,"min_height":0},"geometry":{"type":"Polygon","coordinates":[[[-73.9910477399826,40.77422467780869],[-73.99116575717926,40.774131242212064],[-73.9910477399826,40.774082493152946],[-73.99107456207275,40.774045931335195],[-73.99108529090881,40.77404999376037],[-73.99125158786774,40.77382249756701],[-73.99127304553986,40.77383062244448],[-73.99134814739227,40.773729061404794],[-73.99111747741699,40.773631562660654],[-73.99077415466309,40.77410686768698],[-73.9910477399826,40.77422467780869]]]}},{"type":"Feature","properties":{"id":"30633731-6166-3833-A335-386332376438","building_id":"8011d2a3-fd3c-4a09-950d-04c4b60f307a","height":19,"min_height":0},"geometry":{"type":"Polygon","coordinates":[[[-73.98514688014984,40.773505626570994],[-73.98525416851044,40.77335937790929],[-73.98463726043701,40.77310344197667],[-73.98452997207642,40.77324562872761],[-73.98514688014984,40.773505626570994]]]}},{"type":"Feature","properties":{"id":"38633730-3634-3430-B136-393030316438","building_id":"6c5893d1-d9ec-4666-ab87-95625da35262","height":null,"min_height":0},"geometry":{"type":"Polygon","coordinates":[[[-73.99024307727814,40.77267687989806],[-73.98999631404877,40.77257531709475],[-73.98990511894226,40.77266469236983],[-73.99021089076996,40.772766255036544],[-73.99024307727814,40.77267687989806]]]}},{"type":"Feature","properties":{"id":"35616235-6438-3636-A261-356234303431","building_id":"fdf9638e-97cb-45af-bfce-0ca4cd370c21","height":6,"min_height":0},"geometry":{"type":"Polygon","coordinates":[[[-73.98367702960968,40.77004025922679],[-73.98375749588013,40.76992244168551],[-73.98359656333923,40.76985337613314],[-73.98354291915894,40.76992244168551],[-73.98366093635559,40.76997119379689],[-73.98362874984741,40.77001588320093],[-73.98367702960968,40.77004025922679]]]}},{"type":"Feature","properties":{"id":"39663434-3632-3331-A236-386366653663","building_id":"fdf9638e-97cb-45af-bfce-0ca4cd370c21","height":94.3,"min_height":0},"geometry":{"type":"Polygon","coordinates":[[[-73.98387551307678,40.77012151258185],[-73.98406326770782,40.76986150149597],[-73.9836984872818,40.769707119432326],[-73.98359656333923,40.76985337613314],[-73.98375749588013,40.76992244168551],[-73.98367702960968,40.77004025922679],[-73.98387551307678,40.77012151258185]]]}},{"type":"Feature","properties":{"id":"35343664-3130-3035-A362-353266613063","building_id":"acaf11e9-31d0-4038-aa67-8ac51762d3e8","height":128,"min_height":124.7},"geometry":{"type":"MultiPolygon","coordinates":[[[[-73.98830652236938,40.77838039774778],[-73.9882904291153,40.77840070854606],[-73.98830115795135,40.77840477070498],[-73.98830115795135,40.77839664638691],[-73.98830652236938,40.77838039774778]]],[[[-73.98830115795135,40.778372273426754],[-73.98829579353333,40.77838039774778],[-73.98830115795135,40.77838039774778],[-73.98830115795135,40.778372273426754]]],[[[-73.98826897144318,40.7783641491047],[-73.98826897144318,40.778372273426754],[-73.9882743358612,40.77836821126587],[-73.98826897144318,40.7783641491047]]],[[[-73.98826360702515,40.7783641491047],[-73.98825824260712,40.7783641491047],[-73.98825824260712,40.77836821126587],[-73.98826360702515,40.7783641491047]]],[[[-73.98822605609894,40.778356024781715],[-73.98822605609894,40.7783641491047],[-73.98823142051697,40.77836008694334],[-73.98825824260712,40.7783641491047],[-73.98822605609894,40.778356024781715]]],[[[-73.98822069168091,40.77836008694334],[-73.98822069168091,40.778356024781715],[-73.98819386959076,40.778347900457675],[-73.98819386959076,40.778356024781715],[-73.98821532726288,40.778356024781715],[-73.98821532726288,40.7783641491047],[-73.98822605609894,40.7783641491047],[-73.98822069168091,40.77836008694334]]],[[[-73.98827970027924,40.77843320581036],[-73.9882904291153,40.77843726796726],[-73.98829579353333,40.77841289502206],[-73.98827970027924,40.77843320581036]]],[[[-73.9882743358612,40.778461640903544],[-73.98827970027924,40.77846570305874],[-73.98828506469727,40.77844133012394],[-73.9882743358612,40.778461640903544]]],[[[-73.9882743358612,40.778473827368344],[-73.9882743358612,40.778469765213686],[-73.98826897144318,40.778469765213686],[-73.9882743358612,40.778473827368344]]],[[[-73.98826360702515,40.77849413813806],[-73.98826897144318,40.77849820029124],[-73.9882743358612,40.778473827368344],[-73.98826360702515,40.77849413813806]]],[[[-73.98825287818909,40.77850226244419],[-73.98825824260712,40.77850226244419],[-73.98825824260712,40.77849413813806],[-73.98825287818909,40.77850226244419]]],[[[-73.98824751377106,40.77852257320518],[-73.98825824260712,40.778526635356656],[-73.98826360702515,40.77850632459689],[-73.98824751377106,40.77852257320518]]],[[[-73.98825287818909,40.77853475965881],[-73.98825287818909,40.77853069750785],[-73.98824751377106,40.77853069750785],[-73.98825287818909,40.77853475965881]]],[[[-73.98824214935303,40.77855507040988],[-73.98824751377106,40.77855507040988],[-73.98825287818909,40.77853475965881],[-73.98824214935303,40.77855507040988]]],[[[-73.98823142051697,40.77856319470854],[-73.988236784935,40.77856319470854],[-73.988236784935,40.77855507040988],[-73.98823142051697,40.77856319470854]]],[[[-73.988236784935,40.77856319470854],[-73.98823142051697,40.778587567598635],[-73.98824214935303,40.77856319470854],[-73.988236784935,40.77856319470854]]],[[[-73.98822069168091,40.77859162974613],[-73.98822605609894,40.77859162974613],[-73.98822605609894,40.778587567598635],[-73.98822069168091,40.77859162974613]]],[[[-73.98819386959076,40.77858350545091],[-73.98818850517273,40.778587567598635],[-73.98822069168091,40.77859162974613],[-73.98819386959076,40.77858350545091]]],[[[-73.9881831407547,40.778575381154724],[-73.9881831407547,40.77857944330293],[-73.98819386959076,40.77857944330293],[-73.9881831407547,40.778575381154724]]],[[[-73.98815095424652,40.778575381154724],[-73.98814558982849,40.77857944330293],[-73.9881831407547,40.77858350545091],[-73.98815095424652,40.778575381154724]]],[[[-73.98814022541046,40.778567256857514],[-73.98814022541046,40.77857131900623],[-73.98815095424652,40.77857131900623],[-73.98814022541046,40.778567256857514]]],[[[-73.98811340332031,40.778567256857514],[-73.98811340332031,40.77857131900623],[-73.98814022541046,40.778575381154724],[-73.98811340332031,40.778567256857514]]],[[[-73.98811876773834,40.77856319470854],[-73.98811340332031,40.77856319470854],[-73.98811340332031,40.778567256857514],[-73.98811876773834,40.77856319470854]]],[[[-73.98810803890228,40.77855913255931],[-73.98810267448425,40.778567256857514],[-73.98810803890228,40.77856319470854],[-73.98811340332031,40.77856319470854],[-73.98810803890228,40.77855913255931]]],[[[-73.9880758523941,40.77855913255931],[-73.98807048797607,40.77856319470854],[-73.98810267448425,40.778567256857514],[-73.9880758523941,40.77855913255931]]],[[[-73.98807048797607,40.778551008260166],[-73.98806512355804,40.77855507040988],[-73.9880758523941,40.77855507040988],[-73.98807048797607,40.778551008260166]]],[[[-73.98808658123016,40.77849820029124],[-73.9880758523941,40.77852257320518],[-73.98808658123016,40.77852257320518],[-73.98808658123016,40.77849820029124]]],[[[-73.98809731006622,40.77850226244419],[-73.98809731006622,40.77849820029124],[-73.98808658123016,40.77849820029124],[-73.98809731006622,40.77850226244419]]],[[[-73.98810267448425,40.77849007598462],[-73.9880919456482,40.77849007598462],[-73.98809731006622,40.77849413813806],[-73.98810267448425,40.77849007598462]]],[[[-73.98810803890228,40.778469765213686],[-73.98809731006622,40.77846570305874],[-73.9880919456482,40.77849007598462],[-73.98810803890228,40.778469765213686]]],[[[-73.98811340332031,40.77843726796726],[-73.98810803890228,40.77843726796726],[-73.98810267448425,40.77845757874812],[-73.98811340332031,40.77843726796726]]],[[[-73.98811876773834,40.77844133012394],[-73.98811876773834,40.77843726796726],[-73.98811340332031,40.77843726796726],[-73.98811876773834,40.77844133012394]]],[[[-73.98812413215637,40.7784291436532],[-73.98811340332031,40.7784291436532],[-73.98811876773834,40.77843320581036],[-73.98812413215637,40.7784291436532]]],[[[-73.98812413215637,40.77840883286362],[-73.98811876773834,40.77840477070498],[-73.98811340332031,40.7784291436532],[-73.98812413215637,40.77840883286362]]],[[[-73.98813486099243,40.77840070854606],[-73.9881294965744,40.77840070854606],[-73.9881294965744,40.77840883286362],[-73.98813486099243,40.77840070854606]]],[[[-73.98813486099243,40.77837633558741],[-73.9881294965744,40.77837633558741],[-73.98812413215637,40.77840070854606],[-73.98813486099243,40.77837633558741]]],[[[-73.98814558982849,40.77836821126587],[-73.98814022541046,40.77836821126587],[-73.98814022541046,40.77837633558741],[-73.98814558982849,40.77836821126587]]],[[[-73.98814022541046,40.77836821126587],[-73.98814558982849,40.778347900457675],[-73.98814022541046,40.778343838295285],[-73.98813486099243,40.77836821126587],[-73.98814022541046,40.77836821126587]]],[[[-73.98815631866455,40.778343838295285],[-73.9881831407547,40.778347900457675],[-73.98815095424652,40.77833977613264],[-73.98815095424652,40.778347900457675],[-73.98815631866455,40.778343838295285]]]]}},{"type":"Feature","properties":{"id":"34303261-3832-3766-A231-326636656561","building_id":"95ef09e4-8ee2-4af2-81d1-dd465e5d4a26","height":82,"min_height":0},"geometry":{"type":"Polygon","coordinates":[[[-73.98163318634033,40.7722706277533],[-73.98179411888123,40.772266565219326],[-73.98179411888123,40.772238127474424],[-73.98178339004517,40.77223406493843],[-73.98163855075836,40.77223406493843],[-73.98163318634033,40.77224219001013],[-73.98163318634033,40.7722706277533]]]}},{"type":"Feature","properties":{"id":"63326661-3835-3438-B635-623366353338","building_id":"d50fd256-527a-4e4a-99d2-cd0bd577d359","height":45,"min_height":0},"geometry":{"type":"Polygon","coordinates":[[[-73.98413836956024,40.774208428149166],[-73.98392915725708,40.77449279661727],[-73.9840579032898,40.774545607770165],[-73.98427784442902,40.7742449898775],[-73.98452460765839,40.77435061253536],[-73.9846533536911,40.77417186640068],[-73.98403108119965,40.773911871164444],[-73.98389160633087,40.77410280526527],[-73.98413836956024,40.774208428149166]]]}},{"type":"Feature","properties":{"id":"66326235-6362-3865-B334-346364363136","building_id":"8011d2a3-fd3c-4a09-950d-04c4b60f307a","height":28.2,"min_height":0},"geometry":{"type":"Polygon","coordinates":[[[-73.98489475250244,40.77349750165379],[-73.98464798927307,40.77339187763971],[-73.98466944694519,40.77336344037647],[-73.98436367511749,40.7732375037786],[-73.98407399654388,40.773635625111154],[-73.98430466651917,40.773733123849354],[-73.98433148860931,40.773692499392496],[-73.9846533536911,40.77382656000589],[-73.98489475250244,40.77349750165379]]]}},{"type":"Feature","properties":{"id":"34616430-3766-3264-B965-333463346235","building_id":"1b613562-57c9-42a8-bf21-3d102486b615","height":31.7,"min_height":0},"geometry":{"type":"Polygon","coordinates":[[[-73.98411691188812,40.771559680522984],[-73.98385405540466,40.77144999084433],[-73.9837521314621,40.771584055982544],[-73.98401498794556,40.77169374543982],[-73.98411691188812,40.771559680522984]]]}},{"type":"Feature","properties":{"id":"38656563-3564-3036-B038-333862653664","building_id":"95ef09e4-8ee2-4af2-81d1-dd465e5d4a26","height":82,"min_height":0},"geometry":{"type":"Polygon","coordinates":[[[-73.98169755935669,40.772672817388894],[-73.98170292377472,40.77267687989806],[-73.98184776306152,40.77267687989806],[-73.98185312747955,40.772668754879476],[-73.98185312747955,40.77264031730675],[-73.98169219493866,40.772644379817876],[-73.98169755935669,40.772672817388894]]]}},{"type":"Feature","properties":{"id":"37333638-3132-3632-B130-333161393037","building_id":"545efe6d-c878-4a5a-a97a-b10a7d0ee920","height":28,"min_height":0},"geometry":{"type":"Polygon","coordinates":[[[-73.98194432258606,40.77415967914669],[-73.9818799495697,40.774131242212064],[-73.98178339004517,40.77426530194015],[-73.9817887544632,40.77426530194015],[-73.98175120353699,40.77432217568247],[-73.98169219493866,40.77429373881739],[-73.98164927959442,40.77435467494192],[-73.98193895816803,40.77447654702331],[-73.98194432258606,40.77415967914669]]]}},{"type":"Feature","properties":{"id":"65643065-3063-3337-A638-663962306636","building_id":"321af5a2-c7ed-4e7d-8747-e6b10ef76bd8","height":72,"min_height":0},"geometry":{"type":"Polygon","coordinates":[[[-73.98935258388519,40.77426123952813],[-73.98943841457367,40.77413936705176],[-73.98923993110657,40.774058118610014],[-73.98915410041809,40.77417999123537],[-73.98935258388519,40.77426123952813]]]}},{"type":"Feature","properties":{"id":"35323535-3766-3666-B565-396565356431","building_id":"acaf11e9-31d0-4038-aa67-8ac51762d3e8","height":null,"min_height":0},"geometry":{"type":"Polygon","coordinates":[[[-73.98801684379578,40.778177289423695],[-73.98799002170563,40.77825853282786],[-73.98789882659912,40.7782382219861],[-73.987877368927,40.77827884366337],[-73.98783445358276,40.77826665716279],[-73.98780763149261,40.77832352747964],[-73.98781836032867,40.77832758964328],[-73.98781299591064,40.77833977613264],[-73.98780226707458,40.778335713969796],[-73.98777544498444,40.778392584227504],[-73.98781299591064,40.77840477070498],[-73.98780226707458,40.77843726796726],[-73.98791491985321,40.778461640903544],[-73.98789346218109,40.77851444890155],[-73.98804366588593,40.77853882180952],[-73.98816168308258,40.77820978679728],[-73.98801684379578,40.778177289423695]]]}},{"type":"Feature","properties":{"id":"65316237-3762-3262-B863-356631396630","building_id":"63a3396f-e9e1-49c0-a491-df0a926ab4f6","height":7,"min_height":0},"geometry":{"type":"Polygon","coordinates":[[[-73.98589789867401,40.77180749727836],[-73.98592472076416,40.77177093420863],[-73.98547410964966,40.77157999340656],[-73.98544192314148,40.77162061915507],[-73.98589789867401,40.77180749727836]]]}},{"type":"Feature","properties":{"id":"38643633-6437-3939-B637-623964363531","building_id":"bb1d3c22-5bae-4e66-808d-b066dc45b2dc","height":20,"min_height":0},"geometry":{"type":"Polygon","coordinates":[[[-73.98122012615204,40.77436686216009],[-73.9808714389801,40.77484622430262],[-73.98190140724182,40.77528089715358],[-73.98192822933197,40.774663417113885],[-73.98122012615204,40.77436686216009]]]}},{"type":"Feature","properties":{"id":"37336433-3764-3031-B334-616234303462","building_id":"6bac8714-15c0-4eff-8889-9b0608e90bad","height":60,"min_height":0},"geometry":{"type":"Polygon","coordinates":[[[-73.99085462093353,40.7747609143438],[-73.9908117055893,40.77479747576814],[-73.99062931537628,40.77466747950132],[-73.99057030677795,40.77471622813118],[-73.99051129817963,40.77469185382071],[-73.99045765399933,40.77475685196208],[-73.99072587490082,40.774866536181435],[-73.99074196815491,40.774850286678884],[-73.99076879024506,40.77487059855645],[-73.99088144302368,40.77478122624868],[-73.99085462093353,40.7747609143438]]]}},{"type":"Feature","properties":{"id":"39366434-3132-3831-B830-336636653636","building_id":"f27a8a0f-6932-483c-8790-5a23da872a5a","height":163.5,"min_height":160},"geometry":{"type":"Polygon","coordinates":[[[-73.98172974586487,40.769881814898696],[-73.9817351102829,40.76987368953834],[-73.98171365261078,40.769865564176996],[-73.98170828819275,40.76987368953834],[-73.98172974586487,40.769881814898696]]]}},{"type":"Feature","properties":{"id":"66313863-6562-3366-A237-386232343836","building_id":"e7a0d77c-d233-4eea-b079-ede81d0c6e7d","height":84,"min_height":0},"geometry":{"type":"Polygon","coordinates":[[[-73.98760914802551,40.77957872421942],[-73.98749113082886,40.77974120750039],[-73.98759841918945,40.77978589033299],[-73.98772716522217,40.77960715882227],[-73.98761987686157,40.779562475869454],[-73.98760914802551,40.77957872421942]]]}},{"type":"Feature","properties":{"id":"38663563-3561-3535-B633-653834623832","building_id":"173889cf-a6b8-4d86-aa16-0ff3093800fe","height":75,"min_height":70},"geometry":{"type":"Polygon","coordinates":[[[-73.98320496082306,40.7705602789822],[-73.98323714733124,40.770519652585364],[-73.98317813873291,40.770495276735346],[-73.98314595222473,40.77053590314708],[-73.98320496082306,40.7705602789822]]]}},{"type":"Feature","properties":{"id":"31653633-3236-3330-B863-613563663530","building_id":"c85cb2d7-4463-4d55-9c11-a0a07a5c77fc","height":27.4,"min_height":0},"geometry":{"type":"Polygon","coordinates":[[[-73.98295819759369,40.77259156715371],[-73.98287773132324,40.772660629859956],[-73.98277580738068,40.77277438004319],[-73.9826363325119,40.77300594231443],[-73.98301184177399,40.773164379192906],[-73.98321568965912,40.77292875498034],[-73.9832854270935,40.77281094256071],[-73.98330688476562,40.77274188001067],[-73.98322641849518,40.77269719244009],[-73.98313522338867,40.77265250483944],[-73.98295819759369,40.77259156715371]]]}},{"type":"Feature","properties":{"id":"33623265-3338-3339-A366-313538343837","building_id":"0e9c4a17-137c-4586-9009-6dfe0662d70d","height":null,"min_height":0},"geometry":{"type":"Polygon","coordinates":[[[-73.98280799388885,40.76949585918507],[-73.9828884601593,40.769390228809556],[-73.9824378490448,40.76919928116618],[-73.98241639137268,40.76919928116618],[-73.98240029811859,40.76920334388768],[-73.98240029811859,40.76934960169734],[-73.98272752761841,40.76949179648142],[-73.98274898529053,40.7694674202543],[-73.98280799388885,40.76949585918507]]]}},{"type":"Feature","properties":{"id":"37306562-6263-3632-A134-353931626338","building_id":"e7a0d77c-d233-4eea-b079-ede81d0c6e7d","height":59,"min_height":15},"geometry":{"type":"Polygon","coordinates":[[[-73.98772716522217,40.77960715882227],[-73.98759841918945,40.77978589033299],[-73.98749113082886,40.77974120750039],[-73.98735702037811,40.77992400071642],[-73.98729264736176,40.779899628316684],[-73.98726046085358,40.779944311042726],[-73.987335562706,40.77997680755186],[-73.98733019828796,40.77998899373867],[-73.98740530014038,40.780017428165905],[-73.98739993572235,40.780029614345295],[-73.98747503757477,40.78006211081271],[-73.98776471614838,40.779623407161296],[-73.98772716522217,40.77960715882227]]]}},{"type":"Feature","properties":{"id":"62306133-3730-3165-A131-663130386363","building_id":"3924a3e6-164c-4efc-bc49-8df56a34874e","height":152,"min_height":0},"geometry":{"type":"Polygon","coordinates":[[[-73.98577988147736,40.77024745508581],[-73.98567795753479,40.770202765837524],[-73.98565113544464,40.77024339242814],[-73.9857530593872,40.770288081649085],[-73.98577988147736,40.77024745508581]]]}},{"type":"Feature","properties":{"id":"32326336-3338-3232-A234-343535626139","building_id":"8011d2a3-fd3c-4a09-950d-04c4b60f307a","height":22.2,"min_height":0},"geometry":{"type":"Polygon","coordinates":[[[-73.9843100309372,40.77331062828384],[-73.98417592048645,40.77325375367562],[-73.98408472537994,40.77337969024268],[-73.98421883583069,40.77343656474309],[-73.9843100309372,40.77331062828384]]]}},{"type":"Feature","properties":{"id":"64343133-3866-3932-A231-636439336463","building_id":"95ef09e4-8ee2-4af2-81d1-dd465e5d4a26","height":13,"min_height":0},"geometry":{"type":"Polygon","coordinates":[[[-73.98160099983215,40.77269719244009],[-73.98163855075836,40.772644379817876],[-73.9816278219223,40.772636254795344],[-73.9816278219223,40.77257531709475],[-73.98163318634033,40.772567192063775],[-73.9816278219223,40.77256312954793],[-73.98162245750427,40.772502191780234],[-73.98163318634033,40.772494066740336],[-73.98162245750427,40.77249000422],[-73.98162245750427,40.77242500386092],[-73.98163318634033,40.77241687881158],[-73.98162245750427,40.77241281628653],[-73.98162245750427,40.77235187838099],[-73.98163318634033,40.77234375332267],[-73.98162245750427,40.77233969079316],[-73.98161709308624,40.772225939865734],[-73.98156344890594,40.772201564641676],[-73.98157954216003,40.772177189408666],[-73.98149907588959,40.77214468908409],[-73.98139178752899,40.77229094041954],[-73.98154735565186,40.77235594090976],[-73.98137032985687,40.7725996921817],[-73.98160099983215,40.77269719244009]]]}},{"type":"Feature","properties":{"id":"64666236-3766-3866-B964-336233306533","building_id":"4499cd97-07d2-4784-8a70-1fccf90c7986","height":null,"min_height":0},"geometry":{"type":"Polygon","coordinates":[[[-73.9898943901062,40.77375749851157],[-73.98991048336029,40.77373718629369],[-73.98983001708984,40.773704686732174],[-73.98982465267181,40.773729061404794],[-73.9898943901062,40.77375749851157]]]}},{"type":"Feature","properties":{"id":"37323738-3565-3861-B966-613130633132","building_id":"b6ca47db-6ae4-4882-a2c8-252cb3b64baf","height":null,"min_height":0},"geometry":{"type":"Polygon","coordinates":[[[-73.98193895816803,40.77858350545091],[-73.98195505142212,40.77844539228036],[-73.98193895816803,40.77844539228036],[-73.98192286491394,40.77857944330293],[-73.98193895816803,40.77858350545091]]]}},{"type":"Feature","properties":{"id":"66656138-3337-3734-B565-626638653465","building_id":"00a5b3fc-dd06-4b9b-9226-de06a1f827b9","height":126,"min_height":0},"geometry":{"type":"Polygon","coordinates":[[[-73.98312449455261,40.77711299165247],[-73.98333370685577,40.77682863439969],[-73.98331224918365,40.77681644763308],[-73.9831030368805,40.77710486717643],[-73.98312449455261,40.77711299165247]]]}},{"type":"Feature","properties":{"id":"39373665-3834-3831-B236-363433643531","building_id":"d50fd256-527a-4e4a-99d2-cd0bd577d359","height":105.2,"min_height":0},"geometry":{"type":"Polygon","coordinates":[[[-73.98413836956024,40.774208428149166],[-73.98427784442902,40.77401749435188],[-73.98403108119965,40.773911871164444],[-73.98389160633087,40.77410280526527],[-73.98413836956024,40.774208428149166]]]}},{"type":"Feature","properties":{"id":"39353034-3861-3264-B737-386161663764","building_id":"e7a0d77c-d233-4eea-b079-ede81d0c6e7d","height":90,"min_height":84},"geometry":{"type":"Polygon","coordinates":[[[-73.98759305477142,40.77976151788258],[-73.98770034313202,40.779615282992296],[-73.98760914802551,40.77957872421942],[-73.98750185966492,40.77972495919019],[-73.98759305477142,40.77976151788258]]]}},{"type":"Feature","properties":{"id":"62393632-6131-3439-A238-343136653363","building_id":"3924a3e6-164c-4efc-bc49-8df56a34874e","height":129,"min_height":0},"geometry":{"type":"Polygon","coordinates":[[[-73.98601055145264,40.76991837900795],[-73.9860212802887,40.76990619097376],[-73.98598372936249,40.769889940258054],[-73.98594081401825,40.7698696268578],[-73.98593008518219,40.769885877578474],[-73.98586571216583,40.76985743881468],[-73.98582816123962,40.76990619097376],[-73.98589253425598,40.76993056703989],[-73.98590326309204,40.76991837900795],[-73.98598909378052,40.769950880421504],[-73.98597836494446,40.769967131122314],[-73.98604273796082,40.76999556983918],[-73.986074924469,40.76994681774568],[-73.98601055145264,40.76991837900795]]]}},{"type":"Feature","properties":{"id":"66383839-3731-3437-A332-343736613239","building_id":"58553349-9b0d-4b68-a93e-82957fc4315d","height":56,"min_height":12},"geometry":{"type":"Polygon","coordinates":[[[-73.98758232593536,40.779200949054854],[-73.98770034313202,40.779038464452356],[-73.98756086826324,40.77897753262394],[-73.98743748664856,40.77914001737548],[-73.98758232593536,40.779200949054854]]]}},{"type":"Feature","properties":{"id":"38393563-3139-3966-B262-653261396333","building_id":"81943a59-757d-4448-a9ca-14a4e1e17a99","height":45,"min_height":0},"geometry":{"type":"Polygon","coordinates":[[[-73.98734092712402,40.78024490314564],[-73.98735702037811,40.78022459291128],[-73.98725509643555,40.78017991037379],[-73.98723363876343,40.780204282670695],[-73.98734092712402,40.78024490314564]]]}},{"type":"Feature","properties":{"id":"32636138-6538-3661-B139-306231373461","building_id":"276349fd-d4f6-4263-9cc3-c39d4818100f","height":20,"min_height":0},"geometry":{"type":"Polygon","coordinates":[[[-73.98154735565186,40.771039668589026],[-73.9818799495697,40.77118185975647],[-73.98186922073364,40.77054809106579],[-73.98145079612732,40.770369334701115],[-73.98134350776672,40.770519652585364],[-73.9816278219223,40.77064153170136],[-73.98163855075836,40.77091372758659],[-73.98154735565186,40.771039668589026]]]}},{"type":"Feature","properties":{"id":"65663364-3536-3466-B864-303837383339","building_id":"f27a8a0f-6932-483c-8790-5a23da872a5a","height":156,"min_height":0},"geometry":{"type":"Polygon","coordinates":[[[-73.98174583911896,40.7698086866198],[-73.98176729679108,40.76978024782298],[-73.98176193237305,40.76974368363773],[-73.98170828819275,40.769723370192764],[-73.98165464401245,40.769727432882235],[-73.98163318634033,40.769759934389214],[-73.98174583911896,40.7698086866198]]]}},{"type":"Feature","properties":{"id":"64353435-3962-3732-B538-336230343231","building_id":"f393b788-dd29-4001-907a-8d160458b124","height":20,"min_height":0},"geometry":{"type":"Polygon","coordinates":[[[-73.98190140724182,40.77200249997708],[-73.98189067840576,40.77140123981795],[-73.9812844991684,40.77171812085018],[-73.9812684059143,40.77173437111878],[-73.98190140724182,40.77200249997708]]]}},{"type":"Feature","properties":{"id":"34666137-6633-3466-B566-613334393938","building_id":"32ba972f-c7d9-43c7-82bd-eecfe35d0f12","height":null,"min_height":0},"geometry":{"type":"Polygon","coordinates":[[[-73.9906507730484,40.77394030819298],[-73.99057030677795,40.773911871164444],[-73.9905059337616,40.77399718221349],[-73.99058640003204,40.7740337440581],[-73.9906507730484,40.77394030819298]]]}},{"type":"Feature","properties":{"id":"38366261-6262-3438-B637-373665663362","building_id":"61ce73e9-ff5e-4598-9b41-6cd5872aae22","height":6,"min_height":0},"geometry":{"type":"Polygon","coordinates":[[[-73.98934721946716,40.77341218996318],[-73.98928821086884,40.77349750165379],[-73.98950815200806,40.773590938141695],[-73.98952424526215,40.77356656341837],[-73.98935258388519,40.77349343919482],[-73.98936331272125,40.77347718935644],[-73.98934185504913,40.773469064435744],[-73.98937404155731,40.773424377354246],[-73.98934721946716,40.77341218996318]]]}},{"type":"Feature","properties":{"id":"39336430-3364-3162-B330-663536616634","building_id":"75dc8e3c-2b5a-4760-b0dd-3c59c0c9879f","height":83,"min_height":74},"geometry":{"type":"Polygon","coordinates":[[[-73.98684203624725,40.77478122624868],[-73.98690640926361,40.77480560052638],[-73.98693859577179,40.774764976725294],[-73.98687422275543,40.77473654004976],[-73.98684203624725,40.77478122624868]]]}},{"type":"Feature","properties":{"id":"39616133-3162-3031-B736-326234383361","building_id":"acaf11e9-31d0-4038-aa67-8ac51762d3e8","height":124.7,"min_height":0},"geometry":{"type":"Polygon","coordinates":[[[-73.98805975914001,40.77857131900623],[-73.98808121681213,40.778575381154724],[-73.98808658123016,40.77856319470854],[-73.9880919456482,40.778567256857514],[-73.9880919456482,40.778575381154724],[-73.98810803890228,40.77857944330293],[-73.98811340332031,40.77857131900623],[-73.98813486099243,40.778575381154724],[-73.9881294965744,40.778587567598635],[-73.98815095424652,40.77859162974613],[-73.98815631866455,40.77857944330293],[-73.9881831407547,40.77858350545091],[-73.98817777633667,40.778595691893344],[-73.98819923400879,40.77859975404033],[-73.98820459842682,40.778587567598635],[-73.98820996284485,40.77859162974613],[-73.98820459842682,40.77860381618706],[-73.98822605609894,40.77860787833356],[-73.98823142051697,40.778595691893344],[-73.98824751377106,40.77859975404033],[-73.98825287818909,40.77858350545091],[-73.988236784935,40.77857944330293],[-73.98824214935303,40.77857131900623],[-73.98825287818909,40.778575381154724],[-73.98825824260712,40.77855913255931],[-73.98824751377106,40.77855507040988],[-73.98825287818909,40.77853069750785],[-73.98826897144318,40.77853475965881],[-73.9882743358612,40.77852257320518],[-73.98825824260712,40.77851851105348],[-73.98826360702515,40.77851038674933],[-73.98827970027924,40.77851444890155],[-73.98827970027924,40.77849820029124],[-73.98826897144318,40.77849820029124],[-73.9882743358612,40.778469765213686],[-73.9882904291153,40.778473827368344],[-73.98829579353333,40.778461640903544],[-73.98827970027924,40.77845757874812],[-73.98828506469727,40.778449454436554],[-73.98830115795135,40.778453516592464],[-73.98830652236938,40.77843726796726],[-73.9882904291153,40.77843726796726],[-73.98829579353333,40.77840883286362],[-73.98831188678741,40.77841289502206],[-73.98831725120544,40.77840070854606],[-73.98830115795135,40.77839664638691],[-73.98830652236938,40.77838852206784],[-73.98832261562347,40.778392584227504],[-73.9883279800415,40.77837633558741],[-73.98831188678741,40.778372273426754],[-73.98831725120544,40.7783641491047],[-73.98829579353333,40.77836008694334],[-73.9882904291153,40.77836821126587],[-73.98827970027924,40.77836821126587],[-73.98828506469727,40.778356024781715],[-73.98826897144318,40.77835196261981],[-73.98826360702515,40.7783641491047],[-73.988236784935,40.778356024781715],[-73.988236784935,40.778347900457675],[-73.98822069168091,40.778343838295285],[-73.98821532726288,40.77835196261981],[-73.98819386959076,40.778347900457675],[-73.98819923400879,40.778335713969796],[-73.98817777633667,40.77833165180664],[-73.98817241191864,40.778343838295285],[-73.98816704750061,40.778343838295285],[-73.98816704750061,40.77833165180664],[-73.98815095424652,40.77832758964328],[-73.98814558982849,40.77833977613264],[-73.98813486099243,40.778335713969796],[-73.9881294965744,40.77835196261981],[-73.98814022541046,40.77835196261981],[-73.98813486099243,40.77836008694334],[-73.98812413215637,40.778356024781715],[-73.98811876773834,40.778372273426754],[-73.9881294965744,40.77837633558741],[-73.98812413215637,40.77840070854606],[-73.98810803890228,40.77839664638691],[-73.98810267448425,40.77841289502206],[-73.98811876773834,40.77841289502206],[-73.98811340332031,40.77842101933811],[-73.98810267448425,40.77842101933811],[-73.98809731006622,40.77843320581036],[-73.98810803890228,40.77843726796726],[-73.98810267448425,40.778461640903544],[-73.98808658123016,40.77845757874812],[-73.98808121681213,40.778473827368344],[-73.98809731006622,40.778473827368344],[-73.9880919456482,40.77848195167698],[-73.98808121681213,40.77848195167698],[-73.9880758523941,40.77849413813806],[-73.98808658123016,40.77849820029124],[-73.9880758523941,40.77852257320518],[-73.98806512355804,40.77851851105348],[-73.98805975914001,40.77853475965881],[-73.9880758523941,40.77853475965881],[-73.98807048797607,40.7785469461102],[-73.98805439472198,40.77854288395997],[-73.98804903030396,40.77855507040988],[-73.98806512355804,40.77855913255931],[-73.98805975914001,40.77857131900623]]]}},{"type":"Feature","properties":{"id":"31616436-3438-3165-A538-396366396137","building_id":"f27a8a0f-6932-483c-8790-5a23da872a5a","height":144,"min_height":0},"geometry":{"type":"Polygon","coordinates":[[[-73.9817351102829,40.77000369518461],[-73.98183703422546,40.76986150149597],[-73.98182094097137,40.76985337613314],[-73.98171901702881,40.76999556983918],[-73.9817351102829,40.77000369518461]]]}},{"type":"Feature","properties":{"id":"31386630-6163-3537-A263-383365663265","building_id":"3924a3e6-164c-4efc-bc49-8df56a34874e","height":157,"min_height":153},"geometry":{"type":"Polygon","coordinates":[[[-73.98581206798553,40.77021089115766],[-73.98584961891174,40.77015401389605],[-73.98574769496918,40.77010932458492],[-73.98570477962494,40.77016620188479],[-73.98581206798553,40.77021089115766]]]}},{"type":"Feature","properties":{"id":"36383235-3839-3438-B236-643164363739","building_id":"5e6d90ae-9806-47f9-8926-c81b28aed41f","height":15,"min_height":0},"geometry":{"type":"Polygon","coordinates":[[[-73.9826899766922,40.77090153973501],[-73.98257732391357,40.77105591902358],[-73.98242175579071,40.77098685464932],[-73.98242175579071,40.771088419880726],[-73.98284554481506,40.77126717431088],[-73.98290991783142,40.7711777971559],[-73.9825987815857,40.771047793806815],[-73.98270070552826,40.77090966496965],[-73.9826899766922,40.77090153973501]]]}},{"type":"Feature","properties":{"id":"37383632-3735-3535-A362-326531383631","building_id":"6c5893d1-d9ec-4666-ab87-95625da35262","height":22,"min_height":0},"geometry":{"type":"Polygon","coordinates":[[[-73.99000704288483,40.77269719244009],[-73.98990511894226,40.77266469236983],[-73.98983538150787,40.77274188001067],[-73.98976027965546,40.77284750505814],[-73.99011433124542,40.77299375484657],[-73.99013042449951,40.7729693799042],[-73.98984611034393,40.77284750505814],[-73.99000704288483,40.77269719244009]]]}},{"type":"Feature","properties":{"id":"63336132-3430-3137-A166-383431313364","building_id":"8eaec3cf-80f0-4734-9466-5e3aa686aec2","height":60,"min_height":0},"geometry":{"type":"Polygon","coordinates":[[[-73.98889124393463,40.776995186652556],[-73.98893415927887,40.77690987945326],[-73.98873567581177,40.77682863439969],[-73.98867666721344,40.77693019070114],[-73.98889124393463,40.776995186652556]]]}},{"type":"Feature","properties":{"id":"62306566-3165-3362-B430-623931666262","building_id":"acaf11e9-31d0-4038-aa67-8ac51762d3e8","height":48,"min_height":0},"geometry":{"type":"Polygon","coordinates":[[[-73.98833870887756,40.77838852206784],[-73.98836016654968,40.778392584227504],[-73.98837625980377,40.77838852206784],[-73.98842990398407,40.7782260354781],[-73.98842453956604,40.77821384896785],[-73.98811340332031,40.778083859386044],[-73.98809731006622,40.77808792156432],[-73.98806512355804,40.778177289423695],[-73.98807048797607,40.77818947594065],[-73.98816168308258,40.77820978679728],[-73.98817241191864,40.77816916507777],[-73.98818850517273,40.778165102904495],[-73.98837625980377,40.77824228415497],[-73.98838698863983,40.77825447065999],[-73.98833870887756,40.77838852206784]]]}},{"type":"Feature","properties":{"id":"36333236-3835-3035-A661-653963396161","building_id":"334c6b3d-e28e-4193-a5dc-580175bf04f2","height":128,"min_height":0},"geometry":{"type":"Polygon","coordinates":[[[-73.98505568504333,40.76968680597622],[-73.9851039648056,40.769621802874866],[-73.98509323596954,40.769617740178916],[-73.9851576089859,40.76953242350666],[-73.98505568504333,40.76948773377751],[-73.98507177829742,40.7694674202543],[-73.98489475250244,40.769390228809556],[-73.98478746414185,40.76953242350666],[-73.9849054813385,40.76958117590422],[-73.98488402366638,40.76961367748274],[-73.98505568504333,40.76968680597622]]]}},{"type":"Feature","properties":{"id":"61306362-6537-3664-B438-366634353263","building_id":"f27a8a0f-6932-483c-8790-5a23da872a5a","height":150,"min_height":0},"geometry":{"type":"Polygon","coordinates":[[[-73.98181557655334,40.769739620949196],[-73.98164927959442,40.76966649251386],[-73.98160099983215,40.769727432882235],[-73.98157954216003,40.76971930750301],[-73.98153126239777,40.76978837319476],[-73.98156344890594,40.76980056125052],[-73.98160636425018,40.76974774632595],[-73.9817726612091,40.76982087467189],[-73.98166000843048,40.76997119379689],[-73.98171901702881,40.76999556983918],[-73.98182094097137,40.76985337613314],[-73.98180484771729,40.769849313451346],[-73.98183166980743,40.769816811988136],[-73.9817726612091,40.76979243588025],[-73.98181557655334,40.769739620949196]]]}},{"type":"Feature","properties":{"id":"31653763-3430-3137-B663-363630386661","building_id":"215cd437-1c72-43bd-a1ea-3a4cf587211e","height":null,"min_height":0},"geometry":{"type":"Polygon","coordinates":[[[-73.9830332994461,40.770799974217965],[-73.98302793502808,40.7707796610959],[-73.98304402828217,40.770767473219706],[-73.98305475711823,40.770767473219706],[-73.98307085037231,40.77075122271464],[-73.98305475711823,40.77074309746061],[-73.98306012153625,40.77073497220559],[-73.98305475711823,40.77071465906366],[-73.98307085037231,40.770702471175554],[-73.9830869436264,40.77070653380517],[-73.98309767246246,40.77068622065457],[-73.98309230804443,40.77067403276121],[-73.98309767246246,40.770657782233286],[-73.98312449455261,40.770649656967834],[-73.9831405878067,40.77065371960069],[-73.98317813873291,40.77060496799004],[-73.98295819759369,40.770515589944324],[-73.98284554481506,40.77066590749777],[-73.98291528224945,40.77069434591556],[-73.98288309574127,40.77073090957768],[-73.98289918899536,40.77075122271464],[-73.98302793502808,40.77080809946503],[-73.9830332994461,40.770799974217965]]]}},{"type":"Feature","properties":{"id":"36373162-3834-3730-B234-643333373262","building_id":"8eaec3cf-80f0-4734-9466-5e3aa686aec2","height":80,"min_height":0},"geometry":{"type":"Polygon","coordinates":[[[-73.98887515068054,40.77703580908991],[-73.98889124393463,40.776995186652556],[-73.98867666721344,40.77693019070114],[-73.98865520954132,40.77697487542457],[-73.98887515068054,40.77703580908991]]]}},{"type":"Feature","properties":{"id":"65356466-3762-3561-A137-353366616562","building_id":"321af5a2-c7ed-4e7d-8747-e6b10ef76bd8","height":18,"min_height":0},"geometry":{"type":"Polygon","coordinates":[[[-73.98937404155731,40.77432623809074],[-73.98938477039337,40.774314050865115],[-73.98930966854095,40.77428155158577],[-73.98931503295898,40.77426936435191],[-73.98928821086884,40.77425717711586],[-73.98927211761475,40.77428155158577],[-73.98937404155731,40.77432623809074]]]}},{"type":"Feature","properties":{"id":"65663662-3335-3365-B035-363964396135","building_id":"545efe6d-c878-4a5a-a97a-b10a7d0ee920","height":80,"min_height":0},"geometry":{"type":"Polygon","coordinates":[[[-73.98164927959442,40.77395249548718],[-73.98172438144684,40.77398093249829],[-73.98174047470093,40.77398093249829],[-73.98181557655334,40.77401749435188],[-73.98182094097137,40.774058118610014],[-73.98179411888123,40.774094680421115],[-73.98194432258606,40.77415967914669],[-73.98194968700409,40.77385905950777],[-73.9816814661026,40.773745311181585],[-73.98150980472565,40.77397687006888],[-73.98160099983215,40.774013431924686],[-73.98164927959442,40.77395249548718]]]}},{"type":"Feature","properties":{"id":"64336330-3533-3437-B236-613832616234","building_id":"58553349-9b0d-4b68-a93e-82957fc4315d","height":12,"min_height":0},"geometry":{"type":"Polygon","coordinates":[[[-73.98774325847626,40.77927812910181],[-73.98791491985321,40.77935124695833],[-73.98808121681213,40.77911564468809],[-73.98816704750061,40.778928787120975],[-73.98751258850098,40.77865256192851],[-73.98728728294373,40.77911970680327],[-73.98772716522217,40.77930656383336],[-73.98774325847626,40.77927812910181]]]}},{"type":"Feature","properties":{"id":"34313839-3461-3333-A532-383536386232","building_id":"173889cf-a6b8-4d86-aa16-0ff3093800fe","height":70,"min_height":0},"geometry":{"type":"Polygon","coordinates":[[[-73.98346245288849,40.77055215370484],[-73.98340344429016,40.77052777786673],[-73.98330688476562,40.770657782233286],[-73.98336589336395,40.77068622065457],[-73.98346245288849,40.77055215370484]]]}},{"type":"Feature","properties":{"id":"30396339-3039-3337-B263-396238373139","building_id":"f235cc7c-f3b9-4922-8e67-2881064a7e3a","height":null,"min_height":0},"geometry":{"type":"Polygon","coordinates":[[[-73.98499667644501,40.771145296342496],[-73.98563504219055,40.7714134275779],[-73.98589253425598,40.77105591902358],[-73.98577451705933,40.771007167708035],[-73.98579061031342,40.77098685464932],[-73.9857530593872,40.77097060419791],[-73.98587107658386,40.7708243499562],[-73.98584961891174,40.77081216208819],[-73.98590326309204,40.77073497220559],[-73.98601591587067,40.770783723720825],[-73.98604810237885,40.77073903483321],[-73.98464798927307,40.77014995123264],[-73.98422956466675,40.77071465906366],[-73.98505568504333,40.77106404423935],[-73.98499667644501,40.771145296342496]]]}},{"type":"Feature","properties":{"id":"32636531-3861-3939-B035-396533313835","building_id":"f27a8a0f-6932-483c-8790-5a23da872a5a","height":10,"min_height":0},"geometry":{"type":"Polygon","coordinates":[[[-73.98185312747955,40.77017838987126],[-73.9818423986435,40.77004432189693],[-73.98181557655334,40.77004432189693],[-73.98182094097137,40.77017838987126],[-73.98185312747955,40.77017838987126]]]}},{"type":"Feature","properties":{"id":"33313236-3434-3239-B264-383666613939","building_id":"f27a8a0f-6932-483c-8790-5a23da872a5a","height":163.5,"min_height":160},"geometry":{"type":"Polygon","coordinates":[[[-73.9816814661026,40.76994275506959],[-73.98168683052063,40.76993462971669],[-73.98166537284851,40.769926504362815],[-73.98166000843048,40.76993462971669],[-73.9816814661026,40.76994275506959]]]}},{"type":"Feature","properties":{"id":"61396438-3133-3234-B632-376639663261","building_id":"acaf11e9-31d0-4038-aa67-8ac51762d3e8","height":56,"min_height":0},"geometry":{"type":"Polygon","coordinates":[[[-73.98822069168091,40.77870130763418],[-73.98825287818909,40.778616002625796],[-73.988236784935,40.77862412691701],[-73.9880383014679,40.778587567598635],[-73.98803293704987,40.778567256857514],[-73.98801147937775,40.778616002625796],[-73.9880222082138,40.778632251207256],[-73.98820459842682,40.77870943191496],[-73.98822069168091,40.77870130763418]]]}},{"type":"Feature","properties":{"id":"38333362-3236-3530-B262-306666396365","building_id":"f393b788-dd29-4001-907a-8d160458b124","height":143,"min_height":141},"geometry":{"type":"Polygon","coordinates":[[[-73.981574177742,40.771543430211636],[-73.98169755935669,40.77147842892657],[-73.98165464401245,40.77143374050618],[-73.98153126239777,40.771494679253806],[-73.981574177742,40.771543430211636]]]}},{"type":"Feature","properties":{"id":"35326631-6237-3562-A164-666361336236","building_id":"9b79f7b3-7151-4f87-9d48-07786ee1b369","height":45,"min_height":0},"geometry":{"type":"Polygon","coordinates":[[[-73.98430466651917,40.77465122995008],[-73.98452460765839,40.77435061253536],[-73.98427784442902,40.7742449898775],[-73.9840579032898,40.774545607770165],[-73.98430466651917,40.77465122995008]]]}},{"type":"Feature","properties":{"id":"65376530-3365-3535-B136-353231646530","building_id":"215cd437-1c72-43bd-a1ea-3a4cf587211e","height":80,"min_height":0},"geometry":{"type":"Polygon","coordinates":[[[-73.98303866386414,40.77081216208819],[-73.98325860500336,40.77090153973501],[-73.98326396942139,40.77089341449934],[-73.98328006267548,40.77089341449934],[-73.98329079151154,40.77088528926268],[-73.98329615592957,40.77087716402505],[-73.9832854270935,40.770864976166735],[-73.98332297801971,40.77081216208819],[-73.98334980010986,40.77080403684161],[-73.98334443569183,40.770783723720825],[-73.98336589336395,40.77075528534127],[-73.9833927154541,40.77074716008772],[-73.98338735103607,40.77072278432118],[-73.98340344429016,40.770702471175554],[-73.98317813873291,40.77060496799004],[-73.9831405878067,40.77065371960069],[-73.98312449455261,40.770649656967834],[-73.98309767246246,40.770657782233286],[-73.98309230804443,40.77067403276121],[-73.98309767246246,40.77068622065457],[-73.9830869436264,40.77070653380517],[-73.98307085037231,40.770702471175554],[-73.98305475711823,40.77071465906366],[-73.98306012153625,40.77073497220559],[-73.98305475711823,40.77074309746061],[-73.98307085037231,40.77075122271464],[-73.98305475711823,40.770767473219706],[-73.98304402828217,40.770767473219706],[-73.98302793502808,40.7707796610959],[-73.9830332994461,40.770799974217965],[-73.98302793502808,40.77080809946503],[-73.98303866386414,40.77081216208819]]]}},{"type":"Feature","properties":{"id":"61343837-6233-3237-B762-396565643665","building_id":"1b613562-57c9-42a8-bf21-3d102486b615","height":27,"min_height":0},"geometry":{"type":"Polygon","coordinates":[[[-73.98418128490448,40.771624681728554],[-73.98374676704407,40.77144186567577],[-73.98340880870819,40.77190499869923],[-73.98384869098663,40.77208781347778],[-73.98418128490448,40.771624681728554]]]}},{"type":"Feature","properties":{"id":"37313635-3334-3561-A635-666132376666","building_id":"215cd437-1c72-43bd-a1ea-3a4cf587211e","height":77,"min_height":0},"geometry":{"type":"Polygon","coordinates":[[[-73.9833015203476,40.77084060044339],[-73.98333370685577,40.77083653782199],[-73.9833390712738,40.77082841257837],[-73.98333370685577,40.77081216208819],[-73.98332297801971,40.77081216208819],[-73.9833015203476,40.77084060044339]]]}},{"type":"Feature","properties":{"id":"36616431-3639-3165-B061-373335623735","building_id":"3a352188-e573-4060-ae8e-482f3dda312b","height":94.5,"min_height":0},"geometry":{"type":"Polygon","coordinates":[[[-73.98287236690521,40.774817787661874],[-73.98292601108551,40.7748421619261],[-73.98301720619202,40.774720290515404],[-73.98295819759369,40.77469591620644],[-73.98287236690521,40.774817787661874]]]}},{"type":"Feature","properties":{"id":"61383733-3232-3135-A235-366531373964","building_id":"321af5a2-c7ed-4e7d-8747-e6b10ef76bd8","height":6,"min_height":0},"geometry":{"type":"Polygon","coordinates":[[[-73.98972272872925,40.77425717711586],[-73.9897495508194,40.77422061539417],[-73.98973882198334,40.774216552979425],[-73.98975491523743,40.77419624090189],[-73.98960471153259,40.774131242212064],[-73.9898031949997,40.77387530925279],[-73.98919701576233,40.77361937530756],[-73.989138007164,40.77370062428588],[-73.98916482925415,40.77371281162405],[-73.98919701576233,40.77366812470646],[-73.98922383785248,40.7736803120506],[-73.98923993110657,40.77366406225792],[-73.98940086364746,40.773733123849354],[-73.9893901348114,40.773745311181585],[-73.98941159248352,40.77375343606849],[-73.98930966854095,40.7738874965589],[-73.98930430412292,40.7738874965589],[-73.98922383785248,40.77399718221349],[-73.98921847343445,40.77399311978505],[-73.98920238018036,40.77401749435188],[-73.98923456668854,40.7740296816319],[-73.98922383785248,40.77404999376037],[-73.98945987224579,40.77414749189049],[-73.98947596549988,40.774131242212064],[-73.98968517780304,40.774216552979425],[-73.98966908454895,40.77423686505074],[-73.98972272872925,40.77425717711586]]]}},{"type":"Feature","properties":{"id":"35653865-3033-3265-A132-316337353735","building_id":"545efe6d-c878-4a5a-a97a-b10a7d0ee920","height":15,"min_height":0},"geometry":{"type":"Polygon","coordinates":[[[-73.98179411888123,40.774094680421115],[-73.98182094097137,40.774058118610014],[-73.98181557655334,40.77401749435188],[-73.98174047470093,40.77398093249829],[-73.98172438144684,40.77398093249829],[-73.98164927959442,40.77395249548718],[-73.98160099983215,40.774013431924686],[-73.98179411888123,40.774094680421115]]]}},{"type":"Feature","properties":{"id":"64656439-3464-3361-A638-366639333039","building_id":"0c5a6fe1-2685-4c16-bebc-7078805f3f2b","height":81.5,"min_height":0},"geometry":{"type":"Polygon","coordinates":[[[-73.98259341716766,40.77695456419036],[-73.98271679878235,40.776788011835635],[-73.98269534111023,40.77677582506158],[-73.98269534111023,40.776706766633026],[-73.9825987815857,40.776706766633026],[-73.9825987815857,40.77662958359852],[-73.98242712020874,40.776625521331056],[-73.98241639137268,40.77691800395317],[-73.98250758647919,40.77691800395317],[-73.98259341716766,40.77695456419036]]]}},{"type":"Feature","properties":{"id":"34343639-6563-3232-B338-343338383638","building_id":"9b79f7b3-7151-4f87-9d48-07786ee1b369","height":45,"min_height":0},"geometry":{"type":"Polygon","coordinates":[[[-73.98427784442902,40.7742449898775],[-73.9840579032898,40.774545607770165],[-73.98430466651917,40.77465122995008],[-73.98452460765839,40.77435061253536],[-73.98427784442902,40.7742449898775]]]}},{"type":"Feature","properties":{"id":"65653030-6437-3437-A631-643036306432","building_id":"f27a8a0f-6932-483c-8790-5a23da872a5a","height":164.5,"min_height":163.5},"geometry":{"type":"Polygon","coordinates":[[[-73.98163855075836,40.77000369518461],[-73.9817351102829,40.76987368953834],[-73.98171365261078,40.769865564176996],[-73.98161709308624,40.76999556983918],[-73.98163855075836,40.77000369518461]]]}},{"type":"Feature","properties":{"id":"65353036-6339-3563-B133-613132636162","building_id":"00a5b3fc-dd06-4b9b-9226-de06a1f827b9","height":204,"min_height":0},"geometry":{"type":"Polygon","coordinates":[[[-73.98329079151154,40.77718611189218],[-73.98350536823273,40.77689769270157],[-73.98340344429016,40.776857070179744],[-73.98318886756897,40.77714142731082],[-73.98329079151154,40.77718611189218]]]}},{"type":"Feature","properties":{"id":"66353965-3332-3164-B736-653032353966","building_id":"e7a0d77c-d233-4eea-b079-ede81d0c6e7d","height":151,"min_height":15},"geometry":{"type":"Polygon","coordinates":[[[-73.98744821548462,40.77974120750039],[-73.9874804019928,40.77975339373046],[-73.98763060569763,40.77955028960437],[-73.98734629154205,40.77942842683066],[-73.98719608783722,40.77963559341296],[-73.98744821548462,40.77974120750039]]]}},{"type":"Feature","properties":{"id":"36613162-6265-3638-B966-303931313163","building_id":"9b79f7b3-7151-4f87-9d48-07786ee1b369","height":172,"min_height":45},"geometry":{"type":"Polygon","coordinates":[[[-73.9842563867569,40.77427748917472],[-73.9840579032898,40.774545607770165],[-73.98426175117493,40.77463091800544],[-73.98432612419128,40.7746187308357],[-73.98452460765839,40.77435061253536],[-73.98432075977325,40.77426530194015],[-73.9842563867569,40.77427748917472]]]}},{"type":"Feature","properties":{"id":"61643430-3833-3539-A563-363537313637","building_id":"334c6b3d-e28e-4193-a5dc-580175bf04f2","height":134,"min_height":0},"geometry":{"type":"Polygon","coordinates":[[[-73.98499131202698,40.76958117590422],[-73.98502886295319,40.76952429810362],[-73.9849054813385,40.76947148295943],[-73.98486256599426,40.76952836080528],[-73.98499131202698,40.76958117590422]]]}},{"type":"Feature","properties":{"id":"36373537-3532-3537-A538-303839353830","building_id":"276349fd-d4f6-4263-9cc3-c39d4818100f","height":108,"min_height":98},"geometry":{"type":"Polygon","coordinates":[[[-73.98176193237305,40.770710596434526],[-73.98176193237305,40.77060496799004],[-73.98166537284851,40.77060496799004],[-73.98166537284851,40.770710596434526],[-73.98176193237305,40.770710596434526]]]}},{"type":"Feature","properties":{"id":"65663039-3261-3463-B036-313236613337","building_id":"00a5b3fc-dd06-4b9b-9226-de06a1f827b9","height":138,"min_height":0},"geometry":{"type":"Polygon","coordinates":[[[-73.98314595222473,40.777121116127546],[-73.98336052894592,40.776836758909525],[-73.98333370685577,40.77682863439969],[-73.98312449455261,40.77711299165247],[-73.98314595222473,40.777121116127546]]]}},{"type":"Feature","properties":{"id":"61623366-3465-3666-B661-363234373164","building_id":"321af5a2-c7ed-4e7d-8747-e6b10ef76bd8","height":9,"min_height":0},"geometry":{"type":"Polygon","coordinates":[[[-73.98927211761475,40.77428155158577],[-73.98928821086884,40.77425717711586],[-73.9891916513443,40.774216552979425],[-73.98917019367218,40.77424092746426],[-73.98927211761475,40.77428155158577]]]}},{"type":"Feature","properties":{"id":"37323764-3866-3738-B332-323433343164","building_id":"215cd437-1c72-43bd-a1ea-3a4cf587211e","height":77,"min_height":0},"geometry":{"type":"Polygon","coordinates":[[[-73.9832478761673,40.77090153973501],[-73.98321032524109,40.77088528926268],[-73.98322105407715,40.77090153973501],[-73.9832478761673,40.77090153973501]]]}},{"type":"Feature","properties":{"id":"32323830-3733-3366-B939-656263366632","building_id":"321af5a2-c7ed-4e7d-8747-e6b10ef76bd8","height":81,"min_height":0},"geometry":{"type":"Polygon","coordinates":[[[-73.98925602436066,40.77383874732095],[-73.98930430412292,40.773769685839284],[-73.98923456668854,40.773741248737764],[-73.98918628692627,40.77381031024896],[-73.98925602436066,40.77383874732095]]]}},{"type":"Feature","properties":{"id":"37383663-3538-3035-A138-646530633936","building_id":"f27a8a0f-6932-483c-8790-5a23da872a5a","height":163.5,"min_height":160},"geometry":{"type":"Polygon","coordinates":[[[-73.98170828819275,40.76991025365206],[-73.98171365261078,40.76990619097376],[-73.98169219493866,40.76989400293735],[-73.98168683052063,40.7699021282952],[-73.98170828819275,40.76991025365206]]]}},{"type":"Feature","properties":{"id":"31303364-3366-3738-B534-383465396563","building_id":"95ef09e4-8ee2-4af2-81d1-dd465e5d4a26","height":103.5,"min_height":98},"geometry":{"type":"Polygon","coordinates":[[[-73.98179948329926,40.77257531709475],[-73.98179411888123,40.77233156573337],[-73.98168683052063,40.77233562826339],[-73.98169219493866,40.77257531709475],[-73.98179948329926,40.77257531709475]]]}},{"type":"Feature","properties":{"id":"38393930-3835-3433-B237-653163356234","building_id":"0e549eb0-8a32-495f-8be1-0e2ecb35f7fe","height":66,"min_height":0},"geometry":{"type":"Polygon","coordinates":[[[-73.992560505867,40.772725629988486],[-73.9926141500473,40.77265250483944],[-73.99291455745697,40.77279469255541],[-73.99292528629303,40.77277438004319],[-73.99259805679321,40.772636254795344],[-73.99253904819489,40.772725629988486],[-73.992560505867,40.772725629988486]]]}},{"type":"Feature","properties":{"id":"30363631-3664-3932-A161-393734306330","building_id":"e0489be5-f09f-4cf9-9fdb-b0942605a2fe","height":9,"min_height":0},"geometry":{"type":"Polygon","coordinates":[[[-73.98610711097717,40.77406624345866],[-73.98590326309204,40.77435061253536],[-73.98618757724762,40.77446842222483],[-73.98639142513275,40.774188116069126],[-73.98610711097717,40.77406624345866]]]}},{"type":"Feature","properties":{"id":"35343332-3730-3235-B061-623636653665","building_id":"e7a0d77c-d233-4eea-b079-ede81d0c6e7d","height":158,"min_height":151},"geometry":{"type":"Polygon","coordinates":[[[-73.98744821548462,40.77974120750039],[-73.98746967315674,40.77971683503358],[-73.98750185966492,40.77972902126811],[-73.98761451244354,40.77957466213229],[-73.98758232593536,40.77955841378136],[-73.98759841918945,40.779538103337075],[-73.98737847805023,40.7794446752134],[-73.98736238479614,40.779469047780054],[-73.98732483386993,40.77945279940326],[-73.98721218109131,40.77961122090741],[-73.98724436759949,40.779623407161296],[-73.9872282743454,40.77964777966238],[-73.98744821548462,40.77974120750039]]]}},{"type":"Feature","properties":{"id":"31653138-6434-3934-A662-376635616566","building_id":"fdf9638e-97cb-45af-bfce-0ca4cd370c21","height":110,"min_height":0},"geometry":{"type":"Polygon","coordinates":[[[-73.98389160633087,40.769983381819145],[-73.98394525051117,40.76990619097376],[-73.98383796215057,40.769865564176996],[-73.98378431797028,40.76994275506959],[-73.98389160633087,40.769983381819145]]]}},{"type":"Feature","properties":{"id":"65396265-3030-3565-B464-303033386634","building_id":"32ba972f-c7d9-43c7-82bd-eecfe35d0f12","height":null,"min_height":0},"geometry":{"type":"Polygon","coordinates":[[[-73.99076342582703,40.77378187316481],[-73.99092435836792,40.773558438508616],[-73.99072587490082,40.77347312689622],[-73.99070978164673,40.773501564112536],[-73.99061858654022,40.7734325022804],[-73.99060249328613,40.77344468966774],[-73.9905059337616,40.77357468832713],[-73.99048984050751,40.773655937360076],[-73.99052739143372,40.773659999809155],[-73.99051666259766,40.7736762496028],[-73.99076342582703,40.77378187316481]]]}},{"type":"Feature","properties":{"id":"61386633-3564-3766-B231-373465383832","building_id":"61ce73e9-ff5e-4598-9b41-6cd5872aae22","height":18,"min_height":0},"geometry":{"type":"Polygon","coordinates":[[[-73.98940622806549,40.77333094063212],[-73.98934721946716,40.77341218996318],[-73.98937404155731,40.773424377354246],[-73.98943841457367,40.7733390655697],[-73.98940622806549,40.77333094063212]]]}},{"type":"Feature","properties":{"id":"33323562-3530-3839-B239-653334323363","building_id":"d50fd256-527a-4e4a-99d2-cd0bd577d359","height":110,"min_height":0},"geometry":{"type":"Polygon","coordinates":[[[-73.98411154747009,40.77411093010846],[-73.98416519165039,40.774041868909734],[-73.98406326770782,40.77399718221349],[-73.98400962352753,40.77407030588262],[-73.98411154747009,40.77411093010846]]]}},{"type":"Feature","properties":{"id":"36366464-6638-3862-B165-323364356139","building_id":"95ef09e4-8ee2-4af2-81d1-dd465e5d4a26","height":23,"min_height":20},"geometry":{"type":"Polygon","coordinates":[[[-73.98161709308624,40.772225939865734],[-73.98167610168457,40.772225939865734],[-73.98174583911896,40.77212843891584],[-73.98156344890594,40.77205125056233],[-73.98149907588959,40.77214468908409],[-73.98157954216003,40.772177189408666],[-73.98156344890594,40.772201564641676],[-73.98161709308624,40.772225939865734]]]}},{"type":"Feature","properties":{"id":"61653934-3235-3734-B162-626439616465","building_id":"00a5b3fc-dd06-4b9b-9226-de06a1f827b9","height":150,"min_height":0},"geometry":{"type":"Polygon","coordinates":[[[-73.98316740989685,40.77713330283825],[-73.98338198661804,40.776844883418335],[-73.98336052894592,40.776836758909525],[-73.98314595222473,40.777121116127546],[-73.98316740989685,40.77713330283825]]]}},{"type":"Feature","properties":{"id":"37376338-3530-3931-B165-363331646362","building_id":"6bac8714-15c0-4eff-8889-9b0608e90bad","height":120,"min_height":0},"geometry":{"type":"Polygon","coordinates":[[[-73.99096190929413,40.77467560427547],[-73.99092435836792,40.77464716756165],[-73.99082243442535,40.77473247766653],[-73.99072587490082,40.774663417113885],[-73.99083316326141,40.77457810692033],[-73.99078488349915,40.774541545375314],[-73.99062931537628,40.77466747950132],[-73.9908117055893,40.77479747576814],[-73.99096190929413,40.77467560427547]]]}},{"type":"Feature","properties":{"id":"39363637-3133-3432-B732-393832306538","building_id":"f27a8a0f-6932-483c-8790-5a23da872a5a","height":160,"min_height":0},"geometry":{"type":"Polygon","coordinates":[[[-73.98164927959442,40.769768059763436],[-73.98172974586487,40.76980056125052],[-73.98174583911896,40.76977618513672],[-73.98174047470093,40.769755871701705],[-73.98170292377472,40.769739620949196],[-73.98167073726654,40.76974368363773],[-73.98164927959442,40.769768059763436]]]}},{"type":"Feature","properties":{"id":"31616165-3737-3462-B837-653461303032","building_id":"334c6b3d-e28e-4193-a5dc-580175bf04f2","height":6,"min_height":0},"geometry":{"type":"Polygon","coordinates":[[[-73.984814286232,40.76947554566436],[-73.9847981929779,40.7694674202543],[-73.98477137088776,40.76949992188844],[-73.98480355739594,40.76951210999715],[-73.984814286232,40.76949992188844],[-73.9847981929779,40.76949585918507],[-73.984814286232,40.76947554566436]]]}},{"type":"Feature","properties":{"id":"32363534-3932-3635-B762-333133333061","building_id":"e0489be5-f09f-4cf9-9fdb-b0942605a2fe","height":2,"min_height":0},"geometry":{"type":"Polygon","coordinates":[[[-73.98584961891174,40.774423735815475],[-73.9864718914032,40.774687791434786],[-73.9865255355835,40.7746187308357],[-73.9865094423294,40.77461060605461],[-73.98653090000153,40.77458216931302],[-73.9865630865097,40.77459841888114],[-73.98673474788666,40.7743627997543],[-73.98670256137848,40.77434655012854],[-73.9867240190506,40.774314050865115],[-73.98674011230469,40.77432217568247],[-73.98678839206696,40.77425717711586],[-73.98616075515747,40.77399311978505],[-73.98610711097717,40.77406624345866],[-73.98639142513275,40.774188116069126],[-73.98641288280487,40.77415967914669],[-73.98651480674744,40.77423280263696],[-73.98630023002625,40.77452123339714],[-73.9861661195755,40.77449685901513],[-73.98618757724762,40.77446842222483],[-73.98590326309204,40.77435061253536],[-73.98584961891174,40.774423735815475]]]}},{"type":"Feature","properties":{"id":"37613531-3538-3332-B939-396437623034","building_id":"334c6b3d-e28e-4193-a5dc-580175bf04f2","height":45,"min_height":0},"geometry":{"type":"Polygon","coordinates":[[[-73.98507177829742,40.7694674202543],[-73.98508787155151,40.769447106724925],[-73.98487865924835,40.769357727121786],[-73.9847981929779,40.7694674202543],[-73.984814286232,40.76947554566436],[-73.9847981929779,40.76949585918507],[-73.984814286232,40.76949992188844],[-73.98489475250244,40.769390228809556],[-73.98507177829742,40.7694674202543]]]}},{"type":"Feature","properties":{"id":"32323834-3033-3335-A635-623531313836","building_id":"215cd437-1c72-43bd-a1ea-3a4cf587211e","height":85.3,"min_height":80},"geometry":{"type":"Polygon","coordinates":[[[-73.98322641849518,40.770795911594035],[-73.98329615592957,40.770698408545684],[-73.98320496082306,40.77066184486566],[-73.9831405878067,40.77075934796767],[-73.98322641849518,40.770795911594035]]]}},{"type":"Feature","properties":{"id":"62643933-3935-3037-B631-633965623537","building_id":"02d5d42e-7220-4d53-a604-5255d291697a","height":null,"min_height":0},"geometry":{"type":"Polygon","coordinates":[[[-73.98598372936249,40.77166937002053],[-73.986074924469,40.771543430211636],[-73.9857530593872,40.771409364991484],[-73.9856618642807,40.77153124247553],[-73.98598372936249,40.77166937002053]]]}},{"type":"Feature","properties":{"id":"64373739-6537-3262-B635-633162373262","building_id":"6c5893d1-d9ec-4666-ab87-95625da35262","height":19,"min_height":0},"geometry":{"type":"Polygon","coordinates":[[[-73.99052739143372,40.77313187935118],[-73.9908117055893,40.7727500050203],[-73.99010360240936,40.77245750404842],[-73.98999631404877,40.77257531709475],[-73.99024307727814,40.77267687989806],[-73.99021089076996,40.772766255036544],[-73.99053275585175,40.772875942542214],[-73.99038791656494,40.77307500458994],[-73.99052739143372,40.77313187935118]]]}},{"type":"Feature","properties":{"id":"38383334-6432-3034-B265-663639313130","building_id":"52c90619-41e8-4490-9db2-7f6177c36593","height":25,"min_height":0},"geometry":{"type":"Polygon","coordinates":[[[-73.9854633808136,40.772904380014126],[-73.98413836956024,40.77235187838099],[-73.98383259773254,40.77275813002893],[-73.98525416851044,40.77335937790929],[-73.9855545759201,40.77294094246011],[-73.9854633808136,40.772904380014126]]]}},{"type":"Feature","properties":{"id":"32363966-6662-3165-A163-653839396562","building_id":"3924a3e6-164c-4efc-bc49-8df56a34874e","height":139,"min_height":0},"geometry":{"type":"Polygon","coordinates":[[[-73.98569941520691,40.77004025922679],[-73.98567795753479,40.770072760580774],[-73.98569941520691,40.77008088591677],[-73.98572087287903,40.77004838456679],[-73.98569941520691,40.77004025922679]]]}},{"type":"Feature","properties":{"id":"35303235-3730-3766-A633-353664653662","building_id":"95ef09e4-8ee2-4af2-81d1-dd465e5d4a26","height":20,"min_height":0},"geometry":{"type":"Polygon","coordinates":[[[-73.98162245750427,40.77227469028708],[-73.98162245750427,40.77233969079316],[-73.98163318634033,40.77234375332267],[-73.98162245750427,40.77235187838099],[-73.98162245750427,40.77241281628653],[-73.98163318634033,40.77241687881158],[-73.98162245750427,40.77242500386092],[-73.98162245750427,40.77249000422],[-73.98163318634033,40.772494066740336],[-73.98162245750427,40.772502191780234],[-73.9816278219223,40.77256312954793],[-73.98163318634033,40.772567192063775],[-73.9816278219223,40.77257531709475],[-73.9816278219223,40.772636254795344],[-73.98163855075836,40.772644379817876],[-73.98160099983215,40.77269719244009],[-73.98192822933197,40.77283125506176],[-73.98191213607788,40.772193439565],[-73.98156344890594,40.77205125056233],[-73.98149907588959,40.77214468908409],[-73.98157954216003,40.772177189408666],[-73.98156344890594,40.772201564641676],[-73.98161709308624,40.772225939865734],[-73.98162245750427,40.77227469028708]]]}},{"type":"Feature","properties":{"id":"31623330-6465-3136-B364-336134313935","building_id":"8eaec3cf-80f0-4734-9466-5e3aa686aec2","height":50,"min_height":0},"geometry":{"type":"Polygon","coordinates":[[[-73.98846745491028,40.777108929414595],[-73.98842990398407,40.777202360823395],[-73.98873031139374,40.77734047657836],[-73.98875176906586,40.77733641435438],[-73.98882150650024,40.777210485287526],[-73.98881614208221,40.777198298590974],[-73.9887946844101,40.777190174125366],[-73.9887410402298,40.77729985432731],[-73.9885425567627,40.77721454751921],[-73.9885801076889,40.77713736507465],[-73.98846745491028,40.777108929414595]]]}},{"type":"Feature","properties":{"id":"64313136-3431-3731-B631-383862376163","building_id":"acaf11e9-31d0-4038-aa67-8ac51762d3e8","height":102,"min_height":0},"geometry":{"type":"Polygon","coordinates":[[[-73.98803293704987,40.778567256857514],[-73.9880383014679,40.778587567598635],[-73.988236784935,40.77862412691701],[-73.98825824260712,40.77860787833356],[-73.988236784935,40.7786200647715],[-73.98804366588593,40.77858350545091],[-73.98803293704987,40.77856319470854],[-73.98803293704987,40.778567256857514]]]}},{"type":"Feature","properties":{"id":"34393030-3961-3832-B665-616433663830","building_id":"58553349-9b0d-4b68-a93e-82957fc4315d","height":46,"min_height":12},"geometry":{"type":"Polygon","coordinates":[[[-73.98795783519745,40.77928625331208],[-73.98794710636139,40.779282191207045],[-73.98790419101715,40.7793471848573],[-73.98791491985321,40.77935124695833],[-73.98795783519745,40.77928625331208]]]}},{"type":"Feature","properties":{"id":"30356630-3561-3436-B635-633961343662","building_id":"0e549eb0-8a32-495f-8be1-0e2ecb35f7fe","height":131,"min_height":0},"geometry":{"type":"Polygon","coordinates":[[[-73.99304330348969,40.772855630054806],[-73.9926141500473,40.77265250483944],[-73.99245858192444,40.77286781754799],[-73.99290382862091,40.77301406729174],[-73.99304330348969,40.772855630054806]]]}},{"type":"Feature","properties":{"id":"31386436-3231-3561-B832-633630306332","building_id":"52c90619-41e8-4490-9db2-7f6177c36593","height":37.7,"min_height":0},"geometry":{"type":"Polygon","coordinates":[[[-73.98512542247772,40.773200941495816],[-73.98531317710876,40.77294094246011],[-73.98486256599426,40.772754067524744],[-73.98467481136322,40.77301406729174],[-73.98512542247772,40.773200941495816]]]}},{"type":"Feature","properties":{"id":"63623032-6133-3463-A438-363664663133","building_id":"52c90619-41e8-4490-9db2-7f6177c36593","height":19,"min_height":0},"geometry":{"type":"Polygon","coordinates":[[[-73.9854633808136,40.772904380014126],[-73.98551166057587,40.77283531756123],[-73.98498058319092,40.77261594223472],[-73.98492693901062,40.77268500491559],[-73.9854633808136,40.772904380014126]]]}},{"type":"Feature","properties":{"id":"31323937-6238-3764-A338-653337353564","building_id":"215cd437-1c72-43bd-a1ea-3a4cf587211e","height":77,"min_height":0},"geometry":{"type":"Polygon","coordinates":[[[-73.98307621479034,40.77082841257837],[-73.98303866386414,40.77081216208819],[-73.9830493927002,40.77082841257837],[-73.98307621479034,40.77082841257837]]]}},{"type":"Feature","properties":{"id":"34356566-3863-3235-A363-393133643035","building_id":"5e2d1adb-c47f-4e3d-b99f-99a7fc302358","height":143,"min_height":0},"geometry":{"type":"Polygon","coordinates":[[[-73.98471772670746,40.77552463769467],[-73.9847069978714,40.77530527124793],[-73.98463189601898,40.77530527124793],[-73.98443341255188,40.77557744802738],[-73.98462653160095,40.77565463228427],[-73.98471772670746,40.77552463769467]]]}},{"type":"Feature","properties":{"id":"64393766-3831-3137-B135-623433373232","building_id":"3a352188-e573-4060-ae8e-482f3dda312b","height":94.5,"min_height":0},"geometry":{"type":"Polygon","coordinates":[[[-73.98277580738068,40.774500921412766],[-73.982834815979,40.77441561101054],[-73.98279190063477,40.77439529899388],[-73.98272752761841,40.77448060942217],[-73.9827436208725,40.77448467182077],[-73.98271679878235,40.77451717100075],[-73.98274898529053,40.77452935818914],[-73.98277580738068,40.774500921412766]]]}},{"type":"Feature","properties":{"id":"37663931-6662-3465-B933-616164306330","building_id":"9ba26c91-e193-4e60-97da-e33e8f38a88c","height":97,"min_height":0},"geometry":{"type":"Polygon","coordinates":[[[-73.98821532726288,40.77125092392802],[-73.98836016654968,40.77105185641531],[-73.98828506469727,40.77101935554026],[-73.98813486099243,40.77121842315037],[-73.98821532726288,40.77125092392802]]]}},{"type":"Feature","properties":{"id":"33396335-6237-3064-B237-346133386337","building_id":"61ce73e9-ff5e-4598-9b41-6cd5872aae22","height":66,"min_height":0},"geometry":{"type":"Polygon","coordinates":[[[-73.98951888084412,40.773485314276144],[-73.98956179618835,40.773420314890814],[-73.989497423172,40.77339187763971],[-73.98944914340973,40.77345281459142],[-73.98951888084412,40.773485314276144]]]}},{"type":"Feature","properties":{"id":"62656239-3663-3863-A532-663065343437","building_id":"63a3396f-e9e1-49c0-a491-df0a926ab4f6","height":29,"min_height":10},"geometry":{"type":"Polygon","coordinates":[[[-73.98576378822327,40.771957811909175],[-73.98554921150208,40.771860310565785],[-73.98545265197754,40.77180749727836],[-73.98536145687103,40.771746558817654],[-73.98532927036285,40.771791247027636],[-73.9857530593872,40.771969999567034],[-73.98576378822327,40.771957811909175]]]}},{"type":"Feature","properties":{"id":"33636261-6533-3961-A632-353161306436","building_id":"81943a59-757d-4448-a9ca-14a4e1e17a99","height":15,"min_height":0},"geometry":{"type":"Polygon","coordinates":[[[-73.98723363876343,40.780204282670695],[-73.98725509643555,40.78017991037379],[-73.98717999458313,40.780147413964016],[-73.98716390132904,40.78017584832344],[-73.98723363876343,40.780204282670695]]]}},{"type":"Feature","properties":{"id":"36343530-3536-3162-A231-636261376136","building_id":"321af5a2-c7ed-4e7d-8747-e6b10ef76bd8","height":110,"min_height":0},"geometry":{"type":"Polygon","coordinates":[[[-73.98956716060638,40.774374986971],[-73.98957788944244,40.77435873734822],[-73.98959934711456,40.77436686216009],[-73.98968517780304,40.7742449898775],[-73.98966908454895,40.77423686505074],[-73.98968517780304,40.774216552979425],[-73.98947596549988,40.774131242212064],[-73.98945987224579,40.77414749189049],[-73.98943841457367,40.77413936705176],[-73.98935258388519,40.77426123952813],[-73.98936867713928,40.77426936435191],[-73.98935258388519,40.77428967640711],[-73.98956716060638,40.774374986971]]]}},{"type":"Feature","properties":{"id":"32303662-6131-3231-B362-313364363761","building_id":"545efe6d-c878-4a5a-a97a-b10a7d0ee920","height":90,"min_height":0},"geometry":{"type":"Polygon","coordinates":[[[-73.9818263053894,40.77392812089653],[-73.98194968700409,40.773932183328924],[-73.98194968700409,40.77385905950777],[-73.9816814661026,40.773745311181585],[-73.98154735565186,40.773932183328924],[-73.98161172866821,40.7739565579181],[-73.98162245750427,40.77394030819298],[-73.98172438144684,40.77398093249829],[-73.98174047470093,40.77398093249829],[-73.98181557655334,40.77401749435188],[-73.9818263053894,40.774013431924686],[-73.9818263053894,40.77392812089653]]]}},{"type":"Feature","properties":{"id":"35383961-3832-3133-B665-366563303633","building_id":"00a5b3fc-dd06-4b9b-9226-de06a1f827b9","height":114,"min_height":0},"geometry":{"type":"Polygon","coordinates":[[[-73.9831030368805,40.77710486717643],[-73.98331224918365,40.77681644763308],[-73.98329079151154,40.776808323120775],[-73.98308157920837,40.7770926804605],[-73.9831030368805,40.77710486717643]]]}},{"type":"Feature","properties":{"id":"36643164-3635-3662-B134-353734383666","building_id":"3a352188-e573-4060-ae8e-482f3dda312b","height":12,"min_height":0},"geometry":{"type":"Polygon","coordinates":[[[-73.98301720619202,40.774720290515404],[-73.98307621479034,40.77464310517297],[-73.98276507854462,40.77451310860414],[-73.98270606994629,40.77459029409755],[-73.98301720619202,40.774720290515404]]]}},{"type":"Feature","properties":{"id":"31363662-6332-3663-B565-303961396632","building_id":"5e6d90ae-9806-47f9-8926-c81b28aed41f","height":82.6,"min_height":80},"geometry":{"type":"Polygon","coordinates":[[[-73.98263096809387,40.77103154337027],[-73.98277044296265,40.771088419880726],[-73.98281872272491,40.77102341815052],[-73.982834815979,40.771027480760495],[-73.98286700248718,40.77098685464932],[-73.98278653621674,40.770954353742496],[-73.9827436208725,40.77094216589833],[-73.98273825645447,40.77095029112803],[-73.98270070552826,40.77093404066764],[-73.98263096809387,40.77103154337027]]]}},{"type":"Feature","properties":{"id":"61303264-6534-3935-B734-303363326530","building_id":"75dc8e3c-2b5a-4760-b0dd-3c59c0c9879f","height":74,"min_height":72.3},"geometry":{"type":"Polygon","coordinates":[[[-73.98684203624725,40.77478122624868],[-73.98685276508331,40.77478528862892],[-73.98685812950134,40.77477716386824],[-73.98689568042755,40.774793413388664],[-73.9869225025177,40.77478528862892],[-73.98693859577179,40.774764976725294],[-73.98687422275543,40.77473654004976],[-73.98684203624725,40.77478122624868]]]}},{"type":"Feature","properties":{"id":"66616639-3432-3235-A338-366330353932","building_id":"3924a3e6-164c-4efc-bc49-8df56a34874e","height":139,"min_height":0},"geometry":{"type":"Polygon","coordinates":[[[-73.98563504219055,40.770133700576565],[-73.98561358451843,40.77016620188479],[-73.98562967777252,40.77017432720936],[-73.98565649986267,40.770141825905085],[-73.98563504219055,40.770133700576565]]]}},{"type":"Feature","properties":{"id":"36373733-6462-3233-B930-353433623431","building_id":"f235cc7c-f3b9-4922-8e67-2881064a7e3a","height":null,"min_height":0},"geometry":{"type":"Polygon","coordinates":[[[-73.98484647274017,40.77023120445358],[-73.98464798927307,40.77014995123264],[-73.98461580276489,40.770190577855544],[-73.984814286232,40.77027589368271],[-73.98484647274017,40.77023120445358]]]}},{"type":"Feature","properties":{"id":"36643932-3065-3531-A365-356631626536","building_id":"173889cf-a6b8-4d86-aa16-0ff3093800fe","height":81,"min_height":77},"geometry":{"type":"Polygon","coordinates":[[[-73.98327469825745,40.770645594334724],[-73.98339807987213,40.77047496352017],[-73.98333370685577,40.77044652500848],[-73.98320496082306,40.770617155896076],[-73.98327469825745,40.770645594334724]]]}},{"type":"Feature","properties":{"id":"38636534-3963-3032-B235-383664656163","building_id":"321af5a2-c7ed-4e7d-8747-e6b10ef76bd8","height":110,"min_height":0},"geometry":{"type":"Polygon","coordinates":[[[-73.98911654949188,40.774188116069126],[-73.98913264274597,40.77417186640068],[-73.98915410041809,40.77417999123537],[-73.98923993110657,40.774058118610014],[-73.98922383785248,40.77404999376037],[-73.98923456668854,40.7740296816319],[-73.98902535438538,40.77394437062463],[-73.98901462554932,40.77396062034873],[-73.9889931678772,40.77395249548718],[-73.98890197277069,40.774074368306316],[-73.98892343044281,40.774082493152946],[-73.98890733718872,40.77410280526527],[-73.98911654949188,40.774188116069126]]]}},{"type":"Feature","properties":{"id":"39303962-3139-3664-B232-316430313736","building_id":"a493243b-ab6f-4deb-b1a9-5a1ef61f5908","height":15.7,"min_height":0},"geometry":{"type":"Polygon","coordinates":[[[-73.98496985435486,40.771027480760495],[-73.98444414138794,40.77080403684161],[-73.98442804813385,40.7708243499562],[-73.98437976837158,40.77081216208819],[-73.98433148860931,40.77081216208819],[-73.98428857326508,40.770820287333805],[-73.98424565792084,40.770844663064565],[-73.98421883583069,40.77086091354681],[-73.98419737815857,40.7708974771173],[-73.98418664932251,40.77094216589833],[-73.98419737815857,40.77098279203685],[-73.98422420024872,40.77101935554026],[-73.98426711559296,40.771043731198034],[-73.98424565792084,40.77107623206115],[-73.98405253887177,40.770994979873564],[-73.98395597934723,40.771120920721984],[-73.98449778556824,40.77135248875578],[-73.98447096347809,40.77139311464339],[-73.98457825183868,40.77144186567577],[-73.98461043834686,40.771397177230796],[-73.98463189601898,40.771409364991484],[-73.98470163345337,40.771311862843305],[-73.98474454879761,40.77132811321127],[-73.98496985435486,40.771027480760495]]]}},{"type":"Feature","properties":{"id":"63353866-6539-3562-B566-343161343664","building_id":"acaf11e9-31d0-4038-aa67-8ac51762d3e8","height":56,"min_height":0},"geometry":{"type":"Polygon","coordinates":[[[-73.9883440732956,40.77836821126587],[-73.98838698863983,40.77825447065999],[-73.98837625980377,40.77824228415497],[-73.98818850517273,40.778165102904495],[-73.98817241191864,40.77816916507777],[-73.98811876773834,40.77831540315165],[-73.98814558982849,40.77831134098727],[-73.98833334445953,40.77835196261981],[-73.9883440732956,40.77836821126587]]]}},{"type":"Feature","properties":{"id":"38656334-3938-3765-A138-336461616232","building_id":"4d81fdfe-d1f4-41ce-a661-212957c2c6c7","height":151,"min_height":142},"geometry":{"type":"Polygon","coordinates":[[[-73.98331761360168,40.77565869461111],[-73.98339807987213,40.775695255541365],[-73.98351073265076,40.77554088703229],[-73.98343026638031,40.775504326017085],[-73.98331761360168,40.77565869461111]]]}},{"type":"Feature","properties":{"id":"33636637-3330-3638-B333-386666303361","building_id":"6c5893d1-d9ec-4666-ab87-95625da35262","height":50,"min_height":19},"geometry":{"type":"Polygon","coordinates":[[[-73.99024307727814,40.77267687989806],[-73.99042010307312,40.772754067524744],[-73.99055421352386,40.77257125457939],[-73.99027526378632,40.77245344152584],[-73.99014115333557,40.772636254795344],[-73.99024307727814,40.77267687989806]]]}},{"type":"Feature","properties":{"id":"64653835-3265-3337-A562-666230313933","building_id":"75dc8e3c-2b5a-4760-b0dd-3c59c0c9879f","height":6,"min_height":0},"geometry":{"type":"Polygon","coordinates":[[[-73.98686349391937,40.7748421619261],[-73.98687958717346,40.774817787661874],[-73.98683667182922,40.77480153814736],[-73.98682594299316,40.77482591241761],[-73.98686349391937,40.7748421619261]]]}},{"type":"Feature","properties":{"id":"31653835-3165-3364-B438-636535366539","building_id":"95ef09e4-8ee2-4af2-81d1-dd465e5d4a26","height":105.5,"min_height":103.5},"geometry":{"type":"Polygon","coordinates":[[[-73.9817726612091,40.77249812926041],[-73.9817726612091,40.772485941699415],[-73.98171901702881,40.772485941699415],[-73.98171901702881,40.77249812926041],[-73.9817726612091,40.77249812926041]]]}},{"type":"Feature","properties":{"id":"35656562-3637-3336-A662-653963663133","building_id":"5e2d1adb-c47f-4e3d-b99f-99a7fc302358","height":30,"min_height":0},"geometry":{"type":"Polygon","coordinates":[[[-73.98437440395355,40.77558557269023],[-73.98456752300262,40.77532152063921],[-73.98451387882233,40.7752971465508],[-73.98457825183868,40.775179338330844],[-73.98459434509277,40.77518340068676],[-73.9846533536911,40.77509809116091],[-73.98463189601898,40.77508996643843],[-73.98465871810913,40.77505746753866],[-73.98448705673218,40.77498434495604],[-73.98412227630615,40.77547995199575],[-73.98437440395355,40.77558557269023]]]}},{"type":"Feature","properties":{"id":"63383336-6134-3136-A537-663036326635","building_id":"1b613562-57c9-42a8-bf21-3d102486b615","height":24,"min_height":0},"geometry":{"type":"Polygon","coordinates":[[[-73.98384869098663,40.77223406493843],[-73.98430466651917,40.77160843143315],[-73.98368775844574,40.77135248875578],[-73.98323178291321,40.77197406211917],[-73.98384869098663,40.77223406493843]]]}},{"type":"Feature","properties":{"id":"39353237-6435-3166-B034-333039653061","building_id":"32ba972f-c7d9-43c7-82bd-eecfe35d0f12","height":null,"min_height":0},"geometry":{"type":"Polygon","coordinates":[[[-73.99074733257294,40.77386718438075],[-73.99079024791718,40.77380624780912],[-73.990758061409,40.773794060488086],[-73.99070978164673,40.773854997070885],[-73.99074733257294,40.77386718438075]]]}},{"type":"Feature","properties":{"id":"61383662-3361-3530-A333-633366396263","building_id":"61ce73e9-ff5e-4598-9b41-6cd5872aae22","height":39,"min_height":0},"geometry":{"type":"Polygon","coordinates":[[[-73.98959934711456,40.773135941832265],[-73.98956716060638,40.77311156694205],[-73.98940622806549,40.77333094063212],[-73.98943841457367,40.7733390655697],[-73.98945987224579,40.77331062828384],[-73.98947060108185,40.773314690754006],[-73.98959934711456,40.773135941832265]]]}},{"type":"Feature","properties":{"id":"33313766-3734-3263-A635-666662643233","building_id":"7032491c-9edf-4c1a-9dad-b16dc4eff280","height":36,"min_height":0},"geometry":{"type":"Polygon","coordinates":[[[-73.9835375547409,40.77382656000589],[-73.98314595222473,40.77366812470646],[-73.98292601108551,40.77396874520932],[-73.98331761360168,40.774131242212064],[-73.9835375547409,40.77382656000589]]]}},{"type":"Feature","properties":{"id":"38643134-3264-3732-B664-343830623634","building_id":"bb1d3c22-5bae-4e66-808d-b066dc45b2dc","height":166,"min_height":0},"geometry":{"type":"Polygon","coordinates":[[[-73.98124158382416,40.77495590837438],[-73.9813381433487,40.774996532058765],[-73.98164391517639,40.77458623170543],[-73.98154735565186,40.774545607770165],[-73.98124158382416,40.77495590837438]]]}},{"type":"Feature","properties":{"id":"39636535-3361-3164-B731-383038326262","building_id":"9b79f7b3-7151-4f87-9d48-07786ee1b369","height":181,"min_height":172},"geometry":{"type":"Polygon","coordinates":[[[-73.98427248001099,40.77429373881739],[-73.98409008979797,40.77453748298015],[-73.98426175117493,40.77461060605461],[-73.9843100309372,40.77460248127255],[-73.98449242115021,40.77435467494192],[-73.98432075977325,40.77428155158577],[-73.98427248001099,40.77429373881739]]]}},{"type":"Feature","properties":{"id":"62346563-3638-3437-B063-353536623239","building_id":"f27a8a0f-6932-483c-8790-5a23da872a5a","height":160,"min_height":0},"geometry":{"type":"Polygon","coordinates":[[[-73.98163855075836,40.77000369518461],[-73.9817351102829,40.76987368953834],[-73.98156344890594,40.76980056125052],[-73.98146688938141,40.76993462971669],[-73.98163855075836,40.77000369518461]]]}},{"type":"Feature","properties":{"id":"65313130-6236-3235-A336-303030303634","building_id":"173889cf-a6b8-4d86-aa16-0ff3093800fe","height":77,"min_height":0},"geometry":{"type":"Polygon","coordinates":[[[-73.98340344429016,40.77052777786673],[-73.98343026638031,40.77048715145003],[-73.9833015203476,40.77043433707115],[-73.98317813873291,40.77060496799004],[-73.98330688476562,40.770657782233286],[-73.98340344429016,40.77052777786673]]]}},{"type":"Feature","properties":{"id":"39376137-3865-3364-A635-313035396139","building_id":"6bac8714-15c0-4eff-8889-9b0608e90bad","height":20,"min_height":0},"geometry":{"type":"Polygon","coordinates":[[[-73.99105846881866,40.774634980394865],[-73.99103701114655,40.7746187308357],[-73.99085462093353,40.7747609143438],[-73.99088144302368,40.77478122624868],[-73.99105846881866,40.774634980394865]]]}},{"type":"Feature","properties":{"id":"33386238-6663-3333-B533-653439393364","building_id":"6bac8714-15c0-4eff-8889-9b0608e90bad","height":128.86,"min_height":0},"geometry":{"type":"Polygon","coordinates":[[[-73.99096190929413,40.77467560427547],[-73.99105846881866,40.77459435648947],[-73.99088144302368,40.7744643598252],[-73.99078488349915,40.774541545375314],[-73.99083316326141,40.77457810692033],[-73.99072587490082,40.774663417113885],[-73.99082243442535,40.77473247766653],[-73.99092435836792,40.77464716756165],[-73.99096190929413,40.77467560427547]]]}},{"type":"Feature","properties":{"id":"30333338-3335-3562-B961-323564663434","building_id":"58553349-9b0d-4b68-a93e-82957fc4315d","height":56,"min_height":12},"geometry":{"type":"Polygon","coordinates":[[[-73.98794174194336,40.77927812910181],[-73.98789882659912,40.77933499855271],[-73.98764669895172,40.77922532171095],[-73.98763597011566,40.77923344592767],[-73.98790419101715,40.7793471848573],[-73.98794710636139,40.779282191207045],[-73.98794174194336,40.77927812910181]]]}},{"type":"Feature","properties":{"id":"32323930-3166-3664-B062-653838383239","building_id":"95ef09e4-8ee2-4af2-81d1-dd465e5d4a26","height":94,"min_height":0},"geometry":{"type":"Polygon","coordinates":[[[-73.98185849189758,40.77264031730675],[-73.98186385631561,40.772636254795344],[-73.98186385631561,40.77257125457939],[-73.98185312747955,40.772567192063775],[-73.98186385631561,40.77255906703181],[-73.98186385631561,40.77249812926041],[-73.98185312747955,40.77249000422],[-73.98186385631561,40.772485941699415],[-73.98185849189758,40.77242094133638],[-73.98185312747955,40.77241687881158],[-73.98185849189758,40.772408753761226],[-73.98185849189758,40.77234781585196],[-73.98184776306152,40.77234375332267],[-73.98185849189758,40.77233562826339],[-73.98185849189758,40.7722706277533],[-73.98184776306152,40.772266565219326],[-73.9816278219223,40.7722706277533],[-73.98162245750427,40.77227469028708],[-73.98162245750427,40.77233969079316],[-73.98163318634033,40.77234375332267],[-73.98162245750427,40.77235187838099],[-73.98162245750427,40.77241281628653],[-73.98163318634033,40.77241687881158],[-73.98162245750427,40.77242500386092],[-73.98162245750427,40.77249000422],[-73.98163318634033,40.772494066740336],[-73.98162245750427,40.772502191780234],[-73.9816278219223,40.77256312954793],[-73.98163318634033,40.772567192063775],[-73.9816278219223,40.77257531709475],[-73.9816278219223,40.772636254795344],[-73.98163855075836,40.772644379817876],[-73.98185849189758,40.77264031730675]]]}},{"type":"Feature","properties":{"id":"37313834-3039-3534-B264-646166363637","building_id":"321af5a2-c7ed-4e7d-8747-e6b10ef76bd8","height":18,"min_height":0},"geometry":{"type":"Polygon","coordinates":[[[-73.98907363414764,40.773785935606156],[-73.98910582065582,40.77379812292867],[-73.98916482925415,40.77371281162405],[-73.989138007164,40.77370062428588],[-73.98907363414764,40.773785935606156]]]}},{"type":"Feature","properties":{"id":"30336635-3035-3537-B134-623230653532","building_id":"f27a8a0f-6932-483c-8790-5a23da872a5a","height":163.5,"min_height":160},"geometry":{"type":"Polygon","coordinates":[[[-73.98163855075836,40.77000369518461],[-73.98164391517639,40.769999632512025],[-73.98162245750427,40.769987444492756],[-73.98161709308624,40.76999556983918],[-73.98163855075836,40.77000369518461]]]}},{"type":"Feature","properties":{"id":"32393530-3132-3636-B863-303038333763","building_id":"173889cf-a6b8-4d86-aa16-0ff3093800fe","height":61,"min_height":0},"geometry":{"type":"Polygon","coordinates":[[[-73.9835000038147,40.770568404258626],[-73.98346245288849,40.77055215370484],[-73.98336589336395,40.77068622065457],[-73.98340344429016,40.770698408545684],[-73.9835000038147,40.770568404258626]]]}},{"type":"Feature","properties":{"id":"36393434-3535-3633-A539-663238646435","building_id":"f393b788-dd29-4001-907a-8d160458b124","height":136,"min_height":0},"geometry":{"type":"Polygon","coordinates":[[[-73.98189067840576,40.77140123981795],[-73.98164391517639,40.77129561247136],[-73.98127377033234,40.77148655409067],[-73.98087680339813,40.771319988027784],[-73.98074805736542,40.771494679253806],[-73.9812844991684,40.77171812085018],[-73.98189067840576,40.77140123981795]]]}},{"type":"Feature","properties":{"id":"34643064-6635-3137-A239-383736623034","building_id":"334c6b3d-e28e-4193-a5dc-580175bf04f2","height":8,"min_height":0},"geometry":{"type":"Polygon","coordinates":[[[-73.98517370223999,40.76951210999715],[-73.98518979549408,40.76948773377751],[-73.98508787155151,40.769447106724925],[-73.98507714271545,40.7694592948433],[-73.98513078689575,40.76947960836898],[-73.98512542247772,40.76949179648142],[-73.98517370223999,40.76951210999715]]]}},{"type":"Feature","properties":{"id":"33323234-3163-3634-A266-396336386666","building_id":"8eaec3cf-80f0-4734-9466-5e3aa686aec2","height":75,"min_height":0},"geometry":{"type":"Polygon","coordinates":[[[-73.9887946844101,40.777190174125366],[-73.98887515068054,40.77703580908991],[-73.9887946844101,40.777015497874345],[-73.98872494697571,40.77716580072254],[-73.9887946844101,40.777190174125366]]]}},{"type":"Feature","properties":{"id":"32363233-3036-3462-A532-623335333564","building_id":"0c5a6fe1-2685-4c16-bebc-7078805f3f2b","height":null,"min_height":0},"geometry":{"type":"Polygon","coordinates":[[[-73.98241639137268,40.77691800395317],[-73.98242712020874,40.776625521331056],[-73.9825987815857,40.77662958359852],[-73.9825987815857,40.776706766633026],[-73.98269534111023,40.776706766633026],[-73.98269534111023,40.77677582506158],[-73.98271679878235,40.776788011835635],[-73.98259341716766,40.77695456419036],[-73.98262560367584,40.77696675093165],[-73.98277044296265,40.7767677005443],[-73.98260414600372,40.776621459063335],[-73.98239493370056,40.77653208911093],[-73.98237884044647,40.77691800395317],[-73.98241639137268,40.77691800395317]]]}},{"type":"Feature","properties":{"id":"62633263-3835-3835-A561-613632383135","building_id":"f235cc7c-f3b9-4922-8e67-2881064a7e3a","height":54.5,"min_height":0},"geometry":{"type":"Polygon","coordinates":[[[-73.98574769496918,40.770698408545684],[-73.98492693901062,40.7703490214474],[-73.98489475250244,40.770389647948576],[-73.9848518371582,40.77037339735108],[-73.98482501506805,40.77040183589409],[-73.98487329483032,40.77042214913163],[-73.9848518371582,40.77044652500848],[-73.98483037948608,40.77043839971719],[-73.98478746414185,40.77050340201967],[-73.98480355739594,40.77051152730303],[-73.9847981929779,40.770523715226176],[-73.98561894893646,40.77087310140587],[-73.98562967777252,40.770856850926634],[-73.98565113544464,40.770864976166735],[-73.98569405078888,40.77080403684161],[-73.98567795753479,40.770795911594035],[-73.98568868637085,40.77077559847078],[-73.98573696613312,40.770787786345466],[-73.98575842380524,40.77075528534127],[-73.98572087287903,40.77073497220559],[-73.98574769496918,40.770698408545684]]]}},{"type":"Feature","properties":{"id":"37646166-3962-3462-B930-346339666463","building_id":"75dc8e3c-2b5a-4760-b0dd-3c59c0c9879f","height":72.3,"min_height":0},"geometry":{"type":"Polygon","coordinates":[[[-73.98717999458313,40.774752789580134],[-73.98713707923889,40.7747609143438],[-73.9870673418045,40.77473247766653],[-73.98706197738647,40.774712165746735],[-73.98704051971436,40.774720290515404],[-73.98698687553406,40.77469591620644],[-73.98698151111603,40.774679666662166],[-73.98696005344391,40.774683729048576],[-73.98690640926361,40.774663417113885],[-73.98690104484558,40.77464716756165],[-73.98688495159149,40.77465122995008],[-73.98680448532104,40.7746187308357],[-73.98679912090302,40.77459029409755],[-73.98674011230469,40.77460654366371],[-73.98669183254242,40.77466747950132],[-73.98666501045227,40.77467560427547],[-73.98668110370636,40.774720290515404],[-73.98683667182922,40.77478528862892],[-73.98684203624725,40.77478122624868],[-73.98685276508331,40.77478528862892],[-73.98685812950134,40.77477716386824],[-73.98689568042755,40.774793413388664],[-73.9869225025177,40.77478528862892],[-73.986976146698,40.77480966290511],[-73.98696005344391,40.774834037172354],[-73.98709416389465,40.774890910427814],[-73.98714780807495,40.77487872330573],[-73.98714244365692,40.77485841143064],[-73.98719072341919,40.774793413388664],[-73.98717999458313,40.774752789580134]]]}},{"type":"Feature","properties":{"id":"31386636-3861-3631-B735-326261306638","building_id":"321af5a2-c7ed-4e7d-8747-e6b10ef76bd8","height":123.1,"min_height":0},"geometry":{"type":"Polygon","coordinates":[[[-73.98952960968018,40.774314050865115],[-73.9895349740982,40.774305926046765],[-73.98954570293427,40.774309988456025],[-73.98959934711456,40.77423686505074],[-73.9895886182785,40.77423280263696],[-73.98959398269653,40.77422467780869],[-73.98950815200806,40.774192178485634],[-73.98950815200806,40.77420030331788],[-73.98949205875397,40.77419624090189],[-73.9894437789917,40.77426530194015],[-73.98945450782776,40.77426936435191],[-73.98944914340973,40.77428155158577],[-73.98952960968018,40.774314050865115]]]}},{"type":"Feature","properties":{"id":"38386231-6232-3535-A636-636163646463","building_id":"acaf11e9-31d0-4038-aa67-8ac51762d3e8","height":18,"min_height":0},"geometry":{"type":"Polygon","coordinates":[[[-73.9875876903534,40.77849413813806],[-73.98767352104187,40.77853069750785],[-73.9876788854599,40.77852257320518],[-73.98774325847626,40.778551008260166],[-73.98773789405823,40.77855913255931],[-73.98784518241882,40.77860381618706],[-73.98785054683685,40.778595691893344],[-73.98790419101715,40.778616002625796],[-73.98793637752533,40.77853069750785],[-73.98795247077942,40.77852257320518],[-73.98789346218109,40.77851444890155],[-73.98791491985321,40.778461640903544],[-73.98780226707458,40.77843726796726],[-73.98781299591064,40.77840477070498],[-73.98777544498444,40.778392584227504],[-73.98780226707458,40.778335713969796],[-73.98781299591064,40.77833977613264],[-73.98781836032867,40.77832758964328],[-73.98780763149261,40.77832352747964],[-73.98783445358276,40.77826665716279],[-73.987877368927,40.77827884366337],[-73.98789882659912,40.7782382219861],[-73.98799002170563,40.77825853282786],[-73.98801684379578,40.778177289423695],[-73.98807048797607,40.77818947594065],[-73.98806512355804,40.778177289423695],[-73.98809731006622,40.77808792156432],[-73.98806512355804,40.77807573502872],[-73.98807048797607,40.778067610670405],[-73.9879846572876,40.77803105104579],[-73.98791491985321,40.778083859386044],[-73.98792028427124,40.77809198374234],[-73.98788809776306,40.778108232451984],[-73.98785591125488,40.778120418981615],[-73.98785054683685,40.77811635680533],[-73.98775398731232,40.77814072985936],[-73.98771643638611,40.7782179111382],[-73.98772716522217,40.77822197330826],[-73.98770570755005,40.778270719329896],[-73.98769497871399,40.77826665716279],[-73.98763597011566,40.77841695718021],[-73.9876252412796,40.77841695718021],[-73.9875876903534,40.77849413813806]]]}},{"type":"Feature","properties":{"id":"66646131-3434-3462-A330-343962343131","building_id":"545efe6d-c878-4a5a-a97a-b10a7d0ee920","height":96.5,"min_height":90},"geometry":{"type":"Polygon","coordinates":[[[-73.9818263053894,40.774013431924686],[-73.9818263053894,40.773871246816896],[-73.98172438144684,40.77383062244448],[-73.9816814661026,40.7738874965589],[-73.98166000843048,40.773879371688366],[-73.98162245750427,40.773932183328924],[-73.98181557655334,40.77401749435188],[-73.9818263053894,40.774013431924686]]]}},{"type":"Feature","properties":{"id":"32353366-6335-3134-B937-623936353132","building_id":"276349fd-d4f6-4263-9cc3-c39d4818100f","height":98,"min_height":94},"geometry":{"type":"Polygon","coordinates":[[[-73.98165464401245,40.770454650298774],[-73.98161709308624,40.77050340201967],[-73.98146152496338,40.77043839971719],[-73.98138642311096,40.770539965786895],[-73.9816278219223,40.77064153170136],[-73.98163855075836,40.77091372758659],[-73.98160099983215,40.77096654158444],[-73.98182094097137,40.77105591902358],[-73.98187458515167,40.77098279203685],[-73.98186922073364,40.77097060419791],[-73.98175656795502,40.77092591543598],[-73.98186922073364,40.770767473219706],[-73.98186385631561,40.77075528534127],[-73.9817887544632,40.77072278432118],[-73.9817887544632,40.77066590749777],[-73.98186385631561,40.77055215370484],[-73.98185849189758,40.77054402842646],[-73.98165464401245,40.770454650298774]]]}},{"type":"Feature","properties":{"id":"39326635-6433-3634-B337-623134336436","building_id":"63a3396f-e9e1-49c0-a491-df0a926ab4f6","height":7,"min_height":0},"geometry":{"type":"Polygon","coordinates":[[[-73.98577451705933,40.771982187222676],[-73.98578524589539,40.771969999567034],[-73.98576378822327,40.771957811909175],[-73.98545265197754,40.77180749727836],[-73.98530781269073,40.77170999571439],[-73.98516297340393,40.77163280687478],[-73.9850127696991,40.77156780567714],[-73.98480892181396,40.77151092957706],[-73.98477137088776,40.77155155536781],[-73.98577451705933,40.771982187222676]]]}},{"type":"Feature","properties":{"id":"65383337-3231-3061-A431-336462653436","building_id":"e7a0d77c-d233-4eea-b079-ede81d0c6e7d","height":42,"min_height":15},"geometry":{"type":"Polygon","coordinates":[[[-73.98771643638611,40.77958684839291],[-73.98770570755005,40.779599034651284],[-73.98776471614838,40.779623407161296],[-73.98747503757477,40.78006211081271],[-73.98739993572235,40.780029614345295],[-73.98740530014038,40.780017428165905],[-73.98733019828796,40.77998899373867],[-73.987335562706,40.77997680755186],[-73.98726046085358,40.779944311042726],[-73.98729264736176,40.779899628316684],[-73.9872282743454,40.77987119383903],[-73.98716926574707,40.77995243517151],[-73.98749649524689,40.78009054520865],[-73.98780226707458,40.779623407161296],[-73.98771643638611,40.77958684839291]]]}},{"type":"Feature","properties":{"id":"61376661-3937-3066-B130-313834653631","building_id":"58553349-9b0d-4b68-a93e-82957fc4315d","height":150,"min_height":0},"geometry":{"type":"Polygon","coordinates":[[[-73.9876252412796,40.77913595526152],[-73.98758232593536,40.779200949054854],[-73.98789882659912,40.77933499855271],[-73.98805975914001,40.779111582572654],[-73.98785054683685,40.77902221597026],[-73.98780763149261,40.77908314775766],[-73.98770034313202,40.779038464452356],[-73.9876252412796,40.77913595526152]]]}},{"type":"Feature","properties":{"id":"66326632-3465-3666-B838-353331373234","building_id":"6c5893d1-d9ec-4666-ab87-95625da35262","height":45,"min_height":19},"geometry":{"type":"Polygon","coordinates":[[[-73.99028062820435,40.772790630053464],[-73.99033427238464,40.77271750497593],[-73.9903074502945,40.77270531745515],[-73.99024844169617,40.77278250504881],[-73.99028062820435,40.772790630053464]]]}},{"type":"Feature","properties":{"id":"39336332-3166-3864-A536-323463653434","building_id":"e0489be5-f09f-4cf9-9fdb-b0942605a2fe","height":48.6,"min_height":0},"geometry":{"type":"Polygon","coordinates":[[[-73.98595690727234,40.7740337440581],[-73.98549556732178,40.77384280975883],[-73.98528099060059,40.774131242212064],[-73.985356092453,40.774163741564934],[-73.98538291454315,40.77412717979183],[-73.98542046546936,40.77411499252969],[-73.98569405078888,40.77422874022295],[-73.98569405078888,40.77426123952813],[-73.98566722869873,40.77429780122742],[-73.98574233055115,40.774330300498804],[-73.98595690727234,40.7740337440581]]]}},{"type":"Feature","properties":{"id":"66306464-6535-3431-A432-643733613463","building_id":"f27a8a0f-6932-483c-8790-5a23da872a5a","height":153,"min_height":0},"geometry":{"type":"Polygon","coordinates":[[[-73.98135960102081,40.770072760580774],[-73.98157954216003,40.77016620188479],[-73.98162245750427,40.77010119925242],[-73.98140788078308,40.770007757856945],[-73.98135960102081,40.770072760580774]]]}},{"type":"Feature","properties":{"id":"38613537-3465-3638-B862-326337303735","building_id":"58553349-9b0d-4b68-a93e-82957fc4315d","height":158,"min_height":150},"geometry":{"type":"Polygon","coordinates":[[[-73.98794174194336,40.77927812910181],[-73.98801684379578,40.77916845216615],[-73.98795247077942,40.77914001737548],[-73.98799538612366,40.77908314775766],[-73.98785054683685,40.77902221597026],[-73.98780763149261,40.77908314775766],[-73.98770034313202,40.779038464452356],[-73.9876252412796,40.77913595526152],[-73.98768961429596,40.77916439005395],[-73.98764669895172,40.77922532171095],[-73.98782908916473,40.77930656383336],[-73.98787200450897,40.7792496943581],[-73.98794174194336,40.77927812910181]]]}},{"type":"Feature","properties":{"id":"63333762-6339-3465-A332-306533303633","building_id":"75dc8e3c-2b5a-4760-b0dd-3c59c0c9879f","height":3,"min_height":0},"geometry":{"type":"Polygon","coordinates":[[[-73.98687958717346,40.774817787661874],[-73.98689568042755,40.774793413388664],[-73.98685812950134,40.77477716386824],[-73.98683667182922,40.77480153814736],[-73.98687958717346,40.774817787661874]]]}},{"type":"Feature","properties":{"id":"65313935-6165-3863-A465-376533386166","building_id":"321af5a2-c7ed-4e7d-8747-e6b10ef76bd8","height":72,"min_height":0},"geometry":{"type":"Polygon","coordinates":[[[-73.9889931678772,40.77395249548718],[-73.98901462554932,40.77396062034873],[-73.98902535438538,40.77394437062463],[-73.98920238018036,40.77401749435188],[-73.98921847343445,40.77399311978505],[-73.98922383785248,40.77399718221349],[-73.98930430412292,40.7738874965589],[-73.98930966854095,40.7738874965589],[-73.98941159248352,40.77375343606849],[-73.9893901348114,40.773745311181585],[-73.98940086364746,40.773733123849354],[-73.98923993110657,40.77366406225792],[-73.98922383785248,40.7736803120506],[-73.98919701576233,40.77366812470646],[-73.9889931678772,40.77395249548718]]]}},{"type":"Feature","properties":{"id":"66383263-3265-3239-B035-636138396466","building_id":"00a5b3fc-dd06-4b9b-9226-de06a1f827b9","height":162,"min_height":0},"geometry":{"type":"Polygon","coordinates":[[[-73.98318886756897,40.77714142731082],[-73.98340344429016,40.776857070179744],[-73.98338198661804,40.776844883418335],[-73.98316740989685,40.77713330283825],[-73.98318886756897,40.77714142731082]]]}},{"type":"Feature","properties":{"id":"63353064-6339-3938-A337-653564353563","building_id":"6bac8714-15c0-4eff-8889-9b0608e90bad","height":40,"min_height":0},"geometry":{"type":"Polygon","coordinates":[[[-73.99076879024506,40.77487059855645],[-73.99074196815491,40.774850286678884],[-73.99072587490082,40.774866536181435],[-73.99045765399933,40.77475685196208],[-73.99051129817963,40.77469185382071],[-73.99047911167145,40.774679666662166],[-73.99040400981903,40.77478122624868],[-73.99072051048279,40.77491528466521],[-73.99076879024506,40.77487059855645]]]}},{"type":"Feature","properties":{"id":"38656136-3639-3234-B637-346138613066","building_id":"3924a3e6-164c-4efc-bc49-8df56a34874e","height":8,"min_height":0},"geometry":{"type":"Polygon","coordinates":[[[-73.98621439933777,40.76992244168551],[-73.9860588312149,40.76985743881468],[-73.98601055145264,40.76991837900795],[-73.986074924469,40.76994681774568],[-73.98588180541992,40.770202765837524],[-73.98597836494446,40.77024339242814],[-73.98621439933777,40.76992244168551]]]}},{"type":"Feature","properties":{"id":"37333635-6434-3335-B435-323430343534","building_id":"75dc8e3c-2b5a-4760-b0dd-3c59c0c9879f","height":null,"min_height":0},"geometry":{"type":"Polygon","coordinates":[[[-73.98688495159149,40.77455779495335],[-73.98691713809967,40.77451717100075],[-73.98689568042755,40.77446842222483],[-73.98684740066528,40.77444811022431],[-73.9868313074112,40.77439936139771],[-73.98678839206696,40.77437904937608],[-73.98654162883759,40.77471622813118],[-73.98658990859985,40.77473654004976],[-73.98668110370636,40.774720290515404],[-73.98666501045227,40.77467560427547],[-73.98669183254242,40.77466747950132],[-73.98674011230469,40.77460654366371],[-73.98679912090302,40.77459029409755],[-73.9868152141571,40.774569982134295],[-73.98688495159149,40.77455779495335]]]}},{"type":"Feature","properties":{"id":"37303466-3032-3032-B935-383262306162","building_id":"e99a94ac-7ee8-4a0a-bac3-d9c5df1697fd","height":40,"min_height":0},"geometry":{"type":"Polygon","coordinates":[[[-73.9915519952774,40.77424092746426],[-73.99173438549042,40.77409061799864],[-73.99170756340027,40.774074368306316],[-73.99152517318726,40.77422061539417],[-73.9915519952774,40.77424092746426]]]}},{"type":"Feature","properties":{"id":"30323830-6438-3837-B537-323561303534","building_id":"c85cb2d7-4463-4d55-9c11-a0a07a5c77fc","height":24,"min_height":0},"geometry":{"type":"Polygon","coordinates":[[[-73.98309767246246,40.773261878622634],[-73.983553647995,40.77264031730675],[-73.98293673992157,40.772384378604215],[-73.98248076438904,40.77300187982539],[-73.98309767246246,40.773261878622634]]]}},{"type":"Feature","properties":{"id":"64393261-3431-3533-B438-353163353932","building_id":"4d81fdfe-d1f4-41ce-a661-212957c2c6c7","height":139,"min_height":0},"geometry":{"type":"Polygon","coordinates":[[[-73.98327469825745,40.77563432064642],[-73.98318350315094,40.77576025270105],[-73.98338735103607,40.775849623691755],[-73.9835000038147,40.775695255541365],[-73.98351073265076,40.77569931786573],[-73.98357510566711,40.77561400900237],[-73.98356437683105,40.7756099466728],[-73.98367702960968,40.77545964030446],[-73.98346781730652,40.775370268789146],[-73.98337662220001,40.775492139007525],[-73.98336052894592,40.775484014333244],[-73.98325324058533,40.77562619598953],[-73.98327469825745,40.77563432064642]]]}},{"type":"Feature","properties":{"id":"64323230-6236-3830-A332-333366353434","building_id":"6c5893d1-d9ec-4666-ab87-95625da35262","height":68,"min_height":22},"geometry":{"type":"Polygon","coordinates":[[[-73.99013042449951,40.7729693799042],[-73.98984611034393,40.77284750505814],[-73.98992121219635,40.77277438004319],[-73.98983538150787,40.77274188001067],[-73.98976027965546,40.77284750505814],[-73.99011433124542,40.77299375484657],[-73.99013042449951,40.7729693799042]]]}},{"type":"Feature","properties":{"id":"31393937-3430-3766-B839-623639386330","building_id":"3924a3e6-164c-4efc-bc49-8df56a34874e","height":129,"min_height":0},"geometry":{"type":"Polygon","coordinates":[[[-73.98563504219055,40.770133700576565],[-73.98567795753479,40.770072760580774],[-73.98564577102661,40.770097136585775],[-73.98563504219055,40.770133700576565]]]}},{"type":"Feature","properties":{"id":"61633538-6363-3539-A165-376536633639","building_id":"3ea40fd9-a0ea-43ed-b5f5-aa48e2f07385","height":20,"min_height":0},"geometry":{"type":"Polygon","coordinates":[[[-73.99044156074524,40.77212843891584],[-73.9902913570404,40.77225844015061],[-73.99064004421234,40.77241281628653],[-73.99066150188446,40.772388441131],[-73.99099946022034,40.77253469192996],[-73.99140179157257,40.772286877886785],[-73.99152517318726,40.772193439565],[-73.99068295955658,40.771831872647],[-73.99053275585175,40.77202687527418],[-73.99044156074524,40.77212843891584]]]}},{"type":"Feature","properties":{"id":"33366262-3537-3135-B134-633535393639","building_id":"173889cf-a6b8-4d86-aa16-0ff3093800fe","height":84.8,"min_height":81},"geometry":{"type":"Polygon","coordinates":[[[-73.98327469825745,40.770645594334724],[-73.98336589336395,40.770519652585364],[-73.98329615592957,40.77049121409283],[-73.98320496082306,40.770617155896076],[-73.98327469825745,40.770645594334724]]]}},{"type":"Feature","properties":{"id":"63323939-6262-3037-B038-633066323037","building_id":"00a5b3fc-dd06-4b9b-9226-de06a1f827b9","height":12,"min_height":0},"geometry":{"type":"Polygon","coordinates":[[[-73.98305475711823,40.777084555981986],[-73.98326933383942,40.776800198607475],[-73.98322105407715,40.77677988731983],[-73.98300647735596,40.777064244781315],[-73.98305475711823,40.777084555981986]]]}},{"type":"Feature","properties":{"id":"35616230-6439-3961-B463-653161353064","building_id":"58553349-9b0d-4b68-a93e-82957fc4315d","height":56,"min_height":12},"geometry":{"type":"Polygon","coordinates":[[[-73.98801684379578,40.77916845216615],[-73.98802757263184,40.77917251427809],[-73.98807048797607,40.77911564468809],[-73.98813486099243,40.77897347050006],[-73.98795247077942,40.77889629009911],[-73.98785054683685,40.77902221597026],[-73.98805975914001,40.779111582572654],[-73.98801684379578,40.77916845216615]]]}},{"type":"Feature","properties":{"id":"62663431-3265-3539-B433-613633623631","building_id":"3a352188-e573-4060-ae8e-482f3dda312b","height":98.5,"min_height":94.5},"geometry":{"type":"Polygon","coordinates":[[[-73.9826899766922,40.77436686216009],[-73.98266851902008,40.77435467494192],[-73.98266851902008,40.774305926046765],[-73.98255586624146,40.774305926046765],[-73.98255586624146,40.77435467494192],[-73.98262560367584,40.77435061253536],[-73.98262023925781,40.77440342380129],[-73.9826363325119,40.77440748620464],[-73.98266315460205,40.7744115486077],[-73.9826899766922,40.77436686216009]]]}},{"type":"Feature","properties":{"id":"61383939-3661-3737-B737-353035356631","building_id":"e99a94ac-7ee8-4a0a-bac3-d9c5df1697fd","height":40,"min_height":0},"geometry":{"type":"Polygon","coordinates":[[[-73.99127304553986,40.77383062244448],[-73.99138033390045,40.773879371688366],[-73.99142861366272,40.77381437268858],[-73.99182558059692,40.77397687006888],[-73.99179339408875,40.77400530706959],[-73.99181485176086,40.7740256192055],[-73.99187386035919,40.77397280763924],[-73.99186849594116,40.773948433056034],[-73.99185240268707,40.77394030819298],[-73.99134814739227,40.773729061404794],[-73.99127304553986,40.77383062244448]]]}},{"type":"Feature","properties":{"id":"64643764-6630-3433-A132-373766356231","building_id":"215cd437-1c72-43bd-a1ea-3a4cf587211e","height":77,"min_height":0},"geometry":{"type":"Polygon","coordinates":[[[-73.98339807987213,40.77073497220559],[-73.98341417312622,40.77072278432118],[-73.98340344429016,40.770702471175554],[-73.98338735103607,40.77072278432118],[-73.98339807987213,40.77073497220559]]]}},{"type":"Feature","properties":{"id":"66323134-3038-3361-B133-343438383131","building_id":"63a3396f-e9e1-49c0-a491-df0a926ab4f6","height":35,"min_height":0},"geometry":{"type":"Polygon","coordinates":[[[-73.98549556732178,40.77155155536781],[-73.9855706691742,40.77145405342827],[-73.98536145687103,40.77140123981795],[-73.98520588874817,40.77134436357525],[-73.98506104946136,40.77127123690602],[-73.98494303226471,40.77119404755666],[-73.98472845554352,40.771494679253806],[-73.98493230342865,40.771543430211636],[-73.98516297340393,40.77163280687478],[-73.98530781269073,40.77170999571439],[-73.98545265197754,40.77180749727836],[-73.98578524589539,40.771969999567034],[-73.98589789867401,40.77180749727836],[-73.98544192314148,40.77162061915507],[-73.98549556732178,40.77155155536781]]]}},{"type":"Feature","properties":{"id":"33616239-6433-3436-A666-653332613338","building_id":"bb1d3c22-5bae-4e66-808d-b066dc45b2dc","height":35,"min_height":0},"geometry":{"type":"Polygon","coordinates":[[[-73.98186922073364,40.77487872330573],[-73.98153126239777,40.77473247766653],[-73.9813381433487,40.774996532058765],[-73.98166000843048,40.775134652399686],[-73.98179411888123,40.77501278152553],[-73.9818263053894,40.77496809548231],[-73.98186922073364,40.77487872330573]]]}},{"type":"Feature","properties":{"id":"63303664-3663-3031-B131-383466326435","building_id":"e7a0d77c-d233-4eea-b079-ede81d0c6e7d","height":15,"min_height":0},"geometry":{"type":"Polygon","coordinates":[[[-73.986976146698,40.77976557995825],[-73.98693323135376,40.77985900763056],[-73.98749649524689,40.78009054520865],[-73.98780226707458,40.779623407161296],[-73.98763060569763,40.77955028960437],[-73.98764669895172,40.7795259170675],[-73.98718535900116,40.77933499855271],[-73.9870673418045,40.77957466213229],[-73.9874804019928,40.77975339373046],[-73.98735702037811,40.77992400071642],[-73.986976146698,40.77976557995825]]]}},{"type":"Feature","properties":{"id":"36363634-3137-3532-A463-383234646536","building_id":"e99a94ac-7ee8-4a0a-bac3-d9c5df1697fd","height":3.5,"min_height":0},"geometry":{"type":"Polygon","coordinates":[[[-73.99143934249878,40.77397280763924],[-73.99144470691681,40.77397687006888],[-73.99150907993317,40.77392812089653],[-73.99125158786774,40.77382249756701],[-73.99121403694153,40.77387530925279],[-73.99143934249878,40.77397280763924]]]}},{"type":"Feature","properties":{"id":"65646664-3165-3961-A436-663235326262","building_id":"a933daba-205f-4078-b0db-c11e4f2ae26e","height":108.7,"min_height":0},"geometry":{"type":"Polygon","coordinates":[[[-73.98942768573761,40.771831872647],[-73.98948669433594,40.771856248006685],[-73.98947596549988,40.771876560799626],[-73.98959398269653,40.771925311477275],[-73.9898407459259,40.77159218113374],[-73.98929357528687,40.771360613935286],[-73.98917019367218,40.77152717989634],[-73.98917019367218,40.771547492789836],[-73.98914873600006,40.77157999340656],[-73.98914873600006,40.771600306283915],[-73.98919701576233,40.77162061915507],[-73.98918628692627,40.771640932020034],[-73.98917019367218,40.77163280687478],[-73.98910582065582,40.77171812085018],[-73.98940086364746,40.7718399977679],[-73.98942232131958,40.7718399977679],[-73.98942768573761,40.771831872647]]]}},{"type":"Feature","properties":{"id":"66613565-3831-3632-A436-353435363837","building_id":"e99a94ac-7ee8-4a0a-bac3-d9c5df1697fd","height":40,"min_height":0},"geometry":{"type":"Polygon","coordinates":[[[-73.99153053760529,40.77394030819298],[-73.99150907993317,40.77392812089653],[-73.99144470691681,40.77397687006888],[-73.99143934249878,40.77397280763924],[-73.99131059646606,40.77407030588262],[-73.9913159608841,40.77407843072979],[-73.99122476577759,40.774155616728194],[-73.99116575717926,40.774131242212064],[-73.9910477399826,40.77422467780869],[-73.99139106273651,40.77437092456569],[-73.99146616458893,40.774305926046765],[-73.99144470691681,40.77428967640711],[-73.99139642715454,40.77432217568247],[-73.99112284183502,40.774208428149166],[-73.99119257926941,40.77415155430947],[-73.99124085903168,40.77417186640068],[-73.99153053760529,40.77394030819298]]]}},{"type":"Feature","properties":{"id":"66396565-3662-3263-A462-633630613464","building_id":"f27a8a0f-6932-483c-8790-5a23da872a5a","height":163.5,"min_height":160},"geometry":{"type":"Polygon","coordinates":[[[-73.98166000843048,40.76997525647124],[-73.98166537284851,40.769967131122314],[-73.98164391517639,40.76995900577239],[-73.98163855075836,40.769967131122314],[-73.98166000843048,40.76997525647124]]]}},{"type":"Feature","properties":{"id":"36636363-3135-3537-B639-356464363537","building_id":"f393b788-dd29-4001-907a-8d160458b124","height":141,"min_height":136},"geometry":{"type":"Polygon","coordinates":[[[-73.98145616054535,40.771470303761475],[-73.98155272006989,40.77157999340656],[-73.98180484771729,40.771445928260164],[-73.98163855075836,40.77137686429134],[-73.98145616054535,40.771470303761475]]]}},{"type":"Feature","properties":{"id":"32646636-3762-3236-B866-313332353630","building_id":"7032491c-9edf-4c1a-9dad-b16dc4eff280","height":3,"min_height":0},"geometry":{"type":"Polygon","coordinates":[[[-73.98403108119965,40.773911871164444],[-73.98397207260132,40.773883434123775],[-73.98383259773254,40.774074368306316],[-73.98389160633087,40.77409874284331],[-73.98403108119965,40.773911871164444]]]}},{"type":"Feature","properties":{"id":"62326531-6138-3430-B437-343537323535","building_id":"9b79f7b3-7151-4f87-9d48-07786ee1b369","height":70,"min_height":45},"geometry":{"type":"Polygon","coordinates":[[[-73.98432612419128,40.7746187308357],[-73.98426175117493,40.77463091800544],[-73.98430466651917,40.77465122995008],[-73.98432612419128,40.7746187308357]]]}},{"type":"Feature","properties":{"id":"66356662-3463-3938-A433-363233653665","building_id":"a493243b-ab6f-4deb-b1a9-5a1ef61f5908","height":null,"min_height":0},"geometry":{"type":"Polygon","coordinates":[[[-73.98442268371582,40.77110060769806],[-73.98456752300262,40.77090560235246],[-73.98444414138794,40.7708527883062],[-73.98429930210114,40.77105185641531],[-73.98442268371582,40.77110060769806]]]}},{"type":"Feature","properties":{"id":"32303063-6539-3337-B035-356238663963","building_id":"5e6d90ae-9806-47f9-8926-c81b28aed41f","height":82.6,"min_height":80},"geometry":{"type":"Polygon","coordinates":[[[-73.98300111293793,40.771311862843305],[-73.98306548595428,40.77121842315037],[-73.98293673992157,40.771173734555106],[-73.98287236690521,40.77125904911995],[-73.98300111293793,40.771311862843305]]]}},{"type":"Feature","properties":{"id":"65643530-6136-3931-B933-323132656339","building_id":"a493243b-ab6f-4deb-b1a9-5a1ef61f5908","height":null,"min_height":0},"geometry":{"type":"Polygon","coordinates":[[[-73.98429930210114,40.77105185641531],[-73.98444414138794,40.7708527883062],[-73.98436903953552,40.77083653782199],[-73.98429930210114,40.77084060044339],[-73.98426175117493,40.770856850926634],[-73.98422420024872,40.77090153973501],[-73.98421347141266,40.770954353742496],[-73.98422420024872,40.770994979873564],[-73.98426175117493,40.77103154337027],[-73.98429930210114,40.77105185641531]]]}},{"type":"Feature","properties":{"id":"66393533-3564-3437-B534-643462303966","building_id":"3a352188-e573-4060-ae8e-482f3dda312b","height":107,"min_height":102.5},"geometry":{"type":"Polygon","coordinates":[[[-73.98258805274963,40.7746187308357],[-73.98266315460205,40.77465122995008],[-73.98274898529053,40.77452935818914],[-73.98267388343811,40.77449685901513],[-73.98258805274963,40.7746187308357]]]}},{"type":"Feature","properties":{"id":"31636435-3237-3137-A262-653063653766","building_id":"75dc8e3c-2b5a-4760-b0dd-3c59c0c9879f","height":null,"min_height":0},"geometry":{"type":"Polygon","coordinates":[[[-73.98711025714874,40.774931534151875],[-73.98721218109131,40.774972157851096],[-73.9872819185257,40.774959970743964],[-73.98743748664856,40.7747487271979],[-73.9874267578125,40.774712165746735],[-73.98728728294373,40.77465529233828],[-73.98722290992737,40.7747487271979],[-73.98717999458313,40.774752789580134],[-73.98719072341919,40.774793413388664],[-73.98714244365692,40.77485841143064],[-73.98714780807495,40.77487872330573],[-73.98709416389465,40.774890910427814],[-73.98711025714874,40.774931534151875]]]}},{"type":"Feature","properties":{"id":"65636666-3739-3737-B535-623835303931","building_id":"6bac8714-15c0-4eff-8889-9b0608e90bad","height":60,"min_height":0},"geometry":{"type":"Polygon","coordinates":[[[-73.99088144302368,40.7744643598252],[-73.99105846881866,40.77459435648947],[-73.99103701114655,40.7746187308357],[-73.99105846881866,40.774634980394865],[-73.99118721485138,40.77452935818914],[-73.99116039276123,40.77450904620724],[-73.99118185043335,40.77449685901513],[-73.99090826511383,40.77437904937608],[-73.99082243442535,40.774444047823465],[-73.99088144302368,40.7744643598252]]]}},{"type":"Feature","properties":{"id":"33663239-3032-3665-B337-366636316638","building_id":"3ea40fd9-a0ea-43ed-b5f5-aa48e2f07385","height":95,"min_height":20},"geometry":{"type":"Polygon","coordinates":[[[-73.99057567119598,40.77204718801491],[-73.99040400981903,40.77197812467105],[-73.9903450012207,40.77208375093264],[-73.99074733257294,40.77225844015061],[-73.99085462093353,40.77214875162551],[-73.99058640003204,40.77203500037123],[-73.99057567119598,40.77204718801491]]]}},{"type":"Feature","properties":{"id":"65643264-6232-3836-B233-303939356165","building_id":"e0489be5-f09f-4cf9-9fdb-b0942605a2fe","height":11,"min_height":0},"geometry":{"type":"Polygon","coordinates":[[[-73.98639142513275,40.774188116069126],[-73.98618757724762,40.77446842222483],[-73.9861661195755,40.77449685901513],[-73.98630023002625,40.77452123339714],[-73.98651480674744,40.77423280263696],[-73.98641288280487,40.77415967914669],[-73.98639142513275,40.774188116069126]]]}},{"type":"Feature","properties":{"id":"63306265-3737-3361-B834-653962366563","building_id":"e0489be5-f09f-4cf9-9fdb-b0942605a2fe","height":38,"min_height":0},"geometry":{"type":"Polygon","coordinates":[[[-73.98584961891174,40.774423735815475],[-73.98616075515747,40.77399311978505],[-73.9860212802887,40.773932183328924],[-73.9859676361084,40.77392812089653],[-73.98595154285431,40.773919996031],[-73.98596227169037,40.773907808730826],[-73.98564040660858,40.773769685839284],[-73.98562967777252,40.773785935606156],[-73.9855706691742,40.773741248737764],[-73.98543655872345,40.773684374498146],[-73.98512005805969,40.77411499252969],[-73.98525953292847,40.77417592881815],[-73.9853185415268,40.77417999123537],[-73.98533463478088,40.774188116069126],[-73.98532390594482,40.77420030331788],[-73.98564577102661,40.774334362906615],[-73.98565113544464,40.77432217568247],[-73.98567259311676,40.774330300498804],[-73.98571014404297,40.77436686216009],[-73.98584961891174,40.774423735815475]]]}},{"type":"Feature","properties":{"id":"61653262-6332-3465-B762-326435653834","building_id":"6de57378-097b-4c4c-be16-c54805f9f9d5","height":null,"min_height":0},"geometry":{"type":"Polygon","coordinates":[[[-73.98186922073364,40.77916439005395],[-73.98191750049591,40.778880041582255],[-73.98184776306152,40.778871917322334],[-73.98179948329926,40.77915626582879],[-73.98186922073364,40.77916439005395]]]}},{"type":"Feature","properties":{"id":"33653331-3264-3862-B338-396238663938","building_id":"02d5d42e-7220-4d53-a604-5255d291697a","height":null,"min_height":0},"geometry":{"type":"Polygon","coordinates":[[[-73.98596227169037,40.77161249400737],[-73.98599982261658,40.771559680522984],[-73.9857691526413,40.77146624117853],[-73.98573160171509,40.77151499215725],[-73.98596227169037,40.77161249400737]]]}},{"type":"Feature","properties":{"id":"33343565-3262-3834-A234-616166316537","building_id":"e9600795-68bd-4a36-b9f0-f0c93bde537a","height":5.1,"min_height":0},"geometry":{"type":"Polygon","coordinates":[[[-73.97037327289581,40.79359550721037],[-73.97046983242035,40.79363611949506],[-73.9706414937973,40.79339650665628],[-73.97016406059265,40.79319750550573],[-73.96992266178131,40.793534588736776],[-73.97003531455994,40.79357926228954],[-73.97007286548615,40.79353052750321],[-73.97015869617462,40.79356707859634],[-73.97022306919098,40.79348179268109],[-73.97023379802704,40.793485853917645],[-73.97032499313354,40.793351832980534],[-73.97035717964172,40.79336807795701],[-73.97037327289581,40.793351832980534],[-73.97042691707611,40.79337620044376],[-73.97043228149414,40.79336807795701],[-73.97049129009247,40.79339244541427],[-73.97046983242035,40.79342493534338],[-73.97048056125641,40.79342899658343],[-73.97042691707611,40.793506160096626],[-73.9704430103302,40.79351428256646],[-73.97040009498596,40.79357926228954],[-73.9703893661499,40.7935752010587],[-73.97037327289581,40.79359550721037]]]}},{"type":"Feature","properties":{"id":"39616561-3931-3730-B263-613534613462","building_id":"bee4fba3-407d-422a-8411-2ae524877ec4","height":null,"min_height":0},"geometry":{"type":"Polygon","coordinates":[[[-73.96663963794708,40.79495194407738],[-73.96668255329132,40.7948950879987],[-73.9666610956192,40.7948869656978],[-73.96688640117645,40.79458237869565],[-73.96689713001251,40.79458643986487],[-73.96694004535675,40.79452958347318],[-73.96690785884857,40.79451333878089],[-73.96692931652069,40.794484910559845],[-73.9669132232666,40.794476788208726],[-73.96692395210266,40.79446054350356],[-73.96684348583221,40.79442805408121],[-73.96682739257812,40.79444429879436],[-73.96678984165192,40.79442805408121],[-73.96648406982422,40.7948504153313],[-73.96651089191437,40.794858537636685],[-73.96647870540619,40.79490321029863],[-73.96659135818481,40.7949478829305],[-73.96660208702087,40.794935699488434],[-73.96663963794708,40.79495194407738]]]}},{"type":"Feature","properties":{"id":"37376230-3232-3535-B931-333162323838","building_id":"bee4fba3-407d-422a-8411-2ae524877ec4","height":null,"min_height":0},"geometry":{"type":"Polygon","coordinates":[[[-73.96718680858612,40.794172199324805],[-73.9670580625534,40.794119403776165],[-73.9668595790863,40.794391503462094],[-73.96698832511902,40.79444429879436],[-73.96718680858612,40.794172199324805]]]}},{"type":"Feature","properties":{"id":"64373037-3666-3063-B637-643761353362","building_id":"551026d9-b5a6-4ea9-9efe-195a92977533","height":null,"min_height":0},"geometry":{"type":"Polygon","coordinates":[[[-73.96970808506012,40.79100033070657],[-73.96987974643707,40.79075664695219],[-73.96971344947815,40.79068760305921],[-73.9696329832077,40.79080132237411],[-73.96939158439636,40.790703848687514],[-73.96930038928986,40.79083381357117],[-73.96970808506012,40.79100033070657]]]}},{"type":"Feature","properties":{"id":"65356462-3439-3039-A562-623631333263","building_id":"e9600795-68bd-4a36-b9f0-f0c93bde537a","height":30,"min_height":0},"geometry":{"type":"Polygon","coordinates":[[[-73.97037327289581,40.79359550721037],[-73.97034108638763,40.79363611949506],[-73.9703518152237,40.79364018072221],[-73.97030353546143,40.79370516032205],[-73.97028744220734,40.793697037875546],[-73.97021234035492,40.79379044595035],[-73.97007286548615,40.793729527655586],[-73.97009432315826,40.79370109909891],[-73.97007822990417,40.7936929766519],[-73.97015333175659,40.79359550721037],[-73.97014260292053,40.79359144598055],[-73.97015869617462,40.79356707859634],[-73.97007286548615,40.79353052750321],[-73.97003531455994,40.79357926228954],[-73.96992266178131,40.793534588736776],[-73.96982073783875,40.79368079297956],[-73.97029280662537,40.793875731469086],[-73.97046983242035,40.79363611949506],[-73.97037327289581,40.79359550721037]]]}},{"type":"Feature","properties":{"id":"32653937-3238-3734-A164-356539383864","building_id":"e9600795-68bd-4a36-b9f0-f0c93bde537a","height":71.1,"min_height":0},"geometry":{"type":"Polygon","coordinates":[[[-73.97021234035492,40.79379044595035],[-73.97028744220734,40.793697037875546],[-73.97030353546143,40.79370516032205],[-73.9703518152237,40.79364018072221],[-73.97034108638763,40.79363611949506],[-73.97037327289581,40.79359550721037],[-73.9703893661499,40.7935752010587],[-73.97040009498596,40.79357926228954],[-73.9704430103302,40.79351428256646],[-73.97042691707611,40.793506160096626],[-73.97048056125641,40.79342899658343],[-73.97046983242035,40.79342493534338],[-73.97049129009247,40.79339244541427],[-73.97043228149414,40.79336807795701],[-73.97042691707611,40.79337620044376],[-73.97037327289581,40.793351832980534],[-73.97035717964172,40.79336807795701],[-73.97032499313354,40.793351832980534],[-73.97023379802704,40.793485853917645],[-73.97022306919098,40.79348179268109],[-73.97014260292053,40.79359144598055],[-73.97015333175659,40.79359550721037],[-73.97013187408447,40.79362799704012],[-73.97012650966644,40.79362393581226],[-73.97007822990417,40.7936929766519],[-73.97009432315826,40.79370109909891],[-73.97007286548615,40.793729527655586],[-73.97021234035492,40.79379044595035]]]}},{"type":"Feature","properties":{"id":"37393834-3433-3364-B166-303138306435","building_id":"bee4fba3-407d-422a-8411-2ae524877ec4","height":null,"min_height":0},"geometry":{"type":"Polygon","coordinates":[[[-73.96636605262756,40.795289018400865],[-73.96656453609467,40.79501692239336],[-73.96644651889801,40.794968188662324],[-73.96624803543091,40.795236223740346],[-73.96636605262756,40.795289018400865]]]}},{"type":"Feature","properties":{"id":"38336235-3833-3931-B830-393061653565","building_id":"551026d9-b5a6-4ea9-9efe-195a92977533","height":null,"min_height":0},"geometry":{"type":"Polygon","coordinates":[[[-73.96981537342072,40.79057388354951],[-73.96949350833893,40.79043985673451],[-73.96942377090454,40.79052920797457],[-73.96956861019135,40.79059012920567],[-73.96954715251923,40.79061855909438],[-73.96969735622406,40.790683541651475],[-73.96971881389618,40.790655111790585],[-73.96974563598633,40.7906672960182],[-73.96981537342072,40.79057388354951]]]}},{"type":"Feature","properties":{"id":"30316233-3131-3334-A535-616162303436","building_id":"f27a8a0f-6932-483c-8790-5a23da872a5a","height":159,"min_height":153},"geometry":{"type":"Polygon","coordinates":[[[-73.9814829826355,40.77012557524699],[-73.98149907588959,40.77010932458492],[-73.98147761821747,40.77010119925242],[-73.98146688938141,40.770117449916455],[-73.9814829826355,40.77012557524699]]]}},{"type":"Feature","properties":{"id":"34303239-3864-3431-B230-323937366632","building_id":"d17dd15c-83ba-4c3b-9531-9498c5ca1d7d","height":91.4,"min_height":0},"geometry":{"type":"Polygon","coordinates":[[[-73.97944986820221,40.7724006287099],[-73.97949814796448,40.77242094133638],[-73.97950351238251,40.77241281628653],[-73.9795732498169,40.77244125395666],[-73.97954642772675,40.7724778166575],[-73.97971272468567,40.77254687948198],[-73.97973418235779,40.77251437933825],[-73.9798092842102,40.77254281696489],[-73.97980391979218,40.772550941998844],[-73.97984683513641,40.772567192063775],[-73.97996485233307,40.772408753761226],[-73.98002922534943,40.772437191433085],[-73.98005604743958,40.77239656618386],[-73.98003995418549,40.772388441131],[-73.9800775051117,40.77233969079316],[-73.9798629283905,40.772250315080896],[-73.97978782653809,40.77235187838099],[-73.97955179214478,40.77225844015061],[-73.97944986820221,40.7724006287099]]]}},{"type":"Feature","properties":{"id":"65386363-6265-3535-A438-393938373438","building_id":"548e6510-fc00-4bad-9eff-a0065db96b78","height":65,"min_height":60},"geometry":{"type":"Polygon","coordinates":[[[-73.98107528686523,40.769926504362815],[-73.9813220500946,40.76958117590422],[-73.98115038871765,40.76951210999715],[-73.98090362548828,40.76985337613314],[-73.98107528686523,40.769926504362815]]]}},{"type":"Feature","properties":{"id":"36366233-6432-3732-B634-663562333433","building_id":"f27a8a0f-6932-483c-8790-5a23da872a5a","height":163.5,"min_height":160},"geometry":{"type":"Polygon","coordinates":[[[-73.98148834705353,40.76994275506959],[-73.98149371147156,40.76993462971669],[-73.98147225379944,40.769926504362815],[-73.98146688938141,40.76993462971669],[-73.98148834705353,40.76994275506959]]]}},{"type":"Feature","properties":{"id":"63623132-3365-3132-A639-396139626664","building_id":"fc84d3bd-d46d-46c1-b834-20dc4f65aced","height":63,"min_height":0},"geometry":{"type":"Polygon","coordinates":[[[-73.97671937942505,40.7767677005443],[-73.97659599781036,40.77693425294996],[-73.97667646408081,40.77696675093165],[-73.97668719291687,40.776958626437704],[-73.97678911685944,40.776999248897425],[-73.97690176963806,40.77684082116406],[-73.97671937942505,40.7767677005443]]]}},{"type":"Feature","properties":{"id":"62393264-6663-3564-A264-616234643062","building_id":"6f075c6d-b773-40e9-a87a-f6c78883d13d","height":45.72,"min_height":0},"geometry":{"type":"Polygon","coordinates":[[[-73.97741675376892,40.77735266324882],[-73.97729873657227,40.777303916553535],[-73.97723436355591,40.77738922324684],[-73.97717535495758,40.77736484991706],[-73.97710025310516,40.77747452983061],[-73.97718071937561,40.77750702754798],[-73.97716462612152,40.77752733861328],[-73.97725045681,40.777559836304846],[-73.97726118564606,40.77754764967236],[-73.97732555866241,40.77757608514463],[-73.97741138935089,40.77746234318249],[-73.97735238075256,40.77743796987954],[-73.97741675376892,40.77735266324882]]]}},{"type":"Feature","properties":{"id":"34353330-3332-3361-A535-623838626264","building_id":"fc84d3bd-d46d-46c1-b834-20dc4f65aced","height":49.875,"min_height":0},"geometry":{"type":"Polygon","coordinates":[[[-73.9772880077362,40.7770073733864],[-73.97716999053955,40.77716580072254],[-73.97720754146576,40.777182049658734],[-73.97732019424438,40.77702362236133],[-73.9772880077362,40.7770073733864]]]}},{"type":"Feature","properties":{"id":"37633238-3731-3733-B966-313738616561","building_id":"2d7d6e47-c5c7-4f32-bbdd-974403cfa99b","height":null,"min_height":0},"geometry":{"type":"Polygon","coordinates":[[[-73.97722899913788,40.77643865675944],[-73.97718608379364,40.776422407641434],[-73.97719144821167,40.77641022080027],[-73.97713780403137,40.77638584711133],[-73.97712707519531,40.776402096238286],[-73.97708415985107,40.77638178482897],[-73.97700905799866,40.776487404089664],[-73.97715389728546,40.77654427592972],[-73.97722899913788,40.77643865675944]]]}},{"type":"Feature","properties":{"id":"35366261-6561-3562-B731-353434383838","building_id":"6f075c6d-b773-40e9-a87a-f6c78883d13d","height":null,"min_height":0},"geometry":{"type":"Polygon","coordinates":[[[-73.97718071937561,40.77750702754798],[-73.97710025310516,40.77747452983061],[-73.97708415985107,40.77749077869129],[-73.97716462612152,40.77752733861328],[-73.97718071937561,40.77750702754798]]]}},{"type":"Feature","properties":{"id":"62383334-3536-3665-A530-663565376665","building_id":"684a5509-b34b-4e66-9e86-8a34e3985c38","height":82,"min_height":78},"geometry":{"type":"Polygon","coordinates":[[[-73.98053348064423,40.77416780398292],[-73.9805656671524,40.774123117371374],[-73.98053884506226,40.77410686768698],[-73.98050129413605,40.774155616728194],[-73.98053348064423,40.77416780398292]]]}},{"type":"Feature","properties":{"id":"37346236-3837-3163-B737-333734636236","building_id":"f393b788-dd29-4001-907a-8d160458b124","height":149,"min_height":140},"geometry":{"type":"Polygon","coordinates":[[[-73.98145616054535,40.77160843143315],[-73.9814829826355,40.771596243708956],[-73.98139178752899,40.77149061667234],[-73.98136496543884,40.77150280441592],[-73.98145616054535,40.77160843143315]]]}},{"type":"Feature","properties":{"id":"32623630-6135-3731-A430-616132396634","building_id":"548e6510-fc00-4bad-9eff-a0065db96b78","height":60,"min_height":52},"geometry":{"type":"Polygon","coordinates":[[[-73.98105382919312,40.76994681774568],[-73.9813381433487,40.76956086240958],[-73.98113965988159,40.76947554566436],[-73.98085534572601,40.769865564176996],[-73.98105382919312,40.76994681774568]]]}},{"type":"Feature","properties":{"id":"31646661-6338-3661-A561-616364653532","building_id":"684a5509-b34b-4e66-9e86-8a34e3985c38","height":85,"min_height":78},"geometry":{"type":"Polygon","coordinates":[[[-73.98073732852936,40.77425717711586],[-73.98077487945557,40.774208428149166],[-73.9805656671524,40.774123117371374],[-73.98053348064423,40.77416780398292],[-73.98050129413605,40.774155616728194],[-73.98046910762787,40.77420436573365],[-73.98049592971802,40.774216552979425],[-73.98046374320984,40.77426530194015],[-73.980672955513,40.77435061253536],[-73.98071050643921,40.77430186363722],[-73.9807641506195,40.77432217568247],[-73.98079633712769,40.77428155158577],[-73.98073732852936,40.77425717711586]]]}},{"type":"Feature","properties":{"id":"63626633-3361-3533-A237-373337643630","building_id":"fc84d3bd-d46d-46c1-b834-20dc4f65aced","height":102.4,"min_height":0},"geometry":{"type":"Polygon","coordinates":[[[-73.97704124450684,40.77702362236133],[-73.97683203220367,40.77693425294996],[-73.97675693035126,40.77704393357442],[-73.97696077823639,40.777129240601596],[-73.97704124450684,40.77702362236133]]]}},{"type":"Feature","properties":{"id":"31333032-3062-3837-B634-636462356634","building_id":"6f075c6d-b773-40e9-a87a-f6c78883d13d","height":null,"min_height":0},"geometry":{"type":"Polygon","coordinates":[[[-73.97732555866241,40.77757608514463],[-73.97726118564606,40.77754764967236],[-73.97725045681,40.777559836304846],[-73.97732019424438,40.77758827177189],[-73.97732555866241,40.77757608514463]]]}},{"type":"Feature","properties":{"id":"35333237-3439-3837-B765-386462333130","building_id":"f393b788-dd29-4001-907a-8d160458b124","height":149,"min_height":140},"geometry":{"type":"Polygon","coordinates":[[[-73.98145616054535,40.77160843143315],[-73.98136496543884,40.77150280441592],[-73.98127913475037,40.771547492789836],[-73.98119330406189,40.77151499215725],[-73.98110747337341,40.77162874430181],[-73.9812844991684,40.77170187057763],[-73.98145616054535,40.77160843143315]]]}},{"type":"Feature","properties":{"id":"39373130-6365-3633-B262-323061623532","building_id":"f27a8a0f-6932-483c-8790-5a23da872a5a","height":159,"min_height":158},"geometry":{"type":"Polygon","coordinates":[[[-73.98157954216003,40.77008494858438],[-73.98155808448792,40.770072760580774],[-73.98152589797974,40.77012151258185],[-73.98142397403717,40.77008088591677],[-73.98139178752899,40.770064635243756],[-73.9814293384552,40.77001994587252],[-73.98140788078308,40.770007757856945],[-73.98135960102081,40.770072760580774],[-73.9815366268158,40.770145888568976],[-73.98157954216003,40.77008494858438]]]}},{"type":"Feature","properties":{"id":"38656164-6230-3538-A339-613533313933","building_id":"f27a8a0f-6932-483c-8790-5a23da872a5a","height":159,"min_height":153},"geometry":{"type":"Polygon","coordinates":[[[-73.9815366268158,40.770145888568976],[-73.98154735565186,40.77012963791191],[-73.98152589797974,40.77012151258185],[-73.98151516914368,40.77013776324097],[-73.9815366268158,40.770145888568976]]]}},{"type":"Feature","properties":{"id":"34643562-6238-3236-A135-653064303235","building_id":"f393b788-dd29-4001-907a-8d160458b124","height":140,"min_height":136},"geometry":{"type":"Polygon","coordinates":[[[-73.98155272006989,40.77157999340656],[-73.9814293384552,40.77144186567577],[-73.98127913475037,40.77152311731689],[-73.98107528686523,40.77143780309109],[-73.98097336292267,40.77157186825386],[-73.9812844991684,40.77170187057763],[-73.9814829826355,40.771596243708956],[-73.98149371147156,40.77160843143315],[-73.98155272006989,40.77157999340656]]]}},{"type":"Feature","properties":{"id":"61353231-6531-3133-B765-333236316337","building_id":"bb1d3c22-5bae-4e66-808d-b066dc45b2dc","height":42,"min_height":0},"geometry":{"type":"Polygon","coordinates":[[[-73.98119866847992,40.77480560052638],[-73.98130595684052,40.774663417113885],[-73.98127913475037,40.77465122995008],[-73.98135423660278,40.77455779495335],[-73.98122012615204,40.774500921412766],[-73.98104310035706,40.7747406024327],[-73.98119866847992,40.77480560052638]]]}},{"type":"Feature","properties":{"id":"64376363-3264-3963-B030-666538666533","building_id":"ac13d19a-9db4-4e60-9e67-14e150378f29","height":58,"min_height":0},"geometry":{"type":"Polygon","coordinates":[[[-73.98012578487396,40.77263219228374],[-73.98020625114441,40.77261594223472],[-73.98061394691467,40.772786567551265],[-73.98069441318512,40.77267687989806],[-73.98047983646393,40.77258344212473],[-73.98050129413605,40.77254687948198],[-73.98020088672638,40.77242500386092],[-73.98009896278381,40.772567192063775],[-73.98015797138214,40.77259156715371],[-73.98012578487396,40.77263219228374]]]}},{"type":"Feature","properties":{"id":"63616461-6336-3265-A136-316333333232","building_id":"548e6510-fc00-4bad-9eff-a0065db96b78","height":52,"min_height":44},"geometry":{"type":"Polygon","coordinates":[[[-73.98104310035706,40.769967131122314],[-73.98135423660278,40.769540548908736],[-73.98112893104553,40.769447106724925],[-73.9808177947998,40.76987368953834],[-73.98104310035706,40.769967131122314]]]}},{"type":"Feature","properties":{"id":"61666239-3338-3435-A132-663831383833","building_id":"f27a8a0f-6932-483c-8790-5a23da872a5a","height":163.5,"min_height":160},"geometry":{"type":"Polygon","coordinates":[[[-73.98155808448792,40.769849313451346],[-73.98156344890594,40.769841188087014],[-73.98154199123383,40.769833062721716],[-73.9815366268158,40.769841188087014],[-73.98155808448792,40.769849313451346]]]}},{"type":"Feature","properties":{"id":"32393063-3166-3338-B736-353738326232","building_id":"d17dd15c-83ba-4c3b-9531-9498c5ca1d7d","height":100,"min_height":0},"geometry":{"type":"Polygon","coordinates":[[[-73.97980391979218,40.77246969161462],[-73.97984683513641,40.77240469123569],[-73.97965908050537,40.77233156573337],[-73.97961616516113,40.77239656618386],[-73.97980391979218,40.77246969161462]]]}},{"type":"Feature","properties":{"id":"66333537-6636-3530-A631-643265646133","building_id":"7e94cbe8-305c-4d07-a3f5-3acbf7d25f85","height":null,"min_height":0},"geometry":{"type":"Polygon","coordinates":[[[-73.97821068763733,40.77360312549996],[-73.97821605205536,40.7736437500115],[-73.97823214530945,40.77366406225792],[-73.97828578948975,40.773684374498146],[-73.97833943367004,40.7736762496028],[-73.97837698459625,40.7736437500115],[-73.97838234901428,40.77359906304747],[-73.97837162017822,40.77357875078113],[-73.97832334041595,40.77355437605337],[-73.9782965183258,40.773550313597895],[-73.97824287414551,40.77356656341837],[-73.97821068763733,40.77360312549996]]]}},{"type":"Feature","properties":{"id":"62343138-3063-3238-B965-396166623764","building_id":"2d7d6e47-c5c7-4f32-bbdd-974403cfa99b","height":null,"min_height":0},"geometry":{"type":"Polygon","coordinates":[[[-73.9771056175232,40.776446781316935],[-73.9770895242691,40.77646303042903],[-73.97709488868713,40.77647521726044],[-73.97712171077728,40.77648334181353],[-73.97713243961334,40.776479279537085],[-73.9771431684494,40.77646709270641],[-73.97713780403137,40.77645490587349],[-73.97712707519531,40.776446781316935],[-73.9771056175232,40.776446781316935]]]}},{"type":"Feature","properties":{"id":"37306463-3535-3139-A263-346239353834","building_id":"6f075c6d-b773-40e9-a87a-f6c78883d13d","height":61.2,"min_height":0},"geometry":{"type":"Polygon","coordinates":[[[-73.97756159305573,40.7770967426994],[-73.97743284702301,40.77704393357442],[-73.9773952960968,40.7770967426994],[-73.97737920284271,40.77708861822134],[-73.97723972797394,40.777279543192435],[-73.97747576236725,40.77737703658306],[-73.97751867771149,40.77731204100522],[-73.97746503353119,40.77728766764713],[-73.9775562286377,40.777161738487905],[-73.97752404212952,40.77714955178237],[-73.97756159305573,40.7770967426994]]]}},{"type":"Feature","properties":{"id":"33376363-3336-3532-B565-363731373036","building_id":"f393b788-dd29-4001-907a-8d160458b124","height":149,"min_height":140},"geometry":{"type":"Polygon","coordinates":[[[-73.98110747337341,40.77162874430181],[-73.98119330406189,40.77151499215725],[-73.98116648197174,40.77150280441592],[-73.98108065128326,40.771616556581364],[-73.98110747337341,40.77162874430181]]]}},{"type":"Feature","properties":{"id":"63623730-3830-3639-B531-636231663430","building_id":"684a5509-b34b-4e66-9e86-8a34e3985c38","height":28,"min_height":0},"geometry":{"type":"Polygon","coordinates":[[[-73.9807265996933,40.774374986971],[-73.98064613342285,40.77433842531417],[-73.98059248924255,40.7744115486077],[-73.980672955513,40.77444811022431],[-73.9807265996933,40.774374986971]]]}},{"type":"Feature","properties":{"id":"31343630-6234-3265-A531-663535613530","building_id":"c507dd6d-f0ef-444b-a0cd-8330e67608c7","height":110,"min_height":102.1},"geometry":{"type":"Polygon","coordinates":[[[-73.98135423660278,40.77333500310104],[-73.98139715194702,40.77327812851368],[-73.98131132125854,40.77324156625323],[-73.9812684059143,40.77330250334279],[-73.98135423660278,40.77333500310104]]]}},{"type":"Feature","properties":{"id":"34343661-6430-3035-B765-323433313466","building_id":"548e6510-fc00-4bad-9eff-a0065db96b78","height":70.4,"min_height":65},"geometry":{"type":"Polygon","coordinates":[[[-73.98111820220947,40.76965430443346],[-73.98123621940613,40.769703056741605],[-73.98128986358643,40.769629928266],[-73.98117184638977,40.76958117590422],[-73.98111820220947,40.76965430443346]]]}},{"type":"Feature","properties":{"id":"32666161-3130-3230-B065-666437656361","building_id":"2d7d6e47-c5c7-4f32-bbdd-974403cfa99b","height":56.8,"min_height":0},"geometry":{"type":"Polygon","coordinates":[[[-73.97715389728546,40.77654427592972],[-73.97719144821167,40.77656052501794],[-73.97718071937561,40.77657677410218],[-73.97722363471985,40.77659302318244],[-73.97729337215424,40.77649146636557],[-73.97725582122803,40.77647521726044],[-73.97720754146576,40.77654833820213],[-73.97716462612152,40.77653208911093],[-73.97715389728546,40.77654427592972]]]}},{"type":"Feature","properties":{"id":"36616366-3062-3665-B464-633266663433","building_id":"bb1d3c22-5bae-4e66-808d-b066dc45b2dc","height":160,"min_height":0},"geometry":{"type":"Polygon","coordinates":[[[-73.98130595684052,40.774663417113885],[-73.98112893104553,40.774890910427814],[-73.98125231266022,40.774943721264236],[-73.98153126239777,40.77456591974092],[-73.98139178752899,40.77450498381012],[-73.98127913475037,40.77465122995008],[-73.98130595684052,40.774663417113885]]]}},{"type":"Feature","properties":{"id":"61623564-6238-3334-B331-366662383831","building_id":"684a5509-b34b-4e66-9e86-8a34e3985c38","height":10,"min_height":0},"geometry":{"type":"Polygon","coordinates":[[[-73.98059248924255,40.7744115486077],[-73.98064613342285,40.77433842531417],[-73.98059248924255,40.77431811327389],[-73.98053884506226,40.77439123658979],[-73.98059248924255,40.7744115486077]]]}},{"type":"Feature","properties":{"id":"66303736-6561-3739-B365-623966326563","building_id":"684a5509-b34b-4e66-9e86-8a34e3985c38","height":10,"min_height":0},"geometry":{"type":"Polygon","coordinates":[[[-73.98045837879181,40.774163741564934],[-73.9803671836853,40.77412717979183],[-73.98035109043121,40.77414749189049],[-73.98044228553772,40.774188116069126],[-73.98045837879181,40.774163741564934]]]}},{"type":"Feature","properties":{"id":"65666532-3036-3539-B639-333835643539","building_id":"f27a8a0f-6932-483c-8790-5a23da872a5a","height":159,"min_height":153},"geometry":{"type":"Polygon","coordinates":[[[-73.98141324520111,40.77003213388585],[-73.9814293384552,40.77001994587252],[-73.98140788078308,40.770007757856945],[-73.98139178752899,40.77002400854386],[-73.98141324520111,40.77003213388585]]]}},{"type":"Feature","properties":{"id":"36626133-6561-3337-A333-666365313162","building_id":"2d7d6e47-c5c7-4f32-bbdd-974403cfa99b","height":48,"min_height":0},"geometry":{"type":"Polygon","coordinates":[[[-73.97718071937561,40.77657677410218],[-73.97719144821167,40.77656052501794],[-73.97697150707245,40.77647115498357],[-73.97696077823639,40.77649146636557],[-73.97718071937561,40.77657677410218]]]}},{"type":"Feature","properties":{"id":"66656333-3136-3335-A132-353931383135","building_id":"c507dd6d-f0ef-444b-a0cd-8330e67608c7","height":102.1,"min_height":0},"geometry":{"type":"Polygon","coordinates":[[[-73.9814293384552,40.773424377354246],[-73.98154199123383,40.773274066041296],[-73.98111820220947,40.773095317010274],[-73.98100554943085,40.77324562872761],[-73.9814293384552,40.773424377354246]]]}},{"type":"Feature","properties":{"id":"31653536-3163-3861-A661-613161636665","building_id":"d17dd15c-83ba-4c3b-9531-9498c5ca1d7d","height":6,"min_height":0},"geometry":{"type":"Polygon","coordinates":[[[-73.97994875907898,40.772286877886785],[-73.98000240325928,40.77221781479204],[-73.97968590259552,40.77208375093264],[-73.97955179214478,40.77225844015061],[-73.97978782653809,40.77235187838099],[-73.9798629283905,40.772250315080896],[-73.97994875907898,40.772286877886785]]]}},{"type":"Feature","properties":{"id":"36306430-3936-3137-B236-396438633032","building_id":"548e6510-fc00-4bad-9eff-a0065db96b78","height":35,"min_height":0},"geometry":{"type":"Polygon","coordinates":[[[-73.98109674453735,40.76989400293735],[-73.98102164268494,40.76999556983918],[-73.98105382919312,40.770007757856945],[-73.98112893104553,40.76990619097376],[-73.98109674453735,40.76989400293735]]]}},{"type":"Feature","properties":{"id":"31333537-3964-3264-B631-613333613463","building_id":"ac13d19a-9db4-4e60-9e67-14e150378f29","height":58,"min_height":0},"geometry":{"type":"Polygon","coordinates":[[[-73.9804208278656,40.77296125492143],[-73.9804744720459,40.77298156737652],[-73.98050129413605,40.77294094246011],[-73.9804208278656,40.77296125492143]]]}},{"type":"Feature","properties":{"id":"63333534-6263-3565-B730-363066333837","building_id":"f27a8a0f-6932-483c-8790-5a23da872a5a","height":150,"min_height":0},"geometry":{"type":"Polygon","coordinates":[[[-73.98135960102081,40.770072760580774],[-73.98140788078308,40.770007757856945],[-73.9813756942749,40.76999556983918],[-73.98132741451263,40.77006057257489],[-73.98135960102081,40.770072760580774]]]}},{"type":"Feature","properties":{"id":"36623035-6165-3933-B664-643331353933","building_id":"684a5509-b34b-4e66-9e86-8a34e3985c38","height":78,"min_height":0},"geometry":{"type":"Polygon","coordinates":[[[-73.9807265996933,40.774374986971],[-73.9808338880539,40.77423280263696],[-73.98050665855408,40.774094680421115],[-73.98040473461151,40.77424092746426],[-73.9807265996933,40.774374986971]]]}},{"type":"Feature","properties":{"id":"30373035-3134-3334-A333-626565353166","building_id":"f27a8a0f-6932-483c-8790-5a23da872a5a","height":163.5,"min_height":160},"geometry":{"type":"Polygon","coordinates":[[[-73.98157954216003,40.769816811988136],[-73.98158490657806,40.769812749304094],[-73.98156344890594,40.76980056125052],[-73.98155808448792,40.7698086866198],[-73.98157954216003,40.769816811988136]]]}},{"type":"Feature","properties":{"id":"65643565-6539-3031-A265-636461653939","building_id":"2d7d6e47-c5c7-4f32-bbdd-974403cfa99b","height":null,"min_height":0},"geometry":{"type":"Polygon","coordinates":[[[-73.97709488868713,40.776402096238286],[-73.9770358800888,40.77648334181353],[-73.97713780403137,40.776528026837525],[-73.97720217704773,40.7764427190383],[-73.97709488868713,40.776402096238286]]]}},{"type":"Feature","properties":{"id":"64303333-3166-3065-A436-623832343662","building_id":"bccf7c43-af16-43fd-a6bd-2742b8936845","height":51,"min_height":0},"geometry":{"type":"Polygon","coordinates":[[[-73.9781141281128,40.77740547212838],[-73.97809267044067,40.777397347688094],[-73.97813558578491,40.77734453880208],[-73.97808730602264,40.77732422768091],[-73.97809267044067,40.7773161032307],[-73.97801220417023,40.77728360541991],[-73.9780068397522,40.777291729874094],[-73.97796928882599,40.77727548096476],[-73.97792637348175,40.77733235213012],[-73.97789418697357,40.7773161032307],[-73.97787809371948,40.77733641435438],[-73.97790491580963,40.77734860102558],[-73.97788882255554,40.77736891213934],[-73.97787809371948,40.77736484991706],[-73.9778459072113,40.77740547212838],[-73.97796928882599,40.77746640539877],[-73.97797465324402,40.77745828096596],[-73.9780443906784,40.77748671647649],[-73.97807121276855,40.777450156532154],[-73.9780604839325,40.777442032097326],[-73.97807657718658,40.77741765878693],[-73.9780980348587,40.777425783224714],[-73.9781141281128,40.77740547212838]]]}},{"type":"Feature","properties":{"id":"63306634-3966-3334-B830-653334633739","building_id":"fc84d3bd-d46d-46c1-b834-20dc4f65aced","height":94.5,"min_height":0},"geometry":{"type":"Polygon","coordinates":[[[-73.97711098194122,40.77692612845206],[-73.97690176963806,40.77684082116406],[-73.9765852689743,40.77727548096476],[-73.97678911685944,40.77736078769456],[-73.97711098194122,40.77692612845206]]]}},{"type":"Feature","properties":{"id":"37643433-6266-3464-A138-323934393637","building_id":"2d7d6e47-c5c7-4f32-bbdd-974403cfa99b","height":null,"min_height":0},"geometry":{"type":"Polygon","coordinates":[[[-73.97721290588379,40.77645896815139],[-73.97716462612152,40.77653208911093],[-73.97720754146576,40.77654833820213],[-73.97725582122803,40.77647521726044],[-73.97721290588379,40.77645896815139]]]}},{"type":"Feature","properties":{"id":"38626130-3139-3132-B766-636132343361","building_id":"684a5509-b34b-4e66-9e86-8a34e3985c38","height":22,"min_height":0},"geometry":{"type":"Polygon","coordinates":[[[-73.980672955513,40.77444811022431],[-73.98073196411133,40.7744724846242],[-73.98090362548828,40.77423280263696],[-73.98058712482452,40.774094680421115],[-73.9805656671524,40.774123117371374],[-73.9808338880539,40.77423280263696],[-73.980672955513,40.77444811022431]]]}},{"type":"Feature","properties":{"id":"63323334-6562-3964-B161-353437353239","building_id":"f27a8a0f-6932-483c-8790-5a23da872a5a","height":163.5,"min_height":160},"geometry":{"type":"Polygon","coordinates":[[[-73.98150980472565,40.76991025365206],[-73.98151516914368,40.76990619097376],[-73.98149371147156,40.76989400293735],[-73.98148834705353,40.7699021282952],[-73.98150980472565,40.76991025365206]]]}},{"type":"Feature","properties":{"id":"35653062-3030-3231-B934-363938333464","building_id":"ac13d19a-9db4-4e60-9e67-14e150378f29","height":8,"min_height":0},"geometry":{"type":"Polygon","coordinates":[[[-73.9804744720459,40.77298156737652],[-73.98001849651337,40.772790630053464],[-73.98015797138214,40.77259156715371],[-73.98009896278381,40.772567192063775],[-73.98020088672638,40.77242500386092],[-73.98050129413605,40.77254687948198],[-73.98047983646393,40.77258344212473],[-73.98069441318512,40.77267687989806],[-73.98079097270966,40.77254281696489],[-73.98017406463623,40.772282815353805],[-73.97999703884125,40.772526566894015],[-73.9800614118576,40.77255500451545],[-73.97988975048065,40.772790630053464],[-73.98044228553772,40.77302219226806],[-73.9804744720459,40.77298156737652]]]}},{"type":"Feature","properties":{"id":"36353036-3637-3635-A366-613836656632","building_id":"5dcedec9-cd78-42e2-9e5d-50202a5f851e","height":null,"min_height":0},"geometry":{"type":"Polygon","coordinates":[[[-73.97789418697357,40.777226734212775],[-73.97766351699829,40.77713330283825],[-73.97764205932617,40.77715767625298],[-73.97770643234253,40.77718611189218],[-73.9776474237442,40.777271418736774],[-73.97767424583435,40.77728360541991],[-73.9776474237442,40.77732016545593],[-73.97772252559662,40.77735266324882],[-73.97774398326874,40.77734860102558],[-73.9777547121048,40.77733235213012],[-73.97773861885071,40.777328289905654],[-73.9778083562851,40.77723079644349],[-73.97787272930145,40.77725516982244],[-73.97789418697357,40.777226734212775]]]}},{"type":"Feature","properties":{"id":"31653333-3461-3465-B635-313564323234","building_id":"bb1d3c22-5bae-4e66-808d-b066dc45b2dc","height":35,"min_height":0},"geometry":{"type":"Polygon","coordinates":[[[-73.98139178752899,40.77450498381012],[-73.98122012615204,40.774435923021],[-73.98094654083252,40.774817787661874],[-73.98112893104553,40.774890910427814],[-73.98119866847992,40.77480560052638],[-73.98104310035706,40.7747406024327],[-73.98122012615204,40.774500921412766],[-73.98135423660278,40.77455779495335],[-73.98139178752899,40.77450498381012]]]}},{"type":"Feature","properties":{"id":"34303061-3935-3132-A461-656131623137","building_id":"684a5509-b34b-4e66-9e86-8a34e3985c38","height":89,"min_height":85},"geometry":{"type":"Polygon","coordinates":[[[-73.980672955513,40.77429780122742],[-73.98070514202118,40.77424905229054],[-73.9805656671524,40.774188116069126],[-73.9805281162262,40.77424092746426],[-73.980672955513,40.77429780122742]]]}},{"type":"Feature","properties":{"id":"39636330-6661-3962-A635-663934616663","building_id":"f27a8a0f-6932-483c-8790-5a23da872a5a","height":159,"min_height":153},"geometry":{"type":"Polygon","coordinates":[[[-73.98156881332397,40.770097136585775],[-73.98157954216003,40.77008494858438],[-73.98155808448792,40.770072760580774],[-73.98154735565186,40.77008901125177],[-73.98156881332397,40.770097136585775]]]}},{"type":"Feature","properties":{"id":"33376263-3862-3137-A636-333036316639","building_id":"548e6510-fc00-4bad-9eff-a0065db96b78","height":35,"min_height":0},"geometry":{"type":"Polygon","coordinates":[[[-73.9813756942749,40.76951210999715],[-73.98130059242249,40.76961367748274],[-73.98133277893066,40.76962586557056],[-73.98140788078308,40.76952429810362],[-73.9813756942749,40.76951210999715]]]}},{"type":"Feature","properties":{"id":"37353731-6163-3139-A432-323765363564","building_id":"38aeb186-2297-4a88-a587-92a2834caac1","height":null,"min_height":0},"geometry":{"type":"Polygon","coordinates":[[[-73.97754549980164,40.776536151384136],[-73.9774489402771,40.77649552864122],[-73.97738993167877,40.77658083637263],[-73.97745966911316,40.776609272258725],[-73.97748112678528,40.776584898642824],[-73.97752404212952,40.77660520999004],[-73.9775401353836,40.77658083637263],[-73.97751867771149,40.77657271183148],[-73.97754549980164,40.776536151384136]]]}},{"type":"Feature","properties":{"id":"65313433-3330-3732-B731-613230633532","building_id":"548e6510-fc00-4bad-9eff-a0065db96b78","height":70.4,"min_height":65},"geometry":{"type":"Polygon","coordinates":[[[-73.98099482059479,40.7698290000387],[-73.98110747337341,40.76987775221863],[-73.98116111755371,40.76980462393527],[-73.98104310035706,40.769755871701705],[-73.98099482059479,40.7698290000387]]]}},{"type":"Feature","properties":{"id":"38643532-6639-3633-B635-396333616161","building_id":"2d7d6e47-c5c7-4f32-bbdd-974403cfa99b","height":48,"min_height":0},"geometry":{"type":"Polygon","coordinates":[[[-73.97722899913788,40.77643865675944],[-73.97721290588379,40.77645896815139],[-73.97725582122803,40.77647521726044],[-73.9773041009903,40.776414283080925],[-73.97707879543304,40.77631678827737],[-73.97703051567078,40.77637772254636],[-73.97707343101501,40.776393971675304],[-73.97708415985107,40.77638178482897],[-73.97712707519531,40.776402096238286],[-73.97713780403137,40.77638584711133],[-73.97719144821167,40.77641022080027],[-73.97718608379364,40.776422407641434],[-73.97722899913788,40.77643865675944]]]}},{"type":"Feature","properties":{"id":"35323239-6361-3431-B461-333330393665","building_id":"684a5509-b34b-4e66-9e86-8a34e3985c38","height":82,"min_height":78},"geometry":{"type":"Polygon","coordinates":[[[-73.98046910762787,40.77420436573365],[-73.98043155670166,40.77425311470333],[-73.98046374320984,40.77426530194015],[-73.98049592971802,40.774216552979425],[-73.98046910762787,40.77420436573365]]]}},{"type":"Feature","properties":{"id":"62396439-6131-3735-B039-336434646338","building_id":"684a5509-b34b-4e66-9e86-8a34e3985c38","height":42,"min_height":0},"geometry":{"type":"Polygon","coordinates":[[[-73.9805656671524,40.774123117371374],[-73.98058712482452,40.774094680421115],[-73.98043692111969,40.7740337440581],[-73.9803671836853,40.77412717979183],[-73.98045837879181,40.774163741564934],[-73.98050665855408,40.774094680421115],[-73.9805656671524,40.774123117371374]]]}},{"type":"Feature","properties":{"id":"33636439-3531-3165-B365-646331333638","building_id":"f27a8a0f-6932-483c-8790-5a23da872a5a","height":159,"min_height":153},"geometry":{"type":"Polygon","coordinates":[[[-73.98138105869293,40.77008088591677],[-73.98139178752899,40.770064635243756],[-73.98137032985687,40.77005650990577],[-73.98135960102081,40.770072760580774],[-73.98138105869293,40.77008088591677]]]}},{"type":"Feature","properties":{"id":"61323335-3461-3939-B166-346466383164","building_id":"fc84d3bd-d46d-46c1-b834-20dc4f65aced","height":63,"min_height":0},"geometry":{"type":"Polygon","coordinates":[[[-73.97711098194122,40.77692612845206],[-73.97698760032654,40.77708861822134],[-73.97716999053955,40.77716580072254],[-73.9772880077362,40.7770073733864],[-73.97716999053955,40.776958626437704],[-73.97717535495758,40.77695050194279],[-73.97711098194122,40.77692612845206]]]}},{"type":"Feature","properties":{"id":"66383836-6234-3165-B632-643733353832","building_id":"f27a8a0f-6932-483c-8790-5a23da872a5a","height":144,"min_height":0},"geometry":{"type":"Polygon","coordinates":[[[-73.98154199123383,40.76979243588025],[-73.98153126239777,40.76978837319476],[-73.98143470287323,40.76991837900795],[-73.98144543170929,40.769926504362815],[-73.98154199123383,40.76979243588025]]]}},{"type":"Feature","properties":{"id":"33356665-6536-3561-B566-326135313966","building_id":"6f075c6d-b773-40e9-a87a-f6c78883d13d","height":50,"min_height":0},"geometry":{"type":"Polygon","coordinates":[[[-73.97752404212952,40.777202360823395],[-73.97758305072784,40.777226734212775],[-73.97767424583435,40.777100804938044],[-73.97736310958862,40.776970813178224],[-73.97727191448212,40.7770926804605],[-73.97752404212952,40.777202360823395]]]}},{"type":"Feature","properties":{"id":"34376266-3931-3734-A464-363730373838","building_id":"c507dd6d-f0ef-444b-a0cd-8330e67608c7","height":10,"min_height":0},"geometry":{"type":"Polygon","coordinates":[[[-73.98127377033234,40.77316031671356],[-73.98127913475037,40.77314406679372],[-73.9811235666275,40.77307906707452],[-73.98111820220947,40.773095317010274],[-73.98127377033234,40.77316031671356]]]}},{"type":"Feature","properties":{"id":"34303138-6137-3430-B231-626264306334","building_id":"2d7d6e47-c5c7-4f32-bbdd-974403cfa99b","height":null,"min_height":0},"geometry":{"type":"Polygon","coordinates":[[[-73.97707343101501,40.776393971675304],[-73.97703051567078,40.77637772254636],[-73.97697687149048,40.77645490587349],[-73.97701978683472,40.77647521726044],[-73.97707343101501,40.776393971675304]]]}},{"type":"Feature","properties":{"id":"30356566-3033-3232-B136-326434623565","building_id":"f27a8a0f-6932-483c-8790-5a23da872a5a","height":154,"min_height":0},"geometry":{"type":"Polygon","coordinates":[[[-73.98156344890594,40.76980056125052],[-73.98154199123383,40.76979243588025],[-73.98144543170929,40.769926504362815],[-73.98146688938141,40.76993462971669],[-73.98156344890594,40.76980056125052]]]}},{"type":"Feature","properties":{"id":"35313433-3731-3238-B830-326236356161","building_id":"f27a8a0f-6932-483c-8790-5a23da872a5a","height":163.5,"min_height":160},"geometry":{"type":"Polygon","coordinates":[[[-73.9815366268158,40.769881814898696],[-73.98154199123383,40.76987368953834],[-73.9815205335617,40.769865564176996],[-73.98151516914368,40.76987368953834],[-73.9815366268158,40.769881814898696]]]}},{"type":"Feature","properties":{"id":"37383538-3935-3662-B535-363538633631","building_id":"f27a8a0f-6932-483c-8790-5a23da872a5a","height":164.5,"min_height":163.5},"geometry":{"type":"Polygon","coordinates":[[[-73.98148834705353,40.76994275506959],[-73.98158490657806,40.769812749304094],[-73.98156344890594,40.76980056125052],[-73.98146688938141,40.76993462971669],[-73.98148834705353,40.76994275506959]]]}},{"type":"Feature","properties":{"id":"38356462-6635-3062-B161-303635626539","building_id":"f27a8a0f-6932-483c-8790-5a23da872a5a","height":159,"min_height":153},"geometry":{"type":"Polygon","coordinates":[[[-73.98143470287323,40.770105261918786],[-73.98144543170929,40.77008901125177],[-73.98142397403717,40.77008088591677],[-73.98141324520111,40.770097136585775],[-73.98143470287323,40.770105261918786]]]}},{"type":"Feature","properties":{"id":"64666431-3339-3335-B864-616665366362","building_id":"bccf7c43-af16-43fd-a6bd-2742b8936845","height":null,"min_height":0},"geometry":{"type":"Polygon","coordinates":[[[-73.9780980348587,40.77727548096476],[-73.9780604839325,40.77725923205139],[-73.97803902626038,40.777291729874094],[-73.97807657718658,40.777307978779504],[-73.9780980348587,40.77727548096476]]]}},{"type":"Feature","properties":{"id":"62623738-3732-3336-A665-643830383436","building_id":"548e6510-fc00-4bad-9eff-a0065db96b78","height":35,"min_height":0},"geometry":{"type":"Polygon","coordinates":[[[-73.98123621940613,40.769703056741605],[-73.98116111755371,40.76980462393527],[-73.98119330406189,40.769816811988136],[-73.9812684059143,40.76971524481306],[-73.98123621940613,40.769703056741605]]]}},{"type":"Feature","properties":{"id":"33313432-3732-3134-A635-383365353065","building_id":"fc84d3bd-d46d-46c1-b834-20dc4f65aced","height":49.875,"min_height":0},"geometry":{"type":"Polygon","coordinates":[[[-73.97668719291687,40.77675551376652],[-73.97656381130219,40.77692206620273],[-73.97659599781036,40.77693425294996],[-73.97671937942505,40.7767677005443],[-73.97668719291687,40.77675551376652]]]}},{"type":"Feature","properties":{"id":"39343065-3461-3335-B338-636639323330","building_id":"2d7d6e47-c5c7-4f32-bbdd-974403cfa99b","height":56.8,"min_height":0},"geometry":{"type":"Polygon","coordinates":[[[-73.97700905799866,40.776487404089664],[-73.97701978683472,40.77647521726044],[-73.97697687149048,40.77645490587349],[-73.97703051567078,40.77637772254636],[-73.97698760032654,40.77636147341343],[-73.97690713405609,40.77647115498357],[-73.97696077823639,40.77649146636557],[-73.97697150707245,40.77647115498357],[-73.97700905799866,40.776487404089664]]]}},{"type":"Feature","properties":{"id":"36353261-6236-3335-B138-373433613030","building_id":"bccf7c43-af16-43fd-a6bd-2742b8936845","height":45.72,"min_height":0},"geometry":{"type":"Polygon","coordinates":[[[-73.97807657718658,40.777307978779504],[-73.97803902626038,40.777291729874094],[-73.9780604839325,40.77725923205139],[-73.97791028022766,40.777198298590974],[-73.97786736488342,40.77725923205139],[-73.97792100906372,40.777279543192435],[-73.97786736488342,40.77736078769456],[-73.97781372070312,40.77733641435438],[-73.97777080535889,40.777397347688094],[-73.97808730602264,40.77753140082561],[-73.97813022136688,40.77747046761482],[-73.97808194160461,40.777450156532154],[-73.97813558578491,40.77737703658306],[-73.97818922996521,40.777397347688094],[-73.97823214530945,40.77733235213012],[-73.9780980348587,40.77727548096476],[-73.97807657718658,40.777307978779504]]]}},{"type":"Feature","properties":{"id":"66366362-6536-3064-A665-383464616638","building_id":"684a5509-b34b-4e66-9e86-8a34e3985c38","height":92.8,"min_height":89},"geometry":{"type":"Polygon","coordinates":[[[-73.98064613342285,40.77428967640711],[-73.98068368434906,40.77423686505074],[-73.98059248924255,40.77420030331788],[-73.98055493831635,40.77424905229054],[-73.98064613342285,40.77428967640711]]]}},{"type":"Feature","properties":{"id":"63376632-6633-3264-B539-383537393631","building_id":"548e6510-fc00-4bad-9eff-a0065db96b78","height":44,"min_height":0},"geometry":{"type":"Polygon","coordinates":[[[-73.9813756942749,40.76951210999715],[-73.9811235666275,40.7694064796475],[-73.98076951503754,40.769889940258054],[-73.98105382919312,40.770007757856945],[-73.98112893104553,40.76990619097376],[-73.98109674453735,40.76989400293735],[-73.98116111755371,40.76980462393527],[-73.98119330406189,40.769816811988136],[-73.9812684059143,40.76971524481306],[-73.98123621940613,40.769703056741605],[-73.98130059242249,40.76961367748274],[-73.98133277893066,40.76962586557056],[-73.98140788078308,40.76952429810362],[-73.9813756942749,40.76951210999715]]]}},{"type":"Feature","properties":{"id":"66306464-6364-3133-A664-373031396361","building_id":"ac13d19a-9db4-4e60-9e67-14e150378f29","height":236.22,"min_height":0},"geometry":{"type":"Polygon","coordinates":[[[-73.98001849651337,40.772790630053464],[-73.9804208278656,40.77296125492143],[-73.98050129413605,40.77294094246011],[-73.98061394691467,40.772786567551265],[-73.98020625114441,40.77261594223472],[-73.98012578487396,40.77263219228374],[-73.98001849651337,40.772790630053464]]]}},{"type":"Feature","properties":{"id":"31613636-6231-3636-A262-363564633764","building_id":"2d7d6e47-c5c7-4f32-bbdd-974403cfa99b","height":null,"min_height":0},"geometry":{"type":"Polygon","coordinates":[[[-73.97718071937561,40.77647115498357],[-73.97716462612152,40.77643053220092],[-73.97713243961334,40.776414283080925],[-73.97707879543304,40.77642646992129],[-73.97705733776093,40.77645084359534],[-73.97707343101501,40.77649552864122],[-73.97710025310516,40.776511777741376],[-73.97715926170349,40.77649552864122],[-73.97718071937561,40.77647115498357]]]}}]}