{"type":"FeatureCollection","features":[{"type":"Feature","properties":{"id":"f90e9861-d133-4926-838c-eb7e52b64f79","height":8.7},"geometry":{"type":"Polygon","coordinates":[[[-73.99647653102875,40.76462043611804],[-73.9963960647583,40.764587932097385],[-73.99622976779938,40.76482358588703],[-73.99631023406982,40.76485608979246],[-73.99647653102875,40.76462043611804]]]}},{"type":"Feature","properties":{"id":"c0e699b2-f1b1-4ce8-928e-1e6ddd73facf","height":17.5},"geometry":{"type":"Polygon","coordinates":[[[-73.99223327636719,40.76380376778104],[-73.99199724197388,40.76370625447316],[-73.99194359779358,40.76377938946749],[-73.99217963218689,40.76387690266807],[-73.99223327636719,40.76380376778104]]]}},{"type":"Feature","properties":{"id":"4d0055a5-b124-4854-9bcf-a28256ec09ae","height":19.3},"geometry":{"type":"Polygon","coordinates":[[[-73.98952424526215,40.76482358588703],[-73.98947596549988,40.76479920794753],[-73.98942232131958,40.76486827875286],[-73.98957788944244,40.76493328650409],[-73.98961544036865,40.764876404725214],[-73.98966908454895,40.76489671965186],[-73.98962616920471,40.76495360141331],[-73.98977637290955,40.76501860908104],[-73.98982465267181,40.76494547545036],[-73.98978173732758,40.76492516053864],[-73.98983001708984,40.76485608979246],[-73.98987829685211,40.764876404725214],[-73.98992657661438,40.76481139691839],[-73.98977637290955,40.76475045204171],[-73.98971736431122,40.764827648876064],[-73.98966908454895,40.76480733392836],[-73.98972272872925,40.764730137070416],[-73.98957252502441,40.76466512912049],[-73.98952424526215,40.764730137070416],[-73.98957788944244,40.76475045204171],[-73.98952424526215,40.76482358588703]]]}},{"type":"Feature","properties":{"id":"1046593b-f2b9-47cd-aae6-0f759ceb7e5a","height":19.3},"geometry":{"type":"Polygon","coordinates":[[[-73.99416983127594,40.765526479296426],[-73.99415373802185,40.76552241635011],[-73.99412155151367,40.7655711716896],[-73.99420738220215,40.76560773817073],[-73.99423956871033,40.76556710874601],[-73.99423956871033,40.76555898285807],[-73.99434685707092,40.76541677965852],[-73.99426102638245,40.76538021307232],[-73.99422883987427,40.76542490556383],[-73.99423956871033,40.76543303146818],[-73.99416983127594,40.765526479296426]]]}},{"type":"Feature","properties":{"id":"6b3e93c0-bf39-4994-bf94-0c14f6b498bc","height":17.2},"geometry":{"type":"Polygon","coordinates":[[[-73.99455606937408,40.764717948084666],[-73.99447023868561,40.76468544411168],[-73.99435222148895,40.76484796381757],[-73.9944326877594,40.764884530696634],[-73.99455606937408,40.764717948084666]]]}},{"type":"Feature","properties":{"id":"e9aa7f57-5573-460f-87ea-8225da4cc923","height":19},"geometry":{"type":"Polygon","coordinates":[[[-73.99001777172089,40.765355835337004],[-73.98996949195862,40.765335520550735],[-73.98989975452423,40.76542896851612],[-73.99037718772888,40.76562805287378],[-73.99044692516327,40.76553460518832],[-73.99039328098297,40.765514290456736],[-73.99038255214691,40.765526479296426],[-73.99000704288483,40.76537208716152],[-73.99001777172089,40.765355835337004]]]}},{"type":"Feature","properties":{"id":"0ccbc0ba-988d-4c80-8dbe-2ba5eaac135a","height":19.8},"geometry":{"type":"Polygon","coordinates":[[[-73.99161636829376,40.764514797992774],[-73.99164319038391,40.76447416789986],[-73.9915519952774,40.76443353778214],[-73.99152517318726,40.76447416789986],[-73.99161636829376,40.764514797992774]]]}},{"type":"Feature","properties":{"id":"7e8eb967-49d4-4bc8-b944-57012a4e50bd","height":14.6},"geometry":{"type":"Polygon","coordinates":[[[-73.99177193641663,40.763958163559295],[-73.99171829223633,40.763933785302356],[-73.99162173271179,40.7640678656048],[-73.99167537689209,40.76409224381254],[-73.99177193641663,40.763958163559295]]]}},{"type":"Feature","properties":{"id":"8efa1ef6-77f2-4b0c-9166-e577ec118697","height":17.1},"geometry":{"type":"Polygon","coordinates":[[[-73.99339199066162,40.76519331687305],[-73.99338126182556,40.76518925390636],[-73.99334371089935,40.76524207245396],[-73.9934241771698,40.76527863911616],[-73.99346172809601,40.76522582059761],[-73.99345636367798,40.765209568737305],[-73.9935153722763,40.765132372346585],[-73.9935314655304,40.765132372346585],[-73.9935690164566,40.765075490738155],[-73.99348855018616,40.765042986940045],[-73.99345099925995,40.76509580560389],[-73.99345099925995,40.76510393154848],[-73.99339199066162,40.76519331687305]]]}},{"type":"Feature","properties":{"id":"4d03633c-8742-4b71-a0d7-dfe7a0cd8ece","height":17.7},"geometry":{"type":"Polygon","coordinates":[[[-73.98999631404877,40.76503892396417],[-73.98998022079468,40.76503079801165],[-73.98993730545044,40.765091742631256],[-73.99001240730286,40.76512424640552],[-73.99007678031921,40.765022672058166],[-73.9900928735733,40.76503079801165],[-73.99010896682739,40.76500642014818],[-73.99010360240936,40.76499423121308],[-73.99011969566345,40.7649698533362],[-73.99013578891754,40.76496579035583],[-73.99017333984375,40.76491703457222],[-73.99008750915527,40.764880467711066],[-73.99004995822906,40.76493328650409],[-73.9900553226471,40.76494547545036],[-73.99000704288483,40.76499423121308],[-73.99002313613892,40.76500235717006],[-73.98999631404877,40.76503892396417]]]}},{"type":"Feature","properties":{"id":"9667cf16-ef7c-4b27-8efe-4cfd5d6e7033","height":17.3},"geometry":{"type":"Polygon","coordinates":[[[-73.99276435375214,40.76491703457222],[-73.99275362491608,40.76492109755557],[-73.99271070957184,40.764977979296134],[-73.99278581142426,40.76501048312605],[-73.9928287267685,40.76495360141331],[-73.99282336235046,40.76494547545036],[-73.99288237094879,40.76486421576632],[-73.99289846420288,40.76486015277948],[-73.99293065071106,40.76481139691839],[-73.99285554885864,40.76477889299113],[-73.99281799793243,40.76482358588703],[-73.99282336235046,40.764835774853424],[-73.99276435375214,40.76491703457222]]]}},{"type":"Feature","properties":{"id":"981cea00-10b3-4bdd-84ec-c2ff75e033c9","height":8.2},"geometry":{"type":"Polygon","coordinates":[[[-73.99440050125122,40.765059238841104],[-73.99432003498077,40.765026735035065],[-73.99415373802185,40.76526238726879],[-73.99422883987427,40.76529489095961],[-73.99440050125122,40.765059238841104]]]}},{"type":"Feature","properties":{"id":"6ea4c663-b82c-440b-bd9a-46267d69bb62","height":9.4},"geometry":{"type":"Polygon","coordinates":[[[-73.99750649929047,40.76390940703649],[-73.9973509311676,40.763844398283794],[-73.99718999862671,40.76407599167507],[-73.99734556674957,40.76414100020125],[-73.99750649929047,40.76390940703649]]]}},{"type":"Feature","properties":{"id":"1eb27ccc-876d-42a5-a698-0d092790d295","height":25.3},"geometry":{"type":"Polygon","coordinates":[[[-73.99390697479248,40.765168939069156],[-73.99375140666962,40.76509986857633],[-73.99357974529266,40.76534364646599],[-73.99373531341553,40.76540865375222],[-73.99390697479248,40.765168939069156]]]}},{"type":"Feature","properties":{"id":"8d804d4c-9570-4a06-a66f-5abc787b9037","height":16.7},"geometry":{"type":"Polygon","coordinates":[[[-73.99335443973541,40.765087679658336],[-73.99327397346497,40.765055175866195],[-73.99318277835846,40.76517706500479],[-73.9932632446289,40.765209568737305],[-73.99335443973541,40.765087679658336]]]}},{"type":"Feature","properties":{"id":"beb6c393-529e-4eee-bc2b-3503ab648c4b","height":27.4},"geometry":{"type":"Polygon","coordinates":[[[-73.99053812026978,40.7638118938836],[-73.99013042449951,40.76364124552174],[-73.98955643177032,40.76364124552174],[-73.9895510673523,40.763649371644135],[-73.99085462093353,40.764197882609494],[-73.99099409580231,40.76400692004631],[-73.99073660373688,40.763897217900194],[-73.99076342582703,40.76385658742976],[-73.99080097675323,40.763864713525834],[-73.99083852767944,40.763848461332685],[-73.99088680744171,40.763750948090376],[-73.99098873138428,40.76379564167752],[-73.99105846881866,40.7636981283577],[-73.99094581604004,40.763649371644135],[-73.99095118045807,40.76364124552174],[-73.99061858654022,40.76364124552174],[-73.99053812026978,40.7637143805876],[-73.99053812026978,40.763750948090376],[-73.99056494235992,40.76377126336098],[-73.99053812026978,40.7638118938836]]]}},{"type":"Feature","properties":{"id":"d7850259-d80d-458c-a62c-e6ff5a18e355","height":19.2},"geometry":{"type":"Polygon","coordinates":[[[-73.99368166923523,40.76365343470499],[-73.99367094039917,40.76365343470499],[-73.9936226606369,40.76372250670107],[-73.99370312690735,40.763759074199356],[-73.99375677108765,40.763685939182665],[-73.99374604225159,40.763681876123826],[-73.99376213550568,40.76366156082588],[-73.99377286434174,40.76366562388597],[-73.99378895759583,40.76364124552174],[-73.99369239807129,40.76364124552174],[-73.99368166923523,40.76365343470499]]]}},{"type":"Feature","properties":{"id":"31421658-fa17-4818-8bbf-dbd9ce46ef12","height":44.8},"geometry":{"type":"Polygon","coordinates":[[[-73.99602591991425,40.76524207245396],[-73.99586498737335,40.7651730020371],[-73.99581670761108,40.76523394652628],[-73.99543046951294,40.76507142776427],[-73.9952963590622,40.765246135417414],[-73.99703443050385,40.765977464794304],[-73.99738311767578,40.765498038666976],[-73.9961975812912,40.76500235717006],[-73.99602591991425,40.76524207245396]]]}},{"type":"Feature","properties":{"id":"b38200e4-9446-4b34-b32f-a7dd53980ed7","height":14.1},"geometry":{"type":"Polygon","coordinates":[[[-73.9898407459259,40.763958163559295],[-73.98975491523743,40.76392159617055],[-73.98967444896698,40.764039424351125],[-73.98975491523743,40.76407599167507],[-73.9898407459259,40.763958163559295]]]}},{"type":"Feature","properties":{"id":"88b2c027-1f3f-4a8a-acb0-cdbee3ebb811","height":4.7},"geometry":{"type":"Polygon","coordinates":[[[-73.99722218513489,40.76387690266807],[-73.99709343910217,40.76405567649758],[-73.99717390537262,40.76409224381254],[-73.9973509311676,40.763844398283794],[-73.99726510047913,40.7638118938836],[-73.99722218513489,40.76387690266807]]]}},{"type":"Feature","properties":{"id":"a298d108-6501-4e73-bf3f-5d7829ef66c0","height":20.2},"geometry":{"type":"Polygon","coordinates":[[[-73.99178266525269,40.76440103367008],[-73.99164319038391,40.7643400884171],[-73.9916056394577,40.764392907639575],[-73.9917504787445,40.76444978983221],[-73.99178266525269,40.76440103367008]]]}},{"type":"Feature","properties":{"id":"67d22156-6a64-4e53-9090-04c9efc3dd0f","height":17.5},"geometry":{"type":"Polygon","coordinates":[[[-73.99397671222687,40.76424257589608],[-73.99396598339081,40.76424257589608],[-73.99392306804657,40.76429945821738],[-73.99400353431702,40.764331962379146],[-73.99404644966125,40.76427914310821],[-73.99404108524323,40.764266954039755],[-73.99405717849731,40.76424663892064],[-73.99406254291534,40.764250701944974],[-73.99407863616943,40.76423038682091],[-73.9940732717514,40.764218197743475],[-73.99409472942352,40.76419381958192],[-73.99410545825958,40.76419381958192],[-73.99414837360382,40.76413693717021],[-73.99406790733337,40.764104432913086],[-73.99402499198914,40.764161315352595],[-73.9940357208252,40.76416537838216],[-73.99401426315308,40.76419381958192],[-73.99399816989899,40.76419381958192],[-73.99398744106293,40.76421413471718],[-73.99399816989899,40.764218197743475],[-73.99397671222687,40.76424257589608]]]}},{"type":"Feature","properties":{"id":"4b567a68-d701-4bec-9fdc-7d5a54e53c76","height":13.8},"geometry":{"type":"Polygon","coordinates":[[[-73.9902913570404,40.764977979296134],[-73.99023234844208,40.76495360141331],[-73.99013578891754,40.765079553711814],[-73.99015188217163,40.765087679658336],[-73.99009823799133,40.765144561256335],[-73.99015724658966,40.765168939069156],[-73.9902913570404,40.764977979296134]]]}},{"type":"Feature","properties":{"id":"f24d21ba-fdcf-4681-a7fd-5b49e41d5886","height":17.1},"geometry":{"type":"Polygon","coordinates":[[[-73.9917129278183,40.76450260896749],[-73.99164319038391,40.76447416789986],[-73.99161636829376,40.764514797992774],[-73.99168074131012,40.76454323904298],[-73.9917129278183,40.76450260896749]]]}},{"type":"Feature","properties":{"id":"2a39f2a0-f078-4205-b871-6593d7c0d547","height":12.6},"geometry":{"type":"Polygon","coordinates":[[[-73.99006605148315,40.76407599167507],[-73.99000704288483,40.76405567649758],[-73.98985683917999,40.76426289101644],[-73.98991584777832,40.764287269152646],[-73.99006605148315,40.76407599167507]]]}},{"type":"Feature","properties":{"id":"01b3a77c-cea6-41c3-80b0-24a3a1a6f3b2","height":14.3},"geometry":{"type":"Polygon","coordinates":[[[-73.99182558059692,40.76398254180725],[-73.99177193641663,40.763958163559295],[-73.99167537689209,40.76409224381254],[-73.99172902107239,40.764112558978866],[-73.99182558059692,40.76398254180725]]]}},{"type":"Feature","properties":{"id":"12267e23-d5f8-48f5-8db0-b07f2c016144","height":7.1},"geometry":{"type":"Polygon","coordinates":[[[-73.99080097675323,40.764717948084666],[-73.99061322212219,40.76464075112287],[-73.9905595779419,40.764713885088895],[-73.99064004421234,40.76475045204171],[-73.9905434846878,40.764884530696634],[-73.9906507730484,40.76492922352148],[-73.99067759513855,40.764888593681945],[-73.99074196815491,40.76491703457222],[-73.99080634117126,40.764827648876064],[-73.99074196815491,40.76479920794753],[-73.99080097675323,40.764717948084666]]]}},{"type":"Feature","properties":{"id":"c6e52c72-0db2-411d-9f2d-b337aacf7a23","height":16.8},"geometry":{"type":"Polygon","coordinates":[[[-73.98975491523743,40.7643116472799],[-73.98970127105713,40.76429133217445],[-73.98957788944244,40.76446197886716],[-73.98963153362274,40.76448229392042],[-73.98975491523743,40.7643116472799]]]}},{"type":"Feature","properties":{"id":"bbf8185c-58fc-4dad-8de7-00ec9172f82c","height":7.7},"geometry":{"type":"Polygon","coordinates":[[[-73.99829506874084,40.76424663892064],[-73.9982146024704,40.76421413471718],[-73.99787127971649,40.76468138111392],[-73.99795174598694,40.764713885088895],[-73.99829506874084,40.76424663892064]]]}},{"type":"Feature","properties":{"id":"50612ae4-d92d-4e98-9208-2ba97dbb0dbc","height":52.2},"geometry":{"type":"Polygon","coordinates":[[[-73.9961439371109,40.76453917603658],[-73.99618148803711,40.76448635693032],[-73.99592399597168,40.76438071859195],[-73.99575233459473,40.76462043611804],[-73.99606883525848,40.764754515035236],[-73.99620831012726,40.76456355407143],[-73.9961439371109,40.76453917603658]]]}},{"type":"Feature","properties":{"id":"47508645-cca7-4fdf-8b6d-a544911d5034","height":13.7},"geometry":{"type":"Polygon","coordinates":[[[-73.99144470691681,40.76486827875286],[-73.99128913879395,40.764803270938074],[-73.99124085903168,40.76486827875286],[-73.99140179157257,40.76493328650409],[-73.99144470691681,40.76486827875286]]]}},{"type":"Feature","properties":{"id":"2fdd67cf-56c1-4d99-a9fc-c8bc7f146d4b","height":23.1},"geometry":{"type":"Polygon","coordinates":[[[-73.99663746356964,40.76467731811596],[-73.99648189544678,40.76461231011436],[-73.99631023406982,40.76485608979246],[-73.99714708328247,40.765209568737305],[-73.9974957704544,40.764730137070416],[-73.9968091249466,40.76443760079502],[-73.99663746356964,40.76467731811596]]]}},{"type":"Feature","properties":{"id":"1c0587ce-a5fd-4fd2-b637-6e69f8134ab6","height":16.3},"geometry":{"type":"Polygon","coordinates":[[[-73.99085462093353,40.765676808135765],[-73.99066686630249,40.76559554934593],[-73.99062395095825,40.76565649344761],[-73.9908117055893,40.765733689229535],[-73.99085462093353,40.765676808135765]]]}},{"type":"Feature","properties":{"id":"cdfdbef4-f579-4739-8c44-6557350ca465","height":24.5},"geometry":{"type":"Polygon","coordinates":[[[-73.99418592453003,40.7649698533362],[-73.9940893650055,40.76492922352148],[-73.99404108524323,40.76499016823422],[-73.9940732717514,40.76500642014818],[-73.99406790733337,40.76501860908104],[-73.99405181407928,40.76501048312605],[-73.99394989013672,40.7651567501639],[-73.99414300918579,40.76523394652628],[-73.99424493312836,40.765091742631256],[-73.9942342042923,40.765087679658336],[-73.99424493312836,40.765075490738155],[-73.99427711963654,40.765087679658336],[-73.99432003498077,40.765026735035065],[-73.99422347545624,40.764986105255105],[-73.99412155151367,40.76513643531675],[-73.99410545825958,40.765140498286684],[-73.9940732717514,40.765128309376166],[-73.99406790733337,40.76511612046343],[-73.99412155151367,40.765042986940045],[-73.99413228034973,40.765047049915694],[-73.99418592453003,40.7649698533362]]]}},{"type":"Feature","properties":{"id":"f8b8f5e9-14b3-4982-bfc5-93857f4e849f","height":24.6},"geometry":{"type":"Polygon","coordinates":[[[-73.99445950984955,40.76427101706281],[-73.99422347545624,40.764173504440464],[-73.99414837360382,40.76427508008564],[-73.99417519569397,40.764287269152646],[-73.99409472942352,40.764392907639575],[-73.99428248405457,40.76447010488923],[-73.99435758590698,40.764364466524995],[-73.99438440799713,40.764376655575575],[-73.99445950984955,40.76427101706281]]]}},{"type":"Feature","properties":{"id":"d8786fd3-2cfe-4afe-b225-b5e754fd7ad3","height":18.3},"geometry":{"type":"Polygon","coordinates":[[[-73.99184703826904,40.7643116472799],[-73.99158954620361,40.764201945636785],[-73.99156272411346,40.76424257589608],[-73.9918202161789,40.76434821445403],[-73.99184703826904,40.7643116472799]]]}},{"type":"Feature","properties":{"id":"745625ba-9670-407a-b8ad-a73070b78230","height":20.6},"geometry":{"type":"Polygon","coordinates":[[[-73.99117112159729,40.76580682199287],[-73.99108529090881,40.765932772674375],[-73.99150371551514,40.76610747806322],[-73.99167537689209,40.765863702975366],[-73.99157881736755,40.76582307370711],[-73.99148762226105,40.76594496143733],[-73.99117112159729,40.76580682199287]]]}},{"type":"Feature","properties":{"id":"1804368b-18f8-4af2-945f-ab30e65d0d44","height":7},"geometry":{"type":"Polygon","coordinates":[[[-73.99491548538208,40.76364124552174],[-73.99481356143951,40.76364124552174],[-73.99466335773468,40.763848461332685],[-73.99497985839844,40.76398254180725],[-73.99515688419342,40.76374282198037],[-73.99491548538208,40.76364124552174]]]}},{"type":"Feature","properties":{"id":"426a0581-ac53-413f-9572-f89077b8154a","height":16.8},"geometry":{"type":"Polygon","coordinates":[[[-73.98980855941772,40.764323836340196],[-73.98976027965546,40.764303521238475],[-73.98963153362274,40.76448229392042],[-73.98967981338501,40.76450260896749],[-73.98980855941772,40.764323836340196]]]}},{"type":"Feature","properties":{"id":"88716532-0fff-4d91-bcd4-c7cf9378d82b","height":18.5},"geometry":{"type":"Polygon","coordinates":[[[-73.99128377437592,40.76428320613056],[-73.99127304553986,40.76429133217445],[-73.99122476577759,40.76435227747217],[-73.99130523204803,40.76438478160807],[-73.99141788482666,40.764234449846214],[-73.99139642715454,40.76423038682091],[-73.99143397808075,40.764189756554146],[-73.99138033390045,40.76416537838216],[-73.9913535118103,40.76420600866382],[-73.99133741855621,40.764201945636785],[-73.99128377437592,40.76428320613056]]]}},{"type":"Feature","properties":{"id":"82add474-57b8-462e-90e6-a30d9009b79d","height":16.7},"geometry":{"type":"Polygon","coordinates":[[[-73.99097263813019,40.76489671965186],[-73.99093508720398,40.764880467711066],[-73.99085462093353,40.764998294191685],[-73.99092435836792,40.765026735035065],[-73.99102091789246,40.764884530696634],[-73.99099409580231,40.76487234173919],[-73.99097263813019,40.76489671965186]]]}},{"type":"Feature","properties":{"id":"d228856b-d4c6-412b-84be-ddc1530a9f64","height":16.7},"geometry":{"type":"Polygon","coordinates":[[[-73.99124085903168,40.7637346958694],[-73.99116575717926,40.763702191415575],[-73.99107992649078,40.76381595693448],[-73.99116039276123,40.76385252438135],[-73.99124085903168,40.7637346958694]]]}},{"type":"Feature","properties":{"id":"5332eaab-342b-4d43-a437-d5476fbc6d7e","height":15.7},"geometry":{"type":"Polygon","coordinates":[[[-73.99183630943298,40.76364124552174],[-73.9917504787445,40.76364124552174],[-73.99168074131012,40.7637346958694],[-73.9917504787445,40.76376313725348],[-73.99183630943298,40.76364124552174]]]}},{"type":"Feature","properties":{"id":"eb1b1d3a-f78c-4645-8928-6e33b2c88332","height":17},"geometry":{"type":"Polygon","coordinates":[[[-73.99108529090881,40.76495360141331],[-73.99099946022034,40.76491703457222],[-73.99091362953186,40.76503892396417],[-73.99099946022034,40.765075490738155],[-73.99108529090881,40.76495360141331]]]}},{"type":"Feature","properties":{"id":"5799507a-53b6-42df-985b-0c1fa2513502","height":18.1},"geometry":{"type":"Polygon","coordinates":[[[-73.99112820625305,40.764218197743475],[-73.99111211299896,40.76422226076954],[-73.99106919765472,40.76428320613056],[-73.99114966392517,40.76431977332035],[-73.99119257926941,40.76425882799285],[-73.99118721485138,40.76424663892064],[-73.99120330810547,40.76422632379533],[-73.99121940135956,40.76422226076954],[-73.99125695228577,40.76416944141144],[-73.99124085903168,40.764161315352595],[-73.99127840995789,40.76412068504362],[-73.99121940135956,40.76409630684631],[-73.99119257926941,40.76413287413894],[-73.99119794368744,40.76414100020125],[-73.99117648601532,40.76413287413894],[-73.99113893508911,40.764189756554146],[-73.99113893508911,40.764197882609494],[-73.99112820625305,40.764218197743475]]]}},{"type":"Feature","properties":{"id":"35632039-884c-4336-968e-3f12d8ed2466","height":20.5},"geometry":{"type":"Polygon","coordinates":[[[-73.99064004421234,40.765550856969156],[-73.99048447608948,40.76548584982203],[-73.99037718772888,40.76562805287378],[-73.99053812026978,40.76569712281773],[-73.99064004421234,40.765550856969156]]]}},{"type":"Feature","properties":{"id":"9c3e4626-77d7-4447-8f62-1f2fa7da9bda","height":6.1},"geometry":{"type":"Polygon","coordinates":[[[-73.99574160575867,40.765201442805676],[-73.99578988552094,40.765140498286684],[-73.99547338485718,40.76501048312605],[-73.99543046951294,40.76507142776427],[-73.99574160575867,40.765201442805676]]]}},{"type":"Feature","properties":{"id":"2ade6b0f-72e6-4394-abd3-76d03b216ec4","height":3.1},"geometry":{"type":"Polygon","coordinates":[[[-73.99090826511383,40.7639012809459],[-73.99098873138428,40.76393784834579],[-73.99101555347443,40.7639012809459],[-73.99093508720398,40.763864713525834],[-73.99090826511383,40.7639012809459]]]}},{"type":"Feature","properties":{"id":"7ab35c8c-bce7-4d6a-8c49-f4623120e4b1","height":15.1},"geometry":{"type":"Polygon","coordinates":[[[-73.99192214012146,40.76364124552174],[-73.99183630943298,40.76364124552174],[-73.9917504787445,40.76376313725348],[-73.99181485176086,40.76379157862539],[-73.99192214012146,40.76364124552174]]]}},{"type":"Feature","properties":{"id":"26edf8e8-03b8-442e-aa05-6e7c7a704daa","height":16.1},"geometry":{"type":"Polygon","coordinates":[[[-73.99091362953186,40.76487234173919],[-73.99087071418762,40.76485608979246],[-73.99079024791718,40.7649698533362],[-73.99085462093353,40.764998294191685],[-73.9909565448761,40.76485202680513],[-73.99092435836792,40.76483983784172],[-73.99091362953186,40.76487234173919]]]}},{"type":"Feature","properties":{"id":"7d1209db-bb34-4850-a196-1d2877b4f4b7","height":17},"geometry":{"type":"Polygon","coordinates":[[[-73.99000704288483,40.76484796381757],[-73.98992657661438,40.76481139691839],[-73.98988902568817,40.76486421576632],[-73.98988902568817,40.764876404725214],[-73.98987293243408,40.76489671965186],[-73.98986220359802,40.7649007826364],[-73.9898407459259,40.76492516053864],[-73.98986220359802,40.76493328650409],[-73.98978173732758,40.765026735035065],[-73.98985147476196,40.765055175866195],[-73.9898943901062,40.76499423121308],[-73.98987829685211,40.76499016823422],[-73.98990511894226,40.76495360141331],[-73.98992657661438,40.76495766439439],[-73.98995876312256,40.7649007826364],[-73.98996949195862,40.76489671965186],[-73.99000704288483,40.76484796381757]]]}},{"type":"Feature","properties":{"id":"ffe3a0c0-bce2-4599-9fd4-4a21d48c1453","height":17.2},"geometry":{"type":"Polygon","coordinates":[[[-73.99370849132538,40.7649007826364],[-73.99369239807129,40.76489671965186],[-73.9936226606369,40.764998294191685],[-73.99369776248932,40.76503079801165],[-73.99379432201385,40.764884530696634],[-73.99381041526794,40.764884530696634],[-73.99384796619415,40.764827648876064],[-73.9937674999237,40.764795144956736],[-73.99372458457947,40.76485608979246],[-73.99373531341553,40.76486421576632],[-73.99370849132538,40.7649007826364]]]}},{"type":"Feature","properties":{"id":"3ee67265-7028-411b-8cf9-367350d6e1e9","height":18},"geometry":{"type":"Polygon","coordinates":[[[-73.99391770362854,40.76503486098804],[-73.99390161037445,40.76503892396417],[-73.99385869503021,40.76509986857633],[-73.99393916130066,40.765132372346585],[-73.9939820766449,40.765075490738155],[-73.9939820766449,40.76506330181573],[-73.9940357208252,40.764986105255105],[-73.99404644966125,40.764986105255105],[-73.9940893650055,40.76492922352148],[-73.99400889873505,40.76489671965186],[-73.99391770362854,40.76503486098804]]]}},{"type":"Feature","properties":{"id":"32d6017b-a832-410d-9f5c-2d312803545f","height":20.5},"geometry":{"type":"Polygon","coordinates":[[[-73.9940357208252,40.763702191415575],[-73.99389624595642,40.76364530858305],[-73.99379968643188,40.76377938946749],[-73.99393916130066,40.76384033523465],[-73.9939284324646,40.763848461332685],[-73.9940196275711,40.763889091808096],[-73.99402499198914,40.76387690266807],[-73.99434685707092,40.764010983085285],[-73.99444341659546,40.76387690266807],[-73.99421811103821,40.76377938946749],[-73.99422883987427,40.76376313725348],[-73.99404644966125,40.763685939182665],[-73.9940357208252,40.763702191415575]]]}},{"type":"Feature","properties":{"id":"164efb6a-b660-4187-a966-c3397278b6fa","height":5.1},"geometry":{"type":"Polygon","coordinates":[[[-73.99666965007782,40.76364124552174],[-73.99647116661072,40.76364124552174],[-73.99629950523376,40.76387690266807],[-73.99661064147949,40.76400692004631],[-73.99669647216797,40.76388502876165],[-73.99677693843842,40.76391753312609],[-73.99680376052856,40.76388502876165],[-73.99688422679901,40.76391753312609],[-73.99703443050385,40.7637143805876],[-73.99686276912689,40.76364530858305],[-73.99681985378265,40.76370625447316],[-73.99666965007782,40.76364124552174]]]}},{"type":"Feature","properties":{"id":"e908cf83-d57b-41bc-8670-4fc6a90c3bfc","height":11.7},"geometry":{"type":"Polygon","coordinates":[[[-73.99731874465942,40.764303521238475],[-73.99724900722504,40.76427508008564],[-73.99715781211853,40.76439697065496],[-73.99723827838898,40.764429474769],[-73.99732410907745,40.76430758425931],[-73.99731874465942,40.764303521238475]]]}},{"type":"Feature","properties":{"id":"b28ceadb-f4e1-4cf9-9309-5fe8596645fd","height":17.4},"geometry":{"type":"Polygon","coordinates":[[[-73.98967981338501,40.763889091808096],[-73.98959934711456,40.76385658742976],[-73.98946523666382,40.76405161346133],[-73.98954033851624,40.76408005470981],[-73.98967981338501,40.763889091808096]]]}},{"type":"Feature","properties":{"id":"5e36de28-bd0e-4b85-a97d-f1af6db4c22e","height":16.7},"geometry":{"type":"Polygon","coordinates":[[[-73.9933705329895,40.76510393154848],[-73.99334371089935,40.76509580560389],[-73.9932632446289,40.765209568737305],[-73.99334371089935,40.76524207245396],[-73.9934241771698,40.765128309376166],[-73.99340271949768,40.76512018343459],[-73.99341344833374,40.76509986857633],[-73.99338126182556,40.765087679658336],[-73.9933705329895,40.76510393154848]]]}},{"type":"Feature","properties":{"id":"fae94f14-ed77-4ea1-b723-23d6cfea852b","height":12.9},"geometry":{"type":"Polygon","coordinates":[[[-73.99042546749115,40.76466919211924],[-73.99036645889282,40.76464481412313],[-73.99028062820435,40.764766704014306],[-73.99033963680267,40.76479108196571],[-73.99042546749115,40.76466919211924]]]}},{"type":"Feature","properties":{"id":"05f164e3-db05-43c9-8aef-1ee0d46b5143","height":18.9},"geometry":{"type":"Polygon","coordinates":[[[-73.99148225784302,40.76364124552174],[-73.99146616458893,40.76364124552174],[-73.99148225784302,40.76364530858305],[-73.99148225784302,40.76364124552174]]]}},{"type":"Feature","properties":{"id":"046fbda7-fa62-49e8-a1af-2c41867065a5","height":3.2},"geometry":{"type":"Polygon","coordinates":[[[-73.9974045753479,40.76364124552174],[-73.99730801582336,40.76364124552174],[-73.99738311767578,40.7636696869458],[-73.9974045753479,40.76364124552174]]]}},{"type":"Feature","properties":{"id":"04846e13-3776-44fb-9c4b-69e5ecd480e5","height":7.3},"geometry":{"type":"Polygon","coordinates":[[[-73.99343490600586,40.76497391631628],[-73.99335443973541,40.76493734948642],[-73.99330079555511,40.76501860908104],[-73.99338126182556,40.765051112891086],[-73.99343490600586,40.76497391631628]]]}},{"type":"Feature","properties":{"id":"e64590d6-0f5e-4d1d-a556-a067b70617cf","height":14},"geometry":{"type":"Polygon","coordinates":[[[-73.99118185043335,40.76452292400836],[-73.99110674858093,40.76449041994002],[-73.99100482463837,40.76463262512169],[-73.99107992649078,40.76466512912049],[-73.99118185043335,40.76452292400836]]]}},{"type":"Feature","properties":{"id":"cb74ce8a-a1c4-4648-82d8-b8ffdf0f74eb","height":12},"geometry":{"type":"Polygon","coordinates":[[[-73.9913159608841,40.765051112891086],[-73.99140179157257,40.76493328650409],[-73.99111747741699,40.76481545990819],[-73.99106919765472,40.764888593681945],[-73.99103164672852,40.76487234173919],[-73.99099946022034,40.76491703457222],[-73.99109065532684,40.76495766439439],[-73.99109601974487,40.76494547545036],[-73.99111747741699,40.76495360141331],[-73.99110674858093,40.76496579035583],[-73.9913159608841,40.765051112891086]]]}},{"type":"Feature","properties":{"id":"e34577e1-064c-47cf-9376-133fc20b507b","height":12.8},"geometry":{"type":"Polygon","coordinates":[[[-73.99112284183502,40.763905343991325],[-73.99103701114655,40.7638687765735],[-73.99098873138428,40.76393784834579],[-73.99107456207275,40.763970352684424],[-73.99112284183502,40.763905343991325]]]}},{"type":"Feature","properties":{"id":"9a403ce0-8170-48bb-b9ab-b015f2932997","height":47.3},"geometry":{"type":"Polygon","coordinates":[[[-73.99522125720978,40.76408411774432],[-73.9952963590622,40.76411662201136],[-73.99511933326721,40.764356340490025],[-73.99543583393097,40.76449041994002],[-73.99578988552094,40.764002857007114],[-73.99515688419342,40.76374282198037],[-73.99497985839844,40.76398254180725],[-73.99522125720978,40.76408411774432]]]}},{"type":"Feature","properties":{"id":"27921d65-1472-4d4a-9c27-6753351f3b48","height":4.4},"geometry":{"type":"Polygon","coordinates":[[[-73.99062931537628,40.76443760079502],[-73.99054884910583,40.76440509668495],[-73.99051129817963,40.76446197886716],[-73.99058640003204,40.7644944829494],[-73.99062931537628,40.76443760079502]]]}},{"type":"Feature","properties":{"id":"1e355d46-e392-4b64-8901-a7a36607d8eb","height":14.2},"geometry":{"type":"Polygon","coordinates":[[[-73.99195969104767,40.76415725232286],[-73.99176120758057,40.76407192864005],[-73.99172902107239,40.76412068504362],[-73.99192750453949,40.76420600866382],[-73.99195969104767,40.76415725232286]]]}},{"type":"Feature","properties":{"id":"975ddeca-d9a0-4c45-bf5c-70c8ace21d8e","height":6.5},"geometry":{"type":"Polygon","coordinates":[[[-73.99113893508911,40.76477076700684],[-73.99110674858093,40.76481139691839],[-73.99116575717926,40.764835774853424],[-73.99119794368744,40.764795144956736],[-73.99113893508911,40.76477076700684]]]}},{"type":"Feature","properties":{"id":"4de9f90c-3e94-42ed-a72b-f21b3e53a2d1","height":5.7},"geometry":{"type":"Polygon","coordinates":[[[-73.99183094501495,40.765611801111845],[-73.99175584316254,40.76558336051886],[-73.99158418178558,40.76582307370711],[-73.99165391921997,40.765855577123716],[-73.99183094501495,40.765611801111845]]]}},{"type":"Feature","properties":{"id":"82e088b9-80a0-4b7d-b1ac-6b95248b6289","height":12.7},"geometry":{"type":"Polygon","coordinates":[[[-73.98950815200806,40.76412881110741],[-73.9895886182785,40.764161315352595],[-73.98963689804077,40.76409630684631],[-73.98955643177032,40.764063802569325],[-73.98950815200806,40.76412881110741]]]}},{"type":"Feature","properties":{"id":"eac8d815-710b-4948-b719-6083aea4c1f0","height":11.9},"geometry":{"type":"Polygon","coordinates":[[[-73.99054884910583,40.76440509668495],[-73.99046838283539,40.76436852954211],[-73.99037718772888,40.7644944829494],[-73.99046301841736,40.764526987015785],[-73.99054884910583,40.76440509668495]]]}},{"type":"Feature","properties":{"id":"08bae1ca-859f-4d18-a73f-813a2c86eb1d","height":17.6},"geometry":{"type":"Polygon","coordinates":[[[-73.99335443973541,40.76493734948642],[-73.99327397346497,40.76490484562075],[-73.99310231208801,40.765144561256335],[-73.99318277835846,40.76517706500479],[-73.99335443973541,40.76493734948642]]]}},{"type":"Feature","properties":{"id":"d17c536d-3944-4a6a-b839-bef33f01ac70","height":17.3},"geometry":{"type":"Polygon","coordinates":[[[-73.9898407459259,40.765254261343614],[-73.98982465267181,40.76525019838064],[-73.98974418640137,40.7653598982935],[-73.98982465267181,40.7653964648909],[-73.98990511894226,40.7652827020774],[-73.9898943901062,40.76527863911616],[-73.98991048336029,40.765254261343614],[-73.98991584777832,40.7652583243063],[-73.98996412754059,40.76519331687305],[-73.9898943901062,40.76516487610101],[-73.98985147476196,40.765229883562085],[-73.98985683917999,40.76523394652628],[-73.9898407459259,40.765254261343614]]]}},{"type":"Feature","properties":{"id":"f769e740-80a7-4316-a7b3-dd36d7a9171d","height":9.7},"geometry":{"type":"Polygon","coordinates":[[[-73.99390697479248,40.764039424351125],[-73.99382650852203,40.76400692004631],[-73.99365484714508,40.76424257589608],[-73.99373531341553,40.76427914310821],[-73.99390697479248,40.764039424351125]]]}},{"type":"Feature","properties":{"id":"e324b573-a1e9-4ee2-a2b3-639e395fbdb5","height":4.5},"geometry":{"type":"Polygon","coordinates":[[[-73.99501740932465,40.765075490738155],[-73.9947760105133,40.76497391631628],[-73.99474382400513,40.76501860908104],[-73.99498522281647,40.76512018343459],[-73.99501740932465,40.765075490738155]]]}},{"type":"Feature","properties":{"id":"f10beeb1-4936-42e2-8b5d-773bb7ae258d","height":16.4},"geometry":{"type":"Polygon","coordinates":[[[-73.9938747882843,40.76538021307232],[-73.99385869503021,40.76538427602733],[-73.99381577968597,40.76544522032279],[-73.99389624595642,40.765477723924164],[-73.99393916130066,40.76541677965852],[-73.99393916130066,40.76540459079871],[-73.99396598339081,40.7653598982935],[-73.9939820766449,40.7653598982935],[-73.99403035640717,40.76529489095961],[-73.99394989013672,40.76526238726879],[-73.9938747882843,40.76538021307232]]]}},{"type":"Feature","properties":{"id":"214ed351-5acf-4d40-988e-8f82371c15a5","height":19},"geometry":{"type":"Polygon","coordinates":[[[-73.99456143379211,40.76364124552174],[-73.99425566196442,40.76364124552174],[-73.99452924728394,40.76375501114498],[-73.99457216262817,40.76369406529963],[-73.99453461170197,40.76367781306473],[-73.99456143379211,40.76364124552174]]]}},{"type":"Feature","properties":{"id":"0532f8d3-4305-4f8b-9f23-e159ae498d88","height":16.3},"geometry":{"type":"Polygon","coordinates":[[[-73.99098873138428,40.7654939757189],[-73.99080097675323,40.7654127167055],[-73.99075269699097,40.76547366097486],[-73.99094045162201,40.76555491991374],[-73.99098873138428,40.7654939757189]]]}},{"type":"Feature","properties":{"id":"17ffefbf-8a19-4fcd-abb3-edc6a7dc6906","height":31.6},"geometry":{"type":"Polygon","coordinates":[[[-73.99771571159363,40.76364124552174],[-73.9974045753479,40.76364124552174],[-73.99738311767578,40.7636696869458],[-73.99761915206909,40.76377126336098],[-73.99771571159363,40.76364124552174]]]}},{"type":"Feature","properties":{"id":"88e2bc70-1d08-406f-81cd-6391710f82b3","height":14.5},"geometry":{"type":"Polygon","coordinates":[[[-73.99309158325195,40.764880467711066],[-73.99300575256348,40.76484796381757],[-73.9928662776947,40.765042986940045],[-73.99294674396515,40.765079553711814],[-73.99298965930939,40.765022672058166],[-73.99297893047333,40.76501454610366],[-73.99303793907166,40.76493328650409],[-73.99305403232574,40.76493328650409],[-73.99309158325195,40.764880467711066]]]}},{"type":"Feature","properties":{"id":"73f7a459-7fa0-4e7e-b826-325464734b9c","height":16.1},"geometry":{"type":"Polygon","coordinates":[[[-73.99089753627777,40.76561586405268],[-73.99070978164673,40.76553460518832],[-73.99066686630249,40.76559554934593],[-73.99085462093353,40.765676808135765],[-73.99089753627777,40.76561586405268]]]}},{"type":"Feature","properties":{"id":"e3bfadcd-9739-47e5-85c0-51db48d0a070","height":14.2},"geometry":{"type":"Polygon","coordinates":[[[-73.99192750453949,40.76420600866382],[-73.99172902107239,40.76412068504362],[-73.99169147014618,40.76416944141144],[-73.99188995361328,40.764254764969024],[-73.99192750453949,40.76420600866382]]]}},{"type":"Feature","properties":{"id":"9e7c98c3-2312-4f01-89ac-7608742178d8","height":12.6},"geometry":{"type":"Polygon","coordinates":[[[-73.99000704288483,40.76405567649758],[-73.98995876312256,40.76403536131389],[-73.98987293243408,40.76415318929281],[-73.98992121219635,40.764173504440464],[-73.99000704288483,40.76405567649758]]]}},{"type":"Feature","properties":{"id":"4c29b9e4-518c-4c44-b68b-0cfd23b80605","height":16.9},"geometry":{"type":"Polygon","coordinates":[[[-73.99406254291534,40.76541677965852],[-73.99405181407928,40.7654127167055],[-73.9939820766449,40.76551022750965],[-73.99403035640717,40.765530542242516],[-73.994180560112,40.76531926871726],[-73.99413228034973,40.765298953919824],[-73.99406790733337,40.76538833898209],[-73.99407863616943,40.76539240193662],[-73.99406254291534,40.76541677965852]]]}},{"type":"Feature","properties":{"id":"68fde8a0-dfd3-43b5-97f0-4499ac48e26f","height":8.5},"geometry":{"type":"Polygon","coordinates":[[[-73.99529099464417,40.76412881110741],[-73.99521052837372,40.76409224381254],[-73.9950442314148,40.764323836340196],[-73.99511933326721,40.764356340490025],[-73.99529099464417,40.76412881110741]]]}},{"type":"Feature","properties":{"id":"b22ccffd-3c4d-4cb5-a528-64fb105094ff","height":12.2},"geometry":{"type":"Polygon","coordinates":[[[-73.99497985839844,40.76398254180725],[-73.99488866329193,40.76394191138897],[-73.99471163749695,40.76418569352609],[-73.99480283260345,40.76422226076954],[-73.99497985839844,40.76398254180725]]]}},{"type":"Feature","properties":{"id":"74c63c79-2e52-414d-abb7-2c99129e3a96","height":11.5},"geometry":{"type":"Polygon","coordinates":[[[-73.99386405944824,40.76565649344761],[-73.99364948272705,40.76595308727806],[-73.99420201778412,40.766184673321305],[-73.99441659450531,40.765888080524405],[-73.99386405944824,40.76565649344761]]]}},{"type":"Feature","properties":{"id":"a08140d7-9d1f-4676-9e60-f3247f07d867","height":17.6},"geometry":{"type":"Polygon","coordinates":[[[-73.9906507730484,40.765132372346585],[-73.99058640003204,40.76510799452038],[-73.99048984050751,40.76523800949025],[-73.99055421352386,40.765266450230996],[-73.9906507730484,40.765132372346585]]]}},{"type":"Feature","properties":{"id":"3e0eda68-1bc7-46b6-a947-bbf0402f3ecb","height":12.9},"geometry":{"type":"Polygon","coordinates":[[[-73.98989975452423,40.764010983085285],[-73.98982465267181,40.763978478766575],[-73.98973882198334,40.76409630684631],[-73.98981392383575,40.76412881110741],[-73.98989975452423,40.764010983085285]]]}},{"type":"Feature","properties":{"id":"21b01962-6223-40ff-a765-bfe497a00a7d","height":9.3},"geometry":{"type":"Polygon","coordinates":[[[-73.99750113487244,40.7643400884171],[-73.99742603302002,40.76430758425931],[-73.99731874465942,40.76446197886716],[-73.99747431278229,40.764526987015785],[-73.99764597415924,40.764287269152646],[-73.9975655078888,40.764254764969024],[-73.99750113487244,40.7643400884171]]]}},{"type":"Feature","properties":{"id":"40679790-ad23-474e-8a21-213afed5f341","height":17.6},"geometry":{"type":"Polygon","coordinates":[[[-73.99375677108765,40.7649698533362],[-73.99374604225159,40.76497391631628],[-73.99369776248932,40.76503079801165],[-73.99377822875977,40.76506736479013],[-73.993821144104,40.76500642014818],[-73.993821144104,40.76499423121308],[-73.9939284324646,40.76486421576632],[-73.99384796619415,40.764827648876064],[-73.99381041526794,40.764884530696634],[-73.99381577968597,40.76489265666703],[-73.99375677108765,40.7649698533362]]]}},{"type":"Feature","properties":{"id":"581cdc23-22d6-4fda-9390-e59bb84c40c7","height":86.5},"geometry":{"type":"Polygon","coordinates":[[[-73.99198651313782,40.765741815096135],[-73.99191677570343,40.76570931162388],[-73.99187922477722,40.76577025562125],[-73.99186313152313,40.76576212975817],[-73.99177730083466,40.76585151419749],[-73.99178802967072,40.765855577123716],[-73.991659283638,40.76609528933005],[-73.99167001247406,40.76609935224138],[-73.99164855480194,40.766131855522815],[-73.99189531803131,40.76623342817493],[-73.99204552173615,40.76602215688419],[-73.99199724197388,40.76600184230162],[-73.99215281009674,40.765794633204564],[-73.99199724197388,40.765729626295894],[-73.99198651313782,40.765741815096135]]]}},{"type":"Feature","properties":{"id":"841e7ec0-ad40-4b17-94f1-cb7ec8df7763","height":23.2},"geometry":{"type":"Polygon","coordinates":[[[-73.9937674999237,40.764795144956736],[-73.99368703365326,40.76476264102152],[-73.9935851097107,40.76490484562075],[-73.99360656738281,40.76491297158867],[-73.9935851097107,40.76494547545036],[-73.9936226606369,40.76496172737524],[-73.99364411830902,40.76492922352148],[-73.99366557598114,40.76493734948642],[-73.9937674999237,40.764795144956736]]]}},{"type":"Feature","properties":{"id":"fc27e1ad-d768-42f7-ae59-9fcd818e5035","height":5},"geometry":{"type":"Polygon","coordinates":[[[-73.99157345294952,40.76531520575827],[-73.9921635389328,40.76556710874601],[-73.9924693107605,40.76514862422576],[-73.99244785308838,40.76513643531675],[-73.99244785308838,40.76511612046343],[-73.99243175983429,40.76510393154848],[-73.99240493774414,40.76509986857633],[-73.99238884449005,40.76511205749202],[-73.99231910705566,40.76508361668522],[-73.99228155612946,40.764986105255105],[-73.99195969104767,40.76485202680513],[-73.99192750453949,40.76485202680513],[-73.99190068244934,40.76486015277948],[-73.99157345294952,40.76531520575827]]]}},{"type":"Feature","properties":{"id":"a049bcb4-202b-46bd-a5b0-9dc607adfa2c","height":14.1},"geometry":{"type":"Polygon","coordinates":[[[-73.9915144443512,40.764323836340196],[-73.99145007133484,40.76429945821738],[-73.99136960506439,40.76440915969957],[-73.99143397808075,40.76443760079502],[-73.9915144443512,40.764323836340196]]]}},{"type":"Feature","properties":{"id":"dcfbd8cc-4868-4efb-b657-b74a4052c1b7","height":16.9},"geometry":{"type":"Polygon","coordinates":[[[-73.98976027965546,40.76522175763293],[-73.9897495508194,40.76521769466797],[-73.98966908454895,40.76532739463451],[-73.98974418640137,40.7653598982935],[-73.98982465267181,40.76525019838064],[-73.98981392383575,40.765246135417414],[-73.98988366127014,40.7651567501639],[-73.98981928825378,40.765132372346585],[-73.98977100849152,40.76519737983949],[-73.98977637290955,40.76519737983949],[-73.98976027965546,40.76522175763293]]]}},{"type":"Feature","properties":{"id":"76dae931-4fe1-46e4-bf66-ac9a7c4829fc","height":15.8},"geometry":{"type":"Polygon","coordinates":[[[-73.99083852767944,40.765270513193],[-73.99088680744171,40.76529082799911],[-73.99084389209747,40.765355835337004],[-73.99103164672852,40.76543303146818],[-73.99111747741699,40.76531926871726],[-73.99088144302368,40.76521769466797],[-73.99083852767944,40.765270513193]]]}},{"type":"Feature","properties":{"id":"ca371975-171d-4d6f-bedc-b2c172415b20","height":16.3},"geometry":{"type":"Polygon","coordinates":[[[-73.99379432201385,40.76534364646599],[-73.99377822875977,40.765347709423224],[-73.99373531341553,40.76540865375222],[-73.99381577968597,40.76544522032279],[-73.99385869503021,40.76538427602733],[-73.99385869503021,40.76537208716152],[-73.99388551712036,40.76532739463451],[-73.99390161037445,40.76532333167603],[-73.99394989013672,40.76526238726879],[-73.99386405944824,40.765229883562085],[-73.993821144104,40.76529082799911],[-73.993821144104,40.765298953919824],[-73.99379432201385,40.76534364646599]]]}},{"type":"Feature","properties":{"id":"33508de7-3e61-4377-9967-b14fbe63387e","height":16.8},"geometry":{"type":"Polygon","coordinates":[[[-73.98987293243408,40.76434821445403],[-73.98980855941772,40.764323836340196],[-73.98967981338501,40.76450260896749],[-73.98974418640137,40.76453105002295],[-73.98987293243408,40.76434821445403]]]}},{"type":"Feature","properties":{"id":"450779ea-dc69-415c-b564-147f725a8dc2","height":17.6},"geometry":{"type":"Polygon","coordinates":[[[-73.99099409580231,40.76416537838216],[-73.99098336696625,40.76416944141144],[-73.99094045162201,40.76423038682091],[-73.99098873138428,40.764250701944974],[-73.9911013841629,40.76409630684631],[-73.99105310440063,40.76407192864005],[-73.99100482463837,40.76413693717021],[-73.9910101890564,40.76414506323201],[-73.99099409580231,40.76416537838216]]]}},{"type":"Feature","properties":{"id":"a1380519-f273-476b-9927-5b791d7b384b","height":15.8},"geometry":{"type":"Polygon","coordinates":[[[-73.98966372013092,40.76433602539822],[-73.98958325386047,40.764303521238475],[-73.98949205875397,40.76443353778214],[-73.98957252502441,40.76446604187831],[-73.98966372013092,40.76433602539822]]]}},{"type":"Feature","properties":{"id":"02e9711e-9630-4723-988a-7f9a3e963a32","height":10.6},"geometry":{"type":"Polygon","coordinates":[[[-73.99521589279175,40.764587932097385],[-73.99502277374268,40.76450667197619],[-73.99485111236572,40.76474638904796],[-73.99503886699677,40.76482358588703],[-73.99498522281647,40.76489671965186],[-73.99510860443115,40.76494547545036],[-73.9953339099884,40.76463668812241],[-73.99521589279175,40.764587932097385]]]}},{"type":"Feature","properties":{"id":"3da09710-c7a3-4c98-acd7-36292350b334","height":29},"geometry":{"type":"Polygon","coordinates":[[[-73.99444341659546,40.76387690266807],[-73.99436295032501,40.76398660484773],[-73.99467408657074,40.76411662201136],[-73.99476528167725,40.76399066788795],[-73.99445414543152,40.763864713525834],[-73.99444341659546,40.76387690266807]]]}},{"type":"Feature","properties":{"id":"d077d048-b885-4249-8a35-74ccac15054d","height":16.9},"geometry":{"type":"Polygon","coordinates":[[[-73.9922708272934,40.763746885035516],[-73.99204015731812,40.763649371644135],[-73.99199724197388,40.76370625447316],[-73.99223327636719,40.76380376778104],[-73.9922708272934,40.763746885035516]]]}},{"type":"Feature","properties":{"id":"bd796332-30e1-439a-898a-f82ff6e5208c","height":16.4},"geometry":{"type":"Polygon","coordinates":[[[-73.99103164672852,40.76543303146818],[-73.99084389209747,40.765355835337004],[-73.99080097675323,40.7654127167055],[-73.99098873138428,40.7654939757189],[-73.99103164672852,40.76543303146818]]]}},{"type":"Feature","properties":{"id":"2ba9e33b-0e21-4587-90a8-a5f213556e91","height":10.1},"geometry":{"type":"Polygon","coordinates":[[[-73.99821996688843,40.76421007169063],[-73.99782299995422,40.764043487388136],[-73.99764597415924,40.764287269152646],[-73.99804294109344,40.76444978983221],[-73.99821996688843,40.76421007169063]]]}},{"type":"Feature","properties":{"id":"aabf3da5-ed00-4f20-9a81-666bed687124","height":17.7},"geometry":{"type":"Polygon","coordinates":[[[-73.99169147014618,40.76416944141144],[-73.99163246154785,40.76414506323201],[-73.99158954620361,40.764201945636785],[-73.99184703826904,40.7643116472799],[-73.99188995361328,40.764254764969024],[-73.99169147014618,40.76416944141144]]]}},{"type":"Feature","properties":{"id":"2a77c51f-8f91-4215-a743-c33bec8cf036","height":5.1},"geometry":{"type":"Polygon","coordinates":[[[-73.99521052837372,40.76409224381254],[-73.99522125720978,40.76408411774432],[-73.99514079093933,40.76404755042486],[-73.99496376514435,40.76429133217445],[-73.9950442314148,40.764323836340196],[-73.99521052837372,40.76409224381254]]]}},{"type":"Feature","properties":{"id":"25faa275-7a5c-4750-a334-2b0d4a9e58a8","height":7.9},"geometry":{"type":"Polygon","coordinates":[[[-73.9949369430542,40.7657540038941],[-73.99506568908691,40.76580682199287],[-73.99496912956238,40.765932772674375],[-73.99501204490662,40.76594902435784],[-73.99510324001312,40.76582307370711],[-73.99528563022614,40.76590433221878],[-73.99545729160309,40.765668682261236],[-73.99527490139008,40.76558742346148],[-73.99536073207855,40.76547366097486],[-73.99531781673431,40.765457409175156],[-73.99523198604584,40.7655711716896],[-73.99510860443115,40.765518353403536],[-73.9949369430542,40.7657540038941]]]}},{"type":"Feature","properties":{"id":"387cf0a0-b0bb-40bf-a940-a34ccf4cba3c","height":23.4},"geometry":{"type":"Polygon","coordinates":[[[-73.99143934249878,40.765449283273824],[-73.99139642715454,40.76551022750965],[-73.9917129278183,40.76564024169264],[-73.99175584316254,40.76557929757604],[-73.99143934249878,40.765449283273824]]]}},{"type":"Feature","properties":{"id":"3f39cfd3-ad85-4ee1-b0c2-e21506e544f5","height":15.5},"geometry":{"type":"Polygon","coordinates":[[[-73.99421811103821,40.76531520575827],[-73.99437367916107,40.76538021307232],[-73.99420738220215,40.76560773817073],[-73.99451315402985,40.76573775216295],[-73.99485647678375,40.7652583243063],[-73.99440050125122,40.765059238841104],[-73.99421811103821,40.76531520575827]]]}},{"type":"Feature","properties":{"id":"8efdb5a5-9723-4659-9156-a98f24c14a7d","height":14},"geometry":{"type":"Polygon","coordinates":[[[-73.98975491523743,40.76392159617055],[-73.98967981338501,40.763889091808096],[-73.98959398269653,40.76400692004631],[-73.98967444896698,40.764039424351125],[-73.98975491523743,40.76392159617055]]]}},{"type":"Feature","properties":{"id":"a0a5aef3-6300-4a9c-b167-a08d0f10f840","height":13.5},"geometry":{"type":"Polygon","coordinates":[[[-73.99059176445007,40.76466919211924],[-73.99052739143372,40.76464075112287],[-73.99040400981903,40.76481139691839],[-73.99047374725342,40.764835774853424],[-73.99059176445007,40.76466919211924]]]}},{"type":"Feature","properties":{"id":"83bed359-5649-4269-b31e-acbcf1f2f365","height":20},"geometry":{"type":"Polygon","coordinates":[[[-73.9916056394577,40.764392907639575],[-73.9915680885315,40.76444166380767],[-73.9917129278183,40.76450260896749],[-73.9917504787445,40.76444978983221],[-73.9916056394577,40.764392907639575]]]}},{"type":"Feature","properties":{"id":"cf403ac1-d15f-41fb-addc-58ef867b5f46","height":16.9},"geometry":{"type":"Polygon","coordinates":[[[-73.99118185043335,40.76412881110741],[-73.9911013841629,40.76409630684631],[-73.99098873138428,40.764250701944974],[-73.99106919765472,40.76428320613056],[-73.99118185043335,40.76412881110741]]]}},{"type":"Feature","properties":{"id":"d8c7f403-9d4f-4129-882a-db116ca87551","height":6.4},"geometry":{"type":"Polygon","coordinates":[[[-73.99382650852203,40.76400692004631],[-73.99375140666962,40.76397441572561],[-73.99357974529266,40.76421007169063],[-73.99365484714508,40.76424257589608],[-73.99382650852203,40.76400692004631]]]}},{"type":"Feature","properties":{"id":"b29f6110-0d6d-4b40-bfe0-98e1220c3391","height":80.6},"geometry":{"type":"Polygon","coordinates":[[[-73.98989975452423,40.7643400884171],[-73.98988366127014,40.76433602539822],[-73.98973882198334,40.76453917603658],[-73.9900928735733,40.76468544411168],[-73.99018943309784,40.76455136505513],[-73.99013578891754,40.76453105002295],[-73.99020552635193,40.764429474769],[-73.9902538061142,40.76444978983221],[-73.99027526378632,40.76442541175561],[-73.99028062820435,40.764429474769],[-73.99029672145844,40.76440915969957],[-73.99040400981903,40.76445385284413],[-73.99054884910583,40.76425882799285],[-73.99007678031921,40.764063802569325],[-73.98993194103241,40.764266954039755],[-73.9899480342865,40.76427101706281],[-73.98989975452423,40.7643400884171]]]}},{"type":"Feature","properties":{"id":"e9e929c2-a42e-4a63-a49f-eb7ccc396f07","height":13.7},"geometry":{"type":"Polygon","coordinates":[[[-73.99482429027557,40.7640272352387],[-73.99475991725922,40.76399879396763],[-73.99464726448059,40.76415725232286],[-73.99471163749695,40.76418569352609],[-73.99482429027557,40.7640272352387]]]}},{"type":"Feature","properties":{"id":"7d8e6ab4-154c-4e2f-a249-91bbe3ff305b","height":7.619068622589111},"geometry":{"type":"Polygon","coordinates":[[[-73.992919921875,40.76364124552174],[-73.99274826049805,40.76364124552174],[-73.99258732795715,40.7639012809459],[-73.992919921875,40.7639012809459],[-73.992919921875,40.76376313725348],[-73.99294137954712,40.76372656975744],[-73.99298429489136,40.76372656975744],[-73.99298965930939,40.7637143805876],[-73.99296820163727,40.76371844364445],[-73.992919921875,40.7636981283577],[-73.992919921875,40.76364124552174]]]}},{"type":"Feature","properties":{"id":"e9888b0d-a882-44b2-8770-9baa862c547a","height":17.8},"geometry":{"type":"Polygon","coordinates":[[[-73.9935851097107,40.76407599167507],[-73.99357438087463,40.76407599167507],[-73.9935314655304,40.76413287413894],[-73.99361193180084,40.76416537838216],[-73.99364948272705,40.764112558978866],[-73.99364411830902,40.76410036987983],[-73.99366021156311,40.76407599167507],[-73.99367094039917,40.76408005470981],[-73.99368703365326,40.764063802569325],[-73.99368166923523,40.76405161346133],[-73.99369776248932,40.7640272352387],[-73.99371385574341,40.76402317220072],[-73.99375140666962,40.76397441572561],[-73.99367094039917,40.76394191138897],[-73.99363875389099,40.76399066788795],[-73.99363875389099,40.76399879396763],[-73.99359583854675,40.76404755042486],[-73.99360120296478,40.76405161346133],[-73.9935851097107,40.76407599167507]]]}},{"type":"Feature","properties":{"id":"9e49fd96-933a-4cc3-b1e6-1ecbc8c6b7a9","height":14.2},"geometry":{"type":"Polygon","coordinates":[[[-73.99283945560455,40.76495360141331],[-73.9928287267685,40.76495360141331],[-73.99278581142426,40.76501048312605],[-73.9928662776947,40.765042986940045],[-73.99300575256348,40.76484796381757],[-73.99293065071106,40.76481545990819],[-73.99283945560455,40.76495360141331]]]}},{"type":"Feature","properties":{"id":"0d45e631-1444-4850-945c-b4439605556c","height":16},"geometry":{"type":"Polygon","coordinates":[[[-73.9917504787445,40.76364124552174],[-73.991659283638,40.76364124552174],[-73.99161636829376,40.76370625447316],[-73.99168074131012,40.7637346958694],[-73.9917504787445,40.76364124552174]]]}},{"type":"Feature","properties":{"id":"60ceef96-2cd2-4157-907b-deef7998f8c8","height":9.8},"geometry":{"type":"Polygon","coordinates":[[[-73.99053275585175,40.76530301687981],[-73.99046301841736,40.765274576154695],[-73.99042010307312,40.765335520550735],[-73.99048984050751,40.76536396124976],[-73.99053275585175,40.76530301687981]]]}},{"type":"Feature","properties":{"id":"6c205a12-4711-4591-baca-ca5d5e128962","height":17.3},"geometry":{"type":"Polygon","coordinates":[[[-73.98959934711456,40.76385658742976],[-73.98951888084412,40.76382408303553],[-73.98938477039337,40.764015046124],[-73.98946523666382,40.76405161346133],[-73.98959934711456,40.76385658742976]]]}},{"type":"Feature","properties":{"id":"b836b3f9-3527-4661-a435-7146c5344d0b","height":21.4},"geometry":{"type":"Polygon","coordinates":[[[-73.99368166923523,40.76364124552174],[-73.99346709251404,40.76364124552174],[-73.99362802505493,40.763710317530524],[-73.99368166923523,40.76364124552174]]]}},{"type":"Feature","properties":{"id":"86c332d0-e81d-4eff-9717-1287b774c86e","height":19.6},"geometry":{"type":"Polygon","coordinates":[[[-73.99295747280121,40.765274576154695],[-73.99250149726868,40.76508361668522],[-73.9924693107605,40.76514862422576],[-73.9921635389328,40.76556710874601],[-73.9926141500473,40.7657540038941],[-73.99295747280121,40.765274576154695]]]}},{"type":"Feature","properties":{"id":"31782ff9-c040-4f4c-a5eb-9bfdf989f17f","height":8.5},"geometry":{"type":"Polygon","coordinates":[[[-73.99688422679901,40.76391753312609],[-73.99680376052856,40.76388502876165],[-73.99660527706146,40.76415725232286],[-73.99676084518433,40.76422632379533],[-73.99694323539734,40.76397441572561],[-73.99686813354492,40.76394191138897],[-73.99688422679901,40.76391753312609]]]}},{"type":"Feature","properties":{"id":"b5e91e5c-ce5a-4df9-b934-97b15b1992fc","height":18.7},"geometry":{"type":"Polygon","coordinates":[[[-73.99783909320831,40.76487234173919],[-73.9974957704544,40.764730137070416],[-73.99714708328247,40.765209568737305],[-73.99749040603638,40.76535177238026],[-73.99783909320831,40.76487234173919]]]}},{"type":"Feature","properties":{"id":"04a66655-9075-4e1e-88b9-e171ed3fd550","height":17.6},"geometry":{"type":"Polygon","coordinates":[[[-73.9938372373581,40.76500235717006],[-73.993821144104,40.76500642014818],[-73.99377822875977,40.76506736479013],[-73.99385869503021,40.76509986857633],[-73.99390161037445,40.76503892396417],[-73.99389624595642,40.76503079801165],[-73.99395525455475,40.76494953843195],[-73.99396598339081,40.76494953843195],[-73.99400889873505,40.76489671965186],[-73.9939284324646,40.76486421576632],[-73.9938372373581,40.76500235717006]]]}},{"type":"Feature","properties":{"id":"56bb56c9-1093-41d4-878a-49eded90e29a","height":13.7},"geometry":{"type":"Polygon","coordinates":[[[-73.98955643177032,40.76364124552174],[-73.98952960968018,40.76364124552174],[-73.9895510673523,40.763649371644135],[-73.98955643177032,40.76364124552174]]]}},{"type":"Feature","properties":{"id":"2f6ba254-ef39-46ea-a37c-71093367b1b9","height":8.4},"geometry":{"type":"Polygon","coordinates":[[[-73.99078488349915,40.76518925390636],[-73.99071514606476,40.76516081313255],[-73.99052202701569,40.76542490556383],[-73.99062395095825,40.76546553507552],[-73.9906507730484,40.76542896851612],[-73.99062931537628,40.76542084261132],[-73.99078488349915,40.76518925390636]]]}},{"type":"Feature","properties":{"id":"82d38465-9d56-4455-8c92-b86ace8da76d","height":16.5},"geometry":{"type":"Polygon","coordinates":[[[-73.99000704288483,40.76528676503838],[-73.98992657661438,40.765254261343614],[-73.98982465267181,40.7653964648909],[-73.98989975452423,40.76542896851612],[-73.99000704288483,40.76528676503838]]]}},{"type":"Feature","properties":{"id":"590b85e6-ef2c-4ccf-9c9d-4b937736be7c","height":24.8},"geometry":{"type":"Polygon","coordinates":[[[-73.99347245693207,40.76521769466797],[-73.9934241771698,40.76527863911616],[-73.99357974529266,40.76534364646599],[-73.99368703365326,40.76517706500479],[-73.9935851097107,40.765140498286684],[-73.99359047412872,40.76513643531675],[-73.99354219436646,40.76512018343459],[-73.99347245693207,40.76521769466797]]]}},{"type":"Feature","properties":{"id":"b4857d84-0123-46a9-a74f-a4f51def8562","height":49.3},"geometry":{"type":"Polygon","coordinates":[[[-73.99334907531738,40.76466512912049],[-73.99310767650604,40.76456761707638],[-73.9930111169815,40.76470575909664],[-73.99324715137482,40.76480733392836],[-73.99334907531738,40.76466512912049]]]}},{"type":"Feature","properties":{"id":"8c18ac28-eba9-4bb7-af27-08f26a9da151","height":11.9},"geometry":{"type":"Polygon","coordinates":[[[-73.9940893650055,40.76548991277059],[-73.99406790733337,40.765477723924164],[-73.99403035640717,40.765530542242516],[-73.99412155151367,40.7655711716896],[-73.99428248405457,40.765347709423224],[-73.99419128894806,40.765307079839545],[-73.99415373802185,40.765355835337004],[-73.994180560112,40.76536396124976],[-73.9940893650055,40.76548991277059]]]}},{"type":"Feature","properties":{"id":"01f4f971-8f70-451c-b326-d829ac50df66","height":18.1},"geometry":{"type":"Polygon","coordinates":[[[-73.9912086725235,40.764250701944974],[-73.99119257926941,40.76425882799285],[-73.99114966392517,40.76431977332035],[-73.99122476577759,40.76435227747217],[-73.99127304553986,40.76429133217445],[-73.99126768112183,40.76427914310821],[-73.99128377437592,40.76425882799285],[-73.99129450321198,40.764254764969024],[-73.99133741855621,40.764201945636785],[-73.99132132530212,40.76419381958192],[-73.99135887622833,40.76415725232286],[-73.99129450321198,40.76412881110741],[-73.99127304553986,40.76416537838216],[-73.99127840995789,40.764173504440464],[-73.99125695228577,40.76416944141144],[-73.99121940135956,40.76422226076954],[-73.99121940135956,40.764234449846214],[-73.9912086725235,40.764250701944974]]]}},{"type":"Feature","properties":{"id":"ffbbb8e1-e6a3-46da-9a4e-fce62c17ceb4","height":42},"geometry":{"type":"Polygon","coordinates":[[[-73.99288237094879,40.76473420006519],[-73.99296283721924,40.764766704014306],[-73.99310767650604,40.76456761707638],[-73.9930808544159,40.764555428060845],[-73.99310767650604,40.76451886100068],[-73.99240493774414,40.76422226076954],[-73.9923620223999,40.76427914310821],[-73.99233520030975,40.764266954039755],[-73.99227619171143,40.76435227747217],[-73.9922547340393,40.76435227747217],[-73.99223864078522,40.764344151435694],[-73.99199724197388,40.76467731811596],[-73.99271070957184,40.76497391631628],[-73.99288237094879,40.76473420006519]]]}},{"type":"Feature","properties":{"id":"8801618c-d2c8-4a73-ae12-a4cfad6f59f9","height":13.7},"geometry":{"type":"Polygon","coordinates":[[[-73.99088680744171,40.76439697065496],[-73.9907956123352,40.764360403507624],[-73.9907044172287,40.76449041994002],[-73.99079024791718,40.764526987015785],[-73.99088680744171,40.76439697065496]]]}},{"type":"Feature","properties":{"id":"3515e35e-9918-475b-8a9c-ee328d903fc6","height":13.6},"geometry":{"type":"Polygon","coordinates":[[[-73.99103701114655,40.76447010488923],[-73.99096727371216,40.76443760079502],[-73.99087607860565,40.76456355407143],[-73.99094581604004,40.76459199510083],[-73.99103701114655,40.76447010488923]]]}},{"type":"Feature","properties":{"id":"d8a6f30b-cecf-44ac-8904-a5fa03b5a804","height":22.3},"geometry":{"type":"Polygon","coordinates":[[[-73.99399816989899,40.76470169610016],[-73.99416983127594,40.76445791585576],[-73.99411618709564,40.76443760079502],[-73.99413228034973,40.764413222713955],[-73.99383187294006,40.764287269152646],[-73.99381577968597,40.7643116472799],[-73.99339735507965,40.76413693717021],[-73.99322032928467,40.76438071859195],[-73.99399816989899,40.76470169610016]]]}},{"type":"Feature","properties":{"id":"ed65bff9-decf-4677-bf50-fb38409e4a38","height":14.4},"geometry":{"type":"Polygon","coordinates":[[[-73.9912623167038,40.764555428060845],[-73.99118185043335,40.76452292400836],[-73.99107992649078,40.76466512912049],[-73.99116039276123,40.76470169610016],[-73.9912623167038,40.764555428060845]]]}},{"type":"Feature","properties":{"id":"43f6e248-5e9c-4904-a11d-5beafe7269b7","height":18.1},"geometry":{"type":"Polygon","coordinates":[[[-73.99354219436646,40.763958163559295],[-73.99355828762054,40.763958163559295],[-73.99359047412872,40.763905343991325],[-73.9935153722763,40.763872839620916],[-73.99347245693207,40.76392565921472],[-73.9934778213501,40.763933785302356],[-73.99346172809601,40.76396222660125],[-73.99344563484192,40.76396222660125],[-73.99343490600586,40.763978478766575],[-73.99344563484192,40.76398254180725],[-73.9934241771698,40.76400692004631],[-73.99341344833374,40.764010983085285],[-73.9933705329895,40.7640678656048],[-73.99345099925995,40.76410036987983],[-73.99349391460419,40.764043487388136],[-73.99348855018616,40.76403129827639],[-73.99350464344025,40.764010983085285],[-73.9935153722763,40.764015046124],[-73.99352610111237,40.76399879396763],[-73.99352073669434,40.76398660484773],[-73.99354219436646,40.763958163559295]]]}},{"type":"Feature","properties":{"id":"50372d31-0ce7-4c55-9d3e-a7cd80c858b1","height":13.6},"geometry":{"type":"Polygon","coordinates":[[[-73.99126768112183,40.76511612046343],[-73.99103701114655,40.765022672058166],[-73.99099946022034,40.765075490738155],[-73.99123013019562,40.765168939069156],[-73.99126768112183,40.76511612046343]]]}},{"type":"Feature","properties":{"id":"023dec85-7671-4de2-a272-56ad5d90503e","height":18.3},"geometry":{"type":"Polygon","coordinates":[[[-73.99155735969543,40.7638687765735],[-73.99147689342499,40.76383220913556],[-73.99135887622833,40.76399473092792],[-73.99143934249878,40.76403129827639],[-73.99155735969543,40.7638687765735]]]}},{"type":"Feature","properties":{"id":"c5b36050-118a-4160-92fc-1b230595e613","height":43.2},"geometry":{"type":"Polygon","coordinates":[[[-73.99735629558563,40.764250701944974],[-73.99744212627411,40.764287269152646],[-73.99742603302002,40.76430758425931],[-73.99750113487244,40.7643400884171],[-73.997603058815,40.764201945636785],[-73.99736702442169,40.764104432913086],[-73.99724900722504,40.76427508008564],[-73.99731874465942,40.764303521238475],[-73.99735629558563,40.764250701944974]]]}},{"type":"Feature","properties":{"id":"e70f2dca-806a-4506-9286-8137a004c8e5","height":13.5},"geometry":{"type":"Polygon","coordinates":[[[-73.99062931537628,40.76429133217445],[-73.99054884910583,40.76425882799285],[-73.99046838283539,40.76436852954211],[-73.99054884910583,40.76440509668495],[-73.99062931537628,40.76429133217445]]]}},{"type":"Feature","properties":{"id":"960c1927-5404-43dd-b209-962066220176","height":14.5},"geometry":{"type":"Polygon","coordinates":[[[-73.99688422679901,40.76391753312609],[-73.99686813354492,40.76394191138897],[-73.99702370166779,40.76400692004631],[-73.99718999862671,40.76377938946749],[-73.99703443050385,40.7637143805876],[-73.99688422679901,40.76391753312609]]]}},{"type":"Feature","properties":{"id":"fa106a6a-0588-4feb-aab0-dc896edd2c41","height":19.2},"geometry":{"type":"Polygon","coordinates":[[[-73.99639070034027,40.76459605810405],[-73.99623513221741,40.764526987015785],[-73.99606883525848,40.764754515035236],[-73.99622976779938,40.76482358588703],[-73.99639070034027,40.76459605810405]]]}},{"type":"Feature","properties":{"id":"316f7c9a-c725-4d2e-b34a-33da702b65a4","height":17.4},"geometry":{"type":"Polygon","coordinates":[[[-73.98968517780304,40.76518925390636],[-73.98966908454895,40.765185190939405],[-73.9895886182785,40.76529489095961],[-73.98966908454895,40.76532739463451],[-73.9897495508194,40.76521769466797],[-73.98973345756531,40.76521363170278],[-73.98975491523743,40.76518925390636],[-73.98976027965546,40.76519331687305],[-73.9898031949997,40.765128309376166],[-73.98973882198334,40.76509986857633],[-73.98968517780304,40.76518925390636]]]}},{"type":"Feature","properties":{"id":"bb8b0e58-9f3c-420e-8f02-cdc039113d93","height":8.7},"geometry":{"type":"Polygon","coordinates":[[[-73.99071514606476,40.76516081313255],[-73.9906507730484,40.765132372346585],[-73.99058103561401,40.765229883562085],[-73.99064540863037,40.765254261343614],[-73.99071514606476,40.76516081313255]]]}},{"type":"Feature","properties":{"id":"117afb64-1003-473c-95b7-e237b391783a","height":16.4},"geometry":{"type":"Polygon","coordinates":[[[-73.99062395095825,40.76565649344761],[-73.99058103561401,40.765636178753255],[-73.99053812026978,40.76569712281773],[-73.99076879024506,40.765794633204564],[-73.9908117055893,40.765733689229535],[-73.99062395095825,40.76565649344761]]]}},{"type":"Feature","properties":{"id":"4e5622de-dea4-490a-82d5-33d09124baaf","height":18.1},"geometry":{"type":"Polygon","coordinates":[[[-73.99235129356384,40.76364124552174],[-73.99222791194916,40.76364124552174],[-73.99231910705566,40.763681876123826],[-73.99235129356384,40.76364124552174]]]}},{"type":"Feature","properties":{"id":"2e1f388a-655e-4ec7-86bc-a275331f0a21","height":14.1},"geometry":{"type":"Polygon","coordinates":[[[-73.9911013841629,40.7644944829494],[-73.99103701114655,40.76447010488923],[-73.99094581604004,40.76459199510083],[-73.99096190929413,40.76460012110698],[-73.99094045162201,40.76463262512169],[-73.99098336696625,40.76464887712308],[-73.99100482463837,40.764616373116326],[-73.99101555347443,40.76462043611804],[-73.9911013841629,40.7644944829494]]]}},{"type":"Feature","properties":{"id":"0acc33e6-01b5-4501-adde-f9bf2ed96201","height":12.1},"geometry":{"type":"Polygon","coordinates":[[[-73.9961975812912,40.76500235717006],[-73.99596154689789,40.76490484562075],[-73.995800614357,40.765128309376166],[-73.9960366487503,40.76522582059761],[-73.9961975812912,40.76500235717006]]]}},{"type":"Feature","properties":{"id":"5a91aa50-8330-4c83-943b-69404e3b3f37","height":7.6},"geometry":{"type":"Polygon","coordinates":[[[-73.99686276912689,40.76364530858305],[-73.99685740470886,40.76364124552174],[-73.99666965007782,40.76364124552174],[-73.99681985378265,40.76370625447316],[-73.99686276912689,40.76364530858305]]]}},{"type":"Feature","properties":{"id":"32fc2225-af39-4ea4-b6bb-c45de0649143","height":13.9},"geometry":{"type":"Polygon","coordinates":[[[-73.99202942848206,40.764063802569325],[-73.99182558059692,40.76398254180725],[-73.99179875850677,40.7640272352387],[-73.99199724197388,40.76410849594609],[-73.99202942848206,40.764063802569325]]]}},{"type":"Feature","properties":{"id":"73e84d45-08ec-4ea2-bf0b-f4054ec451c0","height":13.6},"geometry":{"type":"Polygon","coordinates":[[[-73.99097263813019,40.76443353778214],[-73.99088680744171,40.76439697065496],[-73.99079024791718,40.764526987015785],[-73.99087607860565,40.76456355407143],[-73.99097263813019,40.76443353778214]]]}},{"type":"Feature","properties":{"id":"bda3de63-b5f4-48a8-9217-95cdd52d742f","height":13.4},"geometry":{"type":"Polygon","coordinates":[[[-73.99134814739227,40.76459199510083],[-73.99130523204803,40.76464887712308],[-73.99153590202332,40.76474638904796],[-73.99157881736755,40.76468544411168],[-73.99134814739227,40.76459199510083]]]}},{"type":"Feature","properties":{"id":"15298557-5604-4a3e-bb6a-031b6f0b0f42","height":16.9},"geometry":{"type":"Polygon","coordinates":[[[-73.99231910705566,40.763681876123826],[-73.99222791194916,40.76364124552174],[-73.99204552173615,40.76364124552174],[-73.99204015731812,40.763649371644135],[-73.9922708272934,40.763746885035516],[-73.99231910705566,40.763681876123826]]]}},{"type":"Feature","properties":{"id":"33208e89-13c1-4569-b3f6-ae06fed51b86","height":16.7},"geometry":{"type":"Polygon","coordinates":[[[-73.99117112159729,40.76369406529963],[-73.99108529090881,40.76366156082588],[-73.99097263813019,40.76381595693448],[-73.99105846881866,40.763848461332685],[-73.99117112159729,40.76369406529963]]]}},{"type":"Feature","properties":{"id":"4a34d46d-e45a-4384-b7e2-89f4bf88ceec","height":17},"geometry":{"type":"Polygon","coordinates":[[[-73.99014115333557,40.765185190939405],[-73.99016261100769,40.76519331687305],[-73.99003386497498,40.76536802420577],[-73.9902913570404,40.76547366097486],[-73.99042010307312,40.765298953919824],[-73.99044156074524,40.765307079839545],[-73.99058640003204,40.76510799452038],[-73.99056494235992,40.76509580560389],[-73.99057030677795,40.765087679658336],[-73.99031281471252,40.764977979296134],[-73.99021625518799,40.76511612046343],[-73.9902001619339,40.76510799452038],[-73.99014115333557,40.765185190939405]]]}},{"type":"Feature","properties":{"id":"cd5dfe2c-9d7a-43a1-b3b5-f445a4c34b62","height":21.4},"geometry":{"type":"Polygon","coordinates":[[[-73.99368703365326,40.76476264102152],[-73.99345636367798,40.76466512912049],[-73.99335443973541,40.764803270938074],[-73.9933705329895,40.76481139691839],[-73.99335443973541,40.764831711864844],[-73.99339735507965,40.76484796381757],[-73.99340808391571,40.764827648876064],[-73.99345099925995,40.76484390082976],[-73.99343490600586,40.76486827875286],[-73.9934778213501,40.764884530696634],[-73.99349391460419,40.76486421576632],[-73.99351000785828,40.76486827875286],[-73.99352610111237,40.764880467711066],[-73.99351000785828,40.76490484562075],[-73.99354755878448,40.76492109755557],[-73.99356365203857,40.76489671965186],[-73.9935851097107,40.76490484562075],[-73.99368703365326,40.76476264102152]]]}},{"type":"Feature","properties":{"id":"38cb17dd-4915-425c-851d-07ff50496844","height":16.4},"geometry":{"type":"Polygon","coordinates":[[[-73.99345636367798,40.76466512912049],[-73.99337589740753,40.76463262512169],[-73.99327397346497,40.76477076700684],[-73.99329543113708,40.76477889299113],[-73.993279337883,40.76479920794753],[-73.9933168888092,40.76481545990819],[-73.9933329820633,40.764795144956736],[-73.99335443973541,40.764803270938074],[-73.99345636367798,40.76466512912049]]]}},{"type":"Feature","properties":{"id":"29c4de82-9c21-47a9-a82f-a61f434e2129","height":18},"geometry":{"type":"Polygon","coordinates":[[[-73.99132132530212,40.76376720030737],[-73.99124085903168,40.7637346958694],[-73.99111747741699,40.763913470081434],[-73.99119257926941,40.76394597443195],[-73.99132132530212,40.76376720030737]]]}},{"type":"Feature","properties":{"id":"9b4f90de-a08a-4afd-95d6-0b05d6b56437","height":3.9},"geometry":{"type":"Polygon","coordinates":[[[-73.99066150188446,40.76594089851662],[-73.99046838283539,40.765859640049655],[-73.99037718772888,40.765981527712825],[-73.99057567119598,40.766062786030716],[-73.99066150188446,40.76594089851662]]]}},{"type":"Feature","properties":{"id":"5c2d4ff8-ec36-42f9-8ab2-1743e805664b","height":22.9},"geometry":{"type":"Polygon","coordinates":[[[-73.99125695228577,40.76569305988181],[-73.99117112159729,40.76580682199287],[-73.99138033390045,40.765892143448355],[-73.99141788482666,40.7658393254174],[-73.99143397808075,40.76584745127104],[-73.99157345294952,40.76565649344761],[-73.99155735969543,40.765648367570634],[-73.99160027503967,40.76559148640382],[-73.99139642715454,40.76551022750965],[-73.99131059646606,40.76562398993366],[-73.9913535118103,40.76564024169264],[-73.99129986763,40.7657133745588],[-73.99125695228577,40.76569305988181]]]}},{"type":"Feature","properties":{"id":"2b560835-981d-4765-acdd-8c44cf79423a","height":15.3},"geometry":{"type":"Polygon","coordinates":[[[-73.99145543575287,40.764250701944974],[-73.99141788482666,40.764234449846214],[-73.99130523204803,40.76438478160807],[-73.99136960506439,40.76440915969957],[-73.99145007133484,40.76429945821738],[-73.99146616458893,40.764266954039755],[-73.99144470691681,40.76425882799285],[-73.99145543575287,40.764250701944974]]]}},{"type":"Feature","properties":{"id":"763869ea-0160-4bb8-a29e-5543c7fb3ef6","height":25.8},"geometry":{"type":"Polygon","coordinates":[[[-73.99147689342499,40.76383220913556],[-73.99132132530212,40.76376720030737],[-73.99116575717926,40.76398254180725],[-73.99132132530212,40.76404755042486],[-73.99147689342499,40.76383220913556]]]}},{"type":"Feature","properties":{"id":"17848f22-54c4-46ac-a196-5ab01b8d236f","height":19.2},"geometry":{"type":"Polygon","coordinates":[[[-73.99163782596588,40.7639012809459],[-73.99155735969543,40.7638687765735],[-73.99143934249878,40.76403129827639],[-73.99151980876923,40.764063802569325],[-73.99163782596588,40.7639012809459]]]}},{"type":"Feature","properties":{"id":"3b73e450-b368-4dd4-bd55-7ca9ea7b78ff","height":13.4},"geometry":{"type":"Polygon","coordinates":[[[-73.99153590202332,40.76474638904796],[-73.99137496948242,40.76468138111392],[-73.99133205413818,40.76474232605392],[-73.99148762226105,40.76481139691839],[-73.99153590202332,40.76474638904796]]]}},{"type":"Feature","properties":{"id":"b7c176d8-af28-4f95-93f0-c92aea51a97b","height":16.2},"geometry":{"type":"Polygon","coordinates":[[[-73.99395525455475,40.7654127167055],[-73.99393916130066,40.76541677965852],[-73.99389624595642,40.765477723924164],[-73.9939820766449,40.76551022750965],[-73.99411082267761,40.76533145759274],[-73.99403035640717,40.76529489095961],[-73.9939820766449,40.7653598982935],[-73.99398744106293,40.76536802420577],[-73.99395525455475,40.7654127167055]]]}},{"type":"Feature","properties":{"id":"0003b031-5498-49bf-977c-2e5a843a8c30","height":23.4},"geometry":{"type":"Polygon","coordinates":[[[-73.99610102176666,40.76414100020125],[-73.99592399597168,40.76438071859195],[-73.99632632732391,40.76454730204921],[-73.99649798870087,40.76430758425931],[-73.99610102176666,40.76414100020125]]]}},{"type":"Feature","properties":{"id":"8f72f614-c331-4fe7-9221-516f5d32d92f","height":6.2},"geometry":{"type":"Polygon","coordinates":[[[-73.99804294109344,40.76444978983221],[-73.99764597415924,40.764287269152646],[-73.99747431278229,40.764526987015785],[-73.99786591529846,40.7646935701064],[-73.99804294109344,40.76444978983221]]]}},{"type":"Feature","properties":{"id":"cc6e0c8b-ab52-48e2-a4d9-c63fd264c6b3","height":13.4},"geometry":{"type":"Polygon","coordinates":[[[-73.99123549461365,40.76474638904796],[-73.99130523204803,40.76477482999911],[-73.99128913879395,40.764803270938074],[-73.99144470691681,40.76486827875286],[-73.99148762226105,40.76481139691839],[-73.99125695228577,40.764713885088895],[-73.99123549461365,40.76474638904796]]]}},{"type":"Feature","properties":{"id":"0ca1ec79-3e50-4cf8-b677-0b1d915f2228","height":18.7},"geometry":{"type":"Polygon","coordinates":[[[-73.99199187755585,40.76364124552174],[-73.99192214012146,40.76364124552174],[-73.99181485176086,40.76379157862539],[-73.99187922477722,40.76381595693448],[-73.99191677570343,40.76376720030737],[-73.99190604686737,40.763759074199356],[-73.99199187755585,40.76364124552174]]]}},{"type":"Feature","properties":{"id":"4da25dfe-48ee-47f9-8916-b55c8ddd3908","height":10.4},"geometry":{"type":"Polygon","coordinates":[[[-73.99452924728394,40.76375501114498],[-73.99450778961182,40.76378345252036],[-73.99466335773468,40.763848461332685],[-73.99481356143951,40.76364124552174],[-73.99460971355438,40.76364124552174],[-73.99452924728394,40.76375501114498]]]}},{"type":"Feature","properties":{"id":"9d686d20-0a91-4b76-9c45-2004df7ff9ad","height":15.7},"geometry":{"type":"Polygon","coordinates":[[[-73.99157345294952,40.76364124552174],[-73.99148225784302,40.76364124552174],[-73.99148225784302,40.76364530858305],[-73.99154663085938,40.76367375000541],[-73.99157345294952,40.76364124552174]]]}},{"type":"Feature","properties":{"id":"0c7b42e0-f840-46fb-be39-96500676a642","height":17.7},"geometry":{"type":"Polygon","coordinates":[[[-73.99731874465942,40.764303521238475],[-73.99732410907745,40.76430758425931],[-73.99723827838898,40.764429474769],[-73.99731874465942,40.76446197886716],[-73.99744212627411,40.764287269152646],[-73.99735629558563,40.764250701944974],[-73.99731874465942,40.764303521238475]]]}},{"type":"Feature","properties":{"id":"75971e5c-e0a0-4f1c-a559-499f35f8fb74","height":15},"geometry":{"type":"Polygon","coordinates":[[[-73.99157345294952,40.76435227747217],[-73.9915144443512,40.764323836340196],[-73.99143397808075,40.76443760079502],[-73.99149298667908,40.76446197886716],[-73.99157345294952,40.76435227747217]]]}},{"type":"Feature","properties":{"id":"49deefea-e1aa-4dbe-9150-f11b38ecda7f","height":4.9},"geometry":{"type":"Polygon","coordinates":[[[-73.99677693843842,40.76391753312609],[-73.99669647216797,40.76388502876165],[-73.99652481079102,40.76412474807566],[-73.99660527706146,40.76415725232286],[-73.99677693843842,40.76391753312609]]]}},{"type":"Feature","properties":{"id":"6d415ad0-0086-44a6-9db6-894ebd4d9e87","height":17.3},"geometry":{"type":"Polygon","coordinates":[[[-73.99307548999786,40.765055175866195],[-73.9930647611618,40.765059238841104],[-73.9930272102356,40.76511205749202],[-73.99310231208801,40.765144561256335],[-73.99314522743225,40.76508361668522],[-73.99313449859619,40.765079553711814],[-73.99319350719452,40.76500235717006],[-73.99320423603058,40.76500642014818],[-73.99324715137482,40.76494547545036],[-73.9931720495224,40.76491703457222],[-73.99312913417816,40.76496579035583],[-73.99313449859619,40.76497391631628],[-73.99307548999786,40.765055175866195]]]}},{"type":"Feature","properties":{"id":"281da1a4-118e-4f4b-af82-2f979ca2fc28","height":16.1},"geometry":{"type":"Polygon","coordinates":[[[-73.99094045162201,40.76555491991374],[-73.99075269699097,40.76547366097486],[-73.99070978164673,40.76553460518832],[-73.99089753627777,40.76561586405268],[-73.99094045162201,40.76555491991374]]]}},{"type":"Feature","properties":{"id":"5113875a-0637-43b2-9356-f7370a56736b","height":19.3},"geometry":{"type":"Polygon","coordinates":[[[-73.99044156074524,40.76453511302989],[-73.9902538061142,40.76445791585576],[-73.9900928735733,40.76468544411168],[-73.99028062820435,40.764766704014306],[-73.99044156074524,40.76453511302989]]]}},{"type":"Feature","properties":{"id":"a5e5ac08-614c-45ff-91e6-7efd53d1c6d0","height":13.6},"geometry":{"type":"Polygon","coordinates":[[[-73.99199724197388,40.76410849594609],[-73.99179875850677,40.7640272352387],[-73.99176120758057,40.76407192864005],[-73.99195969104767,40.76415725232286],[-73.99199724197388,40.76410849594609]]]}},{"type":"Feature","properties":{"id":"d3485100-6898-435e-b1e7-79d3a2dc511d","height":27},"geometry":{"type":"Polygon","coordinates":[[[-73.9949369430542,40.764218197743475],[-73.99492621421814,40.76423038682091],[-73.99498522281647,40.764254764969024],[-73.99508714675903,40.76412068504362],[-73.99492621421814,40.76405567649758],[-73.9948296546936,40.764189756554146],[-73.99486184120178,40.764201945636785],[-73.99487257003784,40.764189756554146],[-73.9949369430542,40.764218197743475]]]}},{"type":"Feature","properties":{"id":"1851c799-5db5-4e64-b989-10d3f2b50a81","height":17.6},"geometry":{"type":"Polygon","coordinates":[[[-73.99406790733337,40.764104432913086],[-73.99398744106293,40.76407192864005],[-73.99384796619415,40.764266954039755],[-73.99392306804657,40.76429945821738],[-73.99396598339081,40.76424257589608],[-73.99396061897278,40.764234449846214],[-73.99397671222687,40.76421007169063],[-73.99398744106293,40.76421413471718],[-73.99401426315308,40.764161315352595],[-73.99402499198914,40.764161315352595],[-73.99406790733337,40.764104432913086]]]}},{"type":"Feature","properties":{"id":"cbfcecc8-8ec7-4846-bab9-5e8a0f34ca04","height":13.8},"geometry":{"type":"Polygon","coordinates":[[[-73.99023234844208,40.76495360141331],[-73.99016797542572,40.76492516053864],[-73.99007141590118,40.765055175866195],[-73.99007678031921,40.765055175866195],[-73.99006605148315,40.765075490738155],[-73.99012506008148,40.76509986857633],[-73.99023234844208,40.76495360141331]]]}},{"type":"Feature","properties":{"id":"4d22b8e5-aa68-4489-ad95-e5f06e0f4110","height":12.5},"geometry":{"type":"Polygon","coordinates":[[[-73.98995876312256,40.76403536131389],[-73.98989975452423,40.764010983085285],[-73.98981392383575,40.76412881110741],[-73.98987293243408,40.76415318929281],[-73.98995876312256,40.76403536131389]]]}},{"type":"Feature","properties":{"id":"e9031e58-1a5f-4908-8757-33c51db1dcac","height":20.1},"geometry":{"type":"Polygon","coordinates":[[[-73.99109065532684,40.76495766439439],[-73.99108529090881,40.76495360141331],[-73.99103701114655,40.765022672058166],[-73.99126768112183,40.76511612046343],[-73.9913159608841,40.765051112891086],[-73.99109065532684,40.76495766439439]]]}},{"type":"Feature","properties":{"id":"3171169d-73aa-40de-8dac-67e85972254e","height":16.3},"geometry":{"type":"Polygon","coordinates":[[[-73.98958325386047,40.764303521238475],[-73.98950815200806,40.76427101706281],[-73.98941695690155,40.764392907639575],[-73.989497423172,40.76442541175561],[-73.98958325386047,40.764303521238475]]]}},{"type":"Feature","properties":{"id":"1a33cd56-3f60-43cb-8e02-9e12771cce6f","height":19.9},"geometry":{"type":"Polygon","coordinates":[[[-73.99070978164673,40.764323836340196],[-73.99062931537628,40.76429133217445],[-73.99054884910583,40.76440509668495],[-73.99062931537628,40.76443760079502],[-73.99070978164673,40.764323836340196]]]}},{"type":"Feature","properties":{"id":"2e513f21-aef3-41c1-ba36-377425cff0f2","height":15.9},"geometry":{"type":"Polygon","coordinates":[[[-73.99087071418762,40.76485608979246],[-73.99080634117126,40.764827648876064],[-73.99072051048279,40.76494141246852],[-73.99079024791718,40.7649698533362],[-73.99087071418762,40.76485608979246]]]}},{"type":"Feature","properties":{"id":"a4f43a53-e4fe-453b-8622-45486128cecf","height":10},"geometry":{"type":"Polygon","coordinates":[[[-73.9896959066391,40.76414912626254],[-73.98962080478668,40.76411662201136],[-73.98959398269653,40.76415318929281],[-73.98966908454895,40.76418569352609],[-73.9896959066391,40.76414912626254]]]}},{"type":"Feature","properties":{"id":"e3ca1b5b-bbeb-43b0-958f-2aa6221b3b2b","height":19.2},"geometry":{"type":"Polygon","coordinates":[[[-73.99171829223633,40.763933785302356],[-73.99163782596588,40.7639012809459],[-73.99151980876923,40.764063802569325],[-73.99154126644135,40.76407192864005],[-73.99152517318726,40.76409224381254],[-73.99155735969543,40.76410849594609],[-73.99157345294952,40.76408818077857],[-73.99160027503967,40.76409630684631],[-73.99171829223633,40.763933785302356]]]}},{"type":"Feature","properties":{"id":"2cbb461a-6aa6-4ff5-9386-6cdfa6947a4c","height":18},"geometry":{"type":"Polygon","coordinates":[[[-73.99657845497131,40.7643400884171],[-73.99649798870087,40.76430758425931],[-73.99632632732391,40.76454730204921],[-73.99640679359436,40.76457980608973],[-73.99657845497131,40.7643400884171]]]}},{"type":"Feature","properties":{"id":"51c877be-a30b-4848-915e-7891be5ef285","height":17.4},"geometry":{"type":"Polygon","coordinates":[[[-73.98995876312256,40.76493328650409],[-73.98994266986847,40.76493328650409],[-73.98992657661438,40.76495766439439],[-73.98994266986847,40.76496579035583],[-73.98991584777832,40.76500235717006],[-73.98990511894226,40.764998294191685],[-73.98986220359802,40.765059238841104],[-73.98993730545044,40.765091742631256],[-73.98998022079468,40.76503079801165],[-73.98996412754059,40.765022672058166],[-73.98999094963074,40.764986105255105],[-73.99000704288483,40.76499423121308],[-73.99002313613892,40.7649698533362],[-73.99002313613892,40.76495766439439],[-73.990039229393,40.76493734948642],[-73.99004995822906,40.76493328650409],[-73.99008750915527,40.764880467711066],[-73.99000704288483,40.76484796381757],[-73.98996949195862,40.76489671965186],[-73.98997485637665,40.76490890860484],[-73.98995876312256,40.76493328650409]]]}},{"type":"Feature","properties":{"id":"81487fea-abd2-4a29-892d-95722f3af0ab","height":17.9},"geometry":{"type":"Polygon","coordinates":[[[-73.99105310440063,40.76407192864005],[-73.99097263813019,40.764039424351125],[-73.99085462093353,40.764197882609494],[-73.99094045162201,40.76423038682091],[-73.99098336696625,40.76416944141144],[-73.99097800254822,40.76415725232286],[-73.99099409580231,40.76413693717021],[-73.99100482463837,40.76413693717021],[-73.99105310440063,40.76407192864005]]]}},{"type":"Feature","properties":{"id":"f647ac41-71fb-4a95-a383-1540b630d3a2","height":17},"geometry":{"type":"Polygon","coordinates":[[[-73.99774253368378,40.764010983085285],[-73.99750649929047,40.76390940703649],[-73.9974045753479,40.764059739533565],[-73.99763524532318,40.76415725232286],[-73.99774253368378,40.764010983085285]]]}},{"type":"Feature","properties":{"id":"8d4d4a99-40f2-4775-bcda-d655c22c111f","height":19.5},"geometry":{"type":"Polygon","coordinates":[[[-73.99062931537628,40.76443760079502],[-73.99061858654022,40.76445385284413],[-73.9907044172287,40.76449041994002],[-73.9907956123352,40.764360403507624],[-73.99070978164673,40.764323836340196],[-73.99062931537628,40.76443760079502]]]}},{"type":"Feature","properties":{"id":"cf38872e-950b-46f2-9046-6ab68d1d9bef","height":61.6},"geometry":{"type":"Polygon","coordinates":[[[-73.9960527420044,40.76364124552174],[-73.99537682533264,40.76364124552174],[-73.99589717388153,40.76385658742976],[-73.9960527420044,40.76364124552174]]]}},{"type":"Feature","properties":{"id":"b20bfd4a-3d93-41a2-bd6a-707839a615a1","height":16.6},"geometry":{"type":"Polygon","coordinates":[[[-73.99194359779358,40.76377938946749],[-73.99191677570343,40.76376720030737],[-73.99187922477722,40.76381595693448],[-73.99214208126068,40.76392565921472],[-73.99217963218689,40.76387690266807],[-73.99194359779358,40.76377938946749]]]}},{"type":"Feature","properties":{"id":"ed1933f6-269a-489c-a025-d69778e7b7d5","height":17.1},"geometry":{"type":"Polygon","coordinates":[[[-73.99300038814545,40.765022672058166],[-73.99298965930939,40.765022672058166],[-73.99294674396515,40.765079553711814],[-73.9930272102356,40.76511205749202],[-73.9930647611618,40.765059238841104],[-73.99305939674377,40.765047049915694],[-73.9931184053421,40.76496579035583],[-73.99312913417816,40.76496579035583],[-73.9931720495224,40.76491703457222],[-73.99309158325195,40.764880467711066],[-73.99300038814545,40.765022672058166]]]}},{"type":"Feature","properties":{"id":"d048a7e5-ddaf-4cfa-bbff-f3a17003e3c9","height":11.5},"geometry":{"type":"Polygon","coordinates":[[[-73.9993679523468,40.764417285728086],[-73.99930894374847,40.764392907639575],[-73.99922311306,40.76451073498458],[-73.99968445301056,40.76470169610016],[-73.99982929229736,40.76450667197619],[-73.99942696094513,40.76433602539822],[-73.9993679523468,40.764417285728086]]]}},{"type":"Feature","properties":{"id":"1bc25039-5a34-49f8-91ba-b741a276447a","height":13.5},"geometry":{"type":"Polygon","coordinates":[[[-73.99048984050751,40.7646935701064],[-73.99042546749115,40.76466919211924],[-73.99033963680267,40.76479108196571],[-73.99040400981903,40.76481545990819],[-73.99048984050751,40.7646935701064]]]}},{"type":"Feature","properties":{"id":"2028a739-7fa8-460d-bb44-d07d0b7ace96","height":15.6},"geometry":{"type":"Polygon","coordinates":[[[-73.99156272411346,40.76424257589608],[-73.99152517318726,40.76429133217445],[-73.99178266525269,40.76440103367008],[-73.9918202161789,40.76434821445403],[-73.99156272411346,40.76424257589608]]]}},{"type":"Feature","properties":{"id":"f7c6f888-8b44-4881-a90f-097c7ab6db5e","height":28.5},"geometry":{"type":"Polygon","coordinates":[[[-73.99371922016144,40.76559148640382],[-73.99295747280121,40.765274576154695],[-73.9926141500473,40.7657540038941],[-73.99337589740753,40.76607091185704],[-73.99371922016144,40.76559148640382]]]}},{"type":"Feature","properties":{"id":"8eb49a15-c4c1-4c46-bf68-d393f1a97ba3","height":8.1},"geometry":{"type":"Polygon","coordinates":[[[-73.99946987628937,40.76479108196571],[-73.9997273683548,40.76489671965186],[-73.99977028369904,40.764835774853424],[-73.9995127916336,40.764730137070416],[-73.99946987628937,40.76479108196571]]]}},{"type":"Feature","properties":{"id":"023bd3b6-f725-4303-8424-212c57cf727e","height":10.8},"geometry":{"type":"Polygon","coordinates":[[[-73.99782299995422,40.764043487388136],[-73.99774253368378,40.764010983085285],[-73.9975655078888,40.764254764969024],[-73.99764597415924,40.764287269152646],[-73.99782299995422,40.764043487388136]]]}},{"type":"Feature","properties":{"id":"ac5d4cc5-3ff7-4be0-a949-0396fee812dc","height":17.5},"geometry":{"type":"Polygon","coordinates":[[[-73.99405717849731,40.76427508008564],[-73.99404644966125,40.76427914310821],[-73.99400353431702,40.764331962379146],[-73.99408400058746,40.764364466524995],[-73.99412155151367,40.7643116472799],[-73.99411618709564,40.76429945821738],[-73.99413228034973,40.76427914310821],[-73.99414300918579,40.76428320613056],[-73.99415910243988,40.76426289101644],[-73.99415373802185,40.764250701944974],[-73.99416983127594,40.76422632379533],[-73.99418592453003,40.76422632379533],[-73.99422347545624,40.764173504440464],[-73.99414837360382,40.76413693717021],[-73.99410545825958,40.76419381958192],[-73.99411082267761,40.764201945636785],[-73.99406254291534,40.764250701944974],[-73.9940732717514,40.764254764969024],[-73.99405717849731,40.76427508008564]]]}},{"type":"Feature","properties":{"id":"6fc1be4c-747c-4b27-9608-ceacb95fe1ed","height":10.5},"geometry":{"type":"Polygon","coordinates":[[[-73.99398744106293,40.76407192864005],[-73.99390697479248,40.764039424351125],[-73.99373531341553,40.76427914310821],[-73.99381577968597,40.7643116472799],[-73.99398744106293,40.76407192864005]]]}},{"type":"Feature","properties":{"id":"44e5183e-f380-4926-bf4c-5e311495c0f2","height":18.7},"geometry":{"type":"Polygon","coordinates":[[[-73.99134814739227,40.76459199510083],[-73.9912623167038,40.764555428060845],[-73.99116039276123,40.76470169610016],[-73.9912462234497,40.76473420006519],[-73.99134814739227,40.76459199510083]]]}},{"type":"Feature","properties":{"id":"b30894e0-b429-4221-bf26-b2f7c655d240","height":12.8},"geometry":{"type":"Polygon","coordinates":[[[-73.99596154689789,40.76490484562075],[-73.99565041065216,40.76477076700684],[-73.99547338485718,40.76501048312605],[-73.99578988552094,40.765140498286684],[-73.99596154689789,40.76490484562075]]]}},{"type":"Feature","properties":{"id":"07364a88-fe8e-4e93-9f40-e838096420f2","height":20.3},"geometry":{"type":"Polygon","coordinates":[[[-73.99389624595642,40.76364530858305],[-73.99388551712036,40.76364124552174],[-73.99378895759583,40.76364124552174],[-73.99371385574341,40.763746885035516],[-73.99379968643188,40.76377938946749],[-73.99389624595642,40.76364530858305]]]}},{"type":"Feature","properties":{"id":"1c65614a-ad9c-4ed2-9b8e-1b89e45ccb56","height":5.2},"geometry":{"type":"Polygon","coordinates":[[[-73.99702370166779,40.76400692004631],[-73.99694323539734,40.76397441572561],[-73.99676084518433,40.76422632379533],[-73.99684131145477,40.76425882799285],[-73.99702370166779,40.76400692004631]]]}},{"type":"Feature","properties":{"id":"5a5b4ece-dddd-4ada-befd-dae9f7c83f84","height":11.7},"geometry":{"type":"Polygon","coordinates":[[[-73.99939477443695,40.76485608979246],[-73.99934113025665,40.76485202680513],[-73.99943232536316,40.76492109755557],[-73.99962544441223,40.76501048312605],[-73.99970054626465,40.76503486098804],[-73.99984002113342,40.76509580560389],[-74.00004923343658,40.765168939069156],[-74.00033891201019,40.765254261343614],[-74.0000867843628,40.76512018343459],[-73.99989366531372,40.765022672058166],[-73.99974882602692,40.764977979296134],[-73.99951815605164,40.764884530696634],[-73.99945914745331,40.76486827875286],[-73.99939477443695,40.76485608979246]]]}},{"type":"Feature","properties":{"id":"52fa9454-a3bd-44f0-afe6-ff68cb912fd4","height":16.8},"geometry":{"type":"Polygon","coordinates":[[[-73.9935153722763,40.76500642014818],[-73.99343490600586,40.76497391631628],[-73.99338126182556,40.765047049915694],[-73.99346172809601,40.765079553711814],[-73.9935153722763,40.76500642014818]]]}},{"type":"Feature","properties":{"id":"832ebc28-e39b-4a99-88ca-9b323d06f579","height":19.5},"geometry":{"type":"Polygon","coordinates":[[[-73.99065613746643,40.76451073498458],[-73.99067759513855,40.7644782309103],[-73.99064540863037,40.76446197886716],[-73.99061858654022,40.7644944829494],[-73.99065613746643,40.76451073498458]]]}},{"type":"Feature","properties":{"id":"196f3346-6862-4926-b2de-caf087feb0b5","height":15.7},"geometry":{"type":"Polygon","coordinates":[[[-73.991659283638,40.76364124552174],[-73.99157345294952,40.76364124552174],[-73.99154663085938,40.76367375000541],[-73.99161636829376,40.76370625447316],[-73.991659283638,40.76364124552174]]]}},{"type":"Feature","properties":{"id":"18efbcf2-8c9e-4e7f-a39c-ee0edbfc1311","height":17.2},"geometry":{"type":"Polygon","coordinates":[[[-73.99350464344025,40.764039424351125],[-73.99349391460419,40.764043487388136],[-73.99345099925995,40.76410036987983],[-73.9935314655304,40.76413287413894],[-73.99357438087463,40.76407599167507],[-73.99356365203857,40.7640678656048],[-73.9935851097107,40.764043487388136],[-73.99359583854675,40.76404755042486],[-73.99360656738281,40.76403129827639],[-73.99360120296478,40.76401910916249],[-73.99361729621887,40.76399066788795],[-73.99363875389099,40.76399066788795],[-73.99367094039917,40.76394191138897],[-73.99359047412872,40.763905343991325],[-73.99355828762054,40.763958163559295],[-73.99355828762054,40.76396628964295],[-73.9935153722763,40.764015046124],[-73.99352073669434,40.76401910916249],[-73.99350464344025,40.764039424351125]]]}},{"type":"Feature","properties":{"id":"bc21e3b7-f08b-401f-bdc3-39861c9e81ff","height":8},"geometry":{"type":"Polygon","coordinates":[[[-73.99644434452057,40.76452292400836],[-73.99640679359436,40.76457980608973],[-73.99663746356964,40.76467731811596],[-73.9968091249466,40.76443760079502],[-73.99657845497131,40.7643400884171],[-73.99644434452057,40.76452292400836]]]}},{"type":"Feature","properties":{"id":"d53f5146-d110-4efa-9da7-753f2503791a","height":6.8},"geometry":{"type":"Polygon","coordinates":[[[-73.99496376514435,40.763157739450435],[-73.99512469768524,40.76322274887477],[-73.99507105350494,40.763295884401174],[-73.99523735046387,40.76336495676884],[-73.99546265602112,40.76305209900028],[-73.99514079093933,40.762918016648655],[-73.99496376514435,40.763157739450435]]]}},{"type":"Feature","properties":{"id":"8c274c9a-c62b-413c-82d2-9a757b12465d","height":3.2},"geometry":{"type":"Polygon","coordinates":[[[-73.9971524477005,40.76325931664803],[-73.997243642807,40.7632999474836],[-73.99733483791351,40.76316586563195],[-73.997243642807,40.763129297807296],[-73.9971524477005,40.76325931664803]]]}},{"type":"Feature","properties":{"id":"91d5b19f-4020-492d-882c-34af5c276132","height":17},"geometry":{"type":"Polygon","coordinates":[[[-73.99116039276123,40.76258484114922],[-73.9911550283432,40.76258077802305],[-73.99109601974487,40.76266204049895],[-73.99117112159729,40.7626945454615],[-73.9912086725235,40.762641724889306],[-73.99124085903168,40.76261734614948],[-73.99122476577759,40.762609219900924],[-73.99125695228577,40.762564525515955],[-73.99127304553986,40.762560462388564],[-73.9913159608841,40.762499515447786],[-73.99123549461365,40.762467010389884],[-73.99116039276123,40.76258484114922]]]}},{"type":"Feature","properties":{"id":"e29fab94-ffa3-4918-8e26-0415a2235518","height":18.2},"geometry":{"type":"Polygon","coordinates":[[[-73.99108529090881,40.763397461387626],[-73.99107456207275,40.763397461387626],[-73.99102628231049,40.76345840750497],[-73.99110674858093,40.763490912078055],[-73.99118185043335,40.76338120908022],[-73.99116575717926,40.76337714600277],[-73.99118721485138,40.763352767532695],[-73.99119794368744,40.763356830611684],[-73.99121403694153,40.763332452134165],[-73.99123013019562,40.763328389053726],[-73.99126768112183,40.76327556898522],[-73.99118721485138,40.76323900122094],[-73.99114966392517,40.76329182131846],[-73.9911550283432,40.763304010565804],[-73.99113357067108,40.763328389053726],[-73.99114429950714,40.763332452134165],[-73.99108529090881,40.763397461387626]]]}},{"type":"Feature","properties":{"id":"e6499ea7-dcad-4d3a-9372-05cc829e493f","height":21},"geometry":{"type":"Polygon","coordinates":[[[-73.99229764938354,40.76206475898255],[-73.99222791194916,40.76203631687167],[-73.99206697940826,40.762255727125904],[-73.99214744567871,40.762292295431166],[-73.99226546287537,40.76212976947593],[-73.9922547340393,40.76212570632194],[-73.99229764938354,40.76206475898255]]]}},{"type":"Feature","properties":{"id":"e8d5f503-3304-4f88-83dc-a2cab2950c14","height":15.7},"geometry":{"type":"Polygon","coordinates":[[[-73.99360656738281,40.76290176422398],[-73.99368166923523,40.76293426906932],[-73.99378895759583,40.76278799714024],[-73.99370849132538,40.76275549222342],[-73.99360656738281,40.76290176422398]]]}},{"type":"Feature","properties":{"id":"e1391b39-f657-4820-a461-9b7a2aed3b9b","height":16.5},"geometry":{"type":"Polygon","coordinates":[[[-73.99294137954712,40.762483262920824],[-73.99295210838318,40.76249138918479],[-73.992919921875,40.76253202048983],[-73.99309694766998,40.76260515677626],[-73.99313986301422,40.76254827300488],[-73.99288773536682,40.76243856845116],[-73.9928662776947,40.762467010389884],[-73.99293065071106,40.762495452316415],[-73.99294137954712,40.762483262920824]]]}},{"type":"Feature","properties":{"id":"5670afee-da30-435d-a277-38c869a878bd","height":13.8},"geometry":{"type":"Polygon","coordinates":[[[-73.99088680744171,40.76195099046609],[-73.99080634117126,40.761918485139915],[-73.9906507730484,40.7621378957831],[-73.99073123931885,40.76217040100198],[-73.99088680744171,40.76195099046609]]]}},{"type":"Feature","properties":{"id":"f2165a8a-40dc-48cb-8717-3ddb36c93520","height":12.6},"geometry":{"type":"Polygon","coordinates":[[[-73.99637997150421,40.76262140927341],[-73.9962512254715,40.762804249592705],[-73.99632096290588,40.76283269137494],[-73.99636924266815,40.76277174468382],[-73.99639070034027,40.76277987091254],[-73.99647653102875,40.76266610362015],[-73.99637997150421,40.76262140927341]]]}},{"type":"Feature","properties":{"id":"e0f5b2dc-9f0b-468e-90b0-c5e4ba243f50","height":17.9},"geometry":{"type":"Polygon","coordinates":[[[-73.99021089076996,40.76303990970675],[-73.9902001619339,40.76303990970675],[-73.99016261100769,40.76308460377206],[-73.99024307727814,40.76312117162132],[-73.9903074502945,40.76302365731192],[-73.9903074502945,40.76300740491311],[-73.99031817913055,40.76298708940902],[-73.99033963680267,40.762978963205654],[-73.99035573005676,40.76295458458955],[-73.99037182331085,40.7629464583822],[-73.990398645401,40.76290582733054],[-73.99032354354858,40.76287332247131],[-73.9902913570404,40.762913953542835],[-73.9902913570404,40.76292614285947],[-73.99027526378632,40.762950521485976],[-73.99027526378632,40.76296677389871],[-73.99025917053223,40.762991152510324],[-73.99023234844208,40.762991152510324],[-73.99023234844208,40.762999278712215],[-73.99023771286011,40.76300334181278],[-73.99021089076996,40.76303990970675]]]}},{"type":"Feature","properties":{"id":"3d32d5a2-8995-4b2c-9d52-ffe41b666fc6","height":22},"geometry":{"type":"Polygon","coordinates":[[[-73.99116039276123,40.762434505316065],[-73.99107992649078,40.76240200022633],[-73.99094045162201,40.762597030526166],[-73.99101555347443,40.76262953552052],[-73.99116039276123,40.762434505316065]],[[-73.99108529090881,40.76252389423078],[-73.99101555347443,40.762495452316415],[-73.99104237556458,40.762462947256495],[-73.99110674858093,40.76249138918479],[-73.99108529090881,40.76252389423078]]]}},{"type":"Feature","properties":{"id":"7563beae-b776-4172-b3d9-ec07b15c0625","height":18.9},"geometry":{"type":"Polygon","coordinates":[[[-73.99491012096405,40.76338527215745],[-73.99489939212799,40.76338120908022],[-73.99486184120178,40.76343402906474],[-73.9948832988739,40.76344215521249],[-73.99487793445587,40.763446218285964],[-73.99494230747223,40.76347059672173],[-73.99501204490662,40.76336089369039],[-73.99501204490662,40.76334464137403],[-73.99503350257874,40.76332026289205],[-73.99503886699677,40.763324325973],[-73.99506568908691,40.76328775823555],[-73.99507641792297,40.76329182131846],[-73.99510324001312,40.7632552535631],[-73.99502277374268,40.76321868578762],[-73.99497449398041,40.7632999474836],[-73.99498522281647,40.76330807364775],[-73.99496376514435,40.763332452134165],[-73.99495303630829,40.763328389053726],[-73.99491012096405,40.76338527215745]]]}},{"type":"Feature","properties":{"id":"cb6918aa-87c6-48c4-9659-6095d98b712e","height":18.2},"geometry":{"type":"Polygon","coordinates":[[[-73.99405181407928,40.763267442817124],[-73.99397671222687,40.76323900122094],[-73.99383187294006,40.763446218285964],[-73.99390697479248,40.7634746597935],[-73.99405181407928,40.763267442817124]]]}},{"type":"Feature","properties":{"id":"0b0db505-06fc-4f00-a3a8-d016263c2476","height":46.6},"geometry":{"type":"Polygon","coordinates":[[[-73.99606347084045,40.762487326052934],[-73.99567186832428,40.76232480057456],[-73.9955323934555,40.7625157679708],[-73.99592399597168,40.7626823561024],[-73.99606347084045,40.762487326052934]]]}},{"type":"Feature","properties":{"id":"5bb17ccb-c344-4637-9d74-cf6b89183fef","height":18},"geometry":{"type":"Polygon","coordinates":[[[-73.99493157863617,40.76290176422398],[-73.99494767189026,40.76289363801018],[-73.99498522281647,40.762840817596214],[-73.99491012096405,40.76281237581745],[-73.99483501911163,40.76292614285947],[-73.99484574794769,40.76293020596452],[-73.9948296546936,40.76295458458955],[-73.99481356143951,40.762950521485976],[-73.99474382400513,40.76303178350983],[-73.99482429027557,40.76306428829153],[-73.99485647678375,40.76302365731192],[-73.99485111236572,40.76301146801319],[-73.99487793445587,40.762978963205654],[-73.99486720561981,40.76297083700129],[-73.9948832988739,40.7629464583822],[-73.99489402770996,40.76295458458955],[-73.99493157863617,40.76290176422398]]]}},{"type":"Feature","properties":{"id":"18110001-de49-492e-a277-7cead799f1fb","height":13.9},"geometry":{"type":"Polygon","coordinates":[[[-73.99228692054749,40.76255233613301],[-73.99222254753113,40.76252389423078],[-73.99213671684265,40.762645788011724],[-73.99219572544098,40.76267016674106],[-73.99228692054749,40.76255233613301]]]}},{"type":"Feature","properties":{"id":"faae49b3-96fa-4648-ae5a-81763bf81aa1","height":18.3},"geometry":{"type":"Polygon","coordinates":[[[-73.9932256937027,40.763316199810845],[-73.99323105812073,40.763324325973],[-73.99332225322723,40.76336495676884],[-73.99336516857147,40.763304010565804],[-73.99319887161255,40.76324306430686],[-73.99319887161255,40.76323087504835],[-73.9930808544159,40.763182117992045],[-73.99303793907166,40.76324306430686],[-73.99315595626831,40.76329182131846],[-73.99316668510437,40.76328775823555],[-73.9932256937027,40.763316199810845]]]}},{"type":"Feature","properties":{"id":"1c07afca-8512-4ff1-891c-0ccd42f55bd2","height":15.2},"geometry":{"type":"Polygon","coordinates":[[[-73.99012506008148,40.76293020596452],[-73.99006605148315,40.76290582733054],[-73.98998558521271,40.76301146801319],[-73.99004459381104,40.76303990970675],[-73.99012506008148,40.76293020596452]]]}},{"type":"Feature","properties":{"id":"e8df85f4-bebc-464c-b9f7-e229fb67e527","height":16.4},"geometry":{"type":"Polygon","coordinates":[[[-73.99425029754639,40.762999278712215],[-73.99417519569397,40.76296677389871],[-73.9940732717514,40.76310491924636],[-73.99415373802185,40.763137423992305],[-73.99425029754639,40.762999278712215]]]}},{"type":"Feature","properties":{"id":"4ec71693-c8cf-4bf9-b36d-711d62584fc1","height":13.6},"geometry":{"type":"Polygon","coordinates":[[[-73.99235665798187,40.76257671489665],[-73.99228692054749,40.76254827300488],[-73.99219572544098,40.76267016674106],[-73.99226546287537,40.76269860858068],[-73.99235665798187,40.76257671489665]]]}},{"type":"Feature","properties":{"id":"9324b882-fc5b-4ec6-a00a-151506c9609c","height":14.9},"geometry":{"type":"Polygon","coordinates":[[[-73.9902538061142,40.76197130628688],[-73.99021089076996,40.76202819055206],[-73.99038791656494,40.762101327392884],[-73.990398645401,40.76208913792502],[-73.9904522895813,40.76211758001324],[-73.99047911167145,40.762076948454876],[-73.99042010307312,40.762052569507944],[-73.99042546749115,40.76204444319029],[-73.9902538061142,40.76197130628688]]]}},{"type":"Feature","properties":{"id":"eda732ae-0bee-4904-9a76-03856cb5d9bd","height":31.1},"geometry":{"type":"Polygon","coordinates":[[[-73.99757087230682,40.76269860858068],[-73.99725437164307,40.762564525515955],[-73.99712562561035,40.76273923975904],[-73.99743676185608,40.7628773855796],[-73.99757087230682,40.76269860858068]]]}},{"type":"Feature","properties":{"id":"a7b95212-bca9-4ee3-9088-24ba4ac3426b","height":5.1},"geometry":{"type":"Polygon","coordinates":[[[-73.99385333061218,40.76261328302533],[-73.99382650852203,40.76260109365134],[-73.9937835931778,40.7626579773775],[-73.99385333061218,40.76269048234204],[-73.99389624595642,40.76262953552052],[-73.99385333061218,40.76261328302533]]]}},{"type":"Feature","properties":{"id":"2b7ecf16-73f5-4c3d-8eaa-14c883b6fcb2","height":19.1},"geometry":{"type":"Polygon","coordinates":[[[-73.99203479290009,40.76202412739187],[-73.992018699646,40.76202006423142],[-73.99189531803131,40.762182590454984],[-73.99198651313782,40.762223221948744],[-73.9921098947525,40.7620566326664],[-73.99209380149841,40.762052569507944],[-73.99212598800659,40.76200787474863],[-73.99206697940826,40.76197943261346],[-73.99203479290009,40.76202412739187]]]}},{"type":"Feature","properties":{"id":"7ccbda3c-0b51-4787-8add-34228b757aa2","height":15.3},"geometry":{"type":"Polygon","coordinates":[[[-73.99163782596588,40.762271979708515],[-73.99157881736755,40.76224760083309],[-73.99148762226105,40.76237355825978],[-73.99154663085938,40.76239793708902],[-73.99163782596588,40.762271979708515]]]}},{"type":"Feature","properties":{"id":"82aa77a7-1cf4-4ae0-947d-bd779ff27462","height":19},"geometry":{"type":"Polygon","coordinates":[[[-73.99194896221161,40.76198755893904],[-73.99193823337555,40.76198349577638],[-73.99181485176086,40.76215008524207],[-73.99189531803131,40.762182590454984],[-73.992018699646,40.76202006423142],[-73.99200797080994,40.76201193790982],[-73.99204015731812,40.76196724312322],[-73.99198114871979,40.761942864136046],[-73.99194896221161,40.76198755893904]]]}},{"type":"Feature","properties":{"id":"96a459f8-3287-4693-ab44-a4b11e76b699","height":25.7},"geometry":{"type":"Polygon","coordinates":[[[-73.99233520030975,40.762942395278145],[-73.99217963218689,40.7628773855796],[-73.99204552173615,40.76306022519472],[-73.99220108985901,40.763129297807296],[-73.99233520030975,40.762942395278145]]]}},{"type":"Feature","properties":{"id":"c6de224c-9959-447c-8d4b-b49de4ecbe8a","height":18.8},"geometry":{"type":"Polygon","coordinates":[[[-73.99348318576813,40.76322274887477],[-73.99347245693207,40.76322274887477],[-73.99342954158783,40.76327963206893],[-73.99351000785828,40.76331213672944],[-73.99354755878448,40.763251190477945],[-73.99354755878448,40.76323900122094],[-73.99365484714508,40.76310898234044],[-73.99357438087463,40.7630764775806],[-73.99353682994843,40.763137423992305],[-73.99353682994843,40.76314555017629],[-73.99348318576813,40.76322274887477]]]}},{"type":"Feature","properties":{"id":"1e6cffeb-caef-48ba-8f89-fa3bdfe718c7","height":20.7},"geometry":{"type":"Polygon","coordinates":[[[-73.99354755878448,40.763251190477945],[-73.99353682994843,40.763271505901315],[-73.993821144104,40.76338527215745],[-73.99384796619415,40.76334870445348],[-73.99388551712036,40.76336495676884],[-73.99396598339081,40.7632552535631],[-73.99364411830902,40.76312523471444],[-73.99354755878448,40.763251190477945]]]}},{"type":"Feature","properties":{"id":"0d656ae8-239d-4ad3-a7a2-35b8c785e443","height":18.2},"geometry":{"type":"Polygon","coordinates":[[[-73.99117112159729,40.763425902916],[-73.99114966392517,40.76343402906474],[-73.99110674858093,40.763490912078055],[-73.99118721485138,40.76352341663522],[-73.99123013019562,40.76346247057751],[-73.99123013019562,40.76345028135924],[-73.99125695228577,40.76340965061556],[-73.99125158786774,40.76340965061556],[-73.99127304553986,40.76338527215745],[-73.99127840995789,40.76338527215745],[-73.99129450321198,40.76336495676884],[-73.99130523204803,40.76336089369039],[-73.99134814739227,40.76330807364775],[-73.99126768112183,40.76327556898522],[-73.99123013019562,40.763328389053726],[-73.99123549461365,40.76333651521438],[-73.99121940135956,40.76336089369039],[-73.99123013019562,40.76336495676884],[-73.9912086725235,40.76339339831114],[-73.99119794368744,40.76338933523439],[-73.99117112159729,40.763425902916]]]}},{"type":"Feature","properties":{"id":"ab44430c-9807-4285-a13d-89cf66478b95","height":17.8},"geometry":{"type":"Polygon","coordinates":[[[-73.99467945098877,40.76327963206893],[-73.99466335773468,40.76328369515235],[-73.9946311712265,40.763332452134165],[-73.99471163749695,40.76336495676884],[-73.99474918842316,40.763316199810845],[-73.9947384595871,40.763304010565804],[-73.99475455284119,40.76328369515235],[-73.99477064609528,40.76328369515235],[-73.9947921037674,40.7632552535631],[-73.99477064609528,40.7632471273925],[-73.99480283260345,40.763202433436504],[-73.99482429027557,40.76321055961256],[-73.99485647678375,40.76316180254133],[-73.9947760105133,40.763129297807296],[-73.99473309516907,40.76318618108141],[-73.99475455284119,40.763194307259454],[-73.99474918842316,40.763206496524646],[-73.99472773075104,40.76322681196169],[-73.99471163749695,40.76322274887477],[-73.99467945098877,40.76327963206893]]]}},{"type":"Feature","properties":{"id":"20b1c65b-1071-4c15-9aef-7d7540ac3535","height":15.5},"geometry":{"type":"Polygon","coordinates":[[[-73.9948832988739,40.76230042171852],[-73.99481892585754,40.76227604285356],[-73.99464190006256,40.76251983110092],[-73.99470627307892,40.76254827300488],[-73.9948832988739,40.76230042171852]]]}},{"type":"Feature","properties":{"id":"67a5d5e1-ef44-43e1-9dda-13dbe47ffea5","height":17.9},"geometry":{"type":"Polygon","coordinates":[[[-73.99101555347443,40.763352767532695],[-73.99099946022034,40.763356830611684],[-73.99095118045807,40.76342183984127],[-73.99102628231049,40.76345840750497],[-73.99107992649078,40.76338933523439],[-73.99107456207275,40.76338120908022],[-73.99109065532684,40.763356830611684],[-73.99110674858093,40.763352767532695],[-73.99114966392517,40.76328775823555],[-73.99107456207275,40.7632552535631],[-73.99102628231049,40.76332026289205],[-73.99103164672852,40.763328389053726],[-73.99101555347443,40.763352767532695]]]}},{"type":"Feature","properties":{"id":"f2161d74-28c8-4a67-b792-94d6422b595d","height":17.1},"geometry":{"type":"Polygon","coordinates":[[[-73.99144470691681,40.76345840750497],[-73.99136424064636,40.763425902916],[-73.99126768112183,40.76355185810971],[-73.9913535118103,40.76358436263709],[-73.99144470691681,40.76345840750497]]]}},{"type":"Feature","properties":{"id":"7147de45-8ba8-4348-b21e-30a13b6ca97b","height":49.5},"geometry":{"type":"Polygon","coordinates":[[[-73.99598300457001,40.76227604285356],[-73.99608492851257,40.76212976947593],[-73.99541437625885,40.76184534809789],[-73.99530708789825,40.76198755893904],[-73.99598300457001,40.76227604285356]]]}},{"type":"Feature","properties":{"id":"e33fd596-2e6f-4cc9-ab40-a9b98c817327","height":3.5},"geometry":{"type":"Polygon","coordinates":[[[-73.99141252040863,40.76244669472061],[-73.99147152900696,40.76236543198141],[-73.99138033390045,40.76232886371636],[-73.99130523204803,40.762434505316065],[-73.99146616458893,40.762499515447786],[-73.99149298667908,40.762467010389884],[-73.99143397808075,40.762442631586],[-73.99142861366272,40.762450757854936],[-73.99141252040863,40.76244669472061]]]}},{"type":"Feature","properties":{"id":"9963a058-e347-419b-9527-7953a6a3592c","height":14.2},"geometry":{"type":"Polygon","coordinates":[[[-73.99138569831848,40.76296677389871],[-73.99130523204803,40.76293426906932],[-73.9912086725235,40.7630724144845],[-73.99121940135956,40.7630764775806],[-73.99119257926941,40.76311710852795],[-73.9912462234497,40.763137423992305],[-73.99127304553986,40.76310085615199],[-73.99128377437592,40.76310491924636],[-73.99138569831848,40.76296677389871]]]}},{"type":"Feature","properties":{"id":"a41032db-85ba-4bb6-b09c-a16164ba5644","height":16.6},"geometry":{"type":"Polygon","coordinates":[[[-73.99170219898224,40.76310085615199],[-73.99162709712982,40.7630724144845],[-73.99153053760529,40.76319837034811],[-73.99153590202332,40.76321055961256],[-73.99150907993317,40.7632471273925],[-73.99156272411346,40.763271505901315],[-73.99158954620361,40.76323493813476],[-73.9916056394577,40.76323087504835],[-73.99170219898224,40.76310085615199]]]}},{"type":"Feature","properties":{"id":"4b202273-d551-4456-bcf8-75f7773b4a75","height":16.4},"geometry":{"type":"Polygon","coordinates":[[[-73.9921098947525,40.76247513665584],[-73.99205088615417,40.762450757854936],[-73.99195969104767,40.76257265177],[-73.99202406406403,40.762597030526166],[-73.9921098947525,40.76247513665584]]]}},{"type":"Feature","properties":{"id":"18e89e7a-4343-4b4b-854d-5d96184c4957","height":20.3},"geometry":{"type":"Polygon","coordinates":[[[-73.99043619632721,40.762206969354224],[-73.99048447608948,40.762223221948744],[-73.99038255214691,40.76236543198141],[-73.99045765399933,40.76239793708902],[-73.99050056934357,40.76234105314029],[-73.99049520492554,40.76232886371636],[-73.99051129817963,40.76230854800485],[-73.99052739143372,40.7623044848618],[-73.9905595779419,40.76225979027191],[-73.99053812026978,40.76225166397961],[-73.99055421352386,40.762235411392055],[-73.99057030677795,40.76224353768632],[-73.99061322212219,40.762190716755725],[-73.99048447608948,40.7621378957831],[-73.99043619632721,40.762206969354224]]]}},{"type":"Feature","properties":{"id":"ba61a7e2-4a70-44f6-a936-c9fc7d1032af","height":23.7},"geometry":{"type":"Polygon","coordinates":[[[-73.9913159608841,40.762146022089325],[-73.99119794368744,40.76209320108123],[-73.99103164672852,40.7623207374325],[-73.99123013019562,40.76240200022633],[-73.9914071559906,40.76216227469877],[-73.99132668972015,40.76212976947593],[-73.9913159608841,40.762146022089325]]]}},{"type":"Feature","properties":{"id":"af62f1d7-aca4-43aa-8c54-d096eda223d2","height":17.5},"geometry":{"type":"Polygon","coordinates":[[[-73.99341344833374,40.762182590454984],[-73.99321496486664,40.762101327392884],[-73.99316668510437,40.76216227469877],[-73.99336516857147,40.76224760083309],[-73.99341344833374,40.762182590454984]]]}},{"type":"Feature","properties":{"id":"2fa8b6ce-ed4c-4e61-8239-2858de553ca1","height":17.3},"geometry":{"type":"Polygon","coordinates":[[[-73.99123549461365,40.762467010389884],[-73.99116039276123,40.762434505316065],[-73.99101555347443,40.76262953552052],[-73.99109601974487,40.76266204049895],[-73.99117648601532,40.762536083618954],[-73.99119794368744,40.76252389423078],[-73.99123549461365,40.762467010389884]]]}},{"type":"Feature","properties":{"id":"3b613bf3-ee00-4c83-bd83-9f748489b6de","height":13.4},"geometry":{"type":"Polygon","coordinates":[[[-73.99175584316254,40.7623207374325],[-73.99169683456421,40.762296358574986],[-73.9916056394577,40.76242231590928],[-73.99166464805603,40.76244669472061],[-73.99175584316254,40.7623207374325]]]}},{"type":"Feature","properties":{"id":"0fd4bcab-7a74-43fc-ba85-f7b654764c8b","height":4.3},"geometry":{"type":"Polygon","coordinates":[[[-73.99767816066742,40.76234917942165],[-73.997603058815,40.76231667429022],[-73.99755477905273,40.76237762139863],[-73.99763524532318,40.76241012650024],[-73.99767816066742,40.76234917942165]]]}},{"type":"Feature","properties":{"id":"700f7260-a03e-4ee7-a9ba-887e72ac8a5b","height":9.4},"geometry":{"type":"Polygon","coordinates":[[[-73.99635314941406,40.76324306430686],[-73.9963960647583,40.763182117992045],[-73.99614930152893,40.7630764775806],[-73.99610638618469,40.763137423992305],[-73.99635314941406,40.76324306430686]]]}},{"type":"Feature","properties":{"id":"71e365d8-cfef-4c70-b7a3-ae65850b48cb","height":18.2},"geometry":{"type":"Polygon","coordinates":[[[-73.99029672145844,40.76233292685794],[-73.99033963680267,40.762271979708515],[-73.99010360240936,40.76217446415325],[-73.99006068706512,40.76223134824454],[-73.99029672145844,40.76233292685794]]]}},{"type":"Feature","properties":{"id":"070bc124-6ca9-431f-aaef-eee95c9dc8c3","height":21.4},"geometry":{"type":"Polygon","coordinates":[[[-73.9914608001709,40.76219477990574],[-73.99139642715454,40.76217040100198],[-73.99130523204803,40.762296358574986],[-73.99136424064636,40.7623207374325],[-73.9914608001709,40.76219477990574]]]}},{"type":"Feature","properties":{"id":"547ff38c-ce5c-45e4-975e-ff76439eac46","height":18.3},"geometry":{"type":"Polygon","coordinates":[[[-73.99258196353912,40.76231261114765],[-73.99256587028503,40.7623044848618],[-73.99247467517853,40.76242637904511],[-73.99256587028503,40.762462947256495],[-73.99265170097351,40.76234105314029],[-73.99263024330139,40.76232886371636],[-73.99265170097351,40.7623044848618],[-73.99266242980957,40.76231261114765],[-73.99270534515381,40.76225166397961],[-73.99262487888336,40.76221915880049],[-73.99258196353912,40.76228010599834],[-73.99260342121124,40.76228416914287],[-73.99258196353912,40.76231261114765]]]}},{"type":"Feature","properties":{"id":"78b21160-5ff1-46b7-b147-f84b34f58561","height":13.7},"geometry":{"type":"Polygon","coordinates":[[[-73.98937404155731,40.7631780549024],[-73.9892989397049,40.76327963206893],[-73.98962080478668,40.76341371369105],[-73.98964762687683,40.76337308292503],[-73.9895886182785,40.76334870445348],[-73.98963153362274,40.76328775823555],[-73.98937404155731,40.7631780549024]]]}},{"type":"Feature","properties":{"id":"c3b80dac-75ed-49e9-9cf8-f43cf6c3783f","height":16.8},"geometry":{"type":"Polygon","coordinates":[[[-73.99304330348969,40.76235324256194],[-73.99304866790771,40.76235730570204],[-73.99300575256348,40.76241012650024],[-73.99318814277649,40.762487326052934],[-73.99323105812073,40.76242637904511],[-73.99304866790771,40.76234917942165],[-73.99304330348969,40.76235324256194]]]}},{"type":"Feature","properties":{"id":"a513aa4d-92d7-4c06-8b6d-911a5037562c","height":18.5},"geometry":{"type":"Polygon","coordinates":[[[-73.99015188217163,40.76210539054833],[-73.99010360240936,40.76217446415325],[-73.99027526378632,40.76224353768632],[-73.99028599262238,40.76223134824454],[-73.99033963680267,40.76225166397961],[-73.99036645889282,40.76221509565198],[-73.99031281471252,40.76219477990574],[-73.99032354354858,40.76217852730423],[-73.99015188217163,40.76210539054833]]]}},{"type":"Feature","properties":{"id":"d6f1c8c9-41ec-4d3a-8460-34a86a383fdf","height":11.8},"geometry":{"type":"Polygon","coordinates":[[[-73.99656236171722,40.76269860858068],[-73.99647653102875,40.76266610362015],[-73.99644434452057,40.76270673481835],[-73.99667501449585,40.762804249592705],[-73.99670720100403,40.76275549222342],[-73.99656236171722,40.7626945454615],[-73.99656236171722,40.76269860858068]]]}},{"type":"Feature","properties":{"id":"23c9591d-a432-4b2f-9934-2fc794aadb19","height":16.1},"geometry":{"type":"Polygon","coordinates":[[[-73.99145543575287,40.7632999474836],[-73.99137496948242,40.763267442817124],[-73.99119257926941,40.76351529049742],[-73.99126768112183,40.76355185810971],[-73.99145543575287,40.7632999474836]]]}},{"type":"Feature","properties":{"id":"54c1c965-ec01-42b4-a289-05cd2a3de99e","height":18},"geometry":{"type":"Polygon","coordinates":[[[-73.99021089076996,40.76202819055206],[-73.99015188217163,40.76210539054833],[-73.99030208587646,40.76217040100198],[-73.99031817913055,40.76216633785049],[-73.99033427238464,40.76217446415325],[-73.99033963680267,40.762182590454984],[-73.99038255214691,40.762202906204976],[-73.99044156074524,40.76212570632194],[-73.990398645401,40.762109453703545],[-73.99039328098297,40.76211758001324],[-73.99036109447479,40.762109453703545],[-73.99036645889282,40.762097264237184],[-73.99021089076996,40.76202819055206]]]}},{"type":"Feature","properties":{"id":"e3edfc0e-d557-4643-8fb2-7115e0a6f5f1","height":17.4},"geometry":{"type":"Polygon","coordinates":[[[-73.99217426776886,40.763304010565804],[-73.99209916591644,40.763271505901315],[-73.99198114871979,40.763425902916],[-73.99206161499023,40.76345840750497],[-73.99217426776886,40.763304010565804]]]}},{"type":"Feature","properties":{"id":"1de2e378-e0cc-4f32-899b-37a5118913eb","height":19.7},"geometry":{"type":"Polygon","coordinates":[[[-73.9909029006958,40.76235324256194],[-73.99082779884338,40.7623207374325],[-73.99069905281067,40.762495452316415],[-73.99077951908112,40.76252795736045],[-73.9909029006958,40.76235324256194]]]}},{"type":"Feature","properties":{"id":"8996ce53-5dcd-4033-85c9-43ace30620a9","height":17.6},"geometry":{"type":"Polygon","coordinates":[[[-73.99050056934357,40.762783934026515],[-73.99048447608948,40.76278799714024],[-73.99044156074524,40.76284488070647],[-73.99052739143372,40.7628773855796],[-73.99056494235992,40.762820502041194],[-73.99056494235992,40.762808312705204],[-73.99061858654022,40.76273517664231],[-73.99062931537628,40.76273111352535],[-73.99067759513855,40.76267016674106],[-73.9905971288681,40.762633598643674],[-73.99050056934357,40.762783934026515]]]}},{"type":"Feature","properties":{"id":"a7a5cd8b-0827-4019-ae75-f6f283eaab18","height":21.1},"geometry":{"type":"Polygon","coordinates":[[[-73.990039229393,40.76262953552052],[-73.99004459381104,40.762641724889306],[-73.99011433124542,40.76267016674106],[-73.99015724658966,40.76261328302533],[-73.99004459381104,40.76256858864309],[-73.990039229393,40.76258077802305],[-73.99000704288483,40.762564525515955],[-73.99001777172089,40.76255233613301],[-73.98998558521271,40.76254014674785],[-73.98997485637665,40.76254014674785],[-73.98991584777832,40.76251983110092],[-73.98992121219635,40.76251170484042],[-73.98987829685211,40.76249138918479],[-73.98983001708984,40.76255233613301],[-73.98987829685211,40.76257265177],[-73.98988366127014,40.762564525515955],[-73.99000704288483,40.762625472397076],[-73.99001240730286,40.76261734614948],[-73.990039229393,40.76262953552052]]]}},{"type":"Feature","properties":{"id":"f7c26386-eb8c-4d78-a409-736ad702887e","height":16.6},"geometry":{"type":"Polygon","coordinates":[[[-73.99188458919525,40.7629952156114],[-73.99204552173615,40.76306022519472],[-73.99215817451477,40.76290582733054],[-73.99199724197388,40.762840817596214],[-73.99188458919525,40.7629952156114]]]}},{"type":"Feature","properties":{"id":"8b6c91e0-6f5c-4edd-816d-2b3143593c6c","height":13.9},"geometry":{"type":"Polygon","coordinates":[[[-73.9924156665802,40.76260109365134],[-73.99235665798187,40.76257671489665],[-73.99226546287537,40.76269860858068],[-73.9923244714737,40.76272705040813],[-73.9924156665802,40.76260109365134]]]}},{"type":"Feature","properties":{"id":"b1c9536d-0610-40ca-b913-ce012f53e893","height":16.4},"geometry":{"type":"Polygon","coordinates":[[[-73.99059176445007,40.76306835138814],[-73.99051129817963,40.7630358466084],[-73.990398645401,40.76319024417057],[-73.99047911167145,40.76322274887477],[-73.99059176445007,40.76306835138814]]]}},{"type":"Feature","properties":{"id":"45cb0e9c-434b-4c30-8f2b-c1ec44e912c4","height":16},"geometry":{"type":"Polygon","coordinates":[[[-73.99178266525269,40.763137423992305],[-73.99170219898224,40.76310085615199],[-73.99158954620361,40.76325931664803],[-73.99166464805603,40.76329182131846],[-73.99178266525269,40.763137423992305]]]}},{"type":"Feature","properties":{"id":"de0123f7-42f1-4be6-9582-3ee301bd4fca","height":17.6},"geometry":{"type":"Polygon","coordinates":[[[-73.99265170097351,40.76234105314029],[-73.99256587028503,40.762462947256495],[-73.99264633655548,40.762499515447786],[-73.99273753166199,40.76237762139863],[-73.9927214384079,40.76236949512074],[-73.99273753166199,40.76234105314029],[-73.9927589893341,40.76234917942165],[-73.99280190467834,40.762292295431166],[-73.9927214384079,40.76225979027191],[-73.99267852306366,40.76231667429022],[-73.99268925189972,40.76232480057456],[-73.99267315864563,40.76234917942165],[-73.99265170097351,40.76234105314029]]]}},{"type":"Feature","properties":{"id":"e709b28c-aaa1-4de8-abc1-dec9cf7de295","height":16.5},"geometry":{"type":"Polygon","coordinates":[[[-73.99318814277649,40.762487326052934],[-73.99300575256348,40.76241012650024],[-73.99296283721924,40.76247107352299],[-73.99313986301422,40.76254827300488],[-73.99318814277649,40.762487326052934]]]}},{"type":"Feature","properties":{"id":"b4dad9e2-27b0-4a7f-831f-fd52f58ebf24","height":16.4},"geometry":{"type":"Polygon","coordinates":[[[-73.99043619632721,40.762999278712215],[-73.99035573005676,40.76296677389871],[-73.99024307727814,40.76312117162132],[-73.99032354354858,40.76315367635931],[-73.99043619632721,40.762999278712215]]]}},{"type":"Feature","properties":{"id":"917d724b-52c8-4a26-ac2e-1af7e9a0cb8d","height":11.3},"geometry":{"type":"Polygon","coordinates":[[[-73.99494230747223,40.76303990970675],[-73.9949369430542,40.76303990970675],[-73.99489402770996,40.76309679305737],[-73.99498522281647,40.76313336089993],[-73.99514079093933,40.762918016648655],[-73.99505496025085,40.76288144868761],[-73.99494230747223,40.76303990970675]]]}},{"type":"Feature","properties":{"id":"83a53e94-fe28-4a1f-912b-bd0039206e7c","height":21.9},"geometry":{"type":"Polygon","coordinates":[[[-73.99441659450531,40.762808312705204],[-73.99439513683319,40.762804249592705],[-73.99435758590698,40.762853006926235],[-73.99442732334137,40.76288551179539],[-73.99447560310364,40.762836754485676],[-73.99446487426758,40.76282862826395],[-73.99449169635773,40.76278799714024],[-73.99451315402985,40.762783934026515],[-73.9945238828659,40.76276768156907],[-73.99451851844788,40.762759555338874],[-73.99453461170197,40.76273517664231],[-73.99455070495605,40.76273111352535],[-73.9945936203003,40.76267422986177],[-73.99451315402985,40.762641724889306],[-73.99447023868561,40.76269860858068],[-73.99447560310364,40.76270673481835],[-73.99445950984955,40.76273517664231],[-73.99444341659546,40.76273517664231],[-73.9944326877594,40.76275142910768],[-73.99444341659546,40.76276361845413],[-73.99441659450531,40.762808312705204]]]}},{"type":"Feature","properties":{"id":"285ac4a6-ea44-4dc5-bae2-90ce31bfccf2","height":15.7},"geometry":{"type":"Polygon","coordinates":[[[-73.99091362953186,40.76276768156907],[-73.99083316326141,40.76273517664231],[-73.99073660373688,40.76286925936279],[-73.9908117055893,40.76290582733054],[-73.99091362953186,40.76276768156907]]]}},{"type":"Feature","properties":{"id":"57bd87b7-fd53-421f-a989-e22281e0200b","height":13},"geometry":{"type":"Polygon","coordinates":[[[-73.99724900722504,40.76298302630747],[-73.9970076084137,40.76288551179539],[-73.99692177772522,40.76300740491311],[-73.99716317653656,40.76310491924636],[-73.99724900722504,40.76298302630747]]]}},{"type":"Feature","properties":{"id":"f0a952dc-b8b3-4bf4-8358-b513cbeb166f","height":18.7},"geometry":{"type":"Polygon","coordinates":[[[-73.99051129817963,40.76234917942165],[-73.99049520492554,40.76234917942165],[-73.99046301841736,40.762393873951424],[-73.99053812026978,40.762430442180715],[-73.99057567119598,40.76238168453722],[-73.99057030677795,40.76237355825978],[-73.99060249328613,40.76233292685794],[-73.99060249328613,40.76231261114765],[-73.99061858654022,40.762292295431166],[-73.99066686630249,40.762255727125904],[-73.99069905281067,40.76221509565198],[-73.99061858654022,40.76217852730423],[-73.99058640003204,40.762223221948744],[-73.99058640003204,40.762235411392055],[-73.99057030677795,40.76225979027191],[-73.99057030677795,40.76228010599834],[-73.9905595779419,40.762296358574986],[-73.9905434846878,40.76230042171852],[-73.99051129817963,40.76234917942165]]]}},{"type":"Feature","properties":{"id":"2a2d9f5e-54ef-444d-9625-6541b78dbd4d","height":16.4},"geometry":{"type":"Polygon","coordinates":[[[-73.99186313152313,40.763169928722334],[-73.99178266525269,40.763137423992305],[-73.99166464805603,40.76329182131846],[-73.99174511432648,40.763324325973],[-73.99186313152313,40.763169928722334]]]}},{"type":"Feature","properties":{"id":"f17bb061-a676-4c76-a66a-196cef971e55","height":14},"geometry":{"type":"Polygon","coordinates":[[[-73.99512469768524,40.76208913792502],[-73.99496376514435,40.76202412739187],[-73.99487793445587,40.762146022089325],[-73.99503350257874,40.762211032503245],[-73.99512469768524,40.76208913792502]]]}},{"type":"Feature","properties":{"id":"27b12adc-b24a-4fdf-aa18-d2397fc40f2f","height":16.6},"geometry":{"type":"Polygon","coordinates":[[[-73.99364411830902,40.762759555338874],[-73.99345636367798,40.7626782929822],[-73.99340808391571,40.76273923975904],[-73.99360120296478,40.762820502041194],[-73.99364411830902,40.762759555338874]]]}},{"type":"Feature","properties":{"id":"66272bbb-cfeb-4d00-b257-a4fd860120f6","height":16.7},"geometry":{"type":"Polygon","coordinates":[[[-73.99201333522797,40.76323493813476],[-73.99193823337555,40.763202433436504],[-73.99182558059692,40.763356830611684],[-73.99190068244934,40.76339339831114],[-73.99201333522797,40.76323493813476]]]}},{"type":"Feature","properties":{"id":"67e97171-5dee-4b88-9938-a1eeba5be157","height":16.9},"geometry":{"type":"Polygon","coordinates":[[[-73.99441123008728,40.76306835138814],[-73.99433076381683,40.76303178350983],[-73.99422883987427,40.763169928722334],[-73.99431467056274,40.763206496524646],[-73.99441123008728,40.76306835138814]]]}},{"type":"Feature","properties":{"id":"0009bf5b-0a8f-4d06-8294-d9e44f055f5d","height":16.4},"geometry":{"type":"Polygon","coordinates":[[[-73.99051129817963,40.7630358466084],[-73.99043619632721,40.762999278712215],[-73.99032354354858,40.76315367635931],[-73.990398645401,40.76318618108141],[-73.99051129817963,40.7630358466084]]]}},{"type":"Feature","properties":{"id":"bd28c717-3179-46af-9bb9-113a56fa5478","height":20.3},"geometry":{"type":"Polygon","coordinates":[[[-73.99015188217163,40.76251983110092],[-73.99015724658966,40.76253202048983],[-73.99022161960602,40.76255639926089],[-73.99026453495026,40.762499515447786],[-73.98996412754059,40.76236949512074],[-73.98992121219635,40.762430442180715],[-73.9900016784668,40.762467010389884],[-73.99001240730286,40.762462947256495],[-73.99004459381104,40.76247513665584],[-73.99004995822906,40.762487326052934],[-73.99008750915527,40.7625035785789],[-73.99009823799133,40.762495452316415],[-73.99015188217163,40.76251983110092]]]}},{"type":"Feature","properties":{"id":"9cbef222-260a-4c7a-a73b-f7f2f0653d00","height":17.9},"geometry":{"type":"Polygon","coordinates":[[[-73.99325788021088,40.762942395278145],[-73.99320960044861,40.76300334181278],[-73.99329543113708,40.7630358466084],[-73.99330615997314,40.76303178350983],[-73.99333834648132,40.7630480359027],[-73.99334371089935,40.7630561620976],[-73.9934241771698,40.76309272996252],[-73.99346709251404,40.76303178350983],[-73.99325788021088,40.762942395278145]]]}},{"type":"Feature","properties":{"id":"93ce3c0d-2739-4ce8-a111-d92777bf7c67","height":14.5},"geometry":{"type":"Polygon","coordinates":[[[-73.99154663085938,40.7630358466084],[-73.99146616458893,40.76300334181278],[-73.99136424064636,40.763137423992305],[-73.99138033390045,40.76314555017629],[-73.99136960506439,40.76315367635931],[-73.99134814739227,40.763182117992045],[-73.99140179157257,40.763206496524646],[-73.99142861366272,40.7631780549024],[-73.99142324924469,40.76316586563195],[-73.99144470691681,40.763173991812494],[-73.99154663085938,40.7630358466084]]]}},{"type":"Feature","properties":{"id":"a3bf03bd-5734-4e5b-936d-cdbaa6c7941c","height":20.5},"geometry":{"type":"Polygon","coordinates":[[[-73.99436831474304,40.76340965061556],[-73.99420738220215,40.76334464137403],[-73.99405181407928,40.763559984243074],[-73.99421274662018,40.763624993273964],[-73.99436831474304,40.76340965061556]]]}},{"type":"Feature","properties":{"id":"6847e41a-c412-49d2-bbcb-78991410043a","height":15.7},"geometry":{"type":"Polygon","coordinates":[[[-73.99083316326141,40.76273517664231],[-73.99075269699097,40.76269860858068],[-73.99065613746643,40.762836754485676],[-73.99073660373688,40.76286925936279],[-73.99083316326141,40.76273517664231]]]}},{"type":"Feature","properties":{"id":"84e1dca9-5e2d-4e65-a2c8-f1a6ba8c5e35","height":5.2},"geometry":{"type":"Polygon","coordinates":[[[-73.99631023406982,40.76306428829153],[-73.99619221687317,40.76301553111301],[-73.99614930152893,40.7630764775806],[-73.99626195430756,40.76312523471444],[-73.99631023406982,40.76306428829153]]]}},{"type":"Feature","properties":{"id":"f1b1ff7c-cae0-4431-8722-9aba853da1bd","height":14.9},"geometry":{"type":"Polygon","coordinates":[[[-73.9905059337616,40.761995685263656],[-73.99029672145844,40.76190629563851],[-73.9902538061142,40.76197130628688],[-73.99042546749115,40.76204444319029],[-73.99042010307312,40.762052569507944],[-73.99047911167145,40.762076948454876],[-73.99052202701569,40.76202412739187],[-73.99048984050751,40.76201193790982],[-73.9905059337616,40.761995685263656]]]}},{"type":"Feature","properties":{"id":"a3b5e2a8-a725-49a8-acce-094e958baffb","height":23.6},"geometry":{"type":"Polygon","coordinates":[[[-73.99475455284119,40.76316180254133],[-73.9945936203003,40.76309679305737],[-73.99449169635773,40.76323900122094],[-73.99464726448059,40.763304010565804],[-73.99475455284119,40.76316180254133]]]}},{"type":"Feature","properties":{"id":"25e48e5a-f676-4e7e-a630-bd7dbcadd86a","height":17.3},"geometry":{"type":"Polygon","coordinates":[[[-73.9924156665802,40.76355185810971],[-73.99218499660492,40.76345434443223],[-73.99213671684265,40.76351529049742],[-73.99236738681793,40.763616867148585],[-73.9924156665802,40.76355185810971]]]}},{"type":"Feature","properties":{"id":"22ea8aca-c841-4a70-a254-da7fd5665a4a","height":17.3},"geometry":{"type":"Polygon","coordinates":[[[-73.9903074502945,40.762592967400764],[-73.99036109447479,40.76253202048983],[-73.99028062820435,40.762499515447786],[-73.99020552635193,40.76262140927341],[-73.99018943309784,40.762625472397076],[-73.99017333984375,40.762649851133915],[-73.99018943309784,40.7626579773775],[-73.99016797542572,40.76268641922235],[-73.99016261100769,40.7626823561024],[-73.99013578891754,40.76271892417296],[-73.99011969566345,40.76272298729066],[-73.99008750915527,40.76277174468382],[-73.99016261100769,40.762804249592705],[-73.99022698402405,40.76271079793682],[-73.99021089076996,40.76270267169966],[-73.99023234844208,40.76267422986177],[-73.99024844169617,40.7626823561024],[-73.9903074502945,40.762592967400764]]]}},{"type":"Feature","properties":{"id":"9b576513-8ce9-4f63-ac3d-22a8b2472193","height":16.8},"geometry":{"type":"Polygon","coordinates":[[[-73.9930808544159,40.76228416914287],[-73.99303257465363,40.76234511628107],[-73.99323105812073,40.76242637904511],[-73.99327397346497,40.76236543198141],[-73.9930808544159,40.76228416914287]]]}},{"type":"Feature","properties":{"id":"1b254c4c-7343-4689-b243-71280254b054","height":21.8},"geometry":{"type":"Polygon","coordinates":[[[-73.9905595779419,40.763251190477945],[-73.99064004421234,40.76328775823555],[-73.99080634117126,40.76306022519472],[-73.99072587490082,40.763027720411],[-73.9905595779419,40.763251190477945]]]}},{"type":"Feature","properties":{"id":"b88f2bcf-922d-418e-8383-98eb3f9736ef","height":17.6},"geometry":{"type":"Polygon","coordinates":[[[-73.99320960044861,40.76322681196169],[-73.99334371089935,40.763295884401174],[-73.99339199066162,40.76323493813476],[-73.99324178695679,40.763182117992045],[-73.99323642253876,40.763169928722334],[-73.99312376976013,40.76312117162132],[-73.9930808544159,40.763182117992045],[-73.99319887161255,40.76323087504835],[-73.99320960044861,40.76322681196169]]]}},{"type":"Feature","properties":{"id":"e513acd4-f3cc-4c5a-8469-7e549a74d5bf","height":12.9},"geometry":{"type":"Polygon","coordinates":[[[-73.98968517780304,40.7630724144845],[-73.98950278759003,40.7629952156114],[-73.98943841457367,40.76308866686742],[-73.98961544036865,40.76316586563195],[-73.98968517780304,40.7630724144845]]]}},{"type":"Feature","properties":{"id":"b3f1073f-86bd-4595-b92c-f22ca3c329a9","height":8.2},"geometry":{"type":"Polygon","coordinates":[[[-73.99481892585754,40.76227604285356],[-73.99478673934937,40.76226385341769],[-73.99486184120178,40.76216227469877],[-73.99476528167725,40.76212164316772],[-73.99451315402985,40.762462947256495],[-73.99464726448059,40.76251983110092],[-73.99481892585754,40.76227604285356]]]}},{"type":"Feature","properties":{"id":"200d7e00-142a-4fb7-b14e-37d8add28108","height":15.8},"geometry":{"type":"Polygon","coordinates":[[[-73.99181485176086,40.76234511628107],[-73.99175584316254,40.7623207374325],[-73.99166464805603,40.76244669472061],[-73.99172365665436,40.76247107352299],[-73.99181485176086,40.76234511628107]]]}},{"type":"Feature","properties":{"id":"c70c14bd-b1fa-4fbb-aeaf-cfe01317f046","height":19.7},"geometry":{"type":"Polygon","coordinates":[[[-73.99083852767944,40.7623044848618],[-73.990758061409,40.762271979708515],[-73.99061858654022,40.762462947256495],[-73.99069905281067,40.762495452316415],[-73.99083852767944,40.7623044848618]]]}},{"type":"Feature","properties":{"id":"d0bd418d-e808-491a-8e3a-e0cc7490a24e","height":17.6},"geometry":{"type":"Polygon","coordinates":[[[-73.99027526378632,40.762918016648655],[-73.9902913570404,40.762913953542835],[-73.99032354354858,40.76287332247131],[-73.99024307727814,40.762840817596214],[-73.99018406867981,40.76293020596452],[-73.9902001619339,40.76293426906932],[-73.99010360240936,40.76306835138814],[-73.99016261100769,40.76309272996252],[-73.99022698402405,40.76298708940902],[-73.99022698402405,40.76297083700129],[-73.99027526378632,40.762918016648655]]]}},{"type":"Feature","properties":{"id":"d9925773-2721-49e1-9cb1-2e2b9263d1ae","height":6.1},"geometry":{"type":"Polygon","coordinates":[[[-73.99637997150421,40.76262140927341],[-73.99606347084045,40.762487326052934],[-73.9958918094635,40.76273111352535],[-73.9960527420044,40.76279612336697],[-73.99587571620941,40.7630358466084],[-73.99610638618469,40.763129297807296],[-73.99616003036499,40.76306022519472],[-73.99608492851257,40.763027720411],[-73.99616539478302,40.76292207975416],[-73.99621903896332,40.762942395278145],[-73.99623513221741,40.762918016648655],[-73.9962512254715,40.76292614285947],[-73.99629414081573,40.76286519625404],[-73.99627804756165,40.76286113314501],[-73.9962887763977,40.762853006926235],[-73.99629950523376,40.76285707003575],[-73.99632096290588,40.76283269137494],[-73.9962512254715,40.762804249592705],[-73.99637997150421,40.76262140927341]]]}},{"type":"Feature","properties":{"id":"b3d2bbd1-7a3b-4e3b-9bb0-cb18eba1ab71","height":17.4},"geometry":{"type":"Polygon","coordinates":[[[-73.99254441261292,40.7626579773775],[-73.99248003959656,40.76262953552052],[-73.99238884449005,40.76275142910768],[-73.99245321750641,40.76277987091254],[-73.99254441261292,40.7626579773775]]]}},{"type":"Feature","properties":{"id":"23a99ea0-001e-45f8-b072-e0cb0d770caf","height":16.2},"geometry":{"type":"Polygon","coordinates":[[[-73.99096727371216,40.76197943261346],[-73.99089217185974,40.76194692730118],[-73.9907956123352,40.762076948454876],[-73.99087607860565,40.762109453703545],[-73.99096727371216,40.76197943261346]]]}},{"type":"Feature","properties":{"id":"52c612d2-ac78-40fd-b11a-f125e4f0796d","height":17.5},"geometry":{"type":"Polygon","coordinates":[[[-73.98993194103241,40.76274330287552],[-73.99002850055695,40.76279206025373],[-73.99007141590118,40.76273111352535],[-73.99001777172089,40.76270673481835],[-73.98992657661438,40.76268641922235],[-73.98993194103241,40.7626823561024],[-73.9897871017456,40.76261328302533],[-73.98974418640137,40.76267016674106],[-73.98986756801605,40.76271892417296],[-73.98988902568817,40.76271892417296],[-73.98992657661438,40.76273517664231],[-73.98993194103241,40.76274330287552]]]}},{"type":"Feature","properties":{"id":"dc3ae60e-6a03-4795-8e55-d13cd2e8d87f","height":16.9},"geometry":{"type":"Polygon","coordinates":[[[-73.99107456207275,40.7632552535631],[-73.99099409580231,40.76322274887477],[-73.99087071418762,40.76338933523439],[-73.99095118045807,40.76342183984127],[-73.99107456207275,40.7632552535631]]]}},{"type":"Feature","properties":{"id":"33732ef6-b2d5-43da-97ee-609f4126e5b5","height":17.5},"geometry":{"type":"Polygon","coordinates":[[[-73.99246394634247,40.76348684900731],[-73.99222791194916,40.76338933523439],[-73.99218499660492,40.76345434443223],[-73.9924156665802,40.76355185810971],[-73.99246394634247,40.76348684900731]]]}},{"type":"Feature","properties":{"id":"582ac65a-4005-4a08-9f87-6c810fb66f40","height":2.9},"geometry":{"type":"Polygon","coordinates":[[[-73.98984611034393,40.76286519625404],[-73.9898407459259,40.76286113314501],[-73.9897871017456,40.76293426906932],[-73.98984611034393,40.76295864769284],[-73.9898943901062,40.762889574902886],[-73.98984611034393,40.76286519625404]]]}},{"type":"Feature","properties":{"id":"9a7e3feb-a944-4c70-b87a-5e4b57327687","height":14.7},"geometry":{"type":"Polygon","coordinates":[[[-73.98972809314728,40.762816438929434],[-73.98965835571289,40.76279206025373],[-73.98960471153259,40.76285707003575],[-73.9897871017456,40.76293426906932],[-73.9898407459259,40.76286113314501],[-73.98981392383575,40.762840817596214],[-73.98978173732758,40.762840817596214],[-73.98972809314728,40.762816438929434]]]}},{"type":"Feature","properties":{"id":"54b9e487-6a61-4297-9242-c9abd6127e7d","height":7.4},"geometry":{"type":"Polygon","coordinates":[[[-73.99698078632355,40.76349903821884],[-73.99702370166779,40.76343809213873],[-73.99670720100403,40.76330807364775],[-73.99666428565979,40.76337308292503],[-73.99698078632355,40.76349903821884]]]}},{"type":"Feature","properties":{"id":"7f07e37c-adcb-4ced-aad4-6961bb0b3a69","height":22.9},"geometry":{"type":"Polygon","coordinates":[[[-73.99444878101349,40.76188597979785],[-73.99431467056274,40.762068822140236],[-73.99399816989899,40.76193473780501],[-73.99382650852203,40.76217040100198],[-73.99426102638245,40.76235730570204],[-73.99461507797241,40.76187785345985],[-73.99449169635773,40.761829095410974],[-73.99444878101349,40.76188597979785]]]}},{"type":"Feature","properties":{"id":"e7ab75d6-8d98-4be8-a8d1-cbfa59fb89fc","height":23.1},"geometry":{"type":"Polygon","coordinates":[[[-73.99234592914581,40.76217852730423],[-73.99232983589172,40.762186653605454],[-73.99222791194916,40.76232480057456],[-73.99238884449005,40.762393873951424],[-73.99248003959656,40.76226385341769],[-73.99245858192444,40.76225166397961],[-73.99247467517853,40.76223134824454],[-73.99249613285065,40.76224353768632],[-73.99254441261292,40.762182590454984],[-73.99245858192444,40.762146022089325],[-73.99242103099823,40.762202906204976],[-73.99244248867035,40.762211032503245],[-73.99242639541626,40.76222728509677],[-73.99241030216217,40.76221915880049],[-73.99240493774414,40.762206969354224],[-73.99245321750641,40.762141958936354],[-73.99239420890808,40.76211758001324],[-73.99234592914581,40.76217852730423]]]}},{"type":"Feature","properties":{"id":"50a68b15-8e10-4088-8956-1802d6eca40d","height":16.9},"geometry":{"type":"Polygon","coordinates":[[[-73.99099409580231,40.76322274887477],[-73.99091362953186,40.76319024417057],[-73.99079024791718,40.763356830611684],[-73.99087071418762,40.76338933523439],[-73.99099409580231,40.76322274887477]]]}},{"type":"Feature","properties":{"id":"4d337ece-9200-4f0d-9806-576d530ccd25","height":31.9},"geometry":{"type":"Polygon","coordinates":[[[-73.99937868118286,40.76306835138814],[-73.9988100528717,40.76282862826395],[-73.99859011173248,40.763129297807296],[-73.99907290935516,40.763332452134165],[-73.99921238422394,40.763206496524646],[-73.99937868118286,40.76306835138814]]]}},{"type":"Feature","properties":{"id":"72e5fa94-0c1e-48cf-ae13-a48d87675df2","height":18.1},"geometry":{"type":"Polygon","coordinates":[[[-73.99329543113708,40.76310898234044],[-73.99343490600586,40.763173991812494],[-73.9934778213501,40.763113045434324],[-73.9933329820633,40.76306022519472],[-73.99332761764526,40.7630480359027],[-73.99320960044861,40.76300334181278],[-73.99316668510437,40.76306022519472],[-73.99328470230103,40.76310898234044],[-73.99329543113708,40.76310898234044]]]}},{"type":"Feature","properties":{"id":"6a288079-e4d0-4784-8aec-0fcf30b6bac3","height":17.1},"geometry":{"type":"Polygon","coordinates":[[[-73.98992121219635,40.763169928722334],[-73.98976027965546,40.76310491924636],[-73.98972272872925,40.763157739450435],[-73.98972809314728,40.763169928722334],[-73.98971736431122,40.763182117992045],[-73.98970127105713,40.76319024417057],[-73.98966372013092,40.76323900122094],[-73.98981928825378,40.763304010565804],[-73.98986220359802,40.763251190477945],[-73.98986220359802,40.76324306430686],[-73.98992121219635,40.763169928722334]],[[-73.98978173732758,40.76321055961256],[-73.98979246616364,40.763194307259454],[-73.9898031949997,40.76319024417057],[-73.9898031949997,40.76319837034811],[-73.98979246616364,40.76321462270022],[-73.98978173732758,40.76321868578762],[-73.98978173732758,40.76321055961256]]]}},{"type":"Feature","properties":{"id":"288de984-6706-4c65-9655-ec28cad71e2a","height":18.2},"geometry":{"type":"Polygon","coordinates":[[[-73.99209916591644,40.762109453703545],[-73.99207770824432,40.762101327392884],[-73.99198651313782,40.762223221948744],[-73.99206697940826,40.762255727125904],[-73.99222791194916,40.76203631687167],[-73.9921635389328,40.76200787474863],[-73.99211525917053,40.762068822140236],[-73.99212598800659,40.7620728852977],[-73.99209916591644,40.762109453703545]]]}},{"type":"Feature","properties":{"id":"e22ac27e-f533-46b3-a0a5-51cc157bc03e","height":3.4},"geometry":{"type":"Polygon","coordinates":[[[-73.99779081344604,40.76239793708902],[-73.99767816066742,40.76234917942165],[-73.99763524532318,40.76241012650024],[-73.9977478981018,40.76245888412291],[-73.99779081344604,40.76239793708902]]]}},{"type":"Feature","properties":{"id":"f5ea9f47-9b4d-41b2-a555-97c579c14cb6","height":19.6},"geometry":{"type":"Polygon","coordinates":[[[-73.99483501911163,40.762202906204976],[-73.99478673934937,40.76226385341769],[-73.99510324001312,40.762393873951424],[-73.99514615535736,40.76233292685794],[-73.99483501911163,40.762202906204976]]]}},{"type":"Feature","properties":{"id":"0ba7938d-11dd-4f26-91e2-3957e878f495","height":7.6},"geometry":{"type":"Polygon","coordinates":[[[-73.99421274662018,40.76334057829433],[-73.99413228034973,40.76330807364775],[-73.99396061897278,40.76355185810971],[-73.9940357208252,40.76358436263709],[-73.99421274662018,40.76334057829433]]]}},{"type":"Feature","properties":{"id":"03b7b95b-a2fb-48ec-9f81-7fafc266e649","height":17.2},"geometry":{"type":"Polygon","coordinates":[[[-73.9950442314148,40.762483262920824],[-73.99496376514435,40.762450757854936],[-73.99485111236572,40.76261328302533],[-73.99492621421814,40.762645788011724],[-73.9950442314148,40.762483262920824]]]}},{"type":"Feature","properties":{"id":"d22babae-c212-4f59-88bd-2b871e4bc3c5","height":12.5},"geometry":{"type":"Polygon","coordinates":[[[-73.99713099002838,40.763251190477945],[-73.99683594703674,40.763129297807296],[-73.99670720100403,40.76330807364775],[-73.99701297283173,40.76343402906474],[-73.99713099002838,40.763251190477945]]]}},{"type":"Feature","properties":{"id":"cbd9828b-87c6-420c-b9bc-4931b91dc232","height":18.7},"geometry":{"type":"Polygon","coordinates":[[[-73.99059176445007,40.76238168453722],[-73.99057567119598,40.76238168453722],[-73.99053812026978,40.762434505316065],[-73.99061858654022,40.762467010389884],[-73.99077415466309,40.76224760083309],[-73.99069905281067,40.76221509565198],[-73.99066686630249,40.762255727125904],[-73.99067223072052,40.76226791656322],[-73.9906507730484,40.762292295431166],[-73.9906507730484,40.76230854800485],[-73.99064004421234,40.76232886371636],[-73.99062395095825,40.76233698999923],[-73.99059176445007,40.76238168453722]]]}},{"type":"Feature","properties":{"id":"a81be7c4-5eb0-4de0-9bc9-97c8bf712005","height":16.9},"geometry":{"type":"Polygon","coordinates":[[[-73.9944863319397,40.76309679305737],[-73.99441123008728,40.76306835138814],[-73.99431467056274,40.763206496524646],[-73.99438440799713,40.76323493813476],[-73.9944863319397,40.76309679305737]]]}},{"type":"Feature","properties":{"id":"7f502fc4-2720-4da6-b718-5e0cf6753224","height":17},"geometry":{"type":"Polygon","coordinates":[[[-73.99124085903168,40.76261734614948],[-73.9912086725235,40.762641724889306],[-73.99117112159729,40.7626945454615],[-73.99125695228577,40.76272705040813],[-73.99130523204803,40.76265391425582],[-73.99139642715454,40.762536083618954],[-73.9913159608841,40.762499515447786],[-73.99124085903168,40.76261734614948]]]}},{"type":"Feature","properties":{"id":"71912251-74f9-45bb-94ee-b5b5455d19eb","height":25.8},"geometry":{"type":"Polygon","coordinates":[[[-73.99412155151367,40.762487326052934],[-73.9940357208252,40.762450757854936],[-73.99368166923523,40.76293426906932],[-73.9937835931778,40.762974900103586],[-73.99378895759583,40.76296677389871],[-73.99408400058746,40.76308866686742],[-73.99430930614471,40.76276768156907],[-73.99439513683319,40.762804249592705],[-73.99450778961182,40.76265391425582],[-73.99439513683319,40.76260109365134],[-73.99438977241516,40.76261734614948],[-73.99411082267761,40.762499515447786],[-73.99412155151367,40.762487326052934]]]}},{"type":"Feature","properties":{"id":"9c0bacf6-d352-48c7-b88e-d9ada2bdb416","height":48.5},"geometry":{"type":"Polygon","coordinates":[[[-73.99759769439697,40.762101327392884],[-73.99758696556091,40.76212164316772],[-73.99953961372375,40.762942395278145],[-73.99997413158417,40.76261328302533],[-73.99993121623993,40.76258077802305],[-73.99997413158417,40.76252389423078],[-73.99995803833008,40.7625157679708],[-73.99997413158417,40.762495452316415],[-73.99792492389679,40.76163812604182],[-73.99759232997894,40.762097264237184],[-73.99759769439697,40.762101327392884]]]}},{"type":"Feature","properties":{"id":"63d7d014-8a9f-4282-bf15-38ee18395ffb","height":6.4},"geometry":{"type":"Polygon","coordinates":[[[-73.997243642807,40.7632999474836],[-73.99723827838898,40.763304010565804],[-73.99732947349548,40.76334057829433],[-73.99750113487244,40.76309272996252],[-73.99741530418396,40.7630561620976],[-73.997243642807,40.7632999474836]]]}},{"type":"Feature","properties":{"id":"19acc996-b0bb-4723-8d9c-f33e5f532efc","height":5.7},"geometry":{"type":"Polygon","coordinates":[[[-73.99692177772522,40.76300740491311],[-73.99683594703674,40.763129297807296],[-73.9971524477005,40.76325931664803],[-73.99719536304474,40.76319837034811],[-73.99712026119232,40.76316586563195],[-73.99716317653656,40.76310491924636],[-73.99692177772522,40.76300740491311]]]}},{"type":"Feature","properties":{"id":"f68d7a57-0a22-48a5-b544-8d6cd1b55ecb","height":17.1},"geometry":{"type":"Polygon","coordinates":[[[-73.99223327636719,40.763328389053726],[-73.99217426776886,40.763304010565804],[-73.99204015731812,40.76348684900731],[-73.99208307266235,40.76350716435863],[-73.99218499660492,40.76336901984706],[-73.99220108985901,40.76337714600277],[-73.99223327636719,40.763328389053726]]]}},{"type":"Feature","properties":{"id":"8e8eae70-ecda-40b8-8dc0-b3478b337666","height":4.4},"geometry":{"type":"Polygon","coordinates":[[[-73.9974582195282,40.76345434443223],[-73.99751722812653,40.76347872286502],[-73.99759232997894,40.76337714600277],[-73.99753332138062,40.76334870445348],[-73.9974582195282,40.76345434443223]]]}},{"type":"Feature","properties":{"id":"6c93483d-3116-4fc2-9fc3-563c7ea59684","height":8.4},"geometry":{"type":"Polygon","coordinates":[[[-73.99413228034973,40.76330807364775],[-73.99404644966125,40.76327556898522],[-73.9938747882843,40.76351935356644],[-73.99395525455475,40.763555921176504],[-73.99413228034973,40.76330807364775]]]}},{"type":"Feature","properties":{"id":"100703bc-8266-4acf-a63f-a3ae9979d790","height":17.5},"geometry":{"type":"Polygon","coordinates":[[[-73.98987829685211,40.7628773855796],[-73.98988366127014,40.76288551179539],[-73.98993730545044,40.762909890436816],[-73.98998022079468,40.762848943816465],[-73.98992657661438,40.76282862826395],[-73.98983538150787,40.762808312705204],[-73.98981928825378,40.76278799714024],[-73.98970127105713,40.76273111352535],[-73.98965835571289,40.76279206025373],[-73.98978173732758,40.762840817596214],[-73.98981392383575,40.762840817596214],[-73.98987829685211,40.7628773855796]]]}},{"type":"Feature","properties":{"id":"9ec7d323-571c-4484-9f67-8039f79e93dd","height":17.4},"geometry":{"type":"Polygon","coordinates":[[[-73.9931720495224,40.762076948454876],[-73.99309158325195,40.76204444319029],[-73.99297893047333,40.76219477990574],[-73.99305939674377,40.76222728509677],[-73.99309694766998,40.76217852730423],[-73.99313986301422,40.762198843055444],[-73.99320960044861,40.76210539054833],[-73.99316668510437,40.76208507476855],[-73.9931720495224,40.762076948454876]]]}},{"type":"Feature","properties":{"id":"5a0d2624-cfbb-47c1-91d1-29c3004b06e5","height":15.4},"geometry":{"type":"Polygon","coordinates":[[[-73.99008214473724,40.7628773855796],[-73.99002850055695,40.762853006926235],[-73.98992657661438,40.76298708940902],[-73.98998558521271,40.76301146801319],[-73.99008214473724,40.7628773855796]]]}},{"type":"Feature","properties":{"id":"4647770b-8f41-4da4-a1e8-08df9e3e337d","height":18.2},"geometry":{"type":"Polygon","coordinates":[[[-73.9927589893341,40.76238168453722],[-73.99273753166199,40.76237762139863],[-73.99264633655548,40.762499515447786],[-73.99273753166199,40.762536083618954],[-73.99282336235046,40.76241418963684],[-73.99280726909637,40.762406063363414],[-73.99282336235046,40.76237762139863],[-73.99284482002258,40.7623898108136],[-73.99288773536682,40.76232886371636],[-73.99280190467834,40.762292295431166],[-73.9927589893341,40.76234917942165],[-73.9927750825882,40.76235730570204],[-73.9927589893341,40.76238168453722]]]}},{"type":"Feature","properties":{"id":"0af8b638-dd38-4a67-97ee-a66c2a8451f7","height":8.08804988861084},"geometry":{"type":"Polygon","coordinates":[[[-73.99062395095825,40.762897701117225],[-73.9905595779419,40.76286519625404],[-73.99053275585175,40.76289363801018],[-73.9905971288681,40.76292614285947],[-73.99062395095825,40.762897701117225]]]}},{"type":"Feature","properties":{"id":"56076cd6-b429-4865-a663-9411556e25a9","height":29},"geometry":{"type":"Polygon","coordinates":[[[-73.99447023868561,40.76283269137494],[-73.99447560310364,40.762836754485676],[-73.99445950984955,40.76286113314501],[-73.9945775270462,40.762909890436816],[-73.99458289146423,40.762897701117225],[-73.99466872215271,40.76293426906932],[-73.99465799331665,40.7629464583822],[-73.99477064609528,40.76298708940902],[-73.99489939212799,40.76281237581745],[-73.99481356143951,40.76277174468382],[-73.99478673934937,40.76277987091254],[-73.99467408657074,40.76273111352535],[-73.99467945098877,40.76272298729066],[-73.99462044239044,40.76269860858068],[-73.99461507797241,40.76270673481835],[-73.9945775270462,40.76269860858068],[-73.99455070495605,40.76273111352535],[-73.99453461170197,40.76273517664231],[-73.99451851844788,40.762759555338874],[-73.9945238828659,40.76276768156907],[-73.99451315402985,40.762783934026515],[-73.99449169635773,40.76278799714024],[-73.99446487426758,40.76282862826395],[-73.99447023868561,40.76283269137494]]]}},{"type":"Feature","properties":{"id":"811296ba-b149-4aff-8607-81f4cde1531b","height":17.5},"geometry":{"type":"Polygon","coordinates":[[[-73.99315595626831,40.76329182131846],[-73.99303793907166,40.76324306430686],[-73.99298965930939,40.763304010565804],[-73.9931720495224,40.76337714600277],[-73.9931720495224,40.76338120908022],[-73.99325788021088,40.76341777676626],[-73.99330079555511,40.763352767532695],[-73.99323105812073,40.763324325973],[-73.99321496486664,40.763328389053726],[-73.99315595626831,40.7632999474836],[-73.99315595626831,40.76329182131846]]]}},{"type":"Feature","properties":{"id":"0f56c3b0-69d3-465b-be1f-74e2b1a326e5","height":15.5},"geometry":{"type":"Polygon","coordinates":[[[-73.99315059185028,40.763446218285964],[-73.99321496486664,40.76347872286502],[-73.99325788021088,40.76341777676626],[-73.9931720495224,40.76338120908022],[-73.9931720495224,40.76337714600277],[-73.99298965930939,40.763304010565804],[-73.99294674396515,40.76336495676884],[-73.99305939674377,40.76341371369105],[-73.9930647611618,40.763405587539836],[-73.99314522743225,40.76343809213873],[-73.99315059185028,40.763446218285964]]]}},{"type":"Feature","properties":{"id":"09d325b0-ba6a-4bd8-bdc8-bbeddf374074","height":18.9},"geometry":{"type":"Polygon","coordinates":[[[-73.99105310440063,40.76200787474863],[-73.99097263813019,40.76197130628688],[-73.99086534976959,40.76212570632194],[-73.99094581604004,40.76215821154676],[-73.99105310440063,40.76200787474863]]]}},{"type":"Feature","properties":{"id":"49881dec-e0e1-4bf0-a1e8-3e613b9aa59f","height":17},"geometry":{"type":"Polygon","coordinates":[[[-73.99224400520325,40.763328389053726],[-73.99220645427704,40.76338120908022],[-73.99246394634247,40.76348684900731],[-73.99250149726868,40.76343402906474],[-73.99224400520325,40.763328389053726]]]}},{"type":"Feature","properties":{"id":"656d4ecc-83be-4893-9ccc-37c254725041","height":18},"geometry":{"type":"Polygon","coordinates":[[[-73.99162709712982,40.7630724144845],[-73.99154663085938,40.7630358466084],[-73.99145007133484,40.76316586563195],[-73.99145543575287,40.763173991812494],[-73.99142861366272,40.76321462270022],[-73.99148225784302,40.76323900122094],[-73.9915144443512,40.76319837034811],[-73.99153053760529,40.76319837034811],[-73.99162709712982,40.7630724144845]]]}},{"type":"Feature","properties":{"id":"41f3ac10-b64b-4ce5-92a2-0fe46855c2d8","height":13.4},"geometry":{"type":"Polygon","coordinates":[[[-73.99169683456421,40.762296358574986],[-73.99163782596588,40.762271979708515],[-73.99154663085938,40.76239793708902],[-73.9916056394577,40.76242231590928],[-73.99169683456421,40.762296358574986]]]}},{"type":"Feature","properties":{"id":"527bf474-f670-4736-9aae-21d01052bf18","height":16.7},"geometry":{"type":"Polygon","coordinates":[[[-73.99193823337555,40.763202433436504],[-73.99186313152313,40.763169928722334],[-73.99172365665436,40.763356830611684],[-73.99179875850677,40.76338933523439],[-73.99193823337555,40.763202433436504]]]}},{"type":"Feature","properties":{"id":"688e0319-8cf1-49f3-9c86-a7374ca77ce6","height":20.6},"geometry":{"type":"Polygon","coordinates":[[[-73.99732410907745,40.76301553111301],[-73.99724900722504,40.76298302630747],[-73.99712026119232,40.76316586563195],[-73.99719536304474,40.76319837034811],[-73.99732410907745,40.76301553111301]]]}},{"type":"Feature","properties":{"id":"7a6ae24e-0a3f-4b7f-9be7-d4768fa19d77","height":16.1},"geometry":{"type":"Polygon","coordinates":[[[-73.99517834186554,40.76257671489665],[-73.99509787559509,40.76254420987647],[-73.99500131607056,40.7626782929822],[-73.995081782341,40.762714861055],[-73.99517834186554,40.76257671489665]]]}},{"type":"Feature","properties":{"id":"2b2f2971-f8d8-486b-b395-6b710853d0b0","height":15.9},"geometry":{"type":"Polygon","coordinates":[[[-73.99085462093353,40.763129297807296],[-73.99077951908112,40.76309679305737],[-73.99064004421234,40.76328775823555],[-73.99071514606476,40.76332026289205],[-73.99085462093353,40.763129297807296]]]}},{"type":"Feature","properties":{"id":"4855b2aa-3695-468f-a3f6-2d9001e8f8dd","height":22.2},"geometry":{"type":"Polygon","coordinates":[[[-73.99524807929993,40.762597030526166],[-73.9951890707016,40.76256858864309],[-73.99508714675903,40.76270673481835],[-73.99538218975067,40.7628245651527],[-73.99538218975067,40.76282862826395],[-73.99548411369324,40.76287332247131],[-73.99547874927521,40.7628773855796],[-73.99550020694733,40.762889574902886],[-73.99552702903748,40.762853006926235],[-73.99550020694733,40.76284488070647],[-73.99555921554565,40.76276768156907],[-73.99561285972595,40.76277174468382],[-73.99567723274231,40.76268641922235],[-73.99583280086517,40.76275142910768],[-73.99585962295532,40.762714861055],[-73.99550557136536,40.76256858864309],[-73.9954948425293,40.76258077802305],[-73.99531781673431,40.7625035785789],[-73.99524807929993,40.762597030526166]]]}},{"type":"Feature","properties":{"id":"acc4cc7b-0fb3-4305-843d-bea1741f6459","height":6.4},"geometry":{"type":"Polygon","coordinates":[[[-73.99492084980011,40.76306022519472],[-73.99485111236572,40.763027720411],[-73.99480819702148,40.76308866686742],[-73.99487793445587,40.76312117162132],[-73.99492084980011,40.76306022519472]]]}},{"type":"Feature","properties":{"id":"b797a1bb-43f8-4896-b9c2-8474cd717f15","height":12.2},"geometry":{"type":"Polygon","coordinates":[[[-73.99667501449585,40.762804249592705],[-73.99644434452057,40.76270673481835],[-73.99641215801239,40.76275142910768],[-73.99664282798767,40.762848943816465],[-73.99667501449585,40.762804249592705]]]}},{"type":"Feature","properties":{"id":"a6ef3b7f-63af-4306-8151-a3fc1795c35b","height":10.2},"geometry":{"type":"Polygon","coordinates":[[[-73.99505496025085,40.76288144868761],[-73.99497985839844,40.762848943816465],[-73.99491012096405,40.7629464583822],[-73.9949905872345,40.762978963205654],[-73.99505496025085,40.76288144868761]]]}},{"type":"Feature","properties":{"id":"3845cd0d-da98-468a-95e0-2153441f7c4f","height":13.7},"geometry":{"type":"Polygon","coordinates":[[[-73.99090826511383,40.762202906204976],[-73.99083316326141,40.76217040100198],[-73.990758061409,40.762271979708515],[-73.99083852767944,40.7623044848618],[-73.99090826511383,40.762202906204976]]]}},{"type":"Feature","properties":{"id":"70bc0b95-1632-4b81-8d33-7f4ecb54196c","height":21.3},"geometry":{"type":"Polygon","coordinates":[[[-73.9937835931778,40.76256858864309],[-73.99383187294006,40.762592967400764],[-73.99382650852203,40.76260109365134],[-73.99385333061218,40.76261328302533],[-73.99390161037445,40.76255233613301],[-73.99386942386627,40.76254014674785],[-73.99386405944824,40.76255233613301],[-73.99381577968597,40.76253202048983],[-73.99381577968597,40.7625157679708],[-73.99379432201385,40.76250764170979],[-73.9937835931778,40.76251983110092],[-73.99375140666962,40.7625035785789],[-73.99376213550568,40.762495452316415],[-73.99374067783356,40.762487326052934],[-73.99372458457947,40.762487326052934],[-73.99367094039917,40.762467010389884],[-73.9936763048172,40.76245888412291],[-73.99362802505493,40.76243856845116],[-73.9935851097107,40.762499515447786],[-73.99363875389099,40.76251983110092],[-73.99364411830902,40.76251170484042],[-73.99369239807129,40.76253202048983],[-73.99369776248932,40.76254420987647],[-73.99371922016144,40.76255233613301],[-73.99372458457947,40.76254420987647],[-73.99375677108765,40.76255639926089],[-73.99374604225159,40.762564525515955],[-73.99377822875977,40.76257671489665],[-73.9937835931778,40.76256858864309]]]}},{"type":"Feature","properties":{"id":"548cb717-10b9-4c83-a77c-abac2a2e89b2","height":6},"geometry":{"type":"Polygon","coordinates":[[[-73.99518370628357,40.76242637904511],[-73.99510324001312,40.762393873951424],[-73.99492621421814,40.762641724889306],[-73.99500668048859,40.76267422986177],[-73.99518370628357,40.76242637904511]]]}},{"type":"Feature","properties":{"id":"3323456f-ff1c-46c7-b4cb-55fd64d6d440","height":16.7},"geometry":{"type":"Polygon","coordinates":[[[-73.99498522281647,40.763263379732706],[-73.99491012096405,40.76323087504835],[-73.99478673934937,40.763397461387626],[-73.99486720561981,40.7634299659905],[-73.99498522281647,40.763263379732706]]]}},{"type":"Feature","properties":{"id":"c62c05fe-ddc8-4465-aa42-bf4f32f0862a","height":18},"geometry":{"type":"Polygon","coordinates":[[[-73.98975491523743,40.762101327392884],[-73.98980855941772,40.76202412739187],[-73.98966908454895,40.76196724312322],[-73.98965299129486,40.76197130628688],[-73.989497423172,40.76190629563851],[-73.98944914340973,40.76197130628688],[-73.98975491523743,40.762101327392884]]]}},{"type":"Feature","properties":{"id":"47454d6e-66eb-456b-960f-7757d9cf921a","height":9.8},"geometry":{"type":"Polygon","coordinates":[[[-73.997243642807,40.7632999474836],[-73.99714708328247,40.763263379732706],[-73.99698078632355,40.76349903821884],[-73.99710953235626,40.76355185810971],[-73.99727046489716,40.763316199810845],[-73.99723827838898,40.763304010565804],[-73.997243642807,40.7632999474836]]]}},{"type":"Feature","properties":{"id":"e4f0cd5d-64e4-4397-8eb4-8bbecdd221ed","height":18},"geometry":{"type":"Polygon","coordinates":[[[-73.99496376514435,40.762450757854936],[-73.9948832988739,40.76241825277319],[-73.99476528167725,40.76257671489665],[-73.99485111236572,40.76261328302533],[-73.99496376514435,40.762450757854936]]]}},{"type":"Feature","properties":{"id":"205b8e08-1dcd-4ed6-9991-1c06e12086f7","height":17.7},"geometry":{"type":"Polygon","coordinates":[[[-73.99094581604004,40.76243856845116],[-73.99086534976959,40.762406063363414],[-73.99077951908112,40.76252795736045],[-73.99085998535156,40.762560462388564],[-73.99094581604004,40.76243856845116]]]}},{"type":"Feature","properties":{"id":"aea3b18a-301f-4495-8d48-5eb4e74c25b4","height":17.4},"geometry":{"type":"Polygon","coordinates":[[[-73.99511933326721,40.76209320108123],[-73.99503350257874,40.762211032503245],[-73.99531245231628,40.76232886371636],[-73.99539828300476,40.762206969354224],[-73.99511933326721,40.76209320108123]]]}},{"type":"Feature","properties":{"id":"59eed5c1-6cfa-49ea-b3a1-20bae6f3eab8","height":15.9},"geometry":{"type":"Polygon","coordinates":[[[-73.9921635389328,40.762499515447786],[-73.9921098947525,40.76247513665584],[-73.99202406406403,40.762597030526166],[-73.99207770824432,40.76262140927341],[-73.9921635389328,40.762499515447786]]]}},{"type":"Feature","properties":{"id":"3a91a2b3-8e8e-439c-b496-c81064ef93f8","height":14.6},"geometry":{"type":"Polygon","coordinates":[[[-73.9948832988739,40.76241418963684],[-73.99481892585754,40.76238574767552],[-73.99470627307892,40.76254827300488],[-73.99477064609528,40.76257265177],[-73.9948832988739,40.76241418963684]]]}},{"type":"Feature","properties":{"id":"2cbd2bed-fc3d-457f-9410-1c0ddf3e2e51","height":17.9},"geometry":{"type":"Polygon","coordinates":[[[-73.9900553226471,40.76255639926089],[-73.99008750915527,40.76257265177],[-73.9900928735733,40.76258484114922],[-73.99015724658966,40.76261328302533],[-73.99020552635193,40.76254827300488],[-73.99013578891754,40.76252389423078],[-73.99011969566345,40.76252389423078],[-73.99008750915527,40.76251170484042],[-73.99008214473724,40.76251983110092],[-73.99004995822906,40.76250764170979],[-73.99006068706512,40.76249138918479],[-73.98995876312256,40.76245482098906],[-73.98996412754059,40.762450757854936],[-73.98992121219635,40.762430442180715],[-73.98987829685211,40.76249138918479],[-73.98992121219635,40.76251170484042],[-73.98992657661438,40.76250764170979],[-73.99001777172089,40.76255233613301],[-73.99002850055695,40.762536083618954],[-73.99006068706512,40.76254827300488],[-73.9900553226471,40.76255639926089]]]}},{"type":"Feature","properties":{"id":"134033c3-b9e8-46e8-b6c5-997151a2e29b","height":13.5},"geometry":{"type":"Polygon","coordinates":[[[-73.98976027965546,40.76310491924636],[-73.98968517780304,40.7630724144845],[-73.98961544036865,40.76316586563195],[-73.9896959066391,40.76319837034811],[-73.98976027965546,40.76310491924636]]]}},{"type":"Feature","properties":{"id":"63dd634e-fc08-4c45-83b6-a7ab70323d94","height":18.4},"geometry":{"type":"Polygon","coordinates":[[[-73.99342954158783,40.763425902916],[-73.99334907531738,40.76338933523439],[-73.99330079555511,40.76345434443223],[-73.99330079555511,40.76346653364973],[-73.99322032928467,40.76356811037539],[-73.99330079555511,40.76360061489481],[-73.99335443973541,40.763527479703754],[-73.99334907531738,40.76351529049742],[-73.99336516857147,40.76349497514855],[-73.99337589740753,40.763490912078055],[-73.99342954158783,40.763425902916]]]}},{"type":"Feature","properties":{"id":"bcfee5f4-d917-4f78-a34b-853e41e4e1b3","height":14.9},"geometry":{"type":"Polygon","coordinates":[[[-73.99357974529266,40.762495452316415],[-73.99353682994843,40.76255639926089],[-73.9937835931778,40.7626579773775],[-73.99383187294006,40.762592967400764],[-73.9937835931778,40.76256858864309],[-73.99377822875977,40.76257671489665],[-73.99374604225159,40.762564525515955],[-73.99375677108765,40.76255639926089],[-73.99372458457947,40.76254420987647],[-73.99371922016144,40.76255233613301],[-73.99369776248932,40.76254420987647],[-73.99369239807129,40.76253202048983],[-73.99364411830902,40.76251170484042],[-73.99363875389099,40.76251983110092],[-73.99357974529266,40.762495452316415]]]}},{"type":"Feature","properties":{"id":"4518f29e-69df-4697-8dc5-b6ba03dd6b6d","height":19.5},"geometry":{"type":"Polygon","coordinates":[[[-73.99308621883392,40.762052569507944],[-73.99285018444061,40.76195505363074],[-73.99274826049805,40.762097264237184],[-73.99297893047333,40.76219477990574],[-73.99308621883392,40.762052569507944]]]}},{"type":"Feature","properties":{"id":"46528c08-21e4-4171-a115-b1e9333dab20","height":18.5},"geometry":{"type":"Polygon","coordinates":[[[-73.99567186832428,40.76232480057456],[-73.99559676647186,40.762292295431166],[-73.99545729160309,40.762483262920824],[-73.9955323934555,40.76251170484042],[-73.99567186832428,40.76232480057456]]]}},{"type":"Feature","properties":{"id":"6bd8ac19-9a87-4b0c-a619-8558167b679a","height":20.5},"geometry":{"type":"Polygon","coordinates":[[[-73.99250149726868,40.76227604285356],[-73.99248003959656,40.76226791656322],[-73.99238884449005,40.7623898108136],[-73.99247467517853,40.76242637904511],[-73.99256587028503,40.7623044848618],[-73.99254977703094,40.762296358574986],[-73.99257123470306,40.762271979708515],[-73.99258196353912,40.76228010599834],[-73.99262487888336,40.76221915880049],[-73.99254441261292,40.762182590454984],[-73.99249613285065,40.76224353768632],[-73.99251759052277,40.76225166397961],[-73.99250149726868,40.76227604285356]]]}},{"type":"Feature","properties":{"id":"9589ac54-9ab1-49c3-99cf-ae855603d9f7","height":12.8},"geometry":{"type":"Polygon","coordinates":[[[-73.9914608001709,40.76219477990574],[-73.99136424064636,40.7623207374325],[-73.99142861366272,40.76234917942165],[-73.99151980876923,40.762223221948744],[-73.9914608001709,40.76219477990574]]]}},{"type":"Feature","properties":{"id":"6bddebc1-77b9-4783-861e-98849e26d9fd","height":17},"geometry":{"type":"Polygon","coordinates":[[[-73.99137496948242,40.76257265177],[-73.99136960506439,40.76257265177],[-73.99125158786774,40.76273111352535],[-73.99133205413818,40.76276361845413],[-73.99144470691681,40.76260515677626],[-73.99144470691681,40.762592967400764],[-73.99146616458893,40.762560462388564],[-73.9914071559906,40.76253202048983],[-73.99137496948242,40.76257265177]]]}},{"type":"Feature","properties":{"id":"872db98d-bef6-4d9b-8542-8a2d99a3ebb5","height":9},"geometry":{"type":"Polygon","coordinates":[[[-73.99098336696625,40.76224353768632],[-73.99090826511383,40.762211032503245],[-73.99087607860565,40.76225166397961],[-73.9909565448761,40.76228416914287],[-73.99098336696625,40.76224353768632]]]}},{"type":"Feature","properties":{"id":"557c6249-e18a-4d2d-9ed3-b800d9f5c2d8","height":16.9},"geometry":{"type":"Polygon","coordinates":[[[-73.99051666259766,40.76260109365134],[-73.99044156074524,40.76256858864309],[-73.99037182331085,40.76266610362015],[-73.99037182331085,40.76268641922235],[-73.99032354354858,40.76273923975904],[-73.99031281471252,40.76274330287552],[-73.99028062820435,40.762783934026515],[-73.99036109447479,40.762816438929434],[-73.99038791656494,40.76277580779828],[-73.99038791656494,40.76276361845413],[-73.99040400981903,40.76273923975904],[-73.99040400981903,40.76272705040813],[-73.99042010307312,40.76270267169966],[-73.99043619632721,40.76269860858068],[-73.99051666259766,40.76260109365134]]]}},{"type":"Feature","properties":{"id":"8bc0d9cd-2f62-46d9-ae0e-14131c2c285d","height":18.9},"geometry":{"type":"Polygon","coordinates":[[[-73.99112820625305,40.76204850634926],[-73.9910477399826,40.762016001070776],[-73.9909565448761,40.7621378957831],[-73.99103701114655,40.76217040100198],[-73.99112820625305,40.76204850634926]]]}},{"type":"Feature","properties":{"id":"a84e5edc-8b51-4727-a24c-a8f0fd3783f1","height":12.4},"geometry":{"type":"Polygon","coordinates":[[[-73.99664282798767,40.762848943816465],[-73.99641215801239,40.76275142910768],[-73.99637997150421,40.76280018647995],[-73.99660527706146,40.76289363801018],[-73.99664282798767,40.762848943816465]]]}},{"type":"Feature","properties":{"id":"4795aba3-44dc-4c91-8a02-b8feeb3a642d","height":5.7},"geometry":{"type":"Polygon","coordinates":[[[-73.99722218513489,40.7635437319754],[-73.9971524477005,40.76351529049742],[-73.99712562561035,40.763559984243074],[-73.99718999862671,40.76358436263709],[-73.99722218513489,40.7635437319754]]]}},{"type":"Feature","properties":{"id":"fc0c55c0-282a-43c8-9643-713334d7fb45","height":16.8},"geometry":{"type":"Polygon","coordinates":[[[-73.99353682994843,40.76255639926089],[-73.99345099925995,40.76267422986177],[-73.99364411830902,40.762759555338874],[-73.9937299489975,40.762637661766604],[-73.99353682994843,40.76255639926089]]]}},{"type":"Feature","properties":{"id":"dbacf554-c112-4610-b1ea-db76ce85c03f","height":13.7},"geometry":{"type":"Polygon","coordinates":[[[-73.98961544036865,40.76316586563195],[-73.98943841457367,40.76308866686742],[-73.98937404155731,40.7631780549024],[-73.98963153362274,40.76328775823555],[-73.9896959066391,40.76319837034811],[-73.98961544036865,40.76316586563195]]]}},{"type":"Feature","properties":{"id":"c5005ca2-757f-4e99-b38a-411f2d6239f0","height":23.4},"geometry":{"type":"Polygon","coordinates":[[[-73.99199724197388,40.76241418963684],[-73.9918202161789,40.76233698999923],[-73.99172365665436,40.76247107352299],[-73.99190068244934,40.76254420987647],[-73.99199724197388,40.76241418963684]]]}},{"type":"Feature","properties":{"id":"b843113b-58f3-4aa6-ac41-3964f7e7a3cc","height":15.1},"geometry":{"type":"Polygon","coordinates":[[[-73.99151980876923,40.762223221948744],[-73.99142861366272,40.76234917942165],[-73.99148762226105,40.76237355825978],[-73.99157881736755,40.76224760083309],[-73.99151980876923,40.762223221948744]]]}},{"type":"Feature","properties":{"id":"f5f61867-3057-40df-9a78-cef7bc68f0eb","height":17.1},"geometry":{"type":"Polygon","coordinates":[[[-73.99336516857147,40.76224760083309],[-73.99316668510437,40.76216227469877],[-73.99312376976013,40.762223221948744],[-73.99332225322723,40.76230854800485],[-73.99336516857147,40.76224760083309]]]}},{"type":"Feature","properties":{"id":"46827948-74b4-4146-9b85-8384ac4e6d33","height":17.9},"geometry":{"type":"Polygon","coordinates":[[[-73.99145543575287,40.76260515677626],[-73.99144470691681,40.76260515677626],[-73.99133205413818,40.76276361845413],[-73.9914071559906,40.76279612336697],[-73.99152517318726,40.762637661766604],[-73.99151980876923,40.76262953552052],[-73.99154663085938,40.762588904275106],[-73.99148762226105,40.762564525515955],[-73.99145543575287,40.76260515677626]]]}},{"type":"Feature","properties":{"id":"99c36f2d-7d7a-4af8-ba65-d9bf67a24fd2","height":15},"geometry":{"type":"Polygon","coordinates":[[[-73.99551630020142,40.76225979027191],[-73.99539828300476,40.762206969354224],[-73.9952427148819,40.76242637904511],[-73.99536073207855,40.76247513665584],[-73.99551630020142,40.76225979027191]]]}},{"type":"Feature","properties":{"id":"fdd08aaa-5843-4175-baaf-d1b5a825acfa","height":16.9},"geometry":{"type":"Polygon","coordinates":[[[-73.99040400981903,40.76277174468382],[-73.99038791656494,40.76277580779828],[-73.99036109447479,40.762816438929434],[-73.99043619632721,40.762853006926235],[-73.99046838283539,40.762808312705204],[-73.99046838283539,40.76279612336697],[-73.99048447608948,40.76277174468382],[-73.99048447608948,40.762759555338874],[-73.99050056934357,40.76273517664231],[-73.99051666259766,40.76273111352535],[-73.99054884910583,40.76268641922235],[-73.99056494235992,40.7626823561024],[-73.9905971288681,40.762633598643674],[-73.99051666259766,40.76260109365134],[-73.9904522895813,40.76270267169966],[-73.9904522895813,40.76271892417296],[-73.99040400981903,40.76277174468382]]]}},{"type":"Feature","properties":{"id":"a31b6198-b201-4950-8bed-21e809b6f4eb","height":17.2},"geometry":{"type":"Polygon","coordinates":[[[-73.99491012096405,40.76323087504835],[-73.9948296546936,40.76319837034811],[-73.99470627307892,40.76337308292503],[-73.99478673934937,40.763405587539836],[-73.99491012096405,40.76323087504835]]]}},{"type":"Feature","properties":{"id":"e41cd7a9-1ecb-4440-af12-cd1fa804cd7c","height":16.7},"geometry":{"type":"Polygon","coordinates":[[[-73.99130523204803,40.76293426906932],[-73.99091362953186,40.76276768156907],[-73.99082243442535,40.762889574902886],[-73.99098336696625,40.76295864769284],[-73.99097263813019,40.76297083700129],[-73.99098873138428,40.762978963205654],[-73.99096190929413,40.76301553111301],[-73.9910101890564,40.7630358466084],[-73.99103164672852,40.76301146801319],[-73.99103164672852,40.762999278712215],[-73.99106919765472,40.76301146801319],[-73.99103701114655,40.76305209900028],[-73.99109065532684,40.7630724144845],[-73.99111747741699,40.76303178350983],[-73.99114429950714,40.76304397280484],[-73.99111211299896,40.76308460377206],[-73.99116575717926,40.76310491924636],[-73.99119257926941,40.76306428829153],[-73.9912086725235,40.7630724144845],[-73.99130523204803,40.76293426906932]]]}},{"type":"Feature","properties":{"id":"487362e0-557a-447d-b9bf-baa0d24f69a1","height":18.5},"geometry":{"type":"Polygon","coordinates":[[[-73.99090826511383,40.76319837034811],[-73.99082779884338,40.76316586563195],[-73.99071514606476,40.76332026289205],[-73.9907956123352,40.763352767532695],[-73.99090826511383,40.76319837034811]]]}},{"type":"Feature","properties":{"id":"a0c09bc9-e04e-4f8b-845f-ce529aa0b36b","height":39.8},"geometry":{"type":"Polygon","coordinates":[[[-73.99879395961761,40.76321868578762],[-73.99859011173248,40.763129297807296],[-73.99846136569977,40.76331213672944],[-73.99890661239624,40.76349903821884],[-73.99907290935516,40.763332452134165],[-73.99879395961761,40.76321868578762]]]}},{"type":"Feature","properties":{"id":"42bbedd8-590d-4911-b673-40471770ef55","height":11.1},"geometry":{"type":"Polygon","coordinates":[[[-73.99741530418396,40.7630561620976],[-73.99732410907745,40.76301959421258],[-73.997243642807,40.763129297807296],[-73.99733483791351,40.76316586563195],[-73.99741530418396,40.7630561620976]]]}},{"type":"Feature","properties":{"id":"d1060884-a006-4ea7-bed9-606ae6656826","height":15.6},"geometry":{"type":"Polygon","coordinates":[[[-73.99205088615417,40.762450757854936],[-73.99198651313782,40.76242637904511],[-73.99190068244934,40.76254420987647],[-73.99195969104767,40.76257265177],[-73.99205088615417,40.762450757854936]]]}},{"type":"Feature","properties":{"id":"a59c27a0-f1c1-4282-a202-c682cf168952","height":28.7},"geometry":{"type":"Polygon","coordinates":[[[-73.99393379688263,40.76241012650024],[-73.99371922016144,40.76231667429022],[-73.99362802505493,40.76243856845116],[-73.99385869503021,40.76253202048983],[-73.99390161037445,40.76247919978846],[-73.99389088153839,40.76247107352299],[-73.99393379688263,40.76241012650024]]]}},{"type":"Feature","properties":{"id":"fe77c2b3-d33e-46b1-bb14-d16ea90112a6","height":18.5},"geometry":{"type":"Polygon","coordinates":[[[-73.99325251579285,40.76316586563195],[-73.9933168888092,40.763194307259454],[-73.9933168888092,40.763206496524646],[-73.99339199066162,40.76323493813476],[-73.99343490600586,40.763173991812494],[-73.99328470230103,40.76312117162132],[-73.99328470230103,40.76310898234044],[-73.99316668510437,40.76306022519472],[-73.99312376976013,40.76312117162132],[-73.99323642253876,40.763169928722334],[-73.99325251579285,40.76316586563195]]]}},{"type":"Feature","properties":{"id":"dba75120-b9b1-44e6-ac27-0ed91217675d","height":17.8},"geometry":{"type":"Polygon","coordinates":[[[-73.99457216262817,40.76313336089993],[-73.9944863319397,40.76309679305737],[-73.99438440799713,40.76323493813476],[-73.99447023868561,40.763271505901315],[-73.99457216262817,40.76313336089993]]]}},{"type":"Feature","properties":{"id":"f7646e60-c49f-44ec-8464-037706ca1f7b","height":16.1},"geometry":{"type":"Polygon","coordinates":[[[-73.99222254753113,40.76252389423078],[-73.9921635389328,40.762499515447786],[-73.99207770824432,40.76262140927341],[-73.99213671684265,40.762645788011724],[-73.99222254753113,40.76252389423078]]]}},{"type":"Feature","properties":{"id":"1cc4f061-9e56-4997-add0-6fe6f9643ee6","height":17.8},"geometry":{"type":"Polygon","coordinates":[[[-73.99001777172089,40.76286519625404],[-73.99002850055695,40.762853006926235],[-73.99008214473724,40.7628773855796],[-73.99014115333557,40.762913953542835],[-73.99018406867981,40.76285707003575],[-73.98996949195862,40.76276768156907],[-73.98995339870453,40.76276768156907],[-73.98992657661438,40.76275549222342],[-73.98990511894226,40.762759555338874],[-73.98987293243408,40.76274330287552],[-73.98986220359802,40.76273111352535],[-73.98974418640137,40.76267016674106],[-73.98970127105713,40.76273111352535],[-73.98982465267181,40.76277987091254],[-73.98985683917999,40.762783934026515],[-73.98992121219635,40.762820502041194],[-73.98992657661438,40.76282862826395],[-73.99001777172089,40.76286519625404]]]}},{"type":"Feature","properties":{"id":"e6251b7f-5b7c-4b32-b408-12711bf17089","height":18},"geometry":{"type":"Polygon","coordinates":[[[-73.99157345294952,40.76342183984127],[-73.9914983510971,40.76338933523439],[-73.99134814739227,40.76359248876645],[-73.99142861366272,40.763624993273964],[-73.99157345294952,40.76342183984127]]]}},{"type":"Feature","properties":{"id":"8e9436aa-e4d3-488b-a113-29a60142b4e8","height":8.6},"geometry":{"type":"Polygon","coordinates":[[[-73.99514615535736,40.76233292685794],[-73.99510324001312,40.762393873951424],[-73.99522662162781,40.76244669472061],[-73.99528563022614,40.76236543198141],[-73.99516224861145,40.76231667429022],[-73.99514615535736,40.76233292685794]]]}},{"type":"Feature","properties":{"id":"eb1bb2fb-88d9-476f-8ea2-fa0de7f175b0","height":17.7},"geometry":{"type":"Polygon","coordinates":[[[-73.99021625518799,40.76275142910768],[-73.9902001619339,40.76275549222342],[-73.99016261100769,40.762804249592705],[-73.99024307727814,40.762836754485676],[-73.99030208587646,40.76274330287552],[-73.9902913570404,40.76273923975904],[-73.99031281471252,40.76270673481835],[-73.99032354354858,40.762714861055],[-73.99044156074524,40.76256858864309],[-73.99036109447479,40.76253202048983],[-73.99025917053223,40.76268641922235],[-73.99026989936829,40.76269048234204],[-73.99024844169617,40.76272298729066],[-73.99023771286011,40.762714861055],[-73.99021625518799,40.76275142910768]]]}},{"type":"Feature","properties":{"id":"360acdd3-a295-4a5e-97ef-6c2096ba7321","height":19},"geometry":{"type":"Polygon","coordinates":[[[-73.99559676647186,40.762292295431166],[-73.99551630020142,40.76225979027191],[-73.99537682533264,40.762450757854936],[-73.99545729160309,40.762483262920824],[-73.99559676647186,40.762292295431166]]]}},{"type":"Feature","properties":{"id":"cecf2088-0275-4da2-88d8-117a53a0815c","height":14.9},"geometry":{"type":"Polygon","coordinates":[[[-73.9912086725235,40.762081011611855],[-73.99112820625305,40.76204850634926],[-73.99105846881866,40.762141958936354],[-73.99110674858093,40.76216227469877],[-73.99108529090881,40.76219477990574],[-73.99111747741699,40.762206969354224],[-73.9912086725235,40.762081011611855]]]}},{"type":"Feature","properties":{"id":"90e5cee4-6c79-4fdb-84c5-02dbda9e92fc","height":17.5},"geometry":{"type":"Polygon","coordinates":[[[-73.99773180484772,40.76247919978846],[-73.9977478981018,40.76245888412291],[-73.99743139743805,40.76232480057456],[-73.9972972869873,40.762499515447786],[-73.99759232997894,40.762625472397076],[-73.997603058815,40.76261328302533],[-73.99762451648712,40.76262140927341],[-73.99773180484772,40.76247919978846]]]}},{"type":"Feature","properties":{"id":"24a755fd-9864-419a-8ecb-3292885c057a","height":4},"geometry":{"type":"Polygon","coordinates":[[[-73.9909565448761,40.76228416914287],[-73.99087607860565,40.76225166397961],[-73.99082779884338,40.7623207374325],[-73.9909029006958,40.76235324256194],[-73.9909565448761,40.76228416914287]]]}},{"type":"Feature","properties":{"id":"24d46b7f-6045-430c-b0d5-af9abe14ae0f","height":11.2},"geometry":{"type":"Polygon","coordinates":[[[-73.98962616920471,40.76329182131846],[-73.9895886182785,40.76334870445348],[-73.98971736431122,40.76340152446386],[-73.98971736431122,40.763397461387626],[-73.98974418640137,40.76340965061556],[-73.9897871017456,40.763356830611684],[-73.98962616920471,40.76329182131846]]]}},{"type":"Feature","properties":{"id":"56ad2ab9-c145-45b9-85a0-d5c3ea501246","height":17.5},"geometry":{"type":"Polygon","coordinates":[[[-73.98997485637665,40.76268641922235],[-73.99007141590118,40.76273111352535],[-73.99011433124542,40.76267016674106],[-73.99006068706512,40.762649851133915],[-73.98996949195862,40.76262953552052],[-73.9899480342865,40.762609219900924],[-73.98983001708984,40.76255233613301],[-73.9897871017456,40.76261328302533],[-73.98991584777832,40.7626579773775],[-73.98993194103241,40.7626579773775],[-73.98997485637665,40.76267422986177],[-73.98997485637665,40.76268641922235]]]}},{"type":"Feature","properties":{"id":"205636b9-3456-4a52-9461-a607c44107e8","height":16.5},"geometry":{"type":"Polygon","coordinates":[[[-73.99433076381683,40.76303178350983],[-73.99425029754639,40.762999278712215],[-73.99415373802185,40.763137423992305],[-73.99422883987427,40.763169928722334],[-73.99433076381683,40.76303178350983]]]}},{"type":"Feature","properties":{"id":"ace70919-b1c3-428f-9321-2b820fa61cbb","height":17.7},"geometry":{"type":"Polygon","coordinates":[[[-73.98954033851624,40.762271979708515],[-73.98942232131958,40.762223221948744],[-73.98938477039337,40.76228010599834],[-73.98956716060638,40.76235730570204],[-73.98961007595062,40.76230042171852],[-73.98954033851624,40.762271979708515]]]}},{"type":"Feature","properties":{"id":"04a1eb98-974e-45ea-a32a-b134f51d9bbc","height":23.6},"geometry":{"type":"Polygon","coordinates":[[[-73.99285018444061,40.76195505363074],[-73.99276971817017,40.76192254830656],[-73.99259805679321,40.76216227469877],[-73.99267315864563,40.76219477990574],[-73.99285018444061,40.76195505363074]]]}},{"type":"Feature","properties":{"id":"81855e5c-8ee3-46eb-b546-1d36302c61a5","height":4.3},"geometry":{"type":"Polygon","coordinates":[[[-73.997603058815,40.76231667429022],[-73.99747431278229,40.76226385341769],[-73.99743139743805,40.76232480057456],[-73.99755477905273,40.76237762139863],[-73.997603058815,40.76231667429022]]]}},{"type":"Feature","properties":{"id":"180da056-6f42-46e6-8024-d4271aa43084","height":9.5},"geometry":{"type":"Polygon","coordinates":[[[-73.98993730545044,40.762909890436816],[-73.9898943901062,40.762889574902886],[-73.98984611034393,40.76295458458955],[-73.98992657661438,40.76298708940902],[-73.98997485637665,40.76292614285947],[-73.98993730545044,40.762909890436816]]]}},{"type":"Feature","properties":{"id":"b4e6aa87-8f04-44c2-aa26-9553ddb5f192","height":16.7},"geometry":{"type":"Polygon","coordinates":[[[-73.99209916591644,40.763271505901315],[-73.99201333522797,40.76323493813476],[-73.99190068244934,40.76339339831114],[-73.99198114871979,40.763425902916],[-73.99209916591644,40.763271505901315]]]}},{"type":"Feature","properties":{"id":"44b7eb94-ddc7-4e48-8496-c5e92965ece0","height":16.2},"geometry":{"type":"Polygon","coordinates":[[[-73.99309694766998,40.76343809213873],[-73.99309158325195,40.763425902916],[-73.99294674396515,40.76336495676884],[-73.99290382862091,40.763425902916],[-73.99320960044861,40.763555921176504],[-73.99325251579285,40.76349497514855],[-73.99309694766998,40.76343809213873]]]}},{"type":"Feature","properties":{"id":"384618d6-5afe-46c3-9f34-dc5554a26b0c","height":17.5},"geometry":{"type":"Polygon","coordinates":[[[-73.99031817913055,40.76234105314029],[-73.99038255214691,40.76236543198141],[-73.9904522895813,40.76226385341769],[-73.99038791656494,40.762239474539314],[-73.99031817913055,40.76234105314029]]]}},{"type":"Feature","properties":{"id":"216b4f6b-b4a0-4bc3-8c14-3a5b71727b83","height":4.5},"geometry":{"type":"Polygon","coordinates":[[[-73.99503350257874,40.762211032503245],[-73.99487793445587,40.762146022089325],[-73.99483501911163,40.762202906204976],[-73.99503350257874,40.76228416914287],[-73.99507105350494,40.76222728509677],[-73.99503350257874,40.762211032503245]]]}},{"type":"Feature","properties":{"id":"0946ff37-aa51-47a2-8e54-e6d0348e25d9","height":13.9},"geometry":{"type":"Polygon","coordinates":[[[-73.99248003959656,40.76262953552052],[-73.9924156665802,40.76260109365134],[-73.9923244714737,40.76272705040813],[-73.99238884449005,40.76275142910768],[-73.99248003959656,40.76262953552052]]]}},{"type":"Feature","properties":{"id":"9b56a5b7-75fe-4579-afac-f582f3090e93","height":17.4},"geometry":{"type":"Polygon","coordinates":[[[-73.99355292320251,40.76288551179539],[-73.99360120296478,40.762820502041194],[-73.99340808391571,40.76273923975904],[-73.99335980415344,40.762804249592705],[-73.99355292320251,40.76288551179539]]]}},{"type":"Feature","properties":{"id":"465624a5-af8a-4789-9356-bab5d2bbc36c","height":16.5},"geometry":{"type":"Polygon","coordinates":[[[-73.992919921875,40.762536083618954],[-73.99278044700623,40.76247513665584],[-73.99272680282593,40.76254420987647],[-73.99287700653076,40.76260515677626],[-73.99288237094879,40.762597030526166],[-73.99305403232574,40.76267016674106],[-73.99309694766998,40.76260515677626],[-73.992919921875,40.762536083618954]]]}},{"type":"Feature","properties":{"id":"cfc99745-5bea-4849-80b6-4ad02b2174d1","height":17.6},"geometry":{"type":"Polygon","coordinates":[[[-73.99092435836792,40.762487326052934],[-73.99091362953186,40.762483262920824],[-73.99085998535156,40.762560462388564],[-73.99094045162201,40.762597030526166],[-73.99107992649078,40.76240200022633],[-73.99099946022034,40.76236949512074],[-73.99092435836792,40.762487326052934]]]}},{"type":"Feature","properties":{"id":"5845d3b1-e98e-46e8-9923-8680c6af56c3","height":14.2},"geometry":{"type":"Polygon","coordinates":[[[-73.99146616458893,40.76300334181278],[-73.99138569831848,40.76296677389871],[-73.99128913879395,40.76309679305737],[-73.99136960506439,40.763129297807296],[-73.99146616458893,40.76300334181278]]]}},{"type":"Feature","properties":{"id":"5f9acfc9-da73-4dee-ad2f-6dfe08284747","height":10.5},"geometry":{"type":"Polygon","coordinates":[[[-73.99154126644135,40.763328389053726],[-73.99145543575287,40.763295884401174],[-73.99139106273651,40.76338527215745],[-73.99147152900696,40.76342183984127],[-73.99154126644135,40.763328389053726]]]}},{"type":"Feature","properties":{"id":"2b51a3b6-bdc1-4f92-949d-4943e21daaf7","height":21},"geometry":{"type":"Polygon","coordinates":[[[-73.99237811565399,40.762101327392884],[-73.9923083782196,40.7620728852977],[-73.99214744567871,40.762292295431166],[-73.99222791194916,40.76232480057456],[-73.99231374263763,40.762202906204976],[-73.99229764938354,40.76219477990574],[-73.9923244714737,40.76215821154676],[-73.99233520030975,40.76216227469877],[-73.99237811565399,40.762101327392884]]]}},{"type":"Feature","properties":{"id":"bb79f2ed-7804-4709-851b-b7aa80f597d1","height":16.8},"geometry":{"type":"Polygon","coordinates":[[[-73.99060249328613,40.762783934026515],[-73.99059176445007,40.76278799714024],[-73.9905595779419,40.76282862826395],[-73.99056494235992,40.762836754485676],[-73.99054884910583,40.76286113314501],[-73.99060785770416,40.76288551179539],[-73.99062395095825,40.76286113314501],[-73.99064004421234,40.76285707003575],[-73.99067223072052,40.762816438929434],[-73.99066686630249,40.762808312705204],[-73.99075269699097,40.76269860858068],[-73.99067759513855,40.76267016674106],[-73.99060249328613,40.762783934026515]]]}},{"type":"Feature","properties":{"id":"5013db43-5a72-4107-91dc-fcc054a9ced3","height":17.1},"geometry":{"type":"Polygon","coordinates":[[[-73.99332225322723,40.76230854800485],[-73.99312376976013,40.762223221948744],[-73.9930808544159,40.76228416914287],[-73.99327397346497,40.76236543198141],[-73.99332225322723,40.76230854800485]]]}}]}