{"type":"FeatureCollection","features":[{"type":"Feature","properties":{"id":"63353836-6666-3262-B038-353937626138","building_id":"1eb40075-bb8c-4707-b968-b3ed07164882","height":52,"min_height":0},"geometry":{"type":"Polygon","coordinates":[[[-74.00380432605743,40.7499107429247],[-74.00387406349182,40.749939190223614],[-74.00401890277863,40.74974005887552],[-74.00362193584442,40.7495693743883],[-74.00346636772156,40.74978476188315],[-74.00353610515594,40.74981320923595],[-74.00355219841003,40.749788825791455],[-74.0038150548935,40.74990261512275],[-74.00380432605743,40.7499107429247]]]}},{"type":"Feature","properties":{"id":"66656134-6332-3361-B731-616634626230","building_id":"7d87bc36-9b1a-4c79-95ce-d87dc30c307b","height":78,"min_height":0},"geometry":{"type":"Polygon","coordinates":[[[-74.00645971298218,40.74917923677225],[-74.00634706020355,40.74934179439043],[-74.00642216205597,40.74937430586638],[-74.0065723657608,40.74916298098856],[-74.00649189949036,40.749130469409295],[-74.00645971298218,40.74917923677225]]]}},{"type":"Feature","properties":{"id":"38373030-3566-3862-B865-396235376335","building_id":"e6dc0b48-2e85-448e-9884-6a66839acd0d","height":25.7,"min_height":0},"geometry":{"type":"Polygon","coordinates":[[[-74.00539755821228,40.7489801031484],[-74.00602519512177,40.7492442598672],[-74.00605201721191,40.74921174832767],[-74.00542438030243,40.74894352752],[-74.00539755821228,40.7489801031484]]]}},{"type":"Feature","properties":{"id":"36313438-3264-3966-A332-613336663561","building_id":"9d3ddc43-b5b3-4fbf-bc13-73af8febe9bb","height":27,"min_height":0},"geometry":{"type":"Polygon","coordinates":[[[-74.00354146957397,40.75167445244452],[-74.00416910648346,40.7519385984599],[-74.00419592857361,40.751902024458815],[-74.00406181812286,40.751845131528256],[-74.00405645370483,40.75185325909274],[-74.00398135185242,40.751820748828834],[-74.00399208068848,40.75181262126037],[-74.0037989616394,40.75173134552111],[-74.00378823280334,40.75174353688834],[-74.00371849536896,40.7517110265708],[-74.00372385978699,40.751702898988924],[-74.00356829166412,40.75163787829817],[-74.00354146957397,40.75167445244452]]]}},{"type":"Feature","properties":{"id":"39363632-3466-3862-A163-393433636363","building_id":"fc899e62-22fa-4b9c-ac1c-caa4ed37e281","height":69,"min_height":0},"geometry":{"type":"Polygon","coordinates":[[[-74.00498449802399,40.75005297929761],[-74.0050220489502,40.75000421257545],[-74.00501668453217,40.75000014868033],[-74.00498449802399,40.75005297929761]]]}},{"type":"Feature","properties":{"id":"36356539-3832-3361-A531-303131663636","building_id":"412ecd43-b44a-4c82-98fa-cd54b68810fa","height":46,"min_height":41},"geometry":{"type":"Polygon","coordinates":[[[-74.00434076786041,40.74997982920095],[-74.00434613227844,40.749967637510366],[-74.00433540344238,40.74995138191943],[-74.0043193101883,40.74994731802107],[-74.00429785251617,40.74995138191943],[-74.00429248809814,40.74996357361297],[-74.0043032169342,40.74998389309732],[-74.0043193101883,40.74998795699344],[-74.00434076786041,40.74997982920095]]]}},{"type":"Feature","properties":{"id":"66363237-6330-3230-A565-353632616265","building_id":"e6dc0b48-2e85-448e-9884-6a66839acd0d","height":31.4,"min_height":28.6},"geometry":{"type":"Polygon","coordinates":[[[-74.00559067726135,40.749061382250545],[-74.00582671165466,40.74916298098856],[-74.00585353374481,40.74912640546077],[-74.0056174993515,40.74902480666688],[-74.00559067726135,40.749061382250545]]]}},{"type":"Feature","properties":{"id":"32326630-3063-3333-B637-646332306463","building_id":"fc899e62-22fa-4b9c-ac1c-caa4ed37e281","height":12,"min_height":0},"geometry":{"type":"Polygon","coordinates":[[[-74.00497376918793,40.74980101751481],[-74.00495767593384,40.749825400954876],[-74.00509715080261,40.749894487319835],[-74.00510787963867,40.7498863595159],[-74.00512397289276,40.74986604000176],[-74.00497376918793,40.74980101751481]]]}},{"type":"Feature","properties":{"id":"62306130-6263-3634-B264-613530396130","building_id":"6c4dea73-9093-40e1-a6f6-566a6e9a9fdd","height":40,"min_height":0},"geometry":{"type":"Polygon","coordinates":[[[-74.00367558002472,40.74956531046658],[-74.00368094444275,40.74954499085433],[-74.0036541223526,40.74954092693113],[-74.00364875793457,40.749553118699964],[-74.0036541223526,40.74956531046658],[-74.00367558002472,40.74956531046658]]]}},{"type":"Feature","properties":{"id":"35336139-3638-3036-B330-383535346131","building_id":"62a07cb3-80df-4583-93f2-718850233566","height":123,"min_height":0},"geometry":{"type":"Polygon","coordinates":[[[-74.00447487831116,40.75303987284687],[-74.00483965873718,40.7531902299273],[-74.00494694709778,40.753043936556224],[-74.00439441204071,40.75281636845031],[-74.00436758995056,40.7528570056692],[-74.00454998016357,40.752934216316675],[-74.00447487831116,40.75303987284687]]]}},{"type":"Feature","properties":{"id":"33333962-6665-3161-B838-346534353234","building_id":"6c4dea73-9093-40e1-a6f6-566a6e9a9fdd","height":35,"min_height":0},"geometry":{"type":"Polygon","coordinates":[[[-74.00375604629517,40.7493905615984],[-74.00401890277863,40.74949622375962],[-74.00391161441803,40.74964252493646],[-74.00396525859833,40.749662844518895],[-74.00412619113922,40.749447456629156],[-74.00380969047546,40.74931334683595],[-74.00375604629517,40.7493905615984]]]}},{"type":"Feature","properties":{"id":"62353634-6664-3637-A635-613237616538","building_id":"9d3ddc43-b5b3-4fbf-bc13-73af8febe9bb","height":40,"min_height":0},"geometry":{"type":"Polygon","coordinates":[[[-74.00416910648346,40.75250752477501],[-74.0042495727539,40.75239780365027],[-74.0042495727539,40.7519711086662],[-74.00267243385315,40.75130464626008],[-74.00258123874664,40.75142656061408],[-74.00311768054962,40.75165413347679],[-74.00311231613159,40.75166226106464],[-74.00341808795929,40.75179230233488],[-74.00336980819702,40.75185732287463],[-74.00402963161469,40.75213365945922],[-74.0038526058197,40.75236935740318],[-74.00416910648346,40.75250752477501]]]}},{"type":"Feature","properties":{"id":"39653363-3764-3838-B234-393731383635","building_id":"f0c2196e-6ddb-4d95-9755-1503971734ba","height":50,"min_height":47.2},"geometry":{"type":"Polygon","coordinates":[[[-74.00575160980225,40.749849784386015],[-74.00578916072845,40.749796953607245],[-74.0057784318924,40.74979288969945],[-74.00579988956451,40.749760378428164],[-74.00576770305634,40.74974818669733],[-74.00570869445801,40.74982946486068],[-74.00575160980225,40.749849784386015]]]}},{"type":"Feature","properties":{"id":"34633061-6562-3566-A161-333034343965","building_id":"e6dc0b48-2e85-448e-9884-6a66839acd0d","height":41,"min_height":34.3},"geometry":{"type":"Polygon","coordinates":[[[-74.00569796562195,40.74902480666688],[-74.00575160980225,40.748951655439186],[-74.00570333003998,40.748931335639384],[-74.00564968585968,40.749004486889476],[-74.00569796562195,40.74902480666688]]]}},{"type":"Feature","properties":{"id":"65383864-3935-3832-A365-383634326535","building_id":"1eb40075-bb8c-4707-b968-b3ed07164882","height":39,"min_height":0},"geometry":{"type":"Polygon","coordinates":[[[-74.00380432605743,40.7499107429247],[-74.00354146957397,40.749796953607245],[-74.00353610515594,40.74981320923595],[-74.00379359722137,40.74992293462569],[-74.00380432605743,40.7499107429247]]]}},{"type":"Feature","properties":{"id":"63663665-3439-3462-A531-393332643434","building_id":"e6dc0b48-2e85-448e-9884-6a66839acd0d","height":22.8,"min_height":6},"geometry":{"type":"Polygon","coordinates":[[[-74.00575160980225,40.748951655439186],[-74.00584816932678,40.74899229502006],[-74.00586426258087,40.748976039190666],[-74.0057623386383,40.748935399599844],[-74.00575160980225,40.748951655439186]]]}},{"type":"Feature","properties":{"id":"38366164-3961-3130-B864-646266326139","building_id":"2954e2a5-27bd-4a80-a3ea-c513623945e8","height":38.9,"min_height":35},"geometry":{"type":"Polygon","coordinates":[[[-74.0065348148346,40.750979540223256],[-74.00659918785095,40.75089419962521],[-74.00648653507233,40.75084543352],[-74.00642216205597,40.75093077418063],[-74.0065348148346,40.750979540223256]]]}},{"type":"Feature","properties":{"id":"32366138-3063-3237-B963-316631616533","building_id":"fc899e62-22fa-4b9c-ac1c-caa4ed37e281","height":74,"min_height":69},"geometry":{"type":"Polygon","coordinates":[[[-74.00490403175354,40.74998389309732],[-74.00495767593384,40.74990667902384],[-74.00488257408142,40.74987416780817],[-74.0048235654831,40.74995138191943],[-74.00490403175354,40.74998389309732]]]}},{"type":"Feature","properties":{"id":"30646230-6463-3536-B861-376133623036","building_id":"fc899e62-22fa-4b9c-ac1c-caa4ed37e281","height":65,"min_height":53},"geometry":{"type":"Polygon","coordinates":[[[-74.00508642196655,40.749914806825245],[-74.00508642196655,40.7499107429247],[-74.00503277778625,40.7498863595159],[-74.00502741336823,40.749894487319835],[-74.00508642196655,40.749914806825245]]]}},{"type":"Feature","properties":{"id":"36363637-3935-3937-B061-383963306631","building_id":"de60ef36-f5e8-48c5-9bfa-1b79ea75a78f","height":166.116,"min_height":0},"geometry":{"type":"Polygon","coordinates":[[[-74.00450706481934,40.75331620451669],[-74.00488793849945,40.75347875202124],[-74.00493085384369,40.75341779675358],[-74.00454998016357,40.75325931279616],[-74.00450706481934,40.75331620451669]]]}},{"type":"Feature","properties":{"id":"61303434-3838-3437-B261-653232363832","building_id":"fc899e62-22fa-4b9c-ac1c-caa4ed37e281","height":8,"min_height":0},"geometry":{"type":"Polygon","coordinates":[[[-74.00495231151581,40.75010174598398],[-74.00498449802399,40.75005297929761],[-74.00478065013885,40.74996357361297],[-74.00474309921265,40.75001234036495],[-74.00495231151581,40.75010174598398]]]}},{"type":"Feature","properties":{"id":"36393466-3836-3132-A432-646335626632","building_id":"5399c437-28cf-4708-86e5-ed97b9a97b96","height":65,"min_height":0},"geometry":{"type":"Polygon","coordinates":[[[-74.00360584259033,40.752869196830034],[-74.00353610515594,40.75284075078463],[-74.00343954563141,40.75297078974998],[-74.00351464748383,40.752999235739736],[-74.00360584259033,40.752869196830034]]]}},{"type":"Feature","properties":{"id":"33303830-3966-3561-B565-356234353964","building_id":"12864ccb-72fb-443e-bf12-f3b3e744f6da","height":15,"min_height":0},"geometry":{"type":"Polygon","coordinates":[[[-74.00428175926208,40.749796953607245],[-74.00459289550781,40.74992699852555],[-74.0047538280487,40.74971161149142],[-74.00439441204071,40.74956124654463],[-74.00437295436859,40.74958969399307],[-74.00442123413086,40.74961001359165],[-74.00428175926208,40.749796953607245]]]}},{"type":"Feature","properties":{"id":"63343537-6139-3437-A238-663763393234","building_id":"9d3ddc43-b5b3-4fbf-bc13-73af8febe9bb","height":5.5,"min_height":0},"geometry":{"type":"Polygon","coordinates":[[[-74.00372385978699,40.751702898988924],[-74.00371849536896,40.7517110265708],[-74.00378823280334,40.75174353688834],[-74.0037989616394,40.75173134552111],[-74.00372385978699,40.751702898988924]]]}},{"type":"Feature","properties":{"id":"61386637-3239-3635-B739-613464623135","building_id":"fc899e62-22fa-4b9c-ac1c-caa4ed37e281","height":68,"min_height":0},"geometry":{"type":"Polygon","coordinates":[[[-74.00493621826172,40.749853848290314],[-74.00490403175354,40.74984165657659],[-74.00489866733551,40.749849784386015],[-74.00493085384369,40.7498619760982],[-74.00493621826172,40.749853848290314]]]}},{"type":"Feature","properties":{"id":"39666234-3832-3664-B633-643662653231","building_id":"fc899e62-22fa-4b9c-ac1c-caa4ed37e281","height":69,"min_height":0},"geometry":{"type":"Polygon","coordinates":[[[-74.00508105754852,40.749914806825245],[-74.0050756931305,40.74992293462569],[-74.00508105754852,40.74992293462569],[-74.00508105754852,40.749914806825245]]]}},{"type":"Feature","properties":{"id":"37323463-3466-3330-A131-363763393163","building_id":"4ad3452c-e4fd-468b-a255-6b62ca7f77d7","height":43,"min_height":40},"geometry":{"type":"Polygon","coordinates":[[[-74.00361120700836,40.74928489926927],[-74.00363802909851,40.74924832380853],[-74.00356829166412,40.74921987621403],[-74.00354146957397,40.74925645169043],[-74.00361120700836,40.74928489926927]]]}},{"type":"Feature","properties":{"id":"63333233-6639-3735-A231-633739393663","building_id":"0d4ac3c4-8217-4c6a-b5f6-8148b890c082","height":40,"min_height":35},"geometry":{"type":"Polygon","coordinates":[[[-74.00508642196655,40.75084543352],[-74.00514543056488,40.75076415659851],[-74.00497376918793,40.75069100728419],[-74.0049147605896,40.750772284295124],[-74.00508642196655,40.75084543352]]]}},{"type":"Feature","properties":{"id":"33623764-3062-3231-B930-373037363062","building_id":"5399c437-28cf-4708-86e5-ed97b9a97b96","height":21,"min_height":0},"geometry":{"type":"Polygon","coordinates":[[[-74.0034931898117,40.75302768171733],[-74.00371849536896,40.753121146986615],[-74.0038526058197,40.75294234374803],[-74.0037614107132,40.752905770299094],[-74.00370240211487,40.752982980889925],[-74.00356829166412,40.75292608888432],[-74.0034931898117,40.75302768171733]]]}},{"type":"Feature","properties":{"id":"36653638-3036-3336-A432-623065353566","building_id":"62576fbe-0cc3-4d66-a37d-1d7d7a5a54cb","height":75,"min_height":0},"geometry":{"type":"Polygon","coordinates":[[[-74.00658845901489,40.751784174762946],[-74.00622367858887,40.75162975070734],[-74.00619685649872,40.75161755931927],[-74.00620758533478,40.75163381450287],[-74.00619685649872,40.75165006968251],[-74.00619685649872,40.75166632485818],[-74.00652408599854,40.75180855747578],[-74.00654554367065,40.75180449369094],[-74.00656700134277,40.751784174762946],[-74.00658845901489,40.751784174762946]]]}},{"type":"Feature","properties":{"id":"32373334-3561-3238-B266-373931386561","building_id":"62576fbe-0cc3-4d66-a37d-1d7d7a5a54cb","height":90.7,"min_height":85},"geometry":{"type":"Polygon","coordinates":[[[-74.00667428970337,40.75156472994507],[-74.00665819644928,40.75155253854504],[-74.00663673877716,40.75155660234532],[-74.00662064552307,40.75156879374458],[-74.00662064552307,40.751585048940115],[-74.00663673877716,40.75159724033415],[-74.00665819644928,40.75159724033415],[-74.0066796541214,40.7515809851416],[-74.00667428970337,40.75156472994507]]]}},{"type":"Feature","properties":{"id":"37376261-6464-3938-B761-313137613364","building_id":"0d4ac3c4-8217-4c6a-b5f6-8148b890c082","height":40,"min_height":35},"geometry":{"type":"Polygon","coordinates":[[[-74.00527954101562,40.75086981657708],[-74.00530636310577,40.75083324198812],[-74.00526344776154,40.750812922763316],[-74.00523662567139,40.750849497363475],[-74.00527954101562,40.75086981657708]]]}},{"type":"Feature","properties":{"id":"31343239-3163-3866-B739-373764653238","building_id":"fc899e62-22fa-4b9c-ac1c-caa4ed37e281","height":25,"min_height":24},"geometry":{"type":"Polygon","coordinates":[[[-74.00510787963867,40.7498863595159],[-74.00495767593384,40.749825400954876],[-74.00493621826172,40.749853848290314],[-74.00493621826172,40.7498619760982],[-74.00508642196655,40.749914806825245],[-74.00510787963867,40.7498863595159]]]}},{"type":"Feature","properties":{"id":"35303765-3162-3431-B136-336563383562","building_id":"62576fbe-0cc3-4d66-a37d-1d7d7a5a54cb","height":85,"min_height":0},"geometry":{"type":"Polygon","coordinates":[[[-74.00670111179352,40.75156472994507],[-74.0063738822937,40.75142656061408],[-74.00620222091675,40.75165819727084],[-74.00652945041656,40.75179636612049],[-74.00670111179352,40.75156472994507]]]}},{"type":"Feature","properties":{"id":"38393533-3761-3965-B665-663535626232","building_id":"62576fbe-0cc3-4d66-a37d-1d7d7a5a54cb","height":90.7,"min_height":85},"geometry":{"type":"Polygon","coordinates":[[[-74.00628805160522,40.75163381450287],[-74.00627195835114,40.75162162311554],[-74.00624513626099,40.75162568691158],[-74.00623440742493,40.75163787829817],[-74.00623440742493,40.75165413347679],[-74.00625050067902,40.75166632485818],[-74.00627195835114,40.75166632485818],[-74.00628805160522,40.75165006968251],[-74.00628805160522,40.75163381450287]]]}},{"type":"Feature","properties":{"id":"37636265-6530-3166-A461-643939643063","building_id":"62576fbe-0cc3-4d66-a37d-1d7d7a5a54cb","height":48,"min_height":45},"geometry":{"type":"Polygon","coordinates":[[[-74.00690495967865,40.75181262126037],[-74.00733947753906,40.75199549131048],[-74.00744676589966,40.751845131528256],[-74.00698006153107,40.75165006968251],[-74.00690495967865,40.751751664465246],[-74.00694251060486,40.7517679196161],[-74.00690495967865,40.75181262126037]]]}},{"type":"Feature","properties":{"id":"39356664-3735-3663-B136-363964336266","building_id":"fc899e62-22fa-4b9c-ac1c-caa4ed37e281","height":69,"min_height":68},"geometry":{"type":"Polygon","coordinates":[[[-74.00494158267975,40.749857912194386],[-74.00493621826172,40.7498619760982],[-74.00489866733551,40.749849784386015],[-74.004807472229,40.749975765304356],[-74.00498449802399,40.75005297929761],[-74.00508642196655,40.749914806825245],[-74.00494158267975,40.749857912194386]]]}},{"type":"Feature","properties":{"id":"65333263-3766-3933-A638-303733636464","building_id":"2954e2a5-27bd-4a80-a3ea-c513623945e8","height":35,"min_height":0},"geometry":{"type":"Polygon","coordinates":[[[-74.00707125663757,40.75109332751697],[-74.00595545768738,40.75062192174684],[-74.00583744049072,40.750784475838174],[-74.00695323944092,40.75125181663725],[-74.00707125663757,40.75109332751697]]]}},{"type":"Feature","properties":{"id":"36393530-3038-3239-A665-313930353033","building_id":"e6dc0b48-2e85-448e-9884-6a66839acd0d","height":31.4,"min_height":0},"geometry":{"type":"Polygon","coordinates":[[[-74.00590717792511,40.749146725200916],[-74.00605201721191,40.74921174832767],[-74.00612711906433,40.749110149664176],[-74.00598764419556,40.74904919039156],[-74.00593400001526,40.74912640546077],[-74.0059232711792,40.74912234151199],[-74.00590717792511,40.749146725200916]]]}},{"type":"Feature","properties":{"id":"38303138-3233-3237-B765-656235356534","building_id":"412ecd43-b44a-4c82-98fa-cd54b68810fa","height":41,"min_height":37.6},"geometry":{"type":"Polygon","coordinates":[[[-74.00396525859833,40.749894487319835],[-74.00399208068848,40.7498619760982],[-74.00394380092621,40.7498457204814],[-74.00392234325409,40.74987416780817],[-74.00396525859833,40.749894487319835]]]}},{"type":"Feature","properties":{"id":"30303963-3939-3332-A263-386165646564","building_id":"62576fbe-0cc3-4d66-a37d-1d7d7a5a54cb","height":38,"min_height":0},"geometry":{"type":"Polygon","coordinates":[[[-74.00700151920319,40.752076766726844],[-74.00699615478516,40.75206051165151],[-74.00701761245728,40.752023937717496],[-74.00700688362122,40.752007682629255],[-74.00655627250671,40.751820748828834],[-74.00652945041656,40.75182481261271],[-74.00650262832642,40.75185325909274],[-74.0064811706543,40.75185325909274],[-74.00700151920319,40.752076766726844]]]}},{"type":"Feature","properties":{"id":"36613530-6439-3730-A133-316136616563","building_id":"1eb40075-bb8c-4707-b968-b3ed07164882","height":47.7,"min_height":0},"geometry":{"type":"Polygon","coordinates":[[[-74.00380432605743,40.7499107429247],[-74.0038150548935,40.74990261512275],[-74.00355219841003,40.749788825791455],[-74.00354146957397,40.749796953607245],[-74.00380432605743,40.7499107429247]]]}},{"type":"Feature","properties":{"id":"30616561-3565-3538-A264-656264386332","building_id":"62576fbe-0cc3-4d66-a37d-1d7d7a5a54cb","height":38,"min_height":0},"geometry":{"type":"Polygon","coordinates":[[[-74.00617003440857,40.75111364665605],[-74.00618076324463,40.751129901962855],[-74.00615930557251,40.751162412564554],[-74.00617003440857,40.75117866785945],[-74.00646507740021,40.75130464626008],[-74.00650262832642,40.751255880455886],[-74.00617003440857,40.75111364665605]]]}},{"type":"Feature","properties":{"id":"31373966-3130-3165-B163-343934356236","building_id":"12864ccb-72fb-443e-bf12-f3b3e744f6da","height":38,"min_height":0},"geometry":{"type":"Polygon","coordinates":[[[-74.00457680225372,40.749943254122456],[-74.00457680225372,40.74992699852555],[-74.00456070899963,40.74991887072562],[-74.00454998016357,40.74992699852555],[-74.0045553445816,40.749943254122456],[-74.00457680225372,40.749943254122456]]]}},{"type":"Feature","properties":{"id":"64373134-6234-3331-A436-303337396238","building_id":"4ad3452c-e4fd-468b-a255-6b62ca7f77d7","height":40,"min_height":0},"geometry":{"type":"Polygon","coordinates":[[[-74.00333762168884,40.749114213613694],[-74.00299429893494,40.7495856300726],[-74.00330543518066,40.7497197393167],[-74.00364875793457,40.7492442598672],[-74.00333762168884,40.749114213613694]]]}},{"type":"Feature","properties":{"id":"38613266-3832-3763-A532-666661393637","building_id":"364eaefe-afe4-4256-ba4f-1cefb06429bd","height":5.5,"min_height":0},"geometry":{"type":"Polygon","coordinates":[[[-74.0035092830658,40.75340560569336],[-74.00360584259033,40.75327150388324],[-74.00332152843475,40.75314959291205],[-74.00321960449219,40.75328369496805],[-74.0035092830658,40.75340560569336]]]}},{"type":"Feature","properties":{"id":"63303232-3665-3139-A435-663436333163","building_id":"412ecd43-b44a-4c82-98fa-cd54b68810fa","height":41,"min_height":37.6},"geometry":{"type":"Polygon","coordinates":[[[-74.00462508201599,40.75017489594654],[-74.00465190410614,40.750142384862016],[-74.00460362434387,40.7501220654261],[-74.00458216667175,40.75015457652057],[-74.00462508201599,40.75017489594654]]]}},{"type":"Feature","properties":{"id":"35333063-6232-3135-B861-633731663266","building_id":"62a07cb3-80df-4583-93f2-718850233566","height":17,"min_height":0},"geometry":{"type":"Polygon","coordinates":[[[-74.00429785251617,40.75328369496805],[-74.00411009788513,40.753206484726434],[-74.00428712368011,40.75296266232209],[-74.00425493717194,40.752950471178394],[-74.00403499603271,40.75325931279616],[-74.0042495727539,40.753348714049366],[-74.00429785251617,40.75328369496805]]]}},{"type":"Feature","properties":{"id":"62343836-6663-3637-B866-623363356434","building_id":"62a07cb3-80df-4583-93f2-718850233566","height":10,"min_height":0},"geometry":{"type":"Polygon","coordinates":[[[-74.00425493717194,40.752950471178394],[-74.00428712368011,40.75296266232209],[-74.00439441204071,40.75281636845031],[-74.00458216667175,40.75289357914497],[-74.00459289550781,40.75287732426935],[-74.00437831878662,40.75278792238228],[-74.00425493717194,40.752950471178394]]]}},{"type":"Feature","properties":{"id":"62386662-6165-3264-B534-386165356262","building_id":"6c4dea73-9093-40e1-a6f6-566a6e9a9fdd","height":32,"min_height":0},"geometry":{"type":"Polygon","coordinates":[[[-74.00391161441803,40.74964252493646],[-74.00401890277863,40.74949622375962],[-74.00375604629517,40.7493905615984],[-74.0036541223526,40.749528735160084],[-74.00391161441803,40.74964252493646]]]}},{"type":"Feature","properties":{"id":"33336535-6134-3137-A238-346434633635","building_id":"9d3ddc43-b5b3-4fbf-bc13-73af8febe9bb","height":11.5,"min_height":0},"geometry":{"type":"Polygon","coordinates":[[[-74.00416910648346,40.7519385984599],[-74.00433003902435,40.752007682629255],[-74.0043568611145,40.75196704489127],[-74.00419592857361,40.751902024458815],[-74.00416910648346,40.7519385984599]]]}},{"type":"Feature","properties":{"id":"39376138-3336-3961-B937-643634653633","building_id":"9d3ddc43-b5b3-4fbf-bc13-73af8febe9bb","height":5.5,"min_height":0},"geometry":{"type":"Polygon","coordinates":[[[-74.00399208068848,40.75181262126037],[-74.00398135185242,40.751820748828834],[-74.00405645370483,40.75185325909274],[-74.00406181812286,40.751845131528256],[-74.00399208068848,40.75181262126037]]]}},{"type":"Feature","properties":{"id":"35323163-6265-3339-B964-633463306165","building_id":"bab47795-1edc-4bcb-99ce-e893cd1ee509","height":12,"min_height":0},"geometry":{"type":"Polygon","coordinates":[[[-74.0042495727539,40.757257869473364],[-74.0042495727539,40.75700999846009],[-74.00367021560669,40.75677025348608],[-74.00236666202545,40.756213554194716],[-74.00204479694366,40.7566402219521],[-74.00178730487823,40.75653457114342],[-74.001744389534,40.756542698134666],[-74.00128304958344,40.75718066384701],[-74.00129914283752,40.757217234944335],[-74.00155127048492,40.75732288466807],[-74.00062322616577,40.75859879499629],[-74.00207698345184,40.75922455098376],[-74.00222182273865,40.75902544744491],[-74.00280117988586,40.75924893096797],[-74.0042495727539,40.757257869473364]]]}},{"type":"Feature","properties":{"id":"31393165-3832-3438-B466-366338356332","building_id":"62576fbe-0cc3-4d66-a37d-1d7d7a5a54cb","height":83,"min_height":81},"geometry":{"type":"Polygon","coordinates":[[[-74.00570333003998,40.751259944274295],[-74.00631487369537,40.75151190052887],[-74.00635778903961,40.751446879651354],[-74.00575160980225,40.751194923150365],[-74.00570333003998,40.751259944274295]]]}},{"type":"Feature","properties":{"id":"35616532-3834-3231-B462-653263393331","building_id":"fc899e62-22fa-4b9c-ac1c-caa4ed37e281","height":24,"min_height":0},"geometry":{"type":"Polygon","coordinates":[[[-74.00508105754852,40.749914806825245],[-74.00508642196655,40.749914806825245],[-74.00510787963867,40.7498863595159],[-74.00508105754852,40.749914806825245]]]}},{"type":"Feature","properties":{"id":"37376666-3932-3630-A132-633062656365","building_id":"0d4ac3c4-8217-4c6a-b5f6-8148b890c082","height":46,"min_height":41},"geometry":{"type":"Polygon","coordinates":[[[-74.0050220489502,40.750756028900895],[-74.00503277778625,40.75074383735259],[-74.00502741336823,40.75072758195142],[-74.00500059127808,40.75071945424932],[-74.00498449802399,40.75072758195142],[-74.00497376918793,40.75073977350269],[-74.00497913360596,40.750756028900895],[-74.00499522686005,40.75076415659851],[-74.0050220489502,40.750756028900895]]]}},{"type":"Feature","properties":{"id":"64303339-6261-3238-A239-313930663261","building_id":"0d4ac3c4-8217-4c6a-b5f6-8148b890c082","height":40,"min_height":35},"geometry":{"type":"Polygon","coordinates":[[[-74.00513470172882,40.75104049772625],[-74.00518834590912,40.75096734871599],[-74.00513470172882,40.75094702953217],[-74.00508105754852,40.7510201785648],[-74.00513470172882,40.75104049772625]]]}},{"type":"Feature","properties":{"id":"36386437-6130-3262-B034-376133363938","building_id":"62576fbe-0cc3-4d66-a37d-1d7d7a5a54cb","height":89,"min_height":85},"geometry":{"type":"Polygon","coordinates":[[[-74.00654554367065,40.75161349552275],[-74.00658845901489,40.75155660234532],[-74.00640070438385,40.75147939009807],[-74.00635778903961,40.75153628334155],[-74.00654554367065,40.75161349552275]]]}},{"type":"Feature","properties":{"id":"32343430-3834-3364-A161-373266633638","building_id":"1eb40075-bb8c-4707-b968-b3ed07164882","height":54.8,"min_height":52},"geometry":{"type":"Polygon","coordinates":[[[-74.00389552116394,40.74990667902384],[-74.00394380092621,40.7498457204814],[-74.00390625,40.74982946486068],[-74.00385797023773,40.74989042341798],[-74.00389552116394,40.74990667902384]]]}},{"type":"Feature","properties":{"id":"32373737-3934-3437-A338-636437303263","building_id":"6c4dea73-9093-40e1-a6f6-566a6e9a9fdd","height":42,"min_height":32},"geometry":{"type":"Polygon","coordinates":[[[-74.00384187698364,40.74950435161125],[-74.00384724140167,40.749488095907026],[-74.00382578372955,40.74946777627119],[-74.00380432605743,40.74946777627119],[-74.00378286838531,40.749479968053464],[-74.00378286838531,40.74949622375962],[-74.0037989616394,40.74951247946183],[-74.00382041931152,40.74951654338679],[-74.00384187698364,40.74950435161125]]]}},{"type":"Feature","properties":{"id":"63316337-3734-3039-B564-643163626239","building_id":"7d87bc36-9b1a-4c79-95ce-d87dc30c307b","height":82,"min_height":0},"geometry":{"type":"Polygon","coordinates":[[[-74.00636851787567,40.74914266125339],[-74.00629341602325,40.74924832380853],[-74.00638461112976,40.74928489926927],[-74.00645971298218,40.74917923677225],[-74.00636851787567,40.74914266125339]]]}},{"type":"Feature","properties":{"id":"62666436-6638-3432-A630-393363313731","building_id":"412ecd43-b44a-4c82-98fa-cd54b68810fa","height":37.6,"min_height":0},"geometry":{"type":"Polygon","coordinates":[[[-74.00425493717194,40.7501180015382],[-74.00445878505707,40.750203343132455],[-74.0044641494751,40.750191151482824],[-74.00426030158997,40.750105809872935],[-74.00425493717194,40.7501180015382]]]}},{"type":"Feature","properties":{"id":"39313338-3430-3238-B465-313136373063","building_id":"62576fbe-0cc3-4d66-a37d-1d7d7a5a54cb","height":90.7,"min_height":85},"geometry":{"type":"Polygon","coordinates":[[[-74.00660455226898,40.75165819727084],[-74.00658845901489,40.75164600588798],[-74.00656163692474,40.75164600588798],[-74.00655090808868,40.75166226106464],[-74.00655090808868,40.75167851623735],[-74.00656700134277,40.751690707614245],[-74.00658845901489,40.751690707614245],[-74.00660991668701,40.75167445244452],[-74.00660455226898,40.75165819727084]]]}},{"type":"Feature","properties":{"id":"37633033-3335-3535-A535-353635373633","building_id":"6c4dea73-9093-40e1-a6f6-566a6e9a9fdd","height":4,"min_height":0},"geometry":{"type":"Polygon","coordinates":[[[-74.0036541223526,40.749528735160084],[-74.00362193584442,40.7495693743883],[-74.00393843650818,40.749703483665144],[-74.00396525859833,40.749662844518895],[-74.0036541223526,40.749528735160084]]]}},{"type":"Feature","properties":{"id":"31313065-6136-3138-B739-663132633065","building_id":"0d4ac3c4-8217-4c6a-b5f6-8148b890c082","height":6,"min_height":0},"geometry":{"type":"Polygon","coordinates":[[[-74.00487184524536,40.750975476387765],[-74.00498986244202,40.751028306230126],[-74.00509178638458,40.750886071943484],[-74.00489330291748,40.75080073122547],[-74.0048611164093,40.75084543352],[-74.00494158267975,40.750877944260765],[-74.00487184524536,40.750975476387765]]]}},{"type":"Feature","properties":{"id":"31323932-3436-3939-B934-646336303363","building_id":"e6dc0b48-2e85-448e-9884-6a66839acd0d","height":28.6,"min_height":25.7},"geometry":{"type":"Polygon","coordinates":[[[-74.00586426258087,40.74917923677225],[-74.00589108467102,40.74914266125339],[-74.0055799484253,40.749008550845474],[-74.00555312633514,40.74904512643806],[-74.00586426258087,40.74917923677225]]]}},{"type":"Feature","properties":{"id":"64613239-3163-3731-B738-353462643966","building_id":"6c4dea73-9093-40e1-a6f6-566a6e9a9fdd","height":42,"min_height":32},"geometry":{"type":"Polygon","coordinates":[[[-74.0039598941803,40.749557182622425],[-74.00396525859833,40.74953279908402],[-74.00394916534424,40.74952060731147],[-74.00392234325409,40.74952060731147],[-74.00390625,40.749528735160084],[-74.00390088558197,40.749553118699964],[-74.00391697883606,40.74956531046658],[-74.00394380092621,40.7495693743883],[-74.0039598941803,40.749557182622425]]]}},{"type":"Feature","properties":{"id":"33303065-3961-3437-B737-663966383333","building_id":"fc899e62-22fa-4b9c-ac1c-caa4ed37e281","height":7,"min_height":0},"geometry":{"type":"Polygon","coordinates":[[[-74.00497376918793,40.74980101751481],[-74.0049147605896,40.749776634065796],[-74.00487720966339,40.74982946486068],[-74.00493621826172,40.749853848290314],[-74.00497376918793,40.74980101751481]]]}},{"type":"Feature","properties":{"id":"65346138-3338-3330-A165-353763643764","building_id":"62576fbe-0cc3-4d66-a37d-1d7d7a5a54cb","height":66,"min_height":0},"geometry":{"type":"Polygon","coordinates":[[[-74.00619685649872,40.75166632485818],[-74.00646507740021,40.75130464626008],[-74.00617003440857,40.75117866785945],[-74.00615930557251,40.751162412564554],[-74.00618076324463,40.751129901962855],[-74.00617003440857,40.75111364665605],[-74.00575697422028,40.75094296569466],[-74.00573551654816,40.75094296569466],[-74.00541365146637,40.7513777948993],[-74.00540828704834,40.75139811395147],[-74.00582134723663,40.75157692134283],[-74.00584280490875,40.75157692134283],[-74.00587499141693,40.75154441094381],[-74.00589644908905,40.75154441094381],[-74.00619685649872,40.75166632485818]]]}},{"type":"Feature","properties":{"id":"62376437-6339-3132-B661-633662346463","building_id":"412ecd43-b44a-4c82-98fa-cd54b68810fa","height":41.8,"min_height":0},"geometry":{"type":"Polygon","coordinates":[[[-74.00386333465576,40.74995138191943],[-74.00398671627045,40.75000421257545],[-74.00399208068848,40.749996084784925],[-74.00419592857361,40.7500814265357],[-74.00419056415558,40.750089554315764],[-74.00425493717194,40.7501180015382],[-74.00426030158997,40.750105809872935],[-74.0044641494751,40.750191151482824],[-74.00445878505707,40.750203343132455],[-74.0045714378357,40.750248045828585],[-74.00473237037659,40.75002859594099],[-74.00471091270447,40.75002046815345],[-74.00470018386841,40.75003672372753],[-74.0040135383606,40.74974818669733],[-74.00386333465576,40.74995138191943]]]}},{"type":"Feature","properties":{"id":"39633561-3737-3664-A530-343633376264","building_id":"bab47795-1edc-4bcb-99ce-e893cd1ee509","height":25,"min_height":0},"geometry":{"type":"Polygon","coordinates":[[[-74.00375068187714,40.757944589256596],[-74.00391161441803,40.75772110134841],[-74.0036004781723,40.75758700824284],[-74.00343418121338,40.75781049660182],[-74.00375068187714,40.757944589256596]]]}},{"type":"Feature","properties":{"id":"66323264-6438-3166-A565-666536626536","building_id":"1eb40075-bb8c-4707-b968-b3ed07164882","height":54.8,"min_height":52},"geometry":{"type":"Polygon","coordinates":[[[-74.00389552116394,40.749821337048814],[-74.00392234325409,40.74978476188315],[-74.00383114814758,40.74974412278658],[-74.0037989616394,40.74978476188315],[-74.00389552116394,40.749821337048814]]]}},{"type":"Feature","properties":{"id":"33396135-6436-3033-B166-663964343835","building_id":"1eb40075-bb8c-4707-b968-b3ed07164882","height":60,"min_height":54.8},"geometry":{"type":"Polygon","coordinates":[[[-74.00385797023773,40.74978476188315],[-74.00386333465576,40.74977257015678],[-74.0038526058197,40.749760378428164],[-74.00384187698364,40.74975631451815],[-74.00382041931152,40.74976444233795],[-74.0038150548935,40.749776634065796],[-74.00382578372955,40.749788825791455],[-74.00384724140167,40.74979288969945],[-74.00385797023773,40.74978476188315]]]}},{"type":"Feature","properties":{"id":"63656432-6665-3238-B735-353932346163","building_id":"62576fbe-0cc3-4d66-a37d-1d7d7a5a54cb","height":38,"min_height":0},"geometry":{"type":"Polygon","coordinates":[[[-74.00582134723663,40.75157692134283],[-74.00615930557251,40.75171915415169],[-74.00615394115448,40.751702898988924],[-74.0061753988266,40.75167038865149],[-74.00616466999054,40.75165413347679],[-74.00590181350708,40.75154441094381],[-74.00588035583496,40.75154441094381],[-74.00584280490875,40.75157692134283],[-74.00582134723663,40.75157692134283]]]}},{"type":"Feature","properties":{"id":"65643438-3664-3562-A361-643332326464","building_id":"e6dc0b48-2e85-448e-9884-6a66839acd0d","height":34.3,"min_height":31.4},"geometry":{"type":"Polygon","coordinates":[[[-74.00559067726135,40.749061382250545],[-74.0057784318924,40.74914266125339],[-74.00580525398254,40.7491060857144],[-74.0056174993515,40.74902480666688],[-74.00559067726135,40.749061382250545]]]}},{"type":"Feature","properties":{"id":"63353833-3137-3132-B130-376130643732","building_id":"fc899e62-22fa-4b9c-ac1c-caa4ed37e281","height":78.8,"min_height":0},"geometry":{"type":"Polygon","coordinates":[[[-74.00478065013885,40.74996357361297],[-74.004807472229,40.749975765304356],[-74.00490403175354,40.74984165657659],[-74.00487720966339,40.74982946486068],[-74.00478065013885,40.74996357361297]]]}},{"type":"Feature","properties":{"id":"63396665-3861-3566-A261-633264313931","building_id":"62576fbe-0cc3-4d66-a37d-1d7d7a5a54cb","height":38,"min_height":0},"geometry":{"type":"Polygon","coordinates":[[[-74.00714099407196,40.75152409193632],[-74.00682985782623,40.751394050141556],[-74.00679230690002,40.751446879651354],[-74.00707125663757,40.75156472994507],[-74.00709271430969,40.75155660234532],[-74.00711953639984,40.75152815573833],[-74.00714099407196,40.75152409193632]]]}},{"type":"Feature","properties":{"id":"38306137-3335-3934-B432-326138613761","building_id":"62576fbe-0cc3-4d66-a37d-1d7d7a5a54cb","height":90.7,"min_height":85},"geometry":{"type":"Polygon","coordinates":[[[-74.00641679763794,40.751690707614245],[-74.00640070438385,40.75167851623735],[-74.0063738822937,40.75167851623735],[-74.00636315345764,40.75169477140605],[-74.00636315345764,40.7517110265708],[-74.00637924671173,40.75172321794173],[-74.00640070438385,40.75172321794173],[-74.00641679763794,40.75170696277996],[-74.00641679763794,40.751690707614245]]]}},{"type":"Feature","properties":{"id":"63316431-3131-3436-B736-376137623739","building_id":"d2f3873b-2c39-49be-b833-5d0af544dffa","height":23.7,"min_height":20},"geometry":{"type":"Polygon","coordinates":[[[-74.0077418088913,40.75054877227606],[-74.00779008865356,40.75048375045671],[-74.00771498680115,40.750451239523215],[-74.00766670703888,40.750520325237915],[-74.0077418088913,40.75054877227606]]]}},{"type":"Feature","properties":{"id":"33663163-6234-3265-B939-376633656133","building_id":"f0c2196e-6ddb-4d95-9755-1503971734ba","height":47.2,"min_height":0},"geometry":{"type":"Polygon","coordinates":[[[-74.00583207607269,40.74966690843465],[-74.00566041469574,40.74990261512275],[-74.00596618652344,40.7500326598344],[-74.00613784790039,40.749796953607245],[-74.00583207607269,40.74966690843465]]]}},{"type":"Feature","properties":{"id":"39326230-6632-3735-B430-303935376639","building_id":"0d4ac3c4-8217-4c6a-b5f6-8148b890c082","height":42,"min_height":40},"geometry":{"type":"Polygon","coordinates":[[[-74.0050220489502,40.75081698660878],[-74.00508642196655,40.75084543352],[-74.00514543056488,40.75076415659851],[-74.00508105754852,40.7507357096525],[-74.0050220489502,40.75081698660878]]]}},{"type":"Feature","properties":{"id":"36396336-3763-3261-B633-616239303466","building_id":"1eb40075-bb8c-4707-b968-b3ed07164882","height":60,"min_height":54.8},"geometry":{"type":"Polygon","coordinates":[[[-74.00390625,40.749805081422096],[-74.00390625,40.74979288969945],[-74.00390088558197,40.749780697974586],[-74.00388479232788,40.749776634065796],[-74.00386333465576,40.74978476188315],[-74.00386333465576,40.749796953607245],[-74.00387406349182,40.74980914532915],[-74.00389015674591,40.74981320923595],[-74.00390625,40.749805081422096]]]}},{"type":"Feature","properties":{"id":"63656434-3063-3438-A236-333764376635","building_id":"de60ef36-f5e8-48c5-9bfa-1b79ea75a78f","height":154,"min_height":0},"geometry":{"type":"Polygon","coordinates":[[[-74.00449097156525,40.75340560569336],[-74.00487184524536,40.753564089302074],[-74.0049147605896,40.75350719779368],[-74.00486648082733,40.75348687938603],[-74.00487720966339,40.75347062465545],[-74.00454461574554,40.75333245928499],[-74.00449097156525,40.75340560569336]]]}},{"type":"Feature","properties":{"id":"38316564-3466-3862-B538-336234343466","building_id":"412ecd43-b44a-4c82-98fa-cd54b68810fa","height":37.6,"min_height":0},"geometry":{"type":"Polygon","coordinates":[[[-74.00398671627045,40.75000421257545],[-74.00419056415558,40.750089554315764],[-74.00419592857361,40.7500814265357],[-74.00399208068848,40.749996084784925],[-74.00398671627045,40.75000421257545]]]}},{"type":"Feature","properties":{"id":"32326531-3666-3432-A336-346462323563","building_id":"e6dc0b48-2e85-448e-9884-6a66839acd0d","height":34.3,"min_height":6},"geometry":{"type":"Polygon","coordinates":[[[-74.00588572025299,40.7487687770178],[-74.00598227977753,40.748813480678365],[-74.00599300861359,40.74879316083636],[-74.00589644908905,40.74875252113378],[-74.00588572025299,40.7487687770178]]]}},{"type":"Feature","properties":{"id":"61636338-3366-3231-A566-623435366331","building_id":"f0c2196e-6ddb-4d95-9755-1503971734ba","height":50,"min_height":47.2},"geometry":{"type":"Polygon","coordinates":[[[-74.0059232711792,40.74987416780817],[-74.00598227977753,40.74979288969945],[-74.00593400001526,40.749776634065796],[-74.00587499141693,40.749857912194386],[-74.0059232711792,40.74987416780817]]]}},{"type":"Feature","properties":{"id":"35656364-6163-3230-B561-663338366532","building_id":"7d87bc36-9b1a-4c79-95ce-d87dc30c307b","height":16,"min_height":0},"geometry":{"type":"Polygon","coordinates":[[[-74.00659382343292,40.74917517282668],[-74.0065723657608,40.74916298098856],[-74.00642216205597,40.74937430586638],[-74.00627195835114,40.74931334683595],[-74.00625050067902,40.74934179439043],[-74.006427526474,40.74941494518896],[-74.00659382343292,40.74917517282668]]]}},{"type":"Feature","properties":{"id":"66333137-3565-3533-B537-616337323636","building_id":"0d4ac3c4-8217-4c6a-b5f6-8148b890c082","height":35,"min_height":0},"geometry":{"type":"Polygon","coordinates":[[[-74.00487184524536,40.750975476387765],[-74.0047538280487,40.75113396578894],[-74.00506496429443,40.75126400809242],[-74.00540828704834,40.7507885396854],[-74.0050220489502,40.75062598560393],[-74.00489330291748,40.75080073122547],[-74.00509178638458,40.750886071943484],[-74.00498986244202,40.751028306230126],[-74.00487184524536,40.750975476387765]]]}},{"type":"Feature","properties":{"id":"36643331-6133-3366-A236-646362616538","building_id":"62a07cb3-80df-4583-93f2-718850233566","height":194,"min_height":0},"geometry":{"type":"Polygon","coordinates":[[[-74.00429785251617,40.75328369496805],[-74.00454998016357,40.752934216316675],[-74.00436758995056,40.7528570056692],[-74.00411009788513,40.753206484726434],[-74.00429785251617,40.75328369496805]]]}},{"type":"Feature","properties":{"id":"35656431-6531-3036-A632-356465626365","building_id":"7d87bc36-9b1a-4c79-95ce-d87dc30c307b","height":70,"min_height":0},"geometry":{"type":"Polygon","coordinates":[[[-74.00645971298218,40.74917923677225],[-74.00649189949036,40.749130469409295],[-74.00642216205597,40.74910202176437],[-74.00638997554779,40.74915078914819],[-74.00645971298218,40.74917923677225]]]}},{"type":"Feature","properties":{"id":"31393062-3737-3333-A165-356239613234","building_id":"623a047c-67c0-4aab-8509-f0767006c9c1","height":17.4,"min_height":15},"geometry":{"type":"Polygon","coordinates":[[[-74.00412619113922,40.749447456629156],[-74.00408327579498,40.74950435161125],[-74.00412619113922,40.74952060731147],[-74.00416374206543,40.74946371234327],[-74.00412619113922,40.749447456629156]]]}},{"type":"Feature","properties":{"id":"35623666-3434-3236-A331-636132636433","building_id":"bab47795-1edc-4bcb-99ce-e893cd1ee509","height":18,"min_height":0},"geometry":{"type":"Polygon","coordinates":[[[-74.00343418121338,40.75781049660182],[-74.00326788425446,40.75802992080517],[-74.00358974933624,40.758168076413455],[-74.0040671825409,40.75750980299878],[-74.0037614107132,40.75737570946697],[-74.0036004781723,40.75758700824284],[-74.00249004364014,40.75711158505271],[-74.00264024734497,40.75689622129207],[-74.00236666202545,40.75677838044851],[-74.00251150131226,40.75657520608968],[-74.00218963623047,40.75644111067274],[-74.00204479694366,40.7566402219521],[-74.00178730487823,40.75653457114342],[-74.001744389534,40.756542698134666],[-74.00128304958344,40.75718066384701],[-74.00129914283752,40.757217234944335],[-74.00155127048492,40.75732288466807],[-74.00140106678009,40.75753012017694],[-74.00171756744385,40.75766421339728],[-74.00187849998474,40.75744478798683],[-74.00216281414032,40.75756669108205],[-74.00232374668121,40.75734320190341],[-74.00343418121338,40.75781049660182]]]}},{"type":"Feature","properties":{"id":"61666161-3338-3038-A661-376138353363","building_id":"e6dc0b48-2e85-448e-9884-6a66839acd0d","height":37,"min_height":34.3},"geometry":{"type":"Polygon","coordinates":[[[-74.00580525398254,40.74905325434483],[-74.00582134723663,40.74903699853036],[-74.00571942329407,40.74899229502006],[-74.00570333003998,40.74901261480116],[-74.00580525398254,40.74905325434483]]]}},{"type":"Feature","properties":{"id":"63356361-3366-3965-A130-363634366134","building_id":"1eb40075-bb8c-4707-b968-b3ed07164882","height":43.3,"min_height":0},"geometry":{"type":"Polygon","coordinates":[[[-74.00386333465576,40.74995138191943],[-74.00387406349182,40.749939190223614],[-74.00380432605743,40.7499107429247],[-74.00379359722137,40.74992293462569],[-74.00386333465576,40.74995138191943]]]}},{"type":"Feature","properties":{"id":"66613466-6435-3137-B662-613531626139","building_id":"12864ccb-72fb-443e-bf12-f3b3e744f6da","height":4,"min_height":0},"geometry":{"type":"Polygon","coordinates":[[[-74.0042495727539,40.7498457204814],[-74.0045553445816,40.749975765304356],[-74.00459289550781,40.74992699852555],[-74.00428175926208,40.749796953607245],[-74.0042495727539,40.7498457204814]]]}},{"type":"Feature","properties":{"id":"35376338-3734-3665-A532-653061653161","building_id":"62576fbe-0cc3-4d66-a37d-1d7d7a5a54cb","height":90.7,"min_height":0},"geometry":{"type":"Polygon","coordinates":[[[-74.00645971298218,40.751312773890646],[-74.0063738822937,40.75142656061408],[-74.00670111179352,40.75156472994507],[-74.00672793388367,40.75152815573833],[-74.00678157806396,40.75154847474454],[-74.00680840015411,40.75151190052887],[-74.00676012039185,40.75149158151149],[-74.006786942482,40.75145094345805],[-74.00645971298218,40.751312773890646]]]}},{"type":"Feature","properties":{"id":"36343635-3762-3139-B435-323866373762","building_id":"6c4dea73-9093-40e1-a6f6-566a6e9a9fdd","height":38.2,"min_height":35},"geometry":{"type":"Polygon","coordinates":[[[-74.00402963161469,40.74946371234327],[-74.00409400463104,40.749488095907026],[-74.00412619113922,40.749447456629156],[-74.00406181812286,40.74941900911986],[-74.00402963161469,40.74946371234327]]]}},{"type":"Feature","properties":{"id":"39623565-3165-3338-A432-663563656165","building_id":"2954e2a5-27bd-4a80-a3ea-c513623945e8","height":38.9,"min_height":35},"geometry":{"type":"Polygon","coordinates":[[[-74.0062665939331,40.7509632848797],[-74.00629341602325,40.7509226465034],[-74.00620222091675,40.75088200810225],[-74.00617003440857,40.7509226465034],[-74.0062665939331,40.7509632848797]]]}},{"type":"Feature","properties":{"id":"39626363-3735-3661-B032-376264663130","building_id":"0d4ac3c4-8217-4c6a-b5f6-8148b890c082","height":40,"min_height":35},"geometry":{"type":"Polygon","coordinates":[[[-74.0050756931305,40.75113396578894],[-74.0051132440567,40.751081136030535],[-74.0050756931305,40.751064880711795],[-74.00503814220428,40.75111771048313],[-74.0050756931305,40.75113396578894]]]}},{"type":"Feature","properties":{"id":"38623735-3237-3137-A337-303762306432","building_id":"fc899e62-22fa-4b9c-ac1c-caa4ed37e281","height":24,"min_height":0},"geometry":{"type":"Polygon","coordinates":[[[-74.00496304035187,40.749825400954876],[-74.00494158267975,40.749857912194386],[-74.00508105754852,40.749914806825245],[-74.00509715080261,40.749894487319835],[-74.00496304035187,40.749825400954876]]]}},{"type":"Feature","properties":{"id":"34346334-3037-3164-B263-326162343338","building_id":"62a07cb3-80df-4583-93f2-718850233566","height":10,"min_height":0},"geometry":{"type":"Polygon","coordinates":[[[-74.00527954101562,40.75316178401923],[-74.00516152381897,40.753324331901325],[-74.00447487831116,40.75303987284687],[-74.0042495727539,40.753348714049366],[-74.0043568611145,40.75338935094291],[-74.00452315807343,40.75315772031709],[-74.00546193122864,40.753547834590364],[-74.00563895702362,40.753312140823965],[-74.00527954101562,40.75316178401923]]]}},{"type":"Feature","properties":{"id":"30373861-3934-3362-B630-386430663831","building_id":"62576fbe-0cc3-4d66-a37d-1d7d7a5a54cb","height":78,"min_height":0},"geometry":{"type":"Polygon","coordinates":[[[-74.00679230690002,40.751446879651354],[-74.00646507740021,40.75130464626008],[-74.00645971298218,40.751312773890646],[-74.006786942482,40.75145094345805],[-74.00679230690002,40.751446879651354]]]}},{"type":"Feature","properties":{"id":"31356364-6435-3438-B462-646266346435","building_id":"6c4dea73-9093-40e1-a6f6-566a6e9a9fdd","height":38.2,"min_height":35},"geometry":{"type":"Polygon","coordinates":[[[-74.00378286838531,40.74935805013038],[-74.00384187698364,40.749382433732876],[-74.00387406349182,40.74934179439043],[-74.00380969047546,40.74931334683595],[-74.00378286838531,40.74935805013038]]]}},{"type":"Feature","properties":{"id":"37663739-3038-3239-A331-346438386439","building_id":"5399c437-28cf-4708-86e5-ed97b9a97b96","height":10,"min_height":0},"geometry":{"type":"Polygon","coordinates":[[[-74.00335371494293,40.752934216316675],[-74.00287628173828,40.75273103020976],[-74.00297284126282,40.75260099077548],[-74.00360584259033,40.752869196830034],[-74.00356829166412,40.75292608888432],[-74.00370240211487,40.752982980889925],[-74.0037614107132,40.752905770299094],[-74.00353610515594,40.75281230472706],[-74.00357902050018,40.75275134884839],[-74.00307476520538,40.752540034703145],[-74.00306940078735,40.75254816218268],[-74.00293529033661,40.75249533354787],[-74.00276899337769,40.752722902752595],[-74.00333225727081,40.75295859860776],[-74.00335371494293,40.752934216316675]]]}},{"type":"Feature","properties":{"id":"36396365-3663-3164-B031-353432303131","building_id":"d7f50c9b-2cb2-4195-a523-c9aa012958b4","height":31,"min_height":27.4},"geometry":{"type":"Polygon","coordinates":[[[-74.00438904762268,40.75098360405855],[-74.0044105052948,40.75095109336942],[-74.00438904762268,40.75093890185693],[-74.00436222553253,40.75097141255199],[-74.00438904762268,40.75098360405855]]]}},{"type":"Feature","properties":{"id":"38363336-3463-3837-A664-616630366436","building_id":"62576fbe-0cc3-4d66-a37d-1d7d7a5a54cb","height":81,"min_height":66},"geometry":{"type":"Polygon","coordinates":[[[-74.006786942482,40.751845131528256],[-74.00697469711304,40.751585048940115],[-74.00695860385895,40.75156879374458],[-74.00676548480988,40.75148345390278],[-74.00655627250671,40.7517679196161],[-74.00675475597382,40.75185325909274],[-74.0067708492279,40.75185325909274],[-74.006786942482,40.751845131528256]]]}},{"type":"Feature","properties":{"id":"63386233-3563-3338-B765-303161393163","building_id":"9d3ddc43-b5b3-4fbf-bc13-73af8febe9bb","height":82,"min_height":0},"geometry":{"type":"Polygon","coordinates":[[[-74.00426030158997,40.75234091114393],[-74.00443196296692,40.75210521309907],[-74.00422275066376,40.75201581017387],[-74.00404572486877,40.752251508535636],[-74.00426030158997,40.75234091114393]]]}},{"type":"Feature","properties":{"id":"66363332-6163-3462-B261-643764386362","building_id":"9d3ddc43-b5b3-4fbf-bc13-73af8febe9bb","height":5.5,"min_height":0},"geometry":{"type":"Polygon","coordinates":[[[-74.0034931898117,40.75160536792896],[-74.00348782539368,40.75161349552275],[-74.0035629272461,40.75164600588798],[-74.00356829166412,40.75163787829817],[-74.0034931898117,40.75160536792896]]]}},{"type":"Feature","properties":{"id":"38343631-3736-3035-B638-333564646139","building_id":"0d4ac3c4-8217-4c6a-b5f6-8148b890c082","height":34,"min_height":0},"geometry":{"type":"Polygon","coordinates":[[[-74.0050220489502,40.75062598560393],[-74.0048611164093,40.75084543352],[-74.00494158267975,40.750877944260765],[-74.0047538280487,40.75113396578894],[-74.00506496429443,40.75126400809242],[-74.00540828704834,40.7507885396854],[-74.0050220489502,40.75062598560393]]]}},{"type":"Feature","properties":{"id":"32366265-3430-3766-A536-323230386365","building_id":"4ad3452c-e4fd-468b-a255-6b62ca7f77d7","height":40,"min_height":0},"geometry":{"type":"Polygon","coordinates":[[[-74.00330543518066,40.7497197393167],[-74.00364875793457,40.7492442598672],[-74.00333762168884,40.749114213613694],[-74.00299429893494,40.7495856300726],[-74.00330543518066,40.7497197393167]]]}},{"type":"Feature","properties":{"id":"63313962-3866-3662-B064-653039343163","building_id":"7d87bc36-9b1a-4c79-95ce-d87dc30c307b","height":70,"min_height":0},"geometry":{"type":"Polygon","coordinates":[[[-74.00638461112976,40.74928489926927],[-74.00630950927734,40.74925645169043],[-74.00627195835114,40.74931334683595],[-74.00634706020355,40.74934179439043],[-74.00638461112976,40.74928489926927]]]}},{"type":"Feature","properties":{"id":"31306630-6233-3334-B862-636330353536","building_id":"e6dc0b48-2e85-448e-9884-6a66839acd0d","height":6,"min_height":0},"geometry":{"type":"Polygon","coordinates":[[[-74.00612711906433,40.749110149664176],[-74.00627195835114,40.74891101583344],[-74.00564432144165,40.74864685779082],[-74.00549948215485,40.74884599241261],[-74.00612711906433,40.749110149664176]]]}},{"type":"Feature","properties":{"id":"39336131-3532-3861-A162-333531386461","building_id":"62576fbe-0cc3-4d66-a37d-1d7d7a5a54cb","height":49,"min_height":0},"geometry":{"type":"Polygon","coordinates":[[[-74.00655627250671,40.751820748828834],[-74.00619685649872,40.75166632485818],[-74.00616466999054,40.75165413347679],[-74.0061753988266,40.75167038865149],[-74.00615394115448,40.751702898988924],[-74.00615930557251,40.75171915415169],[-74.0064811706543,40.75185325909274],[-74.00650262832642,40.75185325909274],[-74.00652945041656,40.75182481261271],[-74.00655627250671,40.751820748828834]]]}},{"type":"Feature","properties":{"id":"66316135-3238-3338-A661-333665303238","building_id":"f0c2196e-6ddb-4d95-9755-1503971734ba","height":50,"min_height":47.2},"geometry":{"type":"Polygon","coordinates":[[[-74.00600910186768,40.749975765304356],[-74.00593400001526,40.749943254122456],[-74.00589644908905,40.75000014868033],[-74.00596618652344,40.7500326598344],[-74.00600910186768,40.749975765304356]]]}},{"type":"Feature","properties":{"id":"34333162-6362-3533-A536-313836663931","building_id":"623a047c-67c0-4aab-8509-f0767006c9c1","height":4,"min_height":0},"geometry":{"type":"Polygon","coordinates":[[[-74.00393843650818,40.749703483665144],[-74.00401890277863,40.74974005887552],[-74.0040135383606,40.74974818669733],[-74.0042495727539,40.7498457204814],[-74.00428175926208,40.749796953607245],[-74.00396525859833,40.749662844518895],[-74.00393843650818,40.749703483665144]]]}},{"type":"Feature","properties":{"id":"62303436-6665-3262-B837-616332393038","building_id":"412ecd43-b44a-4c82-98fa-cd54b68810fa","height":41,"min_height":37.6},"geometry":{"type":"Polygon","coordinates":[[[-74.0043193101883,40.75002453204738],[-74.00438368320465,40.749939190223614],[-74.00431394577026,40.7499107429247],[-74.0042495727539,40.749996084784925],[-74.0043193101883,40.75002453204738]]]}},{"type":"Feature","properties":{"id":"39376338-6333-3538-A537-303632653966","building_id":"62576fbe-0cc3-4d66-a37d-1d7d7a5a54cb","height":90.7,"min_height":85},"geometry":{"type":"Polygon","coordinates":[[[-74.00654554367065,40.75174353688834],[-74.00652408599854,40.75173134552111],[-74.00650262832642,40.75173540931044],[-74.00649189949036,40.75174760067691],[-74.00649189949036,40.7517679196161],[-74.00651335716248,40.75177604718999],[-74.0065348148346,40.75177198340316],[-74.00654554367065,40.751759792041156],[-74.00654554367065,40.75174353688834]]]}},{"type":"Feature","properties":{"id":"32666538-6631-3362-A535-356266393561","building_id":"fc899e62-22fa-4b9c-ac1c-caa4ed37e281","height":68,"min_height":0},"geometry":{"type":"Polygon","coordinates":[[[-74.00501668453217,40.75000014868033],[-74.00483965873718,40.749931062425134],[-74.004807472229,40.749975765304356],[-74.00497913360596,40.75004891540547],[-74.00501668453217,40.75000014868033]]]}},{"type":"Feature","properties":{"id":"35363435-6433-3566-B763-303839316561","building_id":"412ecd43-b44a-4c82-98fa-cd54b68810fa","height":40,"min_height":37.6},"geometry":{"type":"Polygon","coordinates":[[[-74.00425493717194,40.7501180015382],[-74.00427103042603,40.750089554315764],[-74.0042120218277,40.750061107081166],[-74.00419056415558,40.750089554315764],[-74.00425493717194,40.7501180015382]]]}},{"type":"Feature","properties":{"id":"37326134-3338-3334-B635-303932646537","building_id":"62576fbe-0cc3-4d66-a37d-1d7d7a5a54cb","height":81,"min_height":66},"geometry":{"type":"Polygon","coordinates":[[[-74.00622367858887,40.75162975070734],[-74.00643289089203,40.751349348215825],[-74.00606274604797,40.751190859328034],[-74.00605738162994,40.751174604036095],[-74.00607347488403,40.751142093440365],[-74.00606274604797,40.751129901962855],[-74.00579452514648,40.751016114731755],[-74.00576770305634,40.751016114731755],[-74.00550484657288,40.75136560346502],[-74.00550484657288,40.75138185871026],[-74.00578916072845,40.75150783672592],[-74.0058159828186,40.75150377292266],[-74.00583207607269,40.75148345390278],[-74.00585353374481,40.75147939009807],[-74.00622367858887,40.75162975070734]]]}},{"type":"Feature","properties":{"id":"33356133-6438-3462-B465-626637626433","building_id":"fc899e62-22fa-4b9c-ac1c-caa4ed37e281","height":68,"min_height":25},"geometry":{"type":"Polygon","coordinates":[[[-74.00508642196655,40.7499107429247],[-74.00493621826172,40.7498619760982],[-74.00487720966339,40.74994731802107],[-74.0050220489502,40.75000421257545],[-74.00508642196655,40.7499107429247]]]}},{"type":"Feature","properties":{"id":"31353735-6131-3762-B032-653230633633","building_id":"62576fbe-0cc3-4d66-a37d-1d7d7a5a54cb","height":51,"min_height":45},"geometry":{"type":"Polygon","coordinates":[[[-74.00737702846527,40.75194672601296],[-74.00744676589966,40.75197923621528],[-74.00747358798981,40.7519385984599],[-74.00740385055542,40.751910152016336],[-74.00737702846527,40.75194672601296]]]}},{"type":"Feature","properties":{"id":"64353031-6461-3662-B436-393864313035","building_id":"2954e2a5-27bd-4a80-a3ea-c513623945e8","height":38.9,"min_height":35},"geometry":{"type":"Polygon","coordinates":[[[-74.00695323944092,40.75125181663725],[-74.0069854259491,40.75120711461594],[-74.00692641735077,40.75118273168255],[-74.00688886642456,40.75122743372029],[-74.00695323944092,40.75125181663725]]]}},{"type":"Feature","properties":{"id":"34333633-3932-3133-A261-626334383935","building_id":"62a07cb3-80df-4583-93f2-718850233566","height":17,"min_height":0},"geometry":{"type":"Polygon","coordinates":[[[-74.00483965873718,40.7531902299273],[-74.00516152381897,40.753324331901325],[-74.00527954101562,40.75316178401923],[-74.00459289550781,40.75287732426935],[-74.00458216667175,40.75289357914497],[-74.00494694709778,40.753043936556224],[-74.00483965873718,40.7531902299273]]]}},{"type":"Feature","properties":{"id":"37663737-3738-3234-B732-313431663766","building_id":"62576fbe-0cc3-4d66-a37d-1d7d7a5a54cb","height":52,"min_height":0},"geometry":{"type":"Polygon","coordinates":[[[-74.00681376457214,40.75141843299744],[-74.00682985782623,40.751394050141556],[-74.00650262832642,40.751255880455886],[-74.0064811706543,40.751280263362446],[-74.00681376457214,40.75141843299744]]]}},{"type":"Feature","properties":{"id":"37396233-6432-3539-B439-623461313534","building_id":"62576fbe-0cc3-4d66-a37d-1d7d7a5a54cb","height":45,"min_height":0},"geometry":{"type":"Polygon","coordinates":[[[-74.00672793388367,40.75189389690027],[-74.00700688362122,40.752011746401706],[-74.00701761245728,40.75202800148895],[-74.00699615478516,40.75206051165151],[-74.00700151920319,40.752076766726844],[-74.00741994380951,40.752255572293166],[-74.00744140148163,40.752255572293166],[-74.00745749473572,40.75223931726157],[-74.00763988494873,40.75173947309952],[-74.00762915611267,40.75172728173155],[-74.00714099407196,40.75152409193632],[-74.00711953639984,40.75152815573833],[-74.00709271430969,40.75155660234532],[-74.0070766210556,40.75156472994507],[-74.00699079036713,40.75152815573833],[-74.00700151920319,40.75154847474454],[-74.00696933269501,40.751593176536375],[-74.00676012039185,40.75188576934076],[-74.00674402713776,40.75189389690027],[-74.00672793388367,40.75189389690027]]]}},{"type":"Feature","properties":{"id":"33633433-3431-3166-B862-353536653431","building_id":"d7f50c9b-2cb2-4195-a523-c9aa012958b4","height":27.4,"min_height":0},"geometry":{"type":"Polygon","coordinates":[[[-74.00437831878662,40.75066662416157],[-74.00420129299164,40.75091451882517],[-74.0044105052948,40.75099579556286],[-74.00444269180298,40.75095515720645],[-74.00438904762268,40.75093077418063],[-74.00453388690948,40.75073164580209],[-74.00437831878662,40.75066662416157]]]}},{"type":"Feature","properties":{"id":"31356234-6464-3239-B761-376238346666","building_id":"2954e2a5-27bd-4a80-a3ea-c513623945e8","height":38.9,"min_height":35},"geometry":{"type":"Polygon","coordinates":[[[-74.00590181350708,40.75080885891762],[-74.00593400001526,40.75076415659851],[-74.0058696269989,40.75073977350269],[-74.00583744049072,40.750784475838174],[-74.00590181350708,40.75080885891762]]]}},{"type":"Feature","properties":{"id":"66326532-6133-3236-B165-653630363930","building_id":"2954e2a5-27bd-4a80-a3ea-c513623945e8","height":38.9,"min_height":35},"geometry":{"type":"Polygon","coordinates":[[[-74.00663137435913,40.75111771048313],[-74.00666356086731,40.75107707220124],[-74.00656700134277,40.751036433894456],[-74.00654017925262,40.75107707220124],[-74.00663137435913,40.75111771048313]]]}},{"type":"Feature","properties":{"id":"32326634-6236-3263-B935-396264633932","building_id":"12864ccb-72fb-443e-bf12-f3b3e744f6da","height":17.4,"min_height":15},"geometry":{"type":"Polygon","coordinates":[[[-74.00439441204071,40.74956124654463],[-74.00437295436859,40.74958969399307],[-74.00442123413086,40.74961001359165],[-74.00439977645874,40.74963846101923],[-74.00443196296692,40.74965471668668],[-74.00447487831116,40.74959375791329],[-74.00439441204071,40.74956124654463]]]}},{"type":"Feature","properties":{"id":"39323961-6466-3865-A264-366465663630","building_id":"0d4ac3c4-8217-4c6a-b5f6-8148b890c082","height":40,"min_height":35},"geometry":{"type":"Polygon","coordinates":[[[-74.00488257408142,40.751129901962855],[-74.00492548942566,40.751068944541856],[-74.00485575199127,40.75104049772625],[-74.00482892990112,40.75107707220124],[-74.00485038757324,40.7510851998596],[-74.00483429431915,40.75110958282875],[-74.00488257408142,40.751129901962855]]]}},{"type":"Feature","properties":{"id":"35633761-3364-3931-B735-616130393138","building_id":"e6dc0b48-2e85-448e-9884-6a66839acd0d","height":34.3,"min_height":0},"geometry":{"type":"Polygon","coordinates":[[[-74.00542438030243,40.74894352752],[-74.00590717792511,40.749146725200916],[-74.0059232711792,40.74912234151199],[-74.00593400001526,40.74912640546077],[-74.00598764419556,40.74904919039156],[-74.00549948215485,40.74884599241261],[-74.00542438030243,40.74894352752]]]}},{"type":"Feature","properties":{"id":"63313838-6133-3433-B032-306536366663","building_id":"62576fbe-0cc3-4d66-a37d-1d7d7a5a54cb","height":64,"min_height":0},"geometry":{"type":"Polygon","coordinates":[[[-74.00679230690002,40.751446879651354],[-74.00681376457214,40.75141843299744],[-74.0064811706543,40.751280263362446],[-74.00646507740021,40.75130464626008],[-74.00679230690002,40.751446879651354]]]}},{"type":"Feature","properties":{"id":"32326135-3830-3134-B565-343834323038","building_id":"623a047c-67c0-4aab-8509-f0767006c9c1","height":15,"min_height":0},"geometry":{"type":"Polygon","coordinates":[[[-74.00412619113922,40.749447456629156],[-74.00396525859833,40.749662844518895],[-74.00428175926208,40.749796953607245],[-74.00442123413086,40.74961001359165],[-74.00437295436859,40.74958969399307],[-74.00439441204071,40.74956124654463],[-74.00412619113922,40.749447456629156]]]}},{"type":"Feature","properties":{"id":"32366664-3136-3231-B538-653337656332","building_id":"62576fbe-0cc3-4d66-a37d-1d7d7a5a54cb","height":66,"min_height":0},"geometry":{"type":"Polygon","coordinates":[[[-74.006786942482,40.75145094345805],[-74.00652408599854,40.75180855747578],[-74.0067332983017,40.75189389690027],[-74.00676012039185,40.75188576934076],[-74.00700151920319,40.75154441094381],[-74.00699079036713,40.75152815573833],[-74.00679230690002,40.751446879651354],[-74.006786942482,40.75145094345805]]]}},{"type":"Feature","properties":{"id":"35633330-3865-3264-A532-653264373931","building_id":"fc899e62-22fa-4b9c-ac1c-caa4ed37e281","height":25,"min_height":0},"geometry":{"type":"Polygon","coordinates":[[[-74.00501668453217,40.75000014868033],[-74.0050220489502,40.75000421257545],[-74.00508105754852,40.74992293462569],[-74.00501668453217,40.75000014868033]]]}},{"type":"Feature","properties":{"id":"65333465-3261-3936-B334-636662373639","building_id":"2954e2a5-27bd-4a80-a3ea-c513623945e8","height":44,"min_height":38.9},"geometry":{"type":"Polygon","coordinates":[[[-74.00654017925262,40.75091858266441],[-74.00655090808868,40.7508982634657],[-74.00655090808868,40.75089013578446],[-74.0065348148346,40.75087388041905],[-74.00650799274445,40.75087388041905],[-74.00649189949036,40.75089419962521],[-74.00649726390839,40.75091451882517],[-74.00651335716248,40.75091858266441],[-74.00654017925262,40.75091858266441]]]}},{"type":"Feature","properties":{"id":"31333761-3736-3237-A634-616231663835","building_id":"e87ee0f1-9134-4c81-8df3-03b1d56b7976","height":110,"min_height":0},"geometry":{"type":"Polygon","coordinates":[[[-73.99391770362854,40.75267007425663],[-73.99394989013672,40.75268632918292],[-73.99394452571869,40.75269039291388],[-73.99398744106293,40.75271071156493],[-73.99396598339081,40.752735093937986],[-73.99399280548096,40.752739157665985],[-73.99402499198914,40.75269039291388],[-73.9940196275711,40.75268226545171],[-73.99394989013672,40.752649755593154],[-73.9939284324646,40.752653819326355],[-73.99391770362854,40.75267007425663]]]}},{"type":"Feature","properties":{"id":"35643563-3765-3666-B134-303064306134","building_id":"23d5d53e-313d-4a2f-a6bf-fd57b080ecaa","height":13.9,"min_height":10.6},"geometry":{"type":"Polygon","coordinates":[[[-73.99379432201385,40.75852971767563],[-73.99366021156311,40.75870850588748],[-73.99389088153839,40.75880602652765],[-73.99390697479248,40.75880196317047],[-73.99416983127594,40.75843626000986],[-73.99377822875977,40.758273724626065],[-73.99368166923523,40.75840375296491],[-73.99379432201385,40.75852971767563]]]}},{"type":"Feature","properties":{"id":"65386133-3435-3161-A533-336436633866","building_id":"23d5d53e-313d-4a2f-a6bf-fd57b080ecaa","height":10.6,"min_height":7.3},"geometry":{"type":"Polygon","coordinates":[[[-73.99379432201385,40.75852971767563],[-73.99366021156311,40.75870850588748],[-73.99389088153839,40.75880602652765],[-73.99390697479248,40.75880196317047],[-73.99416983127594,40.75843626000986],[-73.99377822875977,40.758273724626065],[-73.99368166923523,40.75840375296491],[-73.99379432201385,40.75852971767563]]]}},{"type":"Feature","properties":{"id":"34646539-6539-3461-A565-646235343034","building_id":"e87ee0f1-9134-4c81-8df3-03b1d56b7976","height":135,"min_height":0},"geometry":{"type":"Polygon","coordinates":[[[-73.99371385574341,40.75294234374803],[-73.99391770362854,40.75267007425663],[-73.99363875389099,40.752552225922074],[-73.99344027042389,40.75282449589605],[-73.99371385574341,40.75294234374803]]]}},{"type":"Feature","properties":{"id":"63616364-3033-3535-B137-633235623232","building_id":"6e80fcb1-8e5d-4103-ba55-f3608b668816","height":37.6,"min_height":0},"geometry":{"type":"Polygon","coordinates":[[[-74.00139033794403,40.74971161149142],[-74.00147080421448,40.74960594967243],[-74.00142252445221,40.74958969399307],[-74.00141716003418,40.74956531046658],[-74.00144398212433,40.74953279908402],[-74.00130450725555,40.749475904126285],[-74.0012776851654,40.74950841553667],[-74.00125086307526,40.74951654338679],[-74.00120794773102,40.74949622375962],[-74.0011328458786,40.74960188575298],[-74.00117039680481,40.74961814142935],[-74.00118112564087,40.74964252493646],[-74.00115966796875,40.74967503626539],[-74.0012937784195,40.749731931052736],[-74.00132060050964,40.749699419751664],[-74.00134742259979,40.74969129192388],[-74.00139033794403,40.74971161149142]]]}},{"type":"Feature","properties":{"id":"65616332-3665-3438-B765-356166366433","building_id":"e87ee0f1-9134-4c81-8df3-03b1d56b7976","height":83,"min_height":0},"geometry":{"type":"Polygon","coordinates":[[[-73.99406790733337,40.75263350065791],[-73.99405181407928,40.752649755593154],[-73.99411618709564,40.75268632918292],[-73.9941269159317,40.75267007425663],[-73.9940893650055,40.752653819326355],[-73.99409472942352,40.752645691859726],[-73.99406790733337,40.75263350065791]]]}},{"type":"Feature","properties":{"id":"31343133-3033-3365-A431-343332636361","building_id":"23d5d53e-313d-4a2f-a6bf-fd57b080ecaa","height":96.4,"min_height":83.2},"geometry":{"type":"Polygon","coordinates":[[[-73.99384260177612,40.758460640283175],[-73.99392306804657,40.75849721067635],[-73.99394989013672,40.758489083924076],[-73.99403035640717,40.75852565430159],[-73.99405181407928,40.7585215909273],[-73.99407863616943,40.75852971767563],[-73.99410009384155,40.75852565430159],[-73.99414300918579,40.75846470366119],[-73.99413764476776,40.758448450147654],[-73.99411618709564,40.75844032338938],[-73.99411082267761,40.75842000648936],[-73.99383187294006,40.75830623173459],[-73.99381041526794,40.75831029512207],[-73.9937835931778,40.75830216834689],[-73.99376213550568,40.75830623173459],[-73.99371922016144,40.75836718252029],[-73.99372458457947,40.75838343605372],[-73.99374604225159,40.75839562620118],[-73.99375140666962,40.758411879727646],[-73.9938372373581,40.758444386768645],[-73.99384260177612,40.758460640283175]]]}},{"type":"Feature","properties":{"id":"35666635-3061-3835-B230-656130326164","building_id":"4832c177-eea1-4558-97d3-2ffe55202752","height":133,"min_height":0},"geometry":{"type":"Polygon","coordinates":[[[-74.00038182735443,40.75390543733002],[-74.0002691745758,40.75386073709274],[-74.00027990341187,40.75384448245356],[-73.99988830089569,40.75393388291988],[-74.00019407272339,40.75406391974724],[-74.0002852678299,40.75393794657461],[-74.00034427642822,40.753958264844385],[-74.00038182735443,40.75390543733002]]]}},{"type":"Feature","properties":{"id":"66343531-3364-3566-A133-333563663164","building_id":"4ad3452c-e4fd-468b-a255-6b62ca7f77d7","height":48.4,"min_height":40},"geometry":{"type":"Polygon","coordinates":[[[-74.00338590145111,40.749528735160084],[-74.003546833992,40.749309282898594],[-74.00346100330353,40.74927270745124],[-74.00339126586914,40.74937024193278],[-74.0033107995987,40.74933773045481],[-74.00321960449219,40.749459648415126],[-74.00338590145111,40.749528735160084]]]}},{"type":"Feature","properties":{"id":"37363433-6265-3138-B431-633561386562","building_id":"01bab36b-f02a-48a1-846e-93ad8cbba88b","height":81,"min_height":0},"geometry":{"type":"Polygon","coordinates":[[[-73.99452924728394,40.75497417041743],[-73.99461507797241,40.75485632616687],[-73.99422347545624,40.75468971842173],[-73.99413228034973,40.75480756296761],[-73.99452924728394,40.75497417041743]]]}},{"type":"Feature","properties":{"id":"35343536-3733-3535-B930-306161363138","building_id":"3e935c2f-7843-4789-bbb1-dcba468d03d3","height":30,"min_height":0},"geometry":{"type":"Polygon","coordinates":[[[-73.9969539642334,40.75681901524575],[-73.99668037891388,40.75670117426532],[-73.99665355682373,40.756737745626424],[-73.99693250656128,40.75685152306565],[-73.9969539642334,40.75681901524575]]]}},{"type":"Feature","properties":{"id":"63396636-6436-3635-B761-373934633236","building_id":"5f913ca9-23c1-4892-95cb-44fd4c412108","height":68,"min_height":0},"geometry":{"type":"Polygon","coordinates":[[[-73.99909436702728,40.75384041879312],[-73.9989173412323,40.75376727286314],[-73.99889051914215,40.75379978217529],[-73.99906754493713,40.75387292806951],[-73.99909436702728,40.75384041879312]]]}},{"type":"Feature","properties":{"id":"31313137-3135-3334-B062-333336303334","building_id":"e87ee0f1-9134-4c81-8df3-03b1d56b7976","height":97,"min_height":0},"geometry":{"type":"Polygon","coordinates":[[[-73.99399280548096,40.752739157665985],[-73.99400353431702,40.7527432213937],[-73.99402499198914,40.75271477529441],[-73.99407863616943,40.752739157665985],[-73.99411618709564,40.75268632918292],[-73.99405181407928,40.752649755593154],[-73.99406790733337,40.75263350065791],[-73.99400353431702,40.75260911824759],[-73.99399280548096,40.75262537318878],[-73.99396061897278,40.752613181983264],[-73.9939284324646,40.752653819326355],[-73.99394989013672,40.752649755593154],[-73.9940196275711,40.75268226545171],[-73.99402499198914,40.75269039291388],[-73.99399280548096,40.752739157665985]]]}},{"type":"Feature","properties":{"id":"33306438-3061-3839-A164-663431623162","building_id":"b4548e1a-e794-48a7-b7ea-baf5571417cc","height":31,"min_height":0},"geometry":{"type":"Polygon","coordinates":[[[-73.99494767189026,40.758444386768645],[-73.99500131607056,40.758371245904044],[-73.99495840072632,40.75835499236763],[-73.99490475654602,40.758424069869875],[-73.99494767189026,40.758444386768645]]]}},{"type":"Feature","properties":{"id":"30346366-6638-3237-B739-613639663132","building_id":"0f149766-b09a-4af7-9aa4-7d621cde08d2","height":308.2,"min_height":0},"geometry":{"type":"Polygon","coordinates":[[[-74.00025844573975,40.75483600817154],[-74.00053203105927,40.75444996508017],[-73.99974346160889,40.75412487442253],[-73.99946987628937,40.75450685578184],[-74.00025844573975,40.75483600817154]]]}},{"type":"Feature","properties":{"id":"31323564-3133-3236-B865-353162343635","building_id":"23d5d53e-313d-4a2f-a6bf-fd57b080ecaa","height":139,"min_height":0},"geometry":{"type":"Polygon","coordinates":[[[-73.99391233921051,40.758375309287516],[-73.99386405944824,40.758359055752095],[-73.99384796619415,40.758363119136334],[-73.99383187294006,40.75838343605372],[-73.9938372373581,40.75839968958314],[-73.99386405944824,40.75840781634639],[-73.99388551712036,40.758375309287516],[-73.99391233921051,40.758375309287516]]]}},{"type":"Feature","properties":{"id":"61383364-3835-3437-B262-616537343961","building_id":"23d5d53e-313d-4a2f-a6bf-fd57b080ecaa","height":129.4,"min_height":122.8},"geometry":{"type":"Polygon","coordinates":[[[-73.99384260177612,40.758460640283175],[-73.99392306804657,40.75849721067635],[-73.99394989013672,40.758489083924076],[-73.99403035640717,40.75852565430159],[-73.99405181407928,40.7585215909273],[-73.99407863616943,40.75852971767563],[-73.99410009384155,40.75852565430159],[-73.99414300918579,40.75846470366119],[-73.99413764476776,40.758448450147654],[-73.99411618709564,40.75844032338938],[-73.99411082267761,40.75842000648936],[-73.99383187294006,40.75830623173459],[-73.99381041526794,40.75831029512207],[-73.9937835931778,40.75830216834689],[-73.99376213550568,40.75830623173459],[-73.99371922016144,40.75836718252029],[-73.99372458457947,40.75838343605372],[-73.99374604225159,40.75839562620118],[-73.99375140666962,40.758411879727646],[-73.9938372373581,40.758444386768645],[-73.99384260177612,40.758460640283175]]]}},{"type":"Feature","properties":{"id":"33626431-3035-3530-A365-306232663436","building_id":"23d5d53e-313d-4a2f-a6bf-fd57b080ecaa","height":7.3,"min_height":4},"geometry":{"type":"Polygon","coordinates":[[[-73.99379432201385,40.75852971767563],[-73.99366021156311,40.75870850588748],[-73.99389088153839,40.75880602652765],[-73.99390697479248,40.75880196317047],[-73.99416983127594,40.75843626000986],[-73.99377822875977,40.758273724626065],[-73.99368166923523,40.75840375296491],[-73.99379432201385,40.75852971767563]]]}},{"type":"Feature","properties":{"id":"37656161-6534-3336-A166-356364623539","building_id":"06caacc0-49d7-482e-a960-9e8835082b10","height":44.5,"min_height":0},"geometry":{"type":"Polygon","coordinates":[[[-73.9954948425293,40.75507982370584],[-73.99551093578339,40.7550595057788],[-73.99546265602112,40.75503918784557],[-73.99544656276703,40.7550595057788],[-73.9954948425293,40.75507982370584]]]}},{"type":"Feature","properties":{"id":"62626565-3064-3463-A564-653234326436","building_id":"777b00f2-db2a-4530-b2ec-a2897518fd28","height":31.2,"min_height":27},"geometry":{"type":"Polygon","coordinates":[[[-73.99670720100403,40.752405931147194],[-73.99672329425812,40.75238561240303],[-73.99668574333191,40.75237342115352],[-73.99667501449585,40.75238967615235],[-73.99670720100403,40.752405931147194]]]}},{"type":"Feature","properties":{"id":"33316563-6663-3530-B139-616362663338","building_id":"7f8ffa39-08c1-4a0c-bbea-f5c6eb1fc99c","height":47,"min_height":0},"geometry":{"type":"Polygon","coordinates":[[[-73.99483501911163,40.75833061205557],[-73.99486720561981,40.75828997818229],[-73.99480819702148,40.75826559784642],[-73.99478137493134,40.75831029512207],[-73.99483501911163,40.75833061205557]]]}},{"type":"Feature","properties":{"id":"62383435-6238-3433-A161-646666353634","building_id":"364eaefe-afe4-4256-ba4f-1cefb06429bd","height":256,"min_height":145},"geometry":{"type":"Polygon","coordinates":[[[-74.00340735912323,40.75336090512005],[-74.00332689285278,40.753328395593286],[-74.00335371494293,40.753356841430076],[-74.00340735912323,40.75336090512005]]]}},{"type":"Feature","properties":{"id":"39373634-3138-3062-A332-383564336634","building_id":"2c7d90e0-74d1-41c7-92f7-df209edb689f","height":47,"min_height":0},"geometry":{"type":"Polygon","coordinates":[[[-73.99878859519958,40.753312140823965],[-73.99878323078156,40.753312140823965],[-73.99869203567505,40.75343811518235],[-73.99869203567505,40.753442178867346],[-73.99878859519958,40.753312140823965]]]}},{"type":"Feature","properties":{"id":"64616364-3930-3338-B064-396436343036","building_id":"df823e4e-3cb8-46d8-a7e5-567387dd4e5b","height":14,"min_height":0},"geometry":{"type":"Polygon","coordinates":[[[-73.99848818778992,40.75853784442296],[-73.99849355220795,40.75855409791467],[-73.998504281044,40.758562224659016],[-73.99852573871613,40.75855409791467],[-73.99852573871613,40.7585459711693],[-73.9985203742981,40.75853378104944],[-73.99849891662598,40.75852971767563],[-73.99848818778992,40.75853784442296]]]}},{"type":"Feature","properties":{"id":"61663039-6562-3662-B533-333664666637","building_id":"8f00e870-b888-476c-9d5d-a406c2623956","height":23,"min_height":0},"geometry":{"type":"Polygon","coordinates":[[[-74.0011328458786,40.75121930607929],[-74.00132060050964,40.75130058244443],[-74.00165855884552,40.75083324198812],[-73.99914264678955,40.74977257015678],[-73.99880468845367,40.75023991806788],[-74.0011328458786,40.75121930607929]]]}},{"type":"Feature","properties":{"id":"36386435-3864-3938-A631-393361633363","building_id":"df823e4e-3cb8-46d8-a7e5-567387dd4e5b","height":16,"min_height":0},"geometry":{"type":"Polygon","coordinates":[[[-73.99849891662598,40.758541907796285],[-73.998504281044,40.75855003454208],[-73.99851500988007,40.7585459711693],[-73.99850964546204,40.75853784442296],[-73.99849891662598,40.758541907796285]]]}},{"type":"Feature","properties":{"id":"34653563-3761-3032-A161-353330643333","building_id":"30f00095-5b55-4205-a02f-c71bf8c7f7a8","height":5.5,"min_height":0},"geometry":{"type":"Polygon","coordinates":[[[-74.00321960449219,40.75328369496805],[-74.00332152843475,40.75314959291205],[-74.00290846824646,40.752978917176875],[-74.0028065443039,40.753113019577114],[-74.00321960449219,40.75328369496805]]]}},{"type":"Feature","properties":{"id":"36326565-3765-3534-B030-373136303233","building_id":"06caacc0-49d7-482e-a960-9e8835082b10","height":41.8,"min_height":0},"geometry":{"type":"Polygon","coordinates":[[[-73.99580597877502,40.75519360398255],[-73.99585425853729,40.75512452312347],[-73.9955323934555,40.75499042478043],[-73.99552166461945,40.75500261555004],[-73.99545192718506,40.75497823400855],[-73.99541974067688,40.75502699708264],[-73.99537146091461,40.755006679139456],[-73.9952427148819,40.75518954040459],[-73.99521052837372,40.755177349669225],[-73.99515688419342,40.755250494047885],[-73.99533927440643,40.755327701915775],[-73.99531245231628,40.75536021046494],[-73.99540901184082,40.75540084612902],[-73.99543583393097,40.75536833759975],[-73.99555385112762,40.75541710038769],[-73.99566113948822,40.755319574776024],[-73.99543583393097,40.755230176173],[-73.99553775787354,40.75508388729051],[-73.99580597877502,40.75519360398255]]]}},{"type":"Feature","properties":{"id":"65363562-6461-3965-B131-343138386438","building_id":"a1f17137-0041-4d53-bc12-0ba43e681512","height":35,"min_height":0},"geometry":{"type":"Polygon","coordinates":[[[-73.99475991725922,40.75239780365027],[-73.99420738220215,40.75217023333286],[-73.99412155151367,40.75228808234448],[-73.99466872215271,40.75251971599991],[-73.99475991725922,40.75239780365027]]]}},{"type":"Feature","properties":{"id":"39353337-3830-3266-B931-356431623132","building_id":"777b00f2-db2a-4530-b2ec-a2897518fd28","height":30,"min_height":0},"geometry":{"type":"Polygon","coordinates":[[[-73.99463653564453,40.75153221954008],[-73.99467408657074,40.75147939009807],[-73.99460434913635,40.75145094345805],[-73.99456679821014,40.75150377292266],[-73.99463653564453,40.75153221954008]]]}},{"type":"Feature","properties":{"id":"65353064-3535-3032-A530-346464363964","building_id":"b4548e1a-e794-48a7-b7ea-baf5571417cc","height":41,"min_height":0},"geometry":{"type":"Polygon","coordinates":[[[-73.99531781673431,40.75831029512207],[-73.9953339099884,40.75830623173459],[-73.99535000324249,40.75828591479362],[-73.99533927440643,40.75826559784642],[-73.99531245231628,40.75826153445624],[-73.99528563022614,40.75826966123634],[-73.99528563022614,40.75828185140466],[-73.99529099464417,40.75830216834689],[-73.99531781673431,40.75831029512207]]]}},{"type":"Feature","properties":{"id":"37373333-3038-3236-A431-646637386234","building_id":"2e7113ea-6ffd-410e-b8fc-03518996cff2","height":40,"min_height":0},"geometry":{"type":"Polygon","coordinates":[[[-74.00213599205017,40.75076415659851],[-74.00232374668121,40.750841369676266],[-74.0025007724762,40.750601602457465],[-74.00231301784515,40.75052438910126],[-74.00213599205017,40.75076415659851]]]}},{"type":"Feature","properties":{"id":"30353462-3565-3939-B764-653439373864","building_id":"4832c177-eea1-4558-97d3-2ffe55202752","height":395,"min_height":0},"geometry":{"type":"Polygon","coordinates":[[[-74.00086462497711,40.753921691954304],[-74.00061249732971,40.75423865633351],[-74.00097727775574,40.75439713795649],[-74.00102019309998,40.754384947075806],[-74.00125622749329,40.75408830162408],[-74.00086462497711,40.753921691954304]]]}},{"type":"Feature","properties":{"id":"66333631-3337-3134-B732-376636356666","building_id":"2ec9093a-15f6-4c33-8016-4b745f595ad0","height":26,"min_height":0},"geometry":{"type":"Polygon","coordinates":[[[-74.00262415409088,40.75460031897174],[-74.00268316268921,40.75452311025907],[-74.00220036506653,40.75432399263897],[-74.00180339813232,40.754746608918225],[-74.0018892288208,40.754783181354554],[-74.00216817855835,40.75440526520899],[-74.00262415409088,40.75460031897174]]]}},{"type":"Feature","properties":{"id":"32633663-3739-3434-B866-343266313164","building_id":"4c3b2826-af1c-4083-98ab-241c8601b4c4","height":42,"min_height":25},"geometry":{"type":"Polygon","coordinates":[[[-74.00321960449219,40.75234903864782],[-74.00276899337769,40.752158042043874],[-74.00268852710724,40.75227182732081],[-74.00313913822174,40.752458759853056],[-74.00321960449219,40.75234903864782]]]}},{"type":"Feature","properties":{"id":"39623138-6239-3166-A361-376435366462","building_id":"2c7d90e0-74d1-41c7-92f7-df209edb689f","height":10,"min_height":0},"geometry":{"type":"Polygon","coordinates":[[[-74.0002316236496,40.75282855961859],[-74.00032818317413,40.75269039291388],[-74.00018870830536,40.75263350065791],[-74.0000867843628,40.75276760375485],[-74.0002316236496,40.75282855961859]]]}},{"type":"Feature","properties":{"id":"63333132-3330-3837-A463-343064393337","building_id":"6e80fcb1-8e5d-4103-ba55-f3608b668816","height":7,"min_height":0},"geometry":{"type":"Polygon","coordinates":[[[-74.0012937784195,40.749731931052736],[-74.00161564350128,40.749870103905096],[-74.00171220302582,40.74974005887552],[-74.00167465209961,40.74972380322896],[-74.0016907453537,40.749699419751664],[-74.0016907453537,40.749553118699964],[-74.00168001651764,40.74953279908402],[-74.00164246559143,40.74950841553667],[-74.00159955024719,40.74950435161125],[-74.00156199932098,40.74951247946183],[-74.0015298128128,40.74954092693113],[-74.00151908397675,40.749536863007705],[-74.00152444839478,40.749528735160084],[-74.00126695632935,40.74941900911986],[-74.00120794773102,40.74949622375962],[-74.00125086307526,40.74951654338679],[-74.0012776851654,40.74950841553667],[-74.00130450725555,40.749475904126285],[-74.00144398212433,40.74953279908402],[-74.00141716003418,40.74956531046658],[-74.00142252445221,40.74958969399307],[-74.00147080421448,40.74960594967243],[-74.00139033794403,40.74971161149142],[-74.00134742259979,40.74969129192388],[-74.00132060050964,40.749699419751664],[-74.0012937784195,40.749731931052736]]]}},{"type":"Feature","properties":{"id":"34636336-3337-3239-A130-363732363331","building_id":"a1f17137-0041-4d53-bc12-0ba43e681512","height":35,"min_height":0},"geometry":{"type":"Polygon","coordinates":[[[-73.99486720561981,40.752255572293166],[-73.99495840072632,40.752129595694214],[-73.99440586566925,40.751902024458815],[-73.99431467056274,40.752023937717496],[-73.99486720561981,40.752255572293166]]]}},{"type":"Feature","properties":{"id":"33646162-3539-3565-A563-393364663339","building_id":"b4548e1a-e794-48a7-b7ea-baf5571417cc","height":28.2,"min_height":0},"geometry":{"type":"Polygon","coordinates":[[[-73.99532318115234,40.75860285836586],[-73.9955323934555,40.758318421896206],[-73.99561285972595,40.75835499236763],[-73.99575769901276,40.758155886224245],[-73.99567186832428,40.75811931564331],[-73.99565577507019,40.758143696032846],[-73.99535536766052,40.75801773059064],[-73.99537146091461,40.75799741356147],[-73.99525344371796,40.75794865266613],[-73.99510324001312,40.758155886224245],[-73.99515151977539,40.75817620320501],[-73.99510324001312,40.758237154109906],[-73.99505496025085,40.75821683714781],[-73.99490475654602,40.758424069869875],[-73.99503350257874,40.75847689379373],[-73.9950442314148,40.758460640283175],[-73.99525880813599,40.75855003454208],[-73.99524807929993,40.75857035140237],[-73.99532318115234,40.75860285836586]]]}},{"type":"Feature","properties":{"id":"31303635-3539-3163-B666-313530313433","building_id":"7aade935-4a8f-47de-b91e-256d4b32e0b0","height":272.8,"min_height":0},"geometry":{"type":"Polygon","coordinates":[[[-74.00170147418976,40.75247907857488],[-74.00142252445221,40.75276760375485],[-74.00154054164886,40.75286106938972],[-74.00175511837006,40.75257254461533],[-74.00181949138641,40.752596927039065],[-74.00185704231262,40.752544098443025],[-74.00170147418976,40.75247907857488]]]}},{"type":"Feature","properties":{"id":"36356539-3539-3166-B536-313639336536","building_id":"777b00f2-db2a-4530-b2ec-a2897518fd28","height":29.1,"min_height":27},"geometry":{"type":"Polygon","coordinates":[[[-73.99729192256927,40.75165413347679],[-73.99733483791351,40.751593176536375],[-73.997243642807,40.75155660234532],[-73.99720072746277,40.75161755931927],[-73.99729192256927,40.75165413347679]]]}},{"type":"Feature","properties":{"id":"66373730-3134-3031-A238-636630613431","building_id":"2c7d90e0-74d1-41c7-92f7-df209edb689f","height":47,"min_height":0},"geometry":{"type":"Polygon","coordinates":[[[-74.00018870830536,40.75263350065791],[-74.00018334388733,40.752629436923485],[-74.0000867843628,40.7527554125754],[-74.00009214878082,40.752759476302145],[-74.00018870830536,40.75263350065791]]]}},{"type":"Feature","properties":{"id":"36663633-3366-3434-B236-623832646133","building_id":"4c3b2826-af1c-4083-98ab-241c8601b4c4","height":40,"min_height":25},"geometry":{"type":"Polygon","coordinates":[[[-74.00306403636932,40.75227995483314],[-74.00306940078735,40.75227182732081],[-74.00294065475464,40.75221899846645],[-74.00293529033661,40.75222712598523],[-74.00306403636932,40.75227995483314]]]}},{"type":"Feature","properties":{"id":"63383464-3363-3238-B336-643336376231","building_id":"9d3ddc43-b5b3-4fbf-bc13-73af8febe9bb","height":5.5,"min_height":0},"geometry":{"type":"Polygon","coordinates":[[[-74.00319278240204,40.75147939009807],[-74.00318741798401,40.75148751770726],[-74.00326251983643,40.75152002813411],[-74.00326788425446,40.75150783672592],[-74.00319278240204,40.75147939009807]]]}},{"type":"Feature","properties":{"id":"31313238-3266-3535-B230-656164376635","building_id":"56be4861-13d0-42a1-833b-1445579bd6e2","height":173.7,"min_height":0},"geometry":{"type":"Polygon","coordinates":[[[-73.99949669837952,40.75843219663014],[-73.99970054626465,40.75851346417798],[-73.99972200393677,40.75848502054754],[-73.99973809719086,40.758493147300356],[-73.99985611438751,40.758334675441546],[-73.99965763092041,40.758249344284195],[-73.99964153766632,40.75827778801548],[-73.99961471557617,40.75826966123634],[-73.99949669837952,40.75843219663014]]]}},{"type":"Feature","properties":{"id":"39666332-6132-3262-A434-363231376536","building_id":"3e935c2f-7843-4789-bbb1-dcba468d03d3","height":30,"min_height":0},"geometry":{"type":"Polygon","coordinates":[[[-73.99693787097931,40.75668898380712],[-73.99696469306946,40.75664428544138],[-73.99677693843842,40.75656707910244],[-73.9967554807663,40.75659552355353],[-73.99691104888916,40.75665647590773],[-73.9969003200531,40.75667272985942],[-73.99693787097931,40.75668898380712]]]}},{"type":"Feature","properties":{"id":"62646232-3637-3534-B535-393534363530","building_id":"06caacc0-49d7-482e-a960-9e8835082b10","height":30,"min_height":0},"geometry":{"type":"Polygon","coordinates":[[[-73.99540901184082,40.75540084612902],[-73.99552166461945,40.755449608893116],[-73.99555385112762,40.75541710038769],[-73.99543583393097,40.75536833759975],[-73.99540901184082,40.75540084612902]]]}},{"type":"Feature","properties":{"id":"63643263-6562-3632-B537-396331666538","building_id":"b4548e1a-e794-48a7-b7ea-baf5571417cc","height":31,"min_height":0},"geometry":{"type":"Polygon","coordinates":[[[-73.99523198604584,40.75813556923731],[-73.99524807929993,40.758111188844794],[-73.99521052837372,40.75809493524483],[-73.99519443511963,40.75811931564331],[-73.99523198604584,40.75813556923731]]]}},{"type":"Feature","properties":{"id":"63383734-3966-3034-B961-313137386265","building_id":"0f149766-b09a-4af7-9aa4-7d621cde08d2","height":33,"min_height":0},"geometry":{"type":"Polygon","coordinates":[[[-74.00051593780518,40.75497010682605],[-74.00083243846893,40.754531237496195],[-73.99972200393677,40.75406798339401],[-73.99940550327301,40.75450685578184],[-74.00051593780518,40.75497010682605]]]}},{"type":"Feature","properties":{"id":"36313138-3261-3334-B330-386230666537","building_id":"3e935c2f-7843-4789-bbb1-dcba468d03d3","height":26,"min_height":0},"geometry":{"type":"Polygon","coordinates":[[[-73.99668037891388,40.75670117426532],[-73.99660527706146,40.756668666371866],[-73.99658381938934,40.75670523775088],[-73.99665355682373,40.756737745626424],[-73.99668037891388,40.75670117426532]]]}},{"type":"Feature","properties":{"id":"34316166-3564-3434-B633-316464393931","building_id":"7aade935-4a8f-47de-b91e-256d4b32e0b0","height":272.8,"min_height":0},"geometry":{"type":"Polygon","coordinates":[[[-74.00101482868195,40.75264162812604],[-74.00106310844421,40.75266194679199],[-74.00107383728027,40.752645691859726],[-74.00140643119812,40.75277979493205],[-74.00148153305054,40.75283668706285],[-74.00154054164886,40.75286106938972],[-74.00142252445221,40.75276760375485],[-74.00103092193604,40.75261724571868],[-74.00101482868195,40.75264162812604]]]}},{"type":"Feature","properties":{"id":"66623861-3339-3532-A165-363431616435","building_id":"4ad3452c-e4fd-468b-a255-6b62ca7f77d7","height":43,"min_height":40},"geometry":{"type":"Polygon","coordinates":[[[-74.00310695171356,40.74958156615193],[-74.00303721427917,40.749549054777276],[-74.00301575660706,40.74957750223095],[-74.00308549404144,40.74960594967243],[-74.00310695171356,40.74958156615193]]]}},{"type":"Feature","properties":{"id":"32316361-3561-3361-A234-343739643631","building_id":"6e80fcb1-8e5d-4103-ba55-f3608b668816","height":11,"min_height":7},"geometry":{"type":"Polygon","coordinates":[[[-74.00159418582916,40.74976850624748],[-74.00165319442749,40.74968316409516],[-74.0015834569931,40.74965471668668],[-74.00152444839478,40.74974005887552],[-74.00159418582916,40.74976850624748]]]}},{"type":"Feature","properties":{"id":"33306234-6137-3262-B036-613833326265","building_id":"23d5d53e-313d-4a2f-a6bf-fd57b080ecaa","height":145,"min_height":0},"geometry":{"type":"Polygon","coordinates":[[[-73.99393916130066,40.75847283041645],[-73.99396598339081,40.75846876703895],[-73.99399280548096,40.75842000648936],[-73.9939820766449,40.75840375296491],[-73.99391233921051,40.758375309287516],[-73.99388551712036,40.758375309287516],[-73.99385333061218,40.75842000648936],[-73.99385869503021,40.75843626000986],[-73.99393916130066,40.75847283041645]]]}},{"type":"Feature","properties":{"id":"36376164-6164-3264-A235-393764666463","building_id":"06caacc0-49d7-482e-a960-9e8835082b10","height":45,"min_height":0},"geometry":{"type":"Polygon","coordinates":[[[-73.99538218975067,40.75529112977901],[-73.99541437625885,40.75524236689867],[-73.99532318115234,40.755205794714925],[-73.99529099464417,40.755254557622095],[-73.99538218975067,40.75529112977901]]]}},{"type":"Feature","properties":{"id":"61646230-6135-3063-B130-613133303533","building_id":"2ec9093a-15f6-4c33-8016-4b745f595ad0","height":210,"min_height":173},"geometry":{"type":"Polygon","coordinates":[[[-74.00246322154999,40.754649082323],[-74.00247931480408,40.75458000089813],[-74.00247395038605,40.7545353011144],[-74.00227010250092,40.75445402870332],[-74.00217890739441,40.75444590145676],[-74.00213599205017,40.75444996508017],[-74.00196969509125,40.75467752759471],[-74.00233447551727,40.754827880971646],[-74.00246322154999,40.754649082323]]]}},{"type":"Feature","properties":{"id":"38343130-6466-3330-A264-333431613139","building_id":"4832c177-eea1-4558-97d3-2ffe55202752","height":130,"min_height":0},"geometry":{"type":"Polygon","coordinates":[[[-74.00010287761688,40.75386886441083],[-74.00011897087097,40.7538810553861],[-74.00027990341187,40.75384448245356],[-74.0002691745758,40.75386073709274],[-74.00038182735443,40.75390543733002],[-74.00058031082153,40.753645362800995],[-74.00033891201019,40.75354377091179],[-74.00010287761688,40.75386886441083]]]}},{"type":"Feature","properties":{"id":"38376232-3330-3566-B539-366262373566","building_id":"06caacc0-49d7-482e-a960-9e8835082b10","height":44.5,"min_height":0},"geometry":{"type":"Polygon","coordinates":[[[-73.99536609649658,40.7552017311377],[-73.99540901184082,40.755140777449725],[-73.99537146091461,40.75512858670544],[-73.99532854557037,40.75518547682637],[-73.99536609649658,40.7552017311377]]]}},{"type":"Feature","properties":{"id":"66303161-6134-3166-A639-353131373438","building_id":"a66e9a4f-10c7-4f61-b490-1395d1534731","height":61.6,"min_height":0},"geometry":{"type":"Polygon","coordinates":[[[-73.9987564086914,40.75077634814306],[-73.99881541728973,40.7506950711371],[-73.99864375591278,40.75062598560393],[-73.99858474731445,40.750707262694334],[-73.9987564086914,40.75077634814306]]]}},{"type":"Feature","properties":{"id":"62653935-3736-3030-B862-363866343034","building_id":"aae41971-3009-46da-9ce3-0fd859c11735","height":28,"min_height":0},"geometry":{"type":"Polygon","coordinates":[[[-73.99787664413452,40.75302768171733],[-73.99786055088043,40.75303174542742],[-73.99784982204437,40.75303174542742],[-73.99786591529846,40.75303987284687],[-73.99787664413452,40.75302768171733]]]}},{"type":"Feature","properties":{"id":"62396161-3265-3330-B133-353862306565","building_id":"23d95035-8cee-4e9b-a680-0c1c70880c9e","height":238,"min_height":0},"geometry":{"type":"Polygon","coordinates":[[[-74.00185704231262,40.75523423974846],[-74.00177121162415,40.75535208332914],[-74.00184094905853,40.755380528300094],[-74.00192677974701,40.755262684769804],[-74.00185704231262,40.75523423974846]]]}},{"type":"Feature","properties":{"id":"35373963-3338-3164-A139-353262356366","building_id":"c09d14b1-48a9-4169-b95e-eece288eafeb","height":10,"min_height":0},"geometry":{"type":"Polygon","coordinates":[[[-74.00128841400146,40.751950789789106],[-74.00130987167358,40.75195891734069],[-74.00140106678009,40.75184106774566],[-74.00136888027191,40.7518288763963],[-74.00128841400146,40.751950789789106]]]}},{"type":"Feature","properties":{"id":"36656130-3134-3536-A663-306635666633","building_id":"a66e9a4f-10c7-4f61-b490-1395d1534731","height":47,"min_height":0},"geometry":{"type":"Polygon","coordinates":[[[-74.00033354759216,40.75131683770556],[-74.0003764629364,40.751259944274295],[-74.0002691745758,40.75121524225844],[-74.00022625923157,40.75127213572793],[-74.00033354759216,40.75131683770556]]]}},{"type":"Feature","properties":{"id":"64646632-6565-3435-B362-376166613532","building_id":"a66e9a4f-10c7-4f61-b490-1395d1534731","height":44,"min_height":0},"geometry":{"type":"Polygon","coordinates":[[[-73.99932503700256,40.75090232730594],[-73.99938404560089,40.75082511429895],[-73.9992606639862,40.750772284295124],[-73.99920165538788,40.750853561206696],[-73.99932503700256,40.75090232730594]]]}},{"type":"Feature","properties":{"id":"36656231-6135-3465-B962-303266613331","building_id":"7aade935-4a8f-47de-b91e-256d4b32e0b0","height":120,"min_height":0},"geometry":{"type":"Polygon","coordinates":[[[-74.00103092193604,40.75261724571868],[-74.00142252445221,40.75276760375485],[-74.00170147418976,40.75247907857488],[-74.00146007537842,40.752377484903604],[-74.00115966796875,40.752442504871084],[-74.00103092193604,40.75261724571868]]]}},{"type":"Feature","properties":{"id":"36643166-3161-3462-A666-383462313962","building_id":"23d5d53e-313d-4a2f-a6bf-fd57b080ecaa","height":83.2,"min_height":70},"geometry":{"type":"Polygon","coordinates":[[[-73.9938372373581,40.758444386768645],[-73.99403035640717,40.75852565430159],[-73.99405181407928,40.7585215909273],[-73.99407863616943,40.75852971767563],[-73.99410009384155,40.75852565430159],[-73.99414300918579,40.75846470366119],[-73.99413764476776,40.758448450147654],[-73.99411618709564,40.75844032338938],[-73.99411082267761,40.75842000648936],[-73.99383187294006,40.75830623173459],[-73.99381041526794,40.75831029512207],[-73.9937835931778,40.75830216834689],[-73.99376213550568,40.75830623173459],[-73.99371922016144,40.75836718252029],[-73.99372458457947,40.75838343605372],[-73.99374604225159,40.75839562620118],[-73.99375140666962,40.758411879727646],[-73.9938372373581,40.758444386768645]]]}},{"type":"Feature","properties":{"id":"64613933-6131-3262-B939-623464346137","building_id":"2ec9093a-15f6-4c33-8016-4b745f595ad0","height":290,"min_height":276},"geometry":{"type":"Polygon","coordinates":[[[-74.00216281414032,40.75475879973257],[-74.00216817855835,40.754714100069066],[-74.00202870368958,40.754701909246506],[-74.00216281414032,40.75475879973257]]]}},{"type":"Feature","properties":{"id":"38316637-3330-3964-B664-666363653264","building_id":"e87ee0f1-9134-4c81-8df3-03b1d56b7976","height":110,"min_height":0},"geometry":{"type":"Polygon","coordinates":[[[-73.99344027042389,40.75282449589605],[-73.99340271949768,40.75281230472706],[-73.99343490600586,40.75276760375485],[-73.99338126182556,40.7527432213937],[-73.99335980415344,40.75274728512116],[-73.9933168888092,40.75280824100355],[-73.99332761764526,40.75282449589605],[-73.99340271949768,40.7528570056692],[-73.9934241771698,40.75284887822741],[-73.99344027042389,40.75282449589605]]]}},{"type":"Feature","properties":{"id":"31353064-3331-3437-B664-383865353138","building_id":"a66e9a4f-10c7-4f61-b490-1395d1534731","height":44,"min_height":0},"geometry":{"type":"Polygon","coordinates":[[[-74.00022089481354,40.751475326293104],[-74.00026381015778,40.75141436918875],[-74.00015652179718,40.75136966727672],[-74.00011360645294,40.75143062442203],[-74.00022089481354,40.751475326293104]]]}},{"type":"Feature","properties":{"id":"63303463-3565-3662-A634-313032616531","building_id":"5f913ca9-23c1-4892-95cb-44fd4c412108","height":68,"min_height":0},"geometry":{"type":"Polygon","coordinates":[[[-73.99913191795349,40.754307738113056],[-73.99935185909271,40.754007028666564],[-73.99930894374847,40.75398671041168],[-73.99908900260925,40.75428741995006],[-73.99913191795349,40.754307738113056]]]}},{"type":"Feature","properties":{"id":"64356434-6666-3238-B865-356530396436","building_id":"01bab36b-f02a-48a1-846e-93ad8cbba88b","height":32,"min_height":0},"geometry":{"type":"Polygon","coordinates":[[[-73.99426102638245,40.75486445336327],[-73.99419665336609,40.75483600817154],[-73.994180560112,40.75485632616687],[-73.99424493312836,40.75488477134991],[-73.99426102638245,40.75486445336327]]]}},{"type":"Feature","properties":{"id":"38356463-3438-3231-B831-623962353064","building_id":"23d95035-8cee-4e9b-a680-0c1c70880c9e","height":242.5,"min_height":0},"geometry":{"type":"Polygon","coordinates":[[[-74.00190532207489,40.755140777449725],[-74.00186777114868,40.75519360398255],[-74.00195896625519,40.75523423974846],[-74.0019965171814,40.755181413247925],[-74.00190532207489,40.755140777449725]]]}},{"type":"Feature","properties":{"id":"64393538-3465-3433-A336-346637383039","building_id":"5f913ca9-23c1-4892-95cb-44fd4c412108","height":72,"min_height":0},"geometry":{"type":"Polygon","coordinates":[[[-73.99930894374847,40.75398671041168],[-73.99935185909271,40.754007028666564],[-73.99941086769104,40.753925755609714],[-73.99929285049438,40.75387292806951],[-73.99926602840424,40.75391356464263],[-73.99934113025665,40.75394201022905],[-73.99930894374847,40.75398671041168]]]}},{"type":"Feature","properties":{"id":"65623037-3436-3263-A238-306164333031","building_id":"346ff08f-e158-480a-92b6-feb73599883f","height":38,"min_height":0},"geometry":{"type":"Polygon","coordinates":[[[-73.99795174598694,40.75685152306565],[-73.99798393249512,40.75680682480916],[-73.99794638156891,40.756790570890274],[-73.99791419506073,40.756835269157676],[-73.99795174598694,40.75685152306565]]]}},{"type":"Feature","properties":{"id":"38336464-3034-3533-B963-653534613433","building_id":"23d5d53e-313d-4a2f-a6bf-fd57b080ecaa","height":70,"min_height":53.5},"geometry":{"type":"Polygon","coordinates":[[[-73.9938372373581,40.758444386768645],[-73.99403035640717,40.75852565430159],[-73.99405181407928,40.7585215909273],[-73.99407863616943,40.75852971767563],[-73.99410009384155,40.75852565430159],[-73.99414300918579,40.75846470366119],[-73.99413764476776,40.758448450147654],[-73.99411618709564,40.75844032338938],[-73.99411082267761,40.75842000648936],[-73.99383187294006,40.75830623173459],[-73.99381041526794,40.75831029512207],[-73.9937835931778,40.75830216834689],[-73.99376213550568,40.75830623173459],[-73.99371922016144,40.75836718252029],[-73.99372458457947,40.75838343605372],[-73.99374604225159,40.75839562620118],[-73.99375140666962,40.758411879727646],[-73.9938372373581,40.758444386768645]]]}},{"type":"Feature","properties":{"id":"35353165-3338-3733-A466-373261353663","building_id":"9d3ddc43-b5b3-4fbf-bc13-73af8febe9bb","height":5.5,"min_height":0},"geometry":{"type":"Polygon","coordinates":[[[-74.0026992559433,40.75126807191029],[-74.00268852710724,40.751276199545316],[-74.00279581546783,40.75132090152019],[-74.00280117988586,40.751312773890646],[-74.0026992559433,40.75126807191029]]]}},{"type":"Feature","properties":{"id":"34383839-3739-3266-B238-663334393435","building_id":"364eaefe-afe4-4256-ba4f-1cefb06429bd","height":256,"min_height":145},"geometry":{"type":"Polygon","coordinates":[[[-74.00326251983643,40.753751018201086],[-74.00324642658234,40.75371444519698],[-74.00318205356598,40.75371444519698],[-74.00326251983643,40.753751018201086]]]}},{"type":"Feature","properties":{"id":"33653537-3463-3630-B737-333539383730","building_id":"2c7d90e0-74d1-41c7-92f7-df209edb689f","height":10,"min_height":0},"geometry":{"type":"Polygon","coordinates":[[[-73.9995288848877,40.753791654848754],[-73.99963080883026,40.753649426473345],[-73.99948060512543,40.75358847136218],[-73.99937868118286,40.75372663620061],[-73.9995288848877,40.753791654848754]]]}},{"type":"Feature","properties":{"id":"63373235-3134-3431-B962-663066376666","building_id":"777b00f2-db2a-4530-b2ec-a2897518fd28","height":29.8,"min_height":27},"geometry":{"type":"Polygon","coordinates":[[[-73.99728655815125,40.75164194209319],[-73.99732410907745,40.75159724033415],[-73.99724900722504,40.75156472994507],[-73.99721682071686,40.75161349552275],[-73.99728655815125,40.75164194209319]]]}},{"type":"Feature","properties":{"id":"62633734-6635-3936-A635-383539396234","building_id":"e87ee0f1-9134-4c81-8df3-03b1d56b7976","height":110,"min_height":0},"geometry":{"type":"Polygon","coordinates":[[[-73.99349391460419,40.75289357914497],[-73.9934778213501,40.752917961450976],[-73.99359583854675,40.75296672603616],[-73.99361193180084,40.75294234374803],[-73.99349391460419,40.75289357914497]]]}},{"type":"Feature","properties":{"id":"34306366-3666-3638-A664-383431653061","building_id":"7aade935-4a8f-47de-b91e-256d4b32e0b0","height":240,"min_height":0},"geometry":{"type":"Polygon","coordinates":[[[-74.00148153305054,40.75283668706285],[-74.00140643119812,40.75277979493205],[-74.0013313293457,40.75287732426935],[-74.00141716003418,40.75291389773392],[-74.00148153305054,40.75283668706285]]]}},{"type":"Feature","properties":{"id":"31626638-6166-3633-B261-653738353265","building_id":"01bab36b-f02a-48a1-846e-93ad8cbba88b","height":81,"min_height":0},"geometry":{"type":"Polygon","coordinates":[[[-73.99419665336609,40.75483600817154],[-73.99413228034973,40.75480756296761],[-73.9941269159317,40.75481975377079],[-73.99418592453003,40.754848198969455],[-73.99419665336609,40.75483600817154]]]}},{"type":"Feature","properties":{"id":"64613637-3630-3934-B161-633335653534","building_id":"23d5d53e-313d-4a2f-a6bf-fd57b080ecaa","height":53.5,"min_height":37},"geometry":{"type":"Polygon","coordinates":[[[-73.9938372373581,40.758444386768645],[-73.99403035640717,40.75852565430159],[-73.99405181407928,40.7585215909273],[-73.99407863616943,40.75852971767563],[-73.99410009384155,40.75852565430159],[-73.99414300918579,40.75846470366119],[-73.99413764476776,40.758448450147654],[-73.99411618709564,40.75844032338938],[-73.99411082267761,40.75842000648936],[-73.99383187294006,40.75830623173459],[-73.99381041526794,40.75831029512207],[-73.9937835931778,40.75830216834689],[-73.99376213550568,40.75830623173459],[-73.99371922016144,40.75836718252029],[-73.99372458457947,40.75838343605372],[-73.99374604225159,40.75839562620118],[-73.99375140666962,40.758411879727646],[-73.9938372373581,40.758444386768645]]]}},{"type":"Feature","properties":{"id":"61343663-6562-3961-B230-326430643665","building_id":"da67e900-0464-468f-bdad-e7e41a98595e","height":39.7,"min_height":0},"geometry":{"type":"Polygon","coordinates":[[[-73.99637460708618,40.75357628033322],[-73.99602591991425,40.75404766515774],[-73.99665892124176,40.7543158653765],[-73.99683594703674,40.75407611068678],[-73.99681448936462,40.75406798339401],[-73.99681985378265,40.75404766515774],[-73.99698078632355,40.753832291471554],[-73.99637460708618,40.75357628033322]]]}},{"type":"Feature","properties":{"id":"62666164-6334-3838-B661-623531636636","building_id":"c09d14b1-48a9-4169-b95e-eece288eafeb","height":99,"min_height":0},"geometry":{"type":"Polygon","coordinates":[[[-74.00161564350128,40.7522027434259],[-74.00172829627991,40.752052384112375],[-74.00141179561615,40.751914215794756],[-74.00129914283752,40.75206457542072],[-74.00161564350128,40.7522027434259]]]}},{"type":"Feature","properties":{"id":"65646530-3736-3332-B238-373437313162","building_id":"e87ee0f1-9134-4c81-8df3-03b1d56b7976","height":97,"min_height":0},"geometry":{"type":"Polygon","coordinates":[[[-73.99397671222687,40.752739157665985],[-73.9939284324646,40.75280824100355],[-73.99393916130066,40.75281230472706],[-73.99399280548096,40.752739157665985],[-73.99397671222687,40.752739157665985]]]}},{"type":"Feature","properties":{"id":"39663035-3333-3231-A631-323230623062","building_id":"3e935c2f-7843-4789-bbb1-dcba468d03d3","height":26,"min_height":0},"geometry":{"type":"Polygon","coordinates":[[[-73.99721682071686,40.75640860265213],[-73.99724900722504,40.756367967604035],[-73.99707734584808,40.75629482445484],[-73.9970451593399,40.75633545954767],[-73.99721682071686,40.75640860265213]]]}},{"type":"Feature","properties":{"id":"31336339-3364-3038-A664-343138366136","building_id":"4832c177-eea1-4558-97d3-2ffe55202752","height":310,"min_height":0},"geometry":{"type":"Polygon","coordinates":[[[-74.00062322616577,40.75416957448223],[-74.00083243846893,40.75389324635918],[-74.00119185447693,40.75405172880551],[-74.0012776851654,40.75393388291988],[-74.00076270103455,40.75371850886512],[-74.00047838687897,40.754108619847926],[-74.00062322616577,40.75416957448223]]]}},{"type":"Feature","properties":{"id":"64643865-6339-3130-B861-643330346664","building_id":"5f913ca9-23c1-4892-95cb-44fd4c412108","height":59,"min_height":0},"geometry":{"type":"Polygon","coordinates":[[[-73.99912118911743,40.753803845838206],[-73.99894416332245,40.75373069986799],[-73.9989173412323,40.75376727286314],[-73.99909436702728,40.75384041879312],[-73.99912118911743,40.753803845838206]]]}},{"type":"Feature","properties":{"id":"61316232-6230-3533-A166-656639313063","building_id":"3e935c2f-7843-4789-bbb1-dcba468d03d3","height":38,"min_height":0},"geometry":{"type":"Polygon","coordinates":[[[-73.99741530418396,40.756611777520106],[-73.99742603302002,40.756615841011126],[-73.99752259254456,40.756481745676155],[-73.99738848209381,40.75642892016688],[-73.99735629558563,40.756469555177745],[-73.99744749069214,40.75651019016374],[-73.99740993976593,40.75656707910244],[-73.99743139743805,40.75657520608968],[-73.99741530418396,40.756611777520106]]]}},{"type":"Feature","properties":{"id":"39343837-3366-3462-B262-303736313131","building_id":"777b00f2-db2a-4530-b2ec-a2897518fd28","height":29.8,"min_height":27},"geometry":{"type":"Polygon","coordinates":[[[-73.99451851844788,40.75150783672592],[-73.99455606937408,40.75146313487667],[-73.99448096752167,40.75143062442203],[-73.99444878101349,40.75147939009807],[-73.99451851844788,40.75150783672592]]]}},{"type":"Feature","properties":{"id":"32623762-3030-3666-A634-663233323533","building_id":"777b00f2-db2a-4530-b2ec-a2897518fd28","height":18,"min_height":0},"geometry":{"type":"Polygon","coordinates":[[[-73.99480819702148,40.75143875203719],[-73.99530172348022,40.75164194209319],[-73.99540901184082,40.75149970911917],[-73.99491548538208,40.751292454812386],[-73.99480819702148,40.75143875203719]]]}},{"type":"Feature","properties":{"id":"37656638-3164-3162-B665-303763303964","building_id":"3e935c2f-7843-4789-bbb1-dcba468d03d3","height":6,"min_height":0},"geometry":{"type":"Polygon","coordinates":[[[-73.99742603302002,40.756615841011126],[-73.99741530418396,40.756611777520106],[-73.99739921092987,40.75664834893038],[-73.99737238883972,40.75667679334671],[-73.99737775325775,40.75668085683378],[-73.99742603302002,40.756615841011126]]]}},{"type":"Feature","properties":{"id":"35643865-3933-3464-A630-383630623235","building_id":"e87ee0f1-9134-4c81-8df3-03b1d56b7976","height":83,"min_height":0},"geometry":{"type":"Polygon","coordinates":[[[-73.9934778213501,40.752917961450976],[-73.99344563484192,40.75296266232209],[-73.99356365203857,40.753007363163164],[-73.99359583854675,40.75296672603616],[-73.9934778213501,40.752917961450976]]]}},{"type":"Feature","properties":{"id":"65613062-3138-3239-A163-633065363739","building_id":"23d5d53e-313d-4a2f-a6bf-fd57b080ecaa","height":20.5,"min_height":13.9},"geometry":{"type":"Polygon","coordinates":[[[-73.9938372373581,40.758444386768645],[-73.99403035640717,40.75852565430159],[-73.99405181407928,40.7585215909273],[-73.99407863616943,40.75852971767563],[-73.99410009384155,40.75852565430159],[-73.99414300918579,40.75846470366119],[-73.99413764476776,40.758448450147654],[-73.99411618709564,40.75844032338938],[-73.99411082267761,40.75842000648936],[-73.99383187294006,40.75830623173459],[-73.99381041526794,40.75831029512207],[-73.9937835931778,40.75830216834689],[-73.99376213550568,40.75830623173459],[-73.99371922016144,40.75836718252029],[-73.99372458457947,40.75838343605372],[-73.99374604225159,40.75839562620118],[-73.99375140666962,40.758411879727646],[-73.9938372373581,40.758444386768645]]]}},{"type":"Feature","properties":{"id":"62323962-6633-3934-B934-633831666332","building_id":"56be4861-13d0-42a1-833b-1445579bd6e2","height":18,"min_height":0},"geometry":{"type":"Polygon","coordinates":[[[-73.99971663951874,40.75855409791467],[-73.99988293647766,40.75832248528292],[-73.99964690208435,40.7582249639334],[-73.99961471557617,40.75826966123634],[-73.99964153766632,40.75827778801548],[-73.99965763092041,40.758249344284195],[-73.99985611438751,40.758334675441546],[-73.99973809719086,40.758493147300356],[-73.99972200393677,40.75848502054754],[-73.99967908859253,40.758541907796285],[-73.99971663951874,40.75855409791467]]]}},{"type":"Feature","properties":{"id":"30353631-6136-3762-B564-336139333839","building_id":"2c7d90e0-74d1-41c7-92f7-df209edb689f","height":67,"min_height":0},"geometry":{"type":"Polygon","coordinates":[[[-73.99948060512543,40.75358847136218],[-73.9994752407074,40.75358847136218],[-73.99950742721558,40.753547834590364],[-73.99956107139587,40.75357221665641],[-73.99953424930573,40.75360878973876],[-73.99953961372375,40.75361285341336],[-74.00014579296112,40.75279198610704],[-74.00014042854309,40.75278792238228],[-74.00010824203491,40.75283262334085],[-74.00004923343658,40.75280824100355],[-74.00009214878082,40.752759476302145],[-73.99940013885498,40.75247095108688],[-73.99939477443695,40.75247907857488],[-73.99940550327301,40.75248314231851],[-73.99935722351074,40.752552225922074],[-73.99930357933044,40.75252784348197],[-73.99879932403564,40.75321461212451],[-73.99885833263397,40.753238994312795],[-73.99880468845367,40.75330807713101],[-73.99878859519958,40.75329994974436],[-73.99878323078156,40.753312140823965],[-73.99946987628937,40.753596598713585],[-73.99948060512543,40.75358847136218]]]}},{"type":"Feature","properties":{"id":"61343864-3064-3437-A664-353837653162","building_id":"4832c177-eea1-4558-97d3-2ffe55202752","height":395,"min_height":0},"geometry":{"type":"Polygon","coordinates":[[[-74.00083243846893,40.75389324635918],[-74.00062322616577,40.75416957448223],[-74.00036573410034,40.75405985610027],[-74.00032818317413,40.75411268349194],[-74.00061249732971,40.75423865633351],[-74.00086462497711,40.753921691954304],[-74.00083243846893,40.75389324635918]]]}},{"type":"Feature","properties":{"id":"32666536-6435-3237-B065-636634323735","building_id":"5f913ca9-23c1-4892-95cb-44fd4c412108","height":59,"min_height":0},"geometry":{"type":"Polygon","coordinates":[[[-73.99872958660126,40.75420208359765],[-73.99862766265869,40.754161447200886],[-73.99860620498657,40.75419395632028],[-73.99870812892914,40.75423865633351],[-73.99872958660126,40.75420208359765]]]}},{"type":"Feature","properties":{"id":"31666364-3630-3437-B137-663133646438","building_id":"5f913ca9-23c1-4892-95cb-44fd4c412108","height":81,"min_height":0},"geometry":{"type":"Polygon","coordinates":[[[-73.9986652135849,40.75411268349194],[-73.99865448474884,40.75412893806558],[-73.99883151054382,40.75420208359765],[-73.9988100528717,40.754230529060635],[-73.99905681610107,40.754332119900425],[-73.99934113025665,40.75394201022905],[-73.99909436702728,40.75384041879312],[-73.99906754493713,40.75387292806951],[-73.99889051914215,40.75379978217529],[-73.99888515472412,40.75381197316324],[-73.99925529956818,40.75396639215057],[-73.99904072284698,40.75426710178084],[-73.9986652135849,40.75411268349194]]]}},{"type":"Feature","properties":{"id":"66376533-3731-3263-A330-623132353532","building_id":"e87ee0f1-9134-4c81-8df3-03b1d56b7976","height":70,"min_height":0},"geometry":{"type":"Polygon","coordinates":[[[-73.9934241771698,40.752592863302425],[-73.99355828762054,40.75240999489532],[-73.99369776248932,40.75247095108688],[-73.99370849132538,40.75245469610792],[-73.9935314655304,40.752377484903604],[-73.99338662624359,40.75257660835325],[-73.9934241771698,40.752592863302425]]]}},{"type":"Feature","properties":{"id":"32343565-3837-3532-A637-343539393864","building_id":"01bab36b-f02a-48a1-846e-93ad8cbba88b","height":81,"min_height":0},"geometry":{"type":"Polygon","coordinates":[[[-73.99448096752167,40.7549538524581],[-73.99447560310364,40.75496604323445],[-73.99451851844788,40.75498636119005],[-73.99452924728394,40.75497417041743],[-73.99448096752167,40.7549538524581]]]}},{"type":"Feature","properties":{"id":"35646439-6631-3366-A634-383463346264","building_id":"346ff08f-e158-480a-92b6-feb73599883f","height":35,"min_height":0},"geometry":{"type":"Polygon","coordinates":[[[-73.99791419506073,40.756835269157676],[-73.99794638156891,40.756790570890274],[-73.99798393249512,40.75680682480916],[-73.99804294109344,40.75673368214285],[-73.99788737297058,40.756668666371866],[-73.99773716926575,40.75687590392016],[-73.99781227111816,40.75690028476572],[-73.99784445762634,40.756924665602355],[-73.99791419506073,40.756835269157676]]]}},{"type":"Feature","properties":{"id":"64376132-3733-3731-B934-613361356439","building_id":"06caacc0-49d7-482e-a960-9e8835082b10","height":30,"min_height":0},"geometry":{"type":"Polygon","coordinates":[[[-73.99515688419342,40.755250494047885],[-73.99513006210327,40.75528300263477],[-73.99524807929993,40.75533582905456],[-73.99526953697205,40.75529925692226],[-73.99515688419342,40.755250494047885]]]}},{"type":"Feature","properties":{"id":"39386365-3539-3034-B137-383737623937","building_id":"3e935c2f-7843-4789-bbb1-dcba468d03d3","height":82,"min_height":77},"geometry":{"type":"Polygon","coordinates":[[[-73.99730801582336,40.756623967992454],[-73.99734020233154,40.75657926958297],[-73.9972597360611,40.75654676162992],[-73.99721682071686,40.75659958704554],[-73.99727582931519,40.756623967992454],[-73.99728655815125,40.756615841011126],[-73.99730801582336,40.756623967992454]]]}},{"type":"Feature","properties":{"id":"38316361-3030-3862-B330-353830613333","building_id":"c09d14b1-48a9-4169-b95e-eece288eafeb","height":81,"min_height":0},"geometry":{"type":"Polygon","coordinates":[[[-74.00131523609161,40.75204425657222],[-74.00141179561615,40.751914215794756],[-74.00154054164886,40.7519711086662],[-74.00162100791931,40.751865450437606],[-74.0014386177063,40.75178823854904],[-74.00126695632935,40.75201987394581],[-74.00131523609161,40.75204425657222]]]}},{"type":"Feature","properties":{"id":"61653530-6636-3637-A531-396532353134","building_id":"3e935c2f-7843-4789-bbb1-dcba468d03d3","height":30,"min_height":0},"geometry":{"type":"Polygon","coordinates":[[[-73.99660527706146,40.756668666371866],[-73.99668037891388,40.75670117426532],[-73.9967554807663,40.75659552355353],[-73.99668574333191,40.75656707910244],[-73.99660527706146,40.756668666371866]]]}},{"type":"Feature","properties":{"id":"35646237-3432-3133-A330-623765306162","building_id":"a1f17137-0041-4d53-bc12-0ba43e681512","height":27,"min_height":0},"geometry":{"type":"Polygon","coordinates":[[[-73.99466872215271,40.75251971599991],[-73.99498522281647,40.752645691859726],[-73.99516224861145,40.752405931147194],[-73.99493157863617,40.752308401118455],[-73.99494767189026,40.75228808234448],[-73.99486720561981,40.752255572293166],[-73.99466872215271,40.75251971599991]]]}},{"type":"Feature","properties":{"id":"63663062-3763-3631-B431-326331633535","building_id":"7b9e6087-f236-46d7-9f9b-1f403b4aa6b3","height":66.5,"min_height":0},"geometry":{"type":"Polygon","coordinates":[[[-74.00231838226318,40.752344974896005],[-74.00232911109924,40.75233278363905],[-74.0021950006485,40.75228808234448],[-74.0022486448288,40.75243437737862],[-74.00231301784515,40.75234091114393],[-74.00231838226318,40.752344974896005]]]}},{"type":"Feature","properties":{"id":"31326136-3961-3133-A634-373932343437","building_id":"777b00f2-db2a-4530-b2ec-a2897518fd28","height":32,"min_height":0},"geometry":{"type":"Polygon","coordinates":[[[-73.99541437625885,40.75173947309952],[-73.995441198349,40.75180042990584],[-73.9959454536438,40.75110551900116],[-73.99586498737335,40.751125838136545],[-73.99541437625885,40.75173947309952]]]}},{"type":"Feature","properties":{"id":"63383232-6162-3761-B139-636364306438","building_id":"f6d35d41-5056-4155-b338-ef56781ad443","height":3.6,"min_height":0},"geometry":{"type":"Polygon","coordinates":[[[-74.00268852710724,40.750528452964346],[-74.00275826454163,40.750560963860096],[-74.00280117988586,40.7505000059175],[-74.00272607803345,40.750467494991966],[-74.00268852710724,40.750528452964346]]]}},{"type":"Feature","properties":{"id":"30666530-3964-3237-A163-636562323031","building_id":"7aade935-4a8f-47de-b91e-256d4b32e0b0","height":240,"min_height":0},"geometry":{"type":"Polygon","coordinates":[[[-74.00100946426392,40.752739157665985],[-74.0013313293457,40.75287732426935],[-74.00140643119812,40.75277979493205],[-74.00107383728027,40.752645691859726],[-74.00100946426392,40.752739157665985]]]}},{"type":"Feature","properties":{"id":"34633964-3534-3635-B462-323630346133","building_id":"5f913ca9-23c1-4892-95cb-44fd4c412108","height":89,"min_height":0},"geometry":{"type":"Polygon","coordinates":[[[-73.99902999401093,40.75412893806558],[-73.99909436702728,40.75404360150975],[-73.9990085363388,40.754007028666564],[-73.99894952774048,40.75409642891435],[-73.99902999401093,40.75412893806558]]]}},{"type":"Feature","properties":{"id":"33633264-6663-3464-B030-396162333161","building_id":"e87ee0f1-9134-4c81-8df3-03b1d56b7976","height":70,"min_height":0},"geometry":{"type":"Polygon","coordinates":[[[-73.9941269159317,40.75267007425663],[-73.99414837360382,40.7526375643921],[-73.99398744106293,40.75257254461533],[-73.99397134780884,40.752592863302425],[-73.99409472942352,40.752645691859726],[-73.9940893650055,40.752653819326355],[-73.9941269159317,40.75267007425663]]]}},{"type":"Feature","properties":{"id":"63636265-6531-3135-B365-653435393364","building_id":"e87ee0f1-9134-4c81-8df3-03b1d56b7976","height":83,"min_height":0},"geometry":{"type":"Polygon","coordinates":[[[-73.99369239807129,40.75303580913729],[-73.99370849132538,40.75301549058557],[-73.99367094039917,40.752999235739736],[-73.99366021156311,40.75301955429643],[-73.99369239807129,40.75303580913729]]]}},{"type":"Feature","properties":{"id":"39613963-3631-3963-A436-396639646631","building_id":"23d95035-8cee-4e9b-a680-0c1c70880c9e","height":236,"min_height":0},"geometry":{"type":"Polygon","coordinates":[[[-74.00172829627991,40.755238303323694],[-74.00171220302582,40.755230176173],[-74.00168538093567,40.75523423974846],[-74.00167465209961,40.75524643047339],[-74.00168538093567,40.7552667483433],[-74.00170147418976,40.75527487548953],[-74.00171756744385,40.755270811916546],[-74.00172829627991,40.75525862119608],[-74.00172829627991,40.755238303323694]]]}},{"type":"Feature","properties":{"id":"62363963-6330-3033-B962-663636386363","building_id":"e87ee0f1-9134-4c81-8df3-03b1d56b7976","height":70,"min_height":0},"geometry":{"type":"Polygon","coordinates":[[[-73.9933705329895,40.75267007425663],[-73.9933329820633,40.752653819326355],[-73.99318814277649,40.75285294194842],[-73.99336516857147,40.75292608888432],[-73.99337589740753,40.752909834016634],[-73.99323642253876,40.75285294194842],[-73.9933705329895,40.75267007425663]]]}},{"type":"Feature","properties":{"id":"65636461-6436-3931-A538-656330613365","building_id":"bab47795-1edc-4bcb-99ce-e893cd1ee509","height":25,"min_height":0},"geometry":{"type":"Polygon","coordinates":[[[-74.00204479694366,40.75722129839835],[-74.00232374668121,40.75734320190341],[-74.00249004364014,40.75711158505271],[-74.00221109390259,40.756989681122946],[-74.00236666202545,40.75677838044851],[-74.00204479694366,40.7566402219521],[-74.00191068649292,40.75685965001816],[-74.00161027908325,40.75672961865902],[-74.0014386177063,40.756969363779575],[-74.00173902511597,40.75709533120832],[-74.00155127048492,40.75732288466807],[-74.00187849998474,40.75744478798683],[-74.00204479694366,40.75722129839835]]]}},{"type":"Feature","properties":{"id":"38396439-6562-3631-B166-353833646536","building_id":"4c3b2826-af1c-4083-98ab-241c8601b4c4","height":25,"min_height":0},"geometry":{"type":"Polygon","coordinates":[[[-74.00313913822174,40.752458759853056],[-74.00324642658234,40.752308401118455],[-74.00280117988586,40.75211740439778],[-74.00268852710724,40.75227182732081],[-74.00313913822174,40.752458759853056]]]}},{"type":"Feature","properties":{"id":"34623434-3665-3138-A564-663161303930","building_id":"5399c437-28cf-4708-86e5-ed97b9a97b96","height":98,"min_height":0},"geometry":{"type":"Polygon","coordinates":[[[-74.00349855422974,40.75282449589605],[-74.00308549404144,40.752649755593154],[-74.0029889345169,40.75277979493205],[-74.00340735912323,40.752954534893234],[-74.00349855422974,40.75282449589605]]]}},{"type":"Feature","properties":{"id":"65353566-3837-3735-B535-306338353830","building_id":"4832c177-eea1-4558-97d3-2ffe55202752","height":340,"min_height":335},"geometry":{"type":"Polygon","coordinates":[[[-74.00061249732971,40.754120810779256],[-74.0011864900589,40.7539948377144],[-74.00059640407562,40.753751018201086],[-74.00061249732971,40.754120810779256]]]}},{"type":"Feature","properties":{"id":"63656435-6361-3434-B762-383363663365","building_id":"23d95035-8cee-4e9b-a680-0c1c70880c9e","height":230,"min_height":0},"geometry":{"type":"Polygon","coordinates":[[[-74.00217890739441,40.75514484103067],[-74.00172293186188,40.7549538524581],[-74.00144398212433,40.755327701915775],[-74.00189995765686,40.75552275297224],[-74.00217890739441,40.75514484103067]]]}},{"type":"Feature","properties":{"id":"62663131-6636-3365-B338-353432623061","building_id":"6d275059-a5d2-4af3-aaff-ed25c45a3f55","height":6.5,"min_height":5.2},"geometry":{"type":"Polygon","coordinates":[[[-74.00306940078735,40.75086575273485],[-74.00319278240204,40.7506950711371],[-74.00313377380371,40.75067068801596],[-74.00301575660706,40.75084543352],[-74.00306940078735,40.75086575273485]]]}},{"type":"Feature","properties":{"id":"64633334-3766-3461-B964-643730373738","building_id":"777b00f2-db2a-4530-b2ec-a2897518fd28","height":32,"min_height":0},"geometry":{"type":"Polygon","coordinates":[[[-73.9955323934555,40.751394050141556],[-73.99567723274231,40.751194923150365],[-73.9956396818161,40.75117866785945],[-73.9954948425293,40.7513777948993],[-73.9955323934555,40.751394050141556]]]}},{"type":"Feature","properties":{"id":"31333262-3063-3539-B264-313030393334","building_id":"da67e900-0464-468f-bdad-e7e41a98595e","height":41.7,"min_height":0},"geometry":{"type":"Polygon","coordinates":[[[-73.9966481924057,40.75416957448223],[-73.99674475193024,40.75404360150975],[-73.99665892124176,40.754007028666564],[-73.99656772613525,40.75413300170837],[-73.9966481924057,40.75416957448223]]]}},{"type":"Feature","properties":{"id":"33616364-3666-3966-B062-393236616639","building_id":"da67e900-0464-468f-bdad-e7e41a98595e","height":41.7,"min_height":0},"geometry":{"type":"Polygon","coordinates":[[[-73.99625658988953,40.7539501375372],[-73.99634778499603,40.7538282278104],[-73.99629414081573,40.753803845838206],[-73.99620294570923,40.753929819264926],[-73.99625658988953,40.7539501375372]]]}},{"type":"Feature","properties":{"id":"32313236-3935-3935-A336-633637666131","building_id":"8f00e870-b888-476c-9d5d-a406c2623956","height":26,"min_height":0},"geometry":{"type":"Polygon","coordinates":[[[-73.99929821491241,40.750361834374075],[-73.99921238422394,40.7503252595057],[-73.99916410446167,40.75039028148004],[-73.99924993515015,40.75042685631263],[-73.99929821491241,40.750361834374075]]]}},{"type":"Feature","properties":{"id":"64616138-6464-3364-B136-366366313361","building_id":"01bab36b-f02a-48a1-846e-93ad8cbba88b","height":32,"min_height":0},"geometry":{"type":"Polygon","coordinates":[[[-73.99448096752167,40.7549538524581],[-73.99441659450531,40.754929470898674],[-73.99440050125122,40.754949788865474],[-73.99446487426758,40.75497823400855],[-73.99448096752167,40.7549538524581]]]}},{"type":"Feature","properties":{"id":"38633932-3261-3966-B039-316437333236","building_id":"2ec9093a-15f6-4c33-8016-4b745f595ad0","height":286,"min_height":276},"geometry":{"type":"Polygon","coordinates":[[[-74.00243639945984,40.75468565481296],[-74.00237739086151,40.75468159120396],[-74.00236666202545,40.754783181354554],[-74.00243639945984,40.75468565481296]]]}},{"type":"Feature","properties":{"id":"64333330-3331-3231-A131-653434653037","building_id":"364eaefe-afe4-4256-ba4f-1cefb06429bd","height":256,"min_height":145},"geometry":{"type":"Polygon","coordinates":[[[-74.00316059589386,40.75370631786001],[-74.00312840938568,40.753665681160214],[-74.00310695171356,40.75367380850216],[-74.00306940078735,40.75366974483131],[-74.00316059589386,40.75370631786001]]]}},{"type":"Feature","properties":{"id":"61643032-3836-3733-A631-663334386432","building_id":"e87ee0f1-9134-4c81-8df3-03b1d56b7976","height":108,"min_height":0},"geometry":{"type":"Polygon","coordinates":[[[-73.99343490600586,40.75276760375485],[-73.99347245693207,40.75271477529441],[-73.99344563484192,40.752702584105265],[-73.99340808391571,40.7527554125754],[-73.99343490600586,40.75276760375485]]]}},{"type":"Feature","properties":{"id":"33383838-3138-3162-A538-313636366262","building_id":"364eaefe-afe4-4256-ba4f-1cefb06429bd","height":256,"min_height":145},"geometry":{"type":"Polygon","coordinates":[[[-74.0035092830658,40.75340560569336],[-74.00342881679535,40.75336903249922],[-74.00344491004944,40.75338528725467],[-74.00346100330353,40.753413733067106],[-74.0035092830658,40.75340560569336]]]}},{"type":"Feature","properties":{"id":"64303730-3937-3137-A230-396134316134","building_id":"ad5ecc5d-c0d7-450e-b397-d050e3c98f96","height":45,"min_height":0},"geometry":{"type":"Polygon","coordinates":[[[-73.99898171424866,40.749366177998866],[-73.99899244308472,40.749349922260905],[-73.99898171424866,40.7493255386465],[-73.99896025657654,40.74931334683595],[-73.99892807006836,40.74932147470989],[-73.99891197681427,40.74934179439043],[-73.99892270565033,40.749366177998866],[-73.99894416332245,40.74937430586638],[-73.99898171424866,40.749366177998866]]]}},{"type":"Feature","properties":{"id":"62323762-6431-3739-A330-313133386631","building_id":"a66e9a4f-10c7-4f61-b490-1395d1534731","height":44,"min_height":0},"geometry":{"type":"Polygon","coordinates":[[[-74.00037109851837,40.75167445244452],[-74.00041401386261,40.75161755931927],[-74.00038182735443,40.75160536792896],[-74.00033891201019,40.75166226106464],[-74.00037109851837,40.75167445244452]]]}},{"type":"Feature","properties":{"id":"61323137-3835-3230-A430-626131313939","building_id":"364eaefe-afe4-4256-ba4f-1cefb06429bd","height":256,"min_height":145},"geometry":{"type":"Polygon","coordinates":[[[-74.00321960449219,40.75328369496805],[-74.00317668914795,40.75334058666769],[-74.00323033332825,40.75331620451669],[-74.00321960449219,40.75328369496805]]]}},{"type":"Feature","properties":{"id":"61623534-3438-3132-B230-393137383735","building_id":"b4548e1a-e794-48a7-b7ea-baf5571417cc","height":31,"min_height":0},"geometry":{"type":"Polygon","coordinates":[[[-73.99525344371796,40.75794865266613],[-73.99521589279175,40.75799741356147],[-73.99524807929993,40.7580096037797],[-73.99528563022614,40.75796084289334],[-73.99525344371796,40.75794865266613]]]}},{"type":"Feature","properties":{"id":"66313734-6431-3066-B563-333239386366","building_id":"364eaefe-afe4-4256-ba4f-1cefb06429bd","height":256,"min_height":145},"geometry":{"type":"Polygon","coordinates":[[[-74.00296211242676,40.75362910810918],[-74.00301039218903,40.7536169170877],[-74.00301039218903,40.75356815297937],[-74.00296211242676,40.75362910810918]]]}},{"type":"Feature","properties":{"id":"64643234-3361-3338-B165-616366383434","building_id":"2c7d90e0-74d1-41c7-92f7-df209edb689f","height":47,"min_height":0},"geometry":{"type":"Polygon","coordinates":[[[-73.99954497814178,40.75360878973876],[-73.99963080883026,40.753645362800995],[-74.00022625923157,40.75283262334085],[-74.00014042854309,40.752796049831545],[-73.99954497814178,40.75360878973876]]]}},{"type":"Feature","properties":{"id":"39636135-3739-3939-B338-396534643530","building_id":"e87ee0f1-9134-4c81-8df3-03b1d56b7976","height":121,"min_height":0},"geometry":{"type":"Polygon","coordinates":[[[-73.99374067783356,40.752556289661214],[-73.99371922016144,40.7525887995655],[-73.99383187294006,40.7526375643921],[-73.99385869503021,40.75260505451166],[-73.99374067783356,40.752556289661214]]]}},{"type":"Feature","properties":{"id":"36616434-6439-3135-B334-636465393362","building_id":"06caacc0-49d7-482e-a960-9e8835082b10","height":47,"min_height":0},"geometry":{"type":"Polygon","coordinates":[[[-73.99543583393097,40.755230176173],[-73.99547874927521,40.75516922251106],[-73.99540901184082,40.755140777449725],[-73.99536609649658,40.7552017311377],[-73.99543583393097,40.755230176173]]]}},{"type":"Feature","properties":{"id":"64383065-3764-3136-A631-356233356534","building_id":"8f00e870-b888-476c-9d5d-a406c2623956","height":28,"min_height":0},"geometry":{"type":"Polygon","coordinates":[[[-73.99890661239624,40.75028055686147],[-73.99893343448639,40.750248045828585],[-73.998863697052,40.75021553477984],[-73.99914801120758,40.749821337048814],[-73.99922311306,40.749853848290314],[-73.99924993515015,40.749817273142526],[-73.99914264678955,40.74977257015678],[-73.99880468845367,40.75023991806788],[-73.99890661239624,40.75028055686147]]]}},{"type":"Feature","properties":{"id":"62306565-3362-3665-A133-616232633861","building_id":"2c7d90e0-74d1-41c7-92f7-df209edb689f","height":71,"min_height":0},"geometry":{"type":"Polygon","coordinates":[[[-73.9994752407074,40.75358847136218],[-73.99953424930573,40.75360878973876],[-73.99956107139587,40.75357221665641],[-73.99950742721558,40.753547834590364],[-73.9994752407074,40.75358847136218]]]}},{"type":"Feature","properties":{"id":"61383739-3834-3530-B961-356434376365","building_id":"4ad3452c-e4fd-468b-a255-6b62ca7f77d7","height":44,"min_height":40},"geometry":{"type":"Polygon","coordinates":[[[-74.00323569774628,40.749443392700016],[-74.00315523147583,40.74941088125783],[-74.00304794311523,40.749557182622425],[-74.00332689285278,40.74967503626539],[-74.00341808795929,40.74954499085433],[-74.00321960449219,40.749459648415126],[-74.00323569774628,40.749443392700016]]]}},{"type":"Feature","properties":{"id":"36303737-6333-3635-B363-373539333264","building_id":"346ff08f-e158-480a-92b6-feb73599883f","height":132,"min_height":126},"geometry":{"type":"Polygon","coordinates":[[[-73.9985203742981,40.75727005982719],[-73.99859011173248,40.75717660039052],[-73.99859547615051,40.75707907735995],[-73.99839699268341,40.757005934993174],[-73.99828433990479,40.75715628310428],[-73.99840772151947,40.75723755221196],[-73.99842381477356,40.75722129839835],[-73.9985203742981,40.75727005982719]]]}},{"type":"Feature","properties":{"id":"39666464-3237-3431-A366-393638303531","building_id":"346ff08f-e158-480a-92b6-feb73599883f","height":35,"min_height":0},"geometry":{"type":"Polygon","coordinates":[[[-73.99876713752747,40.75705876004392],[-73.9987725019455,40.75703031579104],[-73.99847209453583,40.75690841171226],[-73.99843990802765,40.75694904643001],[-73.99845063686371,40.75695310990045],[-73.99846136569977,40.75693279254591],[-73.99849891662598,40.75693685601732],[-73.99849891662598,40.75696123684051],[-73.99857938289642,40.756969363779575],[-73.9985740184784,40.756993744590886],[-73.99865448474884,40.75700187152597],[-73.99864912033081,40.75702218885942],[-73.99873495101929,40.75703437925648],[-73.99872958660126,40.757054696579985],[-73.99876713752747,40.75705876004392]]]}},{"type":"Feature","properties":{"id":"65396232-3132-3536-B039-383264643434","building_id":"3e935c2f-7843-4789-bbb1-dcba468d03d3","height":33,"min_height":0},"geometry":{"type":"Polygon","coordinates":[[[-73.996701836586,40.756668666371866],[-73.99674475193024,40.756611777520106],[-73.99668037891388,40.75658739656873],[-73.99664282798767,40.7566402219521],[-73.996701836586,40.756668666371866]]]}},{"type":"Feature","properties":{"id":"63333435-6362-3536-A165-383463646137","building_id":"aae41971-3009-46da-9ce3-0fd859c11735","height":303,"min_height":0},"geometry":{"type":"Polygon","coordinates":[[[-73.99738311767578,40.75283668706285],[-73.99763524532318,40.75247907857488],[-73.99752795696259,40.75243437737862],[-73.99750113487244,40.75243437737862],[-73.99747967720032,40.75245469610792],[-73.99735629558563,40.75260505451166],[-73.99725437164307,40.75277166748083],[-73.99727046489716,40.75278792238228],[-73.99738311767578,40.75283668706285]]]}},{"type":"Feature","properties":{"id":"62616261-3732-3135-B462-356330646462","building_id":"5399c437-28cf-4708-86e5-ed97b9a97b96","height":15,"min_height":0},"geometry":{"type":"Polygon","coordinates":[[[-74.00351464748383,40.752999235739736],[-74.00335371494293,40.752934216316675],[-74.00333225727081,40.75295859860776],[-74.0034931898117,40.75302768171733],[-74.00351464748383,40.752999235739736]]]}},{"type":"Feature","properties":{"id":"35393666-3062-3131-B533-373666616266","building_id":"c09d14b1-48a9-4169-b95e-eece288eafeb","height":10,"min_height":0},"geometry":{"type":"Polygon","coordinates":[[[-74.00130987167358,40.75211740439778],[-74.00180339813232,40.7523246561332],[-74.00187313556671,40.75222712598523],[-74.00185167789459,40.75210521309907],[-74.00178730487823,40.752076766726844],[-74.00167465209961,40.75222712598523],[-74.0013313293457,40.75208083049506],[-74.00130987167358,40.75211740439778]]]}},{"type":"Feature","properties":{"id":"35376265-3330-3361-A665-343661353234","building_id":"e87ee0f1-9134-4c81-8df3-03b1d56b7976","height":97,"min_height":0},"geometry":{"type":"Polygon","coordinates":[[[-73.99365484714508,40.75253190722262],[-73.99368703365326,40.752487206061886],[-73.99364948272705,40.75247095108688],[-73.99366021156311,40.75245469610792],[-73.99359583854675,40.75242624988516],[-73.99355292320251,40.752487206061886],[-73.99357438087463,40.75248314231851],[-73.99364948272705,40.75251565225855],[-73.99365484714508,40.75253190722262]]]}},{"type":"Feature","properties":{"id":"66336537-3330-3336-B063-663566363732","building_id":"01bab36b-f02a-48a1-846e-93ad8cbba88b","height":32,"min_height":0},"geometry":{"type":"Polygon","coordinates":[[[-73.99437367916107,40.754909152925705],[-73.99430930614471,40.754880707753074],[-73.99429321289062,40.75490508933035],[-73.99435758590698,40.754929470898674],[-73.99437367916107,40.754909152925705]]]}},{"type":"Feature","properties":{"id":"64646166-6436-3137-B531-303261386431","building_id":"06caacc0-49d7-482e-a960-9e8835082b10","height":5,"min_height":0},"geometry":{"type":"Polygon","coordinates":[[[-73.99566113948822,40.755319574776024],[-73.99580597877502,40.75519360398255],[-73.99553775787354,40.75508388729051],[-73.99543583393097,40.755230176173],[-73.99566113948822,40.755319574776024]]]}},{"type":"Feature","properties":{"id":"30666336-3566-3365-B031-346365343139","building_id":"3e935c2f-7843-4789-bbb1-dcba468d03d3","height":77,"min_height":0},"geometry":{"type":"Polygon","coordinates":[[[-73.99740993976593,40.75656707910244],[-73.99744749069214,40.75651019016374],[-73.99728119373322,40.75643704717106],[-73.99727046489716,40.75645330117638],[-73.99723291397095,40.75643704717106],[-73.99712026119232,40.75658739656873],[-73.99714171886444,40.75659958704554],[-73.99707734584808,40.756684920320566],[-73.99713099002838,40.756709301236185],[-73.99711489677429,40.75672555517494],[-73.99726510047913,40.756790570890274],[-73.99739921092987,40.75664834893038],[-73.99743139743805,40.75657520608968],[-73.99740993976593,40.75656707910244]]]}},{"type":"Feature","properties":{"id":"35353835-3530-3664-A166-643564386637","building_id":"a1f17137-0041-4d53-bc12-0ba43e681512","height":134,"min_height":0},"geometry":{"type":"Polygon","coordinates":[[[-73.99431467056274,40.752174297095365],[-73.99437367916107,40.752088958030726],[-73.99429321289062,40.752052384112375],[-73.99422883987427,40.75213772322391],[-73.99431467056274,40.752174297095365]]]}},{"type":"Feature","properties":{"id":"34343233-6165-3039-B261-376465613263","building_id":"c09d14b1-48a9-4169-b95e-eece288eafeb","height":18,"min_height":0},"geometry":{"type":"Polygon","coordinates":[[[-74.00130987167358,40.75195891734069],[-74.00128841400146,40.751950789789106],[-74.00120258331299,40.7520727029584],[-74.00130987167358,40.75211740439778],[-74.0013313293457,40.75208083049506],[-74.00129914283752,40.75206457542072],[-74.00131523609161,40.75204425657222],[-74.00126695632935,40.75201987394581],[-74.00130987167358,40.75195891734069]]]}},{"type":"Feature","properties":{"id":"38373138-3936-3933-A132-663632663032","building_id":"364eaefe-afe4-4256-ba4f-1cefb06429bd","height":278.6,"min_height":145},"geometry":{"type":"Polygon","coordinates":[[[-74.00335371494293,40.753356841430076],[-74.00332689285278,40.753328395593286],[-74.00327861309052,40.753312140823965],[-74.00320887565613,40.75332026820914],[-74.00317668914795,40.75334058666769],[-74.00316059589386,40.75336903249922],[-74.00314450263977,40.75342592412585],[-74.0031498670578,40.75347875202124],[-74.0030586719513,40.75351532515501],[-74.00303721427917,40.75353157987465],[-74.00301039218903,40.75356815297937],[-74.00301039218903,40.7536169170877],[-74.00302112102509,40.753633171782496],[-74.00304794311523,40.75366161748886],[-74.00308549404144,40.75367380850216],[-74.00312840938568,40.753665681160214],[-74.00316059589386,40.75370631786001],[-74.0032035112381,40.75371850886512],[-74.00326788425446,40.75370631786001],[-74.00331616401672,40.75367787217277],[-74.00333225727081,40.75362910810918],[-74.00333762168884,40.75355596194669],[-74.00342881679535,40.75351126147447],[-74.00345027446747,40.75348687938603],[-74.00346100330353,40.75345436992089],[-74.00346100330353,40.753413733067106],[-74.00344491004944,40.75338528725467],[-74.00340735912323,40.75336090512005],[-74.00335371494293,40.753356841430076]]]}},{"type":"Feature","properties":{"id":"39333334-3235-3637-A365-313163316431","building_id":"e87ee0f1-9134-4c81-8df3-03b1d56b7976","height":83,"min_height":0},"geometry":{"type":"Polygon","coordinates":[[[-73.99375140666962,40.753060191391114],[-73.9937835931778,40.75307238251469],[-73.99378895759583,40.75306425509922],[-73.99382650852203,40.75308050992916],[-73.9938372373581,40.75306425509922],[-73.9937674999237,40.753043936556224],[-73.99375140666962,40.753060191391114]]]}},{"type":"Feature","properties":{"id":"61646538-6134-3131-B662-346235333939","building_id":"777b00f2-db2a-4530-b2ec-a2897518fd28","height":28.4,"min_height":27},"geometry":{"type":"Polygon","coordinates":[[[-73.99672329425812,40.75245063236255],[-73.99678230285645,40.75237342115352],[-73.99666965007782,40.7523246561332],[-73.99661600589752,40.75240186739887],[-73.99672329425812,40.75245063236255]]]}},{"type":"Feature","properties":{"id":"34323138-6166-3065-B361-336332613864","building_id":"06caacc0-49d7-482e-a960-9e8835082b10","height":36,"min_height":0},"geometry":{"type":"Polygon","coordinates":[[[-73.99526953697205,40.75529925692226],[-73.99524807929993,40.75533582905456],[-73.99531245231628,40.75536021046494],[-73.99533927440643,40.755327701915775],[-73.99526953697205,40.75529925692226]]]}},{"type":"Feature","properties":{"id":"30363637-6438-3236-B838-346632646366","building_id":"364eaefe-afe4-4256-ba4f-1cefb06429bd","height":145,"min_height":0},"geometry":{"type":"Polygon","coordinates":[[[-74.0035092830658,40.75340560569336],[-74.00321960449219,40.75328369496805],[-74.00296211242676,40.75362910810918],[-74.00326251983643,40.753751018201086],[-74.0035092830658,40.75340560569336]]]}},{"type":"Feature","properties":{"id":"38623866-6636-3533-B738-653638656162","building_id":"4ad3452c-e4fd-468b-a255-6b62ca7f77d7","height":45,"min_height":40},"geometry":{"type":"Polygon","coordinates":[[[-74.00344491004944,40.749297091085026],[-74.00336980819702,40.749268643511414],[-74.00331616401672,40.74933773045481],[-74.00339126586914,40.74937024193278],[-74.00344491004944,40.749297091085026]]]}},{"type":"Feature","properties":{"id":"31313734-6639-3537-A639-393965336561","building_id":"3e935c2f-7843-4789-bbb1-dcba468d03d3","height":38,"min_height":0},"geometry":{"type":"Polygon","coordinates":[[[-73.99728119373322,40.75643704717106],[-73.9970451593399,40.75633545954767],[-73.99697542190552,40.75643298366907],[-73.99716854095459,40.75651831715797],[-73.99723291397095,40.75643704717106],[-73.99727046489716,40.75645330117638],[-73.99728119373322,40.75643704717106]]]}},{"type":"Feature","properties":{"id":"37633332-6533-3133-B966-303132613065","building_id":"e87ee0f1-9134-4c81-8df3-03b1d56b7976","height":70,"min_height":0},"geometry":{"type":"Polygon","coordinates":[[[-73.99382650852203,40.75308050992916],[-73.99378895759583,40.75306425509922],[-73.9937835931778,40.75307238251469],[-73.99366021156311,40.75301955429643],[-73.99364411830902,40.753043936556224],[-73.99380505084991,40.753108955871994],[-73.99382650852203,40.75308050992916]]]}},{"type":"Feature","properties":{"id":"66333364-6239-3132-A664-626432626465","building_id":"f6d35d41-5056-4155-b338-ef56781ad443","height":22,"min_height":0},"geometry":{"type":"Polygon","coordinates":[[[-74.0023934841156,40.75040653696368],[-74.00268852710724,40.750528452964346],[-74.00272607803345,40.750467494991966],[-74.00243639945984,40.75034964275349],[-74.0023934841156,40.75040653696368]]]}},{"type":"Feature","properties":{"id":"38646365-3234-3636-B637-323432356538","building_id":"2ec9093a-15f6-4c33-8016-4b745f595ad0","height":173,"min_height":135},"geometry":{"type":"Polygon","coordinates":[[[-74.00216817855835,40.75440526520899],[-74.00196969509125,40.75467752759471],[-74.00233447551727,40.754827880971646],[-74.00246322154999,40.754649082323],[-74.00247931480408,40.75458000089813],[-74.00247395038605,40.7545353011144],[-74.00216817855835,40.75440526520899]]]}},{"type":"Feature","properties":{"id":"34303262-6135-3433-A339-376235636264","building_id":"e87ee0f1-9134-4c81-8df3-03b1d56b7976","height":97,"min_height":0},"geometry":{"type":"Polygon","coordinates":[[[-73.99383187294006,40.75295859860776],[-73.99379968643188,40.753003299451564],[-73.9937835931778,40.753007363163164],[-73.99370849132538,40.75297485346354],[-73.99370312690735,40.75296266232209],[-73.99367094039917,40.752999235739736],[-73.99370849132538,40.75301549058557],[-73.99369239807129,40.75303580913729],[-73.99375140666962,40.753060191391114],[-73.9937674999237,40.753043936556224],[-73.9938372373581,40.75306425509922],[-73.9938747882843,40.75301142687448],[-73.993821144104,40.752987044602776],[-73.99384260177612,40.75296266232209],[-73.99383187294006,40.75295859860776]]]}},{"type":"Feature","properties":{"id":"66373462-3863-3032-B439-626538363364","building_id":"346ff08f-e158-480a-92b6-feb73599883f","height":144,"min_height":138},"geometry":{"type":"Polygon","coordinates":[[[-73.99764060974121,40.75700999846009],[-73.9976567029953,40.757018125393216],[-73.99764060974121,40.75705876004392],[-73.99788200855255,40.75716034656202],[-73.9980161190033,40.757038442721694],[-73.99803221225739,40.75705063311577],[-73.99804830551147,40.757026252325346],[-73.99786055088043,40.75690434823912],[-73.99784445762634,40.756924665602355],[-73.99781227111816,40.75690028476572],[-73.99773716926575,40.75687590392016],[-73.99764060974121,40.75700999846009]]]}},{"type":"Feature","properties":{"id":"34343563-6536-3165-A461-313361353537","building_id":"7f8ffa39-08c1-4a0c-bbea-f5c6eb1fc99c","height":42.8,"min_height":0},"geometry":{"type":"Polygon","coordinates":[[[-73.99494230747223,40.758375309287516],[-73.9950281381607,40.758257471065804],[-73.99475991725922,40.758147759430216],[-73.99467408657074,40.75826559784642],[-73.99494230747223,40.758375309287516]]]}},{"type":"Feature","properties":{"id":"34653964-6163-3566-A639-616466323364","building_id":"777b00f2-db2a-4530-b2ec-a2897518fd28","height":38.5,"min_height":30},"geometry":{"type":"Polygon","coordinates":[[[-73.99682521820068,40.75174760067691],[-73.9964497089386,40.751593176536375],[-73.99639070034027,40.75167445244452],[-73.99676084518433,40.75183294017967],[-73.99682521820068,40.75174760067691]]]}},{"type":"Feature","properties":{"id":"31373238-3864-3931-B062-353431306131","building_id":"42561465-b67c-40bd-a2f4-25d60ffffcef","height":7,"min_height":0},"geometry":{"type":"Polygon","coordinates":[[[-73.99523198604584,40.75221087094664],[-73.99525344371796,40.752178360857584],[-73.99517297744751,40.75214585075264],[-73.99515151977539,40.752174297095365],[-73.99523198604584,40.75221087094664]]]}},{"type":"Feature","properties":{"id":"34663436-3836-3135-B738-663539613066","building_id":"e87ee0f1-9134-4c81-8df3-03b1d56b7976","height":143,"min_height":0},"geometry":{"type":"Polygon","coordinates":[[[-73.99353682994843,40.752804177279785],[-73.99370849132538,40.75287732426935],[-73.99383187294006,40.752706647835225],[-73.99366021156311,40.75263350065791],[-73.99353682994843,40.752804177279785]]]}},{"type":"Feature","properties":{"id":"66376366-3034-3666-A338-316230386661","building_id":"a66e9a4f-10c7-4f61-b490-1395d1534731","height":44,"min_height":0},"geometry":{"type":"Polygon","coordinates":[[[-73.99998486042023,40.75104049772625],[-74.00002777576447,40.75098360405855],[-73.99999558925629,40.75097141255199],[-73.99995803833008,40.751032370062404],[-73.99998486042023,40.75104049772625]]]}},{"type":"Feature","properties":{"id":"35373035-3636-3639-A635-356538626436","building_id":"23d5d53e-313d-4a2f-a6bf-fd57b080ecaa","height":116.2,"min_height":106.3},"geometry":{"type":"Polygon","coordinates":[[[-73.99384260177612,40.758460640283175],[-73.99392306804657,40.75849721067635],[-73.99394989013672,40.758489083924076],[-73.99403035640717,40.75852565430159],[-73.99405181407928,40.7585215909273],[-73.99407863616943,40.75852971767563],[-73.99410009384155,40.75852565430159],[-73.99414300918579,40.75846470366119],[-73.99413764476776,40.758448450147654],[-73.99411618709564,40.75844032338938],[-73.99411082267761,40.75842000648936],[-73.99383187294006,40.75830623173459],[-73.99381041526794,40.75831029512207],[-73.9937835931778,40.75830216834689],[-73.99376213550568,40.75830623173459],[-73.99371922016144,40.75836718252029],[-73.99372458457947,40.75838343605372],[-73.99374604225159,40.75839562620118],[-73.99375140666962,40.758411879727646],[-73.9938372373581,40.758444386768645],[-73.99384260177612,40.758460640283175]]]}},{"type":"Feature","properties":{"id":"37383532-3238-3763-A533-313935633639","building_id":"06caacc0-49d7-482e-a960-9e8835082b10","height":30,"min_height":0},"geometry":{"type":"Polygon","coordinates":[[[-73.99529099464417,40.75512452312347],[-73.99537146091461,40.755006679139456],[-73.99533927440643,40.754994488370556],[-73.99525880813599,40.75510826879329],[-73.99529099464417,40.75512452312347]]]}},{"type":"Feature","properties":{"id":"62663462-3262-3263-A263-646239653838","building_id":"b4548e1a-e794-48a7-b7ea-baf5571417cc","height":41,"min_height":0},"geometry":{"type":"Polygon","coordinates":[[[-73.99534463882446,40.75826153445624],[-73.99536073207855,40.75825340767511],[-73.99536073207855,40.75824121750159],[-73.99533927440643,40.7582290273258],[-73.99532854557037,40.758237154109906],[-73.99532318115234,40.758249344284195],[-73.99534463882446,40.75826153445624]]]}},{"type":"Feature","properties":{"id":"62396661-6134-3065-B039-336463646633","building_id":"346ff08f-e158-480a-92b6-feb73599883f","height":35,"min_height":0},"geometry":{"type":"Polygon","coordinates":[[[-73.99764060974121,40.75700999846009],[-73.99757087230682,40.75710752159199],[-73.99768888950348,40.75715628310428],[-73.99769961833954,40.75714002927083],[-73.99764060974121,40.7570912677466],[-73.99761915206909,40.75710752159199],[-73.99759232997894,40.75708720428466],[-73.99764597415924,40.75701406192678],[-73.99764060974121,40.75700999846009]]]}},{"type":"Feature","properties":{"id":"30303365-6136-3364-B334-653937303631","building_id":"7aade935-4a8f-47de-b91e-256d4b32e0b0","height":105,"min_height":0},"geometry":{"type":"Polygon","coordinates":[[[-74.00202870368958,40.7529017065813],[-74.00204479694366,40.75262537318878],[-74.00185704231262,40.752544098443025],[-74.00181949138641,40.752596927039065],[-74.00194823741913,40.752649755593154],[-74.00183022022247,40.75282043217331],[-74.00202870368958,40.7529017065813]]]}},{"type":"Feature","properties":{"id":"61373934-6432-3438-B033-363435383565","building_id":"2ec9093a-15f6-4c33-8016-4b745f595ad0","height":282,"min_height":276},"geometry":{"type":"Polygon","coordinates":[[[-74.00247395038605,40.7545353011144],[-74.0023398399353,40.754478410437116],[-74.00233447551727,40.75452311025907],[-74.00247395038605,40.7545353011144]]]}},{"type":"Feature","properties":{"id":"33313338-3834-3265-B364-643661373131","building_id":"364eaefe-afe4-4256-ba4f-1cefb06429bd","height":256,"min_height":145},"geometry":{"type":"Polygon","coordinates":[[[-74.0035092830658,40.75340560569336],[-74.00346100330353,40.753413733067106],[-74.00346100330353,40.75345436992089],[-74.00345027446747,40.75348687938603],[-74.0035092830658,40.75340560569336]]]}},{"type":"Feature","properties":{"id":"61313865-6533-3966-B236-303437343236","building_id":"5399c437-28cf-4708-86e5-ed97b9a97b96","height":65,"min_height":0},"geometry":{"type":"Polygon","coordinates":[[[-74.00305330753326,40.75263350065791],[-74.00297284126282,40.75260099077548],[-74.00287628173828,40.75273103020976],[-74.00295674800873,40.75276354002861],[-74.00305330753326,40.75263350065791]]]}},{"type":"Feature","properties":{"id":"63346237-3036-3738-B737-653335356638","building_id":"2e7113ea-6ffd-410e-b8fc-03518996cff2","height":6,"min_height":0},"geometry":{"type":"Polygon","coordinates":[[[-74.00232374668121,40.750841369676266],[-74.0024471282959,40.75089419962521],[-74.00261878967285,40.75065443259689],[-74.0025007724762,40.750601602457465],[-74.00232374668121,40.750841369676266]]]}},{"type":"Feature","properties":{"id":"62373461-3566-3065-A335-303764656631","building_id":"4c3b2826-af1c-4083-98ab-241c8601b4c4","height":3.2,"min_height":0},"geometry":{"type":"Polygon","coordinates":[[[-74.00313913822174,40.752458759853056],[-74.00268852710724,40.75227182732081],[-74.00262415409088,40.752361229901794],[-74.00306940078735,40.75254816218268],[-74.00313913822174,40.752458759853056]]]}},{"type":"Feature","properties":{"id":"34646233-3837-3131-A635-653733633562","building_id":"3e935c2f-7843-4789-bbb1-dcba468d03d3","height":80,"min_height":77},"geometry":{"type":"Polygon","coordinates":[[[-73.99726510047913,40.756790570890274],[-73.99739921092987,40.75664834893038],[-73.99743139743805,40.75657520608968],[-73.9972972869873,40.75651831715797],[-73.99727046489716,40.75655082512492],[-73.99734020233154,40.75657926958297],[-73.99730801582336,40.756623967992454],[-73.99728655815125,40.756615841011126],[-73.99727582931519,40.756623967992454],[-73.99723291397095,40.75660771402883],[-73.99713635444641,40.75673368214285],[-73.99726510047913,40.756790570890274]]]}},{"type":"Feature","properties":{"id":"38373161-6434-3234-B237-666134326133","building_id":"01bab36b-f02a-48a1-846e-93ad8cbba88b","height":81,"min_height":0},"geometry":{"type":"Polygon","coordinates":[[[-73.99437367916107,40.754909152925705],[-73.99436295032501,40.754921343710265],[-73.99441123008728,40.75494166167951],[-73.99441659450531,40.754929470898674],[-73.99437367916107,40.754909152925705]]]}},{"type":"Feature","properties":{"id":"38343966-3064-3832-A533-333166643037","building_id":"b4548e1a-e794-48a7-b7ea-baf5571417cc","height":31,"min_height":0},"geometry":{"type":"Polygon","coordinates":[[[-73.9955323934555,40.758318421896206],[-73.99548947811127,40.75830216834689],[-73.99546265602112,40.758334675441546],[-73.99550557136536,40.75835499236763],[-73.9955323934555,40.758318421896206]]]}},{"type":"Feature","properties":{"id":"33623038-6531-3562-B831-383565636564","building_id":"346ff08f-e158-480a-92b6-feb73599883f","height":126,"min_height":0},"geometry":{"type":"Polygon","coordinates":[[[-73.99840772151947,40.75700999846009],[-73.99839699268341,40.757005934993174],[-73.99828433990479,40.75715628310428],[-73.99840772151947,40.75723755221196],[-73.99842381477356,40.75722129839835],[-73.9985203742981,40.75727005982719],[-73.99853646755219,40.75724974256954],[-73.9986115694046,40.75727818672851],[-73.99876713752747,40.75705876004392],[-73.99872958660126,40.757054696579985],[-73.99873495101929,40.75703437925648],[-73.99864912033081,40.75702218885942],[-73.99865448474884,40.75700187152597],[-73.9985740184784,40.756993744590886],[-73.99857938289642,40.756969363779575],[-73.99849891662598,40.75696123684051],[-73.99849891662598,40.75693685601732],[-73.99846136569977,40.75693279254591],[-73.99840772151947,40.75700999846009]]]}},{"type":"Feature","properties":{"id":"36333939-6138-3638-B235-313233633332","building_id":"8f00e870-b888-476c-9d5d-a406c2623956","height":28,"min_height":0},"geometry":{"type":"Polygon","coordinates":[[[-74.000483751297,40.75033745113072],[-74.00039255619049,40.75030087624893],[-74.00034964084625,40.750361834374075],[-74.00043547153473,40.75040247309312],[-74.000483751297,40.75033745113072]]]}},{"type":"Feature","properties":{"id":"34613135-3737-3661-A636-323336633936","building_id":"4832c177-eea1-4558-97d3-2ffe55202752","height":395,"min_height":0},"geometry":{"type":"Polygon","coordinates":[[[-74.00083243846893,40.75389324635918],[-74.00086462497711,40.753921691954304],[-74.00125622749329,40.75408830162408],[-74.0012776851654,40.75405985610027],[-74.00120258331299,40.75403141056427],[-74.00119185447693,40.75405172880551],[-74.00083243846893,40.75389324635918]]]}},{"type":"Feature","properties":{"id":"61333236-3937-3062-B335-353464643235","building_id":"7b9e6087-f236-46d7-9f9b-1f403b4aa6b3","height":119.8,"min_height":0},"geometry":{"type":"Polygon","coordinates":[[[-74.00271534919739,40.75266194679199],[-74.00281727313995,40.75251971599991],[-74.00241494178772,40.75238154865343],[-74.00229692459106,40.75248314231851],[-74.00271534919739,40.75266194679199]]]}},{"type":"Feature","properties":{"id":"62373336-3663-3863-B136-313664633133","building_id":"777b00f2-db2a-4530-b2ec-a2897518fd28","height":29.8,"min_height":27},"geometry":{"type":"Polygon","coordinates":[[[-73.99509251117706,40.75071945424932],[-73.99513006210327,40.75067068801596],[-73.99505496025085,40.750642241029965],[-73.99502277374268,40.75068694343108],[-73.99509251117706,40.75071945424932]]]}},{"type":"Feature","properties":{"id":"34636433-3666-3663-A336-626264646661","building_id":"42561465-b67c-40bd-a2f4-25d60ffffcef","height":70,"min_height":0},"geometry":{"type":"Polygon","coordinates":[[[-73.99528563022614,40.752231189744265],[-73.99505496025085,40.75213772322391],[-73.99493157863617,40.752308401118455],[-73.99516224861145,40.752405931147194],[-73.99528563022614,40.752231189744265]]]}},{"type":"Feature","properties":{"id":"39643063-3138-3662-A333-303762393364","building_id":"777b00f2-db2a-4530-b2ec-a2897518fd28","height":30,"min_height":0},"geometry":{"type":"Polygon","coordinates":[[[-73.99541437625885,40.75185325909274],[-73.99545192718506,40.75180449369094],[-73.99523198604584,40.75171509036136],[-73.99520516395569,40.751751664465246],[-73.99528563022614,40.751784174762946],[-73.99527490139008,40.75179636612049],[-73.99541437625885,40.75185325909274]]]}},{"type":"Feature","properties":{"id":"37616430-3166-3334-B830-343566646630","building_id":"8f00e870-b888-476c-9d5d-a406c2623956","height":28,"min_height":0},"geometry":{"type":"Polygon","coordinates":[[[-74.00108993053436,40.750593474739986],[-74.00099873542786,40.75055283613764],[-74.00095045566559,40.75061785788944],[-74.0010416507721,40.75065443259689],[-74.00108993053436,40.750593474739986]]]}},{"type":"Feature","properties":{"id":"31393334-3637-3362-B430-313565353364","building_id":"ad5ecc5d-c0d7-450e-b397-d050e3c98f96","height":15,"min_height":0},"geometry":{"type":"Polygon","coordinates":[[[-73.99867057800293,40.74914266125339],[-73.9985740184784,40.74927270745124],[-73.99891197681427,40.74941494518896],[-73.9990085363388,40.74928083533018],[-73.99867057800293,40.74914266125339]]]}},{"type":"Feature","properties":{"id":"30636335-6361-3364-B065-663162353066","building_id":"e87ee0f1-9134-4c81-8df3-03b1d56b7976","height":97,"min_height":0},"geometry":{"type":"Polygon","coordinates":[[[-73.99382650852203,40.752946407463355],[-73.99383187294006,40.75295859860776],[-73.99388551712036,40.75288138798862],[-73.9938747882843,40.75287732426935],[-73.99382650852203,40.752946407463355]]]}},{"type":"Feature","properties":{"id":"39623837-3362-3566-A435-623865353034","building_id":"4832c177-eea1-4558-97d3-2ffe55202752","height":10,"min_height":0},"geometry":{"type":"Polygon","coordinates":[[[-74.00011897087097,40.75403141056427],[-73.99988830089569,40.75393388291988],[-74.00011897087097,40.7538810553861],[-74.00011360645294,40.75387292806951],[-73.99996340274811,40.753807909500864],[-73.99995267391205,40.7538282278104],[-73.99984538555145,40.75385260977362],[-73.9998346567154,40.753925755609714],[-74.00010824203491,40.75404360150975],[-74.00011897087097,40.75403141056427]]]}},{"type":"Feature","properties":{"id":"62656531-3761-3336-B065-626235326635","building_id":"23d5d53e-313d-4a2f-a6bf-fd57b080ecaa","height":122.8,"min_height":116.2},"geometry":{"type":"Polygon","coordinates":[[[-73.99384260177612,40.758460640283175],[-73.99392306804657,40.75849721067635],[-73.99394989013672,40.758489083924076],[-73.99403035640717,40.75852565430159],[-73.99405181407928,40.7585215909273],[-73.99407863616943,40.75852971767563],[-73.99410009384155,40.75852565430159],[-73.99414300918579,40.75846470366119],[-73.99413764476776,40.758448450147654],[-73.99411618709564,40.75844032338938],[-73.99411082267761,40.75842000648936],[-73.99383187294006,40.75830623173459],[-73.99381041526794,40.75831029512207],[-73.9937835931778,40.75830216834689],[-73.99376213550568,40.75830623173459],[-73.99371922016144,40.75836718252029],[-73.99372458457947,40.75838343605372],[-73.99374604225159,40.75839562620118],[-73.99375140666962,40.758411879727646],[-73.9938372373581,40.758444386768645],[-73.99384260177612,40.758460640283175]]]}},{"type":"Feature","properties":{"id":"35643930-3064-3662-B762-316230636562","building_id":"e87ee0f1-9134-4c81-8df3-03b1d56b7976","height":121,"min_height":0},"geometry":{"type":"Polygon","coordinates":[[[-73.99391770362854,40.752804177279785],[-73.99398744106293,40.75271071156493],[-73.99394452571869,40.75269039291388],[-73.99394989013672,40.75268632918292],[-73.99391770362854,40.75267007425663],[-73.99384260177612,40.75277166748083],[-73.99391770362854,40.752804177279785]]]}},{"type":"Feature","properties":{"id":"61333866-6333-3437-A433-643761643566","building_id":"8f00e870-b888-476c-9d5d-a406c2623956","height":30,"min_height":0},"geometry":{"type":"Polygon","coordinates":[[[-73.99978637695312,40.75040247309312],[-73.9998346567154,40.75034557887949],[-73.99971127510071,40.75029274849467],[-73.99966835975647,40.75034964275349],[-73.99978637695312,40.75040247309312]]]}},{"type":"Feature","properties":{"id":"64306666-3431-3465-B037-303166376366","building_id":"a1f17137-0041-4d53-bc12-0ba43e681512","height":130,"min_height":0},"geometry":{"type":"Polygon","coordinates":[[[-73.99463653564453,40.75234903864782],[-73.9947384595871,40.7522027434259],[-73.99431467056274,40.752023937717496],[-73.99420738220215,40.75217023333286],[-73.99463653564453,40.75234903864782]]]}},{"type":"Feature","properties":{"id":"33633033-3833-3266-B732-363930636535","building_id":"e87ee0f1-9134-4c81-8df3-03b1d56b7976","height":108,"min_height":0},"geometry":{"type":"Polygon","coordinates":[[[-73.99382650852203,40.752946407463355],[-73.9938747882843,40.75287732426935],[-73.99386405944824,40.75287326054982],[-73.99381577968597,40.75294234374803],[-73.99382650852203,40.752946407463355]]]}},{"type":"Feature","properties":{"id":"38386231-3861-3864-A362-623434366133","building_id":"777b00f2-db2a-4530-b2ec-a2897518fd28","height":28.4,"min_height":27},"geometry":{"type":"Polygon","coordinates":[[[-73.9972972869873,40.75166632485818],[-73.9973509311676,40.751589112738344],[-73.997243642807,40.75154441094381],[-73.99718463420868,40.75162162311554],[-73.9972972869873,40.75166632485818]]]}},{"type":"Feature","properties":{"id":"61633531-3135-3365-B835-303766636366","building_id":"3e935c2f-7843-4789-bbb1-dcba468d03d3","height":26,"min_height":0},"geometry":{"type":"Polygon","coordinates":[[[-73.99707198143005,40.75647361867746],[-73.99697542190552,40.75643298366907],[-73.9969539642334,40.756461428177545],[-73.99705052375793,40.75650206316854],[-73.99707198143005,40.75647361867746]]]}},{"type":"Feature","properties":{"id":"30316234-6431-3236-B465-653266323036","building_id":"0f149766-b09a-4af7-9aa4-7d621cde08d2","height":160,"min_height":0},"geometry":{"type":"Polygon","coordinates":[[[-74.00025844573975,40.75483600817154],[-74.00044620037079,40.75491321652078],[-74.00072515010834,40.754531237496195],[-74.00053203105927,40.75444996508017],[-74.00025844573975,40.75483600817154]]]}},{"type":"Feature","properties":{"id":"38623334-3135-3132-B862-383936373166","building_id":"3e935c2f-7843-4789-bbb1-dcba468d03d3","height":38,"min_height":0},"geometry":{"type":"Polygon","coordinates":[[[-73.99726510047913,40.756790570890274],[-73.99711489677429,40.75672555517494],[-73.99713099002838,40.756709301236185],[-73.99707734584808,40.756684920320566],[-73.9970451593399,40.75673368214285],[-73.9969003200531,40.75667272985942],[-73.99691104888916,40.75665647590773],[-73.9967554807663,40.75659552355353],[-73.99668037891388,40.75670117426532],[-73.99705588817596,40.75686371349403],[-73.99703443050385,40.75689622129207],[-73.99717390537262,40.75695717337061],[-73.99737775325775,40.75668085683378],[-73.99737238883972,40.75667679334671],[-73.99726510047913,40.756790570890274]]]}},{"type":"Feature","properties":{"id":"35336662-3739-3766-A463-633765333237","building_id":"e87ee0f1-9134-4c81-8df3-03b1d56b7976","height":110,"min_height":0},"geometry":{"type":"Polygon","coordinates":[[[-73.99363875389099,40.752552225922074],[-73.99365484714508,40.75253190722262],[-73.99364948272705,40.75251565225855],[-73.99357438087463,40.75248314231851],[-73.99355292320251,40.752487206061886],[-73.99351000785828,40.752544098443025],[-73.9935153722763,40.7525603534001],[-73.9935690164566,40.75258473582832],[-73.99360120296478,40.752540034703145],[-73.99363875389099,40.752552225922074]]]}},{"type":"Feature","properties":{"id":"63663134-3964-3238-B264-313466663635","building_id":"e87ee0f1-9134-4c81-8df3-03b1d56b7976","height":83,"min_height":0},"geometry":{"type":"Polygon","coordinates":[[[-73.99368703365326,40.752487206061886],[-73.99369776248932,40.75247095108688],[-73.99366021156311,40.75245469610792],[-73.99364948272705,40.75247095108688],[-73.99368703365326,40.752487206061886]]]}},{"type":"Feature","properties":{"id":"36333430-6537-3265-B864-346131656233","building_id":"5f913ca9-23c1-4892-95cb-44fd4c412108","height":68,"min_height":0},"geometry":{"type":"Polygon","coordinates":[[[-73.99929285049438,40.75387292806951],[-73.99912118911743,40.753803845838206],[-73.99909436702728,40.75384041879312],[-73.99926602840424,40.75391356464263],[-73.99929285049438,40.75387292806951]]]}},{"type":"Feature","properties":{"id":"38653031-6630-3531-A337-646134353065","building_id":"2ec9093a-15f6-4c33-8016-4b745f595ad0","height":135,"min_height":77},"geometry":{"type":"Polygon","coordinates":[[[-74.00216817855835,40.75440526520899],[-74.00196969509125,40.75467752759471],[-74.00233447551727,40.754827880971646],[-74.00252759456635,40.75455968281835],[-74.00216817855835,40.75440526520899]]]}},{"type":"Feature","properties":{"id":"35636534-3436-3662-B366-626161336366","building_id":"e87ee0f1-9134-4c81-8df3-03b1d56b7976","height":20,"min_height":0},"geometry":{"type":"Polygon","coordinates":[[[-73.99371922016144,40.7525887995655],[-73.99378895759583,40.752487206061886],[-73.99370849132538,40.75245469610792],[-73.99363875389099,40.752552225922074],[-73.99371922016144,40.7525887995655]]]}},{"type":"Feature","properties":{"id":"63363363-3438-3433-B764-663634303261","building_id":"4832c177-eea1-4558-97d3-2ffe55202752","height":310,"min_height":0},"geometry":{"type":"Polygon","coordinates":[[[-74.00047838687897,40.754108619847926],[-74.00076270103455,40.75371850886512],[-74.00058031082153,40.753645362800995],[-74.00029063224792,40.75402734691528],[-74.00047838687897,40.754108619847926]]]}},{"type":"Feature","properties":{"id":"33633030-3637-3365-A666-303436346165","building_id":"e87ee0f1-9134-4c81-8df3-03b1d56b7976","height":121,"min_height":0},"geometry":{"type":"Polygon","coordinates":[[[-73.99344027042389,40.75282449589605],[-73.99351000785828,40.752726966481305],[-73.99347245693207,40.75271477529441],[-73.99340271949768,40.75281230472706],[-73.99344027042389,40.75282449589605]]]}},{"type":"Feature","properties":{"id":"65363534-3830-3533-B438-313262383238","building_id":"2e7113ea-6ffd-410e-b8fc-03518996cff2","height":44,"min_height":40},"geometry":{"type":"Polygon","coordinates":[[[-74.00229156017303,40.7507885396854],[-74.00234520435333,40.750812922763316],[-74.00238811969757,40.750751965051705],[-74.00226473808289,40.75069913498976],[-74.00222182273865,40.75076009274983],[-74.00229156017303,40.7507885396854]]]}},{"type":"Feature","properties":{"id":"65623131-6463-3662-B334-623961396263","building_id":"2c7d90e0-74d1-41c7-92f7-df209edb689f","height":47,"min_height":0},"geometry":{"type":"Polygon","coordinates":[[[-73.99963080883026,40.753649426473345],[-73.99963080883026,40.753645362800995],[-73.99954497814178,40.75360878973876],[-73.99953961372375,40.75361285341336],[-73.99963080883026,40.753649426473345]]]}},{"type":"Feature","properties":{"id":"38646238-6630-3861-B233-346436636639","building_id":"2c7d90e0-74d1-41c7-92f7-df209edb689f","height":47,"min_height":0},"geometry":{"type":"Polygon","coordinates":[[[-73.9994752407074,40.75360066238889],[-73.99946987628937,40.753596598713585],[-73.99937331676483,40.75372663620061],[-73.99937868118286,40.75372663620061],[-73.9994752407074,40.75360066238889]]]}},{"type":"Feature","properties":{"id":"38636434-6630-3962-A432-653563396333","building_id":"777b00f2-db2a-4530-b2ec-a2897518fd28","height":31.2,"min_height":27},"geometry":{"type":"Polygon","coordinates":[[[-73.99451315402985,40.75148751770726],[-73.9945238828659,40.751467198682406],[-73.99449169635773,40.751455007264525],[-73.99447560310364,40.75147126248788],[-73.99451315402985,40.75148751770726]]]}},{"type":"Feature","properties":{"id":"33383062-6533-3162-B431-316362393831","building_id":"2ec9093a-15f6-4c33-8016-4b745f595ad0","height":276,"min_height":248},"geometry":{"type":"Polygon","coordinates":[[[-74.00202333927155,40.754620637039096],[-74.00202870368958,40.754701909246506],[-74.0022325515747,40.754787244957384],[-74.002286195755,40.75479537216222],[-74.00233447551727,40.7547913085599],[-74.00236666202545,40.754783181354554],[-74.00246322154999,40.754649082323],[-74.00247931480408,40.75458000089813],[-74.00247395038605,40.7545353011144],[-74.00227010250092,40.75445402870332],[-74.00220572948456,40.75444590145676],[-74.00213599205017,40.75444996508017],[-74.00204479694366,40.75457593728268],[-74.00202333927155,40.754620637039096]]]}},{"type":"Feature","properties":{"id":"66636638-3432-3362-A463-666338376465","building_id":"b4548e1a-e794-48a7-b7ea-baf5571417cc","height":25,"min_height":0},"geometry":{"type":"Polygon","coordinates":[[[-73.99567186832428,40.75811931564331],[-73.99537146091461,40.75799741356147],[-73.99535536766052,40.75801773059064],[-73.99565577507019,40.758143696032846],[-73.99567186832428,40.75811931564331]]]}},{"type":"Feature","properties":{"id":"36393031-6165-3664-B266-333061343461","building_id":"23d5d53e-313d-4a2f-a6bf-fd57b080ecaa","height":132.7,"min_height":129.4},"geometry":{"type":"Polygon","coordinates":[[[-73.99384260177612,40.758460640283175],[-73.99392306804657,40.75849721067635],[-73.99394989013672,40.758489083924076],[-73.99403035640717,40.75852565430159],[-73.99405181407928,40.7585215909273],[-73.99407863616943,40.75852971767563],[-73.99410009384155,40.75852565430159],[-73.99414300918579,40.75846470366119],[-73.99413764476776,40.758448450147654],[-73.99411618709564,40.75844032338938],[-73.99411082267761,40.75842000648936],[-73.99383187294006,40.75830623173459],[-73.99381041526794,40.75831029512207],[-73.9937835931778,40.75830216834689],[-73.99376213550568,40.75830623173459],[-73.99371922016144,40.75836718252029],[-73.99372458457947,40.75838343605372],[-73.99374604225159,40.75839562620118],[-73.99375140666962,40.758411879727646],[-73.9938372373581,40.758444386768645],[-73.99384260177612,40.758460640283175]]]}},{"type":"Feature","properties":{"id":"34323963-6330-3736-A134-343935626661","building_id":"777b00f2-db2a-4530-b2ec-a2897518fd28","height":27,"min_height":0},"geometry":{"type":"Polygon","coordinates":[[[-73.99588108062744,40.75132496533462],[-73.99608492851257,40.75141030537981],[-73.99622440338135,40.75121930607929],[-73.9972060918808,40.75163381450287],[-73.996701836586,40.75233278363905],[-73.99570941925049,40.75192234335077],[-73.99570405483246,40.75192640712842],[-73.99550020694733,40.75184106774566],[-73.995441198349,40.75192234335077],[-73.99565041065216,40.752011746401706],[-73.99564504623413,40.75201987394581],[-73.99674475193024,40.75248314231851],[-73.99739921092987,40.751585048940115],[-73.99629414081573,40.75111771048313],[-73.9962887763977,40.751125838136545],[-73.99608492851257,40.751036433894456],[-73.99588108062744,40.75132496533462]]]}},{"type":"Feature","properties":{"id":"34643332-6632-3664-B464-313764663037","building_id":"e87ee0f1-9134-4c81-8df3-03b1d56b7976","height":121,"min_height":0},"geometry":{"type":"Polygon","coordinates":[[[-73.99363875389099,40.752552225922074],[-73.99360120296478,40.752540034703145],[-73.9935314655304,40.7526375643921],[-73.99356365203857,40.752653819326355],[-73.99363875389099,40.752552225922074]]]}},{"type":"Feature","properties":{"id":"37353731-3566-3337-A166-336361343734","building_id":"01bab36b-f02a-48a1-846e-93ad8cbba88b","height":81,"min_height":0},"geometry":{"type":"Polygon","coordinates":[[[-73.99430930614471,40.754880707753074],[-73.99426102638245,40.75486445336327],[-73.99425029754639,40.75487258055867],[-73.99429857730865,40.754892898542835],[-73.99430930614471,40.754880707753074]]]}},{"type":"Feature","properties":{"id":"39363139-3536-3239-B835-633131316137","building_id":"7aade935-4a8f-47de-b91e-256d4b32e0b0","height":165,"min_height":0},"geometry":{"type":"Polygon","coordinates":[[[-74.00141716003418,40.75291389773392],[-74.00160491466522,40.75299517202768],[-74.00187849998474,40.75262130945387],[-74.00175511837006,40.75257254461533],[-74.00154054164886,40.75286106938972],[-74.00148153305054,40.75283668706285],[-74.00141716003418,40.75291389773392]]]}},{"type":"Feature","properties":{"id":"61396331-6466-3562-B735-396430343132","building_id":"e87ee0f1-9134-4c81-8df3-03b1d56b7976","height":83,"min_height":0},"geometry":{"type":"Polygon","coordinates":[[[-73.99400353431702,40.75260911824759],[-73.99397134780884,40.752592863302425],[-73.99396061897278,40.752613181983264],[-73.99399280548096,40.75262537318878],[-73.99400353431702,40.75260911824759]]]}},{"type":"Feature","properties":{"id":"39303433-3231-3136-A361-326234356635","building_id":"e87ee0f1-9134-4c81-8df3-03b1d56b7976","height":20,"min_height":0},"geometry":{"type":"Polygon","coordinates":[[[-73.9938747882843,40.75301142687448],[-73.99407863616943,40.752739157665985],[-73.99402499198914,40.75271477529441],[-73.99394989013672,40.75281636845031],[-73.99384260177612,40.75277166748083],[-73.99378895759583,40.75284075078463],[-73.99389624595642,40.75288545170764],[-73.993821144104,40.752987044602776],[-73.9938747882843,40.75301142687448]]]}},{"type":"Feature","properties":{"id":"34336139-3432-3639-B235-326235373533","building_id":"4c3b2826-af1c-4083-98ab-241c8601b4c4","height":47,"min_height":42},"geometry":{"type":"Polygon","coordinates":[[[-74.00305330753326,40.75238967615235],[-74.0030962228775,40.752328719886236],[-74.00290310382843,40.75224744477785],[-74.00285482406616,40.752308401118455],[-74.00305330753326,40.75238967615235]]]}},{"type":"Feature","properties":{"id":"30393039-6535-3935-B035-353237613938","building_id":"ad5ecc5d-c0d7-450e-b397-d050e3c98f96","height":15,"min_height":0},"geometry":{"type":"Polygon","coordinates":[[[-73.99892270565033,40.74918736466262],[-73.9989709854126,40.74912234151199],[-73.99876713752747,40.74903699853036],[-73.99872422218323,40.749097957814115],[-73.99892270565033,40.74918736466262]]]}},{"type":"Feature","properties":{"id":"37336465-6638-3633-A336-623239313163","building_id":"346ff08f-e158-480a-92b6-feb73599883f","height":138,"min_height":0},"geometry":{"type":"Polygon","coordinates":[[[-73.99764597415924,40.75701406192678],[-73.99759232997894,40.75708720428466],[-73.99761915206909,40.75710752159199],[-73.99764060974121,40.7570912677466],[-73.99769961833954,40.75714002927083],[-73.99771571159363,40.7571237754334],[-73.99777472019196,40.75717253693375],[-73.99779617786407,40.75716034656202],[-73.99786055088043,40.75720910803557],[-73.99787664413452,40.75719691767054],[-73.99790346622467,40.757217234944335],[-73.99792492389679,40.757205044580786],[-73.99801075458527,40.75708314082243],[-73.99798393249512,40.7570709504343],[-73.9980161190033,40.757038442721694],[-73.99803221225739,40.75705063311577],[-73.99804830551147,40.757026252325346],[-73.99786055088043,40.75690434823912],[-73.99784445762634,40.756924665602355],[-73.99781227111816,40.75690028476572],[-73.99773716926575,40.75687590392016],[-73.99764060974121,40.75700999846009],[-73.99764597415924,40.75701406192678]]]}},{"type":"Feature","properties":{"id":"38646562-6364-3761-A530-353231363631","building_id":"e87ee0f1-9134-4c81-8df3-03b1d56b7976","height":108,"min_height":0},"geometry":{"type":"Polygon","coordinates":[[[-73.99397671222687,40.752739157665985],[-73.99396598339081,40.752735093937986],[-73.99391770362854,40.752804177279785],[-73.9939284324646,40.75280824100355],[-73.99397671222687,40.752739157665985]]]}},{"type":"Feature","properties":{"id":"66366535-3662-3361-B264-353562323834","building_id":"ad5ecc5d-c0d7-450e-b397-d050e3c98f96","height":15,"min_height":0},"geometry":{"type":"Polygon","coordinates":[[[-73.99874567985535,40.74938649766577],[-73.99889051914215,40.74919142860739],[-73.99885296821594,40.74917517282668],[-73.998863697052,40.749158917042024],[-73.99870812892914,40.7490938938636],[-73.99856328964233,40.7492889632081],[-73.99859011173248,40.74930115502315],[-73.99857938289642,40.74931334683595],[-73.99861693382263,40.74932960258286],[-73.99860620498657,40.749345858325796],[-73.99869740009308,40.749382433732876],[-73.99870812892914,40.74937024193278],[-73.99874567985535,40.74938649766577]]]}},{"type":"Feature","properties":{"id":"63366435-6233-3562-B833-373139626634","building_id":"2c7d90e0-74d1-41c7-92f7-df209edb689f","height":71,"min_height":0},"geometry":{"type":"Polygon","coordinates":[[[-73.99875104427338,40.75328369496805],[-73.99880468845367,40.75330807713101],[-73.99885833263397,40.753238994312795],[-73.99879932403564,40.75321461212451],[-73.99875104427338,40.75328369496805]]]}},{"type":"Feature","properties":{"id":"37383637-6538-3535-B264-646462616232","building_id":"bab47795-1edc-4bcb-99ce-e893cd1ee509","height":33,"min_height":0},"geometry":{"type":"Polygon","coordinates":[[[-74.00204479694366,40.75722129839835],[-74.00221109390259,40.756989681122946],[-74.00191068649292,40.75685965001816],[-74.00173902511597,40.75709533120832],[-74.00204479694366,40.75722129839835]]]}},{"type":"Feature","properties":{"id":"64613230-3934-3537-B763-343461313335","building_id":"3e935c2f-7843-4789-bbb1-dcba468d03d3","height":6,"min_height":0},"geometry":{"type":"Polygon","coordinates":[[[-73.99721682071686,40.75640860265213],[-73.99735629558563,40.756469555177745],[-73.99738848209381,40.75642892016688],[-73.99724900722504,40.756367967604035],[-73.99721682071686,40.75640860265213]]]}},{"type":"Feature","properties":{"id":"63313438-3961-3534-B733-353930643433","building_id":"c09d14b1-48a9-4169-b95e-eece288eafeb","height":63,"min_height":0},"geometry":{"type":"Polygon","coordinates":[[[-74.00161564350128,40.7522027434259],[-74.00167465209961,40.75222712598523],[-74.00178730487823,40.752076766726844],[-74.00172829627991,40.752052384112375],[-74.00161564350128,40.7522027434259]]]}},{"type":"Feature","properties":{"id":"61383066-6138-3734-B238-353432383634","building_id":"3e935c2f-7843-4789-bbb1-dcba468d03d3","height":6,"min_height":0},"geometry":{"type":"Polygon","coordinates":[[[-73.99705588817596,40.75686371349403],[-73.9969539642334,40.75681901524575],[-73.99693250656128,40.75685152306565],[-73.99703443050385,40.75689622129207],[-73.99705588817596,40.75686371349403]]]}},{"type":"Feature","properties":{"id":"39323335-3637-3161-B239-623064303039","building_id":"a1f17137-0041-4d53-bc12-0ba43e681512","height":126,"min_height":0},"geometry":{"type":"Polygon","coordinates":[[[-73.99420738220215,40.75217023333286],[-73.99475991725922,40.75239780365027],[-73.99486720561981,40.752255572293166],[-73.99431467056274,40.752023937717496],[-73.99420738220215,40.75217023333286]]]}},{"type":"Feature","properties":{"id":"66663638-3633-3036-B666-626161373432","building_id":"e87ee0f1-9134-4c81-8df3-03b1d56b7976","height":121,"min_height":0},"geometry":{"type":"Polygon","coordinates":[[[-73.99386405944824,40.75287326054982],[-73.99378895759583,40.75284075078463],[-73.99371385574341,40.75294234374803],[-73.99375140666962,40.752954534893234],[-73.99375140666962,40.752950471178394],[-73.99379432201385,40.75296672603616],[-73.99386405944824,40.75287326054982]]]}},{"type":"Feature","properties":{"id":"66343666-6339-3338-B833-663439316437","building_id":"e87ee0f1-9134-4c81-8df3-03b1d56b7976","height":110,"min_height":0},"geometry":{"type":"Polygon","coordinates":[[[-73.99385869503021,40.75260505451166],[-73.9938747882843,40.752580672090915],[-73.99376213550568,40.75253190722262],[-73.99374067783356,40.752556289661214],[-73.99385869503021,40.75260505451166]]]}},{"type":"Feature","properties":{"id":"65626330-6166-3735-A439-636335313363","building_id":"1eb40075-bb8c-4707-b968-b3ed07164882","height":54.8,"min_height":52},"geometry":{"type":"Polygon","coordinates":[[[-74.00351464748383,40.749780697974586],[-74.00353074073792,40.749752250607855],[-74.00354146957397,40.74975631451815],[-74.0035629272461,40.74972786714099],[-74.00354146957397,40.74971567540416],[-74.003546833992,40.749707547578424],[-74.00353074073792,40.749699419751664],[-74.00347709655762,40.74976444233795],[-74.00351464748383,40.749780697974586]]]}},{"type":"Feature","properties":{"id":"66613064-3434-3439-A431-396336393064","building_id":"23d5d53e-313d-4a2f-a6bf-fd57b080ecaa","height":106.3,"min_height":96.4},"geometry":{"type":"Polygon","coordinates":[[[-73.99384260177612,40.758460640283175],[-73.99392306804657,40.75849721067635],[-73.99394989013672,40.758489083924076],[-73.99403035640717,40.75852565430159],[-73.99405181407928,40.7585215909273],[-73.99407863616943,40.75852971767563],[-73.99410009384155,40.75852565430159],[-73.99414300918579,40.75846470366119],[-73.99413764476776,40.758448450147654],[-73.99411618709564,40.75844032338938],[-73.99411082267761,40.75842000648936],[-73.99383187294006,40.75830623173459],[-73.99381041526794,40.75831029512207],[-73.9937835931778,40.75830216834689],[-73.99376213550568,40.75830623173459],[-73.99371922016144,40.75836718252029],[-73.99372458457947,40.75838343605372],[-73.99374604225159,40.75839562620118],[-73.99375140666962,40.758411879727646],[-73.9938372373581,40.758444386768645],[-73.99384260177612,40.758460640283175]]]}},{"type":"Feature","properties":{"id":"37646666-3332-3532-A466-636136623232","building_id":"a66e9a4f-10c7-4f61-b490-1395d1534731","height":55,"min_height":0},"geometry":{"type":"Polygon","coordinates":[[[-73.99919629096985,40.75059753859884],[-73.99869740009308,40.75039028148004],[-73.99835407733917,40.75086168889237],[-73.99908363819122,40.75115834874023],[-73.99914264678955,40.751081136030535],[-73.9990621805191,40.751048625389075],[-73.99928212165833,40.75074790120229],[-73.99934649467468,40.750772284295124],[-73.99941086769104,40.75068694343108],[-73.99919629096985,40.75059753859884]],[[-73.99868667125702,40.75074790120229],[-73.9987564086914,40.75077634814306],[-73.99881541728973,40.7506950711371],[-73.99874567985535,40.75066662416157],[-73.9987725019455,40.75063411331746],[-73.9990246295929,40.75073977350269],[-73.9989173412323,40.750886071943484],[-73.9986652135849,40.750784475838174],[-73.99868667125702,40.75074790120229]]]}},{"type":"Feature","properties":{"id":"36353032-6531-3663-B630-626532633065","building_id":"2c7d90e0-74d1-41c7-92f7-df209edb689f","height":71,"min_height":0},"geometry":{"type":"Polygon","coordinates":[[[-73.99930357933044,40.75252784348197],[-73.99935722351074,40.752552225922074],[-73.99940550327301,40.75248314231851],[-73.99935185909271,40.752458759853056],[-73.99930357933044,40.75252784348197]]]}},{"type":"Feature","properties":{"id":"31396331-6265-3836-B665-376431373736","building_id":"23d5d53e-313d-4a2f-a6bf-fd57b080ecaa","height":4,"min_height":0},"geometry":{"type":"Polygon","coordinates":[[[-73.99379432201385,40.75852971767563],[-73.99366021156311,40.75870850588748],[-73.99389088153839,40.75880602652765],[-73.99390697479248,40.75880196317047],[-73.99416983127594,40.75843626000986],[-73.99377822875977,40.758273724626065],[-73.99368166923523,40.75840375296491],[-73.99379432201385,40.75852971767563]]]}},{"type":"Feature","properties":{"id":"36636262-6466-3031-B036-666337666632","building_id":"5399c437-28cf-4708-86e5-ed97b9a97b96","height":108.5,"min_height":0},"geometry":{"type":"Polygon","coordinates":[[[-74.00331616401672,40.752796049831545],[-74.00321424007416,40.7527554125754],[-74.00314450263977,40.75284481450615],[-74.00324642658234,40.75288951542646],[-74.00331616401672,40.752796049831545]]]}},{"type":"Feature","properties":{"id":"31323737-6339-3437-A166-666437346233","building_id":"2ec9093a-15f6-4c33-8016-4b745f595ad0","height":248,"min_height":210},"geometry":{"type":"Polygon","coordinates":[[[-74.00229692459106,40.754462155948886],[-74.00223791599274,40.75444590145676],[-74.00213599205017,40.75444996508017],[-74.00204479694366,40.75457593728268],[-74.00202333927155,40.754620637039096],[-74.00202333927155,40.75466940037546],[-74.00202870368958,40.754701909246506],[-74.00233447551727,40.754827880971646],[-74.00246322154999,40.754649082323],[-74.00247931480408,40.75460031897174],[-74.00247931480408,40.75455968281835],[-74.00247395038605,40.7545353011144],[-74.00229692459106,40.754462155948886]]]}},{"type":"Feature","properties":{"id":"30393663-3639-3231-B339-346262343463","building_id":"e87ee0f1-9134-4c81-8df3-03b1d56b7976","height":20,"min_height":0},"geometry":{"type":"Polygon","coordinates":[[[-73.99344563484192,40.75296266232209],[-73.99352073669434,40.75286106938972],[-73.99344027042389,40.75282449589605],[-73.99336516857147,40.75292608888432],[-73.99344563484192,40.75296266232209]]]}},{"type":"Feature","properties":{"id":"37393537-6131-3639-B635-626331653164","building_id":"23d95035-8cee-4e9b-a680-0c1c70880c9e","height":236,"min_height":0},"geometry":{"type":"Polygon","coordinates":[[[-74.00179266929626,40.75514890461136],[-74.00176584720612,40.75513671386855],[-74.00174975395203,40.75514484103067],[-74.00173902511597,40.75516109535192],[-74.00174975395203,40.75517328609027],[-74.00176584720612,40.755181413247925],[-74.0017819404602,40.755177349669225],[-74.0017980337143,40.75516922251106],[-74.00179266929626,40.75514890461136]]]}},{"type":"Feature","properties":{"id":"63626436-3938-3236-A531-633866363762","building_id":"5399c437-28cf-4708-86e5-ed97b9a97b96","height":85,"min_height":0},"geometry":{"type":"Polygon","coordinates":[[[-74.00343954563141,40.75297078974998],[-74.00353610515594,40.75284075078463],[-74.00349855422974,40.75282449589605],[-74.00340735912323,40.752954534893234],[-74.00343954563141,40.75297078974998]]]}},{"type":"Feature","properties":{"id":"64306636-6237-3038-A664-633064363531","building_id":"364eaefe-afe4-4256-ba4f-1cefb06429bd","height":256,"min_height":145},"geometry":{"type":"Polygon","coordinates":[[[-74.00303721427917,40.75353157987465],[-74.00308012962341,40.75350313411266],[-74.0031498670578,40.75347875202124],[-74.00314450263977,40.75342592412585],[-74.00316596031189,40.75335277773985],[-74.00303721427917,40.75353157987465]]]}},{"type":"Feature","properties":{"id":"64343861-6334-3463-A262-376133663439","building_id":"2ec9093a-15f6-4c33-8016-4b745f595ad0","height":304.8,"min_height":276},"geometry":{"type":"Polygon","coordinates":[[[-74.00216817855835,40.754714100069066],[-74.00216281414032,40.75475879973257],[-74.00221109390259,40.754779117751525],[-74.002286195755,40.75479537216222],[-74.00236666202545,40.754783181354554],[-74.00237739086151,40.75468159120396],[-74.00243639945984,40.75468565481296],[-74.00246322154999,40.754649082323],[-74.00247931480408,40.75458000089813],[-74.00247395038605,40.7545353011144],[-74.00233447551727,40.75452311025907],[-74.0023398399353,40.754478410437116],[-74.00227010250092,40.75445402870332],[-74.00220572948456,40.75444590145676],[-74.00213599205017,40.75444996508017],[-74.00211989879608,40.7545515555847],[-74.00206625461578,40.754547491967486],[-74.0020340681076,40.75459625535751],[-74.00202333927155,40.75466940037546],[-74.00202870368958,40.754701909246506],[-74.00216817855835,40.754714100069066]]]}},{"type":"Feature","properties":{"id":"33343734-3034-3239-A261-373866366666","building_id":"b4548e1a-e794-48a7-b7ea-baf5571417cc","height":25,"min_height":0},"geometry":{"type":"Polygon","coordinates":[[[-73.99525880813599,40.75855003454208],[-73.9950442314148,40.758460640283175],[-73.99503350257874,40.75847689379373],[-73.99524807929993,40.75857035140237],[-73.99525880813599,40.75855003454208]]]}},{"type":"Feature","properties":{"id":"39646436-3031-3333-B461-663739383534","building_id":"aae41971-3009-46da-9ce3-0fd859c11735","height":303,"min_height":0},"geometry":{"type":"Polygon","coordinates":[[[-73.99787664413452,40.75302768171733],[-73.99811804294586,40.75269852037505],[-73.99811804294586,40.75268632918292],[-73.9981073141098,40.75267820172027],[-73.99763524532318,40.75247907857488],[-73.99738311767578,40.75283668706285],[-73.99784982204437,40.75303174542742],[-73.99787664413452,40.75302768171733]]]}},{"type":"Feature","properties":{"id":"62653333-3836-3339-A437-333862306538","building_id":"e87ee0f1-9134-4c81-8df3-03b1d56b7976","height":83,"min_height":0},"geometry":{"type":"Polygon","coordinates":[[[-73.99339199066162,40.75289357914497],[-73.99335443973541,40.75287732426935],[-73.99334371089935,40.75289357914497],[-73.99337589740753,40.752909834016634],[-73.99339199066162,40.75289357914497]]]}},{"type":"Feature","properties":{"id":"31356130-3764-3661-B366-393665346335","building_id":"23d5d53e-313d-4a2f-a6bf-fd57b080ecaa","height":37,"min_height":20.5},"geometry":{"type":"Polygon","coordinates":[[[-73.9938372373581,40.758444386768645],[-73.99403035640717,40.75852565430159],[-73.99405181407928,40.7585215909273],[-73.99407863616943,40.75852971767563],[-73.99410009384155,40.75852565430159],[-73.99414300918579,40.75846470366119],[-73.99413764476776,40.758448450147654],[-73.99411618709564,40.75844032338938],[-73.99411082267761,40.75842000648936],[-73.99383187294006,40.75830623173459],[-73.99381041526794,40.75831029512207],[-73.9937835931778,40.75830216834689],[-73.99376213550568,40.75830623173459],[-73.99371922016144,40.75836718252029],[-73.99372458457947,40.75838343605372],[-73.99374604225159,40.75839562620118],[-73.99375140666962,40.758411879727646],[-73.9938372373581,40.758444386768645]]]}},{"type":"Feature","properties":{"id":"33396135-6236-3464-B662-333835356433","building_id":"e87ee0f1-9134-4c81-8df3-03b1d56b7976","height":20,"min_height":0},"geometry":{"type":"Polygon","coordinates":[[[-73.99364411830902,40.753043936556224],[-73.99371385574341,40.75294234374803],[-73.99363338947296,40.752909834016634],[-73.99356365203857,40.753007363163164],[-73.99364411830902,40.753043936556224]]]}},{"type":"Feature","properties":{"id":"39353937-3766-3961-B737-653463643838","building_id":"06caacc0-49d7-482e-a960-9e8835082b10","height":36,"min_height":0},"geometry":{"type":"Polygon","coordinates":[[[-73.99525344371796,40.75517328609027],[-73.9952802658081,40.75513671386855],[-73.99524807929993,40.75512452312347],[-73.99522125720978,40.75516109535192],[-73.99525344371796,40.75517328609027]]]}},{"type":"Feature","properties":{"id":"66343231-3737-3463-A331-636530356466","building_id":"e87ee0f1-9134-4c81-8df3-03b1d56b7976","height":83,"min_height":0},"geometry":{"type":"Polygon","coordinates":[[[-73.99340808391571,40.75268632918292],[-73.9933705329895,40.75267007425663],[-73.99323642253876,40.75285294194842],[-73.993279337883,40.752869196830034],[-73.99340808391571,40.75268632918292]]]}},{"type":"Feature","properties":{"id":"64323035-6365-3738-B033-383731323336","building_id":"56be4861-13d0-42a1-833b-1445579bd6e2","height":112,"min_height":0},"geometry":{"type":"Polygon","coordinates":[[[-73.99955570697784,40.75845657690493],[-73.99940013885498,40.758667872245184],[-73.99957716464996,40.75874101278342],[-73.99971663951874,40.75855409791467],[-73.99967908859253,40.758541907796285],[-73.99970054626465,40.75851346417798],[-73.99955570697784,40.75845657690493]]]}},{"type":"Feature","properties":{"id":"63306163-6537-3232-B834-343965346538","building_id":"9d3ddc43-b5b3-4fbf-bc13-73af8febe9bb","height":5.5,"min_height":0},"geometry":{"type":"Polygon","coordinates":[[[-74.00296747684479,40.75138185871026],[-74.00295674800873,40.75138998633136],[-74.00303184986115,40.75142249680587],[-74.00303721427917,40.75141436918875],[-74.00296747684479,40.75138185871026]]]}},{"type":"Feature","properties":{"id":"65313130-6432-3563-B433-363563373765","building_id":"e87ee0f1-9134-4c81-8df3-03b1d56b7976","height":20,"min_height":0},"geometry":{"type":"Polygon","coordinates":[[[-73.99346172809601,40.75260911824759],[-73.99338662624359,40.75257660835325],[-73.9933329820633,40.752653819326355],[-73.99351000785828,40.752726966481305],[-73.99356365203857,40.752653819326355],[-73.99346172809601,40.75260911824759]]]}},{"type":"Feature","properties":{"id":"62313034-6437-3334-A363-343034333637","building_id":"7b9e6087-f236-46d7-9f9b-1f403b4aa6b3","height":6,"min_height":0},"geometry":{"type":"Polygon","coordinates":[[[-74.00209307670593,40.75219867966513],[-74.00258660316467,40.752405931147194],[-74.00258123874664,40.75242218613809],[-74.00281727313995,40.75251971599991],[-74.00286018848419,40.752458759853056],[-74.00213062763214,40.752153978280376],[-74.00209307670593,40.75219867966513]]]}},{"type":"Feature","properties":{"id":"65353935-6131-3132-A264-643331393939","building_id":"5f913ca9-23c1-4892-95cb-44fd4c412108","height":72,"min_height":0},"geometry":{"type":"Polygon","coordinates":[[[-73.99908900260925,40.75428741995006],[-73.99905681610107,40.754332119900425],[-73.99898171424866,40.75429961084859],[-73.99895489215851,40.75434024716091],[-73.99907290935516,40.754389010702965],[-73.99913191795349,40.754307738113056],[-73.99908900260925,40.75428741995006]]]}},{"type":"Feature","properties":{"id":"30323664-3536-3561-B336-313331393436","building_id":"6d275059-a5d2-4af3-aaff-ed25c45a3f55","height":5.2,"min_height":0},"geometry":{"type":"Polygon","coordinates":[[[-74.0030586719513,40.75091858266441],[-74.00322496891022,40.750678815724],[-74.00313377380371,40.75064630488586],[-74.00296747684479,40.75088200810225],[-74.0030586719513,40.75091858266441]]]}},{"type":"Feature","properties":{"id":"33306337-3733-3966-B433-303763656465","building_id":"06caacc0-49d7-482e-a960-9e8835082b10","height":33,"min_height":0},"geometry":{"type":"Polygon","coordinates":[[[-73.9952802658081,40.75513671386855],[-73.99529099464417,40.75512452312347],[-73.99525880813599,40.75510826879329],[-73.99524807929993,40.75512452312347],[-73.9952802658081,40.75513671386855]]]}},{"type":"Feature","properties":{"id":"38306336-3363-3135-A166-343038393232","building_id":"ad5ecc5d-c0d7-450e-b397-d050e3c98f96","height":20,"min_height":0},"geometry":{"type":"Polygon","coordinates":[[[-73.99896562099457,40.74938649766577],[-73.9990085363388,40.749333666518964],[-73.99893879890442,40.74930115502315],[-73.99889588356018,40.74935805013038],[-73.99896562099457,40.74938649766577]]]}},{"type":"Feature","properties":{"id":"36393434-3036-3539-B161-613034353266","building_id":"23d95035-8cee-4e9b-a680-0c1c70880c9e","height":237.4,"min_height":230},"geometry":{"type":"Polygon","coordinates":[[[-74.00189995765686,40.75552275297224],[-74.00217890739441,40.75514484103067],[-74.00172293186188,40.7549538524581],[-74.00144398212433,40.755327701915775],[-74.00189995765686,40.75552275297224]],[[-74.00189995765686,40.75551462585631],[-74.00145471096039,40.755327701915775],[-74.00172829627991,40.75496197964256],[-74.00216817855835,40.75514890461136],[-74.00189995765686,40.75551462585631]]]}},{"type":"Feature","properties":{"id":"39666466-6339-3031-B437-636439313930","building_id":"a66e9a4f-10c7-4f61-b490-1395d1534731","height":40,"min_height":0},"geometry":{"type":"Polygon","coordinates":[[[-73.99908363819122,40.75115834874023],[-74.00087535381317,40.75192640712842],[-74.00121331214905,40.75145094345805],[-73.99941086769104,40.75068694343108],[-73.99934649467468,40.750772284295124],[-73.99928212165833,40.75074790120229],[-73.9990621805191,40.751048625389075],[-73.99914264678955,40.751081136030535],[-73.99908363819122,40.75115834874023]]]}},{"type":"Feature","properties":{"id":"33356637-6430-3337-B138-623966346266","building_id":"01bab36b-f02a-48a1-846e-93ad8cbba88b","height":90,"min_height":0},"geometry":{"type":"Polygon","coordinates":[[[-73.99441123008728,40.75488477134991],[-73.99445950984955,40.75481975377079],[-73.99435758590698,40.754779117751525],[-73.99430930614471,40.754844135370405],[-73.99441123008728,40.75488477134991]]]}},{"type":"Feature","properties":{"id":"62613137-3961-3238-A632-313031393865","building_id":"23d95035-8cee-4e9b-a680-0c1c70880c9e","height":46,"min_height":0},"geometry":{"type":"Polygon","coordinates":[[[-74.00128304958344,40.75530332049351],[-74.00192141532898,40.75557151564692],[-74.00224328041077,40.75513671386855],[-74.00166392326355,40.754892898542835],[-74.00128304958344,40.75530332049351]]]}},{"type":"Feature","properties":{"id":"64383064-6634-3564-B666-623433366266","building_id":"7aade935-4a8f-47de-b91e-256d4b32e0b0","height":272.8,"min_height":120},"geometry":{"type":"Polygon","coordinates":[[[-74.00142252445221,40.75276760375485],[-74.00170147418976,40.75247907857488],[-74.00130450725555,40.75231246487252],[-74.00124549865723,40.7523246561332],[-74.00103092193604,40.75261724571868],[-74.00142252445221,40.75276760375485]]]}},{"type":"Feature","properties":{"id":"31633961-6663-3266-B837-333062366464","building_id":"30f00095-5b55-4205-a02f-c71bf8c7f7a8","height":48,"min_height":40},"geometry":{"type":"Polygon","coordinates":[[[-74.00260269641876,40.75347875202124],[-74.00285482406616,40.75313333809902],[-74.00236129760742,40.75292608888432],[-74.00235056877136,40.75293015260061],[-74.00210916996002,40.75327150388324],[-74.00210916996002,40.75327556757844],[-74.00260269641876,40.75347875202124]]]}},{"type":"Feature","properties":{"id":"38366530-3836-3662-B238-333565376638","building_id":"2c7d90e0-74d1-41c7-92f7-df209edb689f","height":47,"min_height":0},"geometry":{"type":"Polygon","coordinates":[[[-73.99878859519958,40.753312140823965],[-73.99869203567505,40.753442178867346],[-73.99937331676483,40.75372663620061],[-73.99946987628937,40.753596598713585],[-73.99878859519958,40.753312140823965]]]}},{"type":"Feature","properties":{"id":"30643233-3565-3937-B034-363636323335","building_id":"b4548e1a-e794-48a7-b7ea-baf5571417cc","height":6,"min_height":0},"geometry":{"type":"Polygon","coordinates":[[[-73.99510324001312,40.758237154109906],[-73.99515151977539,40.75817620320501],[-73.99510324001312,40.758155886224245],[-73.99505496025085,40.75821683714781],[-73.99510324001312,40.758237154109906]]]}},{"type":"Feature","properties":{"id":"30323161-3531-3466-A461-386165336638","building_id":"5f36dee7-d1c3-42b8-81b9-16a45f5f1af9","height":214,"min_height":0},"geometry":{"type":"Polygon","coordinates":[[[-73.99863839149475,40.75223931726157],[-73.99892807006836,40.752357166150716],[-73.99885833263397,40.75245469610792],[-73.9990621805191,40.75253597096298],[-73.99924457073212,40.75228808234448],[-73.99875104427338,40.75208083049506],[-73.99863839149475,40.75223931726157]]]}},{"type":"Feature","properties":{"id":"64643737-6165-3663-A336-333561343061","building_id":"364eaefe-afe4-4256-ba4f-1cefb06429bd","height":256,"min_height":145},"geometry":{"type":"Polygon","coordinates":[[[-74.00343954563141,40.75349907043139],[-74.00340735912323,40.753527516195135],[-74.00333762168884,40.75355596194669],[-74.00333762168884,40.75360472606394],[-74.00332689285278,40.75366161748886],[-74.00343954563141,40.75349907043139]]]}},{"type":"Feature","properties":{"id":"62626335-3637-3961-B837-646332323261","building_id":"06caacc0-49d7-482e-a960-9e8835082b10","height":39,"min_height":0},"geometry":{"type":"Polygon","coordinates":[[[-73.99521052837372,40.755177349669225],[-73.9952427148819,40.75518954040459],[-73.99525344371796,40.75517328609027],[-73.99522125720978,40.75516109535192],[-73.99521052837372,40.755177349669225]]]}},{"type":"Feature","properties":{"id":"65326234-6264-3532-A230-313532343236","building_id":"364eaefe-afe4-4256-ba4f-1cefb06429bd","height":256,"min_height":145},"geometry":{"type":"Polygon","coordinates":[[[-74.00304794311523,40.75366161748886],[-74.00302112102509,40.753633171782496],[-74.00301039218903,40.7536169170877],[-74.00296211242676,40.75362910810918],[-74.00304794311523,40.75366161748886]]]}},{"type":"Feature","properties":{"id":"62653736-3138-3333-B766-313133316630","building_id":"e87ee0f1-9134-4c81-8df3-03b1d56b7976","height":110,"min_height":0},"geometry":{"type":"Polygon","coordinates":[[[-73.99371385574341,40.75294234374803],[-73.99370312690735,40.75296266232209],[-73.99370849132538,40.75297485346354],[-73.9937835931778,40.753007363163164],[-73.99379968643188,40.753003299451564],[-73.99383187294006,40.75295859860776],[-73.99381577968597,40.75294234374803],[-73.99379432201385,40.75296672603616],[-73.99375140666962,40.752950471178394],[-73.99375140666962,40.752954534893234],[-73.99371385574341,40.75294234374803]]]}},{"type":"Feature","properties":{"id":"61386365-3664-3434-B139-326138643331","building_id":"2c7d90e0-74d1-41c7-92f7-df209edb689f","height":71,"min_height":0},"geometry":{"type":"Polygon","coordinates":[[[-74.00004923343658,40.75280824100355],[-74.00010824203491,40.75283262334085],[-74.00014042854309,40.75278792238228],[-74.00008141994476,40.75276760375485],[-74.00004923343658,40.75280824100355]]]}},{"type":"Feature","properties":{"id":"62663138-6165-3236-A566-313730346262","building_id":"7b9e6087-f236-46d7-9f9b-1f403b4aa6b3","height":100,"min_height":0},"geometry":{"type":"Polygon","coordinates":[[[-74.0023022890091,40.75247907857488],[-74.00241494178772,40.75238154865343],[-74.00231301784515,40.75234091114393],[-74.00225400924683,40.75242624988516],[-74.0023022890091,40.75247907857488]]]}},{"type":"Feature","properties":{"id":"66643531-3132-3430-A463-383332623966","building_id":"01bab36b-f02a-48a1-846e-93ad8cbba88b","height":8,"min_height":0},"geometry":{"type":"Polygon","coordinates":[[[-73.99451851844788,40.75498636119005],[-73.99447560310364,40.75496604323445],[-73.99446487426758,40.75497823400855],[-73.99440050125122,40.754949788865474],[-73.99441123008728,40.75494166167951],[-73.99436295032501,40.754921343710265],[-73.99435758590698,40.754929470898674],[-73.99429321289062,40.75490508933035],[-73.99429857730865,40.754892898542835],[-73.99425029754639,40.75487258055867],[-73.99424493312836,40.75488477134991],[-73.994180560112,40.75485632616687],[-73.99418592453003,40.754848198969455],[-73.9941269159317,40.75481975377079],[-73.99410009384155,40.754852262568306],[-73.99449706077576,40.75501886990608],[-73.99451851844788,40.75498636119005]]]}},{"type":"Feature","properties":{"id":"61666330-3666-3439-B030-383137633639","building_id":"4832c177-eea1-4558-97d3-2ffe55202752","height":130,"min_height":0},"geometry":{"type":"Polygon","coordinates":[[[-74.00033891201019,40.75354377091179],[-74.00023698806763,40.75350313411266],[-74.00014042854309,40.753633171782496],[-74.0000867843628,40.75360878973876],[-73.99994730949402,40.753803845838206],[-74.00010287761688,40.75386886441083],[-74.00033891201019,40.75354377091179]]]}},{"type":"Feature","properties":{"id":"62653962-3138-3537-B261-383735333134","building_id":"a66e9a4f-10c7-4f61-b490-1395d1534731","height":44,"min_height":0},"geometry":{"type":"Polygon","coordinates":[[[-74.00091290473938,40.75156879374458],[-74.00097191333771,40.75147939009807],[-74.00084316730499,40.75142656061408],[-74.00077879428864,40.75151190052887],[-74.00091290473938,40.75156879374458]]]}},{"type":"Feature","properties":{"id":"35393536-3031-3266-B534-316632303438","building_id":"e87ee0f1-9134-4c81-8df3-03b1d56b7976","height":97,"min_height":0},"geometry":{"type":"Polygon","coordinates":[[[-73.9934241771698,40.75284887822741],[-73.99340271949768,40.7528570056692],[-73.99332761764526,40.75282449589605],[-73.9933168888092,40.75280824100355],[-73.993279337883,40.752869196830034],[-73.99334371089935,40.75289357914497],[-73.99335443973541,40.75287732426935],[-73.99339199066162,40.75289357914497],[-73.9934241771698,40.75284887822741]]]}},{"type":"Feature","properties":{"id":"65326166-3432-3364-B731-303932316666","building_id":"5399c437-28cf-4708-86e5-ed97b9a97b96","height":85,"min_height":0},"geometry":{"type":"Polygon","coordinates":[[[-74.0029889345169,40.75277979493205],[-74.00308549404144,40.752649755593154],[-74.00305330753326,40.75263350065791],[-74.00295674800873,40.75276354002861],[-74.0029889345169,40.75277979493205]]]}},{"type":"Feature","properties":{"id":"62626137-3365-3363-A633-663335343538","building_id":"777b00f2-db2a-4530-b2ec-a2897518fd28","height":27.7,"min_height":27},"geometry":{"type":"Polygon","coordinates":[[[-73.99730265140533,40.75167851623735],[-73.99737238883972,40.751585048940115],[-73.99723827838898,40.75152815573833],[-73.99716854095459,40.75162568691158],[-73.99730265140533,40.75167851623735]]]}},{"type":"Feature","properties":{"id":"30643364-3732-3032-B161-343364653033","building_id":"e87ee0f1-9134-4c81-8df3-03b1d56b7976","height":83,"min_height":0},"geometry":{"type":"Polygon","coordinates":[[[-73.99346172809601,40.75260911824759],[-73.99359583854675,40.75242624988516],[-73.99355828762054,40.75240999489532],[-73.9934241771698,40.752592863302425],[-73.99346172809601,40.75260911824759]]]}},{"type":"Feature","properties":{"id":"34646562-3037-3432-B432-396465366135","building_id":"346ff08f-e158-480a-92b6-feb73599883f","height":35,"min_height":0},"geometry":{"type":"Polygon","coordinates":[[[-73.9986115694046,40.75727818672851],[-73.99853646755219,40.75724974256954],[-73.99845600128174,40.75735539224161],[-73.99853110313416,40.75738789979923],[-73.9986115694046,40.75727818672851]]]}},{"type":"Feature","properties":{"id":"36613138-6664-3536-B338-333637323165","building_id":"2c7d90e0-74d1-41c7-92f7-df209edb689f","height":47,"min_height":0},"geometry":{"type":"Polygon","coordinates":[[[-73.99950206279755,40.752344974896005],[-73.99949669837952,40.75234091114393],[-73.99940013885498,40.75247095108688],[-73.99940550327301,40.75247095108688],[-73.99950206279755,40.752344974896005]]]}},{"type":"Feature","properties":{"id":"31396161-6330-3264-B364-623533646532","building_id":"9d3ddc43-b5b3-4fbf-bc13-73af8febe9bb","height":27,"min_height":0},"geometry":{"type":"Polygon","coordinates":[[[-74.00268852710724,40.751276199545316],[-74.00267243385315,40.75130464626008],[-74.00316596031189,40.75151596433162],[-74.00319278240204,40.75147939009807],[-74.00303721427917,40.75141436918875],[-74.00303184986115,40.75142249680587],[-74.00295674800873,40.75138998633136],[-74.00296747684479,40.75138185871026],[-74.00280117988586,40.751312773890646],[-74.00279581546783,40.75132090152019],[-74.00268852710724,40.751276199545316]]]}},{"type":"Feature","properties":{"id":"30353934-3562-3332-B731-663135386161","building_id":"7aade935-4a8f-47de-b91e-256d4b32e0b0","height":20,"min_height":0},"geometry":{"type":"Polygon","coordinates":[[[-74.0020340681076,40.75282855961859],[-74.00209844112396,40.75280824100355],[-74.00203943252563,40.75277979493205],[-74.0020340681076,40.75282855961859]]]}},{"type":"Feature","properties":{"id":"66303666-3832-3133-B834-356236313638","building_id":"23d5d53e-313d-4a2f-a6bf-fd57b080ecaa","height":139,"min_height":0},"geometry":{"type":"Polygon","coordinates":[[[-73.9939820766449,40.75840375296491],[-73.99399280548096,40.75842000648936],[-73.99397134780884,40.75845251352641],[-73.99399816989899,40.758460640283175],[-73.99401426315308,40.758460640283175],[-73.99403035640717,40.75843626000986],[-73.99402499198914,40.758424069869875],[-73.9939820766449,40.75840375296491]]]}},{"type":"Feature","properties":{"id":"32343638-3736-3035-A131-613935643666","building_id":"e87ee0f1-9134-4c81-8df3-03b1d56b7976","height":97,"min_height":0},"geometry":{"type":"Polygon","coordinates":[[[-73.99354219436646,40.75257254461533],[-73.9935153722763,40.7525603534001],[-73.99351000785828,40.752544098443025],[-73.99346172809601,40.75260911824759],[-73.99349927902222,40.75262537318878],[-73.99354219436646,40.75257254461533]]]}},{"type":"Feature","properties":{"id":"61656565-3936-3464-A436-306330343734","building_id":"e87ee0f1-9134-4c81-8df3-03b1d56b7976","height":83,"min_height":0},"geometry":{"type":"Polygon","coordinates":[[[-73.99384260177612,40.75296266232209],[-73.99389624595642,40.75288545170764],[-73.99388551712036,40.75288138798862],[-73.99383187294006,40.75295859860776],[-73.99384260177612,40.75296266232209]]]}},{"type":"Feature","properties":{"id":"65346436-3166-3165-A239-353230343637","building_id":"5f913ca9-23c1-4892-95cb-44fd4c412108","height":68,"min_height":0},"geometry":{"type":"Polygon","coordinates":[[[-73.99883151054382,40.75420208359765],[-73.99865448474884,40.75412893806558],[-73.99862766265869,40.754161447200886],[-73.99872958660126,40.75420208359765],[-73.99870812892914,40.75423865633351],[-73.99895489215851,40.75434024716091],[-73.99898171424866,40.75429961084859],[-73.9988100528717,40.754230529060635],[-73.99883151054382,40.75420208359765]]]}},{"type":"Feature","properties":{"id":"61376435-3464-3538-B537-373866326336","building_id":"e87ee0f1-9134-4c81-8df3-03b1d56b7976","height":83,"min_height":0},"geometry":{"type":"Polygon","coordinates":[[[-73.99378895759583,40.752487206061886],[-73.99376213550568,40.75253190722262],[-73.9938747882843,40.752580672090915],[-73.99390697479248,40.752540034703145],[-73.99378895759583,40.752487206061886]]]}},{"type":"Feature","properties":{"id":"66613731-3339-3133-B436-363064353635","building_id":"364eaefe-afe4-4256-ba4f-1cefb06429bd","height":256,"min_height":145},"geometry":{"type":"Polygon","coordinates":[[[-74.00330007076263,40.75331620451669],[-74.00321960449219,40.75328369496805],[-74.00323033332825,40.75331620451669],[-74.00330007076263,40.75331620451669]]]}},{"type":"Feature","properties":{"id":"36313461-3834-3837-B833-313766313030","building_id":"2ec9093a-15f6-4c33-8016-4b745f595ad0","height":77,"min_height":0},"geometry":{"type":"Polygon","coordinates":[[[-74.0018892288208,40.754783181354554],[-74.00235056877136,40.75497823400855],[-74.00262415409088,40.75460031897174],[-74.00216817855835,40.75440526520899],[-74.0018892288208,40.754783181354554]]]}},{"type":"Feature","properties":{"id":"65393538-3631-3666-A466-353938626137","building_id":"7aade935-4a8f-47de-b91e-256d4b32e0b0","height":165,"min_height":0},"geometry":{"type":"Polygon","coordinates":[[[-74.00194823741913,40.752649755593154],[-74.00187849998474,40.75262130945387],[-74.00160491466522,40.75299517202768],[-74.0017819404602,40.75306831880707],[-74.00193214416504,40.75286106938972],[-74.00183022022247,40.75282043217331],[-74.00194823741913,40.752649755593154]]]}},{"type":"Feature","properties":{"id":"35633164-3938-3832-A563-306633666262","building_id":"a1f17137-0041-4d53-bc12-0ba43e681512","height":25,"min_height":0},"geometry":{"type":"Polygon","coordinates":[[[-73.99495840072632,40.752129595694214],[-73.99500131607056,40.75206457542072],[-73.99444878101349,40.75183700396278],[-73.99440586566925,40.751902024458815],[-73.99495840072632,40.752129595694214]]]}},{"type":"Feature","properties":{"id":"64383530-3837-3132-A134-653031346131","building_id":"a1f17137-0041-4d53-bc12-0ba43e681512","height":20,"min_height":0},"geometry":{"type":"Polygon","coordinates":[[[-73.99498522281647,40.752645691859726],[-73.99412155151367,40.75228808234448],[-73.99411082267761,40.752308401118455],[-73.99497449398041,40.75266601052442],[-73.99498522281647,40.752645691859726]]]}},{"type":"Feature","properties":{"id":"66613936-3539-3239-A231-333966356261","building_id":"e87ee0f1-9134-4c81-8df3-03b1d56b7976","height":121,"min_height":0},"geometry":{"type":"Polygon","coordinates":[[[-73.99361193180084,40.75294234374803],[-73.99363338947296,40.752909834016634],[-73.99352073669434,40.75286106938972],[-73.99349391460419,40.75289357914497],[-73.99361193180084,40.75294234374803]]]}},{"type":"Feature","properties":{"id":"34626466-3132-3966-B533-386237313464","building_id":"6e80fcb1-8e5d-4103-ba55-f3608b668816","height":48,"min_height":37.6},"geometry":{"type":"Polygon","coordinates":[[[-74.00129914283752,40.74965471668668],[-74.00135278701782,40.7495856300726],[-74.00128841400146,40.74956124654463],[-74.0012401342392,40.74962626926606],[-74.00129914283752,40.74965471668668]]]}},{"type":"Feature","properties":{"id":"39613730-3130-3864-B634-383334613066","building_id":"e87ee0f1-9134-4c81-8df3-03b1d56b7976","height":97,"min_height":0},"geometry":{"type":"Polygon","coordinates":[[[-73.99340808391571,40.7527554125754],[-73.99344563484192,40.752702584105265],[-73.99340808391571,40.75268632918292],[-73.99335980415344,40.75274728512116],[-73.99338126182556,40.7527432213937],[-73.99340808391571,40.7527554125754]]]}},{"type":"Feature","properties":{"id":"36346534-3534-3466-B836-356265353661","building_id":"e87ee0f1-9134-4c81-8df3-03b1d56b7976","height":83,"min_height":0},"geometry":{"type":"Polygon","coordinates":[[[-73.99400353431702,40.7527432213937],[-73.99399280548096,40.752739157665985],[-73.99393916130066,40.75281230472706],[-73.99394989013672,40.75281636845031],[-73.99400353431702,40.7527432213937]]]}},{"type":"Feature","properties":{"id":"32653737-3133-3439-A336-653631396666","building_id":"a66e9a4f-10c7-4f61-b490-1395d1534731","height":44,"min_height":0},"geometry":{"type":"Polygon","coordinates":[[[-73.99922311306,40.75117054021251],[-73.99935722351074,40.750979540223256],[-73.99923384189606,40.75092671034213],[-73.99918019771576,40.75099579556286],[-73.99912118911743,40.75097141255199],[-73.9990621805191,40.751048625389075],[-73.99914264678955,40.751081136030535],[-73.99911046028137,40.751125838136545],[-73.99922311306,40.75117054021251]]]}},{"type":"Feature","properties":{"id":"38613339-3339-3639-A430-316164386135","building_id":"c09d14b1-48a9-4169-b95e-eece288eafeb","height":18,"min_height":0},"geometry":{"type":"Polygon","coordinates":[[[-74.00162100791931,40.751865450437606],[-74.00171756744385,40.75173540931044],[-74.00149762630463,40.75164600588798],[-74.00136888027191,40.7518288763963],[-74.00140106678009,40.75184106774566],[-74.0014386177063,40.75178823854904],[-74.00162100791931,40.751865450437606]]]}},{"type":"Feature","properties":{"id":"39323231-3466-3936-A231-336332653834","building_id":"9d3ddc43-b5b3-4fbf-bc13-73af8febe9bb","height":37,"min_height":0},"geometry":{"type":"Polygon","coordinates":[[[-74.00316596031189,40.75151596433162],[-74.00354146957397,40.75167445244452],[-74.0035629272461,40.75164600588798],[-74.00348782539368,40.75161349552275],[-74.0034931898117,40.75160536792896],[-74.00326788425446,40.75150783672592],[-74.00326251983643,40.75152002813411],[-74.00318741798401,40.75148751770726],[-74.00316596031189,40.75151596433162]]]}},{"type":"Feature","properties":{"id":"36663134-3863-3234-B361-383231663562","building_id":"364eaefe-afe4-4256-ba4f-1cefb06429bd","height":256,"min_height":145},"geometry":{"type":"Polygon","coordinates":[[[-74.00331616401672,40.75367787217277],[-74.0032947063446,40.75369412685271],[-74.00324642658234,40.75371444519698],[-74.00326251983643,40.753751018201086],[-74.00331616401672,40.75367787217277]]]}},{"type":"Feature","properties":{"id":"34636431-6335-3739-B936-356361356164","building_id":"23d5d53e-313d-4a2f-a6bf-fd57b080ecaa","height":136,"min_height":132.7},"geometry":{"type":"Polygon","coordinates":[[[-73.99392306804657,40.75849721067635],[-73.99394989013672,40.758489083924076],[-73.99403035640717,40.75852565430159],[-73.99405181407928,40.7585215909273],[-73.99411618709564,40.75844032338938],[-73.99411082267761,40.75842000648936],[-73.99383187294006,40.75830623173459],[-73.99381041526794,40.75831029512207],[-73.99374604225159,40.75839562620118],[-73.99375140666962,40.758411879727646],[-73.9938372373581,40.758444386768645],[-73.99384260177612,40.758460640283175],[-73.99392306804657,40.75849721067635]]]}},{"type":"Feature","properties":{"id":"34643032-6330-3562-B933-363636613933","building_id":"e87ee0f1-9134-4c81-8df3-03b1d56b7976","height":20,"min_height":0},"geometry":{"type":"Polygon","coordinates":[[[-73.99391770362854,40.75267007425663],[-73.99398744106293,40.75257254461533],[-73.99390697479248,40.752540034703145],[-73.99383187294006,40.7526375643921],[-73.99391770362854,40.75267007425663]]]}},{"type":"Feature","properties":{"id":"62656537-6638-3364-B934-343935353665","building_id":"7b9e6087-f236-46d7-9f9b-1f403b4aa6b3","height":12.5,"min_height":0},"geometry":{"type":"Polygon","coordinates":[[[-74.00281727313995,40.75251971599991],[-74.00258123874664,40.75242218613809],[-74.00258660316467,40.752405931147194],[-74.00209307670593,40.75219867966513],[-74.00208234786987,40.75221493470667],[-74.00221645832062,40.75247501483099],[-74.0022325515747,40.75247095108688],[-74.00226473808289,40.75250346103289],[-74.00225937366486,40.75251158851691],[-74.00268852710724,40.75269039291388],[-74.00271534919739,40.75266194679199],[-74.00229692459106,40.75248314231851],[-74.0023022890091,40.75247907857488],[-74.00225400924683,40.75243031363203],[-74.0022486448288,40.75243437737862],[-74.0021950006485,40.75228808234448],[-74.00232911109924,40.75233278363905],[-74.00231838226318,40.752344974896005],[-74.00241494178772,40.75238154865343],[-74.00281727313995,40.75251971599991]]]}},{"type":"Feature","properties":{"id":"64383635-3066-3439-A566-303161353138","building_id":"2c7d90e0-74d1-41c7-92f7-df209edb689f","height":47,"min_height":0},"geometry":{"type":"Polygon","coordinates":[[[-73.99950206279755,40.752344974896005],[-73.99940550327301,40.75247095108688],[-74.0000867843628,40.7527554125754],[-74.00018334388733,40.752629436923485],[-73.99950206279755,40.752344974896005]]]}},{"type":"Feature","properties":{"id":"35303861-3734-3862-A162-666239663566","building_id":"2e7113ea-6ffd-410e-b8fc-03518996cff2","height":46.6,"min_height":44},"geometry":{"type":"Polygon","coordinates":[[[-74.00226473808289,40.75069913498976],[-74.00222182273865,40.75076009274983],[-74.00229156017303,40.7507885396854],[-74.00233447551727,40.75072758195142],[-74.00226473808289,40.75069913498976]]]}},{"type":"Feature","properties":{"id":"66643934-3133-3932-B339-393565343766","building_id":"a66e9a4f-10c7-4f61-b490-1395d1534731","height":20,"min_height":0},"geometry":{"type":"Polygon","coordinates":[[[-73.99868667125702,40.75074790120229],[-73.9986652135849,40.750784475838174],[-73.9989173412323,40.750886071943484],[-73.9990246295929,40.75073977350269],[-73.9987725019455,40.75063411331746],[-73.99874567985535,40.75066662416157],[-73.99881541728973,40.7506950711371],[-73.9987564086914,40.75077634814306],[-73.99868667125702,40.75074790120229]]]}},{"type":"Feature","properties":{"id":"61663266-3434-3633-B238-376531376462","building_id":"e87ee0f1-9134-4c81-8df3-03b1d56b7976","height":108,"min_height":0},"geometry":{"type":"Polygon","coordinates":[[[-73.9935690164566,40.75258473582832],[-73.99354219436646,40.75257254461533],[-73.99349927902222,40.75262537318878],[-73.9935314655304,40.7526375643921],[-73.9935690164566,40.75258473582832]]]}},{"type":"Feature","properties":{"id":"35303935-6133-3732-A561-653636393065","building_id":"8f00e870-b888-476c-9d5d-a406c2623956","height":26,"min_height":5.5},"geometry":{"type":"Polygon","coordinates":[[[-74.00108993053436,40.751125838136545],[-74.00100409984589,40.751089263688414],[-74.00095582008362,40.751150221090796],[-74.0010416507721,40.751190859328034],[-74.00108993053436,40.751125838136545]]]}},{"type":"Feature","properties":{"id":"34336139-3138-3335-B934-643539393062","building_id":"4832c177-eea1-4558-97d3-2ffe55202752","height":140,"min_height":0},"geometry":{"type":"Polygon","coordinates":[[[-74.00034427642822,40.753958264844385],[-74.0002852678299,40.75393794657461],[-74.00019943714142,40.75405579245299],[-74.00032818317413,40.75411268349194],[-74.00036573410034,40.75405985610027],[-74.00029063224792,40.75402734691528],[-74.00034427642822,40.753958264844385]]]}},{"type":"Feature","properties":{"id":"30336533-3861-3661-A163-323331613564","building_id":"5f913ca9-23c1-4892-95cb-44fd4c412108","height":85,"min_height":0},"geometry":{"type":"Polygon","coordinates":[[[-73.9986652135849,40.75411268349194],[-73.99904072284698,40.75426710178084],[-73.99925529956818,40.75396639215057],[-73.99888515472412,40.75381197316324],[-73.9986652135849,40.75411268349194]]]}},{"type":"Feature","properties":{"id":"30323037-3134-3135-A165-643032623334","building_id":"3e935c2f-7843-4789-bbb1-dcba468d03d3","height":10,"min_height":0},"geometry":{"type":"Polygon","coordinates":[[[-73.99707198143005,40.75647361867746],[-73.99705052375793,40.75650206316854],[-73.9969539642334,40.756461428177545],[-73.9969003200531,40.75653457114342],[-73.9967554807663,40.75647361867746],[-73.99668574333191,40.75656707910244],[-73.9967554807663,40.75659552355353],[-73.99677693843842,40.75656707910244],[-73.99696469306946,40.75664428544138],[-73.99693787097931,40.75668898380712],[-73.9970451593399,40.75673368214285],[-73.99714171886444,40.75659958704554],[-73.99712026119232,40.75658739656873],[-73.99716854095459,40.75651831715797],[-73.99707198143005,40.75647361867746]]]}},{"type":"Feature","properties":{"id":"36313636-3933-3135-B065-313939373362","building_id":"2c7d90e0-74d1-41c7-92f7-df209edb689f","height":47,"min_height":0},"geometry":{"type":"Polygon","coordinates":[[[-74.00022625923157,40.75283262334085],[-74.0002316236496,40.75282855961859],[-74.00014579296112,40.75279198610704],[-74.00014042854309,40.752796049831545],[-74.00022625923157,40.75283262334085]]]}}]}