{"type": "FeatureCollection", "features": [{"type": "Feature", "geometry": {"type": "Polygon", "coordinates": [[[-74.00380432605743, 40.74991074292467], [-74.00387406349182, 40.749939190223614], [-74.00401890277863, 40.74974005887552], [-74.00362193584442, 40.7495693743883], [-74.0035629272461, 40.749650652770185], [-74.0035629272461, 40.74979288969945], [-74.0038150548935, 40.74990261512275], [-74.00380432605743, 40.74991074292467]]]}, "properties": {"is_underground": false, "@height_source": "OpenStreetMap", "building_id": "1eb40075-bb8c-4707-b968-b3ed07164882", "@geometry_source": "OpenStreetMap", "sources": "[{\"license\":\"ODbL-1.0\",\"record_id\":\"w325745910@4\",\"update_time\":\"2021-12-18T04:49:52.000Z\",\"property\":\"\",\"dataset\":\"OpenStreetMap\"}]", "roof_material": "concrete", "roof_shape": "flat", "num_floors": 12, "id": "63353836-6666-3262-B038-353937626138", "facade_color": "#E8E6BF", "version": 1, "height": 52}, "id": 58084780996994610}, {"type": "Feature", "geometry": {"type": "Polygon", "coordinates": [[[-74.0035629272461, 40.7479437858874], [-74.0035629272461, 40.748207946722886], [-74.00357902050018, 40.74821607473194], [-74.00372385978699, 40.748012874207234], [-74.0035629272461, 40.7479437858874]]]}, "properties": {"is_underground": false, "@height_source": "OpenStreetMap", "building_id": "c2df86e0-1542-4e13-8ce7-41923278d5eb", "sources": "[{\"license\":\"ODbL-1.0\",\"record_id\":\"w324854436@5\",\"update_time\":\"2021-12-18T04:38:24.000Z\",\"property\":\"\",\"dataset\":\"OpenStreetMap\"}]", "facade_color": "#9C8272", "version": 1, "@geometry_source": "OpenStreetMap", "facade_material": "brick", "roof_material": "concrete", "roof_shape": "flat", "num_floors": 15, "id": "37373463-6230-3266-B265-343361336234", "height": 45}, "id": 117000509659909740}, {"type": "Feature", "geometry": {"type": "Polygon", "coordinates": [[[-74.00645971298218, 40.74917923677225], [-74.00634706020355, 40.74934179439043], [-74.00642216205597, 40.74937430586638], [-74.0065723657608, 40.74916298098856], [-74.00649189949036, 40.749130469409295], [-74.00645971298218, 40.74917923677225]]]}, "properties": {"is_underground": false, "@height_source": "OpenStreetMap", "building_id": "7d87bc36-9b1a-4c79-95ce-d87dc30c307b", "@geometry_source": "OpenStreetMap", "sources": "[{\"license\":\"ODbL-1.0\",\"record_id\":\"w293950320@1\",\"update_time\":\"2014-07-23T06:54:34.000Z\",\"property\":\"\",\"dataset\":\"OpenStreetMap\"}]", "roof_material": "concrete", "roof_shape": "flat", "num_floors": 20, "id": "66656134-6332-3361-B731-616634626230", "facade_color": "#D5D1CF", "version": 1, "height": 78}, "id": 200480265485872000}, {"type": "Feature", "geometry": {"type": "Polygon", "coordinates": [[[-74.00539755821228, 40.7489801031484], [-74.00602519512177, 40.7492442598672], [-74.00605201721191, 40.74921174832767], [-74.00542438030243, 40.74894352752], [-74.00539755821228, 40.7489801031484]]]}, "properties": {"is_underground": false, "@height_source": "OpenStreetMap", "building_id": "e6dc0b48-2e85-448e-9884-6a66839acd0d", "sources": "[{\"license\":\"ODbL-1.0\",\"record_id\":\"w325066213@3\",\"update_time\":\"2021-12-18T04:43:01.000Z\",\"property\":\"\",\"dataset\":\"OpenStreetMap\"}]", "facade_color": "#B37462", "version": 1, "@geometry_source": "OpenStreetMap", "facade_material": "brick", "roof_material": "concrete", "roof_shape": "flat", "num_floors": 9, "roof_color": "#B8B6A1", "id": "38373030-3566-3862-B865-396235376335", "height": 25.7}, "id": 207416560444164540}, {"type": "Feature", "geometry": {"type": "Polygon", "coordinates": [[[-74.00498449802399, 40.75005297929761], [-74.0050220489502, 40.75000421257545], [-74.00501668453217, 40.75000014868033], [-74.00498449802399, 40.75005297929761]]]}, "properties": {"is_underground": false, "@height_source": "OpenStreetMap", "building_id": "fc899e62-22fa-4b9c-ac1c-caa4ed37e281", "@geometry_source": "OpenStreetMap", "sources": "[{\"license\":\"ODbL-1.0\",\"record_id\":\"w293957458@1\",\"update_time\":\"2014-07-23T08:35:51.000Z\",\"property\":\"\",\"dataset\":\"OpenStreetMap\"}]", "roof_material": "concrete", "roof_shape": "flat", "id": "39363632-3466-3862-A163-393433636363", "facade_color": "#676E73", "version": 1, "height": 69}, "id": 271517674701356830}, {"type": "Feature", "geometry": {"type": "Polygon", "coordinates": [[[-74.00709271430969, 40.75067068801596], [-74.00687277317047, 40.750577219302045], [-74.00684595108032, 40.75061785788944], [-74.00684595108032, 40.75063411331746], [-74.00704443454742, 40.750715390397914], [-74.00706589221954, 40.75071132654625], [-74.00709271430969, 40.75067068801596]]]}, "properties": {"is_underground": false, "@height_source": "OpenStreetMap", "building_id": "e97d1878-d2e4-4cb0-a436-31913e612640", "@geometry_source": "OpenStreetMap", "sources": "[{\"license\":\"ODbL-1.0\",\"record_id\":\"w325084539@2\",\"update_time\":\"2026-03-18T06:01:54.000Z\",\"property\":\"\",\"dataset\":\"OpenStreetMap\"}]", "roof_material": "concrete", "roof_shape": "flat", "id": "30636665-3433-3866-A664-303630323133", "facade_color": "#DAD2BD", "version": 1, "height": 13}, "id": 576550334596782600}, {"type": "Feature", "geometry": {"type": "Polygon", "coordinates": [[[-74.00434076786041, 40.74997982920095], [-74.00434613227844, 40.749967637510366], [-74.00433540344238, 40.7499513819194], [-74.0043193101883, 40.74994731802107], [-74.00429785251617, 40.7499513819194], [-74.00429248809814, 40.74996357361297], [-74.0043032169342, 40.74998389309732], [-74.0043193101883, 40.74998795699344], [-74.00434076786041, 40.74997982920095]]]}, "properties": {"is_underground": false, "@height_source": "OpenStreetMap", "building_id": "412ecd43-b44a-4c82-98fa-cd54b68810fa", "sources": "[{\"license\":\"ODbL-1.0\",\"record_id\":\"w325986893@1\",\"update_time\":\"2015-02-01T20:02:14.000Z\",\"property\":\"\",\"dataset\":\"OpenStreetMap\"}]", "facade_color": "#8B8C7E", "version": 1, "roof_height": 1, "@geometry_source": "OpenStreetMap", "min_height": 41, "roof_shape": "pyramidal", "roof_color": "#4B5451", "id": "36356539-3832-3361-A531-303131663636", "height": 46}, "id": 601704131710204500}, {"type": "Feature", "geometry": {"type": "Polygon", "coordinates": [[[-74.00692105293274, 40.74778122485171], [-74.00686204433441, 40.74785844139319], [-74.00691568851471, 40.74787876152078], [-74.00697469711304, 40.74780154500286], [-74.00692105293274, 40.74778122485171]]]}, "properties": {"is_underground": false, "@height_source": "OpenStreetMap", "building_id": "177c4317-23aa-4f0b-a3e2-0ab83cc5bccc", "sources": "[{\"license\":\"ODbL-1.0\",\"record_id\":\"w324980533@1\",\"update_time\":\"2015-01-28T10:54:04.000Z\",\"property\":\"\",\"dataset\":\"OpenStreetMap\"}]", "facade_color": "#E1DDC4", "version": 1, "@geometry_source": "OpenStreetMap", "min_height": 19, "roof_material": "concrete", "roof_shape": "flat", "roof_color": "#586261", "id": "32396162-6236-3165-A239-313135343334", "height": 28.2}, "id": 640805779105586000}, {"type": "Feature", "geometry": {"type": "Polygon", "coordinates": [[[-74.00559067726135, 40.749061382250545], [-74.00582671165466, 40.74916298098856], [-74.00585353374481, 40.74912640546077], [-74.0056174993515, 40.74902480666688], [-74.00559067726135, 40.749061382250545]]]}, "properties": {"is_underground": false, "@height_source": "OpenStreetMap", "building_id": "e6dc0b48-2e85-448e-9884-6a66839acd0d", "sources": "[{\"license\":\"ODbL-1.0\",\"record_id\":\"w325066234@1\",\"update_time\":\"2015-01-28T20:20:08.000Z\",\"property\":\"\",\"dataset\":\"OpenStreetMap\"}]", "min_floor": 10, "facade_color": "#B37462", "version": 1, "@geometry_source": "OpenStreetMap", "facade_material": "brick", "min_height": 28.6, "roof_material": "concrete", "roof_shape": "flat", "num_floors": 11, "roof_color": "#B8B6A1", "id": "66363237-6330-3230-A565-353632616265", "height": 31.4}, "id": 735393852862457000}, {"type": "Feature", "geometry": {"type": "Polygon", "coordinates": [[[-74.00646507740021, 40.74767555996536], [-74.00649726390839, 40.74762679149967], [-74.00656163692474, 40.74765523977567], [-74.00660455226898, 40.747602407253396], [-74.00654554367065, 40.7475780229982], [-74.00654017925262, 40.747590215126934], [-74.0062826871872, 40.74748048588802], [-74.00623977184296, 40.74754551064402], [-74.0063202381134, 40.7475780229982], [-74.00630414485931, 40.747606471295086], [-74.00646507740021, 40.74767555996536]]]}, "properties": {"is_underground": false, "@height_source": "OpenStreetMap", "building_id": "f89bb72e-1e46-4e79-8ae9-5f95b8908661", "sources": "[{\"license\":\"ODbL-1.0\",\"record_id\":\"w324945574@2\",\"update_time\":\"2023-05-11T02:37:01.000Z\",\"property\":\"\",\"dataset\":\"OpenStreetMap\"}]", "facade_color": "#E6E1CB", "version": 1, "@geometry_source": "OpenStreetMap", "min_height": 20.5, "roof_material": "concrete", "roof_shape": "flat", "roof_color": "#D0CEC2", "id": "31313932-3035-3033-B963-633831643366", "height": 23.5}, "id": 768450981333021400}, {"type": "Feature", "geometry": {"type": "Polygon", "coordinates": [[[-74.00497376918793, 40.74980101751481], [-74.00495767593384, 40.749825400954876], [-74.00509715080261, 40.749894487319835], [-74.00510787963867, 40.7498863595159], [-74.00512397289276, 40.74986604000176], [-74.00497376918793, 40.74980101751481]]]}, "properties": {"is_underground": false, "@height_source": "OpenStreetMap", "building_id": "fc899e62-22fa-4b9c-ac1c-caa4ed37e281", "@geometry_source": "OpenStreetMap", "facade_material": "glass", "sources": "[{\"license\":\"ODbL-1.0\",\"record_id\":\"w293957463@1\",\"update_time\":\"2014-07-23T08:35:51.000Z\",\"property\":\"\",\"dataset\":\"OpenStreetMap\"}]", "roof_material": "concrete", "roof_shape": "flat", "id": "32326630-3063-3333-B637-646332306463", "facade_color": "#B9BCA9", "version": 1, "height": 12}, "id": 976487708853609600}, {"type": "Feature", "geometry": {"type": "Polygon", "coordinates": [[[-74.00673866271973, 40.74718787369903], [-74.00675475597382, 40.747196001832776], [-74.0067332983017, 40.74722851435783], [-74.0067708492279, 40.74724477061437], [-74.00679767131805, 40.74721225809728], [-74.00673866271973, 40.74718787369903]]]}, "properties": {"is_underground": false, "@height_source": "OpenStreetMap", "building_id": "e8cb1b51-1055-4d7e-a65e-d463e31dcd02", "sources": "[{\"license\":\"ODbL-1.0\",\"record_id\":\"w324756055@1\",\"update_time\":\"2015-01-27T13:43:45.000Z\",\"property\":\"\",\"dataset\":\"OpenStreetMap\"}]", "facade_color": "#A57552", "version": 1, "@geometry_source": "OpenStreetMap", "facade_material": "brick", "min_height": 22, "roof_material": "concrete", "roof_shape": "flat", "roof_color": "#E6E1CE", "id": "65336161-3863-3564-B935-356636323336", "height": 24.8}, "id": 999281868314423800}, {"type": "Feature", "geometry": {"type": "Polygon", "coordinates": [[[-74.00367558002472, 40.74956531046658], [-74.00368094444275, 40.74954499085433], [-74.0036541223526, 40.74954092693113], [-74.00364875793457, 40.749553118699964], [-74.0036541223526, 40.74956531046658], [-74.00367558002472, 40.74956531046658]]]}, "properties": {"is_underground": false, "@height_source": "OpenStreetMap", "building_id": "6c4dea73-9093-40e1-a6f6-566a6e9a9fdd", "@geometry_source": "OpenStreetMap", "sources": "[{\"license\":\"ODbL-1.0\",\"record_id\":\"w325745906@1\",\"update_time\":\"2015-01-31T16:15:36.000Z\",\"property\":\"\",\"dataset\":\"OpenStreetMap\"}]", "roof_material": "concrete", "roof_shape": "flat", "roof_color": "#787264", "id": "62306130-6263-3634-B264-613530396130", "facade_color": "#C0AE8A", "version": 1, "height": 40}, "id": 1044016811712492200}, {"type": "Feature", "geometry": {"type": "Polygon", "coordinates": [[[-74.00375604629517, 40.7493905615984], [-74.00401890277863, 40.74949622375962], [-74.00391161441803, 40.74964252493646], [-74.00396525859833, 40.749662844518895], [-74.00412619113922, 40.749447456629156], [-74.00380969047546, 40.74931334683595], [-74.00375604629517, 40.7493905615984]]]}, "properties": {"is_underground": false, "@height_source": "OpenStreetMap", "building_id": "6c4dea73-9093-40e1-a6f6-566a6e9a9fdd", "sources": "[{\"license\":\"ODbL-1.0\",\"record_id\":\"w325986886@4\",\"update_time\":\"2021-12-18T04:49:52.000Z\",\"property\":\"\",\"dataset\":\"OpenStreetMap\"}]", "facade_color": "#E2DBCE", "version": 1, "@geometry_source": "OpenStreetMap", "roof_material": "concrete", "roof_shape": "flat", "num_floors": 9, "roof_color": "#969988", "id": "33333962-6665-3161-B838-346534353234", "height": 35}, "id": 1101306775398534400}, {"type": "Feature", "geometry": {"type": "Polygon", "coordinates": [[[-74.00518298149109, 40.747866569444966], [-74.00520980358124, 40.747825929176116], [-74.00515079498291, 40.74780154500286], [-74.00512397289276, 40.74784218528666], [-74.00518298149109, 40.747866569444966]]]}, "properties": {"is_underground": false, "@height_source": "OpenStreetMap", "building_id": "568e8cc4-c6a9-4540-b22a-ded72b80354c", "sources": "[{\"license\":\"ODbL-1.0\",\"record_id\":\"w324769179@2\",\"update_time\":\"2020-12-05T07:22:59.000Z\",\"property\":\"\",\"dataset\":\"OpenStreetMap\"}]", "facade_color": "#757A73", "version": 1, "@geometry_source": "OpenStreetMap", "facade_material": "brick", "min_height": 44.3, "roof_shape": "flat", "roof_color": "#C9BC9A", "id": "31366335-3231-3862-B961-663436393338", "height": 49}, "id": 1275653942114922800}, {"type": "Feature", "geometry": {"type": "Polygon", "coordinates": [[[-74.0037614107132, 40.750642241029965], [-74.00383114814758, 40.750544708414225], [-74.0035629272461, 40.750434984050486], [-74.0035629272461, 40.750560963860096], [-74.0037614107132, 40.750642241029965]]]}, "properties": {"is_underground": false, "@height_source": "OpenStreetMap", "building_id": "c4b01053-58ef-43e5-98b4-4fbff840e3e3", "sources": "[{\"license\":\"ODbL-1.0\",\"record_id\":\"w325986936@3\",\"update_time\":\"2025-05-05T10:46:06.000Z\",\"property\":\"\",\"dataset\":\"OpenStreetMap\"}]", "facade_color": "#9B9C8A", "version": 1, "@geometry_source": "OpenStreetMap", "roof_material": "concrete", "roof_shape": "flat", "num_floors": 11, "roof_color": "#BBB497", "id": "36376131-3439-3034-B330-386666656661", "height": 43}, "id": 1324478818465349600}, {"type": "Feature", "geometry": {"type": "Polygon", "coordinates": [[[-74.00575160980225, 40.749849784386015], [-74.00578916072845, 40.749796953607245], [-74.0057784318924, 40.74979288969945], [-74.00579988956451, 40.749760378428164], [-74.00576770305634, 40.74974818669733], [-74.00570869445801, 40.74982946486068], [-74.00575160980225, 40.749849784386015]]]}, "properties": {"is_underground": false, "@height_source": "OpenStreetMap", "building_id": "f0c2196e-6ddb-4d95-9755-1503971734ba", "sources": "[{\"license\":\"ODbL-1.0\",\"record_id\":\"w293953502@1\",\"update_time\":\"2014-07-23T07:36:21.000Z\",\"property\":\"\",\"dataset\":\"OpenStreetMap\"}]", "facade_color": "#C2B49A", "version": 1, "@geometry_source": "OpenStreetMap", "facade_material": "brick", "min_height": 47.2, "roof_material": "concrete", "roof_shape": "flat", "id": "39653363-3764-3838-B234-393731383635", "height": 50}, "id": 1356304936624840700}, {"type": "Feature", "geometry": {"type": "Polygon", "coordinates": [[[-74.00569796562195, 40.74902480666688], [-74.00575160980225, 40.74895165543916], [-74.00570333003998, 40.74893133563941], [-74.00564968585968, 40.749004486889476], [-74.00569796562195, 40.74902480666688]]]}, "properties": {"is_underground": false, "@height_source": "OpenStreetMap", "building_id": "e6dc0b48-2e85-448e-9884-6a66839acd0d", "sources": "[{\"license\":\"ODbL-1.0\",\"record_id\":\"w325066235@2\",\"update_time\":\"2015-01-29T09:57:57.000Z\",\"property\":\"\",\"dataset\":\"OpenStreetMap\"}]", "facade_color": "#B37462", "version": 1, "@geometry_source": "OpenStreetMap", "facade_material": "brick", "min_height": 34.3, "roof_material": "concrete", "roof_shape": "flat", "roof_color": "#B8B6A1", "id": "34633061-6562-3566-A161-333034343965", "height": 41}, "id": 1383937243023455500}, {"type": "Feature", "geometry": {"type": "Polygon", "coordinates": [[[-74.00463581085205, 40.747695880148854], [-74.00471091270447, 40.747590215126934], [-74.00459825992584, 40.74754144659866], [-74.00463044643402, 40.74749674208297], [-74.0045714378357, 40.747476421838655], [-74.00450706481934, 40.74756989491115], [-74.00456070899963, 40.747594279169334], [-74.0045177936554, 40.74764711169806], [-74.00463581085205, 40.747695880148854]]]}, "properties": {"is_underground": false, "@height_source": "OpenStreetMap", "building_id": "09fcb85d-21d7-4a74-83b0-c34b6dc72dde", "@geometry_source": "OpenStreetMap", "sources": "[{\"license\":\"ODbL-1.0\",\"record_id\":\"w324771077@2\",\"update_time\":\"2015-01-27T15:05:56.000Z\",\"property\":\"\",\"dataset\":\"OpenStreetMap\"}]", "roof_material": "concrete", "roof_shape": "flat", "num_floors": 13, "id": "33323137-6630-3238-A339-613065376562", "facade_color": "#E0E9EC", "version": 1, "height": 43}, "id": 1410728011649724200}, {"type": "Feature", "geometry": {"type": "Polygon", "coordinates": [[[-74.00380432605743, 40.74991074292467], [-74.0035629272461, 40.749805081422096], [-74.0035629272461, 40.749825400954876], [-74.00379359722137, 40.74992293462569], [-74.00380432605743, 40.74991074292467]]]}, "properties": {"is_underground": false, "@height_source": "OpenStreetMap", "building_id": "1eb40075-bb8c-4707-b968-b3ed07164882", "@geometry_source": "OpenStreetMap", "sources": "[{\"license\":\"ODbL-1.0\",\"record_id\":\"w325745940@1\",\"update_time\":\"2015-01-31T16:15:38.000Z\",\"property\":\"\",\"dataset\":\"OpenStreetMap\"}]", "roof_material": "concrete", "roof_shape": "flat", "num_floors": 9, "id": "65383864-3935-3832-A365-383634326535", "facade_color": "#E8E6BF", "version": 1, "height": 39}, "id": 1421929242025568300}, {"type": "Feature", "geometry": {"type": "Polygon", "coordinates": [[[-74.00386869907379, 40.74778935291289], [-74.00382578372955, 40.74785031334042], [-74.00384187698364, 40.747854377366934], [-74.00388479232788, 40.74779341694315], [-74.00386869907379, 40.74778935291289]]]}, "properties": {"is_underground": false, "@height_source": "OpenStreetMap", "building_id": "c2df86e0-1542-4e13-8ce7-41923278d5eb", "sources": "[{\"license\":\"ODbL-1.0\",\"record_id\":\"w324852053@2\",\"update_time\":\"2015-01-27T20:21:19.000Z\",\"property\":\"\",\"dataset\":\"OpenStreetMap\"}]", "facade_color": "#9C8272", "version": 1, "@geometry_source": "OpenStreetMap", "facade_material": "brick", "min_height": 45, "roof_material": "concrete", "roof_shape": "flat", "num_floors": 17, "id": "66626631-3932-3731-B830-643261383664", "height": 51}, "id": 1691887276773820000}, {"type": "Feature", "geometry": {"type": "Polygon", "coordinates": [[[-74.00575160980225, 40.74895165543916], [-74.00584816932678, 40.74899229502006], [-74.00586426258087, 40.748976039190666], [-74.0057623386383, 40.748935399599844], [-74.00575160980225, 40.74895165543916]]]}, "properties": {"is_underground": false, "@height_source": "OpenStreetMap", "building_id": "e6dc0b48-2e85-448e-9884-6a66839acd0d", "sources": "[{\"license\":\"ODbL-1.0\",\"record_id\":\"w325066227@2\",\"update_time\":\"2015-01-31T16:15:40.000Z\",\"property\":\"\",\"dataset\":\"OpenStreetMap\"}]", "facade_color": "#B37462", "version": 1, "@geometry_source": "OpenStreetMap", "facade_material": "brick", "min_height": 6, "roof_material": "concrete", "roof_shape": "flat", "num_floors": 8, "roof_color": "#B8B6A1", "id": "63663665-3439-3462-A531-393332643434", "height": 22.8}, "id": 1796556746732888000}, {"type": "Feature", "geometry": {"type": "Polygon", "coordinates": [[[-74.0065348148346, 40.750979540223256], [-74.00659918785095, 40.75089419962521], [-74.00648653507233, 40.75084543352], [-74.00642216205597, 40.75093077418063], [-74.0065348148346, 40.750979540223256]]]}, "properties": {"is_underground": false, "@height_source": "OpenStreetMap", "building_id": "2954e2a5-27bd-4a80-a3ea-c513623945e8", "sources": "[{\"license\":\"ODbL-1.0\",\"record_id\":\"w325087122@1\",\"update_time\":\"2015-01-28T21:44:29.000Z\",\"property\":\"\",\"dataset\":\"OpenStreetMap\"}]", "version": 1, "@geometry_source": "OpenStreetMap", "min_height": 35, "roof_material": "concrete", "roof_shape": "flat", "num_floors": 10, "roof_color": "#DBD5BF", "id": "38366164-3961-3130-B864-646266326139", "height": 38.9}, "id": 2027270121508583700}, {"type": "Feature", "geometry": {"type": "Polygon", "coordinates": [[[-74.00490403175354, 40.74998389309732], [-74.00495767593384, 40.74990667902384], [-74.00488257408142, 40.74987416780817], [-74.0048235654831, 40.7499513819194], [-74.00490403175354, 40.74998389309732]]]}, "properties": {"is_underground": false, "@height_source": "OpenStreetMap", "building_id": "fc899e62-22fa-4b9c-ac1c-caa4ed37e281", "@geometry_source": "OpenStreetMap", "min_height": 69, "sources": "[{\"license\":\"ODbL-1.0\",\"record_id\":\"w293957455@1\",\"update_time\":\"2014-07-23T08:35:49.000Z\",\"property\":\"\",\"dataset\":\"OpenStreetMap\"}]", "roof_material": "concrete", "roof_shape": "flat", "id": "32366138-3063-3237-B963-316631616533", "facade_color": "#B6C0B8", "version": 1, "height": 74}, "id": 2099278892018603800}, {"type": "Feature", "geometry": {"type": "Polygon", "coordinates": [[[-74.00658309459686, 40.747492678034604], [-74.00626122951508, 40.74735450024224], [-74.00620758533478, 40.747431717279255], [-74.00652945041656, 40.74756583086727], [-74.00658309459686, 40.747492678034604]]]}, "properties": {"is_underground": false, "@height_source": "OpenStreetMap", "building_id": "f89bb72e-1e46-4e79-8ae9-5f95b8908661", "sources": "[{\"license\":\"ODbL-1.0\",\"record_id\":\"w324945577@1\",\"update_time\":\"2015-01-28T08:12:19.000Z\",\"property\":\"\",\"dataset\":\"OpenStreetMap\"}]", "facade_color": "#AD9C8A", "version": 1, "@geometry_source": "OpenStreetMap", "facade_material": "brick", "roof_material": "concrete", "roof_shape": "flat", "num_floors": 2, "id": "32636561-3565-3666-B438-336366343764", "height": 6}, "id": 2126786860953061400}, {"type": "Feature", "geometry": {"type": "Polygon", "coordinates": [[[-74.00691568851471, 40.74787876152078], [-74.00686204433441, 40.74785844139319], [-74.00696933269501, 40.74790314566573], [-74.00691568851471, 40.74787876152078]]]}, "properties": {"is_underground": false, "@height_source": "OpenStreetMap", "building_id": "177c4317-23aa-4f0b-a3e2-0ab83cc5bccc", "sources": "[{\"license\":\"ODbL-1.0\",\"record_id\":\"w324980532@2\",\"update_time\":\"2015-01-28T20:28:04.000Z\",\"property\":\"\",\"dataset\":\"OpenStreetMap\"}]", "facade_color": "#C3B199", "version": 1, "@geometry_source": "OpenStreetMap", "facade_material": "brick", "roof_material": "concrete", "roof_shape": "flat", "roof_color": "#586261", "id": "38366133-3036-3165-A134-653330346637", "height": 28.2}, "id": 2156258165569355000}, {"type": "Feature", "geometry": {"type": "Polygon", "coordinates": [[[-74.00508642196655, 40.749914806825245], [-74.00508642196655, 40.74991074292467], [-74.00503277778625, 40.7498863595159], [-74.00502741336823, 40.749894487319835], [-74.00508642196655, 40.749914806825245]]]}, "properties": {"is_underground": false, "@height_source": "OpenStreetMap", "building_id": "fc899e62-22fa-4b9c-ac1c-caa4ed37e281", "sources": "[{\"license\":\"ODbL-1.0\",\"record_id\":\"w293957457@1\",\"update_time\":\"2014-07-23T08:35:49.000Z\",\"property\":\"\",\"dataset\":\"OpenStreetMap\"}]", "facade_color": "#B9BCA9", "version": 1, "@geometry_source": "OpenStreetMap", "facade_material": "glass", "min_height": 53, "roof_material": "concrete", "roof_shape": "flat", "id": "30646230-6463-3536-B861-376133623036", "height": 65}, "id": 2159049859618346000}, {"type": "Feature", "geometry": {"type": "Polygon", "coordinates": [[[-74.00517761707306, 40.74785031334042], [-74.00518298149109, 40.74784218528666], [-74.00518834590912, 40.747825929176116], [-74.00517761707306, 40.74782186514787], [-74.00515615940094, 40.74781780111937], [-74.00515079498291, 40.74782186514787], [-74.00514543056488, 40.74783812125938], [-74.005166888237, 40.74785031334042], [-74.00517761707306, 40.74785031334042]]]}, "properties": {"is_underground": false, "@height_source": "OpenStreetMap", "building_id": "568e8cc4-c6a9-4540-b22a-ded72b80354c", "@geometry_source": "OpenStreetMap", "min_height": 49, "sources": "[{\"license\":\"ODbL-1.0\",\"record_id\":\"w324769178@1\",\"update_time\":\"2015-01-27T14:49:29.000Z\",\"property\":\"\",\"dataset\":\"OpenStreetMap\"}]", "roof_shape": "flat", "roof_color": "#6E7470", "id": "37346133-6538-3339-B566-656639306664", "facade_color": "#DFD3B9", "version": 1, "height": 54}, "id": 2254626158620203800}, {"type": "Feature", "geometry": {"type": "Polygon", "coordinates": [[[-74.00472164154053, 40.74848836246156], [-74.0047699213028, 40.74841927463572], [-74.00453388690948, 40.748321738759415], [-74.0045017004013, 40.74836644272048], [-74.00460362434387, 40.748411146651506], [-74.00459289550781, 40.748431466610214], [-74.00472164154053, 40.74848836246156]]]}, "properties": {"is_underground": false, "@height_source": "OpenStreetMap", "building_id": "f5a58c1e-ef11-4faf-a7e7-820dae3de922", "@geometry_source": "OpenStreetMap", "sources": "[{\"license\":\"ODbL-1.0\",\"record_id\":\"w325079367@3\",\"update_time\":\"2023-08-28T18:20:47.000Z\",\"property\":\"\",\"dataset\":\"OpenStreetMap\"}]", "roof_material": "concrete", "roof_shape": "flat", "num_floors": 2, "id": "31383862-3538-3537-B162-313065653733", "facade_color": "#BCB7B3", "version": 1, "height": 7}, "id": 2349204725198771700}, {"type": "Feature", "geometry": {"type": "Polygon", "coordinates": [[[-74.0062290430069, 40.74839895467329], [-74.00639533996582, 40.74817137066978], [-74.0059232711792, 40.7479722340278], [-74.00575697422028, 40.748199818712806], [-74.0062290430069, 40.74839895467329]]]}, "properties": {"is_underground": false, "@height_source": "OpenStreetMap", "building_id": "52696065-b000-4757-b389-094083560d2b", "sources": "[{\"license\":\"ODbL-1.0\",\"record_id\":\"w881210123@1\",\"update_time\":\"2021-01-30T21:40:15.000Z\",\"property\":\"\",\"dataset\":\"OpenStreetMap\"}]", "facade_color": "#C89160", "version": 1, "@geometry_source": "OpenStreetMap", "facade_material": "brick", "roof_material": "concrete", "roof_shape": "flat", "num_floors": 3, "roof_color": "#686D67", "id": "38663966-6432-3631-B466-653734303235", "height": 17}, "id": 2470136549663535600}, {"type": "Feature", "geometry": {"type": "Polygon", "coordinates": [[[-74.00710344314575, 40.74734637212788], [-74.00686204433441, 40.74724477061437], [-74.00669574737549, 40.747472357789036], [-74.00693714618683, 40.74756989491115], [-74.00710344314575, 40.74734637212788]]]}, "properties": {"is_underground": false, "@height_source": "OpenStreetMap", "building_id": "4095cf51-ec27-4c7b-b444-786d3bc4e442", "@geometry_source": "OpenStreetMap", "sources": "[{\"license\":\"ODbL-1.0\",\"record_id\":\"w324756056@3\",\"update_time\":\"2023-05-11T02:37:01.000Z\",\"property\":\"\",\"dataset\":\"OpenStreetMap\"}]", "roof_material": "concrete", "roof_shape": "flat", "roof_color": "#A2A7A0", "id": "65633736-6237-3332-B336-373862656530", "facade_color": "#B3A695", "version": 1, "height": 27.5}, "id": 2476311309481912300}, {"type": "Feature", "geometry": {"type": "Polygon", "coordinates": [[[-74.00529563426971, 40.74832580275711], [-74.00528490543365, 40.748342058745436], [-74.00568187236786, 40.74851681036898], [-74.00569796562195, 40.748492426449104], [-74.00529563426971, 40.74832580275711]]]}, "properties": {"is_underground": false, "@height_source": "OpenStreetMap", "building_id": "3d341965-bd4c-4df5-9280-0ac9f9c2842e", "sources": "[{\"license\":\"ODbL-1.0\",\"record_id\":\"w325066223@3\",\"update_time\":\"2021-12-18T04:43:01.000Z\",\"property\":\"\",\"dataset\":\"OpenStreetMap\"}]", "facade_color": "#D7B693", "version": 1, "@geometry_source": "OpenStreetMap", "facade_material": "brick", "roof_material": "concrete", "roof_shape": "flat", "num_floors": 10, "roof_color": "#9A9381", "id": "37656466-3738-3562-B639-306439613435", "height": 30}, "id": 2551739773677090000}, {"type": "Feature", "geometry": {"type": "Polygon", "coordinates": [[[-74.0061217546463, 40.74869968948329], [-74.0057247877121, 40.74853306631064], [-74.00564432144165, 40.74864685779082], [-74.00627195835114, 40.74891101583344], [-74.00635242462158, 40.74879722480529], [-74.0061217546463, 40.74869968948329]]]}, "properties": {"is_underground": false, "@height_source": "OpenStreetMap", "building_id": "be58b80e-b4de-4fc2-8755-85fb7f5e63ff", "sources": "[{\"license\":\"ODbL-1.0\",\"record_id\":\"w325066208@4\",\"update_time\":\"2020-12-05T07:22:59.000Z\",\"property\":\"\",\"dataset\":\"OpenStreetMap\"}]", "facade_color": "#B37462", "version": 1, "@geometry_source": "OpenStreetMap", "facade_material": "brick", "roof_material": "concrete", "roof_shape": "flat", "num_floors": 14, "roof_color": "#B8B6A1", "id": "37386363-3061-3664-B534-346231656330", "height": 40}, "id": 2559370082546997000}, {"type": "Feature", "geometry": {"type": "Polygon", "coordinates": [[[-74.00495231151581, 40.75010174598398], [-74.00498449802399, 40.75005297929761], [-74.00478065013885, 40.74996357361297], [-74.00474309921265, 40.75001234036495], [-74.00495231151581, 40.75010174598398]]]}, "properties": {"is_underground": false, "@height_source": "OpenStreetMap", "building_id": "fc899e62-22fa-4b9c-ac1c-caa4ed37e281", "@geometry_source": "OpenStreetMap", "sources": "[{\"license\":\"ODbL-1.0\",\"record_id\":\"w293957462@1\",\"update_time\":\"2014-07-23T08:35:51.000Z\",\"property\":\"\",\"dataset\":\"OpenStreetMap\"}]", "roof_material": "concrete", "roof_shape": "flat", "id": "61303434-3838-3437-B261-653232363832", "facade_color": "#B6C0B8", "version": 1, "height": 8}, "id": 2568170677214876700}, {"type": "Feature", "geometry": {"type": "Polygon", "coordinates": [[[-74.00473237037659, 40.747773096789444], [-74.00482892990112, 40.74763898361945], [-74.00471091270447, 40.747590215126934], [-74.00479137897491, 40.74748048588802], [-74.00458753108978, 40.74739514079923], [-74.0044105052948, 40.74763898361945], [-74.00473237037659, 40.747773096789444]]]}, "properties": {"is_underground": false, "@height_source": "OpenStreetMap", "building_id": "09fcb85d-21d7-4a74-83b0-c34b6dc72dde", "@geometry_source": "OpenStreetMap", "sources": "[{\"license\":\"ODbL-1.0\",\"record_id\":\"w324771078@3\",\"update_time\":\"2024-04-23T20:55:00.000Z\",\"property\":\"\",\"dataset\":\"OpenStreetMap\"}]", "roof_material": "concrete", "roof_shape": "flat", "num_floors": 8, "id": "31313861-3165-3334-A537-353161623231", "facade_color": "#E0E9EC", "version": 1, "height": 26.5}, "id": 2708695353503586300}, {"type": "Feature", "geometry": {"type": "Polygon", "coordinates": [[[-74.00468409061432, 40.747321987778804], [-74.00464653968811, 40.7473097956009], [-74.00458753108978, 40.74739514079923], [-74.00461971759796, 40.74740733296147], [-74.00468409061432, 40.747321987778804]]]}, "properties": {"is_underground": false, "@height_source": "OpenStreetMap", "building_id": "09fcb85d-21d7-4a74-83b0-c34b6dc72dde", "@geometry_source": "OpenStreetMap", "sources": "[{\"license\":\"ODbL-1.0\",\"record_id\":\"w324771075@1\",\"update_time\":\"2015-01-27T15:04:39.000Z\",\"property\":\"\",\"dataset\":\"OpenStreetMap\"}]", "roof_material": "concrete", "roof_shape": "flat", "num_floors": 5, "id": "39666563-3031-3535-B139-366135343434", "facade_color": "#E0E9EC", "version": 1, "height": 16.5}, "id": 2728627727184634400}, {"type": "Feature", "geometry": {"type": "Polygon", "coordinates": [[[-74.00372385978699, 40.748012874207234], [-74.0037989616394, 40.74791127371205], [-74.00361657142639, 40.74783405723187], [-74.00363802909851, 40.747797480973134], [-74.0035629272461, 40.747764968726244], [-74.0035629272461, 40.7479437858874], [-74.00372385978699, 40.748012874207234]]]}, "properties": {"is_underground": false, "@height_source": "OpenStreetMap", "building_id": "c2df86e0-1542-4e13-8ce7-41923278d5eb", "sources": "[{\"license\":\"ODbL-1.0\",\"record_id\":\"w324859912@3\",\"update_time\":\"2021-12-18T04:38:24.000Z\",\"property\":\"\",\"dataset\":\"OpenStreetMap\"}]", "facade_color": "#9C8272", "version": 1, "@geometry_source": "OpenStreetMap", "facade_material": "brick", "roof_material": "concrete", "roof_shape": "flat", "num_floors": 2, "id": "63306131-6166-3936-B436-633739356638", "height": 10}, "id": 2769257547024346600}, {"type": "Feature", "geometry": {"type": "Polygon", "coordinates": [[[-74.00428175926208, 40.749796953607245], [-74.00459289550781, 40.74992699852555], [-74.0047538280487, 40.74971161149142], [-74.00439441204071, 40.74956124654463], [-74.00437295436859, 40.74958969399307], [-74.00442123413086, 40.74961001359165], [-74.00428175926208, 40.749796953607245]]]}, "properties": {"is_underground": false, "@height_source": "OpenStreetMap", "building_id": "12864ccb-72fb-443e-bf12-f3b3e744f6da", "sources": "[{\"license\":\"ODbL-1.0\",\"record_id\":\"w325986935@4\",\"update_time\":\"2021-12-18T04:49:52.000Z\",\"property\":\"\",\"dataset\":\"OpenStreetMap\"}]", "facade_color": "#CC9B7D", "version": 1, "@geometry_source": "OpenStreetMap", "facade_material": "brick", "roof_material": "concrete", "roof_shape": "flat", "num_floors": 4, "roof_color": "#C5BFA9", "id": "33303830-3966-3561-B565-356234353964", "height": 15}, "id": 2778101178921471000}, {"type": "Feature", "geometry": {"type": "Polygon", "coordinates": [[[-74.00363802909851, 40.747797480973134], [-74.00361657142639, 40.74783405723187], [-74.0037989616394, 40.74791127371205], [-74.00392234325409, 40.74774464856387], [-74.0035629272461, 40.747590215126934], [-74.0035629272461, 40.747764968726244], [-74.00363802909851, 40.747797480973134]]]}, "properties": {"is_underground": false, "@height_source": "OpenStreetMap", "building_id": "c2df86e0-1542-4e13-8ce7-41923278d5eb", "sources": "[{\"license\":\"ODbL-1.0\",\"record_id\":\"w324852035@4\",\"update_time\":\"2021-12-18T04:38:24.000Z\",\"property\":\"\",\"dataset\":\"OpenStreetMap\"}]", "facade_color": "#9C8272", "version": 1, "@geometry_source": "OpenStreetMap", "facade_material": "brick", "roof_material": "concrete", "roof_shape": "flat", "num_floors": 15, "id": "64323033-3338-3739-B564-653965303263", "height": 45}, "id": 3099478593034763000}, {"type": "Feature", "geometry": {"type": "Polygon", "coordinates": [[[-74.00524199008942, 40.747809673061624], [-74.0052580833435, 40.7477852888824], [-74.00517225265503, 40.74774871259686], [-74.00515615940094, 40.747773096789444], [-74.00524199008942, 40.747809673061624]]]}, "properties": {"is_underground": false, "@height_source": "OpenStreetMap", "building_id": "568e8cc4-c6a9-4540-b22a-ded72b80354c", "sources": "[{\"license\":\"ODbL-1.0\",\"record_id\":\"w324769235@1\",\"update_time\":\"2015-01-27T14:50:21.000Z\",\"property\":\"\",\"dataset\":\"OpenStreetMap\"}]", "facade_color": "#C29D8A", "version": 1, "@geometry_source": "OpenStreetMap", "facade_material": "brick", "roof_material": "concrete", "roof_shape": "flat", "num_floors": 10, "id": "34353762-3937-3164-B464-653664646530", "height": 29.5}, "id": 3233857583000246300}, {"type": "Feature", "geometry": {"type": "Polygon", "coordinates": [[[-74.00493621826172, 40.749853848290314], [-74.00490403175354, 40.74984165657659], [-74.00489866733551, 40.749849784386015], [-74.00493085384369, 40.7498619760982], [-74.00493621826172, 40.749853848290314]]]}, "properties": {"is_underground": false, "@height_source": "OpenStreetMap", "building_id": "fc899e62-22fa-4b9c-ac1c-caa4ed37e281", "@geometry_source": "OpenStreetMap", "facade_material": "glass", "sources": "[{\"license\":\"ODbL-1.0\",\"record_id\":\"w293957452@1\",\"update_time\":\"2014-07-23T08:35:49.000Z\",\"property\":\"\",\"dataset\":\"OpenStreetMap\"}]", "roof_material": "concrete", "roof_shape": "flat", "id": "61386637-3239-3635-B739-613464623135", "facade_color": "#B9BCA9", "version": 1, "height": 68}, "id": 3254383150227519500}, {"type": "Feature", "geometry": {"type": "Polygon", "coordinates": [[[-74.00508105754852, 40.749914806825245], [-74.0050756931305, 40.74992293462569], [-74.00508105754852, 40.74992293462569], [-74.00508105754852, 40.749914806825245]]]}, "properties": {"is_underground": false, "@height_source": "OpenStreetMap", "building_id": "fc899e62-22fa-4b9c-ac1c-caa4ed37e281", "@geometry_source": "OpenStreetMap", "sources": "[{\"license\":\"ODbL-1.0\",\"record_id\":\"w293957453@1\",\"update_time\":\"2014-07-23T08:35:49.000Z\",\"property\":\"\",\"dataset\":\"OpenStreetMap\"}]", "roof_material": "concrete", "roof_shape": "flat", "id": "39666234-3832-3664-B633-643662653231", "facade_color": "#676E73", "version": 1, "height": 69}, "id": 3341852887293298000}, {"type": "Feature", "geometry": {"type": "Polygon", "coordinates": [[[-74.00361120700836, 40.74928489926927], [-74.00363802909851, 40.74924832380853], [-74.00356829166412, 40.74921987621403], [-74.0035629272461, 40.74922800409942], [-74.0035629272461, 40.74926457957133], [-74.00361120700836, 40.74928489926927]]]}, "properties": {"is_underground": false, "@height_source": "OpenStreetMap", "building_id": "4ad3452c-e4fd-468b-a255-6b62ca7f77d7", "@geometry_source": "OpenStreetMap", "min_height": 40, "sources": "[{\"license\":\"ODbL-1.0\",\"record_id\":\"w325986904@1\",\"update_time\":\"2015-02-01T20:02:16.000Z\",\"property\":\"\",\"dataset\":\"OpenStreetMap\"}]", "roof_material": "concrete", "roof_shape": "flat", "id": "37323463-3466-3330-A131-363763393163", "facade_color": "#F4EECE", "version": 1, "height": 43}, "id": 3381728751740034000}, {"type": "Feature", "geometry": {"type": "Polygon", "coordinates": [[[-74.00508642196655, 40.75084543352], [-74.00514543056488, 40.75076415659851], [-74.00497376918793, 40.75069100728419], [-74.0049147605896, 40.750772284295124], [-74.00508642196655, 40.75084543352]]]}, "properties": {"is_underground": false, "@height_source": "OpenStreetMap", "building_id": "0d4ac3c4-8217-4c6a-b5f6-8148b890c082", "@geometry_source": "OpenStreetMap", "min_height": 35, "sources": "[{\"license\":\"ODbL-1.0\",\"record_id\":\"w325986920@1\",\"update_time\":\"2015-02-01T20:02:17.000Z\",\"property\":\"\",\"dataset\":\"OpenStreetMap\"}]", "roof_material": "concrete", "roof_shape": "flat", "id": "63333233-6639-3735-A231-633739393663", "facade_color": "#BDAB85", "version": 1, "height": 40}, "id": 3541716237065239600}, {"type": "Feature", "geometry": {"type": "Polygon", "coordinates": [[[-74.00531709194183, 40.74798442608423], [-74.00539755821228, 40.747874697495774], [-74.00503277778625, 40.74772026436085], [-74.00495231151581, 40.747829993204135], [-74.00531709194183, 40.74798442608423]]]}, "properties": {"is_underground": false, "@height_source": "OpenStreetMap", "building_id": "568e8cc4-c6a9-4540-b22a-ded72b80354c", "sources": "[{\"license\":\"ODbL-1.0\",\"record_id\":\"w324769180@4\",\"update_time\":\"2020-12-05T07:22:59.000Z\",\"property\":\"\",\"dataset\":\"OpenStreetMap\"}]", "facade_color": "#C29D8A", "version": 1, "@geometry_source": "OpenStreetMap", "facade_material": "brick", "roof_material": "concrete", "roof_shape": "flat", "num_floors": 15, "id": "34313363-6235-3432-B463-353338646239", "height": 44.3}, "id": 4185152733456446500}, {"type": "Feature", "geometry": {"type": "Polygon", "coordinates": [[[-74.00527954101562, 40.75086981657708], [-74.00530636310577, 40.75083324198812], [-74.00526344776154, 40.750812922763316], [-74.00523662567139, 40.750849497363475], [-74.00527954101562, 40.75086981657708]]]}, "properties": {"is_underground": false, "@height_source": "OpenStreetMap", "building_id": "0d4ac3c4-8217-4c6a-b5f6-8148b890c082", "@geometry_source": "OpenStreetMap", "min_height": 35, "sources": "[{\"license\":\"ODbL-1.0\",\"record_id\":\"w325986910@1\",\"update_time\":\"2015-02-01T20:02:16.000Z\",\"property\":\"\",\"dataset\":\"OpenStreetMap\"}]", "roof_material": "concrete", "roof_shape": "flat", "id": "37376261-6464-3938-B761-313137613364", "facade_color": "#BDAB85", "version": 1, "height": 40}, "id": 4190983325386314000}, {"type": "Feature", "geometry": {"type": "Polygon", "coordinates": [[[-74.00510787963867, 40.7498863595159], [-74.00495767593384, 40.749825400954876], [-74.00493621826172, 40.749853848290314], [-74.00493621826172, 40.7498619760982], [-74.00508642196655, 40.749914806825245], [-74.00510787963867, 40.7498863595159]]]}, "properties": {"is_underground": false, "@height_source": "OpenStreetMap", "building_id": "fc899e62-22fa-4b9c-ac1c-caa4ed37e281", "@geometry_source": "OpenStreetMap", "min_height": 24, "sources": "[{\"license\":\"ODbL-1.0\",\"record_id\":\"w293957448@1\",\"update_time\":\"2014-07-23T08:35:48.000Z\",\"property\":\"\",\"dataset\":\"OpenStreetMap\"}]", "roof_material": "concrete", "roof_shape": "flat", "id": "31343239-3163-3866-B739-373764653238", "facade_color": "#B0AA9B", "version": 1, "height": 25}, "id": 4293467531455146000}, {"type": "Feature", "geometry": {"type": "Polygon", "coordinates": [[[-74.00444269180298, 40.74853306631064], [-74.00463044643402, 40.748610281979126], [-74.00472164154053, 40.74848836246156], [-74.00453388690948, 40.748407082659014], [-74.00444269180298, 40.74853306631064]]]}, "properties": {"is_underground": false, "@height_source": "OpenStreetMap", "building_id": "f5a58c1e-ef11-4faf-a7e7-820dae3de922", "@geometry_source": "OpenStreetMap", "sources": "[{\"license\":\"ODbL-1.0\",\"record_id\":\"w325079354@3\",\"update_time\":\"2023-08-28T18:20:47.000Z\",\"property\":\"\",\"dataset\":\"OpenStreetMap\"}]", "roof_material": "concrete", "roof_shape": "flat", "num_floors": 10, "id": "61336138-6162-3531-B837-366537353764", "facade_color": "#BCB7B3", "version": 1, "height": 35}, "id": 4345565640862365000}, {"type": "Feature", "geometry": {"type": "Polygon", "coordinates": [[[-74.0035629272461, 40.75040247309312], [-74.0035629272461, 40.750434984050486], [-74.00383114814758, 40.750544708414225], [-74.00384724140167, 40.750520325237915], [-74.0035629272461, 40.75040247309312]]]}, "properties": {"is_underground": false, "building_id": "c4b01053-58ef-43e5-98b4-4fbff840e3e3", "@geometry_source": "OpenStreetMap", "sources": "[{\"license\":\"ODbL-1.0\",\"record_id\":\"w325986887@3\",\"update_time\":\"2025-05-05T10:46:06.000Z\",\"property\":\"\",\"dataset\":\"OpenStreetMap\"}]", "roof_material": "concrete", "roof_shape": "flat", "num_floors": 11, "id": "63626564-3834-3061-B839-353064313338", "facade_color": "#9B9C8A", "version": 1}, "id": 4407088337833569300}, {"type": "Feature", "geometry": {"type": "Polygon", "coordinates": [[[-74.00658845901489, 40.74742358917433], [-74.00669574737549, 40.747472357789036], [-74.00686740875244, 40.74724070655063], [-74.00647044181824, 40.74707407972227], [-74.00631487369537, 40.74728947529945], [-74.00659918785095, 40.74740733296147], [-74.00658845901489, 40.74742358917433]]]}, "properties": {"is_underground": false, "@height_source": "OpenStreetMap", "building_id": "e8cb1b51-1055-4d7e-a65e-d463e31dcd02", "sources": "[{\"license\":\"ODbL-1.0\",\"record_id\":\"w264643133@3\",\"update_time\":\"2023-05-11T02:37:01.000Z\",\"property\":\"\",\"dataset\":\"OpenStreetMap\"}]", "facade_color": "#A57552", "version": 1, "@geometry_source": "OpenStreetMap", "facade_material": "brick", "roof_material": "concrete", "roof_shape": "flat", "num_floors": 7, "roof_color": "#E6E1CE", "id": "36633837-6563-3165-A565-376138396334", "height": 22}, "id": 4437363907901896000}, {"type": "Feature", "geometry": {"type": "Polygon", "coordinates": [[[-74.00555312633514, 40.74808602646766], [-74.0055799484253, 40.74805351436186], [-74.00553166866302, 40.74803319428764], [-74.00550484657288, 40.748065706403395], [-74.00555312633514, 40.74808602646766]]]}, "properties": {"is_underground": false, "@height_source": "OpenStreetMap", "building_id": "d176a567-1fda-47eb-81ba-55ae6f139bb9", "sources": "[{\"license\":\"ODbL-1.0\",\"record_id\":\"w324768685@1\",\"update_time\":\"2015-01-27T14:43:34.000Z\",\"property\":\"\",\"dataset\":\"OpenStreetMap\"}]", "facade_color": "#C49C6F", "version": 1, "@geometry_source": "OpenStreetMap", "facade_material": "brick", "roof_material": "concrete", "roof_shape": "flat", "roof_color": "#596768", "id": "32663564-6465-3235-A363-383665326537", "height": 52}, "id": 4452603651144870400}, {"type": "Feature", "geometry": {"type": "Polygon", "coordinates": [[[-74.00696933269501, 40.747809673061624], [-74.00691568851471, 40.74787876152078], [-74.00696933269501, 40.74790314566573], [-74.0070229768753, 40.74783405723187], [-74.00696933269501, 40.747809673061624]]]}, "properties": {"is_underground": false, "@height_source": "OpenStreetMap", "building_id": "177c4317-23aa-4f0b-a3e2-0ab83cc5bccc", "sources": "[{\"license\":\"ODbL-1.0\",\"record_id\":\"w324980531@1\",\"update_time\":\"2015-01-28T10:54:04.000Z\",\"property\":\"\",\"dataset\":\"OpenStreetMap\"}]", "facade_color": "#E1DDC4", "version": 1, "@geometry_source": "OpenStreetMap", "min_height": 19, "roof_material": "concrete", "roof_shape": "flat", "roof_color": "#586261", "id": "36313138-6635-3865-B530-366130653863", "height": 23}, "id": 4579138280812078000}, {"type": "Feature", "geometry": {"type": "Polygon", "coordinates": [[[-74.00494158267975, 40.749857912194386], [-74.00493621826172, 40.7498619760982], [-74.00489866733551, 40.749849784386015], [-74.004807472229, 40.749975765304356], [-74.00498449802399, 40.75005297929761], [-74.00508642196655, 40.749914806825245], [-74.00494158267975, 40.749857912194386]]]}, "properties": {"is_underground": false, "@height_source": "OpenStreetMap", "building_id": "fc899e62-22fa-4b9c-ac1c-caa4ed37e281", "@geometry_source": "OpenStreetMap", "min_height": 68, "sources": "[{\"license\":\"ODbL-1.0\",\"record_id\":\"w293957449@1\",\"update_time\":\"2014-07-23T08:35:51.000Z\",\"property\":\"\",\"dataset\":\"OpenStreetMap\"}]", "roof_material": "concrete", "roof_shape": "flat", "id": "39356664-3735-3663-B136-363964336266", "facade_color": "#676E73", "version": 1, "height": 69}, "id": 4618845732469320000}, {"type": "Feature", "geometry": {"type": "Polygon", "coordinates": [[[-74.00707125663757, 40.75109332751697], [-74.00595545768738, 40.75062192174684], [-74.00583744049072, 40.750784475838174], [-74.00695323944092, 40.75125181663728], [-74.00707125663757, 40.75109332751697]]]}, "properties": {"is_underground": false, "@height_source": "OpenStreetMap", "building_id": "2954e2a5-27bd-4a80-a3ea-c513623945e8", "@geometry_source": "OpenStreetMap", "sources": "[{\"license\":\"ODbL-1.0\",\"record_id\":\"w264656670@2\",\"update_time\":\"2015-01-28T21:44:29.000Z\",\"property\":\"\",\"dataset\":\"OpenStreetMap\"}]", "roof_material": "concrete", "roof_shape": "flat", "num_floors": 9, "roof_color": "#DBD5BF", "id": "65333263-3766-3933-A638-303733636464", "version": 1, "height": 35}, "id": 4622231197233634000}, {"type": "Feature", "geometry": {"type": "Polygon", "coordinates": [[[-74.00416910648346, 40.7479641059889], [-74.00414228439331, 40.748004746173336], [-74.00427103042603, 40.74805757837595], [-74.00436222553253, 40.747931593823495], [-74.00429785251617, 40.74790314566573], [-74.0042495727539, 40.7479722340278], [-74.00416910648346, 40.7479641059889]]]}, "properties": {"is_underground": false, "building_id": "ea7009d7-af80-4c79-94f7-8cb4e06a5217", "id": "62613136-3230-3634-B935-643834353133", "@geometry_source": "OpenStreetMap", "sources": "[{\"license\":\"ODbL-1.0\",\"record_id\":\"w264656463@2\",\"update_time\":\"2020-02-29T13:34:51.000Z\",\"property\":\"\",\"dataset\":\"OpenStreetMap\"}]", "version": 1}, "id": 4706378060529243000}, {"type": "Feature", "geometry": {"type": "Polygon", "coordinates": [[[-74.00590717792511, 40.749146725200916], [-74.00605201721191, 40.74921174832767], [-74.00612711906433, 40.749110149664176], [-74.00598764419556, 40.74904919039156], [-74.00593400001526, 40.74912640546077], [-74.0059232711792, 40.74912234151199], [-74.00590717792511, 40.749146725200916]]]}, "properties": {"is_underground": false, "@height_source": "OpenStreetMap", "building_id": "e6dc0b48-2e85-448e-9884-6a66839acd0d", "sources": "[{\"license\":\"ODbL-1.0\",\"record_id\":\"w325066233@1\",\"update_time\":\"2015-01-30T07:54:57.000Z\",\"property\":\"\",\"dataset\":\"OpenStreetMap\"}]", "facade_color": "#B37462", "version": 1, "@geometry_source": "OpenStreetMap", "facade_material": "brick", "roof_material": "concrete", "roof_shape": "flat", "num_floors": 11, "roof_color": "#B8B6A1", "id": "36393530-3038-3239-A665-313930353033", "height": 31.4}, "id": 4716195907374270000}, {"type": "Feature", "geometry": {"type": "Polygon", "coordinates": [[[-74.00396525859833, 40.749894487319835], [-74.00399208068848, 40.7498619760982], [-74.00394380092621, 40.7498457204814], [-74.00392234325409, 40.74987416780817], [-74.00396525859833, 40.749894487319835]]]}, "properties": {"is_underground": false, "@height_source": "OpenStreetMap", "building_id": "412ecd43-b44a-4c82-98fa-cd54b68810fa", "@geometry_source": "OpenStreetMap", "min_height": 37.6, "sources": "[{\"license\":\"ODbL-1.0\",\"record_id\":\"w325745943@2\",\"update_time\":\"2015-02-01T20:02:26.000Z\",\"property\":\"\",\"dataset\":\"OpenStreetMap\"}]", "roof_material": "concrete", "roof_shape": "flat", "id": "38303138-3233-3237-B765-656235356534", "facade_color": "#E8E6BF", "version": 1, "height": 41}, "id": 4751684587549374000}, {"type": "Feature", "geometry": {"type": "Polygon", "coordinates": [[[-74.00384724140167, 40.750520325237915], [-74.00389015674591, 40.75046343112513], [-74.00357902050018, 40.75033745113072], [-74.0035629272461, 40.750357770500784], [-74.0035629272461, 40.75040247309312], [-74.00384724140167, 40.750520325237915]]]}, "properties": {"is_underground": false, "@height_source": "OpenStreetMap", "building_id": "c4b01053-58ef-43e5-98b4-4fbff840e3e3", "@geometry_source": "OpenStreetMap", "sources": "[{\"license\":\"ODbL-1.0\",\"record_id\":\"w325986926@3\",\"update_time\":\"2025-05-05T10:46:06.000Z\",\"property\":\"\",\"dataset\":\"OpenStreetMap\"}]", "roof_material": "concrete", "roof_shape": "flat", "roof_color": "#BBB497", "id": "38303935-6563-3335-A335-343732323036", "facade_color": "#9B9C8A", "version": 1, "height": 6}, "id": 4943101566730499000}, {"type": "Feature", "geometry": {"type": "Polygon", "coordinates": [[[-74.00380432605743, 40.74991074292467], [-74.0038150548935, 40.74990261512275], [-74.0035629272461, 40.74979288969945], [-74.0035629272461, 40.749805081422096], [-74.00380432605743, 40.74991074292467]]]}, "properties": {"is_underground": false, "@height_source": "OpenStreetMap", "building_id": "1eb40075-bb8c-4707-b968-b3ed07164882", "@geometry_source": "OpenStreetMap", "sources": "[{\"license\":\"ODbL-1.0\",\"record_id\":\"w325745929@1\",\"update_time\":\"2015-01-31T16:15:38.000Z\",\"property\":\"\",\"dataset\":\"OpenStreetMap\"}]", "roof_material": "concrete", "roof_shape": "flat", "num_floors": 11, "id": "36613530-6439-3730-A133-316136616563", "facade_color": "#E8E6BF", "version": 1, "height": 47.7}, "id": 5005331537089120000}, {"type": "Feature", "geometry": {"type": "Polygon", "coordinates": [[[-74.00521516799927, 40.748906951871504], [-74.00532245635986, 40.74895165543916], [-74.00534927845001, 40.748915079795125], [-74.00524199008942, 40.74887037620286], [-74.00521516799927, 40.748906951871504]]]}, "properties": {"is_underground": false, "@height_source": "OpenStreetMap", "building_id": "81dd7605-0d89-4dd9-b316-4866b53a6ccf", "sources": "[{\"license\":\"ODbL-1.0\",\"record_id\":\"w325066218@2\",\"update_time\":\"2020-12-05T07:22:59.000Z\",\"property\":\"\",\"dataset\":\"OpenStreetMap\"}]", "facade_color": "#A3C5C1", "version": 1, "@geometry_source": "OpenStreetMap", "facade_material": "glass", "roof_material": "concrete", "roof_shape": "flat", "num_floors": 5, "roof_color": "#9A9381", "id": "65373533-6237-3638-B136-663562303062", "height": 15}, "id": 5022581205958036000}, {"type": "Feature", "geometry": {"type": "Polygon", "coordinates": [[[-74.0052580833435, 40.74837457071018], [-74.00528490543365, 40.748342058745436], [-74.00521516799927, 40.74831361076323], [-74.00518834590912, 40.748342058745436], [-74.0052580833435, 40.74837457071018]]]}, "properties": {"is_underground": false, "@height_source": "OpenStreetMap", "building_id": "3d341965-bd4c-4df5-9280-0ac9f9c2842e", "sources": "[{\"license\":\"ODbL-1.0\",\"record_id\":\"w325066229@3\",\"update_time\":\"2021-12-18T04:43:01.000Z\",\"property\":\"\",\"dataset\":\"OpenStreetMap\"}]", "facade_color": "#A3C5C1", "version": 1, "@geometry_source": "OpenStreetMap", "facade_material": "glass", "roof_material": "concrete", "roof_shape": "flat", "num_floors": 13, "roof_color": "#9A9381", "id": "39336466-6131-3437-B161-366161393561", "height": 39}, "id": 5104772736400788000}, {"type": "Feature", "geometry": {"type": "Polygon", "coordinates": [[[-74.00457680225372, 40.749943254122456], [-74.00457680225372, 40.74992699852555], [-74.00456070899963, 40.74991887072562], [-74.00454998016357, 40.74992699852555], [-74.0045553445816, 40.749943254122456], [-74.00457680225372, 40.749943254122456]]]}, "properties": {"is_underground": false, "@height_source": "OpenStreetMap", "building_id": "12864ccb-72fb-443e-bf12-f3b3e744f6da", "sources": "[{\"license\":\"ODbL-1.0\",\"record_id\":\"w325745904@1\",\"update_time\":\"2015-01-31T16:15:36.000Z\",\"property\":\"\",\"dataset\":\"OpenStreetMap\"}]", "facade_color": "#CC9B7D", "version": 1, "@geometry_source": "OpenStreetMap", "facade_material": "brick", "roof_material": "concrete", "roof_shape": "flat", "roof_color": "#C5BFA9", "id": "31373966-3130-3165-B163-343934356236", "height": 38}, "id": 5219508175389693000}, {"type": "Feature", "geometry": {"type": "Polygon", "coordinates": [[[-74.0035629272461, 40.74921174832767], [-74.0035629272461, 40.74936211406478], [-74.00364875793457, 40.7492442598672], [-74.0035629272461, 40.74921174832767]]]}, "properties": {"is_underground": false, "@height_source": "OpenStreetMap", "building_id": "4ad3452c-e4fd-468b-a255-6b62ca7f77d7", "sources": "[{\"license\":\"ODbL-1.0\",\"record_id\":\"w264656668@7\",\"update_time\":\"2021-12-18T04:49:52.000Z\",\"property\":\"\",\"dataset\":\"OpenStreetMap\"}]", "facade_color": "#F4EECE", "version": 1, "@name": "Avenues", "names": "{\"primary\":\"Avenues\"}", "@geometry_source": "OpenStreetMap", "roof_material": "concrete", "roof_shape": "flat", "num_floors": 10, "id": "64373134-6234-3331-A436-303337396238", "height": 40}, "id": 5321148335377874000}, {"type": "Feature", "geometry": {"type": "Polygon", "coordinates": [[[-74.00462508201599, 40.75017489594654], [-74.00465190410614, 40.750142384862016], [-74.00460362434387, 40.7501220654261], [-74.00458216667175, 40.75015457652057], [-74.00462508201599, 40.75017489594654]]]}, "properties": {"is_underground": false, "@height_source": "OpenStreetMap", "building_id": "412ecd43-b44a-4c82-98fa-cd54b68810fa", "@geometry_source": "OpenStreetMap", "min_height": 37.6, "sources": "[{\"license\":\"ODbL-1.0\",\"record_id\":\"w325986911@1\",\"update_time\":\"2015-02-01T20:02:16.000Z\",\"property\":\"\",\"dataset\":\"OpenStreetMap\"}]", "roof_material": "concrete", "roof_shape": "flat", "id": "63303232-3665-3139-A435-663436333163", "facade_color": "#E8E6BF", "version": 1, "height": 41}, "id": 5478687691853604000}, {"type": "Feature", "geometry": {"type": "Polygon", "coordinates": [[[-74.00463044643402, 40.74758615108428], [-74.00461435317993, 40.747606471295086], [-74.00467872619629, 40.74763491957978], [-74.00471091270447, 40.747590215126934], [-74.00460362434387, 40.74754551064402], [-74.00458753108978, 40.74756989491115], [-74.00463044643402, 40.74758615108428]]]}, "properties": {"is_underground": false, "@height_source": "OpenStreetMap", "building_id": "09fcb85d-21d7-4a74-83b0-c34b6dc72dde", "@geometry_source": "OpenStreetMap", "min_height": 43, "sources": "[{\"license\":\"ODbL-1.0\",\"record_id\":\"w324771116@1\",\"update_time\":\"2015-01-27T15:05:56.000Z\",\"property\":\"\",\"dataset\":\"OpenStreetMap\"}]", "roof_material": "concrete", "roof_shape": "flat", "id": "65313761-6262-3533-A435-386233363136", "facade_color": "#E0E9EC", "version": 1, "height": 47}, "id": 5647776288661728000}, {"type": "Feature", "geometry": {"type": "Polygon", "coordinates": [[[-74.00391161441803, 40.74964252493646], [-74.00401890277863, 40.74949622375962], [-74.00375604629517, 40.7493905615984], [-74.0036541223526, 40.749528735160084], [-74.00391161441803, 40.74964252493646]]]}, "properties": {"is_underground": false, "@height_source": "OpenStreetMap", "building_id": "6c4dea73-9093-40e1-a6f6-566a6e9a9fdd", "sources": "[{\"license\":\"ODbL-1.0\",\"record_id\":\"w325745928@4\",\"update_time\":\"2021-12-18T04:49:52.000Z\",\"property\":\"\",\"dataset\":\"OpenStreetMap\"}]", "facade_color": "#E2DBCE", "version": 1, "@geometry_source": "OpenStreetMap", "roof_material": "concrete", "roof_shape": "flat", "num_floors": 8, "roof_color": "#4E5255", "id": "62386662-6165-3264-B534-386165356262", "height": 32}, "id": 5694772708479976000}, {"type": "Feature", "geometry": {"type": "Polygon", "coordinates": [[[-74.00521516799927, 40.74831361076323], [-74.00522589683533, 40.748293290768515], [-74.00510251522064, 40.74824452275584], [-74.00509178638458, 40.74826077876406], [-74.00521516799927, 40.74831361076323]]]}, "properties": {"is_underground": false, "@height_source": "OpenStreetMap", "building_id": "3d341965-bd4c-4df5-9280-0ac9f9c2842e", "sources": "[{\"license\":\"ODbL-1.0\",\"record_id\":\"w325066220@3\",\"update_time\":\"2021-12-18T04:43:01.000Z\",\"property\":\"\",\"dataset\":\"OpenStreetMap\"}]", "facade_color": "#D7B693", "version": 1, "@geometry_source": "OpenStreetMap", "facade_material": "brick", "roof_material": "concrete", "roof_shape": "flat", "num_floors": 10, "roof_color": "#9A9381", "id": "37383636-3065-3433-A333-633438363637", "height": 30}, "id": 5754328493448017000}, {"type": "Feature", "geometry": {"type": "Polygon", "coordinates": [[[-74.00363802909851, 40.74765117573699], [-74.00376677513123, 40.747704008220495], [-74.00377213954926, 40.747695880148854], [-74.00364339351654, 40.7476430476589], [-74.00363802909851, 40.74765117573699]]]}, "properties": {"is_underground": false, "@height_source": "OpenStreetMap", "building_id": "c2df86e0-1542-4e13-8ce7-41923278d5eb", "sources": "[{\"license\":\"ODbL-1.0\",\"record_id\":\"w324852057@2\",\"update_time\":\"2015-01-27T20:21:19.000Z\",\"property\":\"\",\"dataset\":\"OpenStreetMap\"}]", "facade_color": "#9C8272", "version": 1, "@geometry_source": "OpenStreetMap", "facade_material": "brick", "min_height": 45, "roof_material": "concrete", "roof_shape": "flat", "num_floors": 18, "id": "61333832-6230-3563-A237-636232343439", "height": 54}, "id": 6098891935964450000}, {"type": "Feature", "geometry": {"type": "Polygon", "coordinates": [[[-74.00479137897491, 40.74748048588802], [-74.00485575199127, 40.74739514079923], [-74.00468409061432, 40.747321987778804], [-74.00461971759796, 40.74740733296147], [-74.00479137897491, 40.74748048588802]]]}, "properties": {"is_underground": false, "@height_source": "OpenStreetMap", "building_id": "09fcb85d-21d7-4a74-83b0-c34b6dc72dde", "@geometry_source": "OpenStreetMap", "sources": "[{\"license\":\"ODbL-1.0\",\"record_id\":\"w324771074@3\",\"update_time\":\"2024-04-23T20:55:00.000Z\",\"property\":\"\",\"dataset\":\"OpenStreetMap\"}]", "roof_material": "concrete", "roof_shape": "flat", "num_floors": 7, "id": "37623832-6363-3264-B061-656438656135", "facade_color": "#E0E9EC", "version": 1, "height": 23}, "id": 6108054596781190000}, {"type": "Feature", "geometry": {"type": "Polygon", "coordinates": [[[-74.00564432144165, 40.74864685779082], [-74.00589644908905, 40.74875252113378], [-74.00595009326935, 40.74867936960655], [-74.00569260120392, 40.74857370614734], [-74.00564432144165, 40.74864685779082]]]}, "properties": {"is_underground": false, "@height_source": "OpenStreetMap", "building_id": "be58b80e-b4de-4fc2-8755-85fb7f5e63ff", "sources": "[{\"license\":\"ODbL-1.0\",\"record_id\":\"w325066237@4\",\"update_time\":\"2020-12-05T07:22:59.000Z\",\"property\":\"\",\"dataset\":\"OpenStreetMap\"}]", "facade_color": "#B37462", "version": 1, "@geometry_source": "OpenStreetMap", "facade_material": "brick", "min_height": 40, "roof_material": "concrete", "roof_shape": "flat", "roof_color": "#B8B6A1", "id": "64343131-6434-3338-B262-313532316536", "height": 43}, "id": 6227632428272983000}, {"type": "Feature", "geometry": {"type": "Polygon", "coordinates": [[[-74.00521516799927, 40.748906951871504], [-74.00524199008942, 40.74887037620286], [-74.00504887104034, 40.74878909686723], [-74.0050220489502, 40.74882160861341], [-74.00521516799927, 40.748906951871504]]]}, "properties": {"is_underground": false, "@height_source": "OpenStreetMap", "building_id": "81dd7605-0d89-4dd9-b316-4866b53a6ccf", "sources": "[{\"license\":\"ODbL-1.0\",\"record_id\":\"w325066224@1\",\"update_time\":\"2015-01-28T20:20:07.000Z\",\"property\":\"\",\"dataset\":\"OpenStreetMap\"}]", "facade_color": "#D7B693", "version": 1, "@geometry_source": "OpenStreetMap", "facade_material": "brick", "roof_material": "concrete", "roof_shape": "flat", "num_floors": 8, "id": "37663164-3166-3331-B164-303634303134", "height": 24}, "id": 6293483345781940000}, {"type": "Feature", "geometry": {"type": "Polygon", "coordinates": [[[-74.00508105754852, 40.749914806825245], [-74.00508642196655, 40.749914806825245], [-74.00510787963867, 40.7498863595159], [-74.00508105754852, 40.749914806825245]]]}, "properties": {"is_underground": false, "@height_source": "OpenStreetMap", "building_id": "fc899e62-22fa-4b9c-ac1c-caa4ed37e281", "@geometry_source": "OpenStreetMap", "sources": "[{\"license\":\"ODbL-1.0\",\"record_id\":\"w293957461@1\",\"update_time\":\"2014-07-23T08:35:49.000Z\",\"property\":\"\",\"dataset\":\"OpenStreetMap\"}]", "roof_material": "concrete", "roof_shape": "flat", "id": "35616532-3834-3231-B462-653263393331", "facade_color": "#B0AA9B", "version": 1, "height": 24}, "id": 6299798916876854000}, {"type": "Feature", "geometry": {"type": "Polygon", "coordinates": [[[-74.0049147605896, 40.748776904958305], [-74.00494158267975, 40.74874439319029], [-74.00486648082733, 40.748711881406365], [-74.00484502315521, 40.74874845716215], [-74.0049147605896, 40.748776904958305]]]}, "properties": {"is_underground": false, "@height_source": "OpenStreetMap", "building_id": "3d341965-bd4c-4df5-9280-0ac9f9c2842e", "sources": "[{\"license\":\"ODbL-1.0\",\"record_id\":\"w325066228@1\",\"update_time\":\"2015-01-28T20:20:11.000Z\",\"property\":\"\",\"dataset\":\"OpenStreetMap\"}]", "facade_color": "#D7B693", "version": 1, "@geometry_source": "OpenStreetMap", "facade_material": "brick", "roof_material": "concrete", "roof_shape": "flat", "num_floors": 8, "id": "62363430-3264-3533-B466-313564613662", "height": 24}, "id": 6696476166582308000}, {"type": "Feature", "geometry": {"type": "Polygon", "coordinates": [[[-74.00631487369537, 40.74728947529945], [-74.00634169578552, 40.747297603420776], [-74.00635778903961, 40.74727728311561], [-74.00633096694946, 40.74726509092949], [-74.00631487369537, 40.74728947529945]]]}, "properties": {"is_underground": false, "@height_source": "OpenStreetMap", "building_id": "e8cb1b51-1055-4d7e-a65e-d463e31dcd02", "sources": "[{\"license\":\"ODbL-1.0\",\"record_id\":\"w324756054@1\",\"update_time\":\"2015-01-27T13:43:45.000Z\",\"property\":\"\",\"dataset\":\"OpenStreetMap\"}]", "facade_color": "#A57552", "version": 1, "@geometry_source": "OpenStreetMap", "facade_material": "brick", "min_height": 22, "roof_material": "concrete", "roof_shape": "flat", "roof_color": "#E6E1CE", "id": "33636162-6262-3133-B261-643336336362", "height": 24.8}, "id": 6785951782104532000}, {"type": "Feature", "geometry": {"type": "Polygon", "coordinates": [[[-74.0050220489502, 40.750756028900895], [-74.00503277778625, 40.75074383735259], [-74.00502741336823, 40.75072758195142], [-74.00500059127808, 40.75071945424932], [-74.00498449802399, 40.75072758195142], [-74.00497376918793, 40.75073977350269], [-74.00497913360596, 40.750756028900895], [-74.00499522686005, 40.75076415659851], [-74.0050220489502, 40.750756028900895]]]}, "properties": {"is_underground": false, "@height_source": "OpenStreetMap", "building_id": "0d4ac3c4-8217-4c6a-b5f6-8148b890c082", "sources": "[{\"license\":\"ODbL-1.0\",\"record_id\":\"w325986894@1\",\"update_time\":\"2015-02-01T20:02:14.000Z\",\"property\":\"\",\"dataset\":\"OpenStreetMap\"}]", "facade_color": "#8B8C7E", "version": 1, "roof_height": 1, "@geometry_source": "OpenStreetMap", "min_height": 41, "roof_shape": "pyramidal", "roof_color": "#4B5451", "id": "37376666-3932-3630-A132-633062656365", "height": 46}, "id": 6823515741770634000}, {"type": "Feature", "geometry": {"type": "Polygon", "coordinates": [[[-74.00692105293274, 40.747273219053824], [-74.00692641735077, 40.74726509092949], [-74.00686740875244, 40.74724070655063], [-74.00686204433441, 40.74724477061437], [-74.00692105293274, 40.747273219053824]]]}, "properties": {"is_underground": false, "@height_source": "OpenStreetMap", "building_id": "4095cf51-ec27-4c7b-b444-786d3bc4e442", "sources": "[{\"license\":\"ODbL-1.0\",\"record_id\":\"w324756053@1\",\"update_time\":\"2015-01-27T13:43:45.000Z\",\"property\":\"\",\"dataset\":\"OpenStreetMap\"}]", "min_floor": 8, "facade_color": "#D5D2C7", "version": 1, "@geometry_source": "OpenStreetMap", "facade_material": "brick", "min_height": 27.5, "roof_material": "concrete", "roof_shape": "flat", "num_floors": 9, "id": "39616261-3162-3731-B364-316139336139", "height": 30.2}, "id": 6913491836319607000}, {"type": "Feature", "geometry": {"type": "Polygon", "coordinates": [[[-74.00713562965393, 40.74755770277872], [-74.00737166404724, 40.74765930381412], [-74.00734484195709, 40.747695880148854], [-74.00753259658813, 40.747773096789444], [-74.00757014751434, 40.74757395895483], [-74.00715708732605, 40.747399204853565], [-74.00713562965393, 40.74755770277872]]]}, "properties": {"is_underground": false, "@height_source": "OpenStreetMap", "building_id": "54514a5e-b284-4a8d-96f4-b29821785ba5", "sources": "[{\"license\":\"ODbL-1.0\",\"record_id\":\"w315852717@2\",\"update_time\":\"2021-05-05T17:05:57.000Z\",\"property\":\"\",\"dataset\":\"OpenStreetMap\"}]", "facade_color": "#F3F2F0", "version": 1, "@geometry_source": "OpenStreetMap", "facade_material": "glass", "min_height": 70, "roof_material": "concrete", "roof_shape": "flat", "id": "66643238-3261-3566-A162-313136623238", "height": 80}, "id": 7007728110324284000}, {"type": "Feature", "geometry": {"type": "Polygon", "coordinates": [[[-74.00513470172882, 40.75104049772625], [-74.00518834590912, 40.75096734871599], [-74.00513470172882, 40.75094702953217], [-74.00508105754852, 40.7510201785648], [-74.00513470172882, 40.75104049772625]]]}, "properties": {"is_underground": false, "@height_source": "OpenStreetMap", "building_id": "0d4ac3c4-8217-4c6a-b5f6-8148b890c082", "@geometry_source": "OpenStreetMap", "min_height": 35, "sources": "[{\"license\":\"ODbL-1.0\",\"record_id\":\"w325986907@1\",\"update_time\":\"2015-02-01T20:02:16.000Z\",\"property\":\"\",\"dataset\":\"OpenStreetMap\"}]", "roof_material": "concrete", "roof_shape": "flat", "id": "64303339-6261-3238-A239-313930663261", "facade_color": "#BDAB85", "version": 1, "height": 40}, "id": 7143224782897534000}, {"type": "Feature", "geometry": {"type": "Polygon", "coordinates": [[[-74.0035629272461, 40.74797629804684], [-74.0035629272461, 40.7481469866232], [-74.00356829166412, 40.74814292261459], [-74.00358974933624, 40.74815105063158], [-74.00364875793457, 40.748065706403395], [-74.00362730026245, 40.74805757837595], [-74.00367021560669, 40.74800068215603], [-74.00357365608215, 40.747960041969094], [-74.0035629272461, 40.74797629804684]]]}, "properties": {"is_underground": false, "@height_source": "OpenStreetMap", "building_id": "c2df86e0-1542-4e13-8ce7-41923278d5eb", "sources": "[{\"license\":\"ODbL-1.0\",\"record_id\":\"w324854439@4\",\"update_time\":\"2021-12-18T04:38:24.000Z\",\"property\":\"\",\"dataset\":\"OpenStreetMap\"}]", "facade_color": "#9C8272", "version": 1, "@geometry_source": "OpenStreetMap", "facade_material": "brick", "min_height": 57, "roof_material": "concrete", "roof_shape": "flat", "num_floors": 20, "id": "36326333-6262-3266-B563-636532363234", "height": 60}, "id": 7171705914590403000}, {"type": "Feature", "geometry": {"type": "Polygon", "coordinates": [[[-74.00389552116394, 40.74990667902384], [-74.00394380092621, 40.7498457204814], [-74.00390625, 40.74982946486068], [-74.00385797023773, 40.74989042341798], [-74.00389552116394, 40.74990667902384]]]}, "properties": {"is_underground": false, "@height_source": "OpenStreetMap", "building_id": "1eb40075-bb8c-4707-b968-b3ed07164882", "sources": "[{\"license\":\"ODbL-1.0\",\"record_id\":\"w325745958@2\",\"update_time\":\"2015-02-01T20:02:26.000Z\",\"property\":\"\",\"dataset\":\"OpenStreetMap\"}]", "facade_color": "#E8E6BF", "version": 1, "@geometry_source": "OpenStreetMap", "min_height": 52, "roof_material": "concrete", "roof_shape": "flat", "num_floors": 12, "id": "32343430-3834-3364-A161-373266633638", "height": 54.8}, "id": 7489467305693002000}, {"type": "Feature", "geometry": {"type": "Polygon", "coordinates": [[[-74.00377213954926, 40.7478990816422], [-74.00387942790985, 40.74775277662957], [-74.0035629272461, 40.747618663418564], [-74.0035629272461, 40.74774464856387], [-74.0036541223526, 40.74778122485171], [-74.00361657142639, 40.74783405723187], [-74.00377213954926, 40.7478990816422]]]}, "properties": {"is_underground": false, "@height_source": "OpenStreetMap", "building_id": "c2df86e0-1542-4e13-8ce7-41923278d5eb", "sources": "[{\"license\":\"ODbL-1.0\",\"record_id\":\"w324852029@2\",\"update_time\":\"2015-01-27T20:21:18.000Z\",\"property\":\"\",\"dataset\":\"OpenStreetMap\"}]", "facade_color": "#9C8272", "version": 1, "@geometry_source": "OpenStreetMap", "facade_material": "brick", "min_height": 45, "roof_material": "concrete", "roof_shape": "flat", "num_floors": 19, "id": "35383062-3236-3239-B164-323661353034", "height": 57}, "id": 7491998504843995000}, {"type": "Feature", "geometry": {"type": "Polygon", "coordinates": [[[-74.007688164711, 40.7509226465034], [-74.00776326656342, 40.750837305832334], [-74.00724291801453, 40.750613794031835], [-74.00721609592438, 40.75062192174684], [-74.00705516338348, 40.75055283613764], [-74.00704979896545, 40.75053251682718], [-74.0064811706543, 40.750296812371914], [-74.00645971298218, 40.75030494012566], [-74.0062665939331, 40.750223662543505], [-74.00627195835114, 40.75026023746776], [-74.00628805160522, 40.75030494012566], [-74.00633633136749, 40.750353706627266], [-74.007688164711, 40.7509226465034]]]}, "properties": {"is_underground": false, "@height_source": "OpenStreetMap", "building_id": "e97d1878-d2e4-4cb0-a436-31913e612640", "sources": "[{\"license\":\"ODbL-1.0\",\"record_id\":\"w325084541@1\",\"update_time\":\"2015-01-28T21:31:33.000Z\",\"property\":\"\",\"dataset\":\"OpenStreetMap\"}]", "facade_color": "#DAD2BD", "version": 1, "roof_direction": 119.5, "roof_height": 10, "@geometry_source": "OpenStreetMap", "roof_material": "concrete", "roof_shape": "skillion", "id": "37383664-3434-3634-B030-343735393635", "height": 20}, "id": 7556839085215572000}, {"type": "Feature", "geometry": {"type": "Polygon", "coordinates": [[[-74.00384187698364, 40.74950435161125], [-74.00384724140167, 40.749488095907026], [-74.00382578372955, 40.74946777627119], [-74.00380432605743, 40.74946777627119], [-74.00378286838531, 40.749479968053464], [-74.00378286838531, 40.74949622375962], [-74.0037989616394, 40.74951247946183], [-74.00382041931152, 40.74951654338679], [-74.00384187698364, 40.74950435161125]]]}, "properties": {"is_underground": false, "@height_source": "OpenStreetMap", "building_id": "6c4dea73-9093-40e1-a6f6-566a6e9a9fdd", "sources": "[{\"license\":\"ODbL-1.0\",\"record_id\":\"w325986897@1\",\"update_time\":\"2015-02-01T20:02:15.000Z\",\"property\":\"\",\"dataset\":\"OpenStreetMap\"}]", "facade_color": "#B9B1A4", "version": 1, "roof_height": 1, "@geometry_source": "OpenStreetMap", "min_height": 32, "roof_shape": "pyramidal", "roof_color": "#B3B5AA", "id": "32373737-3934-3437-A338-636437303263", "height": 42}, "id": 7584406613019031000}, {"type": "Feature", "geometry": {"type": "Polygon", "coordinates": [[[-74.00636851787567, 40.74914266125339], [-74.00629341602325, 40.74924832380853], [-74.00638461112976, 40.74928489926927], [-74.00645971298218, 40.74917923677225], [-74.00636851787567, 40.74914266125339]]]}, "properties": {"is_underground": false, "@height_source": "OpenStreetMap", "building_id": "7d87bc36-9b1a-4c79-95ce-d87dc30c307b", "@geometry_source": "OpenStreetMap", "sources": "[{\"license\":\"ODbL-1.0\",\"record_id\":\"w293950319@1\",\"update_time\":\"2014-07-23T06:54:34.000Z\",\"property\":\"\",\"dataset\":\"OpenStreetMap\"}]", "roof_material": "concrete", "roof_shape": "flat", "id": "63316337-3734-3039-B564-643163626239", "facade_color": "#D5D1CF", "version": 1, "height": 82}, "id": 7596033253662068000}, {"type": "Feature", "geometry": {"type": "Polygon", "coordinates": [[[-74.00425493717194, 40.7501180015382], [-74.00445878505707, 40.750203343132426], [-74.0044641494751, 40.750191151482824], [-74.00426030158997, 40.750105809872935], [-74.00425493717194, 40.7501180015382]]]}, "properties": {"is_underground": false, "@height_source": "OpenStreetMap", "building_id": "412ecd43-b44a-4c82-98fa-cd54b68810fa", "@geometry_source": "OpenStreetMap", "sources": "[{\"license\":\"ODbL-1.0\",\"record_id\":\"w325745946@1\",\"update_time\":\"2015-01-31T16:15:39.000Z\",\"property\":\"\",\"dataset\":\"OpenStreetMap\"}]", "roof_material": "concrete", "roof_shape": "flat", "num_floors": 9, "id": "62666436-6638-3432-A630-393363313731", "facade_color": "#E8E6BF", "version": 1, "height": 37.6}, "id": 7690815828142563000}, {"type": "Feature", "geometry": {"type": "Polygon", "coordinates": [[[-74.0036541223526, 40.749528735160084], [-74.00362193584442, 40.7495693743883], [-74.00393843650818, 40.749703483665144], [-74.00396525859833, 40.749662844518895], [-74.0036541223526, 40.749528735160084]]]}, "properties": {"is_underground": false, "@height_source": "OpenStreetMap", "building_id": "6c4dea73-9093-40e1-a6f6-566a6e9a9fdd", "sources": "[{\"license\":\"ODbL-1.0\",\"record_id\":\"w325986921@2\",\"update_time\":\"2017-01-26T13:12:47.000Z\",\"property\":\"\",\"dataset\":\"OpenStreetMap\"}]", "facade_color": "#E2DBCE", "version": 1, "@geometry_source": "OpenStreetMap", "roof_material": "concrete", "roof_shape": "flat", "num_floors": 1, "roof_color": "#4E5255", "id": "37633033-3335-3535-A535-353635373633", "height": 4}, "id": 7943620833112543000}, {"type": "Feature", "geometry": {"type": "Polygon", "coordinates": [[[-74.00665819644928, 40.7504878143223], [-74.00645434856415, 40.75040247309312], [-74.00645971298218, 40.75041872857378], [-74.00647044181824, 40.750430920181685], [-74.00661528110504, 40.75049594205271], [-74.00663673877716, 40.75049594205271], [-74.00665819644928, 40.7504878143223]]]}, "properties": {"is_underground": false, "@height_source": "OpenStreetMap", "building_id": "e97d1878-d2e4-4cb0-a436-31913e612640", "@geometry_source": "OpenStreetMap", "sources": "[{\"license\":\"ODbL-1.0\",\"record_id\":\"w325084538@1\",\"update_time\":\"2015-01-28T21:31:32.000Z\",\"property\":\"\",\"dataset\":\"OpenStreetMap\"}]", "roof_material": "concrete", "roof_shape": "flat", "id": "66636565-6233-3761-B963-653238633132", "facade_color": "#DAD2BD", "version": 1, "height": 10}, "id": 8034954288320902000}, {"type": "Feature", "geometry": {"type": "Polygon", "coordinates": [[[-74.00506496429443, 40.74829735476797], [-74.00569796562195, 40.74856964216477], [-74.0057247877121, 40.74853306631064], [-74.00528490543365, 40.748342058745436], [-74.0052580833435, 40.74837457071018], [-74.00518834590912, 40.748342058745436], [-74.00521516799927, 40.74831361076323], [-74.00509178638458, 40.74826077876406], [-74.00506496429443, 40.74829735476797]]]}, "properties": {"is_underground": false, "@height_source": "OpenStreetMap", "building_id": "3d341965-bd4c-4df5-9280-0ac9f9c2842e", "sources": "[{\"license\":\"ODbL-1.0\",\"record_id\":\"w325068484@3\",\"update_time\":\"2021-12-18T04:43:01.000Z\",\"property\":\"\",\"dataset\":\"OpenStreetMap\"}]", "facade_color": "#A3C5C1", "version": 1, "@geometry_source": "OpenStreetMap", "facade_material": "glass", "roof_material": "concrete", "roof_shape": "flat", "num_floors": 14, "roof_color": "#9A9381", "id": "35653061-6635-3732-A434-376261666561", "height": 42}, "id": 8043875603890498000}, {"type": "Feature", "geometry": {"type": "Polygon", "coordinates": [[[-74.00487184524536, 40.750975476387765], [-74.00498986244202, 40.751028306230126], [-74.00509178638458, 40.750886071943484], [-74.00489330291748, 40.75080073122547], [-74.0048611164093, 40.75084543352], [-74.00494158267975, 40.750877944260765], [-74.00487184524536, 40.750975476387765]]]}, "properties": {"is_underground": false, "@height_source": "OpenStreetMap", "building_id": "0d4ac3c4-8217-4c6a-b5f6-8148b890c082", "@geometry_source": "OpenStreetMap", "sources": "[{\"license\":\"ODbL-1.0\",\"record_id\":\"w325986931@1\",\"update_time\":\"2015-02-01T20:02:26.000Z\",\"property\":\"\",\"dataset\":\"OpenStreetMap\"}]", "roof_material": "concrete", "roof_shape": "flat", "num_floors": 2, "id": "31313065-6136-3138-B739-663132633065", "facade_color": "#BDAB85", "version": 1, "height": 6}, "id": 8054185815927250000}, {"type": "Feature", "geometry": {"type": "Polygon", "coordinates": [[[-74.00625586509705, 40.750207407015154], [-74.0062665939331, 40.750223662543505], [-74.00645971298218, 40.75030494012566], [-74.0064811706543, 40.750296812371914], [-74.00704979896545, 40.75053251682718], [-74.00705516338348, 40.75055283613764], [-74.00721609592438, 40.75062192174684], [-74.00724291801453, 40.750613794031835], [-74.00776326656342, 40.750837305832334], [-74.007688164711, 40.7509226465034], [-74.0077418088913, 40.75094296569466], [-74.00780618190765, 40.75095515720645], [-74.00787055492401, 40.75094702953217], [-74.00793492794037, 40.75091451882517], [-74.00797247886658, 40.75086981657708], [-74.0081387758255, 40.75043904791903], [-74.0081387758255, 40.750422792443345], [-74.00783836841583, 40.75030087624893], [-74.0078330039978, 40.75028055686147], [-74.00767207145691, 40.750211470897625], [-74.00765061378479, 40.7502195986618], [-74.00679767131805, 40.7498619760982], [-74.006786942482, 40.74984165657659], [-74.00659918785095, 40.749760378428164], [-74.00657773017883, 40.74976444233795], [-74.00625586509705, 40.750207407015154]]]}, "properties": {"is_underground": false, "@height_source": "OpenStreetMap", "building_id": "e97d1878-d2e4-4cb0-a436-31913e612640", "@geometry_source": "OpenStreetMap", "sources": "[{\"license\":\"ODbL-1.0\",\"record_id\":\"w325084543@5\",\"update_time\":\"2024-07-23T03:04:02.000Z\",\"property\":\"\",\"dataset\":\"OpenStreetMap\"}]", "roof_material": "concrete", "roof_shape": "flat", "num_floors": 2, "id": "62376266-3164-3938-B961-613263636637", "facade_color": "#DAD2BD", "version": 1, "height": 18.2}, "id": 8089465056632554000}, {"type": "Feature", "geometry": {"type": "Polygon", "coordinates": [[[-74.00586426258087, 40.74917923677225], [-74.00589108467102, 40.74914266125339], [-74.0055799484253, 40.749008550845474], [-74.00555312633514, 40.74904512643806], [-74.00586426258087, 40.74917923677225]]]}, "properties": {"is_underground": false, "@height_source": "OpenStreetMap", "building_id": "e6dc0b48-2e85-448e-9884-6a66839acd0d", "sources": "[{\"license\":\"ODbL-1.0\",\"record_id\":\"w325066204@1\",\"update_time\":\"2015-01-28T20:20:05.000Z\",\"property\":\"\",\"dataset\":\"OpenStreetMap\"}]", "min_floor": 9, "facade_color": "#B37462", "version": 1, "@geometry_source": "OpenStreetMap", "facade_material": "brick", "min_height": 25.7, "roof_material": "concrete", "roof_shape": "flat", "num_floors": 10, "roof_color": "#B8B6A1", "id": "31323932-3436-3939-B934-646336303363", "height": 28.6}, "id": 8131125410489918000}, {"type": "Feature", "geometry": {"type": "Polygon", "coordinates": [[[-74.0039598941803, 40.749557182622425], [-74.00396525859833, 40.74953279908402], [-74.00394916534424, 40.74952060731147], [-74.00392234325409, 40.74952060731147], [-74.00390625, 40.749528735160084], [-74.00390088558197, 40.749553118699964], [-74.00391697883606, 40.74956531046658], [-74.00394380092621, 40.7495693743883], [-74.0039598941803, 40.749557182622425]]]}, "properties": {"is_underground": false, "@height_source": "OpenStreetMap", "building_id": "6c4dea73-9093-40e1-a6f6-566a6e9a9fdd", "sources": "[{\"license\":\"ODbL-1.0\",\"record_id\":\"w325745919@1\",\"update_time\":\"2015-01-31T16:15:37.000Z\",\"property\":\"\",\"dataset\":\"OpenStreetMap\"}]", "facade_color": "#B9B1A4", "version": 1, "roof_height": 1, "@geometry_source": "OpenStreetMap", "min_height": 32, "roof_shape": "pyramidal", "roof_color": "#796F63", "id": "64613239-3163-3731-B738-353462643966", "height": 42}, "id": 8161382801775806000}, {"type": "Feature", "geometry": {"type": "Polygon", "coordinates": [[[-74.0059232711792, 40.7479722340278], [-74.00575697422028, 40.748199818712806], [-74.0062290430069, 40.74839895467329], [-74.00639533996582, 40.74817137066978], [-74.0059232711792, 40.7479722340278]]]}, "properties": {"is_underground": false, "@height_source": "OpenStreetMap", "building_id": "52696065-b000-4757-b389-094083560d2b", "sources": "[{\"license\":\"ODbL-1.0\",\"record_id\":\"w264656576@2\",\"update_time\":\"2021-01-30T21:40:15.000Z\",\"property\":\"\",\"dataset\":\"OpenStreetMap\"}]", "facade_color": "#C89160", "version": 1, "@geometry_source": "OpenStreetMap", "facade_material": "brick", "roof_material": "concrete", "roof_shape": "flat", "num_floors": 3, "roof_color": "#686D67", "id": "64373638-3332-3330-B137-616633616164", "height": 17}, "id": 8183730635890377000}, {"type": "Feature", "geometry": {"type": "Polygon", "coordinates": [[[-74.0035629272461, 40.750560963860096], [-74.0035629272461, 40.75063411331746], [-74.00371849536896, 40.75069913498976], [-74.0037614107132, 40.750642241029965], [-74.0035629272461, 40.750560963860096]]]}, "properties": {"is_underground": false, "@height_source": "OpenStreetMap", "building_id": "c4b01053-58ef-43e5-98b4-4fbff840e3e3", "sources": "[{\"license\":\"ODbL-1.0\",\"record_id\":\"w325986923@3\",\"update_time\":\"2025-05-05T10:46:06.000Z\",\"property\":\"\",\"dataset\":\"OpenStreetMap\"}]", "facade_color": "#46535C", "version": 1, "@geometry_source": "OpenStreetMap", "roof_material": "concrete", "roof_shape": "flat", "num_floors": 4, "roof_color": "#BBB497", "id": "32343461-3365-3935-A230-333064323039", "height": 16}, "id": 8235806635439377000}, {"type": "Feature", "geometry": {"type": "Polygon", "coordinates": [[[-74.0070390701294, 40.747321987778804], [-74.00710344314575, 40.74734637212788], [-74.00710344314575, 40.74734230807033], [-74.00704443454742, 40.74731792371975], [-74.0070390701294, 40.747321987778804]]]}, "properties": {"is_underground": false, "@height_source": "OpenStreetMap", "building_id": "4095cf51-ec27-4c7b-b444-786d3bc4e442", "sources": "[{\"license\":\"ODbL-1.0\",\"record_id\":\"w324756050@2\",\"update_time\":\"2021-05-05T17:05:57.000Z\",\"property\":\"\",\"dataset\":\"OpenStreetMap\"}]", "min_floor": 8, "facade_color": "#D5D2C7", "version": 1, "@geometry_source": "OpenStreetMap", "facade_material": "brick", "min_height": 27.5, "roof_material": "concrete", "roof_shape": "flat", "num_floors": 9, "id": "34343066-3961-3461-B036-343335316537", "height": 30.2}, "id": 8254580640177371000}, {"type": "Feature", "geometry": {"type": "Polygon", "coordinates": [[[-74.00497376918793, 40.74980101751481], [-74.0049147605896, 40.749776634065796], [-74.00487720966339, 40.74982946486068], [-74.00493621826172, 40.749853848290314], [-74.00497376918793, 40.74980101751481]]]}, "properties": {"is_underground": false, "@height_source": "OpenStreetMap", "building_id": "fc899e62-22fa-4b9c-ac1c-caa4ed37e281", "@geometry_source": "OpenStreetMap", "sources": "[{\"license\":\"ODbL-1.0\",\"record_id\":\"w293957460@1\",\"update_time\":\"2014-07-23T08:35:50.000Z\",\"property\":\"\",\"dataset\":\"OpenStreetMap\"}]", "roof_material": "concrete", "roof_shape": "flat", "id": "33303065-3961-3437-B737-663966383333", "facade_color": "#B6C0B8", "version": 1, "height": 7}, "id": 8269741757461466000}, {"type": "Feature", "geometry": {"type": "Polygon", "coordinates": [[[-74.00619685649872, 40.751666324858206], [-74.00646507740021, 40.75130464626008], [-74.00617003440857, 40.75117866785945], [-74.00615930557251, 40.75116241256458], [-74.00618076324463, 40.751129901962884], [-74.00617003440857, 40.75111364665608], [-74.00575697422028, 40.75094296569466], [-74.00573551654816, 40.75094296569466], [-74.00541365146637, 40.7513777948993], [-74.00540828704834, 40.75139811395147], [-74.00582134723663, 40.75157692134283], [-74.00584280490875, 40.75157692134283], [-74.00587499141693, 40.75154441094381], [-74.00589644908905, 40.75154441094381], [-74.00619685649872, 40.751666324858206]]]}, "properties": {"is_underground": false, "@height_source": "OpenStreetMap", "building_id": "62576fbe-0cc3-4d66-a37d-1d7d7a5a54cb", "sources": "[{\"license\":\"ODbL-1.0\",\"record_id\":\"w315756428@3\",\"update_time\":\"2023-06-26T23:31:42.000Z\",\"property\":\"\",\"dataset\":\"OpenStreetMap\"}]", "facade_color": "#BCA384", "version": 1, "@geometry_source": "OpenStreetMap", "facade_material": "glass", "roof_material": "concrete", "roof_shape": "flat", "roof_color": "#535957", "id": "65346138-3338-3330-A165-353763643764", "height": 66}, "id": 8377941308538981000}, {"type": "Feature", "geometry": {"type": "Polygon", "coordinates": [[[-74.00683522224426, 40.74728541123844], [-74.00689423084259, 40.7473097956009], [-74.00692105293274, 40.747273219053824], [-74.00686204433441, 40.74724477061437], [-74.00683522224426, 40.74728541123844]]]}, "properties": {"is_underground": false, "@height_source": "OpenStreetMap", "building_id": "4095cf51-ec27-4c7b-b444-786d3bc4e442", "sources": "[{\"license\":\"ODbL-1.0\",\"record_id\":\"w324756049@1\",\"update_time\":\"2015-01-27T13:43:44.000Z\",\"property\":\"\",\"dataset\":\"OpenStreetMap\"}]", "min_floor": 8, "facade_color": "#B3A695", "version": 1, "@geometry_source": "OpenStreetMap", "facade_material": "brick", "min_height": 27.5, "roof_material": "concrete", "roof_shape": "flat", "num_floors": 9, "roof_color": "#888A7F", "id": "38353061-3730-3436-B134-616439316131", "height": 30.2}, "id": 8479758640679277000}, {"type": "Feature", "geometry": {"type": "Polygon", "coordinates": [[[-74.00386333465576, 40.7499513819194], [-74.00398671627045, 40.75000421257545], [-74.00399208068848, 40.749996084784925], [-74.00419592857361, 40.7500814265357], [-74.00419056415558, 40.750089554315764], [-74.00425493717194, 40.7501180015382], [-74.00426030158997, 40.750105809872935], [-74.0044641494751, 40.750191151482824], [-74.00445878505707, 40.750203343132426], [-74.0045714378357, 40.750248045828585], [-74.00473237037659, 40.75002859594099], [-74.00471091270447, 40.75002046815345], [-74.00470018386841, 40.75003672372753], [-74.0040135383606, 40.74974818669733], [-74.00386333465576, 40.7499513819194]]]}, "properties": {"is_underground": false, "@height_source": "OpenStreetMap", "building_id": "412ecd43-b44a-4c82-98fa-cd54b68810fa", "@geometry_source": "OpenStreetMap", "sources": "[{\"license\":\"ODbL-1.0\",\"record_id\":\"w325986890@3\",\"update_time\":\"2021-12-18T04:49:52.000Z\",\"property\":\"\",\"dataset\":\"OpenStreetMap\"}]", "roof_material": "concrete", "roof_shape": "flat", "num_floors": 10, "id": "62376437-6339-3132-B661-633662346463", "facade_color": "#E8E6BF", "version": 1, "height": 41.8}, "id": 8540936153385191000}, {"type": "Feature", "geometry": {"type": "Polygon", "coordinates": [[[-74.0061217546463, 40.74869968948329], [-74.00613784790039, 40.74867530563046], [-74.0059769153595, 40.748610281979126], [-74.00595545768738, 40.74863060187701], [-74.0061217546463, 40.74869968948329]]]}, "properties": {"is_underground": false, "@height_source": "OpenStreetMap", "building_id": "be58b80e-b4de-4fc2-8755-85fb7f5e63ff", "sources": "[{\"license\":\"ODbL-1.0\",\"record_id\":\"w325066226@1\",\"update_time\":\"2015-01-28T20:20:07.000Z\",\"property\":\"\",\"dataset\":\"OpenStreetMap\"}]", "min_floor": 13, "facade_color": "#B37462", "version": 1, "@geometry_source": "OpenStreetMap", "facade_material": "brick", "min_height": 37.1, "roof_material": "concrete", "roof_shape": "flat", "num_floors": 14, "roof_color": "#B8B6A1", "id": "37353733-6138-3363-B734-373438313338", "height": 40}, "id": 8579985577720483000}, {"type": "Feature", "geometry": {"type": "Polygon", "coordinates": [[[-74.00691568851471, 40.74744390943479], [-74.00694787502289, 40.747399204853565], [-74.00684595108032, 40.74735450024224], [-74.00681376457214, 40.74740326890762], [-74.00691568851471, 40.74744390943479]]]}, "properties": {"is_underground": false, "@height_source": "OpenStreetMap", "building_id": "4095cf51-ec27-4c7b-b444-786d3bc4e442", "sources": "[{\"license\":\"ODbL-1.0\",\"record_id\":\"w324756051@1\",\"update_time\":\"2015-01-27T13:43:44.000Z\",\"property\":\"\",\"dataset\":\"OpenStreetMap\"}]", "min_floor": 8, "facade_color": "#E6E1B9", "version": 1, "@geometry_source": "OpenStreetMap", "facade_material": "brick", "min_height": 27.5, "roof_material": "concrete", "roof_shape": "flat", "num_floors": 9, "roof_color": "#888A7F", "id": "31623030-6434-3632-B166-663335373865", "height": 30.2}, "id": 8585314642520578000}, {"type": "Feature", "geometry": {"type": "Polygon", "coordinates": [[[-74.00589644908905, 40.74875252113378], [-74.00595009326935, 40.74867936960655], [-74.00585889816284, 40.748642793812735], [-74.00581061840057, 40.74871594538024], [-74.00589644908905, 40.74875252113378]]]}, "properties": {"is_underground": false, "@height_source": "OpenStreetMap", "building_id": "be58b80e-b4de-4fc2-8755-85fb7f5e63ff", "sources": "[{\"license\":\"ODbL-1.0\",\"record_id\":\"w325066232@1\",\"update_time\":\"2015-01-28T20:20:08.000Z\",\"property\":\"\",\"dataset\":\"OpenStreetMap\"}]", "facade_color": "#B37462", "version": 1, "@geometry_source": "OpenStreetMap", "facade_material": "brick", "min_height": 43, "roof_shape": "flat", "roof_color": "#D7C293", "id": "35626333-3263-3461-B736-303338613663", "height": 47}, "id": 8689442135137109000}, {"type": "Feature", "geometry": {"type": "Polygon", "coordinates": [[[-74.00506496429443, 40.74829735476797], [-74.00500059127808, 40.748390826686574], [-74.00563359260559, 40.74866311370067], [-74.00569796562195, 40.74856964216477], [-74.00506496429443, 40.74829735476797]]]}, "properties": {"is_underground": false, "@height_source": "OpenStreetMap", "building_id": "3d341965-bd4c-4df5-9280-0ac9f9c2842e", "sources": "[{\"license\":\"ODbL-1.0\",\"record_id\":\"w325068483@3\",\"update_time\":\"2021-12-18T04:43:01.000Z\",\"property\":\"\",\"dataset\":\"OpenStreetMap\"}]", "facade_color": "#D7B693", "version": 1, "@geometry_source": "OpenStreetMap", "facade_material": "brick", "roof_material": "concrete", "roof_shape": "flat", "num_floors": 14, "roof_color": "#9A9381", "id": "61636137-3233-3435-B633-303638656539", "height": 42}, "id": 8741010798880621000}, {"type": "Feature", "geometry": {"type": "Polygon", "coordinates": [[[-74.0049147605896, 40.748776904958305], [-74.0050220489502, 40.74882160861341], [-74.00504887104034, 40.74878909686723], [-74.00494158267975, 40.74874439319029], [-74.0049147605896, 40.748776904958305]]]}, "properties": {"is_underground": false, "@height_source": "OpenStreetMap", "building_id": "81dd7605-0d89-4dd9-b316-4866b53a6ccf", "sources": "[{\"license\":\"ODbL-1.0\",\"record_id\":\"w325066216@1\",\"update_time\":\"2015-01-28T20:20:06.000Z\",\"property\":\"\",\"dataset\":\"OpenStreetMap\"}]", "facade_color": "#A3C5C1", "version": 1, "@geometry_source": "OpenStreetMap", "facade_material": "glass", "roof_material": "concrete", "roof_shape": "flat", "num_floors": 5, "roof_color": "#9A9381", "id": "39383565-3437-3763-A334-363066326165", "height": 15}, "id": 8762906936681673000}, {"type": "Feature", "geometry": {"type": "Polygon", "coordinates": [[[-74.0036004781723, 40.74815511463973], [-74.00361657142639, 40.74816324265524], [-74.00367558002472, 40.74807789844269], [-74.00365948677063, 40.748073834429846], [-74.0036004781723, 40.74815511463973]]]}, "properties": {"is_underground": false, "@height_source": "OpenStreetMap", "building_id": "c2df86e0-1542-4e13-8ce7-41923278d5eb", "sources": "[{\"license\":\"ODbL-1.0\",\"record_id\":\"w324854442@2\",\"update_time\":\"2015-01-27T20:21:56.000Z\",\"property\":\"\",\"dataset\":\"OpenStreetMap\"}]", "facade_color": "#9C8272", "version": 1, "@geometry_source": "OpenStreetMap", "facade_material": "brick", "min_height": 45, "roof_material": "concrete", "roof_shape": "flat", "num_floors": 17, "id": "62626639-3233-3331-B161-356166646163", "height": 51}, "id": 8782160273167258000}, {"type": "Feature", "geometry": {"type": "Polygon", "coordinates": [[[-74.00389552116394, 40.749821337048814], [-74.00392234325409, 40.74978476188315], [-74.00383114814758, 40.74974412278658], [-74.0037989616394, 40.74978476188315], [-74.00389552116394, 40.749821337048814]]]}, "properties": {"is_underground": false, "@height_source": "OpenStreetMap", "building_id": "1eb40075-bb8c-4707-b968-b3ed07164882", "sources": "[{\"license\":\"ODbL-1.0\",\"record_id\":\"w325986902@1\",\"update_time\":\"2015-02-01T20:02:15.000Z\",\"property\":\"\",\"dataset\":\"OpenStreetMap\"}]", "facade_color": "#E8E6BF", "version": 1, "@geometry_source": "OpenStreetMap", "min_height": 52, "roof_material": "concrete", "roof_shape": "flat", "num_floors": 12, "id": "66323264-6438-3166-A565-666536626536", "height": 54.8}, "id": 8809096008151296000}, {"type": "Feature", "geometry": {"type": "Polygon", "coordinates": [[[-74.00364339351654, 40.7476430476589], [-74.00377213954926, 40.747695880148854], [-74.00378286838531, 40.7476836880395], [-74.0036541223526, 40.74763085553985], [-74.00364339351654, 40.7476430476589]]]}, "properties": {"is_underground": false, "@height_source": "OpenStreetMap", "building_id": "c2df86e0-1542-4e13-8ce7-41923278d5eb", "sources": "[{\"license\":\"ODbL-1.0\",\"record_id\":\"w324852055@2\",\"update_time\":\"2015-01-27T20:21:19.000Z\",\"property\":\"\",\"dataset\":\"OpenStreetMap\"}]", "facade_color": "#9C8272", "version": 1, "@geometry_source": "OpenStreetMap", "facade_material": "brick", "min_height": 45, "roof_material": "concrete", "roof_shape": "flat", "num_floors": 17, "id": "36383835-3236-3963-A334-653863663933", "height": 51}, "id": 8837184600019569000}, {"type": "Feature", "geometry": {"type": "Polygon", "coordinates": [[[-74.0035629272461, 40.74763898361945], [-74.0035629272461, 40.747716200326124], [-74.00366485118866, 40.74775684066205], [-74.0036541223526, 40.74776903275799], [-74.00368094444275, 40.74778122485171], [-74.00367558002472, 40.74779341694315], [-74.00369167327881, 40.747797480973134], [-74.00365948677063, 40.74783812125938], [-74.00375604629517, 40.74787876152078], [-74.00378823280334, 40.74783405723187], [-74.00380969047546, 40.74784218528666], [-74.0038526058197, 40.74778122485171], [-74.00383114814758, 40.747773096789444], [-74.00384724140167, 40.74775684066205], [-74.00375604629517, 40.74772026436085], [-74.00376677513123, 40.747704008220495], [-74.00363802909851, 40.74765117573699], [-74.00362730026245, 40.74766743189025], [-74.0035629272461, 40.74763898361945]]]}, "properties": {"is_underground": false, "@height_source": "OpenStreetMap", "building_id": "c2df86e0-1542-4e13-8ce7-41923278d5eb", "sources": "[{\"license\":\"ODbL-1.0\",\"record_id\":\"w324852048@4\",\"update_time\":\"2021-12-18T04:38:24.000Z\",\"property\":\"\",\"dataset\":\"OpenStreetMap\"}]", "facade_color": "#9C8272", "version": 1, "@geometry_source": "OpenStreetMap", "facade_material": "brick", "min_height": 57, "roof_material": "concrete", "roof_shape": "flat", "num_floors": 20, "id": "35646163-6166-3966-A165-656635333339", "height": 60}, "id": 9077171840059339000}, {"type": "Feature", "geometry": {"type": "Polygon", "coordinates": [[[-74.00385797023773, 40.74978476188315], [-74.00386333465576, 40.74977257015678], [-74.0038526058197, 40.749760378428164], [-74.00384187698364, 40.74975631451815], [-74.00382041931152, 40.74976444233795], [-74.0038150548935, 40.749776634065796], [-74.00382578372955, 40.74978882579143], [-74.00384724140167, 40.74979288969945], [-74.00385797023773, 40.74978476188315]]]}, "properties": {"is_underground": false, "@height_source": "OpenStreetMap", "building_id": "1eb40075-bb8c-4707-b968-b3ed07164882", "sources": "[{\"license\":\"ODbL-1.0\",\"record_id\":\"w325986896@1\",\"update_time\":\"2015-02-01T20:02:15.000Z\",\"property\":\"\",\"dataset\":\"OpenStreetMap\"}]", "facade_color": "#8B8C7E", "version": 1, "roof_height": 1, "@geometry_source": "OpenStreetMap", "min_height": 54.8, "roof_shape": "pyramidal", "roof_color": "#4B5451", "id": "33396135-6436-3033-B166-663964343835", "height": 60}, "id": 9221821708111163000}, {"type": "Feature", "geometry": {"type": "Polygon", "coordinates": [[[-74.0035629272461, 40.74804132231807], [-74.0035629272461, 40.748045386332905], [-74.00356829166412, 40.74804132231807], [-74.0035629272461, 40.74804132231807]]]}, "properties": {"is_underground": false, "@height_source": "OpenStreetMap", "building_id": "c2df86e0-1542-4e13-8ce7-41923278d5eb", "sources": "[{\"license\":\"ODbL-1.0\",\"record_id\":\"w324854437@2\",\"update_time\":\"2015-01-27T20:21:19.000Z\",\"property\":\"\",\"dataset\":\"OpenStreetMap\"}]", "facade_color": "#9C8272", "version": 1, "@geometry_source": "OpenStreetMap", "facade_material": "brick", "min_height": 60, "roof_material": "concrete", "roof_shape": "flat", "id": "38313263-6437-3931-B034-393065326664", "height": 66}, "id": 9565323494673960000}, {"type": "Feature", "geometry": {"type": "Polygon", "coordinates": [[[-74.00713562965393, 40.74738701268981], [-74.00711417198181, 40.74754551064402], [-74.00725364685059, 40.747606471295086], [-74.00720000267029, 40.7476836880395], [-74.00755405426025, 40.747829993204135], [-74.00760233402252, 40.747549574689174], [-74.00713562965393, 40.74735856429908], [-74.00713562965393, 40.74738701268981]]]}, "properties": {"is_underground": false, "@height_source": "OpenStreetMap", "building_id": "54514a5e-b284-4a8d-96f4-b29821785ba5", "@geometry_source": "OpenStreetMap", "facade_material": "glass", "sources": "[{\"license\":\"ODbL-1.0\",\"record_id\":\"w264643144@6\",\"update_time\":\"2021-05-05T17:05:57.000Z\",\"property\":\"\",\"dataset\":\"OpenStreetMap\"}]", "roof_material": "concrete", "roof_shape": "flat", "id": "39623864-3464-3939-B131-366235333535", "facade_color": "#F3F2F0", "version": 1, "height": 18}, "id": 9687030654974044000}, {"type": "Feature", "geometry": {"type": "Polygon", "coordinates": [[[-74.00568187236786, 40.74851681036898], [-74.0057247877121, 40.74853306631064], [-74.00574088096619, 40.748508682396704], [-74.00569796562195, 40.748492426449104], [-74.00568187236786, 40.74851681036898]]]}, "properties": {"is_underground": false, "@height_source": "OpenStreetMap", "building_id": "3d341965-bd4c-4df5-9280-0ac9f9c2842e", "sources": "[{\"license\":\"ODbL-1.0\",\"record_id\":\"w325066225@3\",\"update_time\":\"2021-12-18T04:43:01.000Z\",\"property\":\"\",\"dataset\":\"OpenStreetMap\"}]", "facade_color": "#A3C5C1", "version": 1, "@geometry_source": "OpenStreetMap", "facade_material": "glass", "roof_material": "concrete", "roof_shape": "flat", "num_floors": 2, "roof_color": "#9A9381", "id": "62626161-3565-3834-A137-616430633633", "height": 6}, "id": 9873202168115345000}, {"type": "Feature", "geometry": {"type": "Polygon", "coordinates": [[[-74.00559067726135, 40.749061382250545], [-74.0057784318924, 40.74914266125339], [-74.00580525398254, 40.7491060857144], [-74.0056174993515, 40.74902480666688], [-74.00559067726135, 40.749061382250545]]]}, "properties": {"is_underground": false, "@height_source": "OpenStreetMap", "building_id": "e6dc0b48-2e85-448e-9884-6a66839acd0d", "sources": "[{\"license\":\"ODbL-1.0\",\"record_id\":\"w325066217@1\",\"update_time\":\"2015-01-28T20:20:06.000Z\",\"property\":\"\",\"dataset\":\"OpenStreetMap\"}]", "min_floor": 11, "facade_color": "#B37462", "version": 1, "@geometry_source": "OpenStreetMap", "facade_material": "brick", "min_height": 31.4, "roof_material": "concrete", "roof_shape": "flat", "num_floors": 12, "roof_color": "#B8B6A1", "id": "65643438-3664-3562-A361-643332326464", "height": 34.3}, "id": 9891738644154044000}, {"type": "Feature", "geometry": {"type": "Polygon", "coordinates": [[[-74.0065187215805, 40.747716200326124], [-74.00669574737549, 40.747472357789036], [-74.00662064552307, 40.74743984538321], [-74.00652945041656, 40.74756583086727], [-74.00620758533478, 40.747431717279255], [-74.0061217546463, 40.747549574689174], [-74.0065187215805, 40.747716200326124]]]}, "properties": {"is_underground": false, "@height_source": "OpenStreetMap", "building_id": "f89bb72e-1e46-4e79-8ae9-5f95b8908661", "sources": "[{\"license\":\"ODbL-1.0\",\"record_id\":\"w324945581@2\",\"update_time\":\"2023-05-11T02:37:01.000Z\",\"property\":\"\",\"dataset\":\"OpenStreetMap\"}]", "facade_color": "#AD9C8A", "version": 1, "@geometry_source": "OpenStreetMap", "facade_material": "brick", "roof_material": "concrete", "roof_shape": "flat", "num_floors": 5, "roof_color": "#959186", "id": "35616136-3162-3534-A631-303939373235", "height": 20.5}, "id": 9982583240371603000}, {"type": "Feature", "geometry": {"type": "Polygon", "coordinates": [[[-74.00528490543365, 40.748342058745436], [-74.00529563426971, 40.74832580275711], [-74.00522589683533, 40.748293290768515], [-74.00521516799927, 40.74831361076323], [-74.00528490543365, 40.748342058745436]]]}, "properties": {"is_underground": false, "@height_source": "OpenStreetMap", "building_id": "3d341965-bd4c-4df5-9280-0ac9f9c2842e", "sources": "[{\"license\":\"ODbL-1.0\",\"record_id\":\"w325066219@3\",\"update_time\":\"2021-12-18T04:43:01.000Z\",\"property\":\"\",\"dataset\":\"OpenStreetMap\"}]", "facade_color": "#A3C5C1", "version": 1, "@geometry_source": "OpenStreetMap", "facade_material": "glass", "roof_material": "concrete", "roof_shape": "flat", "num_floors": 2, "roof_color": "#9A9381", "id": "63656132-6662-3461-B435-613166646136", "height": 6}, "id": 10215477504657555000}, {"type": "Feature", "geometry": {"type": "Polygon", "coordinates": [[[-74.00642216205597, 40.74758615108428], [-74.00644361972809, 40.74755770277872], [-74.00636851787567, 40.74752519041462], [-74.00634706020355, 40.747553638734075], [-74.00642216205597, 40.74758615108428]]]}, "properties": {"is_underground": false, "@height_source": "OpenStreetMap", "building_id": "f89bb72e-1e46-4e79-8ae9-5f95b8908661", "sources": "[{\"license\":\"ODbL-1.0\",\"record_id\":\"w324945579@2\",\"update_time\":\"2015-01-28T10:54:04.000Z\",\"property\":\"\",\"dataset\":\"OpenStreetMap\"}]", "facade_color": "#E6E1CB", "version": 1, "@geometry_source": "OpenStreetMap", "min_height": 23.5, "roof_material": "concrete", "roof_shape": "flat", "roof_color": "#D0CEC2", "id": "61646666-3533-3937-A465-303165663430", "height": 26}, "id": 10267764624666941000}, {"type": "Feature", "geometry": {"type": "Polygon", "coordinates": [[[-74.00478065013885, 40.74996357361297], [-74.004807472229, 40.749975765304356], [-74.00490403175354, 40.74984165657659], [-74.00487720966339, 40.74982946486068], [-74.00478065013885, 40.74996357361297]]]}, "properties": {"is_underground": false, "@height_source": "OpenStreetMap", "building_id": "fc899e62-22fa-4b9c-ac1c-caa4ed37e281", "@geometry_source": "OpenStreetMap", "sources": "[{\"license\":\"ODbL-1.0\",\"record_id\":\"w293957464@1\",\"update_time\":\"2014-07-23T08:35:50.000Z\",\"property\":\"\",\"dataset\":\"OpenStreetMap\"}]", "roof_material": "concrete", "roof_shape": "flat", "id": "63353833-3137-3132-B130-376130643732", "facade_color": "#676E73", "version": 1, "height": 78.8}, "id": 10271837658845460000}, {"type": "Feature", "geometry": {"type": "Polygon", "coordinates": [[[-74.00454461574554, 40.7486224739186], [-74.00460362434387, 40.74864685779082], [-74.00463044643402, 40.748610281979126], [-74.0045714378357, 40.74858589809352], [-74.00454461574554, 40.7486224739186]]]}, "properties": {"is_underground": false, "@height_source": "OpenStreetMap", "building_id": "f5a58c1e-ef11-4faf-a7e7-820dae3de922", "sources": "[{\"license\":\"ODbL-1.0\",\"record_id\":\"w325079361@3\",\"update_time\":\"2023-05-02T02:41:15.000Z\",\"property\":\"\",\"dataset\":\"OpenStreetMap\"}]", "min_floor": 9, "facade_color": "#BCB7B3", "version": 1, "@geometry_source": "OpenStreetMap", "min_height": 31.5, "roof_material": "concrete", "roof_shape": "flat", "num_floors": 10, "id": "64623063-6534-3337-A433-306263313632", "height": 35}, "id": 10802345134430364000}, {"type": "Feature", "geometry": {"type": "Polygon", "coordinates": [[[-74.00451242923737, 40.748610281979126], [-74.00460362434387, 40.74864685779082], [-74.00463044643402, 40.748610281979126], [-74.00453925132751, 40.74857370614734], [-74.00451242923737, 40.748610281979126]]]}, "properties": {"is_underground": false, "@height_source": "OpenStreetMap", "building_id": "f5a58c1e-ef11-4faf-a7e7-820dae3de922", "sources": "[{\"license\":\"ODbL-1.0\",\"record_id\":\"w325079365@3\",\"update_time\":\"2023-05-02T02:41:15.000Z\",\"property\":\"\",\"dataset\":\"OpenStreetMap\"}]", "min_floor": 8, "facade_color": "#BCB7B3", "version": 1, "@geometry_source": "OpenStreetMap", "min_height": 28, "roof_material": "concrete", "roof_shape": "flat", "num_floors": 9, "id": "37653162-6537-3233-B339-333862346638", "height": 31.5}, "id": 10818683896606579000}, {"type": "Feature", "geometry": {"type": "Polygon", "coordinates": [[[-74.00534927845001, 40.74854119427994], [-74.00538146495819, 40.748492426449104], [-74.00536000728607, 40.74848429847381], [-74.00537073612213, 40.748468042520244], [-74.00530636310577, 40.74843959459196], [-74.00529026985168, 40.748459914541996], [-74.00531709194183, 40.748468042520244], [-74.00528490543365, 40.74851274638297], [-74.00534927845001, 40.74854119427994]]]}, "properties": {"is_underground": false, "@height_source": "OpenStreetMap", "building_id": "3d341965-bd4c-4df5-9280-0ac9f9c2842e", "sources": "[{\"license\":\"ODbL-1.0\",\"record_id\":\"w325066239@2\",\"update_time\":\"2015-01-28T20:38:32.000Z\",\"property\":\"\",\"dataset\":\"OpenStreetMap\"}]", "facade_color": "#D7B693", "version": 1, "@geometry_source": "OpenStreetMap", "facade_material": "brick", "min_height": 42, "roof_material": "concrete", "roof_shape": "flat", "roof_color": "#9A9381", "id": "64313662-6334-3463-A266-386234323931", "height": 47}, "id": 10947553546737070000}, {"type": "Feature", "geometry": {"type": "Polygon", "coordinates": [[[-74.0077418088913, 40.75054877227606], [-74.00779008865356, 40.75048375045671], [-74.00771498680115, 40.750451239523215], [-74.00766670703888, 40.750520325237915], [-74.0077418088913, 40.75054877227606]]]}, "properties": {"is_underground": false, "@height_source": "OpenStreetMap", "building_id": "d2f3873b-2c39-49be-b833-5d0af544dffa", "@geometry_source": "OpenStreetMap", "min_height": 20, "sources": "[{\"license\":\"ODbL-1.0\",\"record_id\":\"w325084542@1\",\"update_time\":\"2015-01-28T21:31:33.000Z\",\"property\":\"\",\"dataset\":\"OpenStreetMap\"}]", "roof_material": "concrete", "roof_shape": "flat", "id": "63316431-3131-3436-B736-376137623739", "facade_color": "#DAD2BD", "version": 1, "height": 23.7}, "id": 10996476266994928000}, {"type": "Feature", "geometry": {"type": "Polygon", "coordinates": [[[-74.00583207607269, 40.74966690843465], [-74.00566041469574, 40.74990261512275], [-74.00596618652344, 40.7500326598344], [-74.00613784790039, 40.749796953607245], [-74.00583207607269, 40.74966690843465]]]}, "properties": {"is_underground": false, "@height_source": "OpenStreetMap", "building_id": "f0c2196e-6ddb-4d95-9755-1503971734ba", "sources": "[{\"license\":\"ODbL-1.0\",\"record_id\":\"w264656619@2\",\"update_time\":\"2014-07-23T07:36:23.000Z\",\"property\":\"\",\"dataset\":\"OpenStreetMap\"}]", "facade_color": "#C2B49A", "version": 1, "@geometry_source": "OpenStreetMap", "facade_material": "brick", "roof_material": "concrete", "roof_shape": "flat", "num_floors": 11, "id": "33663163-6234-3265-B939-376633656133", "height": 47.2}, "id": 11080890404558180000}, {"type": "Feature", "geometry": {"type": "Polygon", "coordinates": [[[-74.00742530822754, 40.74765523977567], [-74.00744140148163, 40.74755770277872], [-74.00724291801453, 40.747476421838655], [-74.00722682476044, 40.74756583086727], [-74.00742530822754, 40.74765523977567]]]}, "properties": {"is_underground": false, "@height_source": "OpenStreetMap", "building_id": "54514a5e-b284-4a8d-96f4-b29821785ba5", "@geometry_source": "OpenStreetMap", "min_height": 80, "sources": "[{\"license\":\"ODbL-1.0\",\"record_id\":\"w315852716@1\",\"update_time\":\"2021-05-05T17:05:57.000Z\",\"property\":\"\",\"dataset\":\"OpenStreetMap\"}]", "roof_material": "concrete", "roof_shape": "flat", "id": "65363432-6565-3835-B366-316434373338", "facade_color": "#363635", "version": 1, "height": 88.5}, "id": 11168230266028050000}, {"type": "Feature", "geometry": {"type": "Polygon", "coordinates": [[[-74.0050220489502, 40.75081698660878], [-74.00508642196655, 40.75084543352], [-74.00514543056488, 40.75076415659851], [-74.00508105754852, 40.7507357096525], [-74.0050220489502, 40.75081698660878]]]}, "properties": {"is_underground": false, "@height_source": "OpenStreetMap", "building_id": "0d4ac3c4-8217-4c6a-b5f6-8148b890c082", "@geometry_source": "OpenStreetMap", "min_height": 40, "sources": "[{\"license\":\"ODbL-1.0\",\"record_id\":\"w325986909@1\",\"update_time\":\"2015-02-01T20:02:16.000Z\",\"property\":\"\",\"dataset\":\"OpenStreetMap\"}]", "roof_material": "concrete", "roof_shape": "flat", "id": "39326230-6632-3735-B430-303935376639", "facade_color": "#BDAB85", "version": 1, "height": 42}, "id": 11209318878399610000}, {"type": "Feature", "geometry": {"type": "Polygon", "coordinates": [[[-74.00568187236786, 40.74816730666262], [-74.00583744049072, 40.747951913928745], [-74.00570869445801, 40.7478990816422], [-74.0057247877121, 40.74787876152078], [-74.0054726600647, 40.74776903275799], [-74.00530099868774, 40.74800881019041], [-74.00568187236786, 40.74816730666262]]]}, "properties": {"is_underground": false, "@height_source": "OpenStreetMap", "building_id": "d176a567-1fda-47eb-81ba-55ae6f139bb9", "sources": "[{\"license\":\"ODbL-1.0\",\"record_id\":\"w324768688@4\",\"update_time\":\"2020-12-05T07:22:59.000Z\",\"property\":\"\",\"dataset\":\"OpenStreetMap\"}]", "facade_color": "#C49C6F", "version": 1, "@geometry_source": "OpenStreetMap", "facade_material": "brick", "roof_material": "concrete", "roof_shape": "flat", "roof_color": "#596768", "id": "63363438-3365-3532-B061-363034373938", "height": 47.5}, "id": 11338326444218907000}, {"type": "Feature", "geometry": {"type": "Polygon", "coordinates": [[[-74.00701224803925, 40.74736262835563], [-74.00707125663757, 40.74738701268981], [-74.00710344314575, 40.74734637212788], [-74.0070390701294, 40.747321987778804], [-74.00701224803925, 40.74736262835563]]]}, "properties": {"is_underground": false, "@height_source": "OpenStreetMap", "building_id": "4095cf51-ec27-4c7b-b444-786d3bc4e442", "sources": "[{\"license\":\"ODbL-1.0\",\"record_id\":\"w324756052@2\",\"update_time\":\"2021-05-05T17:05:57.000Z\",\"property\":\"\",\"dataset\":\"OpenStreetMap\"}]", "min_floor": 8, "facade_color": "#B3A695", "version": 1, "@geometry_source": "OpenStreetMap", "facade_material": "brick", "min_height": 27.5, "roof_material": "concrete", "roof_shape": "flat", "num_floors": 9, "roof_color": "#888A7F", "id": "36353534-3235-3164-A635-303530343866", "height": 30.2}, "id": 11703558311429984000}, {"type": "Feature", "geometry": {"type": "Polygon", "coordinates": [[[-74.00390625, 40.749805081422096], [-74.00390625, 40.74979288969945], [-74.00390088558197, 40.749780697974586], [-74.00388479232788, 40.749776634065796], [-74.00386333465576, 40.74978476188315], [-74.00386333465576, 40.749796953607245], [-74.00387406349182, 40.74980914532915], [-74.00389015674591, 40.74981320923595], [-74.00390625, 40.749805081422096]]]}, "properties": {"is_underground": false, "@height_source": "OpenStreetMap", "building_id": "1eb40075-bb8c-4707-b968-b3ed07164882", "sources": "[{\"license\":\"ODbL-1.0\",\"record_id\":\"w325745927@1\",\"update_time\":\"2015-01-31T16:15:38.000Z\",\"property\":\"\",\"dataset\":\"OpenStreetMap\"}]", "facade_color": "#8B8C7E", "version": 1, "roof_height": 1, "@geometry_source": "OpenStreetMap", "min_height": 54.8, "roof_shape": "pyramidal", "roof_color": "#4B5451", "id": "36396336-3763-3261-B633-616239303466", "height": 60}, "id": 11727105914435576000}, {"type": "Feature", "geometry": {"type": "Polygon", "coordinates": [[[-74.0060144662857, 40.748764713047166], [-74.0060305595398, 40.74874439319029], [-74.00593400001526, 40.7487037534579], [-74.00591790676117, 40.748724073327196], [-74.0060144662857, 40.748764713047166]]]}, "properties": {"is_underground": false, "@height_source": "OpenStreetMap", "building_id": "be58b80e-b4de-4fc2-8755-85fb7f5e63ff", "sources": "[{\"license\":\"ODbL-1.0\",\"record_id\":\"w325066221@1\",\"update_time\":\"2015-01-28T20:20:07.000Z\",\"property\":\"\",\"dataset\":\"OpenStreetMap\"}]", "facade_color": "#B37462", "version": 1, "@geometry_source": "OpenStreetMap", "facade_material": "brick", "min_height": 40, "roof_material": "concrete", "roof_shape": "flat", "roof_color": "#B8B6A1", "id": "33306332-3731-3230-B034-666338343963", "height": 42}, "id": 11790795967218444000}, {"type": "Feature", "geometry": {"type": "Polygon", "coordinates": [[[-74.00398671627045, 40.75000421257545], [-74.00419056415558, 40.750089554315764], [-74.00419592857361, 40.7500814265357], [-74.00399208068848, 40.749996084784925], [-74.00398671627045, 40.75000421257545]]]}, "properties": {"is_underground": false, "@height_source": "OpenStreetMap", "building_id": "412ecd43-b44a-4c82-98fa-cd54b68810fa", "@geometry_source": "OpenStreetMap", "sources": "[{\"license\":\"ODbL-1.0\",\"record_id\":\"w325986918@1\",\"update_time\":\"2015-02-01T20:02:17.000Z\",\"property\":\"\",\"dataset\":\"OpenStreetMap\"}]", "roof_material": "concrete", "roof_shape": "flat", "num_floors": 9, "id": "38316564-3466-3862-B538-336234343466", "facade_color": "#E8E6BF", "version": 1, "height": 37.6}, "id": 12013293190902338000}, {"type": "Feature", "geometry": {"type": "Polygon", "coordinates": [[[-74.00588572025299, 40.7487687770178], [-74.00598227977753, 40.748813480678336], [-74.00599300861359, 40.74879316083636], [-74.00589644908905, 40.74875252113378], [-74.00588572025299, 40.7487687770178]]]}, "properties": {"is_underground": false, "@height_source": "OpenStreetMap", "building_id": "e6dc0b48-2e85-448e-9884-6a66839acd0d", "sources": "[{\"license\":\"ODbL-1.0\",\"record_id\":\"w325066230@2\",\"update_time\":\"2015-01-31T16:15:40.000Z\",\"property\":\"\",\"dataset\":\"OpenStreetMap\"}]", "facade_color": "#B37462", "version": 1, "@geometry_source": "OpenStreetMap", "facade_material": "brick", "min_height": 6, "roof_material": "concrete", "roof_shape": "flat", "num_floors": 12, "roof_color": "#B8B6A1", "id": "32326531-3666-3432-A336-346462323563", "height": 34.3}, "id": 12081520702865842000}, {"type": "Feature", "geometry": {"type": "Polygon", "coordinates": [[[-74.00482892990112, 40.74763898361945], [-74.0049684047699, 40.74744390943479], [-74.00485575199127, 40.74739514079923], [-74.00471091270447, 40.747590215126934], [-74.00482892990112, 40.74763898361945]]]}, "properties": {"is_underground": false, "@height_source": "OpenStreetMap", "building_id": "09fcb85d-21d7-4a74-83b0-c34b6dc72dde", "@geometry_source": "OpenStreetMap", "sources": "[{\"license\":\"ODbL-1.0\",\"record_id\":\"w324771076@1\",\"update_time\":\"2015-01-27T15:05:56.000Z\",\"property\":\"\",\"dataset\":\"OpenStreetMap\"}]", "roof_material": "concrete", "roof_shape": "flat", "num_floors": 1, "id": "65326136-6337-3862-A639-633261316432", "facade_color": "#E0E9EC", "version": 1, "height": 5}, "id": 12301407307233360000}, {"type": "Feature", "geometry": {"type": "Polygon", "coordinates": [[[-74.0059232711792, 40.74987416780817], [-74.00598227977753, 40.74979288969945], [-74.00593400001526, 40.749776634065796], [-74.00587499141693, 40.749857912194386], [-74.0059232711792, 40.74987416780817]]]}, "properties": {"is_underground": false, "@height_source": "OpenStreetMap", "building_id": "f0c2196e-6ddb-4d95-9755-1503971734ba", "sources": "[{\"license\":\"ODbL-1.0\",\"record_id\":\"w293953501@1\",\"update_time\":\"2014-07-23T07:36:21.000Z\",\"property\":\"\",\"dataset\":\"OpenStreetMap\"}]", "facade_color": "#C2B49A", "version": 1, "@geometry_source": "OpenStreetMap", "facade_material": "brick", "min_height": 47.2, "roof_material": "concrete", "roof_shape": "flat", "id": "61636338-3366-3231-A566-623435366331", "height": 50}, "id": 12357761915519967000}, {"type": "Feature", "geometry": {"type": "Polygon", "coordinates": [[[-74.00659382343292, 40.74917517282668], [-74.0065723657608, 40.74916298098856], [-74.00642216205597, 40.74937430586638], [-74.00627195835114, 40.74931334683595], [-74.00625050067902, 40.74934179439043], [-74.006427526474, 40.74941494518896], [-74.00659382343292, 40.74917517282668]]]}, "properties": {"is_underground": false, "@height_source": "OpenStreetMap", "building_id": "7d87bc36-9b1a-4c79-95ce-d87dc30c307b", "@geometry_source": "OpenStreetMap", "sources": "[{\"license\":\"ODbL-1.0\",\"record_id\":\"w293950321@2\",\"update_time\":\"2014-07-23T07:36:23.000Z\",\"property\":\"\",\"dataset\":\"OpenStreetMap\"}]", "roof_material": "concrete", "roof_shape": "flat", "num_floors": 4, "id": "35656364-6163-3230-B561-663338366532", "facade_color": "#978172", "version": 1, "height": 16}, "id": 12369129674049358000}, {"type": "Feature", "geometry": {"type": "Polygon", "coordinates": [[[-74.00487184524536, 40.750975476387765], [-74.0047538280487, 40.75113396578894], [-74.00506496429443, 40.75126400809242], [-74.00540828704834, 40.7507885396854], [-74.0050220489502, 40.75062598560396], [-74.00489330291748, 40.75080073122547], [-74.00509178638458, 40.750886071943484], [-74.00498986244202, 40.751028306230126], [-74.00487184524536, 40.750975476387765]]]}, "properties": {"is_underground": false, "@height_source": "OpenStreetMap", "building_id": "0d4ac3c4-8217-4c6a-b5f6-8148b890c082", "@geometry_source": "OpenStreetMap", "sources": "[{\"license\":\"ODbL-1.0\",\"record_id\":\"w325986885@1\",\"update_time\":\"2015-02-01T20:02:26.000Z\",\"property\":\"\",\"dataset\":\"OpenStreetMap\"}]", "roof_material": "concrete", "roof_shape": "flat", "num_floors": 7, "id": "66333137-3565-3533-B537-616337323636", "facade_color": "#BDAB85", "version": 1, "height": 35}, "id": 12406146323220350000}, {"type": "Feature", "geometry": {"type": "Polygon", "coordinates": [[[-74.00645971298218, 40.74917923677225], [-74.00649189949036, 40.749130469409295], [-74.00642216205597, 40.74910202176437], [-74.00638997554779, 40.74915078914819], [-74.00645971298218, 40.74917923677225]]]}, "properties": {"is_underground": false, "@height_source": "OpenStreetMap", "building_id": "7d87bc36-9b1a-4c79-95ce-d87dc30c307b", "@geometry_source": "OpenStreetMap", "sources": "[{\"license\":\"ODbL-1.0\",\"record_id\":\"w293950318@1\",\"update_time\":\"2014-07-23T06:54:34.000Z\",\"property\":\"\",\"dataset\":\"OpenStreetMap\"}]", "roof_material": "concrete", "roof_shape": "flat", "id": "35656431-6531-3036-A632-356465626365", "facade_color": "#D5D1CF", "version": 1, "height": 70}, "id": 12556964845986566000}, {"type": "Feature", "geometry": {"type": "Polygon", "coordinates": [[[-74.0075272321701, 40.74781780111937], [-74.00757014751434, 40.74757395895483], [-74.00713562965393, 40.74738701268981], [-74.00711417198181, 40.74754551064402], [-74.00737166404724, 40.74765930381412], [-74.00731801986694, 40.747732456463496], [-74.0075272321701, 40.74781780111937]]]}, "properties": {"is_underground": false, "@height_source": "OpenStreetMap", "building_id": "54514a5e-b284-4a8d-96f4-b29821785ba5", "sources": "[{\"license\":\"ODbL-1.0\",\"record_id\":\"w315852715@2\",\"update_time\":\"2021-05-05T17:05:57.000Z\",\"property\":\"\",\"dataset\":\"OpenStreetMap\"}]", "facade_color": "#F3F2F0", "version": 1, "@geometry_source": "OpenStreetMap", "facade_material": "glass", "min_height": 18, "roof_material": "concrete", "roof_shape": "flat", "id": "32656234-3731-3465-B865-653466333239", "height": 70}, "id": 12557418269265682000}, {"type": "Feature", "geometry": {"type": "Polygon", "coordinates": [[[-74.00412619113922, 40.749447456629156], [-74.00408327579498, 40.74950435161125], [-74.00412619113922, 40.74952060731147], [-74.00416374206543, 40.74946371234327], [-74.00412619113922, 40.749447456629156]]]}, "properties": {"is_underground": false, "@height_source": "OpenStreetMap", "building_id": "623a047c-67c0-4aab-8509-f0767006c9c1", "sources": "[{\"license\":\"ODbL-1.0\",\"record_id\":\"w325986922@2\",\"update_time\":\"2017-01-26T13:12:47.000Z\",\"property\":\"\",\"dataset\":\"OpenStreetMap\"}]", "facade_color": "#CC9B7D", "version": 1, "@geometry_source": "OpenStreetMap", "facade_material": "brick", "min_height": 15, "roof_material": "concrete", "roof_shape": "flat", "roof_color": "#C5BFA9", "id": "31393062-3737-3333-A165-356239613234", "height": 17.4}, "id": 12669230689083146000}, {"type": "Feature", "geometry": {"type": "Polygon", "coordinates": [[[-74.0055102109909, 40.74882567258058], [-74.00563359260559, 40.74866311370067], [-74.00500059127808, 40.748390826686574], [-74.00493621826172, 40.748476170497526], [-74.00501668453217, 40.74851274638297], [-74.00495231151581, 40.748594026056395], [-74.0055102109909, 40.74882567258058]]]}, "properties": {"is_underground": false, "@height_source": "OpenStreetMap", "building_id": "3d341965-bd4c-4df5-9280-0ac9f9c2842e", "sources": "[{\"license\":\"ODbL-1.0\",\"record_id\":\"w325066203@3\",\"update_time\":\"2021-12-18T04:43:01.000Z\",\"property\":\"\",\"dataset\":\"OpenStreetMap\"}]", "facade_color": "#A3C5C1", "version": 1, "@geometry_source": "OpenStreetMap", "facade_material": "glass", "roof_material": "concrete", "roof_shape": "flat", "roof_color": "#9A9381", "id": "37326436-3161-3165-B538-303331616263", "height": 6}, "id": 12873897467859366000}, {"type": "Feature", "geometry": {"type": "Polygon", "coordinates": [[[-74.00580525398254, 40.74905325434483], [-74.00582134723663, 40.74903699853036], [-74.00571942329407, 40.74899229502006], [-74.00570333003998, 40.74901261480116], [-74.00580525398254, 40.74905325434483]]]}, "properties": {"is_underground": false, "@height_source": "OpenStreetMap", "building_id": "e6dc0b48-2e85-448e-9884-6a66839acd0d", "sources": "[{\"license\":\"ODbL-1.0\",\"record_id\":\"w325066231@2\",\"update_time\":\"2015-01-29T09:57:57.000Z\",\"property\":\"\",\"dataset\":\"OpenStreetMap\"}]", "facade_color": "#B37462", "version": 1, "@geometry_source": "OpenStreetMap", "facade_material": "brick", "min_height": 34.3, "roof_material": "concrete", "roof_shape": "flat", "roof_color": "#B8B6A1", "id": "61666161-3338-3038-A661-376138353363", "height": 37}, "id": 12935934607154070000}, {"type": "Feature", "geometry": {"type": "Polygon", "coordinates": [[[-74.00386333465576, 40.7499513819194], [-74.00387406349182, 40.749939190223614], [-74.00380432605743, 40.74991074292467], [-74.00379359722137, 40.74992293462569], [-74.00386333465576, 40.7499513819194]]]}, "properties": {"is_underground": false, "@height_source": "OpenStreetMap", "building_id": "1eb40075-bb8c-4707-b968-b3ed07164882", "@geometry_source": "OpenStreetMap", "sources": "[{\"license\":\"ODbL-1.0\",\"record_id\":\"w325986919@1\",\"update_time\":\"2015-02-01T20:02:17.000Z\",\"property\":\"\",\"dataset\":\"OpenStreetMap\"}]", "roof_material": "concrete", "roof_shape": "flat", "num_floors": 10, "id": "63356361-3366-3965-A130-363634366134", "facade_color": "#E8E6BF", "version": 1, "height": 43.3}, "id": 13009296457698021000}, {"type": "Feature", "geometry": {"type": "Polygon", "coordinates": [[[-74.00530099868774, 40.74800881019041], [-74.00531709194183, 40.74798442608423], [-74.00495231151581, 40.747829993204135], [-74.00493621826172, 40.747854377366934], [-74.00530099868774, 40.74800881019041]]]}, "properties": {"is_underground": false, "@height_source": "OpenStreetMap", "building_id": "568e8cc4-c6a9-4540-b22a-ded72b80354c", "sources": "[{\"license\":\"ODbL-1.0\",\"record_id\":\"w324769181@3\",\"update_time\":\"2020-12-05T07:22:59.000Z\",\"property\":\"\",\"dataset\":\"OpenStreetMap\"}]", "facade_color": "#C29D8A", "version": 1, "@geometry_source": "OpenStreetMap", "facade_material": "brick", "roof_material": "concrete", "roof_shape": "flat", "num_floors": 10, "id": "32393130-3230-3566-B139-333166613865", "height": 29.5}, "id": 13205748949468762000}, {"type": "Feature", "geometry": {"type": "Polygon", "coordinates": [[[-74.0042495727539, 40.7498457204814], [-74.0045553445816, 40.749975765304356], [-74.00459289550781, 40.74992699852555], [-74.00428175926208, 40.749796953607245], [-74.0042495727539, 40.7498457204814]]]}, "properties": {"is_underground": false, "@height_source": "OpenStreetMap", "building_id": "12864ccb-72fb-443e-bf12-f3b3e744f6da", "sources": "[{\"license\":\"ODbL-1.0\",\"record_id\":\"w325986915@4\",\"update_time\":\"2021-12-18T04:49:52.000Z\",\"property\":\"\",\"dataset\":\"OpenStreetMap\"}]", "facade_color": "#CC9B7D", "version": 1, "@geometry_source": "OpenStreetMap", "facade_material": "brick", "roof_material": "concrete", "roof_shape": "flat", "roof_color": "#C5BFA9", "id": "66613466-6435-3137-B662-613531626139", "height": 4}, "id": 13206951071766047000}, {"type": "Feature", "geometry": {"type": "Polygon", "coordinates": [[[-74.00402963161469, 40.74946371234327], [-74.00409400463104, 40.749488095907026], [-74.00412619113922, 40.749447456629156], [-74.00406181812286, 40.74941900911986], [-74.00402963161469, 40.74946371234327]]]}, "properties": {"is_underground": false, "@height_source": "OpenStreetMap", "building_id": "6c4dea73-9093-40e1-a6f6-566a6e9a9fdd", "sources": "[{\"license\":\"ODbL-1.0\",\"record_id\":\"w325745949@1\",\"update_time\":\"2015-01-31T16:15:39.000Z\",\"property\":\"\",\"dataset\":\"OpenStreetMap\"}]", "facade_color": "#E2DBCE", "version": 1, "@geometry_source": "OpenStreetMap", "min_height": 35, "roof_material": "concrete", "roof_shape": "flat", "roof_color": "#969988", "id": "36343635-3762-3139-B435-323866373762", "height": 38.2}, "id": 13663638909288903000}, {"type": "Feature", "geometry": {"type": "Polygon", "coordinates": [[[-74.0062665939331, 40.7509632848797], [-74.00629341602325, 40.7509226465034], [-74.00620222091675, 40.75088200810225], [-74.00617003440857, 40.7509226465034], [-74.0062665939331, 40.7509632848797]]]}, "properties": {"is_underground": false, "@height_source": "OpenStreetMap", "building_id": "2954e2a5-27bd-4a80-a3ea-c513623945e8", "sources": "[{\"license\":\"ODbL-1.0\",\"record_id\":\"w325087120@1\",\"update_time\":\"2015-01-28T21:44:29.000Z\",\"property\":\"\",\"dataset\":\"OpenStreetMap\"}]", "version": 1, "@geometry_source": "OpenStreetMap", "min_height": 35, "roof_material": "concrete", "roof_shape": "flat", "num_floors": 10, "roof_color": "#DBD5BF", "id": "39623565-3165-3338-A432-663563656165", "height": 38.9}, "id": 13716839423083130000}, {"type": "Feature", "geometry": {"type": "Polygon", "coordinates": [[[-74.00496304035187, 40.749825400954876], [-74.00494158267975, 40.749857912194386], [-74.00508105754852, 40.749914806825245], [-74.00509715080261, 40.749894487319835], [-74.00496304035187, 40.749825400954876]]]}, "properties": {"is_underground": false, "@height_source": "OpenStreetMap", "building_id": "fc899e62-22fa-4b9c-ac1c-caa4ed37e281", "@geometry_source": "OpenStreetMap", "facade_material": "glass", "sources": "[{\"license\":\"ODbL-1.0\",\"record_id\":\"w293957456@1\",\"update_time\":\"2014-07-23T08:35:49.000Z\",\"property\":\"\",\"dataset\":\"OpenStreetMap\"}]", "roof_material": "concrete", "roof_shape": "flat", "id": "38623735-3237-3137-A337-303762306432", "facade_color": "#B9BCA9", "version": 1, "height": 24}, "id": 13749573002376750000}, {"type": "Feature", "geometry": {"type": "Polygon", "coordinates": [[[-74.00524735450745, 40.748801288773905], [-74.0052741765976, 40.7487687770178], [-74.00523662567139, 40.74875252113378], [-74.0052580833435, 40.74872000935383], [-74.00520443916321, 40.74869968948329], [-74.00515615940094, 40.748764713047166], [-74.00524735450745, 40.748801288773905]]]}, "properties": {"is_underground": false, "@height_source": "OpenStreetMap", "building_id": "81dd7605-0d89-4dd9-b316-4866b53a6ccf", "sources": "[{\"license\":\"ODbL-1.0\",\"record_id\":\"w325066236@1\",\"update_time\":\"2015-01-28T20:20:08.000Z\",\"property\":\"\",\"dataset\":\"OpenStreetMap\"}]", "facade_color": "#D7B693", "version": 1, "@geometry_source": "OpenStreetMap", "facade_material": "brick", "min_height": 33, "roof_material": "concrete", "roof_shape": "flat", "roof_color": "#9A9381", "id": "32303363-3831-3162-A665-326139393137", "height": 38}, "id": 13751669678602342000}, {"type": "Feature", "geometry": {"type": "Polygon", "coordinates": [[[-74.00378286838531, 40.74935805013038], [-74.00384187698364, 40.749382433732876], [-74.00387406349182, 40.74934179439043], [-74.00380969047546, 40.74931334683595], [-74.00378286838531, 40.74935805013038]]]}, "properties": {"is_underground": false, "@height_source": "OpenStreetMap", "building_id": "6c4dea73-9093-40e1-a6f6-566a6e9a9fdd", "sources": "[{\"license\":\"ODbL-1.0\",\"record_id\":\"w325745934@1\",\"update_time\":\"2015-01-31T16:15:42.000Z\",\"property\":\"\",\"dataset\":\"OpenStreetMap\"}]", "facade_color": "#E2DBCE", "version": 1, "@geometry_source": "OpenStreetMap", "min_height": 35, "roof_material": "concrete", "roof_shape": "flat", "roof_color": "#969988", "id": "31356364-6435-3438-B462-646266346435", "height": 38.2}, "id": 14098544587377380000}, {"type": "Feature", "geometry": {"type": "Polygon", "coordinates": [[[-74.00615930557251, 40.74871594538024], [-74.00619685649872, 40.748732201273185], [-74.00621294975281, 40.74870781743226], [-74.00589644908905, 40.74857777012966], [-74.00588035583496, 40.74859809003743], [-74.00615930557251, 40.74871594538024]]]}, "properties": {"is_underground": false, "@height_source": "OpenStreetMap", "building_id": "be58b80e-b4de-4fc2-8755-85fb7f5e63ff", "sources": "[{\"license\":\"ODbL-1.0\",\"record_id\":\"w325066205@1\",\"update_time\":\"2015-01-28T20:20:05.000Z\",\"property\":\"\",\"dataset\":\"OpenStreetMap\"}]", "min_floor": 11, "facade_color": "#B37462", "version": 1, "@geometry_source": "OpenStreetMap", "facade_material": "brick", "min_height": 31.4, "roof_material": "concrete", "roof_shape": "flat", "num_floors": 12, "roof_color": "#B8B6A1", "id": "34326634-3462-3561-A337-663639393262", "height": 34.3}, "id": 14299686064189653000}, {"type": "Feature", "geometry": {"type": "Polygon", "coordinates": [[[-74.00438904762268, 40.75098360405855], [-74.0044105052948, 40.75095109336942], [-74.00438904762268, 40.75093890185693], [-74.00436222553253, 40.75097141255199], [-74.00438904762268, 40.75098360405855]]]}, "properties": {"is_underground": false, "@height_source": "OpenStreetMap", "building_id": "d7f50c9b-2cb2-4195-a523-c9aa012958b4", "sources": "[{\"license\":\"ODbL-1.0\",\"record_id\":\"w325986900@1\",\"update_time\":\"2015-02-01T20:02:15.000Z\",\"property\":\"\",\"dataset\":\"OpenStreetMap\"}]", "facade_color": "#6F4D36", "version": 1, "@geometry_source": "OpenStreetMap", "facade_material": "brick", "min_height": 27.4, "roof_material": "concrete", "roof_shape": "flat", "id": "36396365-3663-3164-B031-353432303131", "height": 31}, "id": 14392156895757988000}, {"type": "Feature", "geometry": {"type": "Polygon", "coordinates": [[[-74.00647044181824, 40.74707407972227], [-74.00640606880188, 40.74715942522309], [-74.00644361972809, 40.74717161742856], [-74.00650262832642, 40.74709033601661], [-74.0065348148346, 40.74710659230692], [-74.0065348148346, 40.747102528234706], [-74.00647044181824, 40.74707407972227]]]}, "properties": {"is_underground": false, "@height_source": "OpenStreetMap", "building_id": "e8cb1b51-1055-4d7e-a65e-d463e31dcd02", "sources": "[{\"license\":\"ODbL-1.0\",\"record_id\":\"w324727964@2\",\"update_time\":\"2015-01-27T13:43:47.000Z\",\"property\":\"\",\"dataset\":\"OpenStreetMap\"}]", "facade_color": "#A57552", "version": 1, "@geometry_source": "OpenStreetMap", "facade_material": "brick", "min_height": 22, "roof_material": "concrete", "roof_shape": "flat", "roof_color": "#E6E1CE", "id": "31393464-3538-3237-A534-643462343165", "height": 24.8}, "id": 14477219446992087000}, {"type": "Feature", "geometry": {"type": "Polygon", "coordinates": [[[-74.00371849536896, 40.7505000059175], [-74.00373458862305, 40.75047562272482], [-74.00364875793457, 40.75043904791903], [-74.00363266468048, 40.75046343112513], [-74.00371849536896, 40.7505000059175]]]}, "properties": {"is_underground": false, "@height_source": "OpenStreetMap", "building_id": "c4b01053-58ef-43e5-98b4-4fbff840e3e3", "@geometry_source": "OpenStreetMap", "sources": "[{\"license\":\"ODbL-1.0\",\"record_id\":\"w325986912@1\",\"update_time\":\"2015-02-01T20:02:16.000Z\",\"property\":\"\",\"dataset\":\"OpenStreetMap\"}]", "roof_material": "concrete", "roof_shape": "flat", "id": "30646135-3766-3634-B165-313934356132", "facade_color": "#9B9C8A", "version": 1, "height": 45.9}, "id": 14641410467311751000}, {"type": "Feature", "geometry": {"type": "Polygon", "coordinates": [[[-74.0050220489502, 40.75062598560396], [-74.0048611164093, 40.75084543352], [-74.00494158267975, 40.750877944260765], [-74.0047538280487, 40.75113396578894], [-74.00506496429443, 40.75126400809242], [-74.00540828704834, 40.7507885396854], [-74.0050220489502, 40.75062598560396]]]}, "properties": {"is_underground": false, "@height_source": "OpenStreetMap", "building_id": "0d4ac3c4-8217-4c6a-b5f6-8148b890c082", "@geometry_source": "OpenStreetMap", "sources": "[{\"license\":\"ODbL-1.0\",\"record_id\":\"w264656678@3\",\"update_time\":\"2015-02-01T20:02:26.000Z\",\"property\":\"\",\"dataset\":\"OpenStreetMap\"}]", "roof_material": "concrete", "roof_shape": "flat", "id": "38343631-3736-3035-B638-333564646139", "facade_color": "#CECBA2", "version": 1, "height": 34}, "id": 14899932155164975000}, {"type": "Feature", "geometry": {"type": "Polygon", "coordinates": [[[-74.0035629272461, 40.74921174832767], [-74.0035629272461, 40.74936211406478], [-74.00364875793457, 40.7492442598672], [-74.0035629272461, 40.74921174832767]]]}, "properties": {"is_underground": false, "@height_source": "OpenStreetMap", "building_id": "4ad3452c-e4fd-468b-a255-6b62ca7f77d7", "@geometry_source": "OpenStreetMap", "sources": "[{\"license\":\"ODbL-1.0\",\"record_id\":\"w1013232698@1\",\"update_time\":\"2021-12-18T04:49:52.000Z\",\"property\":\"\",\"dataset\":\"OpenStreetMap\"}]", "roof_material": "concrete", "roof_shape": "flat", "num_floors": 10, "id": "32366265-3430-3766-A536-323230386365", "facade_color": "#F4EECE", "version": 1, "height": 40}, "id": 14951917234899304000}, {"type": "Feature", "geometry": {"type": "Polygon", "coordinates": [[[-74.00638461112976, 40.74928489926927], [-74.00630950927734, 40.74925645169043], [-74.00627195835114, 40.74931334683595], [-74.00634706020355, 40.74934179439043], [-74.00638461112976, 40.74928489926927]]]}, "properties": {"is_underground": false, "@height_source": "OpenStreetMap", "building_id": "7d87bc36-9b1a-4c79-95ce-d87dc30c307b", "@geometry_source": "OpenStreetMap", "sources": "[{\"license\":\"ODbL-1.0\",\"record_id\":\"w293950317@1\",\"update_time\":\"2014-07-23T06:54:34.000Z\",\"property\":\"\",\"dataset\":\"OpenStreetMap\"}]", "roof_material": "concrete", "roof_shape": "flat", "id": "63313962-3866-3662-B064-653039343163", "facade_color": "#D5D1CF", "version": 1, "height": 70}, "id": 14953688384571974000}, {"type": "Feature", "geometry": {"type": "Polygon", "coordinates": [[[-74.00612711906433, 40.749110149664176], [-74.00627195835114, 40.74891101583344], [-74.00564432144165, 40.74864685779082], [-74.00549948215485, 40.74884599241261], [-74.00612711906433, 40.749110149664176]]]}, "properties": {"is_underground": false, "@height_source": "OpenStreetMap", "building_id": "e6dc0b48-2e85-448e-9884-6a66839acd0d", "sources": "[{\"license\":\"ODbL-1.0\",\"record_id\":\"w294965155@5\",\"update_time\":\"2021-12-18T04:43:01.000Z\",\"property\":\"\",\"dataset\":\"OpenStreetMap\"}]", "facade_color": "#B37462", "version": 1, "@geometry_source": "OpenStreetMap", "facade_material": "brick", "roof_material": "concrete", "roof_shape": "flat", "roof_color": "#B8B6A1", "id": "31306630-6233-3334-B862-636330353536", "height": 6}, "id": 14991613631513606000}, {"type": "Feature", "geometry": {"type": "Polygon", "coordinates": [[[-74.00464653968811, 40.748594026056395], [-74.00468409061432, 40.74854119427994], [-74.00454461574554, 40.74848429847381], [-74.00450706481934, 40.74853306631064], [-74.00464653968811, 40.748594026056395]]]}, "properties": {"is_underground": false, "@height_source": "OpenStreetMap", "building_id": "f5a58c1e-ef11-4faf-a7e7-820dae3de922", "@geometry_source": "OpenStreetMap", "min_height": 35, "sources": "[{\"license\":\"ODbL-1.0\",\"record_id\":\"w325079358@3\",\"update_time\":\"2023-08-28T18:20:47.000Z\",\"property\":\"\",\"dataset\":\"OpenStreetMap\"}]", "roof_material": "concrete", "roof_shape": "flat", "id": "62326134-3035-3537-A139-653664336537", "version": 1, "height": 40}, "id": 15295316256134488000}, {"type": "Feature", "geometry": {"type": "Polygon", "coordinates": [[[-74.00600910186768, 40.749975765304356], [-74.00593400001526, 40.749943254122456], [-74.00589644908905, 40.75000014868033], [-74.00596618652344, 40.7500326598344], [-74.00600910186768, 40.749975765304356]]]}, "properties": {"is_underground": false, "@height_source": "OpenStreetMap", "building_id": "f0c2196e-6ddb-4d95-9755-1503971734ba", "sources": "[{\"license\":\"ODbL-1.0\",\"record_id\":\"w293953500@1\",\"update_time\":\"2014-07-23T07:36:23.000Z\",\"property\":\"\",\"dataset\":\"OpenStreetMap\"}]", "facade_color": "#C2B49A", "version": 1, "@geometry_source": "OpenStreetMap", "facade_material": "brick", "min_height": 47.2, "roof_material": "concrete", "roof_shape": "flat", "id": "66316135-3238-3338-A661-333665303238", "height": 50}, "id": 15373031709530210000}, {"type": "Feature", "geometry": {"type": "Polygon", "coordinates": [[[-74.0054190158844, 40.74784218528666], [-74.00503277778625, 40.74767962400256], [-74.0049147605896, 40.74784218528666], [-74.00493621826172, 40.747854377366934], [-74.00503277778625, 40.74772026436085], [-74.00539755821228, 40.747874697495774], [-74.0054190158844, 40.74784218528666]]]}, "properties": {"is_underground": false, "@height_source": "OpenStreetMap", "building_id": "568e8cc4-c6a9-4540-b22a-ded72b80354c", "@geometry_source": "OpenStreetMap", "facade_material": "brick", "sources": "[{\"license\":\"ODbL-1.0\",\"record_id\":\"w324769182@4\",\"update_time\":\"2020-12-05T07:22:59.000Z\",\"property\":\"\",\"dataset\":\"OpenStreetMap\"}]", "roof_material": "concrete", "roof_shape": "flat", "id": "30396239-6136-3162-B438-303762633364", "facade_color": "#C29D8A", "version": 1, "height": 5.5}, "id": 15516142503238294000}, {"type": "Feature", "geometry": {"type": "Polygon", "coordinates": [[[-74.00393843650818, 40.749703483665144], [-74.00401890277863, 40.74974005887552], [-74.0040135383606, 40.74974818669733], [-74.0042495727539, 40.7498457204814], [-74.00428175926208, 40.749796953607245], [-74.00396525859833, 40.749662844518895], [-74.00393843650818, 40.749703483665144]]]}, "properties": {"is_underground": false, "@height_source": "OpenStreetMap", "building_id": "623a047c-67c0-4aab-8509-f0767006c9c1", "sources": "[{\"license\":\"ODbL-1.0\",\"record_id\":\"w325986928@2\",\"update_time\":\"2017-01-26T13:12:47.000Z\",\"property\":\"\",\"dataset\":\"OpenStreetMap\"}]", "facade_color": "#CC9B7D", "version": 1, "@geometry_source": "OpenStreetMap", "facade_material": "brick", "roof_material": "concrete", "roof_shape": "flat", "roof_color": "#C5BFA9", "id": "34333162-6362-3533-A536-313836663931", "height": 4}, "id": 15572850748515897000}, {"type": "Feature", "geometry": {"type": "Polygon", "coordinates": [[[-74.00367558002472, 40.750508133646434], [-74.00367558002472, 40.7504918781876], [-74.0036541223526, 40.7504878143223], [-74.00364339351654, 40.7504918781876], [-74.00364339351654, 40.750504069782096], [-74.0036541223526, 40.75051219751052], [-74.00367558002472, 40.750508133646434]]]}, "properties": {"is_underground": false, "@height_source": "OpenStreetMap", "building_id": "c4b01053-58ef-43e5-98b4-4fbff840e3e3", "sources": "[{\"license\":\"ODbL-1.0\",\"record_id\":\"w325986892@3\",\"update_time\":\"2025-05-05T10:46:06.000Z\",\"property\":\"\",\"dataset\":\"OpenStreetMap\"}]", "facade_color": "#9B9C8A", "version": 1, "roof_height": 1, "@geometry_source": "OpenStreetMap", "min_height": 45.9, "roof_material": "concrete", "roof_shape": "flat", "roof_color": "#4C5554", "id": "30646236-6333-3037-B731-303163623065", "height": 50}, "id": 15584952752155204000}, {"type": "Feature", "geometry": {"type": "Polygon", "coordinates": [[[-74.00369703769684, 40.747773096789444], [-74.0037453174591, 40.74779341694315], [-74.00377213954926, 40.74775684066205], [-74.00371313095093, 40.7477365204972], [-74.00373995304108, 40.747704008220495], [-74.00365948677063, 40.74766743189025], [-74.00361657142639, 40.74772839242951], [-74.0037077665329, 40.747760904694275], [-74.00369703769684, 40.747773096789444]]]}, "properties": {"is_underground": false, "@height_source": "OpenStreetMap", "building_id": "c2df86e0-1542-4e13-8ce7-41923278d5eb", "sources": "[{\"license\":\"ODbL-1.0\",\"record_id\":\"w324852026@2\",\"update_time\":\"2015-01-27T20:21:18.000Z\",\"property\":\"\",\"dataset\":\"OpenStreetMap\"}]", "facade_color": "#9C8272", "version": 1, "@geometry_source": "OpenStreetMap", "facade_material": "brick", "min_height": 60, "roof_material": "concrete", "roof_shape": "flat", "id": "61373463-6535-3231-A163-323962353562", "height": 66}, "id": 15590525915771435000}, {"type": "Feature", "geometry": {"type": "Polygon", "coordinates": [[[-74.00635242462158, 40.74879722480529], [-74.00636851787567, 40.74877284098818], [-74.00574088096619, 40.748508682396704], [-74.0057247877121, 40.74853306631064], [-74.00635242462158, 40.74879722480529]]]}, "properties": {"is_underground": false, "@height_source": "OpenStreetMap", "building_id": "be58b80e-b4de-4fc2-8755-85fb7f5e63ff", "sources": "[{\"license\":\"ODbL-1.0\",\"record_id\":\"w325066215@3\",\"update_time\":\"2020-12-05T07:22:59.000Z\",\"property\":\"\",\"dataset\":\"OpenStreetMap\"}]", "facade_color": "#B37462", "version": 1, "@geometry_source": "OpenStreetMap", "facade_material": "brick", "roof_material": "concrete", "roof_shape": "flat", "num_floors": 11, "roof_color": "#B8B6A1", "id": "63386634-6461-3733-B834-636335653061", "height": 31.4}, "id": 15606974875212376000}, {"type": "Feature", "geometry": {"type": "Polygon", "coordinates": [[[-74.00575697422028, 40.748199818712806], [-74.00591254234314, 40.74798442608423], [-74.00583744049072, 40.747951913928745], [-74.00568187236786, 40.74816730666262], [-74.00575697422028, 40.748199818712806]]]}, "properties": {"is_underground": false, "@height_source": "OpenStreetMap", "building_id": "d176a567-1fda-47eb-81ba-55ae6f139bb9", "sources": "[{\"license\":\"ODbL-1.0\",\"record_id\":\"w324768686@3\",\"update_time\":\"2020-12-05T07:22:59.000Z\",\"property\":\"\",\"dataset\":\"OpenStreetMap\"}]", "facade_color": "#C49C6F", "version": 1, "@geometry_source": "OpenStreetMap", "facade_material": "brick", "roof_material": "concrete", "roof_shape": "flat", "roof_color": "#596768", "id": "38333235-3537-3462-B639-656338313630", "height": 15}, "id": 15693296063594932000}, {"type": "Feature", "geometry": {"type": "Polygon", "coordinates": [[[-74.00710344314575, 40.74734230807033], [-74.00692641735077, 40.74726509092949], [-74.00686740875244, 40.74724070655063], [-74.00686204433441, 40.74724477061437], [-74.00710344314575, 40.74734637212788], [-74.00710344314575, 40.74734230807033]]]}, "properties": {"is_underground": false, "@height_source": "OpenStreetMap", "building_id": "4095cf51-ec27-4c7b-b444-786d3bc4e442", "sources": "[{\"license\":\"ODbL-1.0\",\"record_id\":\"w324756057@2\",\"update_time\":\"2021-05-05T17:05:57.000Z\",\"property\":\"\",\"dataset\":\"OpenStreetMap\"}]", "facade_color": "#D5D2C7", "version": 1, "@geometry_source": "OpenStreetMap", "facade_material": "brick", "roof_material": "concrete", "roof_shape": "flat", "num_floors": 8, "id": "39646233-6362-3137-A236-653536366162", "height": 27.5}, "id": 15789723477949637000}, {"type": "Feature", "geometry": {"type": "Polygon", "coordinates": [[[-74.0043193101883, 40.75002453204738], [-74.00438368320465, 40.749939190223614], [-74.00431394577026, 40.74991074292467], [-74.0042495727539, 40.749996084784925], [-74.0043193101883, 40.75002453204738]]]}, "properties": {"is_underground": false, "@height_source": "OpenStreetMap", "building_id": "412ecd43-b44a-4c82-98fa-cd54b68810fa", "@geometry_source": "OpenStreetMap", "min_height": 37.6, "sources": "[{\"license\":\"ODbL-1.0\",\"record_id\":\"w325986906@1\",\"update_time\":\"2015-02-01T20:02:16.000Z\",\"property\":\"\",\"dataset\":\"OpenStreetMap\"}]", "roof_material": "concrete", "roof_shape": "flat", "id": "62303436-6665-3262-B837-616332393038", "facade_color": "#E8E6BF", "version": 1, "height": 41}, "id": 15818437666156966000}, {"type": "Feature", "geometry": {"type": "Polygon", "coordinates": [[[-74.00501668453217, 40.75000014868033], [-74.00483965873718, 40.749931062425134], [-74.004807472229, 40.749975765304356], [-74.00497913360596, 40.75004891540547], [-74.00501668453217, 40.75000014868033]]]}, "properties": {"is_underground": false, "@height_source": "OpenStreetMap", "building_id": "fc899e62-22fa-4b9c-ac1c-caa4ed37e281", "@geometry_source": "OpenStreetMap", "facade_material": "glass", "sources": "[{\"license\":\"ODbL-1.0\",\"record_id\":\"w293957459@1\",\"update_time\":\"2014-07-23T08:35:49.000Z\",\"property\":\"\",\"dataset\":\"OpenStreetMap\"}]", "id": "32666538-6631-3362-A535-356266393561", "facade_color": "#B9BCA9", "version": 1, "height": 68}, "id": 16257390940006423000}, {"type": "Feature", "geometry": {"type": "Polygon", "coordinates": [[[-74.00425493717194, 40.7501180015382], [-74.00427103042603, 40.750089554315764], [-74.0042120218277, 40.750061107081166], [-74.00419056415558, 40.750089554315764], [-74.00425493717194, 40.7501180015382]]]}, "properties": {"is_underground": false, "@height_source": "OpenStreetMap", "building_id": "412ecd43-b44a-4c82-98fa-cd54b68810fa", "@geometry_source": "OpenStreetMap", "min_height": 37.6, "sources": "[{\"license\":\"ODbL-1.0\",\"record_id\":\"w325986925@1\",\"update_time\":\"2015-02-01T20:02:17.000Z\",\"property\":\"\",\"dataset\":\"OpenStreetMap\"}]", "roof_material": "concrete", "roof_shape": "flat", "id": "35363435-6433-3566-B763-303839316561", "facade_color": "#E8E6BF", "version": 1, "height": 40}, "id": 16267383990796182000}, {"type": "Feature", "geometry": {"type": "Polygon", "coordinates": [[[-74.00368094444275, 40.74778122485171], [-74.00368630886078, 40.7477852888824], [-74.0037077665329, 40.747760904694275], [-74.00367558002472, 40.74774464856387], [-74.0036541223526, 40.74776903275799], [-74.00368094444275, 40.74778122485171]]]}, "properties": {"is_underground": false, "@height_source": "OpenStreetMap", "building_id": "c2df86e0-1542-4e13-8ce7-41923278d5eb", "sources": "[{\"license\":\"ODbL-1.0\",\"record_id\":\"w324852060@2\",\"update_time\":\"2015-01-27T20:21:19.000Z\",\"property\":\"\",\"dataset\":\"OpenStreetMap\"}]", "facade_color": "#9C8272", "version": 1, "@geometry_source": "OpenStreetMap", "facade_material": "brick", "min_height": 60, "roof_material": "concrete", "roof_shape": "flat", "id": "33316338-3538-3538-A265-343063343534", "height": 71}, "id": 16339684638987368000}, {"type": "Feature", "geometry": {"type": "Polygon", "coordinates": [[[-74.00448560714722, 40.74859809003743], [-74.00460362434387, 40.74864685779082], [-74.00463044643402, 40.748610281979126], [-74.00444269180298, 40.74853306631064], [-74.00453388690948, 40.748407082659014], [-74.00459289550781, 40.748431466610214], [-74.00460362434387, 40.748411146651506], [-74.0045017004013, 40.74836644272048], [-74.00436758995056, 40.748549322248294], [-74.00448560714722, 40.74859809003743]]]}, "properties": {"is_underground": false, "@height_source": "OpenStreetMap", "building_id": "f5a58c1e-ef11-4faf-a7e7-820dae3de922", "@geometry_source": "OpenStreetMap", "sources": "[{\"license\":\"ODbL-1.0\",\"record_id\":\"w325079369@6\",\"update_time\":\"2023-08-28T18:20:47.000Z\",\"property\":\"\",\"dataset\":\"OpenStreetMap\"}]", "roof_material": "concrete", "roof_shape": "flat", "num_floors": 7, "id": "32346366-3032-3263-A564-613934376462", "facade_color": "#BCB7B3", "version": 1, "height": 24.5}, "id": 16385617444390914000}, {"type": "Feature", "geometry": {"type": "Polygon", "coordinates": [[[-74.00783836841583, 40.75030087624893], [-74.00789737701416, 40.7502317903062], [-74.0067708492279, 40.749752250607855], [-74.0067332983017, 40.74974412278658], [-74.00668501853943, 40.74974818669733], [-74.00662064552307, 40.74976850624748], [-74.006786942482, 40.74984165657659], [-74.00679767131805, 40.7498619760982], [-74.00765061378479, 40.7502195986618], [-74.00767207145691, 40.750211470897625], [-74.0078330039978, 40.75028055686147], [-74.00783836841583, 40.75030087624893]]]}, "properties": {"is_underground": false, "@height_source": "OpenStreetMap", "building_id": "e97d1878-d2e4-4cb0-a436-31913e612640", "sources": "[{\"license\":\"ODbL-1.0\",\"record_id\":\"w325084540@1\",\"update_time\":\"2015-01-28T21:31:33.000Z\",\"property\":\"\",\"dataset\":\"OpenStreetMap\"}]", "facade_color": "#DAD2BD", "version": 1, "roof_direction": 299, "roof_height": 10, "@geometry_source": "OpenStreetMap", "roof_material": "concrete", "roof_shape": "skillion", "id": "37313264-3836-3864-A366-313131616133", "height": 10}, "id": 16409230628652618000}, {"type": "Feature", "geometry": {"type": "Polygon", "coordinates": [[[-74.00542438030243, 40.74894352752], [-74.00542438030243, 40.74893946356005], [-74.00487720966339, 40.748711881406365], [-74.00486648082733, 40.748711881406365], [-74.00542438030243, 40.74894352752]]]}, "properties": {"is_underground": false, "@height_source": "OpenStreetMap", "building_id": "81dd7605-0d89-4dd9-b316-4866b53a6ccf", "sources": "[{\"license\":\"ODbL-1.0\",\"record_id\":\"w325066238@1\",\"update_time\":\"2015-01-30T07:54:57.000Z\",\"property\":\"\",\"dataset\":\"OpenStreetMap\"}]", "facade_color": "#A3C5C1", "version": 1, "@geometry_source": "OpenStreetMap", "facade_material": "glass", "roof_material": "concrete", "roof_shape": "flat", "num_floors": 11, "roof_color": "#9A9381", "id": "32613034-3962-3264-B535-653231643936", "height": 33}, "id": 16557387123868582000}, {"type": "Feature", "geometry": {"type": "Polygon", "coordinates": [[[-74.00608956813812, 40.74824858675828], [-74.00599837303162, 40.748207946722886], [-74.00594472885132, 40.74827703476825], [-74.00604128837585, 40.74831767476144], [-74.00608956813812, 40.74824858675828]]]}, "properties": {"is_underground": false, "@height_source": "OpenStreetMap", "building_id": "52696065-b000-4757-b389-094083560d2b", "sources": "[{\"license\":\"ODbL-1.0\",\"record_id\":\"w324756600@2\",\"update_time\":\"2015-01-27T19:59:21.000Z\",\"property\":\"\",\"dataset\":\"OpenStreetMap\"}]", "facade_color": "#C89160", "version": 1, "@geometry_source": "OpenStreetMap", "facade_material": "brick", "min_height": 17, "roof_material": "concrete", "roof_shape": "flat", "roof_color": "#C0BDB4", "id": "34393932-3235-3738-A263-313138633132", "height": 19.5}, "id": 16584499640900817000}, {"type": "Feature", "geometry": {"type": "Polygon", "coordinates": [[[-74.00559604167938, 40.748061642389786], [-74.00563895702362, 40.748004746173336], [-74.00555312633514, 40.74796817000848], [-74.0055102109909, 40.74802506625622], [-74.00559604167938, 40.748061642389786]]]}, "properties": {"is_underground": false, "@height_source": "OpenStreetMap", "building_id": "d176a567-1fda-47eb-81ba-55ae6f139bb9", "sources": "[{\"license\":\"ODbL-1.0\",\"record_id\":\"w324768687@2\",\"update_time\":\"2020-12-05T07:22:59.000Z\",\"property\":\"\",\"dataset\":\"OpenStreetMap\"}]", "facade_color": "#C49C6F", "version": 1, "@geometry_source": "OpenStreetMap", "facade_material": "brick", "roof_material": "concrete", "roof_shape": "flat", "roof_color": "#596768", "id": "65306266-3139-3563-A665-333836653439", "height": 57.5}, "id": 16670264671717560000}, {"type": "Feature", "geometry": {"type": "Polygon", "coordinates": [[[-74.00508642196655, 40.74991074292467], [-74.00493621826172, 40.7498619760982], [-74.00487720966339, 40.74994731802107], [-74.0050220489502, 40.75000421257545], [-74.00508642196655, 40.74991074292467]]]}, "properties": {"is_underground": false, "@height_source": "OpenStreetMap", "building_id": "fc899e62-22fa-4b9c-ac1c-caa4ed37e281", "sources": "[{\"license\":\"ODbL-1.0\",\"record_id\":\"w293957447@3\",\"update_time\":\"2021-12-18T04:49:52.000Z\",\"property\":\"\",\"dataset\":\"OpenStreetMap\"}]", "facade_color": "#B9BCA9", "version": 1, "@geometry_source": "OpenStreetMap", "facade_material": "glass", "min_height": 25, "roof_material": "concrete", "roof_shape": "flat", "id": "33356133-6438-3462-B465-626637626433", "height": 68}, "id": 16749780412999705000}, {"type": "Feature", "geometry": {"type": "Polygon", "coordinates": [[[-74.00534927845001, 40.74851681036898], [-74.00534927845001, 40.748496490436395], [-74.00532245635986, 40.748492426449104], [-74.0053117275238, 40.74850461841018], [-74.00531709194183, 40.74851681036898], [-74.00534927845001, 40.74851681036898]]]}, "properties": {"is_underground": false, "@height_source": "OpenStreetMap", "building_id": "3d341965-bd4c-4df5-9280-0ac9f9c2842e", "sources": "[{\"license\":\"ODbL-1.0\",\"record_id\":\"w325066206@1\",\"update_time\":\"2015-01-28T20:20:06.000Z\",\"property\":\"\",\"dataset\":\"OpenStreetMap\"}]", "facade_color": "#817D74", "version": 1, "roof_height": 1, "@geometry_source": "OpenStreetMap", "min_height": 47, "roof_shape": "pyramidal", "roof_color": "#CFB88E", "id": "64333935-3334-3338-B162-626134636632", "height": 52}, "id": 16998350573364302000}, {"type": "Feature", "geometry": {"type": "Polygon", "coordinates": [[[-74.00437831878662, 40.75066662416157], [-74.00420129299164, 40.75091451882517], [-74.0044105052948, 40.75099579556286], [-74.00444269180298, 40.75095515720645], [-74.00438904762268, 40.75093077418063], [-74.00453388690948, 40.75073164580209], [-74.00437831878662, 40.75066662416157]]]}, "properties": {"is_underground": false, "@height_source": "OpenStreetMap", "building_id": "d7f50c9b-2cb2-4195-a523-c9aa012958b4", "@geometry_source": "OpenStreetMap", "facade_material": "brick", "sources": "[{\"license\":\"ODbL-1.0\",\"record_id\":\"w264656591@2\",\"update_time\":\"2015-02-01T20:02:24.000Z\",\"property\":\"\",\"dataset\":\"OpenStreetMap\"}]", "roof_material": "concrete", "roof_shape": "flat", "id": "33633433-3431-3166-B862-353536653431", "facade_color": "#6F4D36", "version": 1, "height": 27.4}, "id": 17005772862952026000}, {"type": "Feature", "geometry": {"type": "Polygon", "coordinates": [[[-74.00463581085205, 40.747695880148854], [-74.00474846363068, 40.74774464856387], [-74.00482892990112, 40.74763898361945], [-74.00471091270447, 40.747590215126934], [-74.00479137897491, 40.74748048588802], [-74.00461971759796, 40.74740733296147], [-74.0044641494751, 40.74762679149967], [-74.00463581085205, 40.747695880148854]]]}, "properties": {"is_underground": false, "@height_source": "OpenStreetMap", "building_id": "09fcb85d-21d7-4a74-83b0-c34b6dc72dde", "@geometry_source": "OpenStreetMap", "sources": "[{\"license\":\"ODbL-1.0\",\"record_id\":\"w324771073@1\",\"update_time\":\"2015-01-27T15:05:56.000Z\",\"property\":\"\",\"dataset\":\"OpenStreetMap\"}]", "roof_material": "concrete", "roof_shape": "flat", "num_floors": 12, "id": "30363966-3563-3862-B532-363133333535", "facade_color": "#E0E9EC", "version": 1, "height": 39.7}, "id": 17085714682976060000}, {"type": "Feature", "geometry": {"type": "Polygon", "coordinates": [[[-74.00486648082733, 40.748711881406365], [-74.00487720966339, 40.748711881406365], [-74.00542438030243, 40.74893946356005], [-74.00542438030243, 40.74894352752], [-74.0055102109909, 40.74882567258058], [-74.00495231151581, 40.748594026056395], [-74.00486648082733, 40.748711881406365]]]}, "properties": {"is_underground": false, "@height_source": "OpenStreetMap", "building_id": "81dd7605-0d89-4dd9-b316-4866b53a6ccf", "sources": "[{\"license\":\"ODbL-1.0\",\"record_id\":\"w325066241@3\",\"update_time\":\"2020-12-05T07:22:59.000Z\",\"property\":\"\",\"dataset\":\"OpenStreetMap\"}]", "facade_color": "#D7B693", "version": 1, "@geometry_source": "OpenStreetMap", "facade_material": "brick", "roof_material": "concrete", "roof_shape": "flat", "num_floors": 11, "roof_color": "#9A9381", "id": "37633161-3030-3166-A263-626664356136", "height": 33}, "id": 17272637972731908000}, {"type": "Feature", "geometry": {"type": "Polygon", "coordinates": [[[-74.00448560714722, 40.74859809003743], [-74.00460362434387, 40.74864685779082], [-74.00463044643402, 40.748610281979126], [-74.00451242923737, 40.74856151419894], [-74.00448560714722, 40.74859809003743]]]}, "properties": {"is_underground": false, "@height_source": "OpenStreetMap", "building_id": "f5a58c1e-ef11-4faf-a7e7-820dae3de922", "sources": "[{\"license\":\"ODbL-1.0\",\"record_id\":\"w325079372@3\",\"update_time\":\"2023-05-02T02:41:15.000Z\",\"property\":\"\",\"dataset\":\"OpenStreetMap\"}]", "min_floor": 7, "facade_color": "#BCB7B3", "version": 1, "@geometry_source": "OpenStreetMap", "min_height": 24.5, "roof_material": "concrete", "roof_shape": "flat", "num_floors": 8, "id": "39653533-6261-3132-A332-386532363464", "height": 28}, "id": 17322800873151865000}, {"type": "Feature", "geometry": {"type": "Polygon", "coordinates": [[[-74.00590181350708, 40.75080885891762], [-74.00593400001526, 40.75076415659851], [-74.0058696269989, 40.75073977350269], [-74.00583744049072, 40.750784475838174], [-74.00590181350708, 40.75080885891762]]]}, "properties": {"is_underground": false, "@height_source": "OpenStreetMap", "building_id": "2954e2a5-27bd-4a80-a3ea-c513623945e8", "sources": "[{\"license\":\"ODbL-1.0\",\"record_id\":\"w325087123@1\",\"update_time\":\"2015-01-28T21:44:29.000Z\",\"property\":\"\",\"dataset\":\"OpenStreetMap\"}]", "version": 1, "@geometry_source": "OpenStreetMap", "min_height": 35, "roof_material": "concrete", "roof_shape": "flat", "num_floors": 10, "roof_color": "#DBD5BF", "id": "31356234-6464-3239-B761-376238346666", "height": 38.9}, "id": 17339207958976705000}, {"type": "Feature", "geometry": {"type": "Polygon", "coordinates": [[[-74.00439441204071, 40.74956124654463], [-74.00437295436859, 40.74958969399307], [-74.00442123413086, 40.74961001359165], [-74.00439977645874, 40.74963846101923], [-74.00443196296692, 40.74965471668668], [-74.00447487831116, 40.74959375791329], [-74.00439441204071, 40.74956124654463]]]}, "properties": {"is_underground": false, "@height_source": "OpenStreetMap", "building_id": "12864ccb-72fb-443e-bf12-f3b3e744f6da", "sources": "[{\"license\":\"ODbL-1.0\",\"record_id\":\"w325986932@2\",\"update_time\":\"2017-01-26T13:12:48.000Z\",\"property\":\"\",\"dataset\":\"OpenStreetMap\"}]", "facade_color": "#CC9B7D", "version": 1, "@geometry_source": "OpenStreetMap", "facade_material": "brick", "min_height": 15, "roof_material": "concrete", "roof_shape": "flat", "roof_color": "#C5BFA9", "id": "32326634-6236-3263-B935-396264633932", "height": 17.4}, "id": 17522973092591602000}, {"type": "Feature", "geometry": {"type": "Polygon", "coordinates": [[[-74.00615930557251, 40.74871594538024], [-74.0061753988266, 40.74869156153335], [-74.00593936443329, 40.748594026056395], [-74.00591790676117, 40.748614345959226], [-74.00615930557251, 40.74871594538024]]]}, "properties": {"is_underground": false, "@height_source": "OpenStreetMap", "building_id": "be58b80e-b4de-4fc2-8755-85fb7f5e63ff", "sources": "[{\"license\":\"ODbL-1.0\",\"record_id\":\"w325066240@1\",\"update_time\":\"2015-01-28T20:20:09.000Z\",\"property\":\"\",\"dataset\":\"OpenStreetMap\"}]", "min_floor": 12, "facade_color": "#B37462", "version": 1, "@geometry_source": "OpenStreetMap", "facade_material": "brick", "min_height": 34.3, "roof_material": "concrete", "roof_shape": "flat", "num_floors": 13, "roof_color": "#B8B6A1", "id": "64303731-3763-3230-A631-383264363531", "height": 37.1}, "id": 17549741550236266000}, {"type": "Feature", "geometry": {"type": "Polygon", "coordinates": [[[-74.00386869907379, 40.74778935291289], [-74.0038526058197, 40.74778122485171], [-74.00380969047546, 40.74784218528666], [-74.00382578372955, 40.74785031334042], [-74.00386869907379, 40.74778935291289]]]}, "properties": {"is_underground": false, "@height_source": "OpenStreetMap", "building_id": "c2df86e0-1542-4e13-8ce7-41923278d5eb", "sources": "[{\"license\":\"ODbL-1.0\",\"record_id\":\"w324852050@2\",\"update_time\":\"2015-01-27T20:21:19.000Z\",\"property\":\"\",\"dataset\":\"OpenStreetMap\"}]", "facade_color": "#9C8272", "version": 1, "@geometry_source": "OpenStreetMap", "facade_material": "brick", "min_height": 45, "roof_material": "concrete", "roof_shape": "flat", "num_floors": 18, "id": "34353133-3338-3532-A239-346665356137", "height": 53.4}, "id": 17622453125666494000}, {"type": "Feature", "geometry": {"type": "Polygon", "coordinates": [[[-74.00542438030243, 40.74894352752], [-74.00590717792511, 40.749146725200916], [-74.0059232711792, 40.74912234151199], [-74.00593400001526, 40.74912640546077], [-74.00598764419556, 40.74904919039156], [-74.00549948215485, 40.74884599241261], [-74.00542438030243, 40.74894352752]]]}, "properties": {"is_underground": false, "@height_source": "OpenStreetMap", "building_id": "e6dc0b48-2e85-448e-9884-6a66839acd0d", "sources": "[{\"license\":\"ODbL-1.0\",\"record_id\":\"w325066210@4\",\"update_time\":\"2021-12-18T04:43:01.000Z\",\"property\":\"\",\"dataset\":\"OpenStreetMap\"}]", "facade_color": "#B37462", "version": 1, "@geometry_source": "OpenStreetMap", "facade_material": "brick", "roof_material": "concrete", "roof_shape": "flat", "num_floors": 12, "roof_color": "#B8B6A1", "id": "35633761-3364-3931-B735-616130393138", "height": 34.3}, "id": 17674238093373210000}, {"type": "Feature", "geometry": {"type": "Polygon", "coordinates": [[[-74.00532245635986, 40.74895165543916], [-74.00539755821228, 40.7489801031484], [-74.00542438030243, 40.74894352752], [-74.00534927845001, 40.748915079795125], [-74.00532245635986, 40.74895165543916]]]}, "properties": {"is_underground": false, "@height_source": "OpenStreetMap", "building_id": "81dd7605-0d89-4dd9-b316-4866b53a6ccf", "sources": "[{\"license\":\"ODbL-1.0\",\"record_id\":\"w325066222@3\",\"update_time\":\"2020-12-05T07:22:59.000Z\",\"property\":\"\",\"dataset\":\"OpenStreetMap\"}]", "facade_color": "#D7B693", "version": 1, "@geometry_source": "OpenStreetMap", "facade_material": "brick", "roof_material": "concrete", "roof_shape": "flat", "num_floors": 8, "id": "62613763-3831-3539-B033-313733663632", "height": 24}, "id": 17779282071069456000}, {"type": "Feature", "geometry": {"type": "Polygon", "coordinates": [[[-74.00368630886078, 40.7477365204972], [-74.00370240211487, 40.74772432839529], [-74.00370240211487, 40.74770807225596], [-74.00369167327881, 40.747695880148854], [-74.00367021560669, 40.74769181611265], [-74.0036541223526, 40.747704008220495], [-74.00364875793457, 40.74772026436085], [-74.00366485118866, 40.747732456463496], [-74.00368630886078, 40.7477365204972]]]}, "properties": {"is_underground": false, "@height_source": "OpenStreetMap", "building_id": "c2df86e0-1542-4e13-8ce7-41923278d5eb", "sources": "[{\"license\":\"ODbL-1.0\",\"record_id\":\"w324852044@1\",\"update_time\":\"2015-01-27T19:59:19.000Z\",\"property\":\"\",\"dataset\":\"OpenStreetMap\"}]", "facade_color": "#9A988C", "version": 1, "roof_height": 1, "@geometry_source": "OpenStreetMap", "min_height": 66, "roof_shape": "pyramidal", "roof_color": "#727A7C", "id": "31336234-3061-3837-B134-623266346666", "height": 71}, "id": 17985153107313996000}, {"type": "Feature", "geometry": {"type": "Polygon", "coordinates": [[[-74.00369703769684, 40.74800068215603], [-74.0035629272461, 40.7479437858874], [-74.0035629272461, 40.74817949868333], [-74.00369703769684, 40.74800068215603]]]}, "properties": {"is_underground": false, "@height_source": "OpenStreetMap", "building_id": "c2df86e0-1542-4e13-8ce7-41923278d5eb", "sources": "[{\"license\":\"ODbL-1.0\",\"record_id\":\"w324854435@4\",\"update_time\":\"2021-12-18T04:38:24.000Z\",\"property\":\"\",\"dataset\":\"OpenStreetMap\"}]", "facade_color": "#9C8272", "version": 1, "@geometry_source": "OpenStreetMap", "facade_material": "brick", "min_height": 45, "roof_material": "concrete", "roof_shape": "flat", "num_floors": 19, "id": "39326235-6639-3234-B039-666135653739", "height": 57}, "id": 17990860204132719000}, {"type": "Feature", "geometry": {"type": "Polygon", "coordinates": [[[-74.0036004781723, 40.74815511463973], [-74.00365948677063, 40.748073834429846], [-74.00364875793457, 40.748065706403395], [-74.00358974933624, 40.74815105063158], [-74.0036004781723, 40.74815511463973]]]}, "properties": {"is_underground": false, "@height_source": "OpenStreetMap", "building_id": "c2df86e0-1542-4e13-8ce7-41923278d5eb", "sources": "[{\"license\":\"ODbL-1.0\",\"record_id\":\"w324854441@2\",\"update_time\":\"2015-01-27T20:21:56.000Z\",\"property\":\"\",\"dataset\":\"OpenStreetMap\"}]", "facade_color": "#9C8272", "version": 1, "@geometry_source": "OpenStreetMap", "facade_material": "brick", "min_height": 45, "roof_material": "concrete", "roof_shape": "flat", "num_floors": 18, "id": "39313030-3232-3236-A633-623033633935", "height": 53.4}, "id": 18074935353025663000}, {"type": "Feature", "geometry": {"type": "Polygon", "coordinates": [[[-74.00412619113922, 40.749447456629156], [-74.00396525859833, 40.749662844518895], [-74.00428175926208, 40.749796953607245], [-74.00442123413086, 40.74961001359165], [-74.00437295436859, 40.74958969399307], [-74.00439441204071, 40.74956124654463], [-74.00412619113922, 40.749447456629156]]]}, "properties": {"is_underground": false, "@height_source": "OpenStreetMap", "building_id": "623a047c-67c0-4aab-8509-f0767006c9c1", "sources": "[{\"license\":\"ODbL-1.0\",\"record_id\":\"w325986883@4\",\"update_time\":\"2021-12-18T04:49:52.000Z\",\"property\":\"\",\"dataset\":\"OpenStreetMap\"}]", "facade_color": "#CC9B7D", "version": 1, "@geometry_source": "OpenStreetMap", "facade_material": "brick", "roof_material": "concrete", "roof_shape": "flat", "num_floors": 4, "roof_color": "#C5BFA9", "id": "32326135-3830-3134-B565-343834323038", "height": 15}, "id": 18159303833040187000}, {"type": "Feature", "geometry": {"type": "Polygon", "coordinates": [[[-74.00373458862305, 40.750504069782096], [-74.00361657142639, 40.75045530339074], [-74.00358438491821, 40.750504069782096], [-74.0035629272461, 40.75049594205271], [-74.0035629272461, 40.7505000059175], [-74.0035629272461, 40.750516261374344], [-74.0037077665329, 40.750577219302045], [-74.00371849536896, 40.750560963860096], [-74.00370240211487, 40.75055283613764], [-74.00373458862305, 40.750504069782096]]]}, "properties": {"is_underground": false, "@height_source": "OpenStreetMap", "building_id": "c4b01053-58ef-43e5-98b4-4fbff840e3e3", "sources": "[{\"license\":\"ODbL-1.0\",\"record_id\":\"w325986884@1\",\"update_time\":\"2015-02-01T20:02:13.000Z\",\"property\":\"\",\"dataset\":\"OpenStreetMap\"}]", "facade_color": "#9B9C8A", "version": 1, "@geometry_source": "OpenStreetMap", "min_height": 43, "roof_material": "concrete", "roof_shape": "flat", "num_floors": 11, "roof_color": "#BBB497", "id": "33363239-6531-3663-B336-633133616262", "height": 45.9}, "id": 18239216132166865000}, {"type": "Feature", "geometry": {"type": "Polygon", "coordinates": [[[-74.00501668453217, 40.75000014868033], [-74.0050220489502, 40.75000421257545], [-74.00508105754852, 40.74992293462569], [-74.00501668453217, 40.75000014868033]]]}, "properties": {"is_underground": false, "@height_source": "OpenStreetMap", "building_id": "fc899e62-22fa-4b9c-ac1c-caa4ed37e281", "@geometry_source": "OpenStreetMap", "sources": "[{\"license\":\"ODbL-1.0\",\"record_id\":\"w293957451@1\",\"update_time\":\"2014-07-23T08:35:48.000Z\",\"property\":\"\",\"dataset\":\"OpenStreetMap\"}]", "roof_material": "concrete", "roof_shape": "flat", "id": "35633330-3865-3264-A532-653264373931", "facade_color": "#676E73", "version": 1, "height": 25}, "id": 18256941562209580000}, {"type": "Feature", "geometry": {"type": "Polygon", "coordinates": [[[-74.00649726390839, 40.74731385966044], [-74.00650799274445, 40.747305731541104], [-74.00650799274445, 40.74728947529945], [-74.00649189949036, 40.747281347177136], [-74.0064811706543, 40.747281347177136], [-74.00647044181824, 40.74728541123844], [-74.00647044181824, 40.747305731541104], [-74.00648653507233, 40.74731385966044], [-74.00649726390839, 40.74731385966044]]]}, "properties": {"is_underground": false, "@height_source": "OpenStreetMap", "building_id": "e8cb1b51-1055-4d7e-a65e-d463e31dcd02", "@geometry_source": "OpenStreetMap", "min_height": 22, "sources": "[{\"license\":\"ODbL-1.0\",\"record_id\":\"w324756047@1\",\"update_time\":\"2015-01-27T13:43:44.000Z\",\"property\":\"\",\"dataset\":\"OpenStreetMap\"}]", "roof_shape": "flat", "roof_color": "#6E7470", "id": "61333931-3234-3233-A437-323234613165", "facade_color": "#DFD3B9", "version": 1, "height": 28}, "id": 18382722824305450000}, {"type": "Feature", "geometry": {"type": "Polygon", "coordinates": [[[-74.00654017925262, 40.75091858266441], [-74.00655090808868, 40.7508982634657], [-74.00655090808868, 40.75089013578446], [-74.0065348148346, 40.75087388041905], [-74.00650799274445, 40.75087388041905], [-74.00649189949036, 40.75089419962521], [-74.00649726390839, 40.75091451882517], [-74.00651335716248, 40.75091858266441], [-74.00654017925262, 40.75091858266441]]]}, "properties": {"is_underground": false, "@height_source": "OpenStreetMap", "building_id": "2954e2a5-27bd-4a80-a3ea-c513623945e8", "sources": "[{\"license\":\"ODbL-1.0\",\"record_id\":\"w325087117@1\",\"update_time\":\"2015-01-28T21:44:28.000Z\",\"property\":\"\",\"dataset\":\"OpenStreetMap\"}]", "facade_color": "#303F46", "version": 1, "roof_height": 1, "@geometry_source": "OpenStreetMap", "min_height": 38.9, "roof_shape": "pyramidal", "roof_color": "#828886", "id": "65333465-3261-3936-B334-636662373639", "height": 44}, "id": 18419434671837210000}, {"type": "Feature", "geometry": {"type": "Polygon", "coordinates": [[[-74.0014922618866, 40.7471675533603], [-74.00133669376373, 40.747102528234706], [-74.00134205818176, 40.74709033601661], [-74.00131523609161, 40.747078143796216], [-74.00132596492767, 40.74706595157363], [-74.00130987167358, 40.747061887498944], [-74.00133669376373, 40.74702124673831], [-74.00128304958344, 40.74699686227001], [-74.00122940540314, 40.74699686227001], [-74.00119721889496, 40.74703750304553], [-74.00118112564087, 40.747029374892435], [-74.00112211704254, 40.74711065637888], [-74.00113821029663, 40.74711878452206], [-74.00112748146057, 40.747139104875714], [-74.00121867656708, 40.74717568149654], [-74.00120794773102, 40.74718787369903], [-74.00133669376373, 40.74724477061437], [-74.00134742259979, 40.74722851435783], [-74.00142788887024, 40.747261026866965], [-74.0014922618866, 40.7471675533603]]]}, "properties": {"is_underground": false, "@height_source": "OpenStreetMap", "building_id": "25d032d0-78c4-407a-9a97-0d5533855e3d", "sources": "[{\"license\":\"ODbL-1.0\",\"record_id\":\"w324859922@3\",\"update_time\":\"2021-12-18T04:36:16.000Z\",\"property\":\"\",\"dataset\":\"OpenStreetMap\"}]", "facade_color": "#9C8272", "version": 1, "@geometry_source": "OpenStreetMap", "facade_material": "brick", "min_height": 57, "roof_material": "concrete", "roof_shape": "flat", "num_floors": 20, "id": "39376330-3861-3038-B630-626366396633", "height": 60}, "id": 218365085446734000}, {"type": "Feature", "geometry": {"type": "Polygon", "coordinates": [[[-74.00139033794403, 40.74971161149142], [-74.00147080421448, 40.74960594967243], [-74.00142252445221, 40.74958969399307], [-74.00141716003418, 40.74956531046658], [-74.00144398212433, 40.74953279908402], [-74.00130450725555, 40.749475904126285], [-74.0012776851654, 40.74950841553667], [-74.00125086307526, 40.74951654338679], [-74.00120794773102, 40.74949622375962], [-74.0011328458786, 40.74960188575295], [-74.00117039680481, 40.74961814142935], [-74.00118112564087, 40.74964252493646], [-74.00115966796875, 40.74967503626539], [-74.0012937784195, 40.749731931052736], [-74.00132060050964, 40.749699419751664], [-74.00134742259979, 40.74969129192388], [-74.00139033794403, 40.74971161149142]]]}, "properties": {"is_underground": false, "@height_source": "OpenStreetMap", "building_id": "6e80fcb1-8e5d-4103-ba55-f3608b668816", "sources": "[{\"license\":\"ODbL-1.0\",\"record_id\":\"w325989381@3\",\"update_time\":\"2023-06-16T22:35:57.000Z\",\"property\":\"\",\"dataset\":\"OpenStreetMap\"}]", "facade_color": "#846F56", "version": 1, "@geometry_source": "OpenStreetMap", "facade_material": "brick", "roof_material": "concrete", "roof_shape": "flat", "num_floors": 14, "id": "63616364-3033-3535-B137-633235623232", "height": 37.6}, "id": 369845375530939840}, {"type": "Feature", "geometry": {"type": "Polygon", "coordinates": [[[-74.00302648544312, 40.74750487017897], [-74.00303184986115, 40.74749674208297], [-74.0030425786972, 40.74750487017897], [-74.0030962228775, 40.74742358917433], [-74.00306940078735, 40.74741139701504], [-74.00305330753326, 40.747431717279255], [-74.00302112102509, 40.74741952512147], [-74.00302648544312, 40.747415461068385], [-74.00291919708252, 40.74737075646803], [-74.00291919708252, 40.747374820523845], [-74.00289237499237, 40.74736262835563], [-74.00290310382843, 40.74734230807033], [-74.00287628173828, 40.74733011589615], [-74.00284945964813, 40.74736262835563], [-74.00282800197601, 40.7473504361852], [-74.00282263755798, 40.74736262835563], [-74.00281190872192, 40.74735450024224], [-74.00278508663177, 40.747391076744634], [-74.00279581546783, 40.74739514079923], [-74.0027904510498, 40.74740326890762], [-74.00286018848419, 40.74743984538321], [-74.00285482406616, 40.747447973486146], [-74.00297284126282, 40.74749674208297], [-74.00297820568085, 40.747492678034604], [-74.00302112102509, 40.7475089342266], [-74.00302648544312, 40.74750487017897]]]}, "properties": {"is_underground": false, "@height_source": "OpenStreetMap", "building_id": "d770374b-1c40-410e-aecc-0658c6e22aaa", "sources": "[{\"license\":\"ODbL-1.0\",\"record_id\":\"w324981663@4\",\"update_time\":\"2023-09-22T17:35:12.000Z\",\"property\":\"\",\"dataset\":\"OpenStreetMap\"}]", "facade_color": "#9C8272", "version": 1, "@geometry_source": "OpenStreetMap", "facade_material": "brick", "min_height": 47, "roof_material": "concrete", "roof_shape": "flat", "num_floors": 17, "id": "35643664-6232-3462-B635-376530663433", "height": 51.5}, "id": 426786023880445900}, {"type": "Feature", "geometry": {"type": "Polygon", "coordinates": [[[-74.00338590145111, 40.749528735160084], [-74.003546833992, 40.749309282898594], [-74.00346100330353, 40.74927270745124], [-74.00339126586914, 40.74937024193278], [-74.0033107995987, 40.74933773045481], [-74.00321960449219, 40.749459648415126], [-74.00338590145111, 40.749528735160084]]]}, "properties": {"is_underground": false, "@height_source": "OpenStreetMap", "building_id": "4ad3452c-e4fd-468b-a255-6b62ca7f77d7", "@geometry_source": "OpenStreetMap", "min_height": 40, "sources": "[{\"license\":\"ODbL-1.0\",\"record_id\":\"w325986938@3\",\"update_time\":\"2021-12-18T04:49:52.000Z\",\"property\":\"\",\"dataset\":\"OpenStreetMap\"}]", "roof_material": "concrete", "roof_shape": "flat", "id": "66343531-3364-3566-A133-333563663164", "facade_color": "#F4EECE", "version": 1, "height": 48.4}, "id": 770661391548838700}, {"type": "Feature", "geometry": {"type": "Polygon", "coordinates": [[[-74.001025557518, 40.75136966727672], [-74.0011328458786, 40.75121930607929], [-73.99930357933044, 40.750451239523215], [-73.99919629096985, 40.75059753859884], [-74.001025557518, 40.75136966727672]]]}, "properties": {"is_underground": false, "@height_source": "OpenStreetMap", "building_id": "c7b3a70e-51c5-419b-93cb-61b99570152c", "@geometry_source": "OpenStreetMap", "min_height": 5.5, "sources": "[{\"license\":\"ODbL-1.0\",\"record_id\":\"w287854632@5\",\"update_time\":\"2024-09-03T02:23:24.000Z\",\"property\":\"\",\"dataset\":\"OpenStreetMap\"}]", "roof_material": "concrete", "roof_shape": "flat", "id": "36386234-6565-3062-B662-373838643037", "facade_color": "#625C52", "version": 1, "height": 23}, "id": 823113167198806300}, {"type": "Feature", "geometry": {"type": "Polygon", "coordinates": [[[-74.0025007724762, 40.747549574689174], [-74.00225937366486, 40.74745203753724], [-74.00217890739441, 40.74756176682311], [-74.00226473808289, 40.74759834321151], [-74.00227546691895, 40.74761053533649], [-74.00252759456635, 40.74770807225596], [-74.00260269641876, 40.74759834321151], [-74.0025007724762, 40.747549574689174]]]}, "properties": {"is_underground": false, "@height_source": "OpenStreetMap", "building_id": "f0008e74-ae8e-4f3f-8243-790bb1aea936", "sources": "[{\"license\":\"ODbL-1.0\",\"record_id\":\"w264652325@4\",\"update_time\":\"2015-01-28T11:08:08.000Z\",\"property\":\"\",\"dataset\":\"OpenStreetMap\"}]", "facade_color": "#9C8272", "version": 1, "@geometry_source": "OpenStreetMap", "facade_material": "brick", "roof_material": "concrete", "roof_shape": "flat", "num_floors": 16, "id": "33336239-6361-3666-B739-316137323064", "height": 47}, "id": 1049451825279134500}, {"type": "Feature", "geometry": {"type": "Polygon", "coordinates": [[[-74.00163173675537, 40.747216322162814], [-74.00162637233734, 40.74722038622804], [-74.00161564350128, 40.747216322162814], [-74.00156199932098, 40.747297603420776], [-74.00159418582916, 40.7473097956009], [-74.00161027908325, 40.74728947529945], [-74.00173902511597, 40.7473504361852], [-74.001744389534, 40.74734637212788], [-74.00177121162415, 40.74735450024224], [-74.00175511837006, 40.747378884579405], [-74.00178730487823, 40.747391076744634], [-74.00181412696838, 40.74735856429908], [-74.0018355846405, 40.74736669241196], [-74.00184094905853, 40.74735856429908], [-74.00185167789459, 40.74736262835563], [-74.00187849998474, 40.747326051837604], [-74.00186777114868, 40.747321987778804], [-74.00187313556671, 40.74731385966044], [-74.00180339813232, 40.74727728311561], [-74.00180339813232, 40.747273219053824], [-74.00168538093567, 40.74722038622804], [-74.00168001651764, 40.74722851435783], [-74.0016371011734, 40.74721225809728], [-74.00163173675537, 40.747216322162814]]]}, "properties": {"is_underground": false, "@height_source": "OpenStreetMap", "building_id": "94a63fb5-57e5-40cf-b9a8-e5f6a9a1dbcf", "sources": "[{\"license\":\"ODbL-1.0\",\"record_id\":\"w324981658@4\",\"update_time\":\"2023-09-22T17:35:12.000Z\",\"property\":\"\",\"dataset\":\"OpenStreetMap\"}]", "facade_color": "#9C8272", "version": 1, "@geometry_source": "OpenStreetMap", "facade_material": "brick", "min_height": 47, "roof_material": "concrete", "roof_shape": "flat", "num_floors": 17, "id": "36376663-3265-3231-B038-386232363665", "height": 51.5}, "id": 1466695541855452400}, {"type": "Feature", "geometry": {"type": "Polygon", "coordinates": [[[-74.0011328458786, 40.75121930607929], [-74.00132060050964, 40.75130058244446], [-74.00165855884552, 40.75083324198812], [-73.99914264678955, 40.74977257015678], [-73.99880468845367, 40.75023991806788], [-74.0011328458786, 40.75121930607929]]]}, "properties": {"is_underground": false, "@height_source": "OpenStreetMap", "building_id": "8f00e870-b888-476c-9d5d-a406c2623956", "@geometry_source": "OpenStreetMap", "sources": "[{\"license\":\"ODbL-1.0\",\"record_id\":\"w287854625@3\",\"update_time\":\"2022-10-06T11:45:30.000Z\",\"property\":\"\",\"dataset\":\"OpenStreetMap\"}]", "roof_material": "concrete", "roof_shape": "flat", "id": "61663039-6562-3662-B533-333664666637", "facade_color": "#AA906F", "version": 1, "height": 23}, "id": 1555640454403209200}, {"type": "Feature", "geometry": {"type": "Polygon", "coordinates": [[[-74.00213599205017, 40.75076415659851], [-74.00232374668121, 40.750841369676266], [-74.0025007724762, 40.750601602457465], [-74.00231301784515, 40.75052438910126], [-74.00213599205017, 40.75076415659851]]]}, "properties": {"is_underground": false, "@height_source": "OpenStreetMap", "building_id": "2e7113ea-6ffd-410e-b8fc-03518996cff2", "sources": "[{\"license\":\"ODbL-1.0\",\"record_id\":\"w325986934@3\",\"update_time\":\"2023-06-16T22:38:59.000Z\",\"property\":\"\",\"dataset\":\"OpenStreetMap\"}]", "facade_color": "#9F918E", "version": 1, "@geometry_source": "OpenStreetMap", "facade_material": "brick", "roof_material": "concrete", "roof_shape": "flat", "num_floors": 13, "id": "37373333-3038-3236-A431-646637386234", "height": 40}, "id": 1831523897443890700}, {"type": "Feature", "geometry": {"type": "Polygon", "coordinates": [[[-74.00332689285278, 40.7480819624553], [-74.00331616401672, 40.748090090479764], [-74.00344491004944, 40.74814292261459], [-74.0034556388855, 40.74813479459655], [-74.00332689285278, 40.7480819624553]]]}, "properties": {"is_underground": false, "@height_source": "OpenStreetMap", "building_id": "c2df86e0-1542-4e13-8ce7-41923278d5eb", "sources": "[{\"license\":\"ODbL-1.0\",\"record_id\":\"w324854440@2\",\"update_time\":\"2015-01-27T20:21:20.000Z\",\"property\":\"\",\"dataset\":\"OpenStreetMap\"}]", "facade_color": "#9C8272", "version": 1, "@geometry_source": "OpenStreetMap", "facade_material": "brick", "min_height": 45, "roof_material": "concrete", "roof_shape": "flat", "num_floors": 18, "id": "61353961-6163-3634-B032-373838343339", "height": 53.4}, "id": 1853029171660460300}, {"type": "Feature", "geometry": {"type": "Polygon", "coordinates": [[[-73.99788200855255, 40.74713504080549], [-73.99787664413452, 40.74712284859328], [-73.9978551864624, 40.74712691266427], [-73.99786055088043, 40.747139104875714], [-73.99788200855255, 40.74713504080549]]]}, "properties": {"is_underground": false, "building_id": "bbbc9d99-b246-4a25-aa1a-1c772167ea37", "id": "63366535-6466-3137-A131-313137363531", "@geometry_source": "OpenStreetMap", "sources": "[{\"license\":\"ODbL-1.0\",\"record_id\":\"w1275401822@1\",\"update_time\":\"2024-04-23T20:43:25.000Z\",\"property\":\"\",\"dataset\":\"OpenStreetMap\"}]", "version": 1}, "id": 1911566335658950100}, {"type": "Feature", "geometry": {"type": "Polygon", "coordinates": [[[-74.0012937784195, 40.749731931052736], [-74.00161564350128, 40.749870103905096], [-74.00171220302582, 40.74974005887552], [-74.00167465209961, 40.74972380322896], [-74.0016907453537, 40.749699419751664], [-74.0016907453537, 40.749553118699964], [-74.00168001651764, 40.74953279908402], [-74.00164246559143, 40.74950841553667], [-74.00159955024719, 40.74950435161125], [-74.00156199932098, 40.74951247946183], [-74.0015298128128, 40.74954092693113], [-74.00151908397675, 40.749536863007705], [-74.00152444839478, 40.749528735160084], [-74.00126695632935, 40.74941900911986], [-74.00120794773102, 40.74949622375962], [-74.00125086307526, 40.74951654338679], [-74.0012776851654, 40.74950841553667], [-74.00130450725555, 40.749475904126285], [-74.00144398212433, 40.74953279908402], [-74.00141716003418, 40.74956531046658], [-74.00142252445221, 40.74958969399307], [-74.00147080421448, 40.74960594967243], [-74.00139033794403, 40.74971161149142], [-74.00134742259979, 40.74969129192388], [-74.00132060050964, 40.749699419751664], [-74.0012937784195, 40.749731931052736]]]}, "properties": {"is_underground": false, "@height_source": "OpenStreetMap", "building_id": "6e80fcb1-8e5d-4103-ba55-f3608b668816", "sources": "[{\"license\":\"ODbL-1.0\",\"record_id\":\"w325989382@3\",\"update_time\":\"2023-06-16T22:35:57.000Z\",\"property\":\"\",\"dataset\":\"OpenStreetMap\"}]", "facade_color": "#846F56", "version": 1, "@geometry_source": "OpenStreetMap", "facade_material": "brick", "roof_material": "concrete", "roof_shape": "flat", "num_floors": 2, "id": "63333132-3330-3837-A463-343064393337", "height": 7}, "id": 2190284839252749600}, {"type": "Feature", "geometry": {"type": "Polygon", "coordinates": [[[-73.99986684322357, 40.75007736264527], [-73.99977564811707, 40.75004078762041], [-73.9997273683548, 40.75010174598398], [-73.9998185634613, 40.750142384862016], [-73.99986684322357, 40.75007736264527]]]}, "properties": {"is_underground": false, "@height_source": "OpenStreetMap", "building_id": "c7b3a70e-51c5-419b-93cb-61b99570152c", "@geometry_source": "OpenStreetMap", "sources": "[{\"license\":\"ODbL-1.0\",\"record_id\":\"w287854627@1\",\"update_time\":\"2014-06-13T10:43:27.000Z\",\"property\":\"\",\"dataset\":\"OpenStreetMap\"}]", "roof_material": "concrete", "roof_shape": "flat", "id": "64343161-6362-3664-B331-613232623961", "facade_color": "#AA906F", "version": 1, "height": 28}, "id": 2301288500483308300}, {"type": "Feature", "geometry": {"type": "Polygon", "coordinates": [[[-74.00352001190186, 40.748037258302986], [-74.00352537631989, 40.74802506625622], [-74.00349855422974, 40.748012874207234], [-74.0034931898117, 40.74802506625622], [-74.00352001190186, 40.748037258302986]]]}, "properties": {"is_underground": false, "@height_source": "OpenStreetMap", "building_id": "c2df86e0-1542-4e13-8ce7-41923278d5eb", "sources": "[{\"license\":\"ODbL-1.0\",\"record_id\":\"w324854444@1\",\"update_time\":\"2015-01-27T20:10:22.000Z\",\"property\":\"\",\"dataset\":\"OpenStreetMap\"}]", "facade_color": "#9C8272", "version": 1, "@geometry_source": "OpenStreetMap", "facade_material": "brick", "min_height": 59.7, "roof_material": "concrete", "roof_shape": "flat", "id": "66616235-6437-3338-A266-306139363461", "height": 71}, "id": 2416367014161517000}, {"type": "Feature", "geometry": {"type": "Polygon", "coordinates": [[[-74.00309085845947, 40.74783405723187], [-74.00305330753326, 40.74787876152078], [-74.00311768054962, 40.747907209689004], [-74.00315523147583, 40.74785844139319], [-74.00309085845947, 40.74783405723187]]]}, "properties": {"is_underground": false, "@height_source": "OpenStreetMap", "building_id": "eb931587-856e-4ae0-935d-19fa8ec345c9", "sources": "[{\"license\":\"ODbL-1.0\",\"record_id\":\"w324981665@2\",\"update_time\":\"2015-01-28T20:26:57.000Z\",\"property\":\"\",\"dataset\":\"OpenStreetMap\"}]", "facade_color": "#9C8272", "version": 1, "@geometry_source": "OpenStreetMap", "facade_material": "brick", "min_height": 51.5, "roof_shape": "flat", "roof_color": "#7E887F", "id": "65383533-3761-3639-A463-373231663537", "height": 60}, "id": 2567102304339128300}, {"type": "Feature", "geometry": {"type": "Polygon", "coordinates": [[[-74.00310695171356, 40.74958156615193], [-74.00303721427917, 40.749549054777276], [-74.00301575660706, 40.74957750223095], [-74.00308549404144, 40.74960594967243], [-74.00310695171356, 40.74958156615193]]]}, "properties": {"is_underground": false, "@height_source": "OpenStreetMap", "building_id": "4ad3452c-e4fd-468b-a255-6b62ca7f77d7", "@geometry_source": "OpenStreetMap", "min_height": 40, "sources": "[{\"license\":\"ODbL-1.0\",\"record_id\":\"w325986930@1\",\"update_time\":\"2015-02-01T20:02:18.000Z\",\"property\":\"\",\"dataset\":\"OpenStreetMap\"}]", "roof_material": "concrete", "roof_shape": "flat", "id": "66623861-3339-3532-A165-363431616435", "facade_color": "#F4EECE", "version": 1, "height": 43}, "id": 2922976822249317000}, {"type": "Feature", "geometry": {"type": "Polygon", "coordinates": [[[-74.00159418582916, 40.74976850624748], [-74.00165319442749, 40.74968316409513], [-74.0015834569931, 40.74965471668668], [-74.00152444839478, 40.74974005887552], [-74.00159418582916, 40.74976850624748]]]}, "properties": {"is_underground": false, "@height_source": "OpenStreetMap", "building_id": "6e80fcb1-8e5d-4103-ba55-f3608b668816", "sources": "[{\"license\":\"ODbL-1.0\",\"record_id\":\"w325989384@3\",\"update_time\":\"2023-06-16T22:35:57.000Z\",\"property\":\"\",\"dataset\":\"OpenStreetMap\"}]", "facade_color": "#846F56", "version": 1, "@geometry_source": "OpenStreetMap", "facade_material": "brick", "min_height": 7, "roof_material": "concrete", "roof_shape": "flat", "id": "32316361-3561-3361-A234-343739643631", "height": 11}, "id": 2967593777103932400}, {"type": "Feature", "geometry": {"type": "Polygon", "coordinates": [[[-73.9987564086914, 40.75077634814306], [-73.99881541728973, 40.7506950711371], [-73.99864375591278, 40.75062598560396], [-73.99858474731445, 40.750707262694334], [-73.9987564086914, 40.75077634814306]]]}, "properties": {"is_underground": false, "@height_source": "OpenStreetMap", "building_id": "a66e9a4f-10c7-4f61-b490-1395d1534731", "@geometry_source": "OpenStreetMap", "sources": "[{\"license\":\"ODbL-1.0\",\"record_id\":\"w287855109@1\",\"update_time\":\"2014-06-13T10:50:41.000Z\",\"property\":\"\",\"dataset\":\"OpenStreetMap\"}]", "roof_material": "concrete", "roof_shape": "flat", "id": "66303161-6134-3166-A639-353131373438", "facade_color": "#CDC0B1", "version": 1, "height": 61.6}, "id": 3336575086849052700}, {"type": "Feature", "geometry": {"type": "Polygon", "coordinates": [[[-74.00131523609161, 40.74709440008954], [-74.00125086307526, 40.74707001564806], [-74.00122940540314, 40.747098464162235], [-74.00124549865723, 40.74710659230692], [-74.00123476982117, 40.74712284859328], [-74.0012776851654, 40.747143168945684], [-74.00124549865723, 40.74719193776605], [-74.00131523609161, 40.74722038622804], [-74.00135815143585, 40.7471675533603], [-74.00132060050964, 40.747151297084855], [-74.00132596492767, 40.747139104875714], [-74.0012937784195, 40.74712691266427], [-74.00131523609161, 40.74709440008954]]]}, "properties": {"is_underground": false, "@height_source": "OpenStreetMap", "building_id": "25d032d0-78c4-407a-9a97-0d5533855e3d", "sources": "[{\"license\":\"ODbL-1.0\",\"record_id\":\"w324859917@1\",\"update_time\":\"2015-01-27T20:30:09.000Z\",\"property\":\"\",\"dataset\":\"OpenStreetMap\"}]", "facade_color": "#9C8272", "version": 1, "@geometry_source": "OpenStreetMap", "facade_material": "brick", "min_height": 60, "roof_material": "concrete", "roof_shape": "flat", "id": "30383761-3636-3436-A232-623338343265", "height": 66}, "id": 3371618283384343600}, {"type": "Feature", "geometry": {"type": "Polygon", "coordinates": [[[-74.0033107995987, 40.747618663418564], [-74.0033483505249, 40.74756989491115], [-74.00328397750854, 40.74754144659866], [-74.00325179100037, 40.747590215126934], [-74.0033107995987, 40.747618663418564]]]}, "properties": {"is_underground": false, "@height_source": "OpenStreetMap", "building_id": "94ba6f18-a50c-4a14-8cd8-f5910bf2c857", "sources": "[{\"license\":\"ODbL-1.0\",\"record_id\":\"w324981673@2\",\"update_time\":\"2015-01-28T20:26:58.000Z\",\"property\":\"\",\"dataset\":\"OpenStreetMap\"}]", "facade_color": "#9C8272", "version": 1, "@geometry_source": "OpenStreetMap", "facade_material": "brick", "min_height": 51.5, "roof_shape": "flat", "roof_color": "#7E887F", "id": "64313436-6531-3161-B538-633235396166", "height": 60}, "id": 3422177598111322000}, {"type": "Feature", "geometry": {"type": "Polygon", "coordinates": [[[-74.00338053703308, 40.74765117573699], [-74.00338590145111, 40.74764711169806], [-74.0034019947052, 40.74765117573699], [-74.0034556388855, 40.74756989491115], [-74.00342345237732, 40.74755770277872], [-74.00340735912323, 40.7475780229982], [-74.00337517261505, 40.74756583086727], [-74.00338053703308, 40.74756176682311], [-74.00327861309052, 40.747517062321094], [-74.00327324867249, 40.747521126367985], [-74.00324642658234, 40.7475089342266], [-74.00326251983643, 40.74748861398598], [-74.00323033332825, 40.747476421838655], [-74.0032035112381, 40.7475089342266], [-74.00318205356598, 40.74749674208297], [-74.00317668914795, 40.7475089342266], [-74.00316596031189, 40.74750487017897], [-74.00313913822174, 40.74753738255302], [-74.0031498670578, 40.74754551064402], [-74.00314450263977, 40.747549574689174], [-74.00321424007416, 40.74758615108428], [-74.00320887565613, 40.747594279169334], [-74.00332689285278, 40.7476430476589], [-74.00333225727081, 40.74763898361945], [-74.00338053703308, 40.74765523977567], [-74.00338053703308, 40.74765117573699]]]}, "properties": {"is_underground": false, "@height_source": "OpenStreetMap", "building_id": "94ba6f18-a50c-4a14-8cd8-f5910bf2c857", "sources": "[{\"license\":\"ODbL-1.0\",\"record_id\":\"w324981661@4\",\"update_time\":\"2023-09-22T17:35:12.000Z\",\"property\":\"\",\"dataset\":\"OpenStreetMap\"}]", "facade_color": "#9C8272", "version": 1, "@geometry_source": "OpenStreetMap", "facade_material": "brick", "min_height": 47, "roof_material": "concrete", "roof_shape": "flat", "num_floors": 17, "id": "66313332-3239-3639-A331-303438303634", "height": 51.5}, "id": 3807256117845846500}, {"type": "Feature", "geometry": {"type": "Polygon", "coordinates": [[[-73.99932503700256, 40.75090232730594], [-73.99938404560089, 40.75082511429895], [-73.9992606639862, 40.750772284295124], [-73.99920165538788, 40.750853561206696], [-73.99932503700256, 40.75090232730594]]]}, "properties": {"is_underground": false, "@height_source": "OpenStreetMap", "building_id": "a66e9a4f-10c7-4f61-b490-1395d1534731", "@geometry_source": "OpenStreetMap", "sources": "[{\"license\":\"ODbL-1.0\",\"record_id\":\"w287855108@1\",\"update_time\":\"2014-06-13T10:50:41.000Z\",\"property\":\"\",\"dataset\":\"OpenStreetMap\"}]", "roof_material": "concrete", "roof_shape": "flat", "id": "64646632-6565-3435-B362-376166613532", "facade_color": "#CDC0B1", "version": 1, "height": 44}, "id": 3821206088366584000}, {"type": "Feature", "geometry": {"type": "Polygon", "coordinates": [[[-74.00133669376373, 40.74724477061437], [-74.00120794773102, 40.74718787369903], [-74.00120258331299, 40.74720006589931], [-74.00132596492767, 40.74725289874118], [-74.00133669376373, 40.74724477061437]]]}, "properties": {"is_underground": false, "@height_source": "OpenStreetMap", "building_id": "25d032d0-78c4-407a-9a97-0d5533855e3d", "sources": "[{\"license\":\"ODbL-1.0\",\"record_id\":\"w324859929@1\",\"update_time\":\"2015-01-27T20:30:10.000Z\",\"property\":\"\",\"dataset\":\"OpenStreetMap\"}]", "facade_color": "#9C8272", "version": 1, "@geometry_source": "OpenStreetMap", "facade_material": "brick", "min_height": 45, "roof_material": "concrete", "roof_shape": "flat", "num_floors": 18, "id": "65663663-6132-3538-B139-663235386134", "height": 53.4}, "id": 4272381883830776000}, {"type": "Feature", "geometry": {"type": "Polygon", "coordinates": [[[-74.00282263755798, 40.747297603420776], [-74.00274217128754, 40.74740733296147], [-74.00281727313995, 40.74743984538321], [-74.00281190872192, 40.74744390943479], [-74.00284945964813, 40.74746422968906], [-74.00297284126282, 40.747517062321094], [-74.00301575660706, 40.747529254461], [-74.00302112102509, 40.74752519041462], [-74.00309085845947, 40.747553638734075], [-74.00317132472992, 40.74744390943479], [-74.00292992591858, 40.747334179954464], [-74.00290846824646, 40.747334179954464], [-74.00282263755798, 40.747297603420776]]]}, "properties": {"is_underground": false, "@height_source": "OpenStreetMap", "building_id": "d770374b-1c40-410e-aecc-0658c6e22aaa", "sources": "[{\"license\":\"ODbL-1.0\",\"record_id\":\"w264652591@3\",\"update_time\":\"2019-12-21T02:05:52.000Z\",\"property\":\"\",\"dataset\":\"OpenStreetMap\"}]", "facade_color": "#9C8272", "version": 1, "@geometry_source": "OpenStreetMap", "facade_material": "brick", "roof_material": "concrete", "roof_shape": "flat", "num_floors": 16, "id": "33656436-3436-3131-A334-633035636131", "height": 47}, "id": 5885568014072542000}, {"type": "Feature", "geometry": {"type": "Polygon", "coordinates": [[[-74.00268852710724, 40.750528452964346], [-74.00275826454163, 40.750560963860096], [-74.00280117988586, 40.7505000059175], [-74.00272607803345, 40.750467494991966], [-74.00268852710724, 40.750528452964346]]]}, "properties": {"is_underground": false, "@height_source": "OpenStreetMap", "building_id": "f6d35d41-5056-4155-b338-ef56781ad443", "sources": "[{\"license\":\"ODbL-1.0\",\"record_id\":\"w325986908@4\",\"update_time\":\"2023-06-16T22:38:59.000Z\",\"property\":\"\",\"dataset\":\"OpenStreetMap\"}]", "facade_color": "#BDA082", "version": 1, "@geometry_source": "OpenStreetMap", "facade_material": "brick", "roof_material": "concrete", "roof_shape": "flat", "num_floors": 1, "id": "63383232-6162-3761-B139-636364306438", "height": 3.6}, "id": 6596671054347520000}, {"type": "Feature", "geometry": {"type": "Polygon", "coordinates": [[[-74.0023934841156, 40.747261026866965], [-74.00249004364014, 40.747305731541104], [-74.00274217128754, 40.74740733296147], [-74.00282263755798, 40.747297603420776], [-74.00258660316467, 40.74719193776605], [-74.00256514549255, 40.74718787369903], [-74.00247395038605, 40.747151297084855], [-74.0023934841156, 40.747261026866965]]]}, "properties": {"is_underground": false, "@height_source": "OpenStreetMap", "building_id": "24200290-6a59-4f84-a95d-0e090c8e11aa", "sources": "[{\"license\":\"ODbL-1.0\",\"record_id\":\"w264652590@3\",\"update_time\":\"2015-01-28T11:08:08.000Z\",\"property\":\"\",\"dataset\":\"OpenStreetMap\"}]", "facade_color": "#9C8272", "version": 1, "@geometry_source": "OpenStreetMap", "facade_material": "brick", "roof_material": "concrete", "roof_shape": "flat", "num_floors": 16, "id": "63623930-6331-3233-B931-316535306365", "height": 47}, "id": 6680148345445297000}, {"type": "Feature", "geometry": {"type": "Polygon", "coordinates": [[[-74.00156199932098, 40.74715942522309], [-74.00148153305054, 40.747269154991784], [-74.00173366069794, 40.74738294863474], [-74.00176048278809, 40.74738294863474], [-74.00183022022247, 40.747415461068385], [-74.00191068649292, 40.747305731541104], [-74.0018355846405, 40.74727728311561], [-74.00184094905853, 40.747269154991784], [-74.00180339813232, 40.74725289874118], [-74.00180339813232, 40.74724883467792], [-74.00169610977173, 40.747204129965525], [-74.0016907453537, 40.74720819403154], [-74.0016371011734, 40.74718787369903], [-74.0016371011734, 40.74719193776605], [-74.00156199932098, 40.74715942522309]]]}, "properties": {"is_underground": false, "@height_source": "OpenStreetMap", "building_id": "94a63fb5-57e5-40cf-b9a8-e5f6a9a1dbcf", "sources": "[{\"license\":\"ODbL-1.0\",\"record_id\":\"w264652323@3\",\"update_time\":\"2015-01-28T11:08:08.000Z\",\"property\":\"\",\"dataset\":\"OpenStreetMap\"}]", "facade_color": "#9C8272", "version": 1, "@geometry_source": "OpenStreetMap", "facade_material": "brick", "roof_material": "concrete", "roof_shape": "flat", "num_floors": 16, "id": "63373361-6339-3338-B466-343964623632", "height": 47}, "id": 6721303195347085000}, {"type": "Feature", "geometry": {"type": "Polygon", "coordinates": [[[-74.00302112102509, 40.74780154500286], [-74.00301575660706, 40.747805609032355], [-74.00299966335297, 40.74780154500286], [-74.0029513835907, 40.74788282554556], [-74.00297820568085, 40.74789501761839], [-74.00299429893494, 40.74787063347051], [-74.00302648544312, 40.74788688957011], [-74.00302112102509, 40.74789095359438], [-74.00312840938568, 40.747931593823495], [-74.00313377380371, 40.7479275298017], [-74.00316059589386, 40.747939721866345], [-74.00314450263977, 40.747960041969094], [-74.00317668914795, 40.7479722340278], [-74.00319814682007, 40.747939721866345], [-74.00321960449219, 40.747951913928745], [-74.00323033332825, 40.747939721866345], [-74.0032410621643, 40.7479437858874], [-74.00326251983643, 40.747907209689004], [-74.00325179100037, 40.74790314566573], [-74.0032571554184, 40.7478990816422], [-74.00318741798401, 40.74786250541919], [-74.00319278240204, 40.747854377366934], [-74.00307476520538, 40.747805609032355], [-74.00306403636932, 40.74781373709061], [-74.00302112102509, 40.74779341694315], [-74.00302112102509, 40.74780154500286]]]}, "properties": {"is_underground": false, "@height_source": "OpenStreetMap", "building_id": "eb931587-856e-4ae0-935d-19fa8ec345c9", "sources": "[{\"license\":\"ODbL-1.0\",\"record_id\":\"w324981646@4\",\"update_time\":\"2020-11-28T02:23:56.000Z\",\"property\":\"\",\"dataset\":\"OpenStreetMap\"}]", "facade_color": "#9C8272", "version": 1, "@geometry_source": "OpenStreetMap", "facade_material": "brick", "min_height": 47, "roof_material": "concrete", "roof_shape": "flat", "num_floors": 17, "id": "35646162-3937-3033-B033-666365653961", "height": 51.5}, "id": 6852045854262176000}, {"type": "Feature", "geometry": {"type": "Polygon", "coordinates": [[[-74.00306940078735, 40.75086575273485], [-74.00319278240204, 40.7506950711371], [-74.00313377380371, 40.75067068801596], [-74.00301575660706, 40.75084543352], [-74.00306940078735, 40.75086575273485]]]}, "properties": {"is_underground": false, "@height_source": "OpenStreetMap", "building_id": "6d275059-a5d2-4af3-aaff-ed25c45a3f55", "sources": "[{\"license\":\"ODbL-1.0\",\"record_id\":\"w325986914@2\",\"update_time\":\"2021-12-18T04:49:52.000Z\",\"property\":\"\",\"dataset\":\"OpenStreetMap\"}]", "version": 1, "roof_height": 1.3, "roof_orientation": "along", "@geometry_source": "OpenStreetMap", "min_height": 5.2, "roof_material": "glass", "roof_shape": "gabled", "roof_color": "#6B6E63", "id": "62663131-6636-3365-B338-353432623061", "height": 6.5}, "id": 7075117107590695000}, {"type": "Feature", "geometry": {"type": "Polygon", "coordinates": [[[-74.00267779827118, 40.74735450024224], [-74.00268316268921, 40.7473504361852], [-74.0026992559433, 40.74735450024224], [-74.0027529001236, 40.747273219053824], [-74.00272071361542, 40.747261026866965], [-74.00270462036133, 40.747281347177136], [-74.00267243385315, 40.747269154991784], [-74.00267779827118, 40.74726509092949], [-74.00257587432861, 40.74722038622804], [-74.00257050991058, 40.74722445029306], [-74.00254368782043, 40.74721225809728], [-74.00255978107452, 40.74719193776605], [-74.00252759456635, 40.747179745564296], [-74.0025007724762, 40.74721225809728], [-74.00247931480408, 40.747204129965525], [-74.00247395038605, 40.74721225809728], [-74.00246322154999, 40.74720819403154], [-74.00243639945984, 40.74724477061437], [-74.0024471282959, 40.74724883467792], [-74.00244176387787, 40.74725289874118], [-74.00251150131226, 40.74728947529945], [-74.00250613689423, 40.747297603420776], [-74.00262415409088, 40.74734637212788], [-74.00262951850891, 40.74734230807033], [-74.00267779827118, 40.74735856429908], [-74.00267779827118, 40.74735450024224]]]}, "properties": {"is_underground": false, "@height_source": "OpenStreetMap", "building_id": "24200290-6a59-4f84-a95d-0e090c8e11aa", "sources": "[{\"license\":\"ODbL-1.0\",\"record_id\":\"w324981662@4\",\"update_time\":\"2023-09-22T17:35:12.000Z\",\"property\":\"\",\"dataset\":\"OpenStreetMap\"}]", "facade_color": "#9C8272", "version": 1, "@geometry_source": "OpenStreetMap", "facade_material": "brick", "min_height": 47, "roof_material": "concrete", "roof_shape": "flat", "num_floors": 17, "id": "64383939-6463-3266-B262-336637363465", "height": 51.5}, "id": 7209655900244776000}, {"type": "Feature", "geometry": {"type": "Polygon", "coordinates": [[[-73.99929821491241, 40.750361834374075], [-73.99921238422394, 40.75032525950567], [-73.99916410446167, 40.75039028148004], [-73.99924993515015, 40.75042685631263], [-73.99929821491241, 40.750361834374075]]]}, "properties": {"is_underground": false, "@height_source": "OpenStreetMap", "building_id": "8f00e870-b888-476c-9d5d-a406c2623956", "@geometry_source": "OpenStreetMap", "sources": "[{\"license\":\"ODbL-1.0\",\"record_id\":\"w287854630@1\",\"update_time\":\"2014-06-13T10:43:27.000Z\",\"property\":\"\",\"dataset\":\"OpenStreetMap\"}]", "roof_material": "concrete", "roof_shape": "flat", "id": "32313236-3935-3935-A336-633637666131", "facade_color": "#AA906F", "version": 1, "height": 26}, "id": 7333174116812751000}, {"type": "Feature", "geometry": {"type": "Polygon", "coordinates": [[[-74.00019943714142, 40.750877944260765], [-74.00027990341187, 40.75076822044693], [-74.00020480155945, 40.7507357096525], [-74.00018870830536, 40.75076009274983], [-74.000124335289, 40.75073164580209], [-74.00015652179718, 40.75069100728419], [-74.00002777576447, 40.75063817717387], [-73.99993658065796, 40.75076415659851], [-74.0000170469284, 40.750796667379035], [-74.00003850460052, 40.75076415659851], [-74.00015115737915, 40.750812922763316], [-74.000124335289, 40.75084543352], [-74.00019943714142, 40.750877944260765]]]}, "properties": {"is_underground": false, "@height_source": "OpenStreetMap", "building_id": "c7b3a70e-51c5-419b-93cb-61b99570152c", "@geometry_source": "OpenStreetMap", "min_height": 5.5, "sources": "[{\"license\":\"ODbL-1.0\",\"record_id\":\"w287854624@1\",\"update_time\":\"2014-06-13T10:43:26.000Z\",\"property\":\"\",\"dataset\":\"OpenStreetMap\"}]", "roof_material": "concrete", "roof_shape": "flat", "id": "39653435-6635-3238-B265-333633323633", "facade_color": "#AA906F", "version": 1, "height": 26}, "id": 7345745139653810000}, {"type": "Feature", "geometry": {"type": "Polygon", "coordinates": [[[-73.99898171424866, 40.749366177998866], [-73.99899244308472, 40.749349922260905], [-73.99898171424866, 40.7493255386465], [-73.99896025657654, 40.74931334683595], [-73.99892807006836, 40.74932147470989], [-73.99891197681427, 40.74934179439043], [-73.99892270565033, 40.749366177998866], [-73.99894416332245, 40.74937430586638], [-73.99898171424866, 40.749366177998866]]]}, "properties": {"is_underground": false, "@height_source": "OpenStreetMap", "building_id": "ad5ecc5d-c0d7-450e-b397-d050e3c98f96", "@geometry_source": "OpenStreetMap", "sources": "[{\"license\":\"ODbL-1.0\",\"record_id\":\"w287825575@1\",\"update_time\":\"2014-06-13T08:30:14.000Z\",\"property\":\"\",\"dataset\":\"OpenStreetMap\"}]", "roof_shape": "pyramidal", "roof_color": "#425158", "id": "64303730-3937-3137-A230-396134316134", "facade_color": "#867466", "version": 1, "roof_height": 25, "height": 45}, "id": 7851056806728157000}, {"type": "Feature", "geometry": {"type": "Polygon", "coordinates": [[[-74.00132596492767, 40.74725289874118], [-74.00120258331299, 40.74720006589931], [-74.00119185447693, 40.74721225809728], [-74.00132060050964, 40.74726509092949], [-74.00132596492767, 40.74725289874118]]]}, "properties": {"is_underground": false, "@height_source": "OpenStreetMap", "building_id": "25d032d0-78c4-407a-9a97-0d5533855e3d", "sources": "[{\"license\":\"ODbL-1.0\",\"record_id\":\"w324859924@1\",\"update_time\":\"2015-01-27T20:30:10.000Z\",\"property\":\"\",\"dataset\":\"OpenStreetMap\"}]", "facade_color": "#9C8272", "version": 1, "@geometry_source": "OpenStreetMap", "facade_material": "brick", "min_height": 45, "roof_material": "concrete", "roof_shape": "flat", "num_floors": 17, "id": "64303935-3538-3561-B162-346239633562", "height": 51}, "id": 8000940052172747000}, {"type": "Feature", "geometry": {"type": "Polygon", "coordinates": [[[-74.00266170501709, 40.74765117573699], [-74.00266170501709, 40.74765523977567], [-74.002645611763, 40.74765117573699], [-74.0025919675827, 40.747732456463496], [-74.00262415409088, 40.74774464856387], [-74.00264024734497, 40.74772026436085], [-74.00267243385315, 40.7477365204972], [-74.00266706943512, 40.747740584530675], [-74.00277435779572, 40.74778122485171], [-74.00277435779572, 40.747777160820704], [-74.0028065443039, 40.74778935291289], [-74.0027904510498, 40.747809673061624], [-74.00282263755798, 40.74782186514787], [-74.0028440952301, 40.74778935291289], [-74.00286555290222, 40.74780154500286], [-74.00287091732025, 40.74778935291289], [-74.00288164615631, 40.74779341694315], [-74.00290846824646, 40.74775684066205], [-74.0028977394104, 40.74775277662957], [-74.00290310382843, 40.74774871259686], [-74.00283336639404, 40.74771213629117], [-74.00283873081207, 40.747704008220495], [-74.00271534919739, 40.74765523977567], [-74.00270998477936, 40.74766336785231], [-74.00266706943512, 40.7476430476589], [-74.00266170501709, 40.74765117573699]]]}, "properties": {"is_underground": false, "@height_source": "OpenStreetMap", "building_id": "9a605630-3090-4ddf-babc-1c5fa5cd05e0", "sources": "[{\"license\":\"ODbL-1.0\",\"record_id\":\"w324981659@4\",\"update_time\":\"2023-09-22T17:35:12.000Z\",\"property\":\"\",\"dataset\":\"OpenStreetMap\"}]", "facade_color": "#9C8272", "version": 1, "@geometry_source": "OpenStreetMap", "facade_material": "brick", "min_height": 47, "roof_material": "concrete", "roof_shape": "flat", "num_floors": 17, "id": "33643162-3034-3661-B661-323735623135", "height": 51.5}, "id": 8237947287089934000}, {"type": "Feature", "geometry": {"type": "Polygon", "coordinates": [[[-74.0020501613617, 40.74739514079923], [-74.00201261043549, 40.74744390943479], [-74.00207698345184, 40.74746829373919], [-74.00210916996002, 40.74742358917433], [-74.0020501613617, 40.74739514079923]]]}, "properties": {"is_underground": false, "@height_source": "OpenStreetMap", "building_id": "b57f4541-920a-480a-9c1d-df5fa9623f38", "sources": "[{\"license\":\"ODbL-1.0\",\"record_id\":\"w324981671@2\",\"update_time\":\"2015-01-28T20:26:58.000Z\",\"property\":\"\",\"dataset\":\"OpenStreetMap\"}]", "facade_color": "#9C8272", "version": 1, "@geometry_source": "OpenStreetMap", "facade_material": "brick", "min_height": 51.5, "roof_shape": "flat", "roof_color": "#7E887F", "id": "33313566-3334-3033-B262-656337636536", "height": 60}, "id": 8399066055639040000}, {"type": "Feature", "geometry": {"type": "Polygon", "coordinates": [[[-73.99890661239624, 40.75028055686147], [-73.99893343448639, 40.750248045828585], [-73.998863697052, 40.75021553477984], [-73.99914801120758, 40.749821337048814], [-73.99922311306, 40.749853848290314], [-73.99924993515015, 40.749817273142526], [-73.99914264678955, 40.74977257015678], [-73.99880468845367, 40.75023991806788], [-73.99890661239624, 40.75028055686147]]]}, "properties": {"is_underground": false, "@height_source": "OpenStreetMap", "building_id": "8f00e870-b888-476c-9d5d-a406c2623956", "@geometry_source": "OpenStreetMap", "sources": "[{\"license\":\"ODbL-1.0\",\"record_id\":\"w287854633@1\",\"update_time\":\"2014-06-13T10:43:27.000Z\",\"property\":\"\",\"dataset\":\"OpenStreetMap\"}]", "roof_material": "concrete", "roof_shape": "flat", "id": "64383065-3764-3136-A631-356233356534", "facade_color": "#AA906F", "version": 1, "height": 28}, "id": 8418601131948636000}, {"type": "Feature", "geometry": {"type": "Polygon", "coordinates": [[[-74.00323569774628, 40.749443392700016], [-74.00315523147583, 40.74941088125783], [-74.00304794311523, 40.749557182622425], [-74.00332689285278, 40.74967503626539], [-74.00341808795929, 40.74954499085433], [-74.00321960449219, 40.749459648415126], [-74.00323569774628, 40.749443392700016]]]}, "properties": {"is_underground": false, "@height_source": "OpenStreetMap", "building_id": "4ad3452c-e4fd-468b-a255-6b62ca7f77d7", "@geometry_source": "OpenStreetMap", "min_height": 40, "sources": "[{\"license\":\"ODbL-1.0\",\"record_id\":\"w325986939@3\",\"update_time\":\"2021-12-18T04:49:52.000Z\",\"property\":\"\",\"dataset\":\"OpenStreetMap\"}]", "roof_material": "concrete", "roof_shape": "flat", "id": "61383739-3834-3530-B961-356434376365", "facade_color": "#F4EECE", "version": 1, "height": 44}, "id": 8428710467923122000}, {"type": "Feature", "geometry": {"type": "Polygon", "coordinates": [[[-74.00080025196075, 40.7509632848797], [-74.00067687034607, 40.75091045498567], [-74.00064468383789, 40.75095109336942], [-74.00058567523956, 40.750926710342156], [-74.00060713291168, 40.7508982634657], [-74.00050520896912, 40.75085762504966], [-74.00045692920685, 40.750926710342156], [-74.00052666664124, 40.75095515720645], [-74.000483751297, 40.75101611473178], [-74.00069832801819, 40.75110551900116], [-74.00080025196075, 40.7509632848797]]]}, "properties": {"is_underground": false, "@height_source": "OpenStreetMap", "building_id": "c7b3a70e-51c5-419b-93cb-61b99570152c", "@geometry_source": "OpenStreetMap", "min_height": 5.5, "sources": "[{\"license\":\"ODbL-1.0\",\"record_id\":\"w287854623@1\",\"update_time\":\"2014-06-13T10:43:26.000Z\",\"property\":\"\",\"dataset\":\"OpenStreetMap\"}]", "roof_material": "concrete", "roof_shape": "flat", "id": "30356130-6562-3331-B334-393132383730", "facade_color": "#AA906F", "version": 1, "height": 26}, "id": 9052529837696263000}, {"type": "Feature", "geometry": {"type": "Polygon", "coordinates": [[[-74.00295674800873, 40.74746829373919], [-74.00299429893494, 40.74742358917433], [-74.00292992591858, 40.74739514079923], [-74.00289237499237, 40.74744390943479], [-74.00295674800873, 40.74746829373919]]]}, "properties": {"is_underground": false, "@height_source": "OpenStreetMap", "building_id": "d770374b-1c40-410e-aecc-0658c6e22aaa", "sources": "[{\"license\":\"ODbL-1.0\",\"record_id\":\"w324981664@2\",\"update_time\":\"2015-01-28T20:26:57.000Z\",\"property\":\"\",\"dataset\":\"OpenStreetMap\"}]", "facade_color": "#9C8272", "version": 1, "@geometry_source": "OpenStreetMap", "facade_material": "brick", "min_height": 51.5, "roof_shape": "flat", "roof_color": "#7E887F", "id": "32353265-6234-3330-B365-383033303131", "height": 60}, "id": 9064369937661147000}, {"type": "Feature", "geometry": {"type": "Polygon", "coordinates": [[[-74.00135815143585, 40.747061887498944], [-74.001384973526, 40.747025310815474], [-74.00131523609161, 40.74699686227001], [-74.00116503238678, 40.74699686227001], [-74.00105237960815, 40.747151297084855], [-74.00144398212433, 40.74731792371975], [-74.00156736373901, 40.7471472330154], [-74.00135815143585, 40.747061887498944]]]}, "properties": {"is_underground": false, "@height_source": "OpenStreetMap", "building_id": "25d032d0-78c4-407a-9a97-0d5533855e3d", "sources": "[{\"license\":\"ODbL-1.0\",\"record_id\":\"w324859916@3\",\"update_time\":\"2021-12-18T04:36:16.000Z\",\"property\":\"\",\"dataset\":\"OpenStreetMap\"}]", "facade_color": "#9C8272", "version": 1, "@geometry_source": "OpenStreetMap", "facade_material": "brick", "roof_material": "concrete", "roof_shape": "flat", "num_floors": 15, "id": "34666238-3236-3539-B236-353332343966", "height": 45}, "id": 9390851818280923000}, {"type": "Feature", "geometry": {"type": "Polygon", "coordinates": [[[-74.00344491004944, 40.749297091085026], [-74.00336980819702, 40.749268643511414], [-74.00331616401672, 40.74933773045481], [-74.00339126586914, 40.74937024193278], [-74.00344491004944, 40.749297091085026]]]}, "properties": {"is_underground": false, "@height_source": "OpenStreetMap", "building_id": "4ad3452c-e4fd-468b-a255-6b62ca7f77d7", "@geometry_source": "OpenStreetMap", "min_height": 40, "sources": "[{\"license\":\"ODbL-1.0\",\"record_id\":\"w325986913@3\",\"update_time\":\"2021-12-18T04:49:52.000Z\",\"property\":\"\",\"dataset\":\"OpenStreetMap\"}]", "roof_material": "concrete", "roof_shape": "flat", "id": "38623866-6636-3533-B738-653638656162", "facade_color": "#F4EECE", "version": 1, "height": 45}, "id": 9761401016782498000}, {"type": "Feature", "geometry": {"type": "Polygon", "coordinates": [[[-74.0023934841156, 40.75040653696368], [-74.00268852710724, 40.750528452964346], [-74.00272607803345, 40.750467494991966], [-74.00243639945984, 40.75034964275349], [-74.0023934841156, 40.75040653696368]]]}, "properties": {"is_underground": false, "@height_source": "OpenStreetMap", "building_id": "f6d35d41-5056-4155-b338-ef56781ad443", "sources": "[{\"license\":\"ODbL-1.0\",\"record_id\":\"w325986924@3\",\"update_time\":\"2023-06-16T22:38:59.000Z\",\"property\":\"\",\"dataset\":\"OpenStreetMap\"}]", "facade_color": "#BDA082", "version": 1, "@geometry_source": "OpenStreetMap", "facade_material": "brick", "roof_material": "concrete", "roof_shape": "flat", "num_floors": 6, "id": "66333364-6239-3132-A664-626432626465", "height": 22}, "id": 9865917483913642000}, {"type": "Feature", "geometry": {"type": "Polygon", "coordinates": [[[-74.00317132472992, 40.74744390943479], [-74.00309085845947, 40.747553638734075], [-74.00316059589386, 40.747582087041366], [-74.00316059589386, 40.747590215126934], [-74.00319814682007, 40.747606471295086], [-74.00319814682007, 40.74761053533649], [-74.00332152843475, 40.74766336785231], [-74.00332152843475, 40.74765930381412], [-74.00336444377899, 40.74767555996536], [-74.00336444377899, 40.74766743189025], [-74.00343954563141, 40.7476999441848], [-74.00352001190186, 40.747590215126934], [-74.00342881679535, 40.747553638734075], [-74.00341808795929, 40.74754144659866], [-74.00328397750854, 40.74748454993713], [-74.00326251983643, 40.74748454993713], [-74.00317132472992, 40.74744390943479]]]}, "properties": {"is_underground": false, "@height_source": "OpenStreetMap", "building_id": "94ba6f18-a50c-4a14-8cd8-f5910bf2c857", "sources": "[{\"license\":\"ODbL-1.0\",\"record_id\":\"w264652592@2\",\"update_time\":\"2015-01-28T11:08:09.000Z\",\"property\":\"\",\"dataset\":\"OpenStreetMap\"}]", "facade_color": "#9C8272", "version": 1, "@geometry_source": "OpenStreetMap", "facade_material": "brick", "roof_material": "concrete", "roof_shape": "flat", "num_floors": 16, "id": "61616534-6330-3733-A634-633163633832", "height": 47}, "id": 9883016728610992000}, {"type": "Feature", "geometry": {"type": "Polygon", "coordinates": [[[-74.00342345237732, 40.748090090479764], [-74.00344491004944, 40.7480819624553], [-74.00344491004944, 40.748065706403395], [-74.00343418121338, 40.74805351436186], [-74.00341272354126, 40.74804945034751], [-74.00339126586914, 40.748061642389786], [-74.00339126586914, 40.74807789844269], [-74.0034019947052, 40.748090090479764], [-74.00342345237732, 40.748090090479764]]]}, "properties": {"is_underground": false, "@height_source": "OpenStreetMap", "building_id": "c2df86e0-1542-4e13-8ce7-41923278d5eb", "sources": "[{\"license\":\"ODbL-1.0\",\"record_id\":\"w324854438@1\",\"update_time\":\"2015-01-27T20:10:21.000Z\",\"property\":\"\",\"dataset\":\"OpenStreetMap\"}]", "facade_color": "#9A988C", "version": 1, "roof_height": 1, "@geometry_source": "OpenStreetMap", "min_height": 66, "roof_shape": "pyramidal", "roof_color": "#727A7C", "id": "64643062-6138-3939-B736-313363616331", "height": 71}, "id": 10187103550458565000}, {"type": "Feature", "geometry": {"type": "Polygon", "coordinates": [[[-74.00191068649292, 40.747305731541104], [-74.00183022022247, 40.747415461068385], [-74.00193750858307, 40.7474601656387], [-74.00194823741913, 40.747472357789036], [-74.00207698345184, 40.74752519041462], [-74.00209844112396, 40.747529254461], [-74.00217890739441, 40.74756176682311], [-74.00225937366486, 40.74745203753724], [-74.00218427181244, 40.74742358917433], [-74.00218963623047, 40.747415461068385], [-74.00215208530426, 40.747399204853565], [-74.00215744972229, 40.74739514079923], [-74.00202870368958, 40.74734230807033], [-74.00202333927155, 40.74734637212788], [-74.00198578834534, 40.74733011589615], [-74.00198042392731, 40.747334179954464], [-74.00191068649292, 40.747305731541104]]]}, "properties": {"is_underground": false, "@height_source": "OpenStreetMap", "building_id": "b57f4541-920a-480a-9c1d-df5fa9623f38", "sources": "[{\"license\":\"ODbL-1.0\",\"record_id\":\"w264652324@2\",\"update_time\":\"2015-01-28T11:08:08.000Z\",\"property\":\"\",\"dataset\":\"OpenStreetMap\"}]", "facade_color": "#9C8272", "version": 1, "@geometry_source": "OpenStreetMap", "facade_material": "brick", "roof_material": "concrete", "roof_shape": "flat", "num_floors": 16, "id": "63666235-6534-3538-B737-623266393565", "height": 47}, "id": 10195981472277506000}, {"type": "Feature", "geometry": {"type": "Polygon", "coordinates": [[[-73.99998486042023, 40.75104049772625], [-74.00002777576447, 40.75098360405855], [-73.99999558925629, 40.75097141255199], [-73.99995803833008, 40.751032370062404], [-73.99998486042023, 40.75104049772625]]]}, "properties": {"is_underground": false, "@height_source": "OpenStreetMap", "building_id": "a66e9a4f-10c7-4f61-b490-1395d1534731", "@geometry_source": "OpenStreetMap", "sources": "[{\"license\":\"ODbL-1.0\",\"record_id\":\"w287855103@1\",\"update_time\":\"2014-06-13T10:50:41.000Z\",\"property\":\"\",\"dataset\":\"OpenStreetMap\"}]", "roof_material": "concrete", "roof_shape": "flat", "id": "66376366-3034-3666-A338-316230386661", "facade_color": "#CDC0B1", "version": 1, "height": 44}, "id": 10245122485937609000}, {"type": "Feature", "geometry": {"type": "Polygon", "coordinates": [[[-74.00260269641876, 40.74759834321151], [-74.00252759456635, 40.74770807225596], [-74.00262415409088, 40.74774871259686], [-74.00263488292694, 40.747760904694275], [-74.00287091732025, 40.747854377366934], [-74.0029513835907, 40.74774464856387], [-74.00288164615631, 40.747716200326124], [-74.00288701057434, 40.74771213629117], [-74.0028440952301, 40.747695880148854], [-74.00284945964813, 40.74769181611265], [-74.00272071361542, 40.74763491957978], [-74.00272071361542, 40.74763898361945], [-74.00267779827118, 40.74762272745926], [-74.00267779827118, 40.74762679149967], [-74.00260269641876, 40.74759834321151]]]}, "properties": {"is_underground": false, "@height_source": "OpenStreetMap", "building_id": "9a605630-3090-4ddf-babc-1c5fa5cd05e0", "sources": "[{\"license\":\"ODbL-1.0\",\"record_id\":\"w264652326@4\",\"update_time\":\"2020-11-28T02:23:56.000Z\",\"property\":\"\",\"dataset\":\"OpenStreetMap\"}]", "facade_color": "#9C8272", "version": 1, "@geometry_source": "OpenStreetMap", "facade_material": "brick", "roof_material": "concrete", "roof_shape": "flat", "num_floors": 16, "id": "39356533-3434-3762-B837-636637373534", "height": 47}, "id": 10474810398980186000}, {"type": "Feature", "geometry": {"type": "Polygon", "coordinates": [[[-74.00232374668121, 40.750841369676266], [-74.0024471282959, 40.75089419962521], [-74.00261878967285, 40.75065443259689], [-74.0025007724762, 40.750601602457465], [-74.00232374668121, 40.750841369676266]]]}, "properties": {"is_underground": false, "@height_source": "OpenStreetMap", "building_id": "2e7113ea-6ffd-410e-b8fc-03518996cff2", "sources": "[{\"license\":\"ODbL-1.0\",\"record_id\":\"w325986937@3\",\"update_time\":\"2023-06-16T22:38:59.000Z\",\"property\":\"\",\"dataset\":\"OpenStreetMap\"}]", "facade_color": "#9F918E", "version": 1, "@geometry_source": "OpenStreetMap", "facade_material": "brick", "roof_material": "concrete", "roof_shape": "flat", "num_floors": 2, "id": "63346237-3036-3738-B737-653335356638", "height": 6}, "id": 10663063639049173000}, {"type": "Feature", "geometry": {"type": "Polygon", "coordinates": [[[-74.00198042392731, 40.74736262835563], [-74.00197505950928, 40.74736669241196], [-74.00195896625519, 40.74736262835563], [-74.00191068649292, 40.74744390943479], [-74.00193750858307, 40.747456101588114], [-74.00195360183716, 40.747435781331376], [-74.0020877122879, 40.74749674208297], [-74.0020877122879, 40.74748861398598], [-74.00211989879608, 40.747500806131086], [-74.00210380554199, 40.747521126367985], [-74.00213599205017, 40.74753738255302], [-74.00215744972229, 40.747500806131086], [-74.00217890739441, 40.747512998273976], [-74.00218963623047, 40.747500806131086], [-74.00220036506653, 40.74750487017897], [-74.00222182273865, 40.747472357789036], [-74.00221109390259, 40.74746829373919], [-74.00221645832062, 40.7474601656387], [-74.00214672088623, 40.74742358917433], [-74.00215208530426, 40.74741952512147], [-74.00202870368958, 40.74736669241196], [-74.00202333927155, 40.747374820523845], [-74.00198042392731, 40.74735856429908], [-74.00198042392731, 40.74736262835563]]]}, "properties": {"is_underground": false, "@height_source": "OpenStreetMap", "building_id": "b57f4541-920a-480a-9c1d-df5fa9623f38", "sources": "[{\"license\":\"ODbL-1.0\",\"record_id\":\"w324981660@4\",\"update_time\":\"2023-09-22T17:35:12.000Z\",\"property\":\"\",\"dataset\":\"OpenStreetMap\"}]", "facade_color": "#9C8272", "version": 1, "@geometry_source": "OpenStreetMap", "facade_material": "brick", "min_height": 47, "roof_material": "concrete", "roof_shape": "flat", "num_floors": 17, "id": "34626163-6131-3930-B863-343532643334", "height": 51.5}, "id": 10788623182980078000}, {"type": "Feature", "geometry": {"type": "Polygon", "coordinates": [[[-74.000483751297, 40.75033745113072], [-74.00039255619049, 40.75030087624893], [-74.00034964084625, 40.750361834374075], [-74.00043547153473, 40.75040247309312], [-74.000483751297, 40.75033745113072]]]}, "properties": {"is_underground": false, "@height_source": "OpenStreetMap", "building_id": "8f00e870-b888-476c-9d5d-a406c2623956", "@geometry_source": "OpenStreetMap", "sources": "[{\"license\":\"ODbL-1.0\",\"record_id\":\"w287854629@1\",\"update_time\":\"2014-06-13T10:43:27.000Z\",\"property\":\"\",\"dataset\":\"OpenStreetMap\"}]", "roof_material": "concrete", "roof_shape": "flat", "id": "36333939-6138-3638-B235-313233633332", "facade_color": "#AA906F", "version": 1, "height": 28}, "id": 10811360905710227000}, {"type": "Feature", "geometry": {"type": "Polygon", "coordinates": [[[-74.00128304958344, 40.74709440008954], [-74.00130987167358, 40.74710659230692], [-74.00131523609161, 40.74709440008954], [-74.00128841400146, 40.7470862719434], [-74.00128304958344, 40.74709440008954]]]}, "properties": {"is_underground": false, "@height_source": "OpenStreetMap", "building_id": "25d032d0-78c4-407a-9a97-0d5533855e3d", "sources": "[{\"license\":\"ODbL-1.0\",\"record_id\":\"w324859927@1\",\"update_time\":\"2015-01-27T20:30:10.000Z\",\"property\":\"\",\"dataset\":\"OpenStreetMap\"}]", "facade_color": "#9C8272", "version": 1, "@geometry_source": "OpenStreetMap", "facade_material": "brick", "min_height": 59.7, "roof_material": "concrete", "roof_shape": "flat", "id": "61326430-3239-3435-A439-663163343866", "height": 71}, "id": 11011945002313685000}, {"type": "Feature", "geometry": {"type": "Polygon", "coordinates": [[[-74.00331616401672, 40.748090090479764], [-74.0033107995987, 40.74810228251462], [-74.00343954563141, 40.74815511463973], [-74.00344491004944, 40.74814292261459], [-74.00331616401672, 40.748090090479764]]]}, "properties": {"is_underground": false, "@height_source": "OpenStreetMap", "building_id": "c2df86e0-1542-4e13-8ce7-41923278d5eb", "sources": "[{\"license\":\"ODbL-1.0\",\"record_id\":\"w324854443@2\",\"update_time\":\"2015-01-27T20:21:20.000Z\",\"property\":\"\",\"dataset\":\"OpenStreetMap\"}]", "facade_color": "#9C8272", "version": 1, "@geometry_source": "OpenStreetMap", "facade_material": "brick", "min_height": 45, "roof_material": "concrete", "roof_shape": "flat", "num_floors": 17, "id": "64653039-6164-3665-B464-636536633735", "height": 51}, "id": 11138152882152432000}, {"type": "Feature", "geometry": {"type": "Polygon", "coordinates": [[[-74.00108993053436, 40.750593474739986], [-74.00099873542786, 40.75055283613764], [-74.00095045566559, 40.75061785788944], [-74.0010416507721, 40.75065443259689], [-74.00108993053436, 40.750593474739986]]]}, "properties": {"is_underground": false, "@height_source": "OpenStreetMap", "building_id": "8f00e870-b888-476c-9d5d-a406c2623956", "@geometry_source": "OpenStreetMap", "sources": "[{\"license\":\"ODbL-1.0\",\"record_id\":\"w287854631@1\",\"update_time\":\"2014-06-13T10:43:27.000Z\",\"property\":\"\",\"dataset\":\"OpenStreetMap\"}]", "roof_material": "concrete", "roof_shape": "flat", "id": "37616430-3166-3334-B830-343566646630", "facade_color": "#AA906F", "version": 1, "height": 28}, "id": 11297848677752030000}, {"type": "Feature", "geometry": {"type": "Polygon", "coordinates": [[[-74.00170147418976, 40.74724883467792], [-74.00166928768158, 40.747297603420776], [-74.00173366069794, 40.747321987778804], [-74.00176584720612, 40.74727728311561], [-74.00170147418976, 40.74724883467792]]]}, "properties": {"is_underground": false, "@height_source": "OpenStreetMap", "building_id": "94a63fb5-57e5-40cf-b9a8-e5f6a9a1dbcf", "sources": "[{\"license\":\"ODbL-1.0\",\"record_id\":\"w324981668@2\",\"update_time\":\"2015-01-28T20:26:58.000Z\",\"property\":\"\",\"dataset\":\"OpenStreetMap\"}]", "facade_color": "#9C8272", "version": 1, "@geometry_source": "OpenStreetMap", "facade_material": "brick", "min_height": 51.5, "roof_shape": "flat", "roof_color": "#7E887F", "id": "34646562-3337-3537-A436-326636653439", "height": 60}, "id": 11330326699146562000}, {"type": "Feature", "geometry": {"type": "Polygon", "coordinates": [[[-73.99867057800293, 40.74914266125339], [-73.9985740184784, 40.74927270745124], [-73.99891197681427, 40.74941494518896], [-73.9990085363388, 40.74928083533018], [-73.99867057800293, 40.74914266125339]]]}, "properties": {"is_underground": false, "@height_source": "OpenStreetMap", "building_id": "ad5ecc5d-c0d7-450e-b397-d050e3c98f96", "sources": "[{\"license\":\"ODbL-1.0\",\"record_id\":\"w287825576@6\",\"update_time\":\"2023-09-07T18:26:39.000Z\",\"property\":\"\",\"dataset\":\"OpenStreetMap\"}]", "facade_color": "#BB987C", "version": 1, "roof_height": 5, "roof_orientation": "along", "@geometry_source": "OpenStreetMap", "facade_material": "brick", "roof_shape": "gabled", "roof_color": "#425158", "id": "31393334-3637-3362-B430-313565353364", "height": 15}, "id": 11374841127326353000}, {"type": "Feature", "geometry": {"type": "Polygon", "coordinates": [[[-74.00127232074738, 40.74718380963179], [-74.00128304958344, 40.747196001832776], [-74.00130450725555, 40.74720006589931], [-74.00132060050964, 40.74718787369903], [-74.00132596492767, 40.74717161742856], [-74.00130987167358, 40.74715942522309], [-74.00128841400146, 40.74715942522309], [-74.00127232074738, 40.7471675533603], [-74.00127232074738, 40.74718380963179]]]}, "properties": {"is_underground": false, "@height_source": "OpenStreetMap", "building_id": "25d032d0-78c4-407a-9a97-0d5533855e3d", "sources": "[{\"license\":\"ODbL-1.0\",\"record_id\":\"w324859918@1\",\"update_time\":\"2015-01-27T20:30:09.000Z\",\"property\":\"\",\"dataset\":\"OpenStreetMap\"}]", "facade_color": "#9A988C", "version": 1, "roof_height": 1, "@geometry_source": "OpenStreetMap", "min_height": 66, "roof_shape": "pyramidal", "roof_color": "#727A7C", "id": "64643061-6263-3539-A539-363963626432", "height": 71}, "id": 11713337883844280000}, {"type": "Feature", "geometry": {"type": "Polygon", "coordinates": [[[-73.99978637695312, 40.75040247309312], [-73.9998346567154, 40.75034557887949], [-73.99971127510071, 40.75029274849467], [-73.99966835975647, 40.75034964275349], [-73.99978637695312, 40.75040247309312]]]}, "properties": {"is_underground": false, "@height_source": "OpenStreetMap", "building_id": "8f00e870-b888-476c-9d5d-a406c2623956", "@geometry_source": "OpenStreetMap", "sources": "[{\"license\":\"ODbL-1.0\",\"record_id\":\"w287854626@1\",\"update_time\":\"2014-06-13T10:43:27.000Z\",\"property\":\"\",\"dataset\":\"OpenStreetMap\"}]", "roof_material": "concrete", "roof_shape": "flat", "id": "61333866-6333-3437-A433-643761643566", "facade_color": "#AA906F", "version": 1, "height": 30}, "id": 11716064629650980000}, {"type": "Feature", "geometry": {"type": "Polygon", "coordinates": [[[-74.00131523609161, 40.74699686227001], [-74.00120258331299, 40.74699686227001], [-74.00109529495239, 40.747143168945684], [-74.00142788887024, 40.747281347177136], [-74.00152444839478, 40.747151297084855], [-74.00134742259979, 40.747078143796216], [-74.001384973526, 40.747025310815474], [-74.00131523609161, 40.74699686227001]]]}, "properties": {"is_underground": false, "@height_source": "OpenStreetMap", "building_id": "25d032d0-78c4-407a-9a97-0d5533855e3d", "sources": "[{\"license\":\"ODbL-1.0\",\"record_id\":\"w324859913@3\",\"update_time\":\"2021-12-18T04:36:16.000Z\",\"property\":\"\",\"dataset\":\"OpenStreetMap\"}]", "facade_color": "#9C8272", "version": 1, "@geometry_source": "OpenStreetMap", "facade_material": "brick", "min_height": 45, "roof_material": "concrete", "roof_shape": "flat", "num_floors": 19, "id": "64326539-3430-3065-B037-623165303530", "height": 57}, "id": 11864739972186483000}, {"type": "Feature", "geometry": {"type": "Polygon", "coordinates": [[[-74.00229156017303, 40.7507885396854], [-74.00234520435333, 40.750812922763316], [-74.00238811969757, 40.750751965051705], [-74.00226473808289, 40.75069913498976], [-74.00222182273865, 40.75076009274983], [-74.00229156017303, 40.7507885396854]]]}, "properties": {"is_underground": false, "@height_source": "OpenStreetMap", "building_id": "2e7113ea-6ffd-410e-b8fc-03518996cff2", "sources": "[{\"license\":\"ODbL-1.0\",\"record_id\":\"w325986929@1\",\"update_time\":\"2015-02-01T20:02:18.000Z\",\"property\":\"\",\"dataset\":\"OpenStreetMap\"}]", "facade_color": "#9F918E", "version": 1, "@geometry_source": "OpenStreetMap", "facade_material": "brick", "min_height": 40, "roof_material": "concrete", "roof_shape": "flat", "id": "65363534-3830-3533-B438-313262383238", "height": 44}, "id": 12288849636914016000}, {"type": "Feature", "geometry": {"type": "Polygon", "coordinates": [[[-73.99699687957764, 40.74705782342397], [-73.99703979492188, 40.74699686227001], [-73.9968466758728, 40.74699686227001], [-73.99699687957764, 40.74705782342397]]]}, "properties": {"is_underground": false, "building_id": "0c4b331c-0140-42c8-89f4-69886f355f0b", "@geometry_source": "OpenStreetMap", "sources": "[{\"license\":\"ODbL-1.0\",\"record_id\":\"w1276101807@1\",\"update_time\":\"2024-04-25T14:12:08.000Z\",\"property\":\"\",\"dataset\":\"OpenStreetMap\"}]", "num_floors": 12, "id": "62326130-3738-3265-B130-623931363465", "version": 1}, "id": 12647108859425400000}, {"type": "Feature", "geometry": {"type": "Polygon", "coordinates": [[[-73.99892270565033, 40.74918736466259], [-73.9989709854126, 40.74912234151199], [-73.99876713752747, 40.74903699853036], [-73.99872422218323, 40.749097957814115], [-73.99892270565033, 40.74918736466259]]]}, "properties": {"is_underground": false, "@height_source": "OpenStreetMap", "building_id": "ad5ecc5d-c0d7-450e-b397-d050e3c98f96", "@geometry_source": "OpenStreetMap", "facade_material": "brick", "sources": "[{\"license\":\"ODbL-1.0\",\"record_id\":\"w287825573@5\",\"update_time\":\"2023-09-07T18:26:39.000Z\",\"property\":\"\",\"dataset\":\"OpenStreetMap\"}]", "roof_shape": "flat", "roof_color": "#425158", "id": "30393039-6535-3935-B035-353237613938", "facade_color": "#BB987C", "version": 1, "height": 15}, "id": 13385844034361831000}, {"type": "Feature", "geometry": {"type": "Polygon", "coordinates": [[[-74.00199115276337, 40.74707001564806], [-74.0019965171814, 40.747061887498944], [-74.00201261043549, 40.74707001564806], [-74.00205552577972, 40.74699686227001], [-74.00201797485352, 40.74699686227001], [-74.00180876255035, 40.74699686227001], [-74.00182485580444, 40.74700499042709], [-74.00181949138641, 40.7470131185832], [-74.00193750858307, 40.747061887498944], [-74.0019428730011, 40.7470537593488], [-74.00199115276337, 40.74707407972227], [-74.00199115276337, 40.74707001564806]]]}, "properties": {"is_underground": false, "@height_source": "OpenStreetMap", "building_id": "fa065110-7390-46e6-aeed-1a430c04efca", "sources": "[{\"license\":\"ODbL-1.0\",\"record_id\":\"w324981651@4\",\"update_time\":\"2023-09-22T17:35:12.000Z\",\"property\":\"\",\"dataset\":\"OpenStreetMap\"}]", "facade_color": "#9C8272", "version": 1, "@geometry_source": "OpenStreetMap", "facade_material": "brick", "min_height": 47, "roof_material": "concrete", "roof_shape": "flat", "num_floors": 17, "id": "35396634-3733-3661-B838-376464376136", "height": 51.5}, "id": 13444481539630598000}, {"type": "Feature", "geometry": {"type": "Polygon", "coordinates": [[[-73.99874567985535, 40.74938649766577], [-73.99889051914215, 40.74919142860739], [-73.99885296821594, 40.74917517282668], [-73.998863697052, 40.749158917042024], [-73.99870812892914, 40.7490938938636], [-73.99856328964233, 40.7492889632081], [-73.99859011173248, 40.74930115502312], [-73.99857938289642, 40.74931334683595], [-73.99861693382263, 40.74932960258286], [-73.99860620498657, 40.749345858325796], [-73.99869740009308, 40.749382433732876], [-73.99870812892914, 40.74937024193278], [-73.99874567985535, 40.74938649766577]]]}, "properties": {"is_underground": false, "@height_source": "OpenStreetMap", "building_id": "ad5ecc5d-c0d7-450e-b397-d050e3c98f96", "sources": "[{\"license\":\"ODbL-1.0\",\"record_id\":\"w287825571@5\",\"update_time\":\"2023-09-07T18:26:39.000Z\",\"property\":\"\",\"dataset\":\"OpenStreetMap\"}]", "facade_color": "#BB987C", "version": 1, "roof_height": 5, "roof_orientation": "along", "@geometry_source": "OpenStreetMap", "facade_material": "brick", "roof_shape": "gabled", "roof_color": "#425158", "id": "66366535-3662-3361-B264-353562323834", "height": 15}, "id": 13489732332011942000}, {"type": "Feature", "geometry": {"type": "Polygon", "coordinates": [[[-74.00232911109924, 40.74720819403154], [-74.00233447551727, 40.747204129965525], [-74.00234520435333, 40.74720819403154], [-74.00239884853363, 40.74712691266427], [-74.00237202644348, 40.74711472045061], [-74.00235593318939, 40.74713504080549], [-74.00232374668121, 40.74712284859328], [-74.00232911109924, 40.74711878452206], [-74.00222182273865, 40.74707407972227], [-74.00222182273865, 40.747078143796216], [-74.0021950006485, 40.74706595157363], [-74.00220572948456, 40.747045631197636], [-74.00217890739441, 40.74703343896908], [-74.00215208530426, 40.74706595157363], [-74.00213062763214, 40.74705782342397], [-74.00212526321411, 40.74706595157363], [-74.00211453437805, 40.747061887498944], [-74.0020877122879, 40.747098464162235], [-74.00209844112396, 40.747102528234706], [-74.00209307670593, 40.74710659230692], [-74.00216281414032, 40.747143168945684], [-74.00215744972229, 40.747151297084855], [-74.00227546691895, 40.74720006589931], [-74.00228083133698, 40.747196001832776], [-74.00232374668121, 40.74721225809728], [-74.00232911109924, 40.74720819403154]]]}, "properties": {"is_underground": false, "@height_source": "OpenStreetMap", "building_id": "6784165a-9973-49a1-90ba-09ec3f52587e", "sources": "[{\"license\":\"ODbL-1.0\",\"record_id\":\"w324981657@4\",\"update_time\":\"2023-09-22T17:35:12.000Z\",\"property\":\"\",\"dataset\":\"OpenStreetMap\"}]", "facade_color": "#9C8272", "version": 1, "@geometry_source": "OpenStreetMap", "facade_material": "brick", "min_height": 47, "roof_material": "concrete", "roof_shape": "flat", "num_floors": 17, "id": "66663831-6338-3135-A138-393561646164", "height": 51.5}, "id": 13574107709714858000}, {"type": "Feature", "geometry": {"type": "Polygon", "coordinates": [[[-74.00176584720612, 40.74700499042709], [-74.00180339813232, 40.74702124673831], [-74.00180339813232, 40.747025310815474], [-74.00192677974701, 40.747078143796216], [-74.00193214416504, 40.74707407972227], [-74.00197505950928, 40.74709033601661], [-74.00198042392731, 40.7470862719434], [-74.0020501613617, 40.74711472045061], [-74.00213062763214, 40.74700499042709], [-74.00210380554199, 40.74699686227001], [-74.00177121162415, 40.74699686227001], [-74.00176584720612, 40.74700499042709]]]}, "properties": {"is_underground": false, "@height_source": "OpenStreetMap", "building_id": "fa065110-7390-46e6-aeed-1a430c04efca", "sources": "[{\"license\":\"ODbL-1.0\",\"record_id\":\"w264652588@2\",\"update_time\":\"2015-01-28T11:08:08.000Z\",\"property\":\"\",\"dataset\":\"OpenStreetMap\"}]", "facade_color": "#9C8272", "version": 1, "@geometry_source": "OpenStreetMap", "facade_material": "brick", "roof_material": "concrete", "roof_shape": "flat", "num_floors": 16, "id": "63623233-3833-3536-B064-396437366164", "height": 47}, "id": 13951677750080518000}, {"type": "Feature", "geometry": {"type": "Polygon", "coordinates": [[[-74.00351464748383, 40.749780697974586], [-74.00353074073792, 40.749752250607855], [-74.00354146957397, 40.74975631451815], [-74.0035629272461, 40.74972786714099], [-74.00354146957397, 40.74971567540416], [-74.003546833992, 40.749707547578424], [-74.00353074073792, 40.749699419751664], [-74.00347709655762, 40.74976444233795], [-74.00351464748383, 40.749780697974586]]]}, "properties": {"is_underground": false, "@height_source": "OpenStreetMap", "building_id": "1eb40075-bb8c-4707-b968-b3ed07164882", "sources": "[{\"license\":\"ODbL-1.0\",\"record_id\":\"w325986933@1\",\"update_time\":\"2015-02-01T20:02:18.000Z\",\"property\":\"\",\"dataset\":\"OpenStreetMap\"}]", "facade_color": "#E8E6BF", "version": 1, "@geometry_source": "OpenStreetMap", "min_height": 52, "roof_material": "concrete", "roof_shape": "flat", "num_floors": 12, "id": "65626330-6166-3735-A439-636335313363", "height": 54.8}, "id": 13988390138528104000}, {"type": "Feature", "geometry": {"type": "Polygon", "coordinates": [[[-73.99919629096985, 40.75059753859884], [-73.99869740009308, 40.75039028148004], [-73.99835407733917, 40.75086168889237], [-73.99908363819122, 40.75115834874023], [-73.99914264678955, 40.751081136030535], [-73.9990621805191, 40.751048625389075], [-73.99928212165833, 40.75074790120229], [-73.99934649467468, 40.750772284295124], [-73.99941086769104, 40.75068694343108], [-73.99919629096985, 40.75059753859884]], [[-73.99868667125702, 40.75074790120229], [-73.9986652135849, 40.750784475838174], [-73.9989173412323, 40.750886071943484], [-73.9990246295929, 40.75073977350269], [-73.9987725019455, 40.75063411331746], [-73.99874567985535, 40.75066662416157], [-73.99881541728973, 40.7506950711371], [-73.9987564086914, 40.75077634814306], [-73.99868667125702, 40.75074790120229]]]}, "properties": {"is_underground": false, "@height_source": "OpenStreetMap", "building_id": "a66e9a4f-10c7-4f61-b490-1395d1534731", "@geometry_source": "OpenStreetMap", "sources": "[{\"license\":\"ODbL-1.0\",\"record_id\":\"r3817961@3\",\"update_time\":\"2022-10-06T11:45:30.000Z\",\"property\":\"\",\"dataset\":\"OpenStreetMap\"}]", "roof_material": "concrete", "roof_shape": "flat", "id": "37646666-3332-3532-A466-636136623232", "facade_color": "#CDC0B1", "version": 1, "height": 55}, "id": 14033787512970615000}, {"type": "Feature", "geometry": {"type": "Polygon", "coordinates": [[[-74.00273144245148, 40.7476836880395], [-74.0026992559433, 40.74772839242951], [-74.00276362895966, 40.74775684066205], [-74.00279581546783, 40.74770807225596], [-74.00273144245148, 40.7476836880395]]]}, "properties": {"is_underground": false, "@height_source": "OpenStreetMap", "building_id": "9a605630-3090-4ddf-babc-1c5fa5cd05e0", "sources": "[{\"license\":\"ODbL-1.0\",\"record_id\":\"w324981670@2\",\"update_time\":\"2015-01-28T20:26:58.000Z\",\"property\":\"\",\"dataset\":\"OpenStreetMap\"}]", "facade_color": "#9C8272", "version": 1, "@geometry_source": "OpenStreetMap", "facade_material": "brick", "min_height": 51.5, "roof_shape": "flat", "roof_color": "#7E887F", "id": "37656563-6461-3236-B036-613938626630", "height": 60}, "id": 14420367317911624000}, {"type": "Feature", "geometry": {"type": "Polygon", "coordinates": [[[-74.0029513835907, 40.74774464856387], [-74.00287091732025, 40.747854377366934], [-74.00296747684479, 40.74789501761839], [-74.00297820568085, 40.747907209689004], [-74.00321960449219, 40.74800068215603], [-74.00330007076263, 40.74789095359438], [-74.00323033332825, 40.74786250541919], [-74.00323033332825, 40.747854377366934], [-74.00319278240204, 40.74783812125938], [-74.00319278240204, 40.74783405723187], [-74.00307476520538, 40.7477852888824], [-74.00306940078735, 40.74778935291289], [-74.00302648544312, 40.74776903275799], [-74.00302648544312, 40.747777160820704], [-74.0029513835907, 40.74774464856387]]]}, "properties": {"is_underground": false, "@height_source": "OpenStreetMap", "building_id": "eb931587-856e-4ae0-935d-19fa8ec345c9", "sources": "[{\"license\":\"ODbL-1.0\",\"record_id\":\"w264652327@4\",\"update_time\":\"2015-01-28T11:08:10.000Z\",\"property\":\"\",\"dataset\":\"OpenStreetMap\"}]", "facade_color": "#9C8272", "version": 1, "@geometry_source": "OpenStreetMap", "facade_material": "brick", "roof_material": "concrete", "roof_shape": "flat", "num_floors": 16, "id": "61666462-6530-3365-A366-376138393664", "height": 47}, "id": 14569200913867112000}, {"type": "Feature", "geometry": {"type": "Polygon", "coordinates": [[[-74.00225937366486, 40.74717568149654], [-74.00229692459106, 40.74712691266427], [-74.0022325515747, 40.747098464162235], [-74.0021950006485, 40.7471472330154], [-74.00225937366486, 40.74717568149654]]]}, "properties": {"is_underground": false, "@height_source": "OpenStreetMap", "building_id": "6784165a-9973-49a1-90ba-09ec3f52587e", "sources": "[{\"license\":\"ODbL-1.0\",\"record_id\":\"w324981667@2\",\"update_time\":\"2015-01-28T20:26:58.000Z\",\"property\":\"\",\"dataset\":\"OpenStreetMap\"}]", "facade_color": "#9C8272", "version": 1, "@geometry_source": "OpenStreetMap", "facade_material": "brick", "min_height": 51.5, "roof_shape": "flat", "roof_color": "#7E887F", "id": "33353832-6565-3439-B039-323638656236", "height": 60}, "id": 14653962854935167000}, {"type": "Feature", "geometry": {"type": "Polygon", "coordinates": [[[-74.0030586719513, 40.75091858266441], [-74.00322496891022, 40.750678815724], [-74.00313377380371, 40.75064630488586], [-74.00296747684479, 40.75088200810225], [-74.0030586719513, 40.75091858266441]]]}, "properties": {"is_underground": false, "@height_source": "OpenStreetMap", "building_id": "6d275059-a5d2-4af3-aaff-ed25c45a3f55", "@geometry_source": "OpenStreetMap", "sources": "[{\"license\":\"ODbL-1.0\",\"record_id\":\"w1013232699@1\",\"update_time\":\"2021-12-18T04:49:52.000Z\",\"property\":\"\",\"dataset\":\"OpenStreetMap\"}]", "roof_material": "concrete", "roof_shape": "flat", "num_floors": 1, "id": "30323664-3536-3561-B336-313331393436", "facade_color": "#495450", "version": 1, "height": 5.2}, "id": 15417492310515165000}, {"type": "Feature", "geometry": {"type": "Polygon", "coordinates": [[[-74.00110602378845, 40.74710659230692], [-74.00112211704254, 40.74711065637888], [-74.00118112564087, 40.747029374892435], [-74.00116503238678, 40.74702124673831], [-74.00110602378845, 40.74710659230692]]]}, "properties": {"is_underground": false, "@height_source": "OpenStreetMap", "building_id": "25d032d0-78c4-407a-9a97-0d5533855e3d", "sources": "[{\"license\":\"ODbL-1.0\",\"record_id\":\"w324859925@1\",\"update_time\":\"2015-01-27T20:30:10.000Z\",\"property\":\"\",\"dataset\":\"OpenStreetMap\"}]", "facade_color": "#9C8272", "version": 1, "@geometry_source": "OpenStreetMap", "facade_material": "brick", "min_height": 45, "roof_material": "concrete", "roof_shape": "flat", "num_floors": 18, "id": "37626363-3032-3864-B630-376666616632", "height": 53.4}, "id": 15450119882895714000}, {"type": "Feature", "geometry": {"type": "Polygon", "coordinates": [[[-73.99896562099457, 40.74938649766577], [-73.9990085363388, 40.749333666518964], [-73.99893879890442, 40.74930115502312], [-73.99889588356018, 40.74935805013038], [-73.99896562099457, 40.74938649766577]]]}, "properties": {"is_underground": false, "@height_source": "OpenStreetMap", "building_id": "ad5ecc5d-c0d7-450e-b397-d050e3c98f96", "@geometry_source": "OpenStreetMap", "facade_material": "brick", "sources": "[{\"license\":\"ODbL-1.0\",\"record_id\":\"w287825574@2\",\"update_time\":\"2014-06-13T08:31:12.000Z\",\"property\":\"\",\"dataset\":\"OpenStreetMap\"}]", "roof_shape": "flat", "roof_color": "#425158", "id": "38306336-3363-3135-A166-343038393232", "facade_color": "#BB987C", "version": 1, "height": 20}, "id": 15534263824447574000}, {"type": "Feature", "geometry": {"type": "Polygon", "coordinates": [[[-73.99908363819122, 40.75115834874023], [-74.00087535381317, 40.75192640712842], [-74.00121331214905, 40.75145094345805], [-73.99941086769104, 40.75068694343108], [-73.99934649467468, 40.750772284295124], [-73.99928212165833, 40.75074790120229], [-73.9990621805191, 40.751048625389075], [-73.99914264678955, 40.751081136030535], [-73.99908363819122, 40.75115834874023]]]}, "properties": {"is_underground": false, "@height_source": "OpenStreetMap", "building_id": "a66e9a4f-10c7-4f61-b490-1395d1534731", "@geometry_source": "OpenStreetMap", "sources": "[{\"license\":\"ODbL-1.0\",\"record_id\":\"w287855102@3\",\"update_time\":\"2022-10-06T11:45:30.000Z\",\"property\":\"\",\"dataset\":\"OpenStreetMap\"}]", "roof_material": "concrete", "roof_shape": "flat", "id": "39666466-6339-3031-B437-636439313930", "facade_color": "#CDC0B1", "version": 1, "height": 40}, "id": 15661850416731170000}, {"type": "Feature", "geometry": {"type": "Polygon", "coordinates": [[[-74.00213062763214, 40.74700499042709], [-74.0020501613617, 40.74711472045061], [-74.00211989879608, 40.747143168945684], [-74.00211453437805, 40.747151297084855], [-74.00215208530426, 40.74717161742856], [-74.00228083133698, 40.74722445029306], [-74.00231838226318, 40.7472366424866], [-74.00232374668121, 40.74723257842234], [-74.0023934841156, 40.747261026866965], [-74.00247395038605, 40.747151297084855], [-74.00237202644348, 40.74711065637888], [-74.00236129760742, 40.747098464162235], [-74.00223791599274, 40.747045631197636], [-74.00221109390259, 40.74704156712173], [-74.00213062763214, 40.74700499042709]]]}, "properties": {"is_underground": false, "@height_source": "OpenStreetMap", "building_id": "6784165a-9973-49a1-90ba-09ec3f52587e", "sources": "[{\"license\":\"ODbL-1.0\",\"record_id\":\"w264652589@2\",\"update_time\":\"2015-01-28T11:08:08.000Z\",\"property\":\"\",\"dataset\":\"OpenStreetMap\"}]", "facade_color": "#9C8272", "version": 1, "@geometry_source": "OpenStreetMap", "facade_material": "brick", "roof_material": "concrete", "roof_shape": "flat", "num_floors": 16, "id": "63663131-3630-3432-B932-316562626464", "height": 47}, "id": 15974375861093358000}, {"type": "Feature", "geometry": {"type": "Polygon", "coordinates": [[[-74.00125086307526, 40.75126807191029], [-74.00132060050964, 40.75130058244446], [-74.00165855884552, 40.75083324198812], [-74.00157809257507, 40.750796667379035], [-74.0015298128128, 40.75086168889237], [-74.00159955024719, 40.75089013578446], [-74.0013313293457, 40.75125181663728], [-74.0012776851654, 40.7512314975404], [-74.00125086307526, 40.75126807191029]]]}, "properties": {"is_underground": false, "@height_source": "OpenStreetMap", "building_id": "c7b3a70e-51c5-419b-93cb-61b99570152c", "@geometry_source": "OpenStreetMap", "sources": "[{\"license\":\"ODbL-1.0\",\"record_id\":\"w287854634@1\",\"update_time\":\"2014-06-13T10:43:27.000Z\",\"property\":\"\",\"dataset\":\"OpenStreetMap\"}]", "roof_material": "concrete", "roof_shape": "flat", "id": "65623739-3862-3438-A366-393362343963", "facade_color": "#AA906F", "version": 1, "height": 28}, "id": 16001660195314416000}, {"type": "Feature", "geometry": {"type": "Polygon", "coordinates": [[[-74.00156736373901, 40.7471472330154], [-74.00167465209961, 40.74699686227001], [-74.00131523609161, 40.74699686227001], [-74.001384973526, 40.747025310815474], [-74.00135815143585, 40.747061887498944], [-74.00156736373901, 40.7471472330154]]]}, "properties": {"is_underground": false, "@height_source": "OpenStreetMap", "building_id": "25d032d0-78c4-407a-9a97-0d5533855e3d", "sources": "[{\"license\":\"ODbL-1.0\",\"record_id\":\"w324859911@3\",\"update_time\":\"2021-12-18T04:36:16.000Z\",\"property\":\"\",\"dataset\":\"OpenStreetMap\"}]", "facade_color": "#9C8272", "version": 1, "@geometry_source": "OpenStreetMap", "facade_material": "brick", "roof_material": "concrete", "roof_shape": "flat", "num_floors": 2, "id": "39633934-3931-3138-A566-343763333436", "height": 10}, "id": 16031165547000130000}, {"type": "Feature", "geometry": {"type": "Polygon", "coordinates": [[[-74.00260806083679, 40.747321987778804], [-74.002645611763, 40.747273219053824], [-74.00258123874664, 40.74724477061437], [-74.00254905223846, 40.74729353936024], [-74.00260806083679, 40.747321987778804]]]}, "properties": {"is_underground": false, "@height_source": "OpenStreetMap", "building_id": "24200290-6a59-4f84-a95d-0e090c8e11aa", "sources": "[{\"license\":\"ODbL-1.0\",\"record_id\":\"w324981672@2\",\"update_time\":\"2015-01-28T20:26:58.000Z\",\"property\":\"\",\"dataset\":\"OpenStreetMap\"}]", "facade_color": "#9C8272", "version": 1, "@geometry_source": "OpenStreetMap", "facade_material": "brick", "min_height": 51.5, "roof_shape": "flat", "roof_color": "#7E887F", "id": "35303461-6339-3233-A534-623664636336", "height": 60}, "id": 17221365841150330000}, {"type": "Feature", "geometry": {"type": "Polygon", "coordinates": [[[-74.00110602378845, 40.74710659230692], [-74.00116503238678, 40.74702124673831], [-74.00114893913269, 40.74701718266087], [-74.00108993053436, 40.747098464162235], [-74.00110602378845, 40.74710659230692]]]}, "properties": {"is_underground": false, "@height_source": "OpenStreetMap", "building_id": "25d032d0-78c4-407a-9a97-0d5533855e3d", "sources": "[{\"license\":\"ODbL-1.0\",\"record_id\":\"w324859926@1\",\"update_time\":\"2015-01-27T20:30:10.000Z\",\"property\":\"\",\"dataset\":\"OpenStreetMap\"}]", "facade_color": "#9C8272", "version": 1, "@geometry_source": "OpenStreetMap", "facade_material": "brick", "min_height": 45, "roof_material": "concrete", "roof_shape": "flat", "num_floors": 17, "id": "37633030-3932-3730-A435-646438366538", "height": 51}, "id": 17283805688385200000}, {"type": "Feature", "geometry": {"type": "Polygon", "coordinates": [[[-74.00192141532898, 40.74703343896908], [-74.00195360183716, 40.74699686227001], [-74.00186777114868, 40.74699686227001], [-74.00186240673065, 40.74700499042709], [-74.00192141532898, 40.74703343896908]]]}, "properties": {"is_underground": false, "@height_source": "OpenStreetMap", "building_id": "fa065110-7390-46e6-aeed-1a430c04efca", "sources": "[{\"license\":\"ODbL-1.0\",\"record_id\":\"w324981669@2\",\"update_time\":\"2015-01-28T20:26:58.000Z\",\"property\":\"\",\"dataset\":\"OpenStreetMap\"}]", "facade_color": "#9C8272", "version": 1, "@geometry_source": "OpenStreetMap", "facade_material": "brick", "min_height": 51.5, "roof_shape": "flat", "roof_color": "#7E887F", "id": "62663036-6464-3933-B636-393738643933", "height": 60}, "id": 17319106563864054000}, {"type": "Feature", "geometry": {"type": "Polygon", "coordinates": [[[-74.00129914283752, 40.74965471668668], [-74.00135278701782, 40.7495856300726], [-74.00128841400146, 40.74956124654463], [-74.0012401342392, 40.74962626926606], [-74.00129914283752, 40.74965471668668]]]}, "properties": {"is_underground": false, "@height_source": "OpenStreetMap", "building_id": "6e80fcb1-8e5d-4103-ba55-f3608b668816", "sources": "[{\"license\":\"ODbL-1.0\",\"record_id\":\"w325989383@3\",\"update_time\":\"2023-06-16T22:35:57.000Z\",\"property\":\"\",\"dataset\":\"OpenStreetMap\"}]", "facade_color": "#846F56", "version": 1, "@geometry_source": "OpenStreetMap", "facade_material": "brick", "min_height": 37.6, "roof_material": "concrete", "roof_shape": "flat", "id": "34626466-3132-3966-B533-386237313464", "height": 48}, "id": 17438763761500471000}, {"type": "Feature", "geometry": {"type": "Polygon", "coordinates": [[[-73.99922311306, 40.75117054021251], [-73.99935722351074, 40.750979540223256], [-73.99923384189606, 40.750926710342156], [-73.99918019771576, 40.75099579556286], [-73.99912118911743, 40.75097141255199], [-73.9990621805191, 40.751048625389075], [-73.99914264678955, 40.751081136030535], [-73.99911046028137, 40.751125838136545], [-73.99922311306, 40.75117054021251]]]}, "properties": {"is_underground": false, "@height_source": "OpenStreetMap", "building_id": "a66e9a4f-10c7-4f61-b490-1395d1534731", "@geometry_source": "OpenStreetMap", "sources": "[{\"license\":\"ODbL-1.0\",\"record_id\":\"w287855110@1\",\"update_time\":\"2014-06-13T10:50:41.000Z\",\"property\":\"\",\"dataset\":\"OpenStreetMap\"}]", "roof_material": "concrete", "roof_shape": "flat", "id": "32653737-3133-3439-A336-653631396666", "facade_color": "#CDC0B1", "version": 1, "height": 44}, "id": 17544711898404778000}, {"type": "Feature", "geometry": {"type": "Polygon", "coordinates": [[[-74.00237739086151, 40.747533318507124], [-74.0023398399353, 40.7475780229982], [-74.00240421295166, 40.747606471295086], [-74.00244176387787, 40.74755770277872], [-74.00237739086151, 40.747533318507124]]]}, "properties": {"is_underground": false, "@height_source": "OpenStreetMap", "building_id": "f0008e74-ae8e-4f3f-8243-790bb1aea936", "sources": "[{\"license\":\"ODbL-1.0\",\"record_id\":\"w324981666@2\",\"update_time\":\"2015-01-28T20:26:57.000Z\",\"property\":\"\",\"dataset\":\"OpenStreetMap\"}]", "facade_color": "#9C8272", "version": 1, "@geometry_source": "OpenStreetMap", "facade_material": "brick", "min_height": 51.5, "roof_shape": "flat", "roof_color": "#7E887F", "id": "62323665-6131-3761-B935-373963663035", "height": 60}, "id": 18098008284653627000}, {"type": "Feature", "geometry": {"type": "Polygon", "coordinates": [[[-74.00230765342712, 40.747500806131086], [-74.0023022890091, 40.74750487017897], [-74.00229156017303, 40.747500806131086], [-74.00223791599274, 40.747582087041366], [-74.00227010250092, 40.747594279169334], [-74.002286195755, 40.74756989491115], [-74.00231301784515, 40.74758615108428], [-74.00231301784515, 40.747590215126934], [-74.00241494178772, 40.74763085553985], [-74.00242030620575, 40.74762679149967], [-74.0024471282959, 40.74763898361945], [-74.00243103504181, 40.74765930381412], [-74.00246322154999, 40.74767149592793], [-74.00249004364014, 40.74763898361945], [-74.00251150131226, 40.74765117573699], [-74.00251686573029, 40.74763898361945], [-74.00252759456635, 40.7476430476589], [-74.0025544166565, 40.747606471295086], [-74.00254368782043, 40.747602407253396], [-74.00254905223846, 40.74759834321151], [-74.00247395038605, 40.74756176682311], [-74.00247931480408, 40.747553638734075], [-74.00236129760742, 40.74750487017897], [-74.00235593318939, 40.747512998273976], [-74.00231301784515, 40.747492678034604], [-74.00230765342712, 40.747500806131086]]]}, "properties": {"is_underground": false, "@height_source": "OpenStreetMap", "building_id": "f0008e74-ae8e-4f3f-8243-790bb1aea936", "sources": "[{\"license\":\"ODbL-1.0\",\"record_id\":\"w324981656@4\",\"update_time\":\"2023-09-22T17:35:12.000Z\",\"property\":\"\",\"dataset\":\"OpenStreetMap\"}]", "facade_color": "#9C8272", "version": 1, "@geometry_source": "OpenStreetMap", "facade_material": "brick", "min_height": 47, "roof_material": "concrete", "roof_shape": "flat", "num_floors": 17, "id": "65393336-6235-3438-A634-323136323063", "height": 51.5}, "id": 18101123606203668000}, {"type": "Feature", "geometry": {"type": "Polygon", "coordinates": [[[-74.00226473808289, 40.75069913498976], [-74.00222182273865, 40.75076009274983], [-74.00229156017303, 40.7507885396854], [-74.00233447551727, 40.75072758195142], [-74.00226473808289, 40.75069913498976]]]}, "properties": {"is_underground": false, "@height_source": "OpenStreetMap", "building_id": "2e7113ea-6ffd-410e-b8fc-03518996cff2", "sources": "[{\"license\":\"ODbL-1.0\",\"record_id\":\"w325986917@3\",\"update_time\":\"2022-10-06T11:45:30.000Z\",\"property\":\"\",\"dataset\":\"OpenStreetMap\"}]", "facade_color": "#9F918E", "version": 1, "@geometry_source": "OpenStreetMap", "facade_material": "brick", "min_height": 44, "roof_material": "concrete", "roof_shape": "flat", "id": "35303861-3734-3862-A162-666239663566", "height": 46.6}, "id": 18203296234086201000}, {"type": "Feature", "geometry": {"type": "Polygon", "coordinates": [[[-73.99868667125702, 40.75074790120229], [-73.9986652135849, 40.750784475838174], [-73.9989173412323, 40.750886071943484], [-73.9990246295929, 40.75073977350269], [-73.9987725019455, 40.75063411331746], [-73.99874567985535, 40.75066662416157], [-73.99881541728973, 40.7506950711371], [-73.9987564086914, 40.75077634814306], [-73.99868667125702, 40.75074790120229]]]}, "properties": {"is_underground": false, "@height_source": "OpenStreetMap", "building_id": "a66e9a4f-10c7-4f61-b490-1395d1534731", "@geometry_source": "OpenStreetMap", "sources": "[{\"license\":\"ODbL-1.0\",\"record_id\":\"w287855111@1\",\"update_time\":\"2014-06-13T10:50:42.000Z\",\"property\":\"\",\"dataset\":\"OpenStreetMap\"}]", "roof_material": "concrete", "roof_shape": "flat", "id": "66643934-3133-3932-B339-393565343766", "facade_color": "#CDC0B1", "version": 1, "height": 20}, "id": 18238889534291124000}, {"type": "Feature", "geometry": {"type": "Polygon", "coordinates": [[[-74.00636315345764, 40.7462693881869], [-74.00636851787567, 40.7462653240635], [-74.0063202381134, 40.74624500344291], [-74.0063202381134, 40.746249067567504], [-74.00636315345764, 40.7462693881869]]]}, "properties": {"is_underground": false, "@height_source": "OpenStreetMap", "building_id": "7de92765-2fbb-4c4b-a0af-3845c1d07e77", "sources": "[{\"license\":\"ODbL-1.0\",\"record_id\":\"w323617969@1\",\"update_time\":\"2015-01-22T11:25:22.000Z\",\"property\":\"\",\"dataset\":\"OpenStreetMap\"}]", "facade_color": "#A09080", "version": 1, "@geometry_source": "OpenStreetMap", "facade_material": "brick", "min_height": 26.9, "roof_material": "concrete", "roof_shape": "flat", "id": "66623363-3761-3262-B764-356463366331", "height": 27.4}, "id": 173743055425068600}, {"type": "Feature", "geometry": {"type": "Polygon", "coordinates": [[[-74.00638461112976, 40.74627751643288], [-74.00638997554779, 40.74627345231002], [-74.00629878044128, 40.74623687519292], [-74.00629341602325, 40.74624093931803], [-74.00638461112976, 40.74627751643288]]]}, "properties": {"is_underground": false, "@height_source": "OpenStreetMap", "building_id": "7de92765-2fbb-4c4b-a0af-3845c1d07e77", "sources": "[{\"license\":\"ODbL-1.0\",\"record_id\":\"w323617970@1\",\"update_time\":\"2015-01-22T11:25:22.000Z\",\"property\":\"\",\"dataset\":\"OpenStreetMap\"}]", "facade_color": "#A09080", "version": 1, "@geometry_source": "OpenStreetMap", "facade_material": "brick", "min_height": 26.4, "roof_material": "concrete", "roof_shape": "flat", "id": "33356237-3330-3266-A264-346261613665", "height": 26.9}, "id": 283587823957283000}, {"type": "Feature", "geometry": {"type": "Polygon", "coordinates": [[[-74.00515615940094, 40.743587012747554], [-74.0053653717041, 40.7436764270052], [-74.00534927845001, 40.743692684130025], [-74.00549411773682, 40.743753648312804], [-74.0055799484253, 40.74363578417572], [-74.00543510913849, 40.74357481988494], [-74.00542438030243, 40.74359107703461], [-74.00521516799927, 40.743501662662226], [-74.00522589683533, 40.7434854054907], [-74.00508105754852, 40.74342444106205], [-74.00499522686005, 40.74354230557364], [-74.00514543056488, 40.74360326989424], [-74.00515615940094, 40.743587012747554]]]}, "properties": {"is_underground": false, "@height_source": "OpenStreetMap", "building_id": "6aa1b616-9529-4173-81ec-0c771e4840da", "sources": "[{\"license\":\"ODbL-1.0\",\"record_id\":\"w264627644@2\",\"update_time\":\"2023-09-20T16:56:18.000Z\",\"property\":\"\",\"dataset\":\"OpenStreetMap\"}]", "facade_color": "#806F5C", "version": 1, "@geometry_source": "OpenStreetMap", "facade_material": "brick", "roof_material": "concrete", "roof_shape": "flat", "roof_color": "#2C3A3D", "id": "32636361-3330-3438-A534-663239383038", "height": 19}, "id": 583056432507630700}, {"type": "Feature", "geometry": {"type": "Polygon", "coordinates": [[[-74.0035629272461, 40.74444863604651], [-74.00377750396729, 40.7445380491458], [-74.0037614107132, 40.744554306060024], [-74.00391161441803, 40.744615269452964], [-74.00399208068848, 40.744501471074244], [-74.00384724140167, 40.74444050757697], [-74.00383651256561, 40.744456764515036], [-74.00362193584442, 40.744367351306465], [-74.00363266468048, 40.74435109434654], [-74.0035629272461, 40.7443226446571], [-74.0035629272461, 40.74444863604651]]]}, "properties": {"is_underground": false, "@height_source": "OpenStreetMap", "building_id": "1587b6d8-3e3b-4454-aa70-b966fd27c2c0", "sources": "[{\"license\":\"ODbL-1.0\",\"record_id\":\"w264628449@3\",\"update_time\":\"2023-08-27T19:07:02.000Z\",\"property\":\"\",\"dataset\":\"OpenStreetMap\"}]", "facade_color": "#806F5C", "version": 1, "@geometry_source": "OpenStreetMap", "facade_material": "brick", "roof_material": "concrete", "roof_shape": "flat", "roof_color": "#2C3A3D", "id": "63613965-3034-3062-A532-626339333361", "height": 19}, "id": 633860250080922800}, {"type": "Feature", "geometry": {"type": "Polygon", "coordinates": [[[-74.00625586509705, 40.74351791982977], [-74.00627195835114, 40.743497598369714], [-74.00608956813812, 40.74342444106205], [-74.00607883930206, 40.74344069824849], [-74.00625586509705, 40.74351791982977]]]}, "properties": {"is_underground": false, "@height_source": "OpenStreetMap", "building_id": "273ebdbb-c1e2-43fd-aac0-a1dac499de79", "sources": "[{\"license\":\"ODbL-1.0\",\"record_id\":\"w288796988@1\",\"update_time\":\"2014-06-19T14:14:29.000Z\",\"property\":\"\",\"dataset\":\"OpenStreetMap\"}]", "facade_color": "#B1AFA2", "version": 1, "@geometry_source": "OpenStreetMap", "facade_material": "glass", "min_height": 30, "roof_material": "concrete", "roof_shape": "flat", "id": "63313433-3537-3138-B432-643162646439", "height": 72}, "id": 636907685155038700}, {"type": "Feature", "geometry": {"type": "Polygon", "coordinates": [[[-74.00667428970337, 40.74380241961876], [-74.00669038295746, 40.74380648389263], [-74.00683522224426, 40.743623591322034], [-74.00684058666229, 40.74344882684022], [-74.006786942482, 40.74342444106205], [-74.00654554367065, 40.743745519758306], [-74.00667428970337, 40.74380241961876]]]}, "properties": {"is_underground": false, "@height_source": "OpenStreetMap", "building_id": "273ebdbb-c1e2-43fd-aac0-a1dac499de79", "@geometry_source": "OpenStreetMap", "facade_material": "glass", "sources": "[{\"license\":\"ODbL-1.0\",\"record_id\":\"w288796986@2\",\"update_time\":\"2021-08-18T04:22:15.000Z\",\"property\":\"\",\"dataset\":\"OpenStreetMap\"}]", "roof_material": "concrete", "roof_shape": "flat", "id": "32336462-6530-3062-A361-366364626534", "facade_color": "#B1AFA2", "version": 1, "height": 35}, "id": 640485423762447400}, {"type": "Feature", "geometry": {"type": "Polygon", "coordinates": [[[-74.00699079036713, 40.74209133825204], [-74.00716245174408, 40.74186373266289], [-74.00695323944092, 40.741778380366156], [-74.00678157806396, 40.74200192186345], [-74.00699079036713, 40.74209133825204]]]}, "properties": {"is_underground": false, "@height_source": "OpenStreetMap", "building_id": "597c0c7c-cd25-47ea-8267-9f17feb0522c", "sources": "[{\"license\":\"ODbL-1.0\",\"record_id\":\"w288751133@1\",\"update_time\":\"2014-06-19T08:26:48.000Z\",\"property\":\"\",\"dataset\":\"OpenStreetMap\"}]", "facade_color": "#AD7F68", "version": 1, "roof_height": 5, "roof_orientation": "along", "@geometry_source": "OpenStreetMap", "facade_material": "brick", "roof_shape": "gabled", "roof_color": "#777A6F", "id": "39383438-3865-3830-B665-306631626336", "height": 21.1}, "id": 758838467242130700}, {"type": "Feature", "geometry": {"type": "Polygon", "coordinates": [[[-74.00434613227844, 40.74281479370234], [-74.00429785251617, 40.74287575868976], [-74.00434076786041, 40.7428920160103], [-74.00438904762268, 40.7428310510378], [-74.00434613227844, 40.74281479370234]]]}, "properties": {"is_underground": false, "@height_source": "OpenStreetMap", "building_id": "4d319717-2281-478b-bcc8-42831e155423", "sources": "[{\"license\":\"ODbL-1.0\",\"record_id\":\"w288787477@1\",\"update_time\":\"2014-06-19T12:57:51.000Z\",\"property\":\"\",\"dataset\":\"OpenStreetMap\"}]", "facade_color": "#806F5C", "version": 1, "@geometry_source": "OpenStreetMap", "facade_material": "brick", "roof_material": "concrete", "roof_shape": "flat", "roof_color": "#2C3A3D", "id": "36333164-3036-3864-A232-636664643034", "height": 22}, "id": 820746250985495600}, {"type": "Feature", "geometry": {"type": "Polygon", "coordinates": [[[-74.00777399539948, 40.74637911942415], [-74.00780618190765, 40.74618810567216], [-74.0077954530716, 40.74616778502798], [-74.00775253772736, 40.74612714372097], [-74.00745749473572, 40.74600521965084], [-74.00746822357178, 40.746017412067914], [-74.00774717330933, 40.74613527198434], [-74.00778472423553, 40.74617184915732], [-74.0077954530716, 40.74618810567216], [-74.00776326656342, 40.746358798838315], [-74.00777399539948, 40.74637911942415]]]}, "properties": {"is_underground": false, "@height_source": "OpenStreetMap", "building_id": "4a882ec3-a00a-4fec-9770-c98f16a0ea56", "@geometry_source": "OpenStreetMap", "facade_material": "glass", "sources": "[{\"license\":\"ODbL-1.0\",\"record_id\":\"w288603700@1\",\"update_time\":\"2014-06-18T08:40:55.000Z\",\"property\":\"\",\"dataset\":\"OpenStreetMap\"}]", "roof_material": "concrete", "roof_shape": "flat", "id": "34303938-6135-3732-B237-623063313836", "facade_color": "#93A49D", "version": 1, "height": 75.7}, "id": 876941330747856900}, {"type": "Feature", "geometry": {"type": "Polygon", "coordinates": [[[-74.00647580623627, 40.74631002940697], [-74.00620758533478, 40.74619623392812], [-74.00620758533478, 40.74620436218308], [-74.00647580623627, 40.746314093527644], [-74.00647580623627, 40.74631002940697]]]}, "properties": {"is_underground": false, "@height_source": "OpenStreetMap", "building_id": "7de92765-2fbb-4c4b-a0af-3845c1d07e77", "sources": "[{\"license\":\"ODbL-1.0\",\"record_id\":\"w323617968@1\",\"update_time\":\"2015-01-22T11:25:22.000Z\",\"property\":\"\",\"dataset\":\"OpenStreetMap\"}]", "facade_color": "#A09080", "version": 1, "@geometry_source": "OpenStreetMap", "facade_material": "brick", "min_height": 24.7, "roof_material": "concrete", "roof_shape": "flat", "id": "63656335-3262-3566-B261-376364633961", "height": 25.1}, "id": 1034630824876529700}, {"type": "Feature", "geometry": {"type": "Polygon", "coordinates": [[[-74.00656700134277, 40.74371706980983], [-74.00665283203125, 40.7436113984661], [-74.00658309459686, 40.74358294846027], [-74.00654017925262, 40.74363578417572], [-74.00660991668701, 40.74365610559357], [-74.00656700134277, 40.74371706980983]]]}, "properties": {"is_underground": false, "@height_source": "OpenStreetMap", "building_id": "273ebdbb-c1e2-43fd-aac0-a1dac499de79", "@geometry_source": "OpenStreetMap", "facade_material": "glass", "sources": "[{\"license\":\"ODbL-1.0\",\"record_id\":\"w288797009@1\",\"update_time\":\"2014-06-19T14:14:30.000Z\",\"property\":\"\",\"dataset\":\"OpenStreetMap\"}]", "roof_material": "concrete", "roof_shape": "flat", "id": "32393063-3038-3663-B838-376565656664", "facade_color": "#B1AFA2", "version": 1, "height": 74}, "id": 1066628401970254100}, {"type": "Feature", "geometry": {"type": "Polygon", "coordinates": [[[-74.00673866271973, 40.74699686227001], [-74.00679230690002, 40.746923708811465], [-74.00663137435913, 40.74685461936008], [-74.00657773017883, 40.746927772894594], [-74.00673866271973, 40.74699686227001]]]}, "properties": {"is_underground": false, "@height_source": "OpenStreetMap", "building_id": "116122d9-d6bb-4308-8297-30afc4486dea", "@geometry_source": "OpenStreetMap", "facade_material": "brick", "sources": "[{\"license\":\"ODbL-1.0\",\"record_id\":\"w324714215@1\",\"update_time\":\"2015-01-27T09:42:36.000Z\",\"property\":\"\",\"dataset\":\"OpenStreetMap\"}]", "roof_material": "concrete", "roof_shape": "flat", "id": "34313162-6139-3635-B533-396663366238", "facade_color": "#AD9E87", "version": 1, "height": 12}, "id": 1104890320339199200}, {"type": "Feature", "geometry": {"type": "Polygon", "coordinates": [[[-74.00360584259033, 40.742514032279814], [-74.0035629272461, 40.742493710513], [-74.0035629272461, 40.74253435404037], [-74.00358438491821, 40.74254248274286], [-74.00360584259033, 40.742514032279814]]]}, "properties": {"is_underground": false, "@height_source": "OpenStreetMap", "building_id": "8cd993e0-995a-41b8-8886-58185d35ca16", "@geometry_source": "OpenStreetMap", "facade_material": "metal", "sources": "[{\"license\":\"ODbL-1.0\",\"record_id\":\"w294806639@1\",\"update_time\":\"2014-07-28T11:07:39.000Z\",\"property\":\"\",\"dataset\":\"OpenStreetMap\"}]", "roof_material": "concrete", "roof_shape": "flat", "id": "61306664-3033-3231-A431-636430326230", "facade_color": "#999A9C", "version": 1, "height": 44}, "id": 1186256772276575500}, {"type": "Feature", "geometry": {"type": "Polygon", "coordinates": [[[-74.00709271430969, 40.74472500341949], [-74.0075272321701, 40.74474938872078], [-74.00757014751434, 40.74451772799739], [-74.00716245174408, 40.7443551585869], [-74.00709271430969, 40.74472500341949]]]}, "properties": {"is_underground": false, "building_id": "63b8032b-d084-4f92-8d02-51dea3bf71e2", "@geometry_source": "OpenStreetMap", "sources": "[{\"license\":\"ODbL-1.0\",\"record_id\":\"w1275407070@2\",\"update_time\":\"2026-03-26T06:11:32.000Z\",\"property\":\"\",\"dataset\":\"OpenStreetMap\"}]", "num_floors": 25, "id": "65386665-3361-3534-A432-356630323933", "version": 1}, "id": 1313793137874777300}, {"type": "Feature", "geometry": {"type": "Polygon", "coordinates": [[[-74.00679767131805, 40.74235552233418], [-74.00695860385895, 40.742136046401214], [-74.00674939155579, 40.742046630072764], [-74.00658845901489, 40.74227017066855], [-74.00679767131805, 40.74235552233418]]]}, "properties": {"is_underground": false, "@height_source": "OpenStreetMap", "building_id": "597c0c7c-cd25-47ea-8267-9f17feb0522c", "sources": "[{\"license\":\"ODbL-1.0\",\"record_id\":\"w288751130@1\",\"update_time\":\"2014-06-19T08:26:48.000Z\",\"property\":\"\",\"dataset\":\"OpenStreetMap\"}]", "facade_color": "#AD7F68", "version": 1, "roof_height": 5, "roof_orientation": "along", "@geometry_source": "OpenStreetMap", "facade_material": "brick", "roof_shape": "gabled", "roof_color": "#777A6F", "id": "36313234-3039-3431-B735-376163333436", "height": 21.1}, "id": 1464058272188397800}, {"type": "Feature", "geometry": {"type": "Polygon", "coordinates": [[[-74.00382578372955, 40.74454617760338], [-74.00387406349182, 40.74448521414709], [-74.00383114814758, 40.74446489298259], [-74.00378286838531, 40.74452585645753], [-74.00382578372955, 40.74454617760338]]]}, "properties": {"is_underground": false, "@height_source": "OpenStreetMap", "building_id": "1587b6d8-3e3b-4454-aa70-b966fd27c2c0", "sources": "[{\"license\":\"ODbL-1.0\",\"record_id\":\"w288787475@1\",\"update_time\":\"2014-06-19T12:57:50.000Z\",\"property\":\"\",\"dataset\":\"OpenStreetMap\"}]", "facade_color": "#806F5C", "version": 1, "@geometry_source": "OpenStreetMap", "facade_material": "brick", "roof_material": "concrete", "roof_shape": "flat", "roof_color": "#2C3A3D", "id": "34323666-3762-3632-B537-663332323031", "height": 22}, "id": 1497261030984629800}, {"type": "Feature", "geometry": {"type": "Polygon", "coordinates": [[[-74.00362730026245, 40.7423392648825], [-74.00357365608215, 40.74241242338377], [-74.0036541223526, 40.74244493824739], [-74.00387406349182, 40.74214823952764], [-74.00378823280334, 40.74211572451895], [-74.00362730026245, 40.7423392648825]]]}, "properties": {"is_underground": false, "@height_source": "OpenStreetMap", "building_id": "8cd993e0-995a-41b8-8886-58185d35ca16", "@geometry_source": "OpenStreetMap", "sources": "[{\"license\":\"ODbL-1.0\",\"record_id\":\"w294806644@1\",\"update_time\":\"2014-07-28T11:07:40.000Z\",\"property\":\"\",\"dataset\":\"OpenStreetMap\"}]", "roof_material": "concrete", "roof_shape": "flat", "id": "64656461-3139-3463-A435-353438653536", "facade_color": "#383637", "version": 1, "height": 15}, "id": 1587651239833186600}, {"type": "Feature", "geometry": {"type": "Polygon", "coordinates": [[[-74.00454998016357, 40.74415601051746], [-74.00434613227844, 40.74407066116231], [-74.004265666008, 40.74418039602739], [-74.00446951389313, 40.744265745241734], [-74.00449633598328, 40.744233231268225], [-74.00449097156525, 40.744233231268225], [-74.00452315807343, 40.74418852452871], [-74.00452852249146, 40.74418852452871], [-74.00454998016357, 40.74415601051746]]]}, "properties": {"is_underground": false, "@height_source": "OpenStreetMap", "building_id": "5a037889-0f90-4982-ac3b-7fe7ca2277cb", "sources": "[{\"license\":\"ODbL-1.0\",\"record_id\":\"w288786841@1\",\"update_time\":\"2014-06-19T12:51:55.000Z\",\"property\":\"\",\"dataset\":\"OpenStreetMap\"}]", "facade_color": "#806F5C", "version": 1, "@geometry_source": "OpenStreetMap", "facade_material": "brick", "roof_material": "concrete", "roof_shape": "flat", "roof_color": "#2C3A3D", "id": "34376130-3362-3565-B539-626262623866", "height": 71.8}, "id": 1670949679907658800}, {"type": "Feature", "geometry": {"type": "MultiPolygon", "coordinates": [[[[-74.0035629272461, 40.742310814332484], [-74.0035629272461, 40.74240429466536], [-74.00357365608215, 40.74241242338377], [-74.00362730026245, 40.7423392648825], [-74.0035629272461, 40.742310814332484]]], [[[-74.00358438491821, 40.74225391319598], [-74.0035629272461, 40.74224578445822], [-74.0035629272461, 40.74228236377033], [-74.00358438491821, 40.74225391319598]]]]}, "properties": {"is_underground": false, "@height_source": "OpenStreetMap", "building_id": "8cd993e0-995a-41b8-8886-58185d35ca16", "@geometry_source": "OpenStreetMap", "sources": "[{\"license\":\"ODbL-1.0\",\"record_id\":\"w294806645@1\",\"update_time\":\"2014-07-28T11:07:40.000Z\",\"property\":\"\",\"dataset\":\"OpenStreetMap\"}]", "roof_material": "concrete", "roof_shape": "flat", "id": "37393834-3636-3231-B337-303731313136", "facade_color": "#999A9C", "version": 1, "height": 10}, "id": 1675444136029691100}, {"type": "Feature", "geometry": {"type": "Polygon", "coordinates": [[[-74.00516152381897, 40.74349353407695], [-74.00511860847473, 40.74355449844225], [-74.00516152381897, 40.74357481988494], [-74.00520443916321, 40.74351385553828], [-74.00516152381897, 40.74349353407695]]]}, "properties": {"is_underground": false, "@height_source": "OpenStreetMap", "building_id": "6aa1b616-9529-4173-81ec-0c771e4840da", "sources": "[{\"license\":\"ODbL-1.0\",\"record_id\":\"w288787467@1\",\"update_time\":\"2014-06-19T12:57:49.000Z\",\"property\":\"\",\"dataset\":\"OpenStreetMap\"}]", "facade_color": "#806F5C", "version": 1, "@geometry_source": "OpenStreetMap", "facade_material": "brick", "roof_material": "concrete", "roof_shape": "flat", "roof_color": "#2C3A3D", "id": "33363264-3730-3265-B633-366166396132", "height": 22}, "id": 1751211851260575200}, {"type": "Feature", "geometry": {"type": "Polygon", "coordinates": [[[-74.00418519973755, 40.742278299403296], [-74.00399208068848, 40.74219701201082], [-74.00371849536896, 40.742570933193775], [-74.00363266468048, 40.74253435404037], [-74.00390088558197, 40.74216043265176], [-74.00387406349182, 40.74214823952764], [-74.0035629272461, 40.74257499754293], [-74.0035629272461, 40.742599383632495], [-74.00386333465576, 40.74272131394639], [-74.00418519973755, 40.742278299403296]]]}, "properties": {"is_underground": false, "@height_source": "OpenStreetMap", "building_id": "7d5c3c92-298d-47ab-8712-f24195ea48a3", "@geometry_source": "OpenStreetMap", "sources": "[{\"license\":\"ODbL-1.0\",\"record_id\":\"w294194763@2\",\"update_time\":\"2023-09-14T14:43:27.000Z\",\"property\":\"\",\"dataset\":\"OpenStreetMap\"}]", "roof_material": "concrete", "roof_shape": "flat", "id": "37626632-6165-3663-B563-336362343661", "facade_color": "#FFFFFF", "version": 1, "height": 10}, "id": 1778470666878151400}, {"type": "Feature", "geometry": {"type": "Polygon", "coordinates": [[[-74.00655090808868, 40.74537121088315], [-74.00656163692474, 40.74536308252635], [-74.00654554367065, 40.745359018347614], [-74.00654017925262, 40.745367146704865], [-74.00655090808868, 40.74537121088315]]]}, "properties": {"is_underground": false, "@height_source": "OpenStreetMap", "building_id": "be183e1e-cce5-4552-a042-ecdfd42c9a74", "@geometry_source": "OpenStreetMap", "facade_material": "metal", "sources": "[{\"license\":\"ODbL-1.0\",\"record_id\":\"w288765538@1\",\"update_time\":\"2014-06-19T10:14:22.000Z\",\"property\":\"\",\"dataset\":\"OpenStreetMap\"}]", "id": "37356533-6665-3066-A165-316636303663", "facade_color": "#3D4647", "version": 1, "height": 5.5}, "id": 1873918016012849000}, {"type": "Feature", "geometry": {"type": "Polygon", "coordinates": [[[-74.00452852249146, 40.742485581804544], [-74.00450706481934, 40.742514032279814], [-74.00454998016357, 40.742530289688744], [-74.0045714378357, 40.74250590357383], [-74.00452852249146, 40.742485581804544]]]}, "properties": {"is_underground": false, "@height_source": "OpenStreetMap", "building_id": "84b1c968-6d2a-4326-840a-3a31813fc3d5", "sources": "[{\"license\":\"ODbL-1.0\",\"record_id\":\"w288787449@1\",\"update_time\":\"2014-06-19T12:57:48.000Z\",\"property\":\"\",\"dataset\":\"OpenStreetMap\"}]", "facade_color": "#806F5C", "version": 1, "@geometry_source": "OpenStreetMap", "facade_material": "brick", "roof_material": "concrete", "roof_shape": "flat", "roof_color": "#2C3A3D", "id": "31306533-3164-3230-B966-316466666136", "height": 21}, "id": 1889938512095658000}, {"type": "Feature", "geometry": {"type": "Polygon", "coordinates": [[[-74.00594472885132, 40.74491195716766], [-74.0057784318924, 40.74484286562631], [-74.00571942329407, 40.74491602137374], [-74.00560677051544, 40.7448672508844], [-74.0055638551712, 40.744920085579594], [-74.00560677051544, 40.744940406605025], [-74.00566041469574, 40.74498104863724], [-74.00573551654816, 40.7449932412421], [-74.00580525398254, 40.74504201163907], [-74.00583744049072, 40.74505014003509], [-74.00586426258087, 40.74504201163907], [-74.00588035583496, 40.74502981904317], [-74.00589108467102, 40.74498104863724], [-74.00594472885132, 40.74491195716766]]]}, "properties": {"is_underground": false, "@height_source": "OpenStreetMap", "building_id": "5140a944-5d0a-428f-a565-a7a82110ef16", "sources": "[{\"license\":\"ODbL-1.0\",\"record_id\":\"w324516070@1\",\"update_time\":\"2015-01-26T15:50:27.000Z\",\"property\":\"\",\"dataset\":\"OpenStreetMap\"}]", "min_floor": 4, "facade_color": "#AB9C7F", "version": 1, "@geometry_source": "OpenStreetMap", "facade_material": "brick", "min_height": 21.5, "roof_material": "concrete", "roof_shape": "flat", "num_floors": 8, "id": "37343733-6236-3365-B937-323135623962", "height": 35}, "id": 1960664187481494000}, {"type": "Feature", "geometry": {"type": "Polygon", "coordinates": [[[-74.00489866733551, 40.743672362723345], [-74.00493085384369, 40.74362765560684], [-74.00492548942566, 40.743623591322034], [-74.00489330291748, 40.743668298441264], [-74.00489866733551, 40.743672362723345]]]}, "properties": {"is_underground": false, "@height_source": "OpenStreetMap", "building_id": "be282fe3-9ad6-4f3c-a7df-efa7dddbf301", "@geometry_source": "OpenStreetMap", "sources": "[{\"license\":\"ODbL-1.0\",\"record_id\":\"w288786849@1\",\"update_time\":\"2014-06-19T12:51:56.000Z\",\"property\":\"\",\"dataset\":\"OpenStreetMap\"}]", "roof_material": "concrete", "roof_shape": "flat", "roof_color": "#2C3A3D", "id": "37633163-6132-3637-B663-643935363530", "facade_color": "#C7C8CA", "version": 1, "height": 71.8}, "id": 1965833820792577300}, {"type": "Feature", "geometry": {"type": "Polygon", "coordinates": [[[-74.00483429431915, 40.74287575868976], [-74.00486648082733, 40.7428310510378], [-74.0048611164093, 40.74282698670427], [-74.00482892990112, 40.742871694359025], [-74.00483429431915, 40.74287575868976]]]}, "properties": {"is_underground": false, "@height_source": "OpenStreetMap", "building_id": "23e5591d-15b7-4ae5-8b4a-b9f59e05e9de", "@geometry_source": "OpenStreetMap", "sources": "[{\"license\":\"ODbL-1.0\",\"record_id\":\"w288784615@1\",\"update_time\":\"2014-06-19T12:36:09.000Z\",\"property\":\"\",\"dataset\":\"OpenStreetMap\"}]", "roof_material": "concrete", "roof_shape": "flat", "roof_color": "#2C3A3D", "id": "35376434-6361-3138-B466-326266393964", "facade_color": "#C7C8CA", "version": 1, "height": 71.8}, "id": 2059743781016725800}, {"type": "Feature", "geometry": {"type": "Polygon", "coordinates": [[[-74.00501132011414, 40.742440873890274], [-74.00520980358124, 40.74217262577366], [-74.00512397289276, 40.742140110776944], [-74.00510787963867, 40.74216449702598], [-74.00478601455688, 40.7420303725456], [-74.00469481945038, 40.74214823952764], [-74.00501132011414, 40.74228236377033], [-74.00492012500763, 40.74240429466536], [-74.00501132011414, 40.742440873890274]]]}, "properties": {"is_underground": false, "@height_source": "OpenStreetMap", "building_id": "51b23753-d363-4411-b658-ad8d554c151e", "@geometry_source": "OpenStreetMap", "facade_material": "brick", "sources": "[{\"license\":\"ODbL-1.0\",\"record_id\":\"w288757173@2\",\"update_time\":\"2014-12-15T15:03:08.000Z\",\"property\":\"\",\"dataset\":\"OpenStreetMap\"}]", "roof_shape": "flat", "roof_color": "#AFB29D", "id": "65616266-6534-3034-B033-643832623466", "facade_color": "#B79C89", "version": 1, "height": 15}, "id": 2065670857587673900}, {"type": "Feature", "geometry": {"type": "Polygon", "coordinates": [[[-74.00458216667175, 40.743578884172706], [-74.0046626329422, 40.74346914831517], [-74.00445878505707, 40.74338379807861], [-74.00443732738495, 40.74341224816965], [-74.00443196296692, 40.74341224816965], [-74.00443732738495, 40.743420376764846], [-74.00440514087677, 40.74346101972597], [-74.00439441204071, 40.74346508402067], [-74.00439977645874, 40.74346508402067], [-74.00437831878662, 40.74349353407695], [-74.00458216667175, 40.743578884172706]]]}, "properties": {"is_underground": false, "@height_source": "OpenStreetMap", "building_id": "be282fe3-9ad6-4f3c-a7df-efa7dddbf301", "sources": "[{\"license\":\"ODbL-1.0\",\"record_id\":\"w288786842@1\",\"update_time\":\"2014-06-19T12:51:55.000Z\",\"property\":\"\",\"dataset\":\"OpenStreetMap\"}]", "facade_color": "#806F5C", "version": 1, "@geometry_source": "OpenStreetMap", "facade_material": "brick", "roof_material": "concrete", "roof_shape": "flat", "roof_color": "#2C3A3D", "id": "61356535-3266-3834-A266-346665346265", "height": 71.8}, "id": 2085873736902178600}, {"type": "Feature", "geometry": {"type": "Polygon", "coordinates": [[[-74.00536000728607, 40.74545249439626], [-74.00543510913849, 40.74534276163007], [-74.00530099868774, 40.745285863087446], [-74.0052205324173, 40.745395595947485], [-74.00536000728607, 40.74545249439626]]]}, "properties": {"is_underground": false, "@height_source": "OpenStreetMap", "building_id": "046c286d-9d15-4aec-a794-28500f3e536c", "sources": "[{\"license\":\"ODbL-1.0\",\"record_id\":\"w324532445@1\",\"update_time\":\"2015-01-26T16:30:56.000Z\",\"property\":\"\",\"dataset\":\"OpenStreetMap\"}]", "facade_color": "#A26E56", "version": 1, "@geometry_source": "OpenStreetMap", "facade_material": "brick", "roof_material": "concrete", "roof_shape": "flat", "num_floors": 1, "id": "38386535-3333-3631-A162-643031626633", "height": 4}, "id": 2222149039404640300}, {"type": "Feature", "geometry": {"type": "Polygon", "coordinates": [[[-74.00378286838531, 40.74412349649032], [-74.00383114814758, 40.74406253264658], [-74.00378823280334, 40.744046275612135], [-74.00373995304108, 40.744107239470765], [-74.00378286838531, 40.74412349649032]]]}, "properties": {"is_underground": false, "@height_source": "OpenStreetMap", "building_id": "0b329443-ce43-417c-9c44-b11e2625887d", "sources": "[{\"license\":\"ODbL-1.0\",\"record_id\":\"w288787476@1\",\"update_time\":\"2014-06-19T12:57:50.000Z\",\"property\":\"\",\"dataset\":\"OpenStreetMap\"}]", "facade_color": "#806F5C", "version": 1, "@geometry_source": "OpenStreetMap", "facade_material": "brick", "roof_material": "concrete", "roof_shape": "flat", "roof_color": "#2C3A3D", "id": "34363935-3730-3566-A565-636236353562", "height": 22}, "id": 2275896463762794800}, {"type": "Feature", "geometry": {"type": "Polygon", "coordinates": [[[-74.0040671825409, 40.743038331716406], [-74.00378823280334, 40.743420376764846], [-74.00383114814758, 40.74343663395226], [-74.0038150548935, 40.74346101972597], [-74.00418519973755, 40.74361952703697], [-74.00428175926208, 40.7434854054907], [-74.0041047334671, 40.74340818387165], [-74.00419056415558, 40.743290319122366], [-74.00426030158997, 40.74331876925339], [-74.00438368320465, 40.74314806828474], [-74.00412082672119, 40.743038331716406], [-74.00411009788513, 40.74305458899721], [-74.0040671825409, 40.743038331716406]]]}, "properties": {"is_underground": false, "@height_source": "OpenStreetMap", "building_id": "d161d218-0f3c-4562-a4ae-8aee90495e6d", "sources": "[{\"license\":\"ODbL-1.0\",\"record_id\":\"w264627648@4\",\"update_time\":\"2016-12-15T13:08:00.000Z\",\"property\":\"\",\"dataset\":\"OpenStreetMap\"}]", "facade_color": "#806F5C", "version": 1, "@geometry_source": "OpenStreetMap", "facade_material": "brick", "roof_material": "concrete", "roof_shape": "flat", "roof_color": "#2C3A3D", "id": "37633531-3062-3338-A538-363065313436", "height": 5}, "id": 2426315991417424400}, {"type": "Feature", "geometry": {"type": "Polygon", "coordinates": [[[-74.00724291801453, 40.74290827332689], [-74.00734484195709, 40.74277415034632], [-74.00720536708832, 40.742717249606216], [-74.00710880756378, 40.742851372701494], [-74.00724291801453, 40.74290827332689]]]}, "properties": {"is_underground": false, "@height_source": "OpenStreetMap", "building_id": "51b23753-d363-4411-b658-ad8d554c151e", "sources": "[{\"license\":\"ODbL-1.0\",\"record_id\":\"w323446705@1\",\"update_time\":\"2015-01-21T12:59:56.000Z\",\"property\":\"\",\"dataset\":\"OpenStreetMap\"}]", "facade_color": "#B79C89", "version": 1, "@geometry_source": "OpenStreetMap", "facade_material": "brick", "min_height": 5.5, "roof_shape": "flat", "roof_color": "#505B5F", "id": "38303436-6431-3139-A166-623938373435", "height": 26}, "id": 2484267123964241400}, {"type": "Feature", "geometry": {"type": "Polygon", "coordinates": [[[-74.0076345205307, 40.7462693881869], [-74.00760769844055, 40.74631002940697], [-74.00768280029297, 40.74634254236517], [-74.00769352912903, 40.746326285888074], [-74.0076345205307, 40.7462693881869]]]}, "properties": {"is_underground": false, "@height_source": "OpenStreetMap", "building_id": "4a882ec3-a00a-4fec-9770-c98f16a0ea56", "@geometry_source": "OpenStreetMap", "facade_material": "plaster", "sources": "[{\"license\":\"ODbL-1.0\",\"record_id\":\"w288603704@1\",\"update_time\":\"2014-06-18T08:40:56.000Z\",\"property\":\"\",\"dataset\":\"OpenStreetMap\"}]", "roof_material": "concrete", "roof_shape": "flat", "id": "30373164-3230-3934-B732-633935393565", "facade_color": "#666867", "version": 1, "height": 67}, "id": 2558668070335021000}, {"type": "Feature", "geometry": {"type": "Polygon", "coordinates": [[[-74.00422811508179, 40.742087273873324], [-74.00421738624573, 40.74209946700867], [-74.00429248809814, 40.742131982025256], [-74.00433003902435, 40.74207914511521], [-74.00431394577026, 40.74207101635608], [-74.00429248809814, 40.74209946700867], [-74.00425493717194, 40.74209946700867], [-74.00422811508179, 40.742087273873324]]]}, "properties": {"is_underground": false, "@height_source": "OpenStreetMap", "building_id": "7e21060f-d4ae-4bc1-89f7-766cd0f965e8", "@geometry_source": "OpenStreetMap", "facade_material": "brick", "sources": "[{\"license\":\"ODbL-1.0\",\"record_id\":\"w288616084@1\",\"update_time\":\"2014-06-18T11:04:23.000Z\",\"property\":\"\",\"dataset\":\"OpenStreetMap\"}]", "roof_material": "concrete", "roof_shape": "flat", "id": "66363961-3166-3163-A631-336132363461", "facade_color": "#9F8064", "version": 1, "height": 56}, "id": 2584139448311837000}, {"type": "Feature", "geometry": {"type": "Polygon", "coordinates": [[[-74.00440514087677, 40.74346101972597], [-74.00443732738495, 40.743420376764846], [-74.00442659854889, 40.74341631246736], [-74.00439441204071, 40.74346101972597], [-74.00440514087677, 40.74346101972597]]]}, "properties": {"is_underground": false, "@height_source": "OpenStreetMap", "building_id": "be282fe3-9ad6-4f3c-a7df-efa7dddbf301", "@geometry_source": "OpenStreetMap", "sources": "[{\"license\":\"ODbL-1.0\",\"record_id\":\"w288786851@1\",\"update_time\":\"2014-06-19T12:51:56.000Z\",\"property\":\"\",\"dataset\":\"OpenStreetMap\"}]", "roof_material": "concrete", "roof_shape": "flat", "roof_color": "#2C3A3D", "id": "39646637-3536-3638-B430-666437626630", "facade_color": "#C7C8CA", "version": 1, "height": 71.8}, "id": 2792924062357523000}, {"type": "Feature", "geometry": {"type": "Polygon", "coordinates": [[[-74.00360584259033, 40.74220514075452], [-74.0036541223526, 40.742140110776944], [-74.0035629272461, 40.74210353138659], [-74.0035629272461, 40.74218481889335], [-74.00360584259033, 40.74220514075452]]]}, "properties": {"is_underground": false, "@height_source": "OpenStreetMap", "building_id": "8cd993e0-995a-41b8-8886-58185d35ca16", "@geometry_source": "OpenStreetMap", "min_height": 27, "sources": "[{\"license\":\"ODbL-1.0\",\"record_id\":\"w294806638@2\",\"update_time\":\"2015-01-21T13:32:18.000Z\",\"property\":\"\",\"dataset\":\"OpenStreetMap\"}]", "roof_material": "concrete", "roof_shape": "flat", "id": "63346437-6237-3035-A664-303936326239", "facade_color": "#999A9C", "version": 1, "height": 31}, "id": 2912477501844698600}, {"type": "Feature", "geometry": {"type": "Polygon", "coordinates": [[[-74.00460362434387, 40.74300175282005], [-74.00464653968811, 40.7429407879481], [-74.00460362434387, 40.742920466311716], [-74.00456070899963, 40.74298143120228], [-74.00460362434387, 40.74300175282005]]]}, "properties": {"is_underground": false, "@height_source": "OpenStreetMap", "building_id": "4d319717-2281-478b-bcc8-42831e155423", "sources": "[{\"license\":\"ODbL-1.0\",\"record_id\":\"w288787473@1\",\"update_time\":\"2014-06-19T12:57:50.000Z\",\"property\":\"\",\"dataset\":\"OpenStreetMap\"}]", "facade_color": "#806F5C", "version": 1, "@geometry_source": "OpenStreetMap", "facade_material": "brick", "roof_material": "concrete", "roof_shape": "flat", "roof_color": "#2C3A3D", "id": "37363766-3364-3461-A335-386666343232", "height": 22}, "id": 2989915225313119700}, {"type": "Feature", "geometry": {"type": "Polygon", "coordinates": [[[-74.00702834129333, 40.74302207443162], [-74.00706052780151, 40.74298143120228], [-74.00699079036713, 40.74294891660094], [-74.00695860385895, 40.742989559850145], [-74.00702834129333, 40.74302207443162]]]}, "properties": {"is_underground": false, "@height_source": "OpenStreetMap", "building_id": "51b23753-d363-4411-b658-ad8d554c151e", "sources": "[{\"license\":\"ODbL-1.0\",\"record_id\":\"w288756307@2\",\"update_time\":\"2015-01-21T12:59:57.000Z\",\"property\":\"\",\"dataset\":\"OpenStreetMap\"}]", "facade_color": "#B79C89", "version": 1, "@geometry_source": "OpenStreetMap", "facade_material": "brick", "min_height": 29, "roof_shape": "flat", "roof_color": "#505B5F", "id": "62616236-6137-3537-A162-396264393262", "height": 33}, "id": 3012868655865793000}, {"type": "Feature", "geometry": {"type": "Polygon", "coordinates": [[[-74.00730192661285, 40.74550939279632], [-74.00722682476044, 40.74561099696109], [-74.00733411312103, 40.745655702744415], [-74.00740921497345, 40.74555409864797], [-74.00730192661285, 40.74550939279632]]]}, "properties": {"is_underground": false, "@height_source": "OpenStreetMap", "building_id": "1ae425b2-1908-4334-bb08-c0b70dd513c0", "sources": "[{\"license\":\"ODbL-1.0\",\"record_id\":\"w323617510@1\",\"update_time\":\"2015-01-22T11:16:43.000Z\",\"property\":\"\",\"dataset\":\"OpenStreetMap\"}]", "facade_color": "#EBE5CF", "version": 1, "@geometry_source": "OpenStreetMap", "min_height": 37.2, "roof_material": "concrete", "roof_shape": "flat", "roof_color": "#5E6867", "id": "63346433-6363-3533-B664-306461396262", "height": 40.7}, "id": 3023164127154296000}, {"type": "Feature", "geometry": {"type": "Polygon", "coordinates": [[[-74.00607883930206, 40.74308303922908], [-74.0059232711792, 40.74301801010981], [-74.0057623386383, 40.74323341882382], [-74.0059232711792, 40.743298447732485], [-74.00607883930206, 40.74308303922908]]]}, "properties": {"is_underground": false, "@height_source": "OpenStreetMap", "building_id": "d2b8403f-bf0c-430f-8c7a-0b8a00204749", "sources": "[{\"license\":\"ODbL-1.0\",\"record_id\":\"w264625639@4\",\"update_time\":\"2023-09-24T17:13:51.000Z\",\"property\":\"\",\"dataset\":\"OpenStreetMap\"}]", "facade_color": "#CA9982", "version": 1, "@geometry_source": "OpenStreetMap", "facade_material": "brick", "roof_material": "concrete", "roof_shape": "flat", "num_floors": 5, "id": "31313139-3263-3738-B730-353566656532", "height": 24.9}, "id": 3059172869442200600}, {"type": "Feature", "geometry": {"type": "Polygon", "coordinates": [[[-74.00591790676117, 40.745594740305194], [-74.00616466999054, 40.745696344339564], [-74.0063202381134, 40.74548500777371], [-74.00607347488403, 40.74537933923892], [-74.00591790676117, 40.745594740305194]]]}, "properties": {"is_underground": false, "@height_source": "OpenStreetMap", "building_id": "60324b1c-482d-4a54-be91-26ef8d94f666", "@geometry_source": "OpenStreetMap", "sources": "[{\"license\":\"ODbL-1.0\",\"record_id\":\"w399238430@1\",\"update_time\":\"2016-02-22T13:51:22.000Z\",\"property\":\"\",\"dataset\":\"OpenStreetMap\"}]", "id": "35353036-3561-3238-B233-653766343965", "version": 1, "height": 30}, "id": 3118548693496835600}, {"type": "Feature", "geometry": {"type": "Polygon", "coordinates": [[[-74.00483965873718, 40.74267660619057], [-74.00488257408142, 40.74261564102062], [-74.00483965873718, 40.742595319284845], [-74.00479674339294, 40.74265628447347], [-74.00483965873718, 40.74267660619057]]]}, "properties": {"is_underground": false, "@height_source": "OpenStreetMap", "building_id": "84b1c968-6d2a-4326-840a-3a31813fc3d5", "sources": "[{\"license\":\"ODbL-1.0\",\"record_id\":\"w288787472@1\",\"update_time\":\"2014-06-19T12:57:50.000Z\",\"property\":\"\",\"dataset\":\"OpenStreetMap\"}]", "facade_color": "#806F5C", "version": 1, "@geometry_source": "OpenStreetMap", "facade_material": "brick", "roof_material": "concrete", "roof_shape": "flat", "roof_color": "#2C3A3D", "id": "35393561-3137-3034-B230-303734353633", "height": 22}, "id": 3389136940560365000}, {"type": "Feature", "geometry": {"type": "Polygon", "coordinates": [[[-74.00654017925262, 40.74363578417572], [-74.00604128837585, 40.74342444106205], [-74.0060144662857, 40.74345695543096], [-74.00628805160522, 40.743566691308615], [-74.00654017925262, 40.74363578417572]]]}, "properties": {"is_underground": false, "@height_source": "OpenStreetMap", "building_id": "273ebdbb-c1e2-43fd-aac0-a1dac499de79", "@geometry_source": "OpenStreetMap", "facade_material": "plaster", "sources": "[{\"license\":\"ODbL-1.0\",\"record_id\":\"w288796999@1\",\"update_time\":\"2014-06-19T14:14:30.000Z\",\"property\":\"\",\"dataset\":\"OpenStreetMap\"}]", "roof_material": "concrete", "roof_shape": "flat", "id": "37636362-3961-3264-B636-643435613635", "facade_color": "#D2AF8F", "version": 1, "height": 74}, "id": 3430313657803436500}, {"type": "Feature", "geometry": {"type": "Polygon", "coordinates": [[[-74.0035629272461, 40.74391215492642], [-74.0035629272461, 40.744046275612135], [-74.00372922420502, 40.74411536798104], [-74.00371849536896, 40.7441316249986], [-74.00386333465576, 40.744192588778986], [-74.00394916534424, 40.74407472541978], [-74.00380432605743, 40.74401376153136], [-74.00379359722137, 40.74403001857371], [-74.00358438491821, 40.74394466905687], [-74.00359511375427, 40.743928411993664], [-74.0035629272461, 40.74391215492642]]]}, "properties": {"is_underground": false, "@height_source": "OpenStreetMap", "building_id": "0b329443-ce43-417c-9c44-b11e2625887d", "sources": "[{\"license\":\"ODbL-1.0\",\"record_id\":\"w264628451@3\",\"update_time\":\"2023-09-14T14:49:11.000Z\",\"property\":\"\",\"dataset\":\"OpenStreetMap\"}]", "facade_color": "#806F5C", "version": 1, "@geometry_source": "OpenStreetMap", "facade_material": "brick", "roof_material": "concrete", "roof_shape": "flat", "roof_color": "#2C3A3D", "id": "31393736-6262-3561-B636-356632373566", "height": 19}, "id": 3582699998428740600}, {"type": "Feature", "geometry": {"type": "Polygon", "coordinates": [[[-74.00356829166412, 40.7443551585869], [-74.0035629272461, 40.744367351306465], [-74.0035629272461, 40.744432379106456], [-74.00356829166412, 40.74443644334181], [-74.00361120700836, 40.744375479784935], [-74.00356829166412, 40.7443551585869]]]}, "properties": {"is_underground": false, "@height_source": "OpenStreetMap", "building_id": "1587b6d8-3e3b-4454-aa70-b966fd27c2c0", "sources": "[{\"license\":\"ODbL-1.0\",\"record_id\":\"w288787457@1\",\"update_time\":\"2014-06-19T12:57:49.000Z\",\"property\":\"\",\"dataset\":\"OpenStreetMap\"}]", "facade_color": "#806F5C", "version": 1, "@geometry_source": "OpenStreetMap", "facade_material": "brick", "roof_material": "concrete", "roof_shape": "flat", "roof_color": "#2C3A3D", "id": "33623466-6238-3435-A663-633234373833", "height": 22}, "id": 3845070451365487600}, {"type": "Feature", "geometry": {"type": "Polygon", "coordinates": [[[-74.00542974472046, 40.74566383106543], [-74.00561213493347, 40.74541591682765], [-74.00543510913849, 40.74534276163007], [-74.00536000728607, 40.74545249439626], [-74.00525271892548, 40.74540778847634], [-74.00519907474518, 40.74548094360239], [-74.00524735450745, 40.745501264456436], [-74.00519907474518, 40.745566291147725], [-74.00542974472046, 40.74566383106543]]]}, "properties": {"is_underground": false, "@height_source": "OpenStreetMap", "building_id": "046c286d-9d15-4aec-a794-28500f3e536c", "sources": "[{\"license\":\"ODbL-1.0\",\"record_id\":\"w324532448@1\",\"update_time\":\"2015-01-26T16:30:56.000Z\",\"property\":\"\",\"dataset\":\"OpenStreetMap\"}]", "facade_color": "#A26E56", "version": 1, "@geometry_source": "OpenStreetMap", "facade_material": "brick", "roof_material": "concrete", "roof_shape": "flat", "num_floors": 7, "id": "37623964-3563-3637-A133-313261616637", "height": 21}, "id": 3859629983109595600}, {"type": "Feature", "geometry": {"type": "Polygon", "coordinates": [[[-74.0054726600647, 40.74368455556811], [-74.00549411773682, 40.74365610559357], [-74.00545120239258, 40.743639848459765], [-74.00542974472046, 40.743664234158956], [-74.0054726600647, 40.74368455556811]]]}, "properties": {"is_underground": false, "@height_source": "OpenStreetMap", "building_id": "6aa1b616-9529-4173-81ec-0c771e4840da", "sources": "[{\"license\":\"ODbL-1.0\",\"record_id\":\"w288787438@1\",\"update_time\":\"2014-06-19T12:57:47.000Z\",\"property\":\"\",\"dataset\":\"OpenStreetMap\"}]", "facade_color": "#806F5C", "version": 1, "@geometry_source": "OpenStreetMap", "facade_material": "brick", "roof_material": "concrete", "roof_shape": "flat", "roof_color": "#2C3A3D", "id": "37626130-3466-3561-B561-626335346134", "height": 21}, "id": 3861516920697774000}, {"type": "Feature", "geometry": {"type": "Polygon", "coordinates": [[[-74.00686740875244, 40.7465985813555], [-74.00681376457214, 40.746675799270236], [-74.00689959526062, 40.746708312049606], [-74.00695323944092, 40.74663515827365], [-74.00696396827698, 40.74663922237443], [-74.00700151920319, 40.74658638904498], [-74.00689423084259, 40.746537619780554], [-74.00685131549835, 40.74659045314871], [-74.00686740875244, 40.7465985813555]]]}, "properties": {"is_underground": false, "@height_source": "OpenStreetMap", "building_id": "3e461131-7c59-4bb6-9d2c-23fb4913379c", "sources": "[{\"license\":\"ODbL-1.0\",\"record_id\":\"w324688798@1\",\"update_time\":\"2015-01-27T08:27:58.000Z\",\"property\":\"\",\"dataset\":\"OpenStreetMap\"}]", "facade_color": "#B89A80", "version": 1, "@geometry_source": "OpenStreetMap", "facade_material": "brick", "min_height": 39, "roof_material": "concrete", "roof_shape": "flat", "roof_color": "#4F5C62", "id": "36316530-6631-3964-B466-383862323437", "height": 42.4}, "id": 3879669268575816000}, {"type": "Feature", "geometry": {"type": "Polygon", "coordinates": [[[-74.00765061378479, 40.74653355567358], [-74.00759696960449, 40.746509171026474], [-74.00756478309631, 40.7465498121], [-74.00761842727661, 40.74657419673224], [-74.00765061378479, 40.74653355567358]]]}, "properties": {"is_underground": false, "@height_source": "OpenStreetMap", "building_id": "39546cb3-d712-496c-8e29-7669369f1cd0", "sources": "[{\"license\":\"ODbL-1.0\",\"record_id\":\"w324715902@1\",\"update_time\":\"2015-01-27T09:47:13.000Z\",\"property\":\"\",\"dataset\":\"OpenStreetMap\"}]", "facade_color": "#9E9880", "version": 1, "@geometry_source": "OpenStreetMap", "facade_material": "brick", "min_height": 28.3, "roof_material": "concrete", "roof_shape": "flat", "id": "33613230-6665-3938-B637-653365643035", "height": 35}, "id": 4084573273647741000}, {"type": "Feature", "geometry": {"type": "Polygon", "coordinates": [[[-74.00398135185242, 40.74221733386824], [-74.00399208068848, 40.74219701201082], [-74.00390088558197, 40.74216043265176], [-74.00389015674591, 40.74217669014715], [-74.00398135185242, 40.74221733386824]]]}, "properties": {"is_underground": false, "@height_source": "OpenStreetMap", "building_id": "7d5c3c92-298d-47ab-8712-f24195ea48a3", "@geometry_source": "OpenStreetMap", "sources": "[{\"license\":\"ODbL-1.0\",\"record_id\":\"w294194765@1\",\"update_time\":\"2023-09-14T14:43:27.000Z\",\"property\":\"\",\"dataset\":\"OpenStreetMap\"}]", "id": "62303864-3134-3932-B431-396136316362", "facade_color": "#C8C2A8", "version": 1, "height": 47}, "id": 4190569334092542000}, {"type": "Feature", "geometry": {"type": "Polygon", "coordinates": [[[-74.00753796100616, 40.74266034881737], [-74.0075433254242, 40.74264815578488], [-74.00753259658813, 40.74264409144021], [-74.0075272321701, 40.742652220129315], [-74.00753796100616, 40.74266034881737]]]}, "properties": {"is_underground": false, "@height_source": "OpenStreetMap", "building_id": "bb6e71fe-bd60-46c0-85e4-0d0d8999f086", "@geometry_source": "OpenStreetMap", "facade_material": "metal", "sources": "[{\"license\":\"ODbL-1.0\",\"record_id\":\"w288600500@2\",\"update_time\":\"2015-01-26T15:35:38.000Z\",\"property\":\"\",\"dataset\":\"OpenStreetMap\"}]", "id": "33666165-6665-3537-B631-646335623763", "facade_color": "#3D4647", "version": 1, "height": 5.5}, "id": 4308138983702847000}, {"type": "Feature", "geometry": {"type": "Polygon", "coordinates": [[[-74.00388479232788, 40.74454617760338], [-74.00390088558197, 40.7445217922276], [-74.00385797023773, 40.744501471074244], [-74.00384187698364, 40.74452585645753], [-74.00388479232788, 40.74454617760338]]]}, "properties": {"is_underground": false, "@height_source": "OpenStreetMap", "building_id": "1587b6d8-3e3b-4454-aa70-b966fd27c2c0", "sources": "[{\"license\":\"ODbL-1.0\",\"record_id\":\"w288787440@1\",\"update_time\":\"2014-06-19T12:57:47.000Z\",\"property\":\"\",\"dataset\":\"OpenStreetMap\"}]", "facade_color": "#806F5C", "version": 1, "@geometry_source": "OpenStreetMap", "facade_material": "brick", "roof_material": "concrete", "roof_shape": "flat", "roof_color": "#2C3A3D", "id": "61656337-6637-3962-B266-333339663534", "height": 21}, "id": 4384458871775600000}, {"type": "Feature", "geometry": {"type": "Polygon", "coordinates": [[[-74.00713562965393, 40.745545970313515], [-74.00716781616211, 40.745501264456436], [-74.0070766210556, 40.74546062274209], [-74.00704443454742, 40.74550939279632], [-74.00713562965393, 40.745545970313515]]]}, "properties": {"is_underground": false, "@height_source": "OpenStreetMap", "building_id": "94e0862f-d2b1-4675-b8cc-9dac14747f5f", "sources": "[{\"license\":\"ODbL-1.0\",\"record_id\":\"w323407713@2\",\"update_time\":\"2015-01-22T11:16:44.000Z\",\"property\":\"\",\"dataset\":\"OpenStreetMap\"}]", "facade_color": "#EBE5CF", "version": 1, "@geometry_source": "OpenStreetMap", "min_height": 37.2, "roof_material": "concrete", "roof_shape": "flat", "roof_color": "#5E6867", "id": "63323338-3966-3738-A435-383339353439", "height": 42}, "id": 4725861529904480000}, {"type": "Feature", "geometry": {"type": "Polygon", "coordinates": [[[-74.00710344314575, 40.74609463065747], [-74.00708734989166, 40.74611495132399], [-74.00715172290802, 40.74613933611565], [-74.00716245174408, 40.7461230795889], [-74.00710344314575, 40.74609463065747]]]}, "properties": {"is_underground": false, "@height_source": "OpenStreetMap", "building_id": "4e2f55a8-eedf-4cf9-93b8-828c3009f63b", "sources": "[{\"license\":\"ODbL-1.0\",\"record_id\":\"w323617509@2\",\"update_time\":\"2015-01-22T11:29:25.000Z\",\"property\":\"\",\"dataset\":\"OpenStreetMap\"}]", "facade_color": "#A48A6F", "version": 1, "@geometry_source": "OpenStreetMap", "facade_material": "brick", "min_height": 19.4, "roof_material": "concrete", "roof_shape": "flat", "roof_color": "#454E53", "id": "39303362-6439-3463-B665-646562353264", "height": 21.5}, "id": 4763127463744357000}, {"type": "Feature", "geometry": {"type": "Polygon", "coordinates": [[[-74.00640606880188, 40.74645227348174], [-74.00648653507233, 40.74648478637039], [-74.00654554367065, 40.746403504118945], [-74.00646507740021, 40.74636692707338], [-74.00640606880188, 40.74645227348174]]]}, "properties": {"is_underground": false, "@height_source": "OpenStreetMap", "building_id": "33b4b335-6061-4ae5-ba76-b3c43c0be6c8", "@geometry_source": "OpenStreetMap", "min_height": 32.2, "sources": "[{\"license\":\"ODbL-1.0\",\"record_id\":\"w324688794@1\",\"update_time\":\"2015-01-27T08:27:57.000Z\",\"property\":\"\",\"dataset\":\"OpenStreetMap\"}]", "roof_material": "concrete", "roof_shape": "flat", "id": "65303433-3764-3931-B835-386162353639", "facade_color": "#E2D9B8", "version": 1, "height": 35.2}, "id": 4878741454211418000}, {"type": "Feature", "geometry": {"type": "Polygon", "coordinates": [[[-74.00692641735077, 40.744985112839146], [-74.00691032409668, 40.7449932412421], [-74.0067708492279, 40.745192386804575], [-74.00735557079315, 40.74543623770157], [-74.00750041007996, 40.74523302868283], [-74.00750577449799, 40.745212707746816], [-74.00695323944092, 40.744985112839146], [-74.00692641735077, 40.744985112839146]]]}, "properties": {"is_underground": false, "building_id": "be183e1e-cce5-4552-a042-ecdfd42c9a74", "@geometry_source": "OpenStreetMap", "facade_material": "brick", "sources": "[{\"license\":\"ODbL-1.0\",\"record_id\":\"w264627663@6\",\"update_time\":\"2023-02-19T22:24:38.000Z\",\"property\":\"\",\"dataset\":\"OpenStreetMap\"}]", "roof_material": "concrete", "roof_shape": "flat", "num_floors": 21, "roof_color": "#EEEDE9", "id": "32616366-3137-3465-B463-656266626462", "facade_color": "#ADA58E", "version": 1}, "id": 4932890916912200000}, {"type": "Feature", "geometry": {"type": "Polygon", "coordinates": [[[-74.00652408599854, 40.743773969694615], [-74.00665283203125, 40.74382680525832], [-74.00667428970337, 40.74380241961876], [-74.00654554367065, 40.743745519758306], [-74.00652408599854, 40.743773969694615]]]}, "properties": {"is_underground": false, "@height_source": "OpenStreetMap", "building_id": "273ebdbb-c1e2-43fd-aac0-a1dac499de79", "@geometry_source": "OpenStreetMap", "facade_material": "plaster", "sources": "[{\"license\":\"ODbL-1.0\",\"record_id\":\"w288796990@1\",\"update_time\":\"2014-06-19T14:14:29.000Z\",\"property\":\"\",\"dataset\":\"OpenStreetMap\"}]", "roof_material": "concrete", "roof_shape": "flat", "id": "32356339-3638-3033-B935-366339306137", "facade_color": "#D2AF8F", "version": 1, "height": 33}, "id": 4965033903638628000}, {"type": "Feature", "geometry": {"type": "Polygon", "coordinates": [[[-74.00428712368011, 40.74281072936785], [-74.00427103042603, 40.74283917970402], [-74.00431394577026, 40.74285543703351], [-74.00433003902435, 40.7428310510378], [-74.00428712368011, 40.74281072936785]]]}, "properties": {"is_underground": false, "@height_source": "OpenStreetMap", "building_id": "4d319717-2281-478b-bcc8-42831e155423", "sources": "[{\"license\":\"ODbL-1.0\",\"record_id\":\"w288787452@1\",\"update_time\":\"2014-06-19T12:57:48.000Z\",\"property\":\"\",\"dataset\":\"OpenStreetMap\"}]", "facade_color": "#806F5C", "version": 1, "@geometry_source": "OpenStreetMap", "facade_material": "brick", "roof_material": "concrete", "roof_shape": "flat", "roof_color": "#2C3A3D", "id": "65303139-6535-3335-A431-326534326265", "height": 21}, "id": 5084730740569453000}, {"type": "Feature", "geometry": {"type": "Polygon", "coordinates": [[[-74.00666892528534, 40.74487131509321], [-74.0065187215805, 40.74480628772238], [-74.00649726390839, 40.74480628772238], [-74.0064811706543, 40.74481441614722], [-74.00618612766266, 40.74522083612197], [-74.00619149208069, 40.745237092869274], [-74.00621294975281, 40.74524928542718], [-74.00641143321991, 40.745326504908576], [-74.00644361972809, 40.74532244072756], [-74.00662064552307, 40.74507452521718], [-74.00660991668701, 40.74505014003509], [-74.0065723657608, 40.74503388324206], [-74.0066796541214, 40.74489163613353], [-74.00666892528534, 40.74487131509321]]]}, "properties": {"is_underground": false, "building_id": "be183e1e-cce5-4552-a042-ecdfd42c9a74", "@geometry_source": "OpenStreetMap", "facade_material": "brick", "sources": "[{\"license\":\"ODbL-1.0\",\"record_id\":\"w1035012326@3\",\"update_time\":\"2023-02-18T02:36:32.000Z\",\"property\":\"\",\"dataset\":\"OpenStreetMap\"}]", "num_floors": 10, "roof_color": "#DFDCD7", "id": "62353864-3331-3465-A439-633064386364", "version": 1}, "id": 5152479733974106000}, {"type": "Feature", "geometry": {"type": "Polygon", "coordinates": [[[-74.00746285915375, 40.74557441947965], [-74.00750041007996, 40.74551752113521], [-74.00735020637512, 40.74545249439626], [-74.00730729103088, 40.74551345696588], [-74.00746285915375, 40.74557441947965]]]}, "properties": {"is_underground": false, "@height_source": "OpenStreetMap", "building_id": "1ae425b2-1908-4334-bb08-c0b70dd513c0", "@geometry_source": "OpenStreetMap", "sources": "[{\"license\":\"ODbL-1.0\",\"record_id\":\"w323617511@1\",\"update_time\":\"2015-01-22T11:16:43.000Z\",\"property\":\"\",\"dataset\":\"OpenStreetMap\"}]", "roof_material": "concrete", "roof_shape": "flat", "num_floors": 1, "id": "39623336-6436-3265-B532-343133333036", "facade_color": "#BAAE96", "version": 1, "height": 3.5}, "id": 5194070921545179000}, {"type": "Feature", "geometry": {"type": "Polygon", "coordinates": [[[-74.00384187698364, 40.74412349649032], [-74.00385797023773, 40.744099110959525], [-74.0038150548935, 40.74407878967705], [-74.0037989616394, 40.744107239470765], [-74.00384187698364, 40.74412349649032]]]}, "properties": {"is_underground": false, "@height_source": "OpenStreetMap", "building_id": "0b329443-ce43-417c-9c44-b11e2625887d", "sources": "[{\"license\":\"ODbL-1.0\",\"record_id\":\"w288787442@1\",\"update_time\":\"2014-06-19T12:57:47.000Z\",\"property\":\"\",\"dataset\":\"OpenStreetMap\"}]", "facade_color": "#806F5C", "version": 1, "@geometry_source": "OpenStreetMap", "facade_material": "brick", "roof_material": "concrete", "roof_shape": "flat", "roof_color": "#2C3A3D", "id": "62623538-3132-3139-A237-373538383265", "height": 21}, "id": 5234971063406495000}, {"type": "Feature", "geometry": {"type": "Polygon", "coordinates": [[[-74.00501132011414, 40.74228236377033], [-74.00469481945038, 40.74214823952764], [-74.0046089887619, 40.742274235036035], [-74.00492012500763, 40.74240429466536], [-74.00501132011414, 40.74228236377033]]]}, "properties": {"is_underground": false, "@height_source": "OpenStreetMap", "building_id": "51b23753-d363-4411-b658-ad8d554c151e", "@geometry_source": "OpenStreetMap", "sources": "[{\"license\":\"ODbL-1.0\",\"record_id\":\"w288757172@2\",\"update_time\":\"2014-12-15T15:03:08.000Z\",\"property\":\"\",\"dataset\":\"OpenStreetMap\"}]", "roof_shape": "flat", "roof_color": "#505B5F", "id": "38326134-6236-3237-B837-663038376462", "facade_color": "#000000", "version": 1, "height": 8}, "id": 5264432841762946000}, {"type": "Feature", "geometry": {"type": "Polygon", "coordinates": [[[-74.0035629272461, 40.74311148944875], [-74.0035629272461, 40.74312774671168], [-74.00357365608215, 40.74311555376485], [-74.0035629272461, 40.74311148944875]]]}, "properties": {"is_underground": false, "@height_source": "OpenStreetMap", "building_id": "c3f05be6-559d-4c12-bd34-0132071dad1f", "sources": "[{\"license\":\"ODbL-1.0\",\"record_id\":\"w294195425@1\",\"update_time\":\"2014-07-24T14:50:07.000Z\",\"property\":\"\",\"dataset\":\"OpenStreetMap\"}]", "facade_color": "#48412F", "version": 1, "@geometry_source": "OpenStreetMap", "facade_material": "brick", "roof_material": "concrete", "roof_shape": "flat", "num_floors": 1, "id": "37326265-3765-3061-A465-346263343763", "height": 5}, "id": 5265844542528807000}, {"type": "Feature", "geometry": {"type": "Polygon", "coordinates": [[[-74.00647580623627, 40.74533869745008], [-74.0064811706543, 40.745330569089305], [-74.00647044181824, 40.745326504908576], [-74.00646507740021, 40.745334633269806], [-74.00647580623627, 40.74533869745008]]]}, "properties": {"is_underground": false, "@height_source": "OpenStreetMap", "building_id": "be183e1e-cce5-4552-a042-ecdfd42c9a74", "@geometry_source": "OpenStreetMap", "facade_material": "metal", "sources": "[{\"license\":\"ODbL-1.0\",\"record_id\":\"w288765517@1\",\"update_time\":\"2014-06-19T10:14:21.000Z\",\"property\":\"\",\"dataset\":\"OpenStreetMap\"}]", "id": "39353434-6261-3461-B063-623832336465", "facade_color": "#3D4647", "version": 1, "height": 5.5}, "id": 5442877293624562000}, {"type": "Feature", "geometry": {"type": "Polygon", "coordinates": [[[-74.0067708492279, 40.74507452521718], [-74.00677621364594, 40.74506639682414], [-74.00676548480988, 40.74506233262724], [-74.00676012039185, 40.74507046102076], [-74.0067708492279, 40.74507452521718]]]}, "properties": {"is_underground": false, "@height_source": "OpenStreetMap", "building_id": "be183e1e-cce5-4552-a042-ecdfd42c9a74", "@geometry_source": "OpenStreetMap", "facade_material": "metal", "sources": "[{\"license\":\"ODbL-1.0\",\"record_id\":\"w288765542@1\",\"update_time\":\"2014-06-19T10:14:22.000Z\",\"property\":\"\",\"dataset\":\"OpenStreetMap\"}]", "id": "65333730-6165-3166-B031-333764383134", "facade_color": "#3D4647", "version": 1, "height": 5.5}, "id": 5479126846670385000}, {"type": "Feature", "geometry": {"type": "Polygon", "coordinates": [[[-74.00643289089203, 40.746293772921916], [-74.00625586509705, 40.74621655456363], [-74.00625050067902, 40.74622061868999], [-74.006427526474, 40.74629783704356], [-74.00643289089203, 40.746293772921916]]]}, "properties": {"is_underground": false, "@height_source": "OpenStreetMap", "building_id": "7de92765-2fbb-4c4b-a0af-3845c1d07e77", "sources": "[{\"license\":\"ODbL-1.0\",\"record_id\":\"w323617966@1\",\"update_time\":\"2015-01-22T11:25:22.000Z\",\"property\":\"\",\"dataset\":\"OpenStreetMap\"}]", "facade_color": "#A09080", "version": 1, "@geometry_source": "OpenStreetMap", "facade_material": "brick", "min_height": 25.5, "roof_material": "concrete", "roof_shape": "flat", "id": "66636164-3731-3333-B765-626362336263", "height": 25.9}, "id": 5650714952140876000}, {"type": "Feature", "geometry": {"type": "Polygon", "coordinates": [[[-74.00513470172882, 40.742977366877966], [-74.00504887104034, 40.7429407879481], [-74.00501668453217, 40.74298549552634], [-74.00510251522064, 40.74302207443162], [-74.00513470172882, 40.742977366877966]]]}, "properties": {"is_underground": false, "@height_source": "OpenStreetMap", "building_id": "23e5591d-15b7-4ae5-8b4a-b9f59e05e9de", "@geometry_source": "OpenStreetMap", "sources": "[{\"license\":\"ODbL-1.0\",\"record_id\":\"w288784616@2\",\"update_time\":\"2016-12-15T13:07:59.000Z\",\"property\":\"\",\"dataset\":\"OpenStreetMap\"}]", "roof_material": "concrete", "roof_shape": "flat", "roof_color": "#2C3A3D", "id": "38376132-3237-3365-B062-356261643532", "facade_color": "#C7C8CA", "version": 1, "height": 71.8}, "id": 5740057891742911000}, {"type": "Feature", "geometry": {"type": "Polygon", "coordinates": [[[-74.00687277317047, 40.746496978699554], [-74.00706052780151, 40.74657419673224], [-74.00706589221954, 40.7465660685225], [-74.0068781375885, 40.746488850480375], [-74.00687277317047, 40.746496978699554]]]}, "properties": {"is_underground": false, "@height_source": "OpenStreetMap", "building_id": "3e461131-7c59-4bb6-9d2c-23fb4913379c", "sources": "[{\"license\":\"ODbL-1.0\",\"record_id\":\"w324688793@1\",\"update_time\":\"2015-01-27T08:27:57.000Z\",\"property\":\"\",\"dataset\":\"OpenStreetMap\"}]", "facade_color": "#B89A80", "version": 1, "@geometry_source": "OpenStreetMap", "facade_material": "brick", "roof_material": "concrete", "roof_shape": "flat", "num_floors": 10, "roof_color": "#CABC9F", "id": "38623538-3362-3035-B931-663866646532", "height": 35.5}, "id": 5792698578178750000}, {"type": "Feature", "geometry": {"type": "Polygon", "coordinates": [[[-74.00400817394257, 40.7431602612256], [-74.00389015674591, 40.74331876925339], [-74.00386869907379, 40.743310640645774], [-74.00378823280334, 40.743420376764846], [-74.00394380092621, 40.7434854054907], [-74.00402426719666, 40.74337566947892], [-74.00400280952454, 40.74336347657754], [-74.00411546230316, 40.7432049686563], [-74.00413691997528, 40.74321716158673], [-74.00422275066376, 40.74310336081581], [-74.0040671825409, 40.743038331716406], [-74.00398671627045, 40.743152132598595], [-74.00400817394257, 40.7431602612256]]]}, "properties": {"is_underground": false, "@height_source": "OpenStreetMap", "building_id": "d161d218-0f3c-4562-a4ae-8aee90495e6d", "sources": "[{\"license\":\"ODbL-1.0\",\"record_id\":\"w288784598@1\",\"update_time\":\"2014-06-19T12:36:10.000Z\",\"property\":\"\",\"dataset\":\"OpenStreetMap\"}]", "facade_color": "#806F5C", "version": 1, "@geometry_source": "OpenStreetMap", "facade_material": "brick", "roof_material": "concrete", "roof_shape": "flat", "roof_color": "#2C3A3D", "id": "66353232-6166-3438-B335-366465356561", "height": 19}, "id": 5802763299976699000}, {"type": "Feature", "geometry": {"type": "Polygon", "coordinates": [[[-74.00660455226898, 40.745411852652126], [-74.00672793388367, 40.74524928542718], [-74.00668501853943, 40.74524522124145], [-74.00655090808868, 40.74518832261538], [-74.00654554367065, 40.74518019423624], [-74.00644361972809, 40.74532244072756], [-74.00641143321991, 40.745326504908576], [-74.00644361972809, 40.74533869745008], [-74.00648653507233, 40.74533869745008], [-74.0065723657608, 40.74537121088315], [-74.00659382343292, 40.74540778847634], [-74.00660455226898, 40.745411852652126]]]}, "properties": {"is_underground": false, "building_id": "be183e1e-cce5-4552-a042-ecdfd42c9a74", "@geometry_source": "OpenStreetMap", "facade_material": "brick", "sources": "[{\"license\":\"ODbL-1.0\",\"record_id\":\"w1146455513@2\",\"update_time\":\"2023-02-18T02:36:32.000Z\",\"property\":\"\",\"dataset\":\"OpenStreetMap\"}]", "num_floors": 1, "id": "66386230-6466-3066-B065-643530363835", "version": 1}, "id": 5870239509811360000}, {"type": "Feature", "geometry": {"type": "Polygon", "coordinates": [[[-74.0057784318924, 40.74496072762426], [-74.00580525398254, 40.74492414978516], [-74.00573551654816, 40.74489163613353], [-74.00570869445801, 40.74492821399053], [-74.0057784318924, 40.74496072762426]]]}, "properties": {"is_underground": false, "@height_source": "OpenStreetMap", "building_id": "5140a944-5d0a-428f-a565-a7a82110ef16", "sources": "[{\"license\":\"ODbL-1.0\",\"record_id\":\"w324516071@1\",\"update_time\":\"2015-01-26T15:50:27.000Z\",\"property\":\"\",\"dataset\":\"OpenStreetMap\"}]", "facade_color": "#AB9C7F", "version": 1, "@geometry_source": "OpenStreetMap", "facade_material": "brick", "min_height": 35, "roof_material": "concrete", "roof_shape": "flat", "id": "65633162-3431-3466-B933-363035333332", "height": 37.3}, "id": 5926336998835388000}, {"type": "Feature", "geometry": {"type": "Polygon", "coordinates": [[[-74.00645434856415, 40.74630190116494], [-74.00623440742493, 40.746208426310176], [-74.0062290430069, 40.74621249043702], [-74.00645434856415, 40.7463059652861], [-74.00645434856415, 40.74630190116494]]]}, "properties": {"is_underground": false, "@height_source": "OpenStreetMap", "building_id": "7de92765-2fbb-4c4b-a0af-3845c1d07e77", "sources": "[{\"license\":\"ODbL-1.0\",\"record_id\":\"w323617967@1\",\"update_time\":\"2015-01-22T11:25:22.000Z\",\"property\":\"\",\"dataset\":\"OpenStreetMap\"}]", "facade_color": "#A09080", "version": 1, "@geometry_source": "OpenStreetMap", "facade_material": "brick", "min_height": 25.1, "roof_material": "concrete", "roof_shape": "flat", "id": "62303939-6662-3561-B136-313637616635", "height": 25.5}, "id": 6037020426836696000}, {"type": "Feature", "geometry": {"type": "Polygon", "coordinates": [[[-74.0074896812439, 40.7462612599399], [-74.00737702846527, 40.746415696463], [-74.00765061378479, 40.74653355567358], [-74.00768280029297, 40.74652136335112], [-74.00770425796509, 40.746350670602254], [-74.0074896812439, 40.7462612599399]]]}, "properties": {"is_underground": false, "@height_source": "OpenStreetMap", "building_id": "39546cb3-d712-496c-8e29-7669369f1cd0", "@geometry_source": "OpenStreetMap", "facade_material": "brick", "sources": "[{\"license\":\"ODbL-1.0\",\"record_id\":\"w324715905@1\",\"update_time\":\"2015-01-27T09:47:13.000Z\",\"property\":\"\",\"dataset\":\"OpenStreetMap\"}]", "roof_material": "concrete", "roof_shape": "flat", "id": "37343135-3261-3666-B061-353232356636", "facade_color": "#9E9880", "version": 1, "height": 10}, "id": 6329522237799055000}, {"type": "Feature", "geometry": {"type": "Polygon", "coordinates": [[[-74.00501132011414, 40.74299362417369], [-74.00509178638458, 40.74288388735053], [-74.00488793849945, 40.7427985363629], [-74.00486648082733, 40.74282698670427], [-74.0048611164093, 40.74282292237055], [-74.00486648082733, 40.7428310510378], [-74.00483429431915, 40.74287575868976], [-74.0048235654831, 40.74287575868976], [-74.00482892990112, 40.742879823020274], [-74.00481283664703, 40.74290827332689], [-74.00501132011414, 40.74299362417369]]]}, "properties": {"is_underground": false, "@height_source": "OpenStreetMap", "building_id": "23e5591d-15b7-4ae5-8b4a-b9f59e05e9de", "sources": "[{\"license\":\"ODbL-1.0\",\"record_id\":\"w288784602@1\",\"update_time\":\"2014-06-19T12:36:08.000Z\",\"property\":\"\",\"dataset\":\"OpenStreetMap\"}]", "facade_color": "#806F5C", "version": 1, "@geometry_source": "OpenStreetMap", "facade_material": "brick", "roof_material": "concrete", "roof_shape": "flat", "roof_color": "#2C3A3D", "id": "32303539-6163-3561-B139-363835376433", "height": 71.8}, "id": 6335055759580270000}, {"type": "Feature", "geometry": {"type": "Polygon", "coordinates": [[[-74.0065723657608, 40.743326897860044], [-74.00643825531006, 40.74326999759276], [-74.00638997554779, 40.743330962162986], [-74.00652408599854, 40.74338786237806], [-74.0065723657608, 40.743326897860044]]]}, "properties": {"is_underground": false, "@height_source": "OpenStreetMap", "building_id": "273ebdbb-c1e2-43fd-aac0-a1dac499de79", "@geometry_source": "OpenStreetMap", "min_height": 30, "sources": "[{\"license\":\"ODbL-1.0\",\"record_id\":\"w288796991@2\",\"update_time\":\"2015-01-21T13:05:25.000Z\",\"property\":\"\",\"dataset\":\"OpenStreetMap\"}]", "roof_material": "concrete", "roof_shape": "flat", "id": "33316166-3131-3230-B531-333139303037", "facade_color": "#BEBFAF", "version": 1, "height": 33}, "id": 6367056518185204000}, {"type": "Feature", "geometry": {"type": "Polygon", "coordinates": [[[-74.00720536708832, 40.742717249606216], [-74.00688350200653, 40.74258312624045], [-74.00672793388367, 40.7427985363629], [-74.00679767131805, 40.74282698670427], [-74.00672793388367, 40.74291640198368], [-74.0066796541214, 40.74289608033982], [-74.00663137435913, 40.7429651739036], [-74.00657773017883, 40.7429407879481], [-74.00649189949036, 40.74306271763612], [-74.0069854259491, 40.7432659332861], [-74.00724291801453, 40.74290827332689], [-74.00710880756378, 40.742851372701494], [-74.00720536708832, 40.742717249606216]]]}, "properties": {"is_underground": false, "@height_source": "OpenStreetMap", "building_id": "51b23753-d363-4411-b658-ad8d554c151e", "@geometry_source": "OpenStreetMap", "facade_material": "brick", "sources": "[{\"license\":\"ODbL-1.0\",\"record_id\":\"w288756295@2\",\"update_time\":\"2015-01-21T12:59:57.000Z\",\"property\":\"\",\"dataset\":\"OpenStreetMap\"}]", "roof_shape": "flat", "roof_color": "#505B5F", "id": "35363364-3435-3065-B966-323031343635", "facade_color": "#B79C89", "version": 1, "height": 26}, "id": 7050135529200906000}, {"type": "Feature", "geometry": {"type": "Polygon", "coordinates": [[[-74.00734484195709, 40.74277415034632], [-74.0069854259491, 40.7432659332861], [-74.00713562965393, 40.743330962162986], [-74.00734484195709, 40.743038331716406], [-74.00738775730133, 40.74299362417369], [-74.00749504566193, 40.74284324403678], [-74.00734484195709, 40.74277415034632]]]}, "properties": {"is_underground": false, "@height_source": "OpenStreetMap", "building_id": "51b23753-d363-4411-b658-ad8d554c151e", "sources": "[{\"license\":\"ODbL-1.0\",\"record_id\":\"w288756294@4\",\"update_time\":\"2022-09-21T22:46:38.000Z\",\"property\":\"\",\"dataset\":\"OpenStreetMap\"}]", "level": 3, "facade_color": "#B79C89", "version": 1, "@geometry_source": "OpenStreetMap", "facade_material": "brick", "min_height": 14, "roof_shape": "flat", "roof_color": "#B4AF9B", "id": "38383331-3032-3966-B933-353337393461", "height": 26}, "id": 7090359998032691000}, {"type": "Feature", "geometry": {"type": "Polygon", "coordinates": [[[-74.00571942329407, 40.74491602137374], [-74.0057784318924, 40.74484286562631], [-74.00566041469574, 40.74479409508331], [-74.00560677051544, 40.7448672508844], [-74.00571942329407, 40.74491602137374]]]}, "properties": {"is_underground": false, "@height_source": "OpenStreetMap", "building_id": "5140a944-5d0a-428f-a565-a7a82110ef16", "sources": "[{\"license\":\"ODbL-1.0\",\"record_id\":\"w324519775@1\",\"update_time\":\"2015-01-26T15:56:24.000Z\",\"property\":\"\",\"dataset\":\"OpenStreetMap\"}]", "facade_color": "#AB9C7F", "version": 1, "@geometry_source": "OpenStreetMap", "facade_material": "brick", "roof_material": "concrete", "roof_shape": "flat", "num_floors": 1, "id": "65323065-3361-3137-A139-623434376537", "height": 4}, "id": 7160731328156708000}, {"type": "Feature", "geometry": {"type": "Polygon", "coordinates": [[[-74.00529026985168, 40.74191656974406], [-74.00496304035187, 40.74178244476374], [-74.00478601455688, 40.7420303725456], [-74.00510787963867, 40.74216449702598], [-74.00529026985168, 40.74191656974406]]]}, "properties": {"is_underground": false, "@height_source": "OpenStreetMap", "building_id": "51b23753-d363-4411-b658-ad8d554c151e", "@geometry_source": "OpenStreetMap", "facade_material": "brick", "sources": "[{\"license\":\"ODbL-1.0\",\"record_id\":\"w288757171@2\",\"update_time\":\"2014-12-15T15:03:07.000Z\",\"property\":\"\",\"dataset\":\"OpenStreetMap\"}]", "roof_shape": "flat", "roof_color": "#505B5F", "id": "30643861-6562-3562-B263-383630653161", "facade_color": "#B79C89", "version": 1, "height": 37.7}, "id": 7252278153321805000}, {"type": "Feature", "geometry": {"type": "Polygon", "coordinates": [[[-74.00434076786041, 40.74407878967705], [-74.00425493717194, 40.74403814709342], [-74.0042120218277, 40.74409098244726], [-74.0043032169342, 40.7441316249986], [-74.00434076786041, 40.74407878967705]]]}, "properties": {"is_underground": false, "@height_source": "OpenStreetMap", "building_id": "5a037889-0f90-4982-ac3b-7fe7ca2277cb", "sources": "[{\"license\":\"ODbL-1.0\",\"record_id\":\"w288786853@1\",\"update_time\":\"2014-06-19T12:51:56.000Z\",\"property\":\"\",\"dataset\":\"OpenStreetMap\"}]", "facade_color": "#495553", "version": 1, "@geometry_source": "OpenStreetMap", "facade_material": "glass", "roof_material": "concrete", "roof_shape": "flat", "roof_color": "#2C3A3D", "id": "63306130-6534-3332-B730-363738616631", "height": 71.8}, "id": 7751538687458565000}, {"type": "Feature", "geometry": {"type": "Polygon", "coordinates": [[[-74.00449633598328, 40.744233231268225], [-74.00452852249146, 40.74418852452871], [-74.00452315807343, 40.74418852452871], [-74.00449097156525, 40.744233231268225], [-74.00449633598328, 40.744233231268225]]]}, "properties": {"is_underground": false, "@height_source": "OpenStreetMap", "building_id": "5a037889-0f90-4982-ac3b-7fe7ca2277cb", "@geometry_source": "OpenStreetMap", "sources": "[{\"license\":\"ODbL-1.0\",\"record_id\":\"w288786844@1\",\"update_time\":\"2014-06-19T12:51:55.000Z\",\"property\":\"\",\"dataset\":\"OpenStreetMap\"}]", "roof_material": "concrete", "roof_shape": "flat", "roof_color": "#2C3A3D", "id": "39363737-3962-3962-B639-613465616131", "facade_color": "#C7C8CA", "version": 1, "height": 71.8}, "id": 7797456566953272000}, {"type": "Feature", "geometry": {"type": "Polygon", "coordinates": [[[-74.00665819644928, 40.746675799270236], [-74.00681376457214, 40.74646040170538], [-74.00649726390839, 40.746326285888074], [-74.00634169578552, 40.7465416838873], [-74.00665819644928, 40.746675799270236]]]}, "properties": {"is_underground": false, "@height_source": "OpenStreetMap", "building_id": "33b4b335-6061-4ae5-ba76-b3c43c0be6c8", "@geometry_source": "OpenStreetMap", "sources": "[{\"license\":\"ODbL-1.0\",\"record_id\":\"w324688800@1\",\"update_time\":\"2015-01-27T08:27:59.000Z\",\"property\":\"\",\"dataset\":\"OpenStreetMap\"}]", "roof_material": "concrete", "roof_shape": "flat", "id": "30303636-6138-3362-B765-396664393432", "facade_color": "#E2D9B8", "version": 1, "height": 32.2}, "id": 7825631223932550000}, {"type": "Feature", "geometry": {"type": "Polygon", "coordinates": [[[-74.00618612766266, 40.74618810567216], [-74.00602519512177, 40.746411632348554], [-74.00634169578552, 40.7465416838873], [-74.00650262832642, 40.74632222176817], [-74.00618612766266, 40.74618810567216]]]}, "properties": {"is_underground": false, "@height_source": "OpenStreetMap", "building_id": "7de92765-2fbb-4c4b-a0af-3845c1d07e77", "sources": "[{\"license\":\"ODbL-1.0\",\"record_id\":\"w264643121@3\",\"update_time\":\"2015-01-27T08:27:59.000Z\",\"property\":\"\",\"dataset\":\"OpenStreetMap\"}]", "facade_color": "#A09080", "version": 1, "@geometry_source": "OpenStreetMap", "facade_material": "brick", "roof_material": "concrete", "roof_shape": "flat", "num_floors": 7, "id": "38353431-6531-3336-A665-633137313031", "height": 24.7}, "id": 7881125086693052000}, {"type": "Feature", "geometry": {"type": "Polygon", "coordinates": [[[-74.00730192661285, 40.74550939279632], [-74.00735557079315, 40.74543623770157], [-74.0070390701294, 40.745306184001095], [-74.0069854259491, 40.74537933923892], [-74.00730192661285, 40.74550939279632]]]}, "properties": {"is_underground": false, "@height_source": "OpenStreetMap", "building_id": "94e0862f-d2b1-4675-b8cc-9dac14747f5f", "@geometry_source": "OpenStreetMap", "sources": "[{\"license\":\"ODbL-1.0\",\"record_id\":\"w323617507@1\",\"update_time\":\"2015-01-22T11:16:43.000Z\",\"property\":\"\",\"dataset\":\"OpenStreetMap\"}]", "roof_material": "concrete", "roof_shape": "flat", "num_floors": 1, "id": "64613830-3034-3563-A132-336662653139", "facade_color": "#657A8B", "version": 1, "height": 3.5}, "id": 8046232575228014000}, {"type": "Feature", "geometry": {"type": "Polygon", "coordinates": [[[-74.00681912899017, 40.74645227348174], [-74.00650262832642, 40.74632222176817], [-74.00649726390839, 40.746326285888074], [-74.00681376457214, 40.74646040170538], [-74.00681912899017, 40.74645227348174]]]}, "properties": {"is_underground": false, "@height_source": "OpenStreetMap", "building_id": "33b4b335-6061-4ae5-ba76-b3c43c0be6c8", "sources": "[{\"license\":\"ODbL-1.0\",\"record_id\":\"w324688799@1\",\"update_time\":\"2015-01-27T08:27:59.000Z\",\"property\":\"\",\"dataset\":\"OpenStreetMap\"}]", "facade_color": "#A5907F", "version": 1, "@geometry_source": "OpenStreetMap", "facade_material": "brick", "roof_material": "concrete", "roof_shape": "flat", "num_floors": 9, "id": "65376666-3332-3231-B934-303834326135", "height": 32.2}, "id": 8097067761296060000}, {"type": "Feature", "geometry": {"type": "Polygon", "coordinates": [[[-74.0077954530716, 40.74583046142726], [-74.00786519050598, 40.745761370840086], [-74.00784909725189, 40.74573292175393], [-74.00788128376007, 40.745655702744415], [-74.00786519050598, 40.74564351026106], [-74.00790274143219, 40.745558162814774], [-74.0078866481781, 40.74552564947314], [-74.00784373283386, 40.74549720028614], [-74.00780081748962, 40.74551345696588], [-74.0077257156372, 40.74541591682765], [-74.00770425796509, 40.74544030187562], [-74.0076345205307, 40.74536308252635], [-74.0075808763504, 40.745391531770736], [-74.00755941867828, 40.74542810935276], [-74.00766134262085, 40.74548094360239], [-74.00762379169464, 40.74553377781001], [-74.00760769844055, 40.74561099696109], [-74.00754868984222, 40.745647574422435], [-74.0075808763504, 40.745716665127816], [-74.00759160518646, 40.74576543499427], [-74.00770962238312, 40.74579388406653], [-74.0077954530716, 40.74583046142726]]]}, "properties": {"is_underground": false, "@height_source": "OpenStreetMap", "building_id": "2e470956-5f49-41ff-9629-0bedccb900f2", "@geometry_source": "OpenStreetMap", "facade_material": "glass", "sources": "[{\"license\":\"ODbL-1.0\",\"record_id\":\"w288798483@1\",\"update_time\":\"2014-06-19T14:25:10.000Z\",\"property\":\"\",\"dataset\":\"OpenStreetMap\"}]", "roof_shape": "flat", "roof_color": "#D0CFBB", "id": "37356334-3461-3137-B266-633232663763", "facade_color": "#D2D3CF", "version": 1, "height": 46}, "id": 8145673596584094000}, {"type": "Feature", "geometry": {"type": "Polygon", "coordinates": [[[-74.00412619113922, 40.74316432553874], [-74.00404572486877, 40.743131811026785], [-74.00402426719666, 40.74316432553874], [-74.0041047334671, 40.743196840034784], [-74.00412619113922, 40.74316432553874]]]}, "properties": {"is_underground": false, "@height_source": "OpenStreetMap", "building_id": "d161d218-0f3c-4562-a4ae-8aee90495e6d", "sources": "[{\"license\":\"ODbL-1.0\",\"record_id\":\"w288787456@1\",\"update_time\":\"2014-06-19T12:57:49.000Z\",\"property\":\"\",\"dataset\":\"OpenStreetMap\"}]", "facade_color": "#806F5C", "version": 1, "@geometry_source": "OpenStreetMap", "facade_material": "brick", "roof_material": "concrete", "roof_shape": "flat", "roof_color": "#2C3A3D", "id": "36623936-3162-3166-A566-306436663134", "height": 22}, "id": 8296223051446166000}, {"type": "Feature", "geometry": {"type": "Polygon", "coordinates": [[[-74.0057784318924, 40.74484286562631], [-74.00571942329407, 40.74491602137374], [-74.00560677051544, 40.7448672508844], [-74.00553703308105, 40.74496072762426], [-74.00585353374481, 40.74509891039031], [-74.0059769153595, 40.74492821399053], [-74.0057784318924, 40.74484286562631]]]}, "properties": {"is_underground": false, "@height_source": "OpenStreetMap", "building_id": "5140a944-5d0a-428f-a565-a7a82110ef16", "sources": "[{\"license\":\"ODbL-1.0\",\"record_id\":\"w324516074@1\",\"update_time\":\"2015-01-26T15:50:28.000Z\",\"property\":\"\",\"dataset\":\"OpenStreetMap\"}]", "facade_color": "#AB9C7F", "version": 1, "@geometry_source": "OpenStreetMap", "facade_material": "brick", "roof_material": "concrete", "roof_shape": "flat", "num_floors": 4, "id": "30613963-3839-3761-B130-376462366436", "height": 21.5}, "id": 8631786777388452000}, {"type": "Feature", "geometry": {"type": "Polygon", "coordinates": [[[-74.0054190158844, 40.74368455556811], [-74.00546193122864, 40.74361952703697], [-74.0054190158844, 40.74360326989424], [-74.00537610054016, 40.743664234158956], [-74.0054190158844, 40.74368455556811]]]}, "properties": {"is_underground": false, "@height_source": "OpenStreetMap", "building_id": "6aa1b616-9529-4173-81ec-0c771e4840da", "sources": "[{\"license\":\"ODbL-1.0\",\"record_id\":\"w288787468@1\",\"update_time\":\"2014-06-19T12:57:49.000Z\",\"property\":\"\",\"dataset\":\"OpenStreetMap\"}]", "facade_color": "#806F5C", "version": 1, "@geometry_source": "OpenStreetMap", "facade_material": "brick", "roof_material": "concrete", "roof_shape": "flat", "roof_color": "#2C3A3D", "id": "32636436-3131-3939-A661-383736333863", "height": 22}, "id": 8699194548240570000}, {"type": "Feature", "geometry": {"type": "Polygon", "coordinates": [[[-74.00685667991638, 40.74261970536702], [-74.00672793388367, 40.7427985363629], [-74.00689959526062, 40.742867630028], [-74.00682985782623, 40.74295704525275], [-74.0069854259491, 40.74302207443162], [-74.00717854499817, 40.74275382865903], [-74.00685667991638, 40.74261970536702]]]}, "properties": {"is_underground": false, "@height_source": "OpenStreetMap", "building_id": "51b23753-d363-4411-b658-ad8d554c151e", "@geometry_source": "OpenStreetMap", "min_height": 26, "sources": "[{\"license\":\"ODbL-1.0\",\"record_id\":\"w288756290@2\",\"update_time\":\"2015-01-21T12:59:56.000Z\",\"property\":\"\",\"dataset\":\"OpenStreetMap\"}]", "roof_shape": "flat", "roof_color": "#505B5F", "id": "63316436-6236-3662-B134-636238346466", "facade_color": "#DCE3C2", "version": 1, "height": 29}, "id": 8709791803313663000}, {"type": "Feature", "geometry": {"type": "Polygon", "coordinates": [[[-74.0059232711792, 40.743298447732485], [-74.00595545768738, 40.743253740364594], [-74.0059232711792, 40.7432415474409], [-74.00589108467102, 40.74328625481695], [-74.0059232711792, 40.743298447732485]]]}, "properties": {"is_underground": false, "@height_source": "OpenStreetMap", "building_id": "d2b8403f-bf0c-430f-8c7a-0b8a00204749", "sources": "[{\"license\":\"ODbL-1.0\",\"record_id\":\"w324480318@1\",\"update_time\":\"2023-09-24T17:13:51.000Z\",\"property\":\"\",\"dataset\":\"OpenStreetMap\"}]", "facade_color": "#CA9982", "version": 1, "@geometry_source": "OpenStreetMap", "facade_material": "brick", "min_height": 24.9, "roof_material": "concrete", "roof_shape": "flat", "id": "39663238-6635-3131-A462-353632663431", "height": 27}, "id": 8931792126367975000}, {"type": "Feature", "geometry": {"type": "Polygon", "coordinates": [[[-74.00688350200653, 40.74648072226017], [-74.0068781375885, 40.746488850480375], [-74.00706589221954, 40.7465660685225], [-74.00707125663757, 40.74656200441723], [-74.00688350200653, 40.74648072226017]]]}, "properties": {"is_underground": false, "@height_source": "OpenStreetMap", "building_id": "3e461131-7c59-4bb6-9d2c-23fb4913379c", "sources": "[{\"license\":\"ODbL-1.0\",\"record_id\":\"w324688796@1\",\"update_time\":\"2015-01-27T08:27:58.000Z\",\"property\":\"\",\"dataset\":\"OpenStreetMap\"}]", "facade_color": "#B89A80", "version": 1, "@geometry_source": "OpenStreetMap", "facade_material": "brick", "roof_material": "concrete", "roof_shape": "flat", "num_floors": 9, "roof_color": "#CABC9F", "id": "61343137-6638-3763-B866-663432313963", "height": 32}, "id": 8972280616582122000}, {"type": "Feature", "geometry": {"type": "Polygon", "coordinates": [[[-74.00523126125336, 40.74551752113521], [-74.00524735450745, 40.745501264456436], [-74.00519907474518, 40.74548094360239], [-74.00525271892548, 40.74540778847634], [-74.0052205324173, 40.745395595947485], [-74.00515615940094, 40.74548500777371], [-74.00523126125336, 40.74551752113521]]]}, "properties": {"is_underground": false, "@height_source": "OpenStreetMap", "building_id": "046c286d-9d15-4aec-a794-28500f3e536c", "sources": "[{\"license\":\"ODbL-1.0\",\"record_id\":\"w324532459@1\",\"update_time\":\"2015-01-26T16:30:55.000Z\",\"property\":\"\",\"dataset\":\"OpenStreetMap\"}]", "facade_color": "#A26E56", "version": 1, "@geometry_source": "OpenStreetMap", "facade_material": "brick", "roof_material": "concrete", "roof_shape": "flat", "num_floors": 6, "id": "34643638-3836-3262-A535-383062656338", "height": 18}, "id": 9177597880274063000}, {"type": "Feature", "geometry": {"type": "Polygon", "coordinates": [[[-74.00684595108032, 40.74508265360922], [-74.00687277317047, 40.74505014003509], [-74.00685131549835, 40.74502981904317], [-74.00684058666229, 40.744997305443206], [-74.00681912899017, 40.74496479182736], [-74.00676012039185, 40.74494447080937], [-74.0066796541214, 40.74496072762426], [-74.00663673877716, 40.7449525992173], [-74.00660991668701, 40.744985112839146], [-74.00665283203125, 40.74500543384468], [-74.00670111179352, 40.74506233262724], [-74.00673866271973, 40.74507452521718], [-74.00684595108032, 40.74508265360922]]]}, "properties": {"is_underground": false, "building_id": "be183e1e-cce5-4552-a042-ecdfd42c9a74", "@geometry_source": "OpenStreetMap", "sources": "[{\"license\":\"ODbL-1.0\",\"record_id\":\"w1146455514@2\",\"update_time\":\"2023-02-18T02:36:32.000Z\",\"property\":\"\",\"dataset\":\"OpenStreetMap\"}]", "num_floors": 1, "id": "31313737-3065-3236-B237-346565336536", "version": 1}, "id": 9317090979536984000}, {"type": "Feature", "geometry": {"type": "Polygon", "coordinates": [[[-74.00697469711304, 40.74311555376485], [-74.00699615478516, 40.74308710354691], [-74.00691568851471, 40.743050524677386], [-74.00689423084259, 40.74308303922908], [-74.00697469711304, 40.74311555376485]]]}, "properties": {"is_underground": false, "@height_source": "OpenStreetMap", "building_id": "51b23753-d363-4411-b658-ad8d554c151e", "sources": "[{\"license\":\"ODbL-1.0\",\"record_id\":\"w288756303@2\",\"update_time\":\"2015-01-21T12:59:57.000Z\",\"property\":\"\",\"dataset\":\"OpenStreetMap\"}]", "facade_color": "#B79C89", "version": 1, "@geometry_source": "OpenStreetMap", "facade_material": "brick", "min_height": 26, "roof_shape": "flat", "roof_color": "#505B5F", "id": "64336534-3463-3161-B464-363962663563", "height": 33}, "id": 9407167640722895000}, {"type": "Feature", "geometry": {"type": "Polygon", "coordinates": [[[-74.00669574737549, 40.746411632348554], [-74.00670111179352, 40.746403504118945], [-74.00663673877716, 40.74637505530748], [-74.00663137435913, 40.74638318354059], [-74.00669574737549, 40.746411632348554]]]}, "properties": {"is_underground": false, "@height_source": "OpenStreetMap", "building_id": "33b4b335-6061-4ae5-ba76-b3c43c0be6c8", "sources": "[{\"license\":\"ODbL-1.0\",\"record_id\":\"w324688797@1\",\"update_time\":\"2015-01-27T08:27:58.000Z\",\"property\":\"\",\"dataset\":\"OpenStreetMap\"}]", "facade_color": "#A5907F", "version": 1, "@geometry_source": "OpenStreetMap", "facade_material": "brick", "min_height": 32.2, "roof_material": "concrete", "roof_shape": "flat", "id": "66313064-6239-3261-A431-373134613630", "height": 35.2}, "id": 9480430962404825000}, {"type": "Feature", "geometry": {"type": "Polygon", "coordinates": [[[-74.00581061840057, 40.74277415034632], [-74.00649189949036, 40.74306271763612], [-74.00657773017883, 40.7429407879481], [-74.00663137435913, 40.7429651739036], [-74.0066796541214, 40.74289608033982], [-74.00663137435913, 40.74287575868976], [-74.00666356086731, 40.7428310510378], [-74.0059769153595, 40.74254248274286], [-74.00581061840057, 40.74277415034632]]]}, "properties": {"is_underground": false, "@height_source": "OpenStreetMap", "building_id": "51b23753-d363-4411-b658-ad8d554c151e", "@geometry_source": "OpenStreetMap", "facade_material": "brick", "sources": "[{\"license\":\"ODbL-1.0\",\"record_id\":\"w288756311@2\",\"update_time\":\"2014-12-15T15:03:07.000Z\",\"property\":\"\",\"dataset\":\"OpenStreetMap\"}]", "roof_shape": "flat", "roof_color": "#505B5F", "id": "65353161-3366-3631-A462-616266616461", "facade_color": "#B79C89", "version": 1, "height": 35}, "id": 9723806499640953000}, {"type": "Feature", "geometry": {"type": "Polygon", "coordinates": [[[-74.0053278207779, 40.74308303922908], [-74.00536000728607, 40.743038331716406], [-74.00535464286804, 40.743034267395586], [-74.00532245635986, 40.74308303922908], [-74.0053278207779, 40.74308303922908]]]}, "properties": {"is_underground": false, "@height_source": "OpenStreetMap", "building_id": "23e5591d-15b7-4ae5-8b4a-b9f59e05e9de", "@geometry_source": "OpenStreetMap", "sources": "[{\"license\":\"ODbL-1.0\",\"record_id\":\"w288784610@1\",\"update_time\":\"2014-06-19T12:36:08.000Z\",\"property\":\"\",\"dataset\":\"OpenStreetMap\"}]", "roof_material": "concrete", "roof_shape": "flat", "roof_color": "#2C3A3D", "id": "33663438-3438-3431-A436-653435373037", "facade_color": "#C7C8CA", "version": 1, "height": 71.8}, "id": 9889404275428717000}, {"type": "Feature", "geometry": {"type": "Polygon", "coordinates": [[[-74.00512933731079, 40.746659542874596], [-74.00544047355652, 40.74679365801981], [-74.00551557540894, 40.74668799156436], [-74.00520980358124, 40.74655794031173], [-74.00512933731079, 40.746659542874596]]]}, "properties": {"is_underground": false, "@height_source": "OpenStreetMap", "building_id": "1ea1c1f3-2de4-40d7-ab55-66d448010c9a", "sources": "[{\"license\":\"ODbL-1.0\",\"record_id\":\"w264643155@5\",\"update_time\":\"2026-05-27T02:09:29.000Z\",\"property\":\"\",\"dataset\":\"OpenStreetMap\"}]", "facade_color": "#664337", "version": 1, "roof_height": 4, "@name": "Church of the Guardian Angel", "names": "{\"rules\":[{\"variant\":\"alternate\",\"value\":\"Guardian Angel Catholic Church\"}],\"primary\":\"Church of the Guardian Angel\"}", "roof_orientation": "along", "@geometry_source": "OpenStreetMap", "facade_material": "brick", "roof_material": "roof_tiles", "roof_shape": "gabled", "roof_color": "#A98673", "id": "34366264-3065-3031-B538-383238353235", "height": 10}, "id": 10042330440619772000}, {"type": "Feature", "geometry": {"type": "Polygon", "coordinates": [[[-74.00641143321991, 40.743757712589655], [-74.00578916072845, 40.743497598369714], [-74.00576770305634, 40.743526048412065], [-74.00639533996582, 40.743778033970244], [-74.00641143321991, 40.743757712589655]]]}, "properties": {"is_underground": false, "@height_source": "OpenStreetMap", "building_id": "273ebdbb-c1e2-43fd-aac0-a1dac499de79", "@geometry_source": "OpenStreetMap", "facade_material": "glass", "sources": "[{\"license\":\"ODbL-1.0\",\"record_id\":\"w288796997@2\",\"update_time\":\"2023-09-24T17:13:51.000Z\",\"property\":\"\",\"dataset\":\"OpenStreetMap\"}]", "roof_material": "concrete", "roof_shape": "flat", "id": "65666461-3138-3966-A630-386233626339", "facade_color": "#D2AF8F", "version": 1, "height": 25}, "id": 10121237583190594000}, {"type": "Feature", "geometry": {"type": "Polygon", "coordinates": [[[-74.00719463825226, 40.745655702744415], [-74.00735557079315, 40.74572479344138], [-74.0073823928833, 40.74568821602253], [-74.00722146034241, 40.74562318945047], [-74.00719463825226, 40.745655702744415]]]}, "properties": {"is_underground": false, "@height_source": "OpenStreetMap", "building_id": "1ae425b2-1908-4334-bb08-c0b70dd513c0", "@geometry_source": "OpenStreetMap", "sources": "[{\"license\":\"ODbL-1.0\",\"record_id\":\"w323617503@3\",\"update_time\":\"2024-05-14T02:07:52.000Z\",\"property\":\"\",\"dataset\":\"OpenStreetMap\"}]", "roof_material": "concrete", "roof_shape": "flat", "num_floors": 9, "id": "33343831-6334-3365-B961-373338633632", "facade_color": "#BAAE96", "version": 1, "height": 30.4}, "id": 10182650278542190000}, {"type": "Feature", "geometry": {"type": "Polygon", "coordinates": [[[-74.00710880756378, 40.742851372701494], [-74.00685131549835, 40.7432049686563], [-74.00692641735077, 40.74323341882382], [-74.00699615478516, 40.743135875341636], [-74.00706052780151, 40.74316432553874], [-74.0071302652359, 40.74306678195521], [-74.00715172290802, 40.74307084627404], [-74.00718927383423, 40.74301801010981], [-74.00717318058014, 40.74300988146544], [-74.00724291801453, 40.74290827332689], [-74.00710880756378, 40.742851372701494]]]}, "properties": {"is_underground": false, "@height_source": "OpenStreetMap", "building_id": "51b23753-d363-4411-b658-ad8d554c151e", "sources": "[{\"license\":\"ODbL-1.0\",\"record_id\":\"w288756292@2\",\"update_time\":\"2015-01-21T12:59:57.000Z\",\"property\":\"\",\"dataset\":\"OpenStreetMap\"}]", "facade_color": "#B79C89", "version": 1, "@geometry_source": "OpenStreetMap", "facade_material": "brick", "min_height": 26, "roof_shape": "flat", "roof_color": "#505B5F", "id": "31656438-3937-3632-B564-396261323634", "height": 29}, "id": 10235469026110202000}, {"type": "Feature", "geometry": {"type": "Polygon", "coordinates": [[[-74.00682985782623, 40.742652220129315], [-74.00688350200653, 40.74258312624045], [-74.00677621364594, 40.742538418391746], [-74.00672793388367, 40.742607512327055], [-74.00682985782623, 40.742652220129315]]]}, "properties": {"is_underground": false, "@height_source": "OpenStreetMap", "building_id": "51b23753-d363-4411-b658-ad8d554c151e", "sources": "[{\"license\":\"ODbL-1.0\",\"record_id\":\"w288756309@1\",\"update_time\":\"2014-12-15T15:03:07.000Z\",\"property\":\"\",\"dataset\":\"OpenStreetMap\"}]", "facade_color": "#B79C89", "version": 1, "@geometry_source": "OpenStreetMap", "facade_material": "brick", "min_height": 23, "roof_shape": "flat", "roof_color": "#505B5F", "id": "38663232-3332-3931-B331-623062313630", "height": 26}, "id": 10262041754352580000}, {"type": "Feature", "geometry": {"type": "Polygon", "coordinates": [[[-74.00722146034241, 40.74562318945047], [-74.0073823928833, 40.74568821602253], [-74.00746285915375, 40.74557441947965], [-74.00730192661285, 40.74550939279632], [-74.00722146034241, 40.74562318945047]]]}, "properties": {"is_underground": false, "@height_source": "OpenStreetMap", "building_id": "1ae425b2-1908-4334-bb08-c0b70dd513c0", "@geometry_source": "OpenStreetMap", "sources": "[{\"license\":\"ODbL-1.0\",\"record_id\":\"w323407716@2\",\"update_time\":\"2015-01-22T11:16:44.000Z\",\"property\":\"\",\"dataset\":\"OpenStreetMap\"}]", "roof_material": "concrete", "roof_shape": "flat", "num_floors": 9, "id": "31393338-3934-3461-A263-343563373732", "facade_color": "#BAAE96", "version": 1, "height": 37.2}, "id": 10384672507138486000}, {"type": "Feature", "geometry": {"type": "Polygon", "coordinates": [[[-74.00599300861359, 40.743046460357306], [-74.0059232711792, 40.74301801010981], [-74.00587499141693, 40.74307897491096], [-74.00591254234314, 40.743095232181844], [-74.00592863559723, 40.74307491059264], [-74.00596618652344, 40.74309116786449], [-74.00599300861359, 40.743046460357306]]]}, "properties": {"is_underground": false, "@height_source": "OpenStreetMap", "building_id": "d2b8403f-bf0c-430f-8c7a-0b8a00204749", "sources": "[{\"license\":\"ODbL-1.0\",\"record_id\":\"w324480319@1\",\"update_time\":\"2015-01-26T11:57:45.000Z\",\"property\":\"\",\"dataset\":\"OpenStreetMap\"}]", "facade_color": "#CA9982", "version": 1, "@geometry_source": "OpenStreetMap", "facade_material": "brick", "min_height": 24.9, "roof_material": "concrete", "roof_shape": "flat", "id": "63343839-3530-3531-B866-333636303862", "height": 28}, "id": 10602106088288640000}, {"type": "Feature", "geometry": {"type": "Polygon", "coordinates": [[[-74.00749504566193, 40.74284324403678], [-74.00747895240784, 40.74283511537104], [-74.00747358798981, 40.74284730836925], [-74.0074896812439, 40.74285543703351], [-74.00749504566193, 40.74284324403678]]]}, "properties": {"is_underground": false, "@height_source": "OpenStreetMap", "building_id": "51b23753-d363-4411-b658-ad8d554c151e", "sources": "[{\"license\":\"ODbL-1.0\",\"record_id\":\"w288756302@3\",\"update_time\":\"2015-01-21T12:59:57.000Z\",\"property\":\"\",\"dataset\":\"OpenStreetMap\"}]", "facade_color": "#B79C89", "version": 1, "@geometry_source": "OpenStreetMap", "facade_material": "brick", "min_height": 7.5, "roof_shape": "flat", "roof_color": "#505B5F", "id": "30663739-3433-3037-A636-646265613931", "height": 15}, "id": 10929245155949350000}, {"type": "Feature", "geometry": {"type": "Polygon", "coordinates": [[[-74.00434076786041, 40.74290014466908], [-74.0045553445816, 40.742989559850145], [-74.00453925132751, 40.74300988146544], [-74.00468409061432, 40.74306678195521], [-74.0047699213028, 40.74295298092696], [-74.00462508201599, 40.7428920160103], [-74.0046089887619, 40.74291233765541], [-74.00439441204071, 40.74282292237055], [-74.0044105052948, 40.74280666503313], [-74.00426030158997, 40.74274569998235], [-74.00417983531952, 40.742859501365245], [-74.00432467460632, 40.742920466311716], [-74.00434076786041, 40.74290014466908]]]}, "properties": {"is_underground": false, "@height_source": "OpenStreetMap", "building_id": "4d319717-2281-478b-bcc8-42831e155423", "sources": "[{\"license\":\"ODbL-1.0\",\"record_id\":\"w264625641@3\",\"update_time\":\"2023-09-14T14:46:25.000Z\",\"property\":\"\",\"dataset\":\"OpenStreetMap\"}]", "facade_color": "#806F5C", "version": 1, "@geometry_source": "OpenStreetMap", "facade_material": "brick", "roof_material": "concrete", "roof_shape": "flat", "roof_color": "#2C3A3D", "id": "62616231-6630-3661-B337-656366356132", "height": 19}, "id": 11050784612855994000}, {"type": "Feature", "geometry": {"type": "Polygon", "coordinates": [[[-74.0035629272461, 40.74394873332207], [-74.0035629272461, 40.74396499038036], [-74.00356829166412, 40.74395279758701], [-74.0035629272461, 40.74394873332207]]]}, "properties": {"is_underground": false, "@height_source": "OpenStreetMap", "building_id": "0b329443-ce43-417c-9c44-b11e2625887d", "sources": "[{\"license\":\"ODbL-1.0\",\"record_id\":\"w288787455@1\",\"update_time\":\"2014-06-19T12:57:49.000Z\",\"property\":\"\",\"dataset\":\"OpenStreetMap\"}]", "facade_color": "#806F5C", "version": 1, "@geometry_source": "OpenStreetMap", "facade_material": "brick", "roof_material": "concrete", "roof_shape": "flat", "roof_color": "#2C3A3D", "id": "34663461-3331-3663-B937-303832343336", "height": 22}, "id": 11209062440214256000}, {"type": "Feature", "geometry": {"type": "Polygon", "coordinates": [[[-74.00764524936676, 40.746131207852784], [-74.00757551193237, 40.74617184915732], [-74.00762915611267, 40.74622468281609], [-74.00769889354706, 40.74618810567216], [-74.00764524936676, 40.746131207852784]]]}, "properties": {"is_underground": false, "@height_source": "OpenStreetMap", "building_id": "4a882ec3-a00a-4fec-9770-c98f16a0ea56", "sources": "[{\"license\":\"ODbL-1.0\",\"record_id\":\"w288603705@1\",\"update_time\":\"2014-06-18T08:40:56.000Z\",\"property\":\"\",\"dataset\":\"OpenStreetMap\"}]", "facade_color": "#666867", "version": 1, "@geometry_source": "OpenStreetMap", "facade_material": "plaster", "min_height": 75.7, "roof_material": "concrete", "roof_shape": "flat", "id": "32646130-3432-3530-A161-346333656664", "height": 80}, "id": 11239136991353731000}, {"type": "Feature", "geometry": {"type": "Polygon", "coordinates": [[[-74.00676012039185, 40.74337160517874], [-74.00607883930206, 40.74308303922908], [-74.00598227977753, 40.74322122589638], [-74.00665819644928, 40.74350572695448], [-74.00676012039185, 40.74337160517874]]]}, "properties": {"is_underground": false, "@height_source": "OpenStreetMap", "building_id": "273ebdbb-c1e2-43fd-aac0-a1dac499de79", "@geometry_source": "OpenStreetMap", "facade_material": "glass", "sources": "[{\"license\":\"ODbL-1.0\",\"record_id\":\"w288796996@3\",\"update_time\":\"2017-09-13T13:47:12.000Z\",\"property\":\"\",\"dataset\":\"OpenStreetMap\"}]", "roof_material": "concrete", "roof_shape": "flat", "id": "37376636-6530-3631-A164-393730613233", "facade_color": "#D2AF8F", "version": 1, "height": 30}, "id": 11273212174967333000}, {"type": "Feature", "geometry": {"type": "Polygon", "coordinates": [[[-74.00495231151581, 40.74359107703461], [-74.00474846363068, 40.74350572695448], [-74.00466799736023, 40.74361546275168], [-74.00487184524536, 40.743700812690975], [-74.00489330291748, 40.743672362723345], [-74.00489866733551, 40.743672362723345], [-74.00489330291748, 40.743668298441264], [-74.00492548942566, 40.743623591322034], [-74.00493621826172, 40.743623591322034], [-74.00493085384369, 40.74361952703697], [-74.00495231151581, 40.74359107703461]]]}, "properties": {"is_underground": false, "@height_source": "OpenStreetMap", "building_id": "be282fe3-9ad6-4f3c-a7df-efa7dddbf301", "sources": "[{\"license\":\"ODbL-1.0\",\"record_id\":\"w288786843@1\",\"update_time\":\"2014-06-19T12:51:55.000Z\",\"property\":\"\",\"dataset\":\"OpenStreetMap\"}]", "facade_color": "#806F5C", "version": 1, "@geometry_source": "OpenStreetMap", "facade_material": "brick", "roof_material": "concrete", "roof_shape": "flat", "roof_color": "#2C3A3D", "id": "63356132-3863-3365-A362-643430313766", "height": 71.8}, "id": 11296231284938500000}, {"type": "Feature", "geometry": {"type": "Polygon", "coordinates": [[[-74.00681376457214, 40.74235552233418], [-74.00657773017883, 40.74225391319598], [-74.0065723657608, 40.74226204193275], [-74.00680840015411, 40.742363651058525], [-74.00681376457214, 40.74235552233418]]]}, "properties": {"is_underground": false, "@height_source": "OpenStreetMap", "building_id": "597c0c7c-cd25-47ea-8267-9f17feb0522c", "@geometry_source": "OpenStreetMap", "facade_material": "brick", "sources": "[{\"license\":\"ODbL-1.0\",\"record_id\":\"w288751135@1\",\"update_time\":\"2014-06-19T08:26:48.000Z\",\"property\":\"\",\"dataset\":\"OpenStreetMap\"}]", "roof_material": "concrete", "roof_shape": "flat", "id": "66626639-3735-3139-B433-343131333230", "facade_color": "#AD7F68", "version": 1, "height": 18}, "id": 11384984046999204000}, {"type": "Feature", "geometry": {"type": "Polygon", "coordinates": [[[-74.00630414485931, 40.743668298441264], [-74.00634169578552, 40.74361952703697], [-74.00627732276917, 40.743578884172706], [-74.0061217546463, 40.743530112702814], [-74.00608420372009, 40.743578884172706], [-74.00630414485931, 40.743668298441264]]]}, "properties": {"is_underground": false, "@height_source": "OpenStreetMap", "building_id": "273ebdbb-c1e2-43fd-aac0-a1dac499de79", "@geometry_source": "OpenStreetMap", "min_height": 76, "sources": "[{\"license\":\"ODbL-1.0\",\"record_id\":\"w288796993@2\",\"update_time\":\"2015-01-21T13:05:25.000Z\",\"property\":\"\",\"dataset\":\"OpenStreetMap\"}]", "roof_material": "concrete", "roof_shape": "flat", "id": "37363037-6361-3934-A638-306333646336", "facade_color": "#BEBFAF", "version": 1, "height": 83.1}, "id": 11409144986772780000}, {"type": "Feature", "geometry": {"type": "Polygon", "coordinates": [[[-74.00693714618683, 40.74177025157027], [-74.0065723657608, 40.74226204193275], [-74.00680840015411, 40.742363651058525], [-74.00697469711304, 40.742136046401214], [-74.00694251060486, 40.7421238532726], [-74.00696933269501, 40.742087273873324], [-74.00700151920319, 40.74209946700867], [-74.00716781616211, 40.74186779705522], [-74.00693714618683, 40.74177025157027]]]}, "properties": {"is_underground": false, "@height_source": "OpenStreetMap", "building_id": "597c0c7c-cd25-47ea-8267-9f17feb0522c", "@geometry_source": "OpenStreetMap", "facade_material": "brick", "sources": "[{\"license\":\"ODbL-1.0\",\"record_id\":\"w264624899@2\",\"update_time\":\"2014-06-19T08:26:48.000Z\",\"property\":\"\",\"dataset\":\"OpenStreetMap\"}]", "roof_material": "concrete", "roof_shape": "flat", "id": "32396465-3563-3136-B034-363234666561", "facade_color": "#AD7F68", "version": 1, "height": 16}, "id": 11528096597125415000}, {"type": "Feature", "geometry": {"type": "Polygon", "coordinates": [[[-74.00765061378479, 40.746249067567504], [-74.0076345205307, 40.7462693881869], [-74.00769352912903, 40.746326285888074], [-74.00770425796509, 40.7463059652861], [-74.00765061378479, 40.746249067567504]]]}, "properties": {"is_underground": false, "@height_source": "OpenStreetMap", "building_id": "4a882ec3-a00a-4fec-9770-c98f16a0ea56", "@geometry_source": "OpenStreetMap", "facade_material": "plaster", "sources": "[{\"license\":\"ODbL-1.0\",\"record_id\":\"w288603703@1\",\"update_time\":\"2014-06-18T08:40:56.000Z\",\"property\":\"\",\"dataset\":\"OpenStreetMap\"}]", "roof_material": "concrete", "roof_shape": "flat", "id": "30626131-6365-3464-A537-643038646566", "facade_color": "#666867", "version": 1, "height": 69}, "id": 11537379291259668000}, {"type": "Feature", "geometry": {"type": "Polygon", "coordinates": [[[-74.00724291801453, 40.74290827332689], [-74.0069854259491, 40.7432659332861], [-74.00714099407196, 40.74333502646567], [-74.00736629962921, 40.742989559850145], [-74.00724291801453, 40.74290827332689]]]}, "properties": {"is_underground": false, "@height_source": "OpenStreetMap", "building_id": "51b23753-d363-4411-b658-ad8d554c151e", "@geometry_source": "OpenStreetMap", "facade_material": "brick", "sources": "[{\"license\":\"ODbL-1.0\",\"record_id\":\"w288756291@5\",\"update_time\":\"2018-05-15T18:08:08.000Z\",\"property\":\"\",\"dataset\":\"OpenStreetMap\"}]", "roof_material": "concrete", "roof_shape": "flat", "id": "33316634-3338-3965-B164-616630313930", "facade_color": "#B79C89", "version": 1, "height": 5.5}, "id": 11537464947978217000}, {"type": "Feature", "geometry": {"type": "Polygon", "coordinates": [[[-74.00404572486877, 40.74384712661782], [-74.00406181812286, 40.74382274098568], [-74.00401890277863, 40.74380241961876], [-74.00400280952454, 40.74383086953071], [-74.00404572486877, 40.74384712661782]]]}, "properties": {"is_underground": false, "@height_source": "OpenStreetMap", "building_id": "3d6a0236-a758-452b-91a9-66c115244e13", "sources": "[{\"license\":\"ODbL-1.0\",\"record_id\":\"w288787450@1\",\"update_time\":\"2014-06-19T12:57:48.000Z\",\"property\":\"\",\"dataset\":\"OpenStreetMap\"}]", "facade_color": "#806F5C", "version": 1, "@geometry_source": "OpenStreetMap", "facade_material": "brick", "roof_material": "concrete", "roof_shape": "flat", "roof_color": "#2C3A3D", "id": "37313463-3461-3039-A130-353366363936", "height": 21}, "id": 11906946954905258000}, {"type": "Feature", "geometry": {"type": "Polygon", "coordinates": [[[-74.00358438491821, 40.74254248274286], [-74.0035629272461, 40.74253435404037], [-74.0035629272461, 40.74257499754293], [-74.00358438491821, 40.74254248274286]]]}, "properties": {"is_underground": false, "@height_source": "OpenStreetMap", "building_id": "8cd993e0-995a-41b8-8886-58185d35ca16", "sources": "[{\"license\":\"ODbL-1.0\",\"record_id\":\"w294806637@2\",\"update_time\":\"2015-01-21T13:12:04.000Z\",\"property\":\"\",\"dataset\":\"OpenStreetMap\"}]", "facade_color": "#999A9C", "version": 1, "roof_direction": 28.9, "roof_height": 40, "@geometry_source": "OpenStreetMap", "facade_material": "metal", "roof_material": "metal", "roof_shape": "skillion", "num_floors": 1, "roof_color": "#999A9C", "id": "38663034-3165-3136-B531-386436313861", "height": 44}, "id": 12009744384307683000}, {"type": "Feature", "geometry": {"type": "Polygon", "coordinates": [[[-74.0035629272461, 40.74242461645949], [-74.0035629272461, 40.742473388739995], [-74.00360584259033, 40.7424896461589], [-74.00363802909851, 40.74244900260422], [-74.00356829166412, 40.74241648774259], [-74.0035629272461, 40.74242461645949]]]}, "properties": {"is_underground": false, "@height_source": "OpenStreetMap", "building_id": "8cd993e0-995a-41b8-8886-58185d35ca16", "@geometry_source": "OpenStreetMap", "sources": "[{\"license\":\"ODbL-1.0\",\"record_id\":\"w294806642@1\",\"update_time\":\"2014-07-28T11:07:40.000Z\",\"property\":\"\",\"dataset\":\"OpenStreetMap\"}]", "roof_material": "concrete", "roof_shape": "flat", "id": "64326666-3932-3964-A365-646163353433", "facade_color": "#999A9C", "version": 1, "height": 50}, "id": 12076881469967696000}, {"type": "Feature", "geometry": {"type": "Polygon", "coordinates": [[[-74.00435149669647, 40.742018179397604], [-74.00436758995056, 40.74202630816316], [-74.0045714378357, 40.74174992957623], [-74.00454998016357, 40.74174180077691], [-74.00435149669647, 40.742018179397604]]]}, "properties": {"is_underground": false, "@height_source": "OpenStreetMap", "building_id": "7e21060f-d4ae-4bc1-89f7-766cd0f965e8", "@geometry_source": "OpenStreetMap", "facade_material": "brick", "sources": "[{\"license\":\"ODbL-1.0\",\"record_id\":\"w288616078@2\",\"update_time\":\"2022-04-28T17:53:11.000Z\",\"property\":\"\",\"dataset\":\"OpenStreetMap\"}]", "roof_material": "concrete", "roof_shape": "flat", "id": "36336263-3563-3332-B765-303039303839", "facade_color": "#9F8064", "version": 1, "height": 71}, "id": 12118100823217127000}, {"type": "Feature", "geometry": {"type": "Polygon", "coordinates": [[[-74.00400280952454, 40.744025954313486], [-74.00403499603271, 40.743981247434675], [-74.00402426719666, 40.743981247434675], [-74.00399208068848, 40.744021890053034], [-74.00400280952454, 40.744025954313486]]]}, "properties": {"is_underground": false, "@height_source": "OpenStreetMap", "building_id": "5a037889-0f90-4982-ac3b-7fe7ca2277cb", "@geometry_source": "OpenStreetMap", "sources": "[{\"license\":\"ODbL-1.0\",\"record_id\":\"w288786847@1\",\"update_time\":\"2014-06-19T12:51:56.000Z\",\"property\":\"\",\"dataset\":\"OpenStreetMap\"}]", "roof_material": "concrete", "roof_shape": "flat", "roof_color": "#2C3A3D", "id": "38666334-3863-3763-A461-663364333830", "facade_color": "#C7C8CA", "version": 1, "height": 71.8}, "id": 12368468376063156000}, {"type": "Feature", "geometry": {"type": "Polygon", "coordinates": [[[-74.00652408599854, 40.743773969694615], [-74.00660991668701, 40.74365610559357], [-74.00628805160522, 40.743566691308615], [-74.0060144662857, 40.74345695543096], [-74.00595545768738, 40.74353824128363], [-74.00652408599854, 40.743773969694615]]]}, "properties": {"is_underground": false, "@height_source": "OpenStreetMap", "building_id": "273ebdbb-c1e2-43fd-aac0-a1dac499de79", "@geometry_source": "OpenStreetMap", "facade_material": "plaster", "sources": "[{\"license\":\"ODbL-1.0\",\"record_id\":\"w288796984@1\",\"update_time\":\"2014-06-19T14:14:32.000Z\",\"property\":\"\",\"dataset\":\"OpenStreetMap\"}]", "roof_material": "concrete", "roof_shape": "flat", "id": "30313334-3339-3830-B836-393435313132", "facade_color": "#D2AF8F", "version": 1, "height": 76}, "id": 12373431441055275000}, {"type": "Feature", "geometry": {"type": "Polygon", "coordinates": [[[-74.00665819644928, 40.74350572695448], [-74.00598227977753, 40.74322122589638], [-74.00588572025299, 40.74335941227659], [-74.00607883930206, 40.74344069824849], [-74.00608956813812, 40.74342444106205], [-74.00627195835114, 40.743497598369714], [-74.00625586509705, 40.74351791982977], [-74.00654017925262, 40.74363578417572], [-74.00658309459686, 40.74358294846027], [-74.00659918785095, 40.74359107703461], [-74.00665819644928, 40.74350572695448]]]}, "properties": {"is_underground": false, "@height_source": "OpenStreetMap", "building_id": "273ebdbb-c1e2-43fd-aac0-a1dac499de79", "@geometry_source": "OpenStreetMap", "facade_material": "plaster", "sources": "[{\"license\":\"ODbL-1.0\",\"record_id\":\"w288796985@2\",\"update_time\":\"2023-09-24T17:13:51.000Z\",\"property\":\"\",\"dataset\":\"OpenStreetMap\"}]", "roof_material": "concrete", "roof_shape": "flat", "id": "33656239-3036-3463-B462-396265393534", "facade_color": "#D2AF8F", "version": 1, "height": 8}, "id": 12483035299634150000}, {"type": "Feature", "geometry": {"type": "Polygon", "coordinates": [[[-74.00561213493347, 40.74342444106205], [-74.00565505027771, 40.74336347657754], [-74.00561213493347, 40.743343155070306], [-74.0055638551712, 40.74340411957343], [-74.00561213493347, 40.74342444106205]]]}, "properties": {"is_underground": false, "@height_source": "OpenStreetMap", "building_id": "6ca85b66-d0cf-4550-a2ee-571e11e7e92b", "sources": "[{\"license\":\"ODbL-1.0\",\"record_id\":\"w288787471@1\",\"update_time\":\"2014-06-19T12:57:50.000Z\",\"property\":\"\",\"dataset\":\"OpenStreetMap\"}]", "facade_color": "#806F5C", "version": 1, "@geometry_source": "OpenStreetMap", "facade_material": "brick", "roof_material": "concrete", "roof_shape": "flat", "roof_color": "#2C3A3D", "id": "65353263-6666-3263-B466-316334346638", "height": 22}, "id": 12701768627423687000}, {"type": "Feature", "geometry": {"type": "Polygon", "coordinates": [[[-74.00724291801453, 40.74290827332689], [-74.00738775730133, 40.74299362417369], [-74.00749504566193, 40.74284324403678], [-74.00720536708832, 40.742717249606216], [-74.00710880756378, 40.742851372701494], [-74.00724291801453, 40.74290827332689]]]}, "properties": {"is_underground": false, "@height_source": "OpenStreetMap", "building_id": "51b23753-d363-4411-b658-ad8d554c151e", "@geometry_source": "OpenStreetMap", "sources": "[{\"license\":\"ODbL-1.0\",\"record_id\":\"w288756293@4\",\"update_time\":\"2018-05-13T19:44:47.000Z\",\"property\":\"\",\"dataset\":\"OpenStreetMap\"}]", "id": "37316336-3336-3734-B432-613239613638", "facade_color": "#FF0000", "version": 1, "height": 5.5}, "id": 12779143859692706000}, {"type": "Feature", "geometry": {"type": "Polygon", "coordinates": [[[-74.00536000728607, 40.74545249439626], [-74.0053278207779, 40.74544030187562], [-74.00528490543365, 40.74549720028614], [-74.00539755821228, 40.745545970313515], [-74.00545656681061, 40.74546062274209], [-74.00537610054016, 40.74542810935276], [-74.00536000728607, 40.74545249439626]]]}, "properties": {"is_underground": false, "@height_source": "OpenStreetMap", "building_id": "046c286d-9d15-4aec-a794-28500f3e536c", "@geometry_source": "OpenStreetMap", "min_height": 21, "sources": "[{\"license\":\"ODbL-1.0\",\"record_id\":\"w324532462@1\",\"update_time\":\"2015-01-26T16:30:55.000Z\",\"property\":\"\",\"dataset\":\"OpenStreetMap\"}]", "roof_material": "concrete", "roof_shape": "flat", "id": "31316361-6437-3938-B639-366435323563", "facade_color": "#D4CBBA", "version": 1, "height": 28.8}, "id": 12803500024316359000}, {"type": "Feature", "geometry": {"type": "Polygon", "coordinates": [[[-74.00517225265503, 40.7429245306395], [-74.00508642196655, 40.74288795168056], [-74.00504887104034, 40.7429407879481], [-74.00513470172882, 40.742977366877966], [-74.00517225265503, 40.7429245306395]]]}, "properties": {"is_underground": false, "@height_source": "OpenStreetMap", "building_id": "23e5591d-15b7-4ae5-8b4a-b9f59e05e9de", "sources": "[{\"license\":\"ODbL-1.0\",\"record_id\":\"w288784614@1\",\"update_time\":\"2014-06-19T12:36:09.000Z\",\"property\":\"\",\"dataset\":\"OpenStreetMap\"}]", "facade_color": "#495553", "version": 1, "@geometry_source": "OpenStreetMap", "facade_material": "glass", "roof_material": "concrete", "roof_shape": "flat", "roof_color": "#2C3A3D", "id": "33396666-3337-3664-B966-366639383162", "height": 71.8}, "id": 12986939726632430000}, {"type": "Feature", "geometry": {"type": "Polygon", "coordinates": [[[-74.00674939155579, 40.74372926264638], [-74.00669038295746, 40.74380648389263], [-74.00667428970337, 40.74380241961876], [-74.00665283203125, 40.74382680525832], [-74.00674939155579, 40.7438674479711], [-74.00679767131805, 40.74380648389263], [-74.006786942482, 40.743741455480716], [-74.00674939155579, 40.74372926264638]]]}, "properties": {"is_underground": false, "@height_source": "OpenStreetMap", "building_id": "273ebdbb-c1e2-43fd-aac0-a1dac499de79", "@geometry_source": "OpenStreetMap", "facade_material": "glass", "sources": "[{\"license\":\"ODbL-1.0\",\"record_id\":\"w288797012@2\",\"update_time\":\"2017-09-13T13:47:12.000Z\",\"property\":\"\",\"dataset\":\"OpenStreetMap\"}]", "roof_material": "concrete", "roof_shape": "flat", "id": "31373234-3363-3431-B236-383264663666", "facade_color": "#B1AFA2", "version": 1, "height": 10}, "id": 13023539273462358000}, {"type": "Feature", "geometry": {"type": "Polygon", "coordinates": [[[-74.00719463825226, 40.745655702744415], [-74.00722146034241, 40.74562318945047], [-74.00690495967865, 40.745489071944746], [-74.00688350200653, 40.74552564947314], [-74.00719463825226, 40.745655702744415]]]}, "properties": {"is_underground": false, "@height_source": "OpenStreetMap", "building_id": "94e0862f-d2b1-4675-b8cc-9dac14747f5f", "@geometry_source": "OpenStreetMap", "sources": "[{\"license\":\"ODbL-1.0\",\"record_id\":\"w323617506@1\",\"update_time\":\"2015-01-22T11:16:43.000Z\",\"property\":\"\",\"dataset\":\"OpenStreetMap\"}]", "roof_material": "concrete", "roof_shape": "flat", "num_floors": 9, "id": "30303738-3862-3466-B132-313261313132", "facade_color": "#657A8B", "version": 1, "height": 30.4}, "id": 13074260260784890000}, {"type": "Feature", "geometry": {"type": "Polygon", "coordinates": [[[-74.00534927845001, 40.74323341882382], [-74.00530636310577, 40.743298447732485], [-74.00534927845001, 40.74331470494971], [-74.00539755821228, 40.743253740364594], [-74.00534927845001, 40.74323341882382]]]}, "properties": {"is_underground": false, "@height_source": "OpenStreetMap", "building_id": "6ca85b66-d0cf-4550-a2ee-571e11e7e92b", "sources": "[{\"license\":\"ODbL-1.0\",\"record_id\":\"w288787469@1\",\"update_time\":\"2014-06-19T12:57:50.000Z\",\"property\":\"\",\"dataset\":\"OpenStreetMap\"}]", "facade_color": "#806F5C", "version": 1, "@geometry_source": "OpenStreetMap", "facade_material": "brick", "roof_material": "concrete", "roof_shape": "flat", "roof_color": "#2C3A3D", "id": "34363038-3565-3661-A638-633534383730", "height": 22}, "id": 13116127262969514000}, {"type": "Feature", "geometry": {"type": "Polygon", "coordinates": [[[-74.00544583797455, 40.7467814657451], [-74.00550484657288, 40.74670018385626], [-74.00520443916321, 40.74657013262748], [-74.00514543056488, 40.746651414675284], [-74.00544583797455, 40.7467814657451]]]}, "properties": {"is_underground": false, "@height_source": "OpenStreetMap", "building_id": "1ea1c1f3-2de4-40d7-ab55-66d448010c9a", "sources": "[{\"license\":\"ODbL-1.0\",\"record_id\":\"w288769129@1\",\"update_time\":\"2014-06-19T10:38:41.000Z\",\"property\":\"\",\"dataset\":\"OpenStreetMap\"}]", "facade_color": "#664337", "version": 1, "roof_height": 4, "roof_orientation": "along", "@geometry_source": "OpenStreetMap", "facade_material": "brick", "roof_material": "roof_tiles", "roof_shape": "gabled", "roof_color": "#A98673", "id": "33373536-3563-3638-B263-333664663936", "height": 15.4}, "id": 13267523123823927000}, {"type": "Feature", "geometry": {"type": "Polygon", "coordinates": [[[-74.00665283203125, 40.746472594039034], [-74.00669574737549, 40.746411632348554], [-74.00663137435913, 40.74638318354059], [-74.00658845901489, 40.7464441452571], [-74.00665283203125, 40.746472594039034]]]}, "properties": {"is_underground": false, "@height_source": "OpenStreetMap", "building_id": "33b4b335-6061-4ae5-ba76-b3c43c0be6c8", "@geometry_source": "OpenStreetMap", "min_height": 32.2, "sources": "[{\"license\":\"ODbL-1.0\",\"record_id\":\"w324688795@1\",\"update_time\":\"2015-01-27T08:27:58.000Z\",\"property\":\"\",\"dataset\":\"OpenStreetMap\"}]", "roof_material": "concrete", "roof_shape": "flat", "id": "38373734-3530-3838-B033-613762323562", "facade_color": "#E2D9B8", "version": 1, "height": 35.2}, "id": 13364456465912740000}, {"type": "Feature", "geometry": {"type": "Polygon", "coordinates": [[[-74.00688350200653, 40.74648072226017], [-74.00681912899017, 40.74645227348174], [-74.00665819644928, 40.746675799270236], [-74.00697469711304, 40.74680991438268], [-74.00713562965393, 40.74658638904498], [-74.00707125663757, 40.74656200441723], [-74.00706052780151, 40.74657419673224], [-74.00687277317047, 40.746496978699554], [-74.00688350200653, 40.74648072226017]]]}, "properties": {"is_underground": false, "@height_source": "OpenStreetMap", "building_id": "3e461131-7c59-4bb6-9d2c-23fb4913379c", "sources": "[{\"license\":\"ODbL-1.0\",\"record_id\":\"w324688792@1\",\"update_time\":\"2015-01-27T08:27:59.000Z\",\"property\":\"\",\"dataset\":\"OpenStreetMap\"}]", "facade_color": "#B89A80", "version": 1, "@geometry_source": "OpenStreetMap", "facade_material": "brick", "roof_material": "concrete", "roof_shape": "flat", "num_floors": 11, "roof_color": "#CABC9F", "id": "63626465-3236-3532-A338-613439393664", "height": 39}, "id": 13502008548620138000}, {"type": "Feature", "geometry": {"type": "Polygon", "coordinates": [[[-74.00641143321991, 40.74628158055552], [-74.00627732276917, 40.74622468281609], [-74.00627195835114, 40.74623281106756], [-74.00640606880188, 40.74628970880005], [-74.00641143321991, 40.74628158055552]]]}, "properties": {"is_underground": false, "@height_source": "OpenStreetMap", "building_id": "7de92765-2fbb-4c4b-a0af-3845c1d07e77", "sources": "[{\"license\":\"ODbL-1.0\",\"record_id\":\"w323617965@1\",\"update_time\":\"2015-01-22T11:25:21.000Z\",\"property\":\"\",\"dataset\":\"OpenStreetMap\"}]", "facade_color": "#A09080", "version": 1, "@geometry_source": "OpenStreetMap", "facade_material": "brick", "min_height": 25.9, "roof_material": "concrete", "roof_shape": "flat", "id": "39666136-3636-3164-B062-313630346363", "height": 26.4}, "id": 13519835226887762000}, {"type": "Feature", "geometry": {"type": "Polygon", "coordinates": [[[-74.00429248809814, 40.744160074769724], [-74.00433540344238, 40.744099110959525], [-74.00422811508179, 40.744054404129855], [-74.00418519973755, 40.74411536798104], [-74.00429248809814, 40.744160074769724]]]}, "properties": {"is_underground": false, "@height_source": "OpenStreetMap", "building_id": "5a037889-0f90-4982-ac3b-7fe7ca2277cb", "sources": "[{\"license\":\"ODbL-1.0\",\"record_id\":\"w288786852@1\",\"update_time\":\"2014-06-19T12:51:56.000Z\",\"property\":\"\",\"dataset\":\"OpenStreetMap\"}]", "facade_color": "#806F5C", "version": 1, "@geometry_source": "OpenStreetMap", "facade_material": "brick", "roof_material": "concrete", "roof_shape": "flat", "roof_color": "#2C3A3D", "id": "66646238-3539-3232-A633-303136393963", "height": 77}, "id": 13585940722305760000}, {"type": "Feature", "geometry": {"type": "Polygon", "coordinates": [[[-74.00365948677063, 40.74299362417369], [-74.00356829166412, 40.74295298092696], [-74.0035629272461, 40.74295704525275], [-74.0035629272461, 40.74311148944875], [-74.00357365608215, 40.74311555376485], [-74.00365948677063, 40.74299362417369]]]}, "properties": {"is_underground": false, "@height_source": "OpenStreetMap", "building_id": "c3f05be6-559d-4c12-bd34-0132071dad1f", "sources": "[{\"license\":\"ODbL-1.0\",\"record_id\":\"w294195424@1\",\"update_time\":\"2014-07-24T14:50:07.000Z\",\"property\":\"\",\"dataset\":\"OpenStreetMap\"}]", "facade_color": "#48412F", "version": 1, "@geometry_source": "OpenStreetMap", "facade_material": "brick", "roof_material": "concrete", "roof_shape": "flat", "num_floors": 6, "id": "36613730-6564-3633-B064-393139353533", "height": 20}, "id": 13611051188727749000}, {"type": "Feature", "geometry": {"type": "Polygon", "coordinates": [[[-74.0079939365387, 40.74517206585614], [-74.00806367397308, 40.74474532450452], [-74.00773644447327, 40.74472093920173], [-74.00767743587494, 40.745046075837195], [-74.0079939365387, 40.74517206585614]]]}, "properties": {"is_underground": false, "building_id": "63b8032b-d084-4f92-8d02-51dea3bf71e2", "@geometry_source": "OpenStreetMap", "sources": "[{\"license\":\"ODbL-1.0\",\"record_id\":\"w1275407071@1\",\"update_time\":\"2024-04-23T21:06:14.000Z\",\"property\":\"\",\"dataset\":\"OpenStreetMap\"}]", "num_floors": 34, "id": "30353665-3062-3366-A138-363131643565", "version": 1}, "id": 13649588790205065000}, {"type": "Feature", "geometry": {"type": "Polygon", "coordinates": [[[-74.00780081748962, 40.74639131177267], [-74.00784373283386, 40.7461230795889], [-74.00748431682587, 40.74596864238623], [-74.00745749473572, 40.74600521965084], [-74.00775253772736, 40.74612714372097], [-74.0077954530716, 40.74616778502798], [-74.00780618190765, 40.74618810567216], [-74.00777399539948, 40.74637911942415], [-74.00780081748962, 40.74639131177267]]]}, "properties": {"is_underground": false, "@height_source": "OpenStreetMap", "building_id": "4a882ec3-a00a-4fec-9770-c98f16a0ea56", "@geometry_source": "OpenStreetMap", "facade_material": "glass", "sources": "[{\"license\":\"ODbL-1.0\",\"record_id\":\"w288603706@2\",\"update_time\":\"2020-12-04T21:19:10.000Z\",\"property\":\"\",\"dataset\":\"OpenStreetMap\"}]", "roof_material": "concrete", "roof_shape": "flat", "id": "37636266-6334-3933-B933-303333363662", "facade_color": "#93A49D", "version": 1, "height": 20}, "id": 13705869588047725000}, {"type": "Feature", "geometry": {"type": "Polygon", "coordinates": [[[-74.00616466999054, 40.74228236377033], [-74.00529026985168, 40.74191656974406], [-74.00512397289276, 40.742140110776944], [-74.00552093982697, 40.74230674996721], [-74.0053278207779, 40.74257499754293], [-74.00581061840057, 40.74277415034632], [-74.00616466999054, 40.74228236377033]]]}, "properties": {"is_underground": false, "@height_source": "OpenStreetMap", "building_id": "51b23753-d363-4411-b658-ad8d554c151e", "@geometry_source": "OpenStreetMap", "facade_material": "brick", "sources": "[{\"license\":\"ODbL-1.0\",\"record_id\":\"w288757175@1\",\"update_time\":\"2014-12-15T15:03:08.000Z\",\"property\":\"\",\"dataset\":\"OpenStreetMap\"}]", "roof_shape": "flat", "roof_color": "#505B5F", "id": "31663735-6362-3939-A562-326632663865", "facade_color": "#B79C89", "version": 1, "height": 30}, "id": 13710859374683200000}, {"type": "Feature", "geometry": {"type": "Polygon", "coordinates": [[[-74.00650262832642, 40.746131207852784], [-74.00656163692474, 40.74604992516919], [-74.00651335716248, 40.74602960448277], [-74.00645434856415, 40.74611088719121], [-74.00650262832642, 40.746131207852784]]]}, "properties": {"is_underground": false, "@height_source": "OpenStreetMap", "building_id": "4e2f55a8-eedf-4cf9-93b8-828c3009f63b", "sources": "[{\"license\":\"ODbL-1.0\",\"record_id\":\"w323617508@2\",\"update_time\":\"2015-01-22T11:29:25.000Z\",\"property\":\"\",\"dataset\":\"OpenStreetMap\"}]", "facade_color": "#A48A6F", "version": 1, "@geometry_source": "OpenStreetMap", "facade_material": "brick", "min_height": 19.4, "roof_material": "concrete", "roof_shape": "flat", "roof_color": "#454E53", "id": "35353036-6333-3064-A230-333163386639", "height": 22}, "id": 13725394420516458000}, {"type": "Feature", "geometry": {"type": "Polygon", "coordinates": [[[-74.0035629272461, 40.74240429466536], [-74.0035629272461, 40.742493710513], [-74.00360584259033, 40.742514032279814], [-74.0036541223526, 40.74244493824739], [-74.0035629272461, 40.74240429466536]]]}, "properties": {"is_underground": false, "@height_source": "OpenStreetMap", "building_id": "8cd993e0-995a-41b8-8886-58185d35ca16", "@geometry_source": "OpenStreetMap", "facade_material": "metal", "sources": "[{\"license\":\"ODbL-1.0\",\"record_id\":\"w294806643@1\",\"update_time\":\"2014-07-28T11:07:40.000Z\",\"property\":\"\",\"dataset\":\"OpenStreetMap\"}]", "roof_material": "concrete", "roof_shape": "flat", "id": "39623261-3564-3433-A264-656235353630", "facade_color": "#999A9C", "version": 1, "height": 47}, "id": 13805272551465335000}, {"type": "Feature", "geometry": {"type": "Polygon", "coordinates": [[[-74.00661528110504, 40.74589142365045], [-74.00645434856415, 40.74611088719121], [-74.00700151920319, 40.746346606483826], [-74.00716245174408, 40.7461230795889], [-74.00710344314575, 40.74609463065747], [-74.00708734989166, 40.74611495132399], [-74.00697469711304, 40.74606618171384], [-74.0069854259491, 40.7460458610324], [-74.00679230690002, 40.7459645782445], [-74.00677621364594, 40.74598083481001], [-74.00666356086731, 40.74593612924525], [-74.0066796541214, 40.745915808524074], [-74.00661528110504, 40.74589142365045]]]}, "properties": {"is_underground": false, "@height_source": "OpenStreetMap", "building_id": "4e2f55a8-eedf-4cf9-93b8-828c3009f63b", "sources": "[{\"license\":\"ODbL-1.0\",\"record_id\":\"w264627645@3\",\"update_time\":\"2015-01-22T11:29:25.000Z\",\"property\":\"\",\"dataset\":\"OpenStreetMap\"}]", "facade_color": "#A48A6F", "version": 1, "@geometry_source": "OpenStreetMap", "facade_material": "brick", "roof_material": "concrete", "roof_shape": "flat", "num_floors": 4, "roof_color": "#454E53", "id": "63323332-6162-3338-A539-356632343433", "height": 19.4}, "id": 13834197427788410000}, {"type": "Feature", "geometry": {"type": "Polygon", "coordinates": [[[-74.00671184062958, 40.74564351026106], [-74.0065348148346, 40.745570355313816], [-74.00641143321991, 40.74573698590984], [-74.00658845901489, 40.74581014067377], [-74.00671184062958, 40.74564351026106]]]}, "properties": {"is_underground": false, "@height_source": "OpenStreetMap", "building_id": "60324b1c-482d-4a54-be91-26ef8d94f666", "@geometry_source": "OpenStreetMap", "sources": "[{\"license\":\"ODbL-1.0\",\"record_id\":\"w399238431@1\",\"update_time\":\"2016-02-22T13:51:22.000Z\",\"property\":\"\",\"dataset\":\"OpenStreetMap\"}]", "id": "34393631-6365-3534-A163-323561346563", "version": 1, "height": 30}, "id": 13891189318624109000}, {"type": "Feature", "geometry": {"type": "Polygon", "coordinates": [[[-74.00715172290802, 40.74434296586509], [-74.00713562965393, 40.74433890162399], [-74.00706589221954, 40.74469248967051], [-74.00698006153107, 40.74480628772238], [-74.00802075862885, 40.74524522124145], [-74.00811195373535, 40.74471687498374], [-74.00761842727661, 40.74450553530539], [-74.00761306285858, 40.74451772799739], [-74.00746822357178, 40.7444527002809], [-74.00746822357178, 40.74443644334181], [-74.00715708732605, 40.74430638768624], [-74.00715172290802, 40.74434296586509]], [[-74.00716245174408, 40.7443551585869], [-74.00709271430969, 40.74472500341949], [-74.0075272321701, 40.74474938872078], [-74.00757014751434, 40.74451772799739], [-74.00716245174408, 40.7443551585869]], [[-74.00806367397308, 40.74474532450452], [-74.00773644447327, 40.74472093920173], [-74.00767743587494, 40.745046075837195], [-74.0079939365387, 40.74517206585614], [-74.00806367397308, 40.74474532450452]]]}, "properties": {"is_underground": false, "building_id": "63b8032b-d084-4f92-8d02-51dea3bf71e2", "@geometry_source": "OpenStreetMap", "sources": "[{\"license\":\"ODbL-1.0\",\"record_id\":\"r17508489@1\",\"update_time\":\"2026-03-26T06:11:32.000Z\",\"property\":\"\",\"dataset\":\"OpenStreetMap\"}]", "num_floors": 5, "id": "64376465-6161-3732-B463-363563393164", "version": 1}, "id": 13967274842602670000}, {"type": "Feature", "geometry": {"type": "Polygon", "coordinates": [[[-74.00520443916321, 40.74555409864797], [-74.00523126125336, 40.74551752113521], [-74.00515615940094, 40.74548500777371], [-74.00512933731079, 40.74552158530432], [-74.00520443916321, 40.74555409864797]]]}, "properties": {"is_underground": false, "@height_source": "OpenStreetMap", "building_id": "046c286d-9d15-4aec-a794-28500f3e536c", "sources": "[{\"license\":\"ODbL-1.0\",\"record_id\":\"w324532455@1\",\"update_time\":\"2015-01-26T16:30:56.000Z\",\"property\":\"\",\"dataset\":\"OpenStreetMap\"}]", "facade_color": "#A26E56", "version": 1, "@geometry_source": "OpenStreetMap", "facade_material": "brick", "roof_material": "concrete", "roof_shape": "flat", "num_floors": 5, "id": "35636433-3466-3262-A466-323534313965", "height": 15}, "id": 14145831280068305000}, {"type": "Feature", "geometry": {"type": "Polygon", "coordinates": [[[-74.00474309921265, 40.74351385553828], [-74.00465726852417, 40.743477276903434], [-74.00459289550781, 40.743566691308615], [-74.00467872619629, 40.74360326989424], [-74.00474309921265, 40.74351385553828]]]}, "properties": {"is_underground": false, "@height_source": "OpenStreetMap", "building_id": "be282fe3-9ad6-4f3c-a7df-efa7dddbf301", "@geometry_source": "OpenStreetMap", "sources": "[{\"license\":\"ODbL-1.0\",\"record_id\":\"w288786845@2\",\"update_time\":\"2016-12-15T13:08:00.000Z\",\"property\":\"\",\"dataset\":\"OpenStreetMap\"}]", "roof_material": "concrete", "roof_shape": "flat", "roof_color": "#2C3A3D", "id": "34623738-3663-3136-B966-323364363364", "facade_color": "#C7C8CA", "version": 1, "height": 82}, "id": 14229364415838122000}, {"type": "Feature", "geometry": {"type": "Polygon", "coordinates": [[[-74.00489866733551, 40.74267660619057], [-74.0049147605896, 40.742652220129315], [-74.00487184524536, 40.74263189840474], [-74.00485575199127, 40.74266034881737], [-74.00489866733551, 40.74267660619057]]]}, "properties": {"is_underground": false, "@height_source": "OpenStreetMap", "building_id": "84b1c968-6d2a-4326-840a-3a31813fc3d5", "sources": "[{\"license\":\"ODbL-1.0\",\"record_id\":\"w288787447@1\",\"update_time\":\"2014-06-19T12:57:48.000Z\",\"property\":\"\",\"dataset\":\"OpenStreetMap\"}]", "facade_color": "#806F5C", "version": 1, "@geometry_source": "OpenStreetMap", "facade_material": "brick", "roof_material": "concrete", "roof_shape": "flat", "roof_color": "#2C3A3D", "id": "62666133-6537-3365-A439-343531336630", "height": 21}, "id": 14259627302334888000}, {"type": "Feature", "geometry": {"type": "Polygon", "coordinates": [[[-74.0074896812439, 40.7462612599399], [-74.00732338428497, 40.74618810567216], [-74.00716245174408, 40.746411632348554], [-74.00770425796509, 40.74664328647498], [-74.00777399539948, 40.74661483776606], [-74.00780081748962, 40.74639131177267], [-74.00770425796509, 40.746350670602254], [-74.00768280029297, 40.74652136335112], [-74.00765061378479, 40.74653355567358], [-74.00737702846527, 40.746415696463], [-74.0074896812439, 40.7462612599399]]]}, "properties": {"is_underground": false, "@height_source": "OpenStreetMap", "building_id": "39546cb3-d712-496c-8e29-7669369f1cd0", "@geometry_source": "OpenStreetMap", "facade_material": "brick", "sources": "[{\"license\":\"ODbL-1.0\",\"record_id\":\"w324715899@2\",\"update_time\":\"2020-12-04T21:19:10.000Z\",\"property\":\"\",\"dataset\":\"OpenStreetMap\"}]", "roof_material": "concrete", "roof_shape": "flat", "id": "32373731-3531-3437-A561-353732326563", "facade_color": "#9E9880", "version": 1, "height": 28.3}, "id": 14403613586166235000}, {"type": "Feature", "geometry": {"type": "Polygon", "coordinates": [[[-74.00566577911377, 40.74342444106205], [-74.00568723678589, 40.743400055274975], [-74.00563895702362, 40.74337973377888], [-74.00562286376953, 40.74340411957343], [-74.00566577911377, 40.74342444106205]]]}, "properties": {"is_underground": false, "@height_source": "OpenStreetMap", "building_id": "6ca85b66-d0cf-4550-a2ee-571e11e7e92b", "sources": "[{\"license\":\"ODbL-1.0\",\"record_id\":\"w288787441@1\",\"update_time\":\"2014-06-19T12:57:47.000Z\",\"property\":\"\",\"dataset\":\"OpenStreetMap\"}]", "facade_color": "#806F5C", "version": 1, "@geometry_source": "OpenStreetMap", "facade_material": "brick", "roof_material": "concrete", "roof_shape": "flat", "roof_color": "#2C3A3D", "id": "61393639-3536-3161-B834-653334626138", "height": 21}, "id": 14451388980862700000}, {"type": "Feature", "geometry": {"type": "Polygon", "coordinates": [[[-74.00465726852417, 40.74300175282005], [-74.00467872619629, 40.742977366877966], [-74.00463581085205, 40.74295704525275], [-74.00461435317993, 40.74298549552634], [-74.00465726852417, 40.74300175282005]]]}, "properties": {"is_underground": false, "@height_source": "OpenStreetMap", "building_id": "4d319717-2281-478b-bcc8-42831e155423", "sources": "[{\"license\":\"ODbL-1.0\",\"record_id\":\"w288787448@1\",\"update_time\":\"2014-06-19T12:57:48.000Z\",\"property\":\"\",\"dataset\":\"OpenStreetMap\"}]", "facade_color": "#806F5C", "version": 1, "@geometry_source": "OpenStreetMap", "facade_material": "brick", "roof_material": "concrete", "roof_shape": "flat", "roof_color": "#2C3A3D", "id": "66363565-3537-3333-A662-373537666536", "height": 21}, "id": 14467438963910031000}, {"type": "Feature", "geometry": {"type": "Polygon", "coordinates": [[[-74.00372385978699, 40.7437495840357], [-74.00393307209015, 40.74383899807478], [-74.00392234325409, 40.74385525515987], [-74.0040671825409, 40.74391621919361], [-74.00415301322937, 40.74380241961876], [-74.00400817394257, 40.743741455480716], [-74.00399208068848, 40.743757712589655], [-74.00378823280334, 40.743668298441264], [-74.0037989616394, 40.7436520413105], [-74.00364875793457, 40.743587012747554], [-74.0035629272461, 40.743704876971066], [-74.00371313095093, 40.74376584114262], [-74.00372385978699, 40.7437495840357]]]}, "properties": {"is_underground": false, "@height_source": "OpenStreetMap", "building_id": "3d6a0236-a758-452b-91a9-66c115244e13", "sources": "[{\"license\":\"ODbL-1.0\",\"record_id\":\"w264628450@4\",\"update_time\":\"2023-09-14T14:49:11.000Z\",\"property\":\"\",\"dataset\":\"OpenStreetMap\"}]", "facade_color": "#806F5C", "version": 1, "@geometry_source": "OpenStreetMap", "facade_material": "brick", "roof_material": "concrete", "roof_shape": "flat", "roof_color": "#2C3A3D", "id": "31646639-6536-3237-A337-636438303139", "height": 15}, "id": 14527284048324782000}, {"type": "Feature", "geometry": {"type": "Polygon", "coordinates": [[[-74.00534391403198, 40.743326897860044], [-74.00555312633514, 40.74341631246736], [-74.00554239749908, 40.743432569655795], [-74.00568723678589, 40.74349353407695], [-74.00577306747437, 40.74337566947892], [-74.00562822818756, 40.74331470494971], [-74.0056174993515, 40.743330962162986], [-74.00540828704834, 40.7432415474409], [-74.0054190158844, 40.74322529020577], [-74.00526881217957, 40.74316432553874], [-74.00518298149109, 40.74327812620538], [-74.00533318519592, 40.743343155070306], [-74.00534391403198, 40.743326897860044]]]}, "properties": {"is_underground": false, "@height_source": "OpenStreetMap", "building_id": "6ca85b66-d0cf-4550-a2ee-571e11e7e92b", "sources": "[{\"license\":\"ODbL-1.0\",\"record_id\":\"w264625643@3\",\"update_time\":\"2023-09-24T17:13:51.000Z\",\"property\":\"\",\"dataset\":\"OpenStreetMap\"}]", "facade_color": "#806F5C", "version": 1, "@geometry_source": "OpenStreetMap", "facade_material": "brick", "roof_material": "concrete", "roof_shape": "flat", "roof_color": "#2C3A3D", "id": "35653166-6232-3035-B730-393064613265", "height": 19}, "id": 14680641394670645000}, {"type": "Feature", "geometry": {"type": "Polygon", "coordinates": [[[-74.00720536708832, 40.742717249606216], [-74.00717318058014, 40.74276602167214], [-74.00724828243256, 40.7427985363629], [-74.00728583335876, 40.74274976432079], [-74.00720536708832, 40.742717249606216]]]}, "properties": {"is_underground": false, "@height_source": "OpenStreetMap", "building_id": "51b23753-d363-4411-b658-ad8d554c151e", "sources": "[{\"license\":\"ODbL-1.0\",\"record_id\":\"w288756308@2\",\"update_time\":\"2015-01-21T12:59:58.000Z\",\"property\":\"\",\"dataset\":\"OpenStreetMap\"}]", "facade_color": "#B79C89", "version": 1, "@geometry_source": "OpenStreetMap", "facade_material": "brick", "min_height": 26, "roof_shape": "flat", "roof_color": "#505B5F", "id": "34366631-3131-3332-B839-636630633331", "height": 29}, "id": 14792520578033400000}, {"type": "Feature", "geometry": {"type": "Polygon", "coordinates": [[[-74.00538146495819, 40.74300175282005], [-74.00517761707306, 40.742920466311716], [-74.00509715080261, 40.74303020307451], [-74.00530099868774, 40.74311148944875], [-74.00532245635986, 40.74308303922908], [-74.00535464286804, 40.743034267395586], [-74.00536000728607, 40.743034267395586], [-74.00538146495819, 40.74300175282005]]]}, "properties": {"is_underground": false, "@height_source": "OpenStreetMap", "building_id": "23e5591d-15b7-4ae5-8b4a-b9f59e05e9de", "sources": "[{\"license\":\"ODbL-1.0\",\"record_id\":\"w288784606@1\",\"update_time\":\"2014-06-19T12:36:08.000Z\",\"property\":\"\",\"dataset\":\"OpenStreetMap\"}]", "facade_color": "#806F5C", "version": 1, "@geometry_source": "OpenStreetMap", "facade_material": "brick", "roof_material": "concrete", "roof_shape": "flat", "roof_color": "#2C3A3D", "id": "62373637-6231-3137-B238-303732636637", "height": 71.8}, "id": 14798036078078577000}, {"type": "Feature", "geometry": {"type": "Polygon", "coordinates": [[[-74.00679230690002, 40.746923708811465], [-74.00689959526062, 40.74677740165299], [-74.00673866271973, 40.746708312049606], [-74.00663137435913, 40.74685461936008], [-74.00679230690002, 40.746923708811465]]]}, "properties": {"is_underground": false, "@height_source": "OpenStreetMap", "building_id": "116122d9-d6bb-4308-8297-30afc4486dea", "@geometry_source": "OpenStreetMap", "facade_material": "brick", "sources": "[{\"license\":\"ODbL-1.0\",\"record_id\":\"w324714216@1\",\"update_time\":\"2015-01-27T09:42:36.000Z\",\"property\":\"\",\"dataset\":\"OpenStreetMap\"}]", "roof_material": "concrete", "roof_shape": "flat", "id": "61303164-3038-3531-A638-626635653731", "facade_color": "#AD9E87", "version": 1, "height": 8.5}, "id": 14905413930507858000}, {"type": "Feature", "geometry": {"type": "Polygon", "coordinates": [[[-74.00659918785095, 40.74359107703461], [-74.00665283203125, 40.7436113984661], [-74.006786942482, 40.74342444106205], [-74.0067332983017, 40.74340411957343], [-74.00659918785095, 40.74359107703461]]]}, "properties": {"is_underground": false, "@height_source": "OpenStreetMap", "building_id": "273ebdbb-c1e2-43fd-aac0-a1dac499de79", "@geometry_source": "OpenStreetMap", "facade_material": "glass", "sources": "[{\"license\":\"ODbL-1.0\",\"record_id\":\"w288797002@1\",\"update_time\":\"2014-06-19T14:14:32.000Z\",\"property\":\"\",\"dataset\":\"OpenStreetMap\"}]", "roof_material": "concrete", "roof_shape": "flat", "id": "37316234-3531-3536-B731-396133363766", "facade_color": "#D2AF8F", "version": 1, "height": 35}, "id": 14961370881100093000}, {"type": "Feature", "geometry": {"type": "Polygon", "coordinates": [[[-74.00510787963867, 40.74349353407695], [-74.00508642196655, 40.74351791982977], [-74.00512933731079, 40.74353824128363], [-74.00515079498291, 40.74350979124651], [-74.00510787963867, 40.74349353407695]]]}, "properties": {"is_underground": false, "@height_source": "OpenStreetMap", "building_id": "6aa1b616-9529-4173-81ec-0c771e4840da", "sources": "[{\"license\":\"ODbL-1.0\",\"record_id\":\"w288787451@1\",\"update_time\":\"2014-06-19T12:57:48.000Z\",\"property\":\"\",\"dataset\":\"OpenStreetMap\"}]", "facade_color": "#806F5C", "version": 1, "@geometry_source": "OpenStreetMap", "facade_material": "brick", "roof_material": "concrete", "roof_shape": "flat", "roof_color": "#2C3A3D", "id": "32636263-3735-3834-B934-626336306532", "height": 21}, "id": 15106845503460557000}, {"type": "Feature", "geometry": {"type": "Polygon", "coordinates": [[[-74.00371849536896, 40.742570933193775], [-74.00373458862305, 40.742554675794736], [-74.00364339351654, 40.74251809663238], [-74.00363266468048, 40.74253435404037], [-74.00371849536896, 40.742570933193775]]]}, "properties": {"is_underground": false, "@height_source": "OpenStreetMap", "building_id": "7d5c3c92-298d-47ab-8712-f24195ea48a3", "@geometry_source": "OpenStreetMap", "sources": "[{\"license\":\"ODbL-1.0\",\"record_id\":\"w294194764@1\",\"update_time\":\"2014-07-24T14:41:01.000Z\",\"property\":\"\",\"dataset\":\"OpenStreetMap\"}]", "id": "32373239-3136-3261-B935-343334343664", "facade_color": "#C8C2A8", "version": 1, "height": 47}, "id": 15207178861542693000}, {"type": "Feature", "geometry": {"type": "Polygon", "coordinates": [[[-74.00414228439331, 40.74206695197617], [-74.00421738624573, 40.74209946700867], [-74.00422811508179, 40.742087273873324], [-74.00425493717194, 40.74209946700867], [-74.00429248809814, 40.74209946700867], [-74.00431394577026, 40.74207101635608], [-74.00433003902435, 40.74207914511521], [-74.00436758995056, 40.74202630816316], [-74.00429248809814, 40.741993793094906], [-74.00425493717194, 40.742046630072764], [-74.00417983531952, 40.74201411501443], [-74.00414228439331, 40.74206695197617]]]}, "properties": {"is_underground": false, "@height_source": "OpenStreetMap", "building_id": "7e21060f-d4ae-4bc1-89f7-766cd0f965e8", "@geometry_source": "OpenStreetMap", "facade_material": "brick", "sources": "[{\"license\":\"ODbL-1.0\",\"record_id\":\"w288616075@1\",\"update_time\":\"2014-06-18T11:04:22.000Z\",\"property\":\"\",\"dataset\":\"OpenStreetMap\"}]", "roof_material": "concrete", "roof_shape": "flat", "id": "31396332-6334-3161-B234-386638303339", "facade_color": "#9F8064", "version": 1, "height": 68}, "id": 15375934898786060000}, {"type": "Feature", "geometry": {"type": "Polygon", "coordinates": [[[-74.00756478309631, 40.74610275892482], [-74.00745213031769, 40.74605398930572], [-74.00741457939148, 40.74610682305811], [-74.0075272321701, 40.746151528508136], [-74.00756478309631, 40.74610275892482]]]}, "properties": {"is_underground": false, "@height_source": "OpenStreetMap", "building_id": "4a882ec3-a00a-4fec-9770-c98f16a0ea56", "sources": "[{\"license\":\"ODbL-1.0\",\"record_id\":\"w288603702@1\",\"update_time\":\"2014-06-18T08:40:55.000Z\",\"property\":\"\",\"dataset\":\"OpenStreetMap\"}]", "facade_color": "#666867", "version": 1, "@geometry_source": "OpenStreetMap", "facade_material": "plaster", "min_height": 75.7, "roof_material": "concrete", "roof_shape": "flat", "id": "63663339-3164-3564-B437-643539353037", "height": 78}, "id": 15377408201247803000}, {"type": "Feature", "geometry": {"type": "Polygon", "coordinates": [[[-74.00398671627045, 40.74384712661782], [-74.00403499603271, 40.743786162520735], [-74.00399208068848, 40.74376584114262], [-74.00394380092621, 40.74382680525832], [-74.00398671627045, 40.74384712661782]]]}, "properties": {"is_underground": false, "@height_source": "OpenStreetMap", "building_id": "3d6a0236-a758-452b-91a9-66c115244e13", "sources": "[{\"license\":\"ODbL-1.0\",\"record_id\":\"w288787464@1\",\"update_time\":\"2014-06-19T12:57:49.000Z\",\"property\":\"\",\"dataset\":\"OpenStreetMap\"}]", "facade_color": "#806F5C", "version": 1, "@geometry_source": "OpenStreetMap", "facade_material": "brick", "roof_material": "concrete", "roof_shape": "flat", "roof_color": "#2C3A3D", "id": "35326332-6534-3562-B230-363363363064", "height": 22}, "id": 15407000923124370000}, {"type": "Feature", "geometry": {"type": "Polygon", "coordinates": [[[-74.00458216667175, 40.7424896461589], [-74.00453925132751, 40.742550611444386], [-74.00458216667175, 40.74256686884439], [-74.00462508201599, 40.74250590357383], [-74.00458216667175, 40.7424896461589]]]}, "properties": {"is_underground": false, "@height_source": "OpenStreetMap", "building_id": "84b1c968-6d2a-4326-840a-3a31813fc3d5", "sources": "[{\"license\":\"ODbL-1.0\",\"record_id\":\"w288787460@1\",\"update_time\":\"2014-06-19T12:57:49.000Z\",\"property\":\"\",\"dataset\":\"OpenStreetMap\"}]", "facade_color": "#806F5C", "version": 1, "@geometry_source": "OpenStreetMap", "facade_material": "brick", "roof_material": "concrete", "roof_shape": "flat", "roof_color": "#2C3A3D", "id": "33633637-6135-3934-A338-646434323431", "height": 22}, "id": 15410813712113789000}, {"type": "Feature", "geometry": {"type": "Polygon", "coordinates": [[[-74.00414764881134, 40.74205882321553], [-74.00391697883606, 40.741961278010734], [-74.00390625, 40.74197347116919], [-74.00414228439331, 40.74206695197617], [-74.00414764881134, 40.74205882321553]]]}, "properties": {"is_underground": false, "@height_source": "OpenStreetMap", "building_id": "7e21060f-d4ae-4bc1-89f7-766cd0f965e8", "@geometry_source": "OpenStreetMap", "facade_material": "brick", "sources": "[{\"license\":\"ODbL-1.0\",\"record_id\":\"w288616079@3\",\"update_time\":\"2024-11-20T10:35:50.000Z\",\"property\":\"\",\"dataset\":\"OpenStreetMap\"}]", "roof_material": "concrete", "roof_shape": "flat", "id": "66363335-3661-3634-B966-366265373764", "facade_color": "#9F8064", "version": 1, "height": 71}, "id": 15479155866496135000}, {"type": "Feature", "geometry": {"type": "Polygon", "coordinates": [[[-74.00552093982697, 40.74230674996721], [-74.00520980358124, 40.74217262577366], [-74.00501132011414, 40.742440873890274], [-74.0053278207779, 40.74257499754293], [-74.00552093982697, 40.74230674996721]]]}, "properties": {"is_underground": false, "@height_source": "OpenStreetMap", "building_id": "51b23753-d363-4411-b658-ad8d554c151e", "@geometry_source": "OpenStreetMap", "facade_material": "brick", "sources": "[{\"license\":\"ODbL-1.0\",\"record_id\":\"w288757170@1\",\"update_time\":\"2014-12-15T15:03:08.000Z\",\"property\":\"\",\"dataset\":\"OpenStreetMap\"}]", "roof_shape": "flat", "roof_color": "#AFB29D", "id": "64623632-3266-3762-B763-626337343534", "facade_color": "#B79C89", "version": 1, "height": 28}, "id": 15675591453785002000}, {"type": "Feature", "geometry": {"type": "Polygon", "coordinates": [[[-74.00467872619629, 40.74360326989424], [-74.00459289550781, 40.743566691308615], [-74.00458753108978, 40.74357481988494], [-74.00467336177826, 40.7436113984661], [-74.00467872619629, 40.74360326989424]]]}, "properties": {"is_underground": false, "@height_source": "OpenStreetMap", "building_id": "be282fe3-9ad6-4f3c-a7df-efa7dddbf301", "sources": "[{\"license\":\"ODbL-1.0\",\"record_id\":\"w288786850@1\",\"update_time\":\"2014-06-19T12:51:56.000Z\",\"property\":\"\",\"dataset\":\"OpenStreetMap\"}]", "facade_color": "#495553", "version": 1, "@geometry_source": "OpenStreetMap", "facade_material": "glass", "roof_material": "concrete", "roof_shape": "flat", "roof_color": "#2C3A3D", "id": "38306431-3639-3037-B962-326164623061", "height": 71.8}, "id": 15749913147435633000}, {"type": "Feature", "geometry": {"type": "Polygon", "coordinates": [[[-74.00387942790985, 40.74335941227659], [-74.0039598941803, 40.74339599097624], [-74.00398135185242, 40.74336347657754], [-74.00390088558197, 40.743326897860044], [-74.00387942790985, 40.74335941227659]]]}, "properties": {"is_underground": false, "@height_source": "OpenStreetMap", "building_id": "d161d218-0f3c-4562-a4ae-8aee90495e6d", "sources": "[{\"license\":\"ODbL-1.0\",\"record_id\":\"w288787474@1\",\"update_time\":\"2014-06-19T12:57:50.000Z\",\"property\":\"\",\"dataset\":\"OpenStreetMap\"}]", "facade_color": "#806F5C", "version": 1, "@geometry_source": "OpenStreetMap", "facade_material": "brick", "roof_material": "concrete", "roof_shape": "flat", "roof_color": "#2C3A3D", "id": "39626439-6662-3637-A438-656262353361", "height": 22}, "id": 15820158773350363000}, {"type": "Feature", "geometry": {"type": "Polygon", "coordinates": [[[-74.00672793388367, 40.74291640198368], [-74.00679767131805, 40.74282698670427], [-74.00672793388367, 40.7427985363629], [-74.00675475597382, 40.74276195733469], [-74.00603592395782, 40.742465260029064], [-74.0059769153595, 40.74254248274286], [-74.00666356086731, 40.7428310510378], [-74.00663137435913, 40.74287575868976], [-74.00672793388367, 40.74291640198368]]]}, "properties": {"is_underground": false, "@height_source": "OpenStreetMap", "building_id": "51b23753-d363-4411-b658-ad8d554c151e", "@geometry_source": "OpenStreetMap", "facade_material": "brick", "sources": "[{\"license\":\"ODbL-1.0\",\"record_id\":\"w288757174@1\",\"update_time\":\"2014-12-15T15:03:07.000Z\",\"property\":\"\",\"dataset\":\"OpenStreetMap\"}]", "roof_shape": "flat", "roof_color": "#505B5F", "id": "63613565-3866-3731-B436-313331633064", "facade_color": "#B79C89", "version": 1, "height": 8}, "id": 15886155087127013000}, {"type": "Feature", "geometry": {"type": "Polygon", "coordinates": [[[-74.00669038295746, 40.74504201163907], [-74.00669574737549, 40.74503388324206], [-74.00668501853943, 40.74502981904317], [-74.0066796541214, 40.74503794744069], [-74.00669038295746, 40.74504201163907]]]}, "properties": {"is_underground": false, "@height_source": "OpenStreetMap", "building_id": "be183e1e-cce5-4552-a042-ecdfd42c9a74", "@geometry_source": "OpenStreetMap", "facade_material": "metal", "sources": "[{\"license\":\"ODbL-1.0\",\"record_id\":\"w288765521@1\",\"update_time\":\"2014-06-19T10:14:21.000Z\",\"property\":\"\",\"dataset\":\"OpenStreetMap\"}]", "id": "30303338-3035-3063-B131-383431323833", "facade_color": "#3D4647", "version": 1, "height": 5.5}, "id": 15900581705414476000}, {"type": "Feature", "geometry": {"type": "Polygon", "coordinates": [[[-74.00534927845001, 40.745493136115584], [-74.0053653717041, 40.74547687943084], [-74.00536000728607, 40.74546468691466], [-74.00533854961395, 40.74546062274209], [-74.00532245635986, 40.745468751086946], [-74.00532245635986, 40.74548500777371], [-74.00534927845001, 40.745493136115584]]]}, "properties": {"is_underground": false, "@height_source": "OpenStreetMap", "building_id": "046c286d-9d15-4aec-a794-28500f3e536c", "sources": "[{\"license\":\"ODbL-1.0\",\"record_id\":\"w324532451@1\",\"update_time\":\"2015-01-26T16:30:55.000Z\",\"property\":\"\",\"dataset\":\"OpenStreetMap\"}]", "facade_color": "#637069", "version": 1, "roof_height": 1, "@geometry_source": "OpenStreetMap", "min_height": 28.8, "roof_shape": "pyramidal", "roof_color": "#637069", "id": "37623235-3533-3531-A562-306630323234", "height": 33}, "id": 16014370918454300000}, {"type": "Feature", "geometry": {"type": "Polygon", "coordinates": [[[-74.00604128837585, 40.74342444106205], [-74.00588572025299, 40.74335941227659], [-74.00578916072845, 40.743497598369714], [-74.00593936443329, 40.743558562731266], [-74.00604128837585, 40.74342444106205]]]}, "properties": {"is_underground": false, "@height_source": "OpenStreetMap", "building_id": "273ebdbb-c1e2-43fd-aac0-a1dac499de79", "@geometry_source": "OpenStreetMap", "facade_material": "glass", "sources": "[{\"license\":\"ODbL-1.0\",\"record_id\":\"w288797004@1\",\"update_time\":\"2023-09-24T17:13:51.000Z\",\"property\":\"\",\"dataset\":\"OpenStreetMap\"}]", "roof_material": "concrete", "roof_shape": "flat", "id": "33303630-6434-3366-B034-646330343561", "facade_color": "#D2AF8F", "version": 1, "height": 33}, "id": 16076167933660029000}, {"type": "Feature", "geometry": {"type": "Polygon", "coordinates": [[[-74.00372922420502, 40.74366016987639], [-74.00368630886078, 40.74372113408896], [-74.00372922420502, 40.74373739120287], [-74.00377213954926, 40.7436764270052], [-74.00372922420502, 40.74366016987639]]]}, "properties": {"is_underground": false, "@height_source": "OpenStreetMap", "building_id": "3d6a0236-a758-452b-91a9-66c115244e13", "sources": "[{\"license\":\"ODbL-1.0\",\"record_id\":\"w288787470@1\",\"update_time\":\"2014-06-19T12:57:50.000Z\",\"property\":\"\",\"dataset\":\"OpenStreetMap\"}]", "facade_color": "#806F5C", "version": 1, "@geometry_source": "OpenStreetMap", "facade_material": "brick", "roof_material": "concrete", "roof_shape": "flat", "roof_color": "#2C3A3D", "id": "66636437-6634-3365-B439-383633316336", "height": 22}, "id": 16086443729042737000}, {"type": "Feature", "geometry": {"type": "Polygon", "coordinates": [[[-74.00661528110504, 40.74342850535905], [-74.00666356086731, 40.74336754087824], [-74.0065723657608, 40.743326897860044], [-74.00652408599854, 40.74338786237806], [-74.00661528110504, 40.74342850535905]]]}, "properties": {"is_underground": false, "@height_source": "OpenStreetMap", "building_id": "273ebdbb-c1e2-43fd-aac0-a1dac499de79", "@geometry_source": "OpenStreetMap", "min_height": 30, "sources": "[{\"license\":\"ODbL-1.0\",\"record_id\":\"w288796989@2\",\"update_time\":\"2015-01-21T13:05:25.000Z\",\"property\":\"\",\"dataset\":\"OpenStreetMap\"}]", "roof_material": "concrete", "roof_shape": "flat", "id": "38663133-6330-3339-A635-323338343438", "facade_color": "#BEBFAF", "version": 1, "height": 35}, "id": 16241447681431937000}, {"type": "Feature", "geometry": {"type": "Polygon", "coordinates": [[[-74.00545656681061, 40.74546062274209], [-74.00539755821228, 40.745545970313515], [-74.00530099868774, 40.74550532862651], [-74.00526344776154, 40.745550034480885], [-74.00540828704834, 40.74561099696109], [-74.00553703308105, 40.74543217352729], [-74.00541365146637, 40.74537933923892], [-74.00537610054016, 40.74542810935276], [-74.00545656681061, 40.74546062274209]]]}, "properties": {"is_underground": false, "@height_source": "OpenStreetMap", "building_id": "046c286d-9d15-4aec-a794-28500f3e536c", "@geometry_source": "OpenStreetMap", "min_height": 21, "sources": "[{\"license\":\"ODbL-1.0\",\"record_id\":\"w324532464@1\",\"update_time\":\"2015-01-26T16:30:55.000Z\",\"property\":\"\",\"dataset\":\"OpenStreetMap\"}]", "roof_material": "concrete", "roof_shape": "flat", "id": "66373964-6635-3331-B137-303731656361", "facade_color": "#D4CBBA", "version": 1, "height": 24.5}, "id": 16245040745832638000}, {"type": "Feature", "geometry": {"type": "Polygon", "coordinates": [[[-74.00616466999054, 40.74228236377033], [-74.00603592395782, 40.742465260029064], [-74.00675475597382, 40.74276195733469], [-74.00688350200653, 40.74258312624045], [-74.00616466999054, 40.74228236377033]]]}, "properties": {"is_underground": false, "@height_source": "OpenStreetMap", "building_id": "51b23753-d363-4411-b658-ad8d554c151e", "@geometry_source": "OpenStreetMap", "facade_material": "brick", "sources": "[{\"license\":\"ODbL-1.0\",\"record_id\":\"w288756310@1\",\"update_time\":\"2014-12-15T15:03:07.000Z\",\"property\":\"\",\"dataset\":\"OpenStreetMap\"}]", "roof_shape": "flat", "roof_color": "#505B5F", "id": "30353131-6463-3139-B939-303136663163", "facade_color": "#B79C89", "version": 1, "height": 23}, "id": 16307336426349439000}, {"type": "Feature", "geometry": {"type": "Polygon", "coordinates": [[[-74.00722146034241, 40.74562318945047], [-74.00730192661285, 40.74550939279632], [-74.0069854259491, 40.74537933923892], [-74.00690495967865, 40.745489071944746], [-74.00722146034241, 40.74562318945047]]]}, "properties": {"is_underground": false, "@height_source": "OpenStreetMap", "building_id": "94e0862f-d2b1-4675-b8cc-9dac14747f5f", "@geometry_source": "OpenStreetMap", "sources": "[{\"license\":\"ODbL-1.0\",\"record_id\":\"w323407708@2\",\"update_time\":\"2015-01-22T11:16:43.000Z\",\"property\":\"\",\"dataset\":\"OpenStreetMap\"}]", "roof_material": "concrete", "roof_shape": "flat", "num_floors": 9, "id": "66623661-6630-3463-A665-636539326466", "facade_color": "#657A8B", "version": 1, "height": 37.2}, "id": 16370732330958051000}, {"type": "Feature", "geometry": {"type": "Polygon", "coordinates": [[[-74.006427526474, 40.74373332692474], [-74.00595545768738, 40.74353824128363], [-74.00593936443329, 40.743558562731266], [-74.00641143321991, 40.743757712589655], [-74.006427526474, 40.74373332692474]]]}, "properties": {"is_underground": false, "@height_source": "OpenStreetMap", "building_id": "273ebdbb-c1e2-43fd-aac0-a1dac499de79", "@geometry_source": "OpenStreetMap", "facade_material": "glass", "sources": "[{\"license\":\"ODbL-1.0\",\"record_id\":\"w288796987@1\",\"update_time\":\"2014-06-19T14:14:32.000Z\",\"property\":\"\",\"dataset\":\"OpenStreetMap\"}]", "roof_material": "concrete", "roof_shape": "flat", "id": "38393163-3137-3838-A333-346432346637", "facade_color": "#B1AFA2", "version": 1, "height": 74}, "id": 16380356577410767000}, {"type": "Feature", "geometry": {"type": "Polygon", "coordinates": [[[-74.00367558002472, 40.74365610559357], [-74.00365948677063, 40.74368455556811], [-74.00370240211487, 40.743700812690975], [-74.00371849536896, 40.7436764270052], [-74.00367558002472, 40.74365610559357]]]}, "properties": {"is_underground": false, "@height_source": "OpenStreetMap", "building_id": "3d6a0236-a758-452b-91a9-66c115244e13", "sources": "[{\"license\":\"ODbL-1.0\",\"record_id\":\"w288787454@1\",\"update_time\":\"2014-06-19T12:57:48.000Z\",\"property\":\"\",\"dataset\":\"OpenStreetMap\"}]", "facade_color": "#806F5C", "version": 1, "@geometry_source": "OpenStreetMap", "facade_material": "brick", "roof_material": "concrete", "roof_shape": "flat", "roof_color": "#2C3A3D", "id": "65616430-3737-3133-B933-633261643437", "height": 21}, "id": 16597961700631886000}, {"type": "Feature", "geometry": {"type": "Polygon", "coordinates": [[[-74.00760233402252, 40.742684734875695], [-74.00760769844055, 40.74267660619057], [-74.00759696960449, 40.74267254184767], [-74.00759160518646, 40.742680670533275], [-74.00760233402252, 40.742684734875695]]]}, "properties": {"is_underground": false, "@height_source": "OpenStreetMap", "building_id": "bb6e71fe-bd60-46c0-85e4-0d0d8999f086", "@geometry_source": "OpenStreetMap", "facade_material": "metal", "sources": "[{\"license\":\"ODbL-1.0\",\"record_id\":\"w288600491@2\",\"update_time\":\"2015-01-26T15:35:38.000Z\",\"property\":\"\",\"dataset\":\"OpenStreetMap\"}]", "id": "63353061-3764-3334-B438-373564623263", "facade_color": "#3D4647", "version": 1, "height": 5.5}, "id": 16649280937473352000}, {"type": "Feature", "geometry": {"type": "Polygon", "coordinates": [[[-74.00777399539948, 40.74637911942415], [-74.00776326656342, 40.746358798838315], [-74.0077954530716, 40.74618810567216], [-74.00778472423553, 40.74617184915732], [-74.00774717330933, 40.74613527198434], [-74.00746822357178, 40.746017412067914], [-74.00745749473572, 40.74600521965084], [-74.00739312171936, 40.74609463065747], [-74.00757551193237, 40.74617184915732], [-74.00770425796509, 40.7463059652861], [-74.00768280029297, 40.74634254236517], [-74.00777399539948, 40.74637911942415]]]}, "properties": {"is_underground": false, "@height_source": "OpenStreetMap", "building_id": "4a882ec3-a00a-4fec-9770-c98f16a0ea56", "@geometry_source": "OpenStreetMap", "facade_material": "plaster", "sources": "[{\"license\":\"ODbL-1.0\",\"record_id\":\"w288603701@2\",\"update_time\":\"2015-01-27T09:47:14.000Z\",\"property\":\"\",\"dataset\":\"OpenStreetMap\"}]", "roof_material": "concrete", "roof_shape": "flat", "id": "32363338-3164-3165-A332-323332353432", "facade_color": "#666867", "version": 1, "height": 75.7}, "id": 16719403624256618000}, {"type": "Feature", "geometry": {"type": "Polygon", "coordinates": [[[-74.00387942790985, 40.74340411957343], [-74.00391161441803, 40.74341631246736], [-74.00393843650818, 40.74338379807861], [-74.00390088558197, 40.74337160517874], [-74.00387942790985, 40.74340411957343]]]}, "properties": {"is_underground": false, "@height_source": "OpenStreetMap", "building_id": "d161d218-0f3c-4562-a4ae-8aee90495e6d", "sources": "[{\"license\":\"ODbL-1.0\",\"record_id\":\"w288787439@1\",\"update_time\":\"2014-06-19T12:57:47.000Z\",\"property\":\"\",\"dataset\":\"OpenStreetMap\"}]", "facade_color": "#806F5C", "version": 1, "@geometry_source": "OpenStreetMap", "facade_material": "brick", "roof_material": "concrete", "roof_shape": "flat", "roof_color": "#2C3A3D", "id": "33666437-3865-3166-A163-336334393836", "height": 21}, "id": 16768676860568543000}, {"type": "Feature", "geometry": {"type": "Polygon", "coordinates": [[[-74.00371849536896, 40.742570933193775], [-74.00399208068848, 40.74219701201082], [-74.00390088558197, 40.74216043265176], [-74.00363266468048, 40.74253435404037], [-74.00371849536896, 40.742570933193775]]]}, "properties": {"is_underground": false, "@height_source": "OpenStreetMap", "building_id": "7d5c3c92-298d-47ab-8712-f24195ea48a3", "@geometry_source": "OpenStreetMap", "min_height": 47, "sources": "[{\"license\":\"ODbL-1.0\",\"record_id\":\"w294194767@1\",\"update_time\":\"2023-09-14T14:43:27.000Z\",\"property\":\"\",\"dataset\":\"OpenStreetMap\"}]", "roof_material": "concrete", "roof_shape": "flat", "id": "30356562-6664-3431-A632-393166663830", "facade_color": "#C8C2A8", "version": 1, "height": 50.8}, "id": 16771733962438312000}, {"type": "Feature", "geometry": {"type": "Polygon", "coordinates": [[[-74.00358438491821, 40.74225391319598], [-74.0037077665329, 40.74207914511521], [-74.0035629272461, 40.742018179397604], [-74.0035629272461, 40.74224578445822], [-74.00358438491821, 40.74225391319598]]]}, "properties": {"is_underground": false, "@height_source": "OpenStreetMap", "building_id": "8cd993e0-995a-41b8-8886-58185d35ca16", "@geometry_source": "OpenStreetMap", "facade_material": "metal", "sources": "[{\"license\":\"ODbL-1.0\",\"record_id\":\"w294806640@1\",\"update_time\":\"2014-07-28T11:07:40.000Z\",\"property\":\"\",\"dataset\":\"OpenStreetMap\"}]", "roof_material": "concrete", "roof_shape": "flat", "id": "39666265-3937-3237-A665-363639343361", "facade_color": "#999A9C", "version": 1, "height": 27}, "id": 16870678488898042000}, {"type": "Feature", "geometry": {"type": "Polygon", "coordinates": [[[-74.00514543056488, 40.746651414675284], [-74.00520443916321, 40.74657013262748], [-74.00519907474518, 40.74657013262748], [-74.00514006614685, 40.746647350575216], [-74.00514543056488, 40.746651414675284]]]}, "properties": {"is_underground": false, "@height_source": "OpenStreetMap", "building_id": "1ea1c1f3-2de4-40d7-ab55-66d448010c9a", "sources": "[{\"license\":\"ODbL-1.0\",\"record_id\":\"w288769130@1\",\"update_time\":\"2014-06-19T10:38:41.000Z\",\"property\":\"\",\"dataset\":\"OpenStreetMap\"}]", "facade_color": "#664337", "version": 1, "roof_height": 4, "roof_orientation": "across", "@geometry_source": "OpenStreetMap", "facade_material": "brick", "roof_material": "roof_tiles", "roof_shape": "gabled", "roof_color": "#A98673", "id": "38326464-3165-3063-A266-656465633333", "height": 16}, "id": 17150799483246733000}, {"type": "Feature", "geometry": {"type": "Polygon", "coordinates": [[[-74.00657773017883, 40.745204579370665], [-74.00658309459686, 40.74519645099352], [-74.0065723657608, 40.745192386804575], [-74.00656700134277, 40.745200515182205], [-74.00657773017883, 40.745204579370665]]]}, "properties": {"is_underground": false, "@height_source": "OpenStreetMap", "building_id": "be183e1e-cce5-4552-a042-ecdfd42c9a74", "@geometry_source": "OpenStreetMap", "facade_material": "metal", "sources": "[{\"license\":\"ODbL-1.0\",\"record_id\":\"w288765510@1\",\"update_time\":\"2014-06-19T10:14:20.000Z\",\"property\":\"\",\"dataset\":\"OpenStreetMap\"}]", "id": "38663733-3235-3962-A562-353439353566", "facade_color": "#3D4647", "version": 1, "height": 5.5}, "id": 17264836118156860000}, {"type": "Feature", "geometry": {"type": "Polygon", "coordinates": [[[-74.0066796541214, 40.745915808524074], [-74.00661528110504, 40.74589142365045], [-74.00659918785095, 40.74590768023384], [-74.00666356086731, 40.74593612924525], [-74.0066796541214, 40.745915808524074]]]}, "properties": {"is_underground": false, "@height_source": "OpenStreetMap", "building_id": "4e2f55a8-eedf-4cf9-93b8-828c3009f63b", "sources": "[{\"license\":\"ODbL-1.0\",\"record_id\":\"w323617504@2\",\"update_time\":\"2015-01-22T11:29:24.000Z\",\"property\":\"\",\"dataset\":\"OpenStreetMap\"}]", "facade_color": "#A48A6F", "version": 1, "@geometry_source": "OpenStreetMap", "facade_material": "brick", "min_height": 19.4, "roof_material": "concrete", "roof_shape": "flat", "roof_color": "#454E53", "id": "62623538-3034-3539-B337-623035323935", "height": 21.5}, "id": 17302509754767727000}, {"type": "Feature", "geometry": {"type": "Polygon", "coordinates": [[[-74.00412619113922, 40.743123682396316], [-74.00409400463104, 40.74310742513239], [-74.00407254695892, 40.74313993965626], [-74.0041047334671, 40.743156196912224], [-74.00412619113922, 40.743123682396316]]]}, "properties": {"is_underground": false, "@height_source": "OpenStreetMap", "building_id": "d161d218-0f3c-4562-a4ae-8aee90495e6d", "sources": "[{\"license\":\"ODbL-1.0\",\"record_id\":\"w288787444@1\",\"update_time\":\"2014-06-19T12:57:47.000Z\",\"property\":\"\",\"dataset\":\"OpenStreetMap\"}]", "facade_color": "#806F5C", "version": 1, "@geometry_source": "OpenStreetMap", "facade_material": "brick", "roof_material": "concrete", "roof_shape": "flat", "roof_color": "#2C3A3D", "id": "38303339-3738-3838-B437-303234303262", "height": 21}, "id": 17337924483726524000}, {"type": "Feature", "geometry": {"type": "Polygon", "coordinates": [[[-74.00747358798981, 40.74263189840474], [-74.00747895240784, 40.74261970536702], [-74.00746822357178, 40.74261564102062], [-74.00746285915375, 40.74262376971316], [-74.00747358798981, 40.74263189840474]]]}, "properties": {"is_underground": false, "@height_source": "OpenStreetMap", "building_id": "bb6e71fe-bd60-46c0-85e4-0d0d8999f086", "@geometry_source": "OpenStreetMap", "facade_material": "metal", "sources": "[{\"license\":\"ODbL-1.0\",\"record_id\":\"w288600467@2\",\"update_time\":\"2015-01-26T15:35:38.000Z\",\"property\":\"\",\"dataset\":\"OpenStreetMap\"}]", "id": "33313635-3261-3462-B833-653135323364", "facade_color": "#3D4647", "version": 1, "height": 5.5}, "id": 17360023882551370000}, {"type": "Feature", "geometry": {"type": "Polygon", "coordinates": [[[-74.00688350200653, 40.745237092869274], [-74.0067708492279, 40.745192386804575], [-74.00660455226898, 40.745411852652126], [-74.00672256946564, 40.74546062274209], [-74.00688350200653, 40.745237092869274]]]}, "properties": {"is_underground": false, "building_id": "be183e1e-cce5-4552-a042-ecdfd42c9a74", "@geometry_source": "OpenStreetMap", "facade_material": "brick", "sources": "[{\"license\":\"ODbL-1.0\",\"record_id\":\"w264627628@5\",\"update_time\":\"2023-02-19T03:58:14.000Z\",\"property\":\"\",\"dataset\":\"OpenStreetMap\"}]", "roof_material": "concrete", "roof_shape": "flat", "num_floors": 10, "roof_color": "#DAD7D2", "id": "38326236-3537-3439-B061-356638656332", "facade_color": "#BFBA9D", "version": 1}, "id": 17387648062668696000}, {"type": "Feature", "geometry": {"type": "Polygon", "coordinates": [[[-74.00666356086731, 40.743745519758306], [-74.00675475597382, 40.743647977027166], [-74.0067708492279, 40.74359107703461], [-74.00674939155579, 40.743578884172706], [-74.00676012039185, 40.743558562731266], [-74.00670111179352, 40.74353824128363], [-74.00657773017883, 40.74371300553051], [-74.00666356086731, 40.743745519758306]]]}, "properties": {"is_underground": false, "@height_source": "OpenStreetMap", "building_id": "273ebdbb-c1e2-43fd-aac0-a1dac499de79", "@geometry_source": "OpenStreetMap", "min_height": 35, "sources": "[{\"license\":\"ODbL-1.0\",\"record_id\":\"w288797007@2\",\"update_time\":\"2015-01-21T13:05:25.000Z\",\"property\":\"\",\"dataset\":\"OpenStreetMap\"}]", "roof_material": "concrete", "roof_shape": "flat", "id": "61626239-3831-3835-A234-333661653439", "facade_color": "#BEBFAF", "version": 1, "height": 38}, "id": 17465784292066097000}, {"type": "Feature", "geometry": {"type": "Polygon", "coordinates": [[[-74.00760769844055, 40.74631002940697], [-74.00765061378479, 40.746249067567504], [-74.00757551193237, 40.74617184915732], [-74.00739312171936, 40.74609463065747], [-74.00732338428497, 40.74618810567216], [-74.00760769844055, 40.74631002940697]]]}, "properties": {"is_underground": false, "@height_source": "OpenStreetMap", "building_id": "4a882ec3-a00a-4fec-9770-c98f16a0ea56", "@geometry_source": "OpenStreetMap", "facade_material": "plaster", "sources": "[{\"license\":\"ODbL-1.0\",\"record_id\":\"w288603707@2\",\"update_time\":\"2015-01-27T09:47:14.000Z\",\"property\":\"\",\"dataset\":\"OpenStreetMap\"}]", "roof_material": "concrete", "roof_shape": "flat", "id": "32393465-6566-3133-B437-323166326534", "facade_color": "#666867", "version": 1, "height": 10}, "id": 17477616077350330000}, {"type": "Feature", "geometry": {"type": "Polygon", "coordinates": [[[-74.00529563426971, 40.74323341882382], [-74.00527954101562, 40.743261868979204], [-74.00532245635986, 40.74327812620538], [-74.00533854961395, 40.743253740364594], [-74.00529563426971, 40.74323341882382]]]}, "properties": {"is_underground": false, "@height_source": "OpenStreetMap", "building_id": "6ca85b66-d0cf-4550-a2ee-571e11e7e92b", "sources": "[{\"license\":\"ODbL-1.0\",\"record_id\":\"w288787453@1\",\"update_time\":\"2014-06-19T12:57:48.000Z\",\"property\":\"\",\"dataset\":\"OpenStreetMap\"}]", "facade_color": "#806F5C", "version": 1, "@geometry_source": "OpenStreetMap", "facade_material": "brick", "roof_material": "concrete", "roof_shape": "flat", "roof_color": "#2C3A3D", "id": "64346534-3235-3239-B532-656661383732", "height": 21}, "id": 17493772622505050000}, {"type": "Feature", "geometry": {"type": "Polygon", "coordinates": [[[-74.00512397289276, 40.74300581714286], [-74.005166888237, 40.74294891660094], [-74.0050595998764, 40.74290420899811], [-74.00501668453217, 40.74296110957829], [-74.00512397289276, 40.74300581714286]]]}, "properties": {"is_underground": false, "@height_source": "OpenStreetMap", "building_id": "23e5591d-15b7-4ae5-8b4a-b9f59e05e9de", "sources": "[{\"license\":\"ODbL-1.0\",\"record_id\":\"w288784613@1\",\"update_time\":\"2014-06-19T12:36:08.000Z\",\"property\":\"\",\"dataset\":\"OpenStreetMap\"}]", "facade_color": "#806F5C", "version": 1, "@geometry_source": "OpenStreetMap", "facade_material": "brick", "roof_material": "concrete", "roof_shape": "flat", "roof_color": "#2C3A3D", "id": "63383637-3134-3435-B934-643736343531", "height": 77}, "id": 17563751974295247000}, {"type": "Feature", "geometry": {"type": "Polygon", "coordinates": [[[-74.00398135185242, 40.74221733386824], [-74.00389015674591, 40.74217669014715], [-74.00364339351654, 40.74251809663238], [-74.00373458862305, 40.742554675794736], [-74.00398135185242, 40.74221733386824]]]}, "properties": {"is_underground": false, "@height_source": "OpenStreetMap", "building_id": "7d5c3c92-298d-47ab-8712-f24195ea48a3", "@geometry_source": "OpenStreetMap", "sources": "[{\"license\":\"ODbL-1.0\",\"record_id\":\"w294194766@2\",\"update_time\":\"2014-07-24T14:43:17.000Z\",\"property\":\"\",\"dataset\":\"OpenStreetMap\"}]", "num_floors": 12, "id": "39333264-6537-3639-B230-303837383764", "facade_color": "#FFFFFF", "version": 1, "height": 47}, "id": 17644496378997664000}, {"type": "Feature", "geometry": {"type": "Polygon", "coordinates": [[[-74.00391697883606, 40.741961278010734], [-74.00414764881134, 40.74205882321553], [-74.00417983531952, 40.74201411501443], [-74.00425493717194, 40.742046630072764], [-74.00429248809814, 40.741993793094906], [-74.00435149669647, 40.742018179397604], [-74.00454998016357, 40.74174180077691], [-74.00449097156525, 40.74171334997132], [-74.00453388690948, 40.74166051272874], [-74.00445878505707, 40.74162799748166], [-74.00449097156525, 40.74158735340043], [-74.00426030158997, 40.741489807504195], [-74.00422811508179, 40.741534516057726], [-74.00415301322937, 40.74150200074905], [-74.00414228439331, 40.74151825840539], [-74.0040671825409, 40.74148574308876], [-74.00405645370483, 40.74150200074905], [-74.00395452976227, 40.741510129577705], [-74.00377213954926, 40.741758058374586], [-74.0038150548935, 40.74182715312057], [-74.00380969047546, 40.74184341069741], [-74.00388479232788, 40.74187186144732], [-74.00387406349182, 40.741888119013254], [-74.00394916534424, 40.74191656974406], [-74.00391697883606, 40.741961278010734]]]}, "properties": {"is_underground": false, "@height_source": "OpenStreetMap", "building_id": "7e21060f-d4ae-4bc1-89f7-766cd0f965e8", "@geometry_source": "OpenStreetMap", "facade_material": "brick", "sources": "[{\"license\":\"ODbL-1.0\",\"record_id\":\"w288616076@2\",\"update_time\":\"2022-04-28T17:53:11.000Z\",\"property\":\"\",\"dataset\":\"OpenStreetMap\"}]", "roof_material": "concrete", "roof_shape": "flat", "id": "34623137-3966-3639-A561-346238633662", "facade_color": "#9F8064", "version": 1, "height": 74}, "id": 17777069812694825000}, {"type": "Feature", "geometry": {"type": "Polygon", "coordinates": [[[-74.00457680225372, 40.74257499754293], [-74.00479137897491, 40.742664413161066], [-74.00477528572083, 40.742684734875695], [-74.00492012500763, 40.742741635643625], [-74.00500059127808, 40.74263189840474], [-74.0048611164093, 40.742570933193775], [-74.00484502315521, 40.74258719058881], [-74.00463044643402, 40.74249777486685], [-74.00464653968811, 40.74248151744993], [-74.0045017004013, 40.74242055210115], [-74.00442123413086, 40.74253435404037], [-74.00456070899963, 40.74259125493697], [-74.00457680225372, 40.74257499754293]]]}, "properties": {"is_underground": false, "@height_source": "OpenStreetMap", "building_id": "84b1c968-6d2a-4326-840a-3a31813fc3d5", "sources": "[{\"license\":\"ODbL-1.0\",\"record_id\":\"w264625642@3\",\"update_time\":\"2023-09-14T14:46:25.000Z\",\"property\":\"\",\"dataset\":\"OpenStreetMap\"}]", "facade_color": "#806F5C", "version": 1, "@geometry_source": "OpenStreetMap", "facade_material": "brick", "roof_material": "concrete", "roof_shape": "flat", "roof_color": "#2C3A3D", "id": "33343434-3735-3166-B038-323938376335", "height": 19}, "id": 17847359349717623000}, {"type": "Feature", "geometry": {"type": "Polygon", "coordinates": [[[-74.00655090808868, 40.74586297461991], [-74.00658845901489, 40.74581014067377], [-74.00641143321991, 40.74573698590984], [-74.0065348148346, 40.745570355313816], [-74.0063202381134, 40.74548500777371], [-74.00616466999054, 40.745696344339564], [-74.00655090808868, 40.74586297461991]]]}, "properties": {"is_underground": false, "@height_source": "OpenStreetMap", "building_id": "60324b1c-482d-4a54-be91-26ef8d94f666", "@geometry_source": "OpenStreetMap", "sources": "[{\"license\":\"ODbL-1.0\",\"record_id\":\"w399238432@1\",\"update_time\":\"2016-02-22T13:51:20.000Z\",\"property\":\"\",\"dataset\":\"OpenStreetMap\"}]", "id": "62336266-3366-3435-A466-323533396633", "version": 1, "height": 5.5}, "id": 17884957423083629000}, {"type": "Feature", "geometry": {"type": "Polygon", "coordinates": [[[-74.00417983531952, 40.744143817759124], [-74.00426030158997, 40.74403408283371], [-74.00405645370483, 40.74394873332207], [-74.00403499603271, 40.74397718317147], [-74.00402963161469, 40.743973118908], [-74.00403499603271, 40.743981247434675], [-74.00400280952454, 40.744025954313486], [-74.00399208068848, 40.744025954313486], [-74.0039974451065, 40.74403001857371], [-74.00397598743439, 40.74405846838832], [-74.00417983531952, 40.744143817759124]]]}, "properties": {"is_underground": false, "@height_source": "OpenStreetMap", "building_id": "5a037889-0f90-4982-ac3b-7fe7ca2277cb", "sources": "[{\"license\":\"ODbL-1.0\",\"record_id\":\"w288786840@1\",\"update_time\":\"2014-06-19T12:51:54.000Z\",\"property\":\"\",\"dataset\":\"OpenStreetMap\"}]", "facade_color": "#806F5C", "version": 1, "@geometry_source": "OpenStreetMap", "facade_material": "brick", "roof_material": "concrete", "roof_shape": "flat", "roof_color": "#2C3A3D", "id": "66636666-3138-3662-B939-393337626436", "height": 71.8}, "id": 17960344349962953000}, {"type": "Feature", "geometry": {"type": "Polygon", "coordinates": [[[-74.0076345205307, 40.746956221469645], [-74.00765061378479, 40.74693590106014], [-74.00766134262085, 40.746870875708055], [-74.00762915611267, 40.74685868344744], [-74.0076345205307, 40.74683023483067], [-74.00748431682587, 40.74676927346809], [-74.00750041007996, 40.746748953001486], [-74.00745213031769, 40.74672863252863], [-74.00739312171936, 40.74680991438268], [-74.00740921497345, 40.7468139784728], [-74.00737166404724, 40.74686274753455], [-74.00735557079315, 40.74685868344744], [-74.00730729103088, 40.746923708811465], [-74.00741457939148, 40.746964349631696], [-74.00746822357178, 40.74688713205205], [-74.0076345205307, 40.746956221469645]]]}, "properties": {"is_underground": false, "@height_source": "OpenStreetMap", "building_id": "1c499615-c809-4606-a6e8-bddd5a206230", "sources": "[{\"license\":\"ODbL-1.0\",\"record_id\":\"w324707932@1\",\"update_time\":\"2015-01-27T09:23:42.000Z\",\"property\":\"\",\"dataset\":\"OpenStreetMap\"}]", "facade_color": "#FFFFFF", "version": 1, "@geometry_source": "OpenStreetMap", "min_height": 19.6, "roof_material": "concrete", "roof_shape": "flat", "roof_color": "#193149", "id": "31363338-3039-3034-A630-623537623933", "height": 25}, "id": 17973245514689724000}, {"type": "Feature", "geometry": {"type": "Polygon", "coordinates": [[[-74.00665283203125, 40.745237092869274], [-74.00666356086731, 40.745228964496135], [-74.00665283203125, 40.74522083612197], [-74.00664210319519, 40.74523302868283], [-74.00665283203125, 40.745237092869274]]]}, "properties": {"is_underground": false, "@height_source": "OpenStreetMap", "building_id": "be183e1e-cce5-4552-a042-ecdfd42c9a74", "@geometry_source": "OpenStreetMap", "facade_material": "metal", "sources": "[{\"license\":\"ODbL-1.0\",\"record_id\":\"w288765506@1\",\"update_time\":\"2014-06-19T10:14:20.000Z\",\"property\":\"\",\"dataset\":\"OpenStreetMap\"}]", "id": "38613432-3261-3163-A563-383436353238", "facade_color": "#3D4647", "version": 1, "height": 5.5}, "id": 18099925022825992000}, {"type": "Feature", "geometry": {"type": "Polygon", "coordinates": [[[-74.0043032169342, 40.7441316249986], [-74.0042120218277, 40.74409098244726], [-74.00418519973755, 40.744135689252346], [-74.00427103042603, 40.74417226752507], [-74.0043032169342, 40.7441316249986]]]}, "properties": {"is_underground": false, "@height_source": "OpenStreetMap", "building_id": "5a037889-0f90-4982-ac3b-7fe7ca2277cb", "@geometry_source": "OpenStreetMap", "sources": "[{\"license\":\"ODbL-1.0\",\"record_id\":\"w288786846@2\",\"update_time\":\"2016-12-15T11:33:53.000Z\",\"property\":\"\",\"dataset\":\"OpenStreetMap\"}]", "roof_material": "concrete", "roof_shape": "flat", "roof_color": "#2C3A3D", "id": "37343861-3863-3530-A439-643037653233", "facade_color": "#C7C8CA", "version": 1, "height": 71.8}, "id": 18295514753358758000}, {"type": "Feature", "geometry": {"type": "Polygon", "coordinates": [[[-74.00700151920319, 40.746346606483826], [-74.00706052780151, 40.7462612599399], [-74.00701224803925, 40.74624093931803], [-74.00695323944092, 40.74632222176817], [-74.00700151920319, 40.746346606483826]]]}, "properties": {"is_underground": false, "@height_source": "OpenStreetMap", "building_id": "4e2f55a8-eedf-4cf9-93b8-828c3009f63b", "sources": "[{\"license\":\"ODbL-1.0\",\"record_id\":\"w323617505@2\",\"update_time\":\"2015-01-22T11:29:25.000Z\",\"property\":\"\",\"dataset\":\"OpenStreetMap\"}]", "facade_color": "#A48A6F", "version": 1, "@geometry_source": "OpenStreetMap", "facade_material": "brick", "min_height": 19.4, "roof_material": "concrete", "roof_shape": "flat", "roof_color": "#454E53", "id": "63366538-3736-3634-A163-393335396363", "height": 22}, "id": 18303385211367178000}, {"type": "Feature", "geometry": {"type": "Polygon", "coordinates": [[[-74.00171220302582, 40.74567602354509], [-74.00177121162415, 40.74559880446952], [-74.00174975395203, 40.74558661197574], [-74.00185704231262, 40.74544030187562], [-74.00184094905853, 40.74543623770157], [-74.00173366069794, 40.74559067614055], [-74.00175511837006, 40.745602868633625], [-74.00170147418976, 40.74567602354509], [-74.00171220302582, 40.74567602354509]]]}, "properties": {"is_underground": false, "@height_source": "OpenStreetMap", "building_id": "ccf66c56-83c3-4db8-a313-6abb16dc385c", "@geometry_source": "OpenStreetMap", "sources": "[{\"license\":\"ODbL-1.0\",\"record_id\":\"w288778590@1\",\"update_time\":\"2014-06-19T11:48:19.000Z\",\"property\":\"\",\"dataset\":\"OpenStreetMap\"}]", "roof_material": "concrete", "roof_shape": "flat", "roof_color": "#2E344C", "id": "63393030-6164-3837-B330-366366653637", "facade_color": "#F9FBF6", "version": 1, "height": 47}, "id": 402325208424891000}, {"type": "Feature", "geometry": {"type": "Polygon", "coordinates": [[[-74.00164783000946, 40.7468139784728], [-74.00165319442749, 40.74680585029236], [-74.0015298128128, 40.746748953001486], [-74.00151908397675, 40.74676114528219], [-74.00164783000946, 40.7468139784728]]]}, "properties": {"is_underground": false, "@height_source": "OpenStreetMap", "building_id": "25d032d0-78c4-407a-9a97-0d5533855e3d", "sources": "[{\"license\":\"ODbL-1.0\",\"record_id\":\"w324859928@1\",\"update_time\":\"2015-01-27T20:30:10.000Z\",\"property\":\"\",\"dataset\":\"OpenStreetMap\"}]", "facade_color": "#9C8272", "version": 1, "@geometry_source": "OpenStreetMap", "facade_material": "brick", "min_height": 45, "roof_material": "concrete", "roof_shape": "flat", "num_floors": 18, "id": "61393737-3536-3633-B734-323032346630", "height": 54}, "id": 419208155759470850}, {"type": "Feature", "geometry": {"type": "Polygon", "coordinates": [[[-73.99740993976593, 40.742249848827214], [-73.99744749069214, 40.7422010763828], [-73.99737775325775, 40.74217262577366], [-73.99735629558563, 40.7422010763828], [-73.99740993976593, 40.7422254626095], [-73.99739384651184, 40.74224578445822], [-73.99740993976593, 40.742249848827214]]]}, "properties": {"is_underground": false, "@height_source": "OpenStreetMap", "building_id": "173284e4-8a2c-4861-90df-e1daf9928fb7", "sources": "[{\"license\":\"ODbL-1.0\",\"record_id\":\"w380773792@1\",\"update_time\":\"2015-11-17T13:19:38.000Z\",\"property\":\"\",\"dataset\":\"OpenStreetMap\"}]", "facade_color": "#CFCAB7", "version": 1, "@geometry_source": "OpenStreetMap", "facade_material": "brick", "min_height": 46.6, "roof_material": "concrete", "roof_shape": "flat", "roof_color": "#AEA89A", "id": "39396431-3132-3563-B830-636366613039", "height": 50}, "id": 667051988054209200}, {"type": "Feature", "geometry": {"type": "Polygon", "coordinates": [[[-73.99757087230682, 40.74208320949438], [-73.99737775325775, 40.74200192186345], [-73.99721682071686, 40.742221398238996], [-73.99759232997894, 40.74237990850426], [-73.99766206741333, 40.74228236377033], [-73.99764597415924, 40.742278299403296], [-73.99768352508545, 40.74222952697971], [-73.99757623672485, 40.74218481889335], [-73.99757087230682, 40.74219294763856], [-73.99746894836426, 40.74215230390257], [-73.99750113487244, 40.742111660141745], [-73.99753868579865, 40.74212791764904], [-73.99757087230682, 40.74208320949438]]]}, "properties": {"is_underground": false, "@height_source": "OpenStreetMap", "building_id": "173284e4-8a2c-4861-90df-e1daf9928fb7", "sources": "[{\"license\":\"ODbL-1.0\",\"record_id\":\"w264644255@2\",\"update_time\":\"2015-11-17T13:19:38.000Z\",\"property\":\"\",\"dataset\":\"OpenStreetMap\"}]", "facade_color": "#CFCAB7", "version": 1, "@geometry_source": "OpenStreetMap", "facade_material": "brick", "roof_material": "concrete", "roof_shape": "flat", "num_floors": 14, "roof_color": "#AEA89A", "id": "39343463-6230-3031-A538-313033366438", "height": 46.6}, "id": 670454670287736300}, {"type": "Feature", "geometry": {"type": "Polygon", "coordinates": [[[-74.00141179561615, 40.74550939279632], [-74.00140106678009, 40.7455297136417], [-74.00158882141113, 40.74561099696109], [-74.00157809257507, 40.745631317775434], [-74.00170683860779, 40.74568415186363], [-74.00171220302582, 40.74567602354509], [-74.00158882141113, 40.745627253613065], [-74.00160491466522, 40.7456069327975], [-74.00141716003418, 40.74552564947314], [-74.00142252445221, 40.74551345696588], [-74.00141179561615, 40.74550939279632]]]}, "properties": {"is_underground": false, "@height_source": "OpenStreetMap", "building_id": "ccf66c56-83c3-4db8-a313-6abb16dc385c", "@geometry_source": "OpenStreetMap", "sources": "[{\"license\":\"ODbL-1.0\",\"record_id\":\"w288777829@2\",\"update_time\":\"2014-06-19T11:48:19.000Z\",\"property\":\"\",\"dataset\":\"OpenStreetMap\"}]", "roof_material": "concrete", "roof_shape": "flat", "roof_color": "#2E344C", "id": "33633032-3534-3666-A333-616131636630", "facade_color": "#F9FBF6", "version": 1, "height": 47}, "id": 1075581190410234900}, {"type": "Feature", "geometry": {"type": "Polygon", "coordinates": [[[-73.9963960647583, 40.74235552233418], [-73.99629950523376, 40.742310814332484], [-73.99613857269287, 40.742530289688744], [-73.99620831012726, 40.74255874014486], [-73.9962887763977, 40.74244900260422], [-73.99631559848785, 40.74246119567323], [-73.9963960647583, 40.74235552233418]]]}, "properties": {"is_underground": false, "@height_source": "OpenStreetMap", "building_id": "5aa35efd-797a-4fa0-b223-f77c74cbff13", "@geometry_source": "OpenStreetMap", "sources": "[{\"license\":\"ODbL-1.0\",\"record_id\":\"w317076427@1\",\"update_time\":\"2014-12-13T12:10:46.000Z\",\"property\":\"\",\"dataset\":\"OpenStreetMap\"}]", "roof_material": "concrete", "roof_shape": "flat", "num_floors": 1, "id": "34623263-3639-3132-B462-656166613930", "facade_color": "#C3977E", "version": 1, "height": 5}, "id": 1104818019837260300}, {"type": "Feature", "geometry": {"type": "Polygon", "coordinates": [[[-74.00162637233734, 40.74542404517797], [-74.0016371011734, 40.74541591682765], [-74.00164783000946, 40.745411852652126], [-74.00166392326355, 40.745419981002925], [-74.00169610977173, 40.74537527506115], [-74.00156736373901, 40.74531837654632], [-74.0015298128128, 40.745367146704865], [-74.00155663490295, 40.74537933923892], [-74.0015459060669, 40.745391531770736], [-74.00162637233734, 40.74542404517797]]]}, "properties": {"is_underground": false, "@height_source": "OpenStreetMap", "building_id": "ccf66c56-83c3-4db8-a313-6abb16dc385c", "@geometry_source": "OpenStreetMap", "sources": "[{\"license\":\"ODbL-1.0\",\"record_id\":\"w288777853@1\",\"update_time\":\"2014-06-19T11:47:19.000Z\",\"property\":\"\",\"dataset\":\"OpenStreetMap\"}]", "roof_material": "concrete", "roof_shape": "flat", "roof_color": "#2E344C", "id": "30623165-6565-3565-A462-626630373362", "facade_color": "#B2A088", "version": 1, "height": 6}, "id": 1486355021171791000}, {"type": "Feature", "geometry": {"type": "Polygon", "coordinates": [[[-74.00165319442749, 40.74680585029236], [-74.00166392326355, 40.74679365801981], [-74.00153517723083, 40.74674082481309], [-74.0015298128128, 40.746748953001486], [-74.00165319442749, 40.74680585029236]]]}, "properties": {"is_underground": false, "@height_source": "OpenStreetMap", "building_id": "25d032d0-78c4-407a-9a97-0d5533855e3d", "sources": "[{\"license\":\"ODbL-1.0\",\"record_id\":\"w324859931@1\",\"update_time\":\"2015-01-27T20:30:11.000Z\",\"property\":\"\",\"dataset\":\"OpenStreetMap\"}]", "facade_color": "#9C8272", "version": 1, "@geometry_source": "OpenStreetMap", "facade_material": "brick", "min_height": 45, "roof_material": "concrete", "roof_shape": "flat", "num_floors": 17, "id": "61653533-3734-3037-B235-333033336434", "height": 51}, "id": 1520855136782641200}, {"type": "Feature", "geometry": {"type": "Polygon", "coordinates": [[[-73.99658918380737, 40.74558254781061], [-73.99665355682373, 40.745570355313816], [-73.99669647216797, 40.74550532862651], [-73.99634778499603, 40.745359018347614], [-73.9963048696518, 40.745419981002925], [-73.99632096290588, 40.745472815259006], [-73.99658918380737, 40.74558254781061]]]}, "properties": {"is_underground": false, "@height_source": "OpenStreetMap", "building_id": "11d542b8-bf41-4f73-8b73-87490954e136", "@geometry_source": "OpenStreetMap", "sources": "[{\"license\":\"ODbL-1.0\",\"record_id\":\"w317087880@1\",\"update_time\":\"2014-12-13T13:48:44.000Z\",\"property\":\"\",\"dataset\":\"OpenStreetMap\"}]", "roof_material": "concrete", "roof_shape": "flat", "roof_color": "#AF8E7B", "id": "61386663-3833-3437-B562-623361363038", "facade_color": "#A19B8B", "version": 1, "height": 9}, "id": 1891700857539070700}, {"type": "Feature", "geometry": {"type": "Polygon", "coordinates": [[[-73.99606347084045, 40.74581826897591], [-73.99618685245514, 40.745647574422435], [-73.99610638618469, 40.74561912528759], [-73.99605810642242, 40.74568415186363], [-73.9959990978241, 40.745655702744415], [-73.99603128433228, 40.745615061124454], [-73.99599373340607, 40.74559880446952], [-73.99588644504547, 40.74574511422091], [-73.99606347084045, 40.74581826897591]]]}, "properties": {"is_underground": false, "@height_source": "OpenStreetMap", "building_id": "11d542b8-bf41-4f73-8b73-87490954e136", "@geometry_source": "OpenStreetMap", "sources": "[{\"license\":\"ODbL-1.0\",\"record_id\":\"w317087883@1\",\"update_time\":\"2014-12-13T13:48:45.000Z\",\"property\":\"\",\"dataset\":\"OpenStreetMap\"}]", "roof_material": "concrete", "roof_shape": "flat", "roof_color": "#AF8E7B", "id": "35323736-6338-3637-A434-633164643332", "facade_color": "#A19B8B", "version": 1, "height": 45}, "id": 2329644380839893000}, {"type": "Feature", "geometry": {"type": "Polygon", "coordinates": [[[-73.9969003200531, 40.74316432553874], [-73.99696469306946, 40.74307084627404], [-73.99668574333191, 40.74295298092696], [-73.9965569972992, 40.74312774671168], [-73.99674475193024, 40.74320903296672], [-73.99680376052856, 40.74312774671168], [-73.9969003200531, 40.74316432553874]]]}, "properties": {"is_underground": false, "@height_source": "OpenStreetMap", "building_id": "e2e1e215-03de-441b-801e-6c6d093211de", "sources": "[{\"license\":\"ODbL-1.0\",\"record_id\":\"w380863438@1\",\"update_time\":\"2015-11-17T20:20:25.000Z\",\"property\":\"\",\"dataset\":\"OpenStreetMap\"}]", "facade_color": "#DDD5C4", "version": 1, "@geometry_source": "OpenStreetMap", "facade_material": "brick", "roof_material": "concrete", "roof_shape": "flat", "num_floors": 14, "id": "34616164-3435-3265-B833-303032343330", "height": 38.8}, "id": 2334794073434262500}, {"type": "Feature", "geometry": {"type": "Polygon", "coordinates": [[[-74.00148153305054, 40.7468911961374], [-74.0016907453537, 40.74698060595284], [-74.00178730487823, 40.74684649118461], [-74.00139570236206, 40.74667986336851], [-74.00127232074738, 40.74684649118461], [-74.00145471096039, 40.746923708811465], [-74.00148153305054, 40.7468911961374]]]}, "properties": {"is_underground": false, "@height_source": "OpenStreetMap", "building_id": "25d032d0-78c4-407a-9a97-0d5533855e3d", "sources": "[{\"license\":\"ODbL-1.0\",\"record_id\":\"w324859915@3\",\"update_time\":\"2021-12-18T04:36:16.000Z\",\"property\":\"\",\"dataset\":\"OpenStreetMap\"}]", "facade_color": "#9C8272", "version": 1, "@geometry_source": "OpenStreetMap", "facade_material": "brick", "roof_material": "concrete", "roof_shape": "flat", "num_floors": 15, "id": "66376332-3563-3966-A339-346137366238", "height": 45}, "id": 2338420756197697000}, {"type": "Feature", "geometry": {"type": "Polygon", "coordinates": [[[-74.00109529495239, 40.74418852452871], [-74.00117576122284, 40.74407878967705], [-74.00113821029663, 40.74406253264658], [-74.00105774402618, 40.74417226752507], [-74.00109529495239, 40.74418852452871]]]}, "properties": {"is_underground": false, "@height_source": "OpenStreetMap", "building_id": "b8745b38-ba42-467f-ba04-3857dbdf86f9", "@geometry_source": "OpenStreetMap", "facade_material": "brick", "sources": "[{\"license\":\"ODbL-1.0\",\"record_id\":\"w264643871@3\",\"update_time\":\"2024-12-06T00:05:41.000Z\",\"property\":\"\",\"dataset\":\"OpenStreetMap\"}]", "num_floors": 4, "roof_color": "#F6F5F4", "id": "64613437-3766-3466-B761-313466316266", "facade_color": "#B5835A", "version": 1, "height": 13.9}, "id": 2710467203707601000}, {"type": "Feature", "geometry": {"type": "Polygon", "coordinates": [[[-74.0015298128128, 40.7468261707416], [-74.00154054164886, 40.74684242709651], [-74.00156199932098, 40.74684242709651], [-74.00157809257507, 40.74683429891954], [-74.0015834569931, 40.7468139784728], [-74.00156736373901, 40.74680178620176], [-74.0015459060669, 40.74680178620176], [-74.0015298128128, 40.74680991438268], [-74.0015298128128, 40.7468261707416]]]}, "properties": {"is_underground": false, "@height_source": "OpenStreetMap", "building_id": "25d032d0-78c4-407a-9a97-0d5533855e3d", "sources": "[{\"license\":\"ODbL-1.0\",\"record_id\":\"w324859919@1\",\"update_time\":\"2015-01-27T20:30:09.000Z\",\"property\":\"\",\"dataset\":\"OpenStreetMap\"}]", "facade_color": "#9A988C", "version": 1, "roof_height": 1, "@geometry_source": "OpenStreetMap", "min_height": 66, "roof_shape": "pyramidal", "roof_color": "#727A7C", "id": "66306665-3332-3837-A561-653062363838", "height": 71}, "id": 2938523325602374000}, {"type": "Feature", "geometry": {"type": "Polygon", "coordinates": [[[-74.00167465209961, 40.74691964472808], [-74.00171220302582, 40.74686274753455], [-74.0016371011734, 40.74683023483067], [-74.00164783000946, 40.7468139784728], [-74.00151908397675, 40.74676114528219], [-74.00150835514069, 40.746773337560654], [-74.00141716003418, 40.746736760718505], [-74.00140643119812, 40.7467530170953], [-74.001384973526, 40.746744888907386], [-74.00134205818176, 40.74680585029236], [-74.00136351585388, 40.7468139784728], [-74.00132596492767, 40.74685868344744], [-74.00142252445221, 40.74689932430741], [-74.00145471096039, 40.74685868344744], [-74.00147080421448, 40.74686274753455], [-74.00147616863251, 40.74685461936008], [-74.00150299072266, 40.74686681162143], [-74.00151371955872, 40.74685055527249], [-74.00167465209961, 40.74691964472808]]]}, "properties": {"is_underground": false, "@height_source": "OpenStreetMap", "building_id": "25d032d0-78c4-407a-9a97-0d5533855e3d", "sources": "[{\"license\":\"ODbL-1.0\",\"record_id\":\"w324859920@3\",\"update_time\":\"2021-12-18T04:36:16.000Z\",\"property\":\"\",\"dataset\":\"OpenStreetMap\"}]", "facade_color": "#9C8272", "version": 1, "@geometry_source": "OpenStreetMap", "facade_material": "brick", "min_height": 57, "roof_material": "concrete", "roof_shape": "flat", "num_floors": 20, "id": "36363632-3835-3636-B734-376165346133", "height": 60}, "id": 3091581001298799000}, {"type": "Feature", "geometry": {"type": "Polygon", "coordinates": [[[-73.99928748607635, 40.744664040127105], [-73.9993679523468, 40.74455837028796], [-73.99933576583862, 40.74455024183183], [-73.9992606639862, 40.74465184746194], [-73.99928748607635, 40.744664040127105]]]}, "properties": {"is_underground": false, "building_id": "bde7e143-4ecd-4b30-aab9-fa3b4f0ed63f", "@geometry_source": "OpenStreetMap", "sources": "[{\"license\":\"ODbL-1.0\",\"record_id\":\"w1275402949@1\",\"update_time\":\"2024-04-23T20:48:38.000Z\",\"property\":\"\",\"dataset\":\"OpenStreetMap\"}]", "num_floors": 1, "id": "65613332-3662-3434-B938-313836626161", "version": 1}, "id": 3121606881622089000}, {"type": "Feature", "geometry": {"type": "Polygon", "coordinates": [[[-73.99605810642242, 40.74568415186363], [-73.99621367454529, 40.74547687943084], [-73.99614930152893, 40.74544843022298], [-73.9959990978241, 40.745655702744415], [-73.99605810642242, 40.74568415186363]]]}, "properties": {"is_underground": false, "@height_source": "OpenStreetMap", "building_id": "11d542b8-bf41-4f73-8b73-87490954e136", "@geometry_source": "OpenStreetMap", "sources": "[{\"license\":\"ODbL-1.0\",\"record_id\":\"w317087879@1\",\"update_time\":\"2014-12-13T13:48:45.000Z\",\"property\":\"\",\"dataset\":\"OpenStreetMap\"}]", "roof_material": "concrete", "roof_shape": "flat", "roof_color": "#4B585E", "id": "39303163-6363-3366-A666-383263376131", "facade_color": "#A19B8B", "version": 1, "height": 48}, "id": 3342942651337512000}, {"type": "Feature", "geometry": {"type": "Polygon", "coordinates": [[[-73.99668574333191, 40.74552564947314], [-73.99682521820068, 40.74558661197574], [-73.99683594703674, 40.745566291147725], [-73.99669647216797, 40.74550532862651], [-73.99668574333191, 40.74552564947314]]]}, "properties": {"is_underground": false, "@height_source": "OpenStreetMap", "building_id": "11d542b8-bf41-4f73-8b73-87490954e136", "@geometry_source": "OpenStreetMap", "sources": "[{\"license\":\"ODbL-1.0\",\"record_id\":\"w317087872@1\",\"update_time\":\"2014-12-13T13:48:45.000Z\",\"property\":\"\",\"dataset\":\"OpenStreetMap\"}]", "roof_material": "concrete", "roof_shape": "flat", "roof_color": "#AF8E7B", "id": "66393036-3939-3132-B138-613831396162", "facade_color": "#A19B8B", "version": 1, "height": 39}, "id": 4026359562425750500}, {"type": "Feature", "geometry": {"type": "Polygon", "coordinates": [[[-73.99964153766632, 40.74506233262724], [-73.99966299533844, 40.74502981904317], [-73.99962544441223, 40.74501356224519], [-73.99960398674011, 40.745046075837195], [-73.99964153766632, 40.74506233262724]]]}, "properties": {"is_underground": false, "@height_source": "OpenStreetMap", "building_id": "014daeff-db3c-4de4-8786-ed49b1b59203", "@geometry_source": "OpenStreetMap", "sources": "[{\"license\":\"ODbL-1.0\",\"record_id\":\"w287833003@1\",\"update_time\":\"2014-06-13T09:25:07.000Z\",\"property\":\"\",\"dataset\":\"OpenStreetMap\"}]", "roof_shape": "flat", "id": "61613665-3137-3666-A534-326364653237", "version": 1, "height": 17}, "id": 4068664470149274000}, {"type": "Feature", "geometry": {"type": "Polygon", "coordinates": [[[-74.00163173675537, 40.745541906145945], [-74.00167465209961, 40.74548500777371], [-74.00158882141113, 40.74545249439626], [-74.00155127048492, 40.74550939279632], [-74.00163173675537, 40.745541906145945]]]}, "properties": {"is_underground": false, "@height_source": "OpenStreetMap", "building_id": "ccf66c56-83c3-4db8-a313-6abb16dc385c", "@geometry_source": "OpenStreetMap", "sources": "[{\"license\":\"ODbL-1.0\",\"record_id\":\"w288777848@1\",\"update_time\":\"2014-06-19T11:47:18.000Z\",\"property\":\"\",\"dataset\":\"OpenStreetMap\"}]", "roof_material": "concrete", "roof_shape": "flat", "roof_color": "#2E344C", "id": "39313261-6233-3363-A462-303162353339", "facade_color": "#F9FBF6", "version": 1, "height": 54.4}, "id": 4766064137964798000}, {"type": "Feature", "geometry": {"type": "Polygon", "coordinates": [[[-73.99965226650238, 40.74505014003509], [-73.99965763092041, 40.74504201163907], [-73.99965226650238, 40.74502575484405], [-73.99964153766632, 40.74502169064468], [-73.9996200799942, 40.74502575484405], [-73.99961471557617, 40.74503388324206], [-73.9996200799942, 40.74505014003509], [-73.99963080883026, 40.74505420423273], [-73.99965226650238, 40.74505014003509]]]}, "properties": {"is_underground": false, "@height_source": "OpenStreetMap", "building_id": "014daeff-db3c-4de4-8786-ed49b1b59203", "@geometry_source": "OpenStreetMap", "sources": "[{\"license\":\"ODbL-1.0\",\"record_id\":\"w287833005@1\",\"update_time\":\"2014-06-13T09:25:07.000Z\",\"property\":\"\",\"dataset\":\"OpenStreetMap\"}]", "roof_shape": "pyramidal", "roof_color": "#A0B999", "id": "62626237-3165-3235-B539-633330376464", "version": 1, "roof_height": 7, "height": 30}, "id": 5044806103930954000}, {"type": "Feature", "geometry": {"type": "Polygon", "coordinates": [[[-73.99646043777466, 40.74576543499427], [-73.99653553962708, 40.74579794821872], [-73.99664282798767, 40.745647574422435], [-73.99656772613525, 40.74561912528759], [-73.99646043777466, 40.74576543499427]]]}, "properties": {"is_underground": false, "@height_source": "OpenStreetMap", "building_id": "11d542b8-bf41-4f73-8b73-87490954e136", "@geometry_source": "OpenStreetMap", "sources": "[{\"license\":\"ODbL-1.0\",\"record_id\":\"w317087876@1\",\"update_time\":\"2014-12-13T13:48:43.000Z\",\"property\":\"\",\"dataset\":\"OpenStreetMap\"}]", "roof_material": "concrete", "roof_shape": "flat", "roof_color": "#4B585E", "id": "39656566-3962-3139-B334-386263643338", "facade_color": "#A19B8B", "version": 1, "height": 53.8}, "id": 5222816895937934000}, {"type": "Feature", "geometry": {"type": "Polygon", "coordinates": [[[-74.00136888027191, 40.746736760718505], [-74.00135815143585, 40.746732696623695], [-74.00130987167358, 40.74679365801981], [-74.00132596492767, 40.7467977221109], [-74.00136888027191, 40.746736760718505]]]}, "properties": {"is_underground": false, "@height_source": "OpenStreetMap", "building_id": "25d032d0-78c4-407a-9a97-0d5533855e3d", "sources": "[{\"license\":\"ODbL-1.0\",\"record_id\":\"w324859932@1\",\"update_time\":\"2015-01-27T20:30:11.000Z\",\"property\":\"\",\"dataset\":\"OpenStreetMap\"}]", "facade_color": "#9C8272", "version": 1, "@geometry_source": "OpenStreetMap", "facade_material": "brick", "min_height": 45, "roof_material": "concrete", "roof_shape": "flat", "num_floors": 17, "id": "66316536-3362-3663-B331-353065333139", "height": 51}, "id": 5329490286105224000}, {"type": "Feature", "geometry": {"type": "Polygon", "coordinates": [[[-73.99610638618469, 40.74561912528759], [-73.99618685245514, 40.745647574422435], [-73.9962887763977, 40.74550532862651], [-73.99621367454529, 40.745472815259006], [-73.99610638618469, 40.74561912528759]]]}, "properties": {"is_underground": false, "@height_source": "OpenStreetMap", "building_id": "11d542b8-bf41-4f73-8b73-87490954e136", "@geometry_source": "OpenStreetMap", "sources": "[{\"license\":\"ODbL-1.0\",\"record_id\":\"w317087875@1\",\"update_time\":\"2014-12-13T13:48:43.000Z\",\"property\":\"\",\"dataset\":\"OpenStreetMap\"}]", "roof_material": "concrete", "roof_shape": "flat", "roof_color": "#4B585E", "id": "39633237-3433-3338-A261-386231373532", "facade_color": "#A19B8B", "version": 1, "height": 53.8}, "id": 5635157317702016000}, {"type": "Feature", "geometry": {"type": "Polygon", "coordinates": [[[-73.99668037891388, 40.741993793094906], [-73.99670720100403, 40.742005986247364], [-73.99675011634827, 40.74195314923722], [-73.99671792984009, 40.74194095607507], [-73.99668037891388, 40.741993793094906]]]}, "properties": {"is_underground": false, "@height_source": "OpenStreetMap", "building_id": "434c40a3-edc3-4605-96e3-1216d68018f2", "@geometry_source": "OpenStreetMap", "sources": "[{\"license\":\"ODbL-1.0\",\"record_id\":\"w380868515@1\",\"update_time\":\"2015-11-17T20:39:34.000Z\",\"property\":\"\",\"dataset\":\"OpenStreetMap\"}]", "roof_material": "concrete", "roof_shape": "flat", "num_floors": 6, "id": "61316539-3132-3064-B566-623965303865", "facade_color": "#CCB59C", "version": 1, "height": 18}, "id": 6008698253624960000}, {"type": "Feature", "geometry": {"type": "Polygon", "coordinates": [[[-73.99691641330719, 40.74206288759598], [-73.99688959121704, 40.74205069445392], [-73.99687349796295, 40.74207508073579], [-73.9969003200531, 40.742087273873324], [-73.99691641330719, 40.74206288759598]]]}, "properties": {"is_underground": false, "@height_source": "OpenStreetMap", "building_id": "434c40a3-edc3-4605-96e3-1216d68018f2", "@geometry_source": "OpenStreetMap", "sources": "[{\"license\":\"ODbL-1.0\",\"record_id\":\"w380868500@1\",\"update_time\":\"2015-11-17T20:39:35.000Z\",\"property\":\"\",\"dataset\":\"OpenStreetMap\"}]", "roof_material": "concrete", "roof_shape": "flat", "num_floors": 6, "id": "32643732-3038-3234-B233-396265636439", "facade_color": "#CCB59C", "version": 1, "height": 18}, "id": 6353679927695828000}, {"type": "Feature", "geometry": {"type": "Polygon", "coordinates": [[[-74.00129914283752, 40.74685868344744], [-74.00145471096039, 40.746923708811465], [-74.0014922618866, 40.746874939794395], [-74.00166928768158, 40.7469480933066], [-74.00173902511597, 40.74685461936008], [-74.00140643119812, 40.746712376145894], [-74.00129914283752, 40.74685868344744]]]}, "properties": {"is_underground": false, "@height_source": "OpenStreetMap", "building_id": "25d032d0-78c4-407a-9a97-0d5533855e3d", "sources": "[{\"license\":\"ODbL-1.0\",\"record_id\":\"w324859914@3\",\"update_time\":\"2021-12-18T04:36:16.000Z\",\"property\":\"\",\"dataset\":\"OpenStreetMap\"}]", "facade_color": "#9C8272", "version": 1, "@geometry_source": "OpenStreetMap", "facade_material": "brick", "min_height": 45, "roof_material": "concrete", "roof_shape": "flat", "num_floors": 19, "id": "32353038-6332-3930-B065-653130303337", "height": 57}, "id": 6465988414921139000}, {"type": "Feature", "geometry": {"type": "Polygon", "coordinates": [[[-74.00191605091095, 40.743863383700926], [-74.00206625461578, 40.743928411993664], [-74.0020877122879, 40.743895897855225], [-74.00193750858307, 40.74383086953071], [-74.00191605091095, 40.743863383700926]]]}, "properties": {"is_underground": false, "@height_source": "OpenStreetMap", "building_id": "15dd5709-b10e-4c3e-a2f8-a6a14b34110e", "@geometry_source": "OpenStreetMap", "facade_material": "stone", "sources": "[{\"license\":\"ODbL-1.0\",\"record_id\":\"w287829987@1\",\"update_time\":\"2014-06-13T08:58:36.000Z\",\"property\":\"\",\"dataset\":\"OpenStreetMap\"}]", "roof_shape": "flat", "roof_color": "#6F7970", "id": "30343433-3036-3431-A264-666362366337", "facade_color": "#95907C", "version": 1, "height": 6}, "id": 6528978531936577000}, {"type": "Feature", "geometry": {"type": "Polygon", "coordinates": [[[-74.00191605091095, 40.743863383700926], [-74.00193750858307, 40.74383086953071], [-74.00183022022247, 40.743790226795625], [-74.00180876255035, 40.743818676712806], [-74.00191605091095, 40.743863383700926]]]}, "properties": {"is_underground": false, "@height_source": "OpenStreetMap", "building_id": "15dd5709-b10e-4c3e-a2f8-a6a14b34110e", "sources": "[{\"license\":\"ODbL-1.0\",\"record_id\":\"w287829986@1\",\"update_time\":\"2014-06-13T08:58:36.000Z\",\"property\":\"\",\"dataset\":\"OpenStreetMap\"}]", "facade_color": "#95907C", "version": 1, "roof_height": 3, "roof_orientation": "across", "@geometry_source": "OpenStreetMap", "facade_material": "stone", "roof_shape": "gabled", "roof_color": "#6F7970", "id": "38663466-3334-3363-B537-363964633631", "height": 13}, "id": 6627407310523387000}, {"type": "Feature", "geometry": {"type": "Polygon", "coordinates": [[[-74.00147616863251, 40.74684242709651], [-74.00148689746857, 40.7468261707416], [-74.00157272815704, 40.74686681162143], [-74.00161564350128, 40.74680991438268], [-74.00153517723083, 40.74677740165299], [-74.00151371955872, 40.74680991438268], [-74.00146007537842, 40.74678552983693], [-74.00143325328827, 40.74682210665222], [-74.00147616863251, 40.74684242709651]]]}, "properties": {"is_underground": false, "@height_source": "OpenStreetMap", "building_id": "25d032d0-78c4-407a-9a97-0d5533855e3d", "sources": "[{\"license\":\"ODbL-1.0\",\"record_id\":\"w324859910@1\",\"update_time\":\"2015-01-27T20:30:08.000Z\",\"property\":\"\",\"dataset\":\"OpenStreetMap\"}]", "facade_color": "#9C8272", "version": 1, "@geometry_source": "OpenStreetMap", "facade_material": "brick", "min_height": 60, "roof_material": "concrete", "roof_shape": "flat", "id": "38653766-3362-3330-A531-633761333465", "height": 66}, "id": 7041115398166172000}, {"type": "Feature", "geometry": {"type": "Polygon", "coordinates": [[[-73.99673402309418, 40.741969406783284], [-73.99690568447113, 40.74204256569135], [-73.99716854095459, 40.74168083475007], [-73.99699687957764, 40.74160767544416], [-73.99692177772522, 40.74171334997132], [-73.99667501449585, 40.74161173985215], [-73.99656236171722, 40.74176212277342], [-73.9968091249466, 40.74186373266289], [-73.99673402309418, 40.741969406783284]]]}, "properties": {"is_underground": false, "@height_source": "OpenStreetMap", "building_id": "434c40a3-edc3-4605-96e3-1216d68018f2", "@geometry_source": "OpenStreetMap", "sources": "[{\"license\":\"ODbL-1.0\",\"record_id\":\"w380868498@1\",\"update_time\":\"2015-11-17T20:39:35.000Z\",\"property\":\"\",\"dataset\":\"OpenStreetMap\"}]", "roof_material": "concrete", "roof_shape": "flat", "num_floors": 14, "id": "35613130-6539-3066-B237-643231383064", "facade_color": "#CCB59C", "version": 1, "height": 42}, "id": 7523410592319487000}, {"type": "Feature", "geometry": {"type": "Polygon", "coordinates": [[[-73.99978637695312, 40.745119231361116], [-73.99980783462524, 40.74509078200026], [-73.999764919281, 40.74507452521718], [-73.99974346160889, 40.745102974584995], [-73.99978637695312, 40.745119231361116]]]}, "properties": {"is_underground": false, "@height_source": "OpenStreetMap", "building_id": "014daeff-db3c-4de4-8786-ed49b1b59203", "@geometry_source": "OpenStreetMap", "sources": "[{\"license\":\"ODbL-1.0\",\"record_id\":\"w287833002@1\",\"update_time\":\"2014-06-13T09:25:07.000Z\",\"property\":\"\",\"dataset\":\"OpenStreetMap\"}]", "roof_shape": "flat", "id": "34393036-3434-3431-B731-353231353836", "version": 1, "height": 17}, "id": 7651873165053987000}, {"type": "Feature", "geometry": {"type": "Polygon", "coordinates": [[[-74.00347173213959, 40.74393247625983], [-74.0034556388855, 40.74396092611616], [-74.00349855422974, 40.74397718317147], [-74.00351464748383, 40.74395279758701], [-74.00347173213959, 40.74393247625983]]]}, "properties": {"is_underground": false, "@height_source": "OpenStreetMap", "building_id": "0b329443-ce43-417c-9c44-b11e2625887d", "sources": "[{\"license\":\"ODbL-1.0\",\"record_id\":\"w288787443@1\",\"update_time\":\"2014-06-19T12:57:47.000Z\",\"property\":\"\",\"dataset\":\"OpenStreetMap\"}]", "facade_color": "#806F5C", "version": 1, "@geometry_source": "OpenStreetMap", "facade_material": "brick", "roof_material": "concrete", "roof_shape": "flat", "roof_color": "#2C3A3D", "id": "31633562-6663-3962-B437-383366656533", "height": 21}, "id": 7774939893874182000}, {"type": "Feature", "geometry": {"type": "Polygon", "coordinates": [[[-73.99655163288116, 40.74588735950397], [-73.996701836586, 40.74568008770447], [-73.99664282798767, 40.745655702744415], [-73.99648725986481, 40.745858910471696], [-73.99655163288116, 40.74588735950397]]]}, "properties": {"is_underground": false, "@height_source": "OpenStreetMap", "building_id": "11d542b8-bf41-4f73-8b73-87490954e136", "@geometry_source": "OpenStreetMap", "sources": "[{\"license\":\"ODbL-1.0\",\"record_id\":\"w317087878@1\",\"update_time\":\"2014-12-13T13:48:45.000Z\",\"property\":\"\",\"dataset\":\"OpenStreetMap\"}]", "roof_material": "concrete", "roof_shape": "flat", "roof_color": "#4B585E", "id": "35626639-3236-3465-B535-393736623365", "facade_color": "#A19B8B", "version": 1, "height": 48}, "id": 8141594580412416000}, {"type": "Feature", "geometry": {"type": "Polygon", "coordinates": [[[-73.9961975812912, 40.74531837654632], [-73.99633705615997, 40.74537933923892], [-73.99634778499603, 40.745359018347614], [-73.99620831012726, 40.74530211981889], [-73.9961975812912, 40.74531837654632]]]}, "properties": {"is_underground": false, "@height_source": "OpenStreetMap", "building_id": "11d542b8-bf41-4f73-8b73-87490954e136", "@geometry_source": "OpenStreetMap", "sources": "[{\"license\":\"ODbL-1.0\",\"record_id\":\"w317087867@1\",\"update_time\":\"2014-12-13T13:48:45.000Z\",\"property\":\"\",\"dataset\":\"OpenStreetMap\"}]", "roof_material": "concrete", "roof_shape": "flat", "roof_color": "#AF8E7B", "id": "36353363-3331-3533-A334-316663666265", "facade_color": "#A19B8B", "version": 1, "height": 39}, "id": 8525996228154717000}, {"type": "Feature", "geometry": {"type": "Polygon", "coordinates": [[[-74.00140643119812, 40.74551752113521], [-74.00141179561615, 40.74550939279632], [-74.0012401342392, 40.74543623770157], [-74.00122404098511, 40.74545655856929], [-74.00112748146057, 40.745411852652126], [-74.00112211704254, 40.74542404517797], [-74.00122940540314, 40.745468751086946], [-74.00124549865723, 40.74544843022298], [-74.00140643119812, 40.74551752113521]]]}, "properties": {"is_underground": false, "@height_source": "OpenStreetMap", "building_id": "ccf66c56-83c3-4db8-a313-6abb16dc385c", "@geometry_source": "OpenStreetMap", "sources": "[{\"license\":\"ODbL-1.0\",\"record_id\":\"w288777856@1\",\"update_time\":\"2014-06-19T11:47:19.000Z\",\"property\":\"\",\"dataset\":\"OpenStreetMap\"}]", "roof_material": "concrete", "roof_shape": "flat", "roof_color": "#2E344C", "id": "34633033-3030-3435-B334-643031643034", "facade_color": "#F9FBF6", "version": 1, "height": 35}, "id": 8751986568024058000}, {"type": "Feature", "geometry": {"type": "Polygon", "coordinates": [[[-73.99740993976593, 40.742249848827214], [-73.99747967720032, 40.74228236377033], [-73.99751722812653, 40.74223359134973], [-73.99749040603638, 40.742221398238996], [-73.99752259254456, 40.742180754520376], [-73.99747967720032, 40.74216043265176], [-73.99740993976593, 40.742249848827214]]]}, "properties": {"is_underground": false, "@height_source": "OpenStreetMap", "building_id": "173284e4-8a2c-4861-90df-e1daf9928fb7", "sources": "[{\"license\":\"ODbL-1.0\",\"record_id\":\"w380773793@1\",\"update_time\":\"2015-11-17T13:19:38.000Z\",\"property\":\"\",\"dataset\":\"OpenStreetMap\"}]", "facade_color": "#CFCAB7", "version": 1, "@geometry_source": "OpenStreetMap", "facade_material": "brick", "min_height": 46.6, "roof_material": "concrete", "roof_shape": "flat", "roof_color": "#AEA89A", "id": "39343463-3662-3163-B539-313263366233", "height": 53.3}, "id": 9102434760365158000}, {"type": "Feature", "geometry": {"type": "Polygon", "coordinates": [[[-74.00181949138641, 40.74409098244726], [-74.00196969509125, 40.74388370504923], [-74.00176048278809, 40.74379429107023], [-74.00161027908325, 40.74400156874694], [-74.00181949138641, 40.74409098244726]]]}, "properties": {"is_underground": false, "@height_source": "OpenStreetMap", "building_id": "15dd5709-b10e-4c3e-a2f8-a6a14b34110e", "sources": "[{\"license\":\"ODbL-1.0\",\"record_id\":\"w287829988@1\",\"update_time\":\"2014-06-13T08:58:36.000Z\",\"property\":\"\",\"dataset\":\"OpenStreetMap\"}]", "facade_color": "#95907C", "version": 1, "roof_height": 6, "roof_orientation": "along", "@geometry_source": "OpenStreetMap", "facade_material": "stone", "roof_shape": "gabled", "roof_color": "#6F7970", "id": "30336536-6362-3437-A138-323566636432", "height": 20}, "id": 9277423520852531000}, {"type": "Feature", "geometry": {"type": "Polygon", "coordinates": [[[-73.99651408195496, 40.74600928379013], [-73.99662137031555, 40.74586297461991], [-73.99658381938934, 40.74584671802555], [-73.99655163288116, 40.74588735950397], [-73.99648725986481, 40.745858910471696], [-73.99653553962708, 40.74579794821872], [-73.99646043777466, 40.74576543499427], [-73.99633705615997, 40.7459320651015], [-73.99651408195496, 40.74600928379013]]]}, "properties": {"is_underground": false, "@height_source": "OpenStreetMap", "building_id": "11d542b8-bf41-4f73-8b73-87490954e136", "@geometry_source": "OpenStreetMap", "sources": "[{\"license\":\"ODbL-1.0\",\"record_id\":\"w317087881@1\",\"update_time\":\"2014-12-13T13:48:45.000Z\",\"property\":\"\",\"dataset\":\"OpenStreetMap\"}]", "roof_material": "concrete", "roof_shape": "flat", "roof_color": "#AF8E7B", "id": "62343839-3339-3866-A531-626464353932", "facade_color": "#A19B8B", "version": 1, "height": 45}, "id": 9381600001124108000}, {"type": "Feature", "geometry": {"type": "Polygon", "coordinates": [[[-74.00351464748383, 40.7443551585869], [-74.0034931898117, 40.74438360826241], [-74.00354146957397, 40.744399865214405], [-74.00355756282806, 40.744375479784935], [-74.00351464748383, 40.7443551585869]]]}, "properties": {"is_underground": false, "@height_source": "OpenStreetMap", "building_id": "1587b6d8-3e3b-4454-aa70-b966fd27c2c0", "sources": "[{\"license\":\"ODbL-1.0\",\"record_id\":\"w288787445@1\",\"update_time\":\"2014-06-19T12:57:48.000Z\",\"property\":\"\",\"dataset\":\"OpenStreetMap\"}]", "facade_color": "#806F5C", "version": 1, "@geometry_source": "OpenStreetMap", "facade_material": "brick", "roof_material": "concrete", "roof_shape": "flat", "roof_color": "#2C3A3D", "id": "39313334-3765-3934-A466-653139323738", "height": 21}, "id": 9447236709964945000}, {"type": "Feature", "geometry": {"type": "Polygon", "coordinates": [[[-74.00199115276337, 40.746423824691135], [-74.00205552577972, 40.74633441412712], [-74.001744389534, 40.746200298055726], [-74.00167465209961, 40.74628970880005], [-74.00199115276337, 40.746423824691135]]]}, "properties": {"is_underground": false, "building_id": "6a0f9499-5418-44ba-af0c-5d6c081135f3", "@geometry_source": "OpenStreetMap", "sources": "[{\"license\":\"ODbL-1.0\",\"record_id\":\"w1422302508@1\",\"update_time\":\"2025-08-14T14:41:53.000Z\",\"property\":\"\",\"dataset\":\"OpenStreetMap\"}]", "num_floors": 1, "id": "64373262-3936-3930-B338-306464366632", "version": 1}, "id": 9468943667266593000}, {"type": "Feature", "geometry": {"type": "Polygon", "coordinates": [[[-73.99674475193024, 40.74320903296672], [-73.99687349796295, 40.743261868979204], [-73.99693250656128, 40.74318058278874], [-73.99680376052856, 40.74312774671168], [-73.99674475193024, 40.74320903296672]]]}, "properties": {"is_underground": false, "@height_source": "OpenStreetMap", "building_id": "e2e1e215-03de-441b-801e-6c6d093211de", "sources": "[{\"license\":\"ODbL-1.0\",\"record_id\":\"w380863437@1\",\"update_time\":\"2015-11-17T20:20:25.000Z\",\"property\":\"\",\"dataset\":\"OpenStreetMap\"}]", "facade_color": "#DDD5C4", "version": 1, "@geometry_source": "OpenStreetMap", "facade_material": "brick", "roof_material": "concrete", "roof_shape": "flat", "num_floors": 1, "id": "38343134-3138-3663-B463-656662343666", "height": 4}, "id": 9476743690956184000}, {"type": "Feature", "geometry": {"type": "Polygon", "coordinates": [[[-73.99613320827484, 40.7456069327975], [-73.99618148803711, 40.745627253613065], [-73.99622440338135, 40.745562226981406], [-73.99618148803711, 40.745545970313515], [-73.99613320827484, 40.7456069327975]]]}, "properties": {"is_underground": false, "@height_source": "OpenStreetMap", "building_id": "11d542b8-bf41-4f73-8b73-87490954e136", "sources": "[{\"license\":\"ODbL-1.0\",\"record_id\":\"w317087869@1\",\"update_time\":\"2014-12-13T13:48:43.000Z\",\"property\":\"\",\"dataset\":\"OpenStreetMap\"}]", "facade_color": "#A19B8B", "version": 1, "@geometry_source": "OpenStreetMap", "min_height": 53.8, "roof_material": "concrete", "roof_shape": "flat", "roof_color": "#4B585E", "id": "63636265-3736-3934-B138-653536313662", "height": 56}, "id": 9536904355848196000}, {"type": "Feature", "geometry": {"type": "Polygon", "coordinates": [[[-73.99946987628937, 40.74461120522852], [-73.99939477443695, 40.74471281076549], [-73.99948060512543, 40.74474938872078], [-73.999582529068, 40.74461120522852], [-73.99929285049438, 40.744489278379234], [-73.99919092655182, 40.74462339790114], [-73.9992606639862, 40.74465184746194], [-73.99933576583862, 40.74455024183183], [-73.9993679523468, 40.74455837028796], [-73.99928748607635, 40.744664040127105], [-73.9993679523468, 40.74470061810925], [-73.99944305419922, 40.744599012553664], [-73.99946987628937, 40.74461120522852]]]}, "properties": {"is_underground": false, "@height_source": "OpenStreetMap", "building_id": "bde7e143-4ecd-4b30-aab9-fa3b4f0ed63f", "@geometry_source": "OpenStreetMap", "sources": "[{\"license\":\"ODbL-1.0\",\"record_id\":\"w264643864@3\",\"update_time\":\"2024-04-26T03:41:03.000Z\",\"property\":\"\",\"dataset\":\"OpenStreetMap\"}]", "id": "31623230-6261-3661-B236-623837653933", "version": 1, "height": 24.8}, "id": 9634670659806468000}, {"type": "Feature", "geometry": {"type": "Polygon", "coordinates": [[[-74.00147616863251, 40.74685461936008], [-74.00150299072266, 40.74686681162143], [-74.00151908397675, 40.74684242709651], [-74.00148689746857, 40.7468261707416], [-74.00147080421448, 40.74685055527249], [-74.00147616863251, 40.74685461936008]]]}, "properties": {"is_underground": false, "@height_source": "OpenStreetMap", "building_id": "25d032d0-78c4-407a-9a97-0d5533855e3d", "sources": "[{\"license\":\"ODbL-1.0\",\"record_id\":\"w324859934@1\",\"update_time\":\"2015-01-27T20:30:11.000Z\",\"property\":\"\",\"dataset\":\"OpenStreetMap\"}]", "facade_color": "#9C8272", "version": 1, "@geometry_source": "OpenStreetMap", "facade_material": "brick", "min_height": 60, "roof_material": "concrete", "roof_shape": "flat", "id": "31373035-6262-3734-A362-396237643438", "height": 71}, "id": 9848982390833025000}, {"type": "Feature", "geometry": {"type": "Polygon", "coordinates": [[[-74.00157809257507, 40.745631317775434], [-74.00158882141113, 40.74561099696109], [-74.00140106678009, 40.7455297136417], [-74.00140643119812, 40.74551752113521], [-74.001384973526, 40.74550939279632], [-74.00136351585388, 40.74553784197812], [-74.00157809257507, 40.745631317775434]]]}, "properties": {"is_underground": false, "@height_source": "OpenStreetMap", "building_id": "ccf66c56-83c3-4db8-a313-6abb16dc385c", "@geometry_source": "OpenStreetMap", "sources": "[{\"license\":\"ODbL-1.0\",\"record_id\":\"w288777850@1\",\"update_time\":\"2014-06-19T11:47:19.000Z\",\"property\":\"\",\"dataset\":\"OpenStreetMap\"}]", "roof_material": "concrete", "roof_shape": "flat", "roof_color": "#2E344C", "id": "33376334-6439-3738-B365-623939326662", "facade_color": "#F9FBF6", "version": 1, "height": 5}, "id": 10080366436211036000}, {"type": "Feature", "geometry": {"type": "Polygon", "coordinates": [[[-74.00308012962341, 40.74227017066855], [-74.0031498670578, 40.7422986212359], [-74.00318205356598, 40.74225391319598], [-74.00311231613159, 40.7422254626095], [-74.00308012962341, 40.74227017066855]]]}, "properties": {"is_underground": false, "@height_source": "OpenStreetMap", "building_id": "8cd993e0-995a-41b8-8886-58185d35ca16", "@geometry_source": "OpenStreetMap", "sources": "[{\"license\":\"ODbL-1.0\",\"record_id\":\"w294806641@1\",\"update_time\":\"2014-07-28T11:07:40.000Z\",\"property\":\"\",\"dataset\":\"OpenStreetMap\"}]", "roof_material": "concrete", "roof_shape": "flat", "id": "65353364-6263-3338-B835-633866336335", "facade_color": "#999A9C", "version": 1, "height": 50}, "id": 10552321214110777000}, {"type": "Feature", "geometry": {"type": "Polygon", "coordinates": [[[-73.99669647216797, 40.741819024330624], [-73.9968091249466, 40.74186373266289], [-73.99673402309418, 40.741969406783284], [-73.99690568447113, 40.74204256569135], [-73.99716854095459, 40.74168083475007], [-73.99699687957764, 40.74160767544416], [-73.99692177772522, 40.74171334997132], [-73.99680376052856, 40.74166457713349], [-73.99669647216797, 40.741819024330624]]]}, "properties": {"is_underground": false, "@height_source": "OpenStreetMap", "building_id": "434c40a3-edc3-4605-96e3-1216d68018f2", "sources": "[{\"license\":\"ODbL-1.0\",\"record_id\":\"w380868488@1\",\"update_time\":\"2015-11-17T20:39:33.000Z\",\"property\":\"\",\"dataset\":\"OpenStreetMap\"}]", "min_floor": 14, "facade_color": "#CCB59C", "version": 1, "@geometry_source": "OpenStreetMap", "min_height": 42, "roof_material": "concrete", "roof_shape": "flat", "num_floors": 15, "id": "65383735-3764-3965-A635-393730396663", "height": 45}, "id": 10631370424704336000}, {"type": "Feature", "geometry": {"type": "Polygon", "coordinates": [[[-74.00170147418976, 40.74567602354509], [-74.00175511837006, 40.745602868633625], [-74.00173366069794, 40.74559067614055], [-74.00184094905853, 40.74543623770157], [-74.00169610977173, 40.74537527506115], [-74.00166392326355, 40.745419981002925], [-74.00164783000946, 40.745411852652126], [-74.0016371011734, 40.74541591682765], [-74.00162637233734, 40.74542404517797], [-74.00150835514069, 40.74537527506115], [-74.00141179561615, 40.74550939279632], [-74.00142252445221, 40.74551345696588], [-74.00141716003418, 40.74552564947314], [-74.00160491466522, 40.7456069327975], [-74.00158882141113, 40.745627253613065], [-74.00170147418976, 40.74567602354509]]]}, "properties": {"is_underground": false, "@height_source": "OpenStreetMap", "building_id": "ccf66c56-83c3-4db8-a313-6abb16dc385c", "@geometry_source": "OpenStreetMap", "sources": "[{\"license\":\"ODbL-1.0\",\"record_id\":\"w288778587@1\",\"update_time\":\"2014-06-19T11:48:18.000Z\",\"property\":\"\",\"dataset\":\"OpenStreetMap\"}]", "roof_material": "concrete", "roof_shape": "flat", "roof_color": "#2E344C", "id": "32356332-3234-3364-A339-633835353732", "facade_color": "#B2A088", "version": 1, "height": 47}, "id": 11162745589577177000}, {"type": "Feature", "geometry": {"type": "Polygon", "coordinates": [[[-73.99641752243042, 40.746622965969834], [-73.99692714214325, 40.74683429891954], [-73.99703443050385, 40.74668799156436], [-73.99688959121704, 40.74663109417264], [-73.99685204029083, 40.74668799156436], [-73.99648189544678, 40.74653355567358], [-73.99641752243042, 40.746622965969834]]]}, "properties": {"is_underground": false, "building_id": "0c4b331c-0140-42c8-89f4-69886f355f0b", "@geometry_source": "OpenStreetMap", "sources": "[{\"license\":\"ODbL-1.0\",\"record_id\":\"w1276101808@1\",\"update_time\":\"2024-04-25T14:12:08.000Z\",\"property\":\"\",\"dataset\":\"OpenStreetMap\"}]", "num_floors": 2, "id": "64386638-3162-3330-B766-366561363831", "version": 1}, "id": 11677534037225318000}, {"type": "Feature", "geometry": {"type": "Polygon", "coordinates": [[[-73.99746894836426, 40.74225797756449], [-73.99747967720032, 40.74225391319598], [-73.99748504161835, 40.742237655719464], [-73.99747967720032, 40.74222952697971], [-73.9974582195282, 40.742221398238996], [-73.99744749069214, 40.7422254626095], [-73.99743676185608, 40.74224172008897], [-73.99744749069214, 40.74225797756449], [-73.99746894836426, 40.74225797756449]]]}, "properties": {"is_underground": false, "@height_source": "OpenStreetMap", "building_id": "173284e4-8a2c-4861-90df-e1daf9928fb7", "sources": "[{\"license\":\"ODbL-1.0\",\"record_id\":\"w380773837@1\",\"update_time\":\"2015-11-17T13:20:58.000Z\",\"property\":\"\",\"dataset\":\"OpenStreetMap\"}]", "facade_color": "#938E7B", "version": 1, "roof_height": 1.5, "@geometry_source": "OpenStreetMap", "min_height": 53.3, "roof_material": "metal", "roof_shape": "pyramidal", "roof_color": "#596269", "id": "64636636-6232-3337-B962-373437393939", "height": 57}, "id": 11707994575382618000}, {"type": "Feature", "geometry": {"type": "Polygon", "coordinates": [[[-73.9974957704544, 40.74225797756449], [-73.99753868579865, 40.742278299403296], [-73.99756014347076, 40.742249848827214], [-73.99751722812653, 40.74223359134973], [-73.9974957704544, 40.74225797756449]]]}, "properties": {"is_underground": false, "@height_source": "OpenStreetMap", "building_id": "173284e4-8a2c-4861-90df-e1daf9928fb7", "sources": "[{\"license\":\"ODbL-1.0\",\"record_id\":\"w380773791@1\",\"update_time\":\"2015-11-17T13:19:37.000Z\",\"property\":\"\",\"dataset\":\"OpenStreetMap\"}]", "facade_color": "#CFCAB7", "version": 1, "@geometry_source": "OpenStreetMap", "facade_material": "brick", "min_height": 46.6, "roof_material": "concrete", "roof_shape": "flat", "roof_color": "#AEA89A", "id": "38353764-6164-3362-A564-623439396666", "height": 50}, "id": 12058579899295609000}, {"type": "Feature", "geometry": {"type": "Polygon", "coordinates": [[[-74.00117576122284, 40.74407878967705], [-74.00109529495239, 40.74418852452871], [-74.00113821029663, 40.744204781528396], [-74.00121867656708, 40.744095046703535], [-74.00117576122284, 40.74407878967705]]]}, "properties": {"is_underground": false, "@height_source": "OpenStreetMap", "building_id": "b8745b38-ba42-467f-ba04-3857dbdf86f9", "@geometry_source": "OpenStreetMap", "facade_material": "brick", "sources": "[{\"license\":\"ODbL-1.0\",\"record_id\":\"w264643815@2\",\"update_time\":\"2024-12-06T00:05:41.000Z\",\"property\":\"\",\"dataset\":\"OpenStreetMap\"}]", "num_floors": 4, "roof_color": "#F6F5F4", "id": "63636233-3638-3866-A461-336536653935", "facade_color": "#B5835A", "version": 1, "height": 13.9}, "id": 12216722073741062000}, {"type": "Feature", "geometry": {"type": "Polygon", "coordinates": [[[-73.9964497089386, 40.7423758441432], [-73.9963960647583, 40.74235145797164], [-73.99631559848785, 40.74246119567323], [-73.99636924266815, 40.742485581804544], [-73.99639070034027, 40.74245306696079], [-73.99637460708618, 40.74244493824739], [-73.99640679359436, 40.742400230305805], [-73.99642288684845, 40.742408359024694], [-73.9964497089386, 40.7423758441432]]]}, "properties": {"is_underground": false, "@height_source": "OpenStreetMap", "building_id": "5aa35efd-797a-4fa0-b223-f77c74cbff13", "@geometry_source": "OpenStreetMap", "sources": "[{\"license\":\"ODbL-1.0\",\"record_id\":\"w317076431@1\",\"update_time\":\"2014-12-13T12:10:47.000Z\",\"property\":\"\",\"dataset\":\"OpenStreetMap\"}]", "roof_material": "concrete", "roof_shape": "flat", "num_floors": 14, "id": "36353331-3338-3666-A161-336239316430", "facade_color": "#C3977E", "version": 1, "height": 42}, "id": 12317041885940347000}, {"type": "Feature", "geometry": {"type": "Polygon", "coordinates": [[[-74.00292456150055, 40.74175399397558], [-74.00281727313995, 40.741900312185095], [-74.00283336639404, 40.74190844096506], [-74.0027904510498, 40.741969406783284], [-74.0030586719513, 40.74207914511521], [-74.00311231613159, 40.741997857479305], [-74.00314450263977, 40.74201005063102], [-74.00323569774628, 40.741884054622176], [-74.00292456150055, 40.74175399397558]]]}, "properties": {"is_underground": false, "@height_source": "OpenStreetMap", "building_id": "ef794193-153e-4e01-84d6-15f2397d3451", "sources": "[{\"license\":\"ODbL-1.0\",\"record_id\":\"w264625629@2\",\"update_time\":\"2014-07-24T14:59:11.000Z\",\"property\":\"\",\"dataset\":\"OpenStreetMap\"}]", "facade_color": "#DFCAAF", "version": 1, "@geometry_source": "OpenStreetMap", "facade_material": "brick", "roof_material": "concrete", "roof_shape": "flat", "num_floors": 5, "id": "62616262-3061-3966-A662-366535663631", "height": 22.6}, "id": 12337435772714764000}, {"type": "Feature", "geometry": {"type": "Polygon", "coordinates": [[[-73.999764919281, 40.74507452521718], [-73.99966299533844, 40.74502981904317], [-73.99951815605164, 40.74523302868283], [-73.9996200799942, 40.74527367053625], [-73.999764919281, 40.74507452521718]]]}, "properties": {"is_underground": false, "@height_source": "OpenStreetMap", "building_id": "014daeff-db3c-4de4-8786-ed49b1b59203", "roof_orientation": "along", "@geometry_source": "OpenStreetMap", "sources": "[{\"license\":\"ODbL-1.0\",\"record_id\":\"w287833004@1\",\"update_time\":\"2014-06-13T09:25:07.000Z\",\"property\":\"\",\"dataset\":\"OpenStreetMap\"}]", "roof_shape": "gabled", "roof_color": "#6C7467", "id": "31626537-3864-3235-A166-636631366363", "version": 1, "roof_height": 7, "height": 23.2}, "id": 12432969089290002000}, {"type": "Feature", "geometry": {"type": "Polygon", "coordinates": [[[-74.00136888027191, 40.746736760718505], [-74.00132596492767, 40.7467977221109], [-74.00134205818176, 40.74680585029236], [-74.001384973526, 40.746744888907386], [-74.00136888027191, 40.746736760718505]]]}, "properties": {"is_underground": false, "@height_source": "OpenStreetMap", "building_id": "25d032d0-78c4-407a-9a97-0d5533855e3d", "sources": "[{\"license\":\"ODbL-1.0\",\"record_id\":\"w324859930@1\",\"update_time\":\"2015-01-27T20:30:11.000Z\",\"property\":\"\",\"dataset\":\"OpenStreetMap\"}]", "facade_color": "#9C8272", "version": 1, "@geometry_source": "OpenStreetMap", "facade_material": "brick", "min_height": 45, "roof_material": "concrete", "roof_shape": "flat", "num_floors": 18, "id": "62376437-3964-3462-B832-396338613963", "height": 53.4}, "id": 12549772833847433000}, {"type": "Feature", "geometry": {"type": "Polygon", "coordinates": [[[-73.99959325790405, 40.745265542167544], [-73.99962544441223, 40.74527773472022], [-73.99962544441223, 40.745285863087446], [-73.99964153766632, 40.745289927270676], [-73.99979174137115, 40.74508265360922], [-73.99964153766632, 40.74502169064468], [-73.99949133396149, 40.745228964496135], [-73.99959325790405, 40.74527367053625], [-73.99959325790405, 40.745265542167544]]]}, "properties": {"is_underground": false, "@height_source": "OpenStreetMap", "building_id": "014daeff-db3c-4de4-8786-ed49b1b59203", "roof_orientation": "along", "@geometry_source": "OpenStreetMap", "sources": "[{\"license\":\"ODbL-1.0\",\"record_id\":\"w287833000@1\",\"update_time\":\"2014-06-13T09:25:08.000Z\",\"property\":\"\",\"dataset\":\"OpenStreetMap\"}]", "roof_shape": "gabled", "roof_color": "#6C7467", "id": "38316337-3231-3137-A630-383038356165", "version": 1, "roof_height": 4, "height": 15}, "id": 13231488484272570000}, {"type": "Feature", "geometry": {"type": "Polygon", "coordinates": [[[-73.99656236171722, 40.74562318945047], [-73.9962887763977, 40.74550939279632], [-73.99618685245514, 40.745647574422435], [-73.99646043777466, 40.74576543499427], [-73.99656236171722, 40.74562318945047]]]}, "properties": {"is_underground": false, "@height_source": "OpenStreetMap", "building_id": "11d542b8-bf41-4f73-8b73-87490954e136", "@geometry_source": "OpenStreetMap", "sources": "[{\"license\":\"ODbL-1.0\",\"record_id\":\"w317087863@1\",\"update_time\":\"2014-12-13T13:48:43.000Z\",\"property\":\"\",\"dataset\":\"OpenStreetMap\"}]", "roof_material": "concrete", "roof_shape": "flat", "roof_color": "#4B585E", "id": "34633434-3334-3664-A261-316664353035", "facade_color": "#A19B8B", "version": 1, "height": 48}, "id": 13291669695732613000}, {"type": "Feature", "geometry": {"type": "Polygon", "coordinates": [[[-73.99688959121704, 40.74205069445392], [-73.99691641330719, 40.74206288759598], [-73.99719536304474, 40.74167677034632], [-73.99716854095459, 40.74166457713349], [-73.99718999862671, 40.74163612629491], [-73.99702370166779, 40.74156703135051], [-73.99699687957764, 40.74160767544416], [-73.99716854095459, 40.74168083475007], [-73.99690568447113, 40.74204256569135], [-73.99673402309418, 40.741969406783284], [-73.99670720100403, 40.742005986247364], [-73.99687349796295, 40.74207508073579], [-73.99688959121704, 40.74205069445392]]]}, "properties": {"is_underground": false, "@height_source": "OpenStreetMap", "building_id": "434c40a3-edc3-4605-96e3-1216d68018f2", "@geometry_source": "OpenStreetMap", "sources": "[{\"license\":\"ODbL-1.0\",\"record_id\":\"w380868496@1\",\"update_time\":\"2015-11-17T20:39:34.000Z\",\"property\":\"\",\"dataset\":\"OpenStreetMap\"}]", "roof_material": "concrete", "roof_shape": "flat", "num_floors": 10, "id": "32636364-6437-3366-B032-386133333261", "facade_color": "#CCB59C", "version": 1, "height": 30}, "id": 13430107206265975000}, {"type": "Feature", "geometry": {"type": "Polygon", "coordinates": [[[-73.9993679523468, 40.74470061810925], [-73.99939477443695, 40.74471281076549], [-73.99946987628937, 40.74461120522852], [-73.99944305419922, 40.744599012553664], [-73.9993679523468, 40.74470061810925]]]}, "properties": {"is_underground": false, "building_id": "bde7e143-4ecd-4b30-aab9-fa3b4f0ed63f", "@geometry_source": "OpenStreetMap", "sources": "[{\"license\":\"ODbL-1.0\",\"record_id\":\"w1275402948@1\",\"update_time\":\"2024-04-23T20:48:38.000Z\",\"property\":\"\",\"dataset\":\"OpenStreetMap\"}]", "num_floors": 1, "id": "34343433-3666-3136-B534-666638626539", "version": 1}, "id": 13878159913052450000}, {"type": "Feature", "geometry": {"type": "Polygon", "coordinates": [[[-74.00141179561615, 40.74550939279632], [-74.00150835514069, 40.74537527506115], [-74.0015459060669, 40.745391531770736], [-74.00155663490295, 40.74537933923892], [-74.00137424468994, 40.74530211981889], [-74.00135815143585, 40.7453102481831], [-74.00128841400146, 40.74527773472022], [-74.00126159191132, 40.7453102481831], [-74.00122940540314, 40.7452980556364], [-74.00119721889496, 40.74533869745008], [-74.00118112564087, 40.74533869745008], [-74.00112748146057, 40.745411852652126], [-74.00122404098511, 40.74545655856929], [-74.0012401342392, 40.74543623770157], [-74.00141179561615, 40.74550939279632]]]}, "properties": {"is_underground": false, "@height_source": "OpenStreetMap", "building_id": "ccf66c56-83c3-4db8-a313-6abb16dc385c", "@geometry_source": "OpenStreetMap", "sources": "[{\"license\":\"ODbL-1.0\",\"record_id\":\"w288777832@1\",\"update_time\":\"2014-06-19T11:47:18.000Z\",\"property\":\"\",\"dataset\":\"OpenStreetMap\"}]", "roof_material": "concrete", "roof_shape": "flat", "roof_color": "#2E344C", "id": "65613365-3639-3735-B531-303432643236", "facade_color": "#B2A088", "version": 1, "height": 35}, "id": 14073688878664618000}, {"type": "Feature", "geometry": {"type": "Polygon", "coordinates": [[[-73.99648725986481, 40.745757306685675], [-73.99653017520905, 40.74577356330187], [-73.99657845497131, 40.74571260097068], [-73.99653017520905, 40.745692280181174], [-73.99648725986481, 40.745757306685675]]]}, "properties": {"is_underground": false, "@height_source": "OpenStreetMap", "building_id": "11d542b8-bf41-4f73-8b73-87490954e136", "sources": "[{\"license\":\"ODbL-1.0\",\"record_id\":\"w317087871@1\",\"update_time\":\"2014-12-13T13:48:43.000Z\",\"property\":\"\",\"dataset\":\"OpenStreetMap\"}]", "facade_color": "#A19B8B", "version": 1, "@geometry_source": "OpenStreetMap", "min_height": 53.8, "roof_material": "concrete", "roof_shape": "flat", "roof_color": "#4B585E", "id": "30666465-3062-3562-B465-376365366335", "height": 56}, "id": 14330082207836303000}, {"type": "Feature", "geometry": {"type": "Polygon", "coordinates": [[[-73.99666965007782, 40.74572479344138], [-73.99671256542206, 40.745741050065504], [-73.99682521820068, 40.74558661197574], [-73.99668574333191, 40.74552564947314], [-73.99665355682373, 40.745570355313816], [-73.99658918380737, 40.74558254781061], [-73.99632096290588, 40.745472815259006], [-73.9963048696518, 40.745419981002925], [-73.99633705615997, 40.74537933923892], [-73.9961975812912, 40.74531837654632], [-73.99608492851257, 40.74547687943084], [-73.99611711502075, 40.745489071944746], [-73.99614930152893, 40.74544843022298], [-73.99621367454529, 40.74547687943084], [-73.99621367454529, 40.745472815259006], [-73.99656236171722, 40.74562318945047], [-73.99656772613525, 40.74561912528759], [-73.99664282798767, 40.745647574422435], [-73.99664282798767, 40.745655702744415], [-73.996701836586, 40.74568008770447], [-73.99666965007782, 40.74572479344138]]]}, "properties": {"is_underground": false, "@height_source": "OpenStreetMap", "building_id": "11d542b8-bf41-4f73-8b73-87490954e136", "@geometry_source": "OpenStreetMap", "sources": "[{\"license\":\"ODbL-1.0\",\"record_id\":\"w317087862@1\",\"update_time\":\"2014-12-13T13:48:45.000Z\",\"property\":\"\",\"dataset\":\"OpenStreetMap\"}]", "roof_material": "concrete", "roof_shape": "flat", "roof_color": "#AF8E7B", "id": "38633564-6432-3139-B331-373538303731", "facade_color": "#A19B8B", "version": 1, "height": 45}, "id": 14538915715470959000}, {"type": "Feature", "geometry": {"type": "Polygon", "coordinates": [[[-73.99631559848785, 40.74596051410248], [-73.99649798870087, 40.74603773275808], [-73.99651408195496, 40.74600928379013], [-73.99633705615997, 40.7459320651015], [-73.99631559848785, 40.74596051410248]]]}, "properties": {"is_underground": false, "@height_source": "OpenStreetMap", "building_id": "11d542b8-bf41-4f73-8b73-87490954e136", "@geometry_source": "OpenStreetMap", "sources": "[{\"license\":\"ODbL-1.0\",\"record_id\":\"w317087868@1\",\"update_time\":\"2014-12-13T13:48:45.000Z\",\"property\":\"\",\"dataset\":\"OpenStreetMap\"}]", "roof_material": "concrete", "roof_shape": "flat", "roof_color": "#AF8E7B", "id": "39656639-3739-3636-A166-646635346432", "facade_color": "#A19B8B", "version": 1, "height": 39}, "id": 14688814599068822000}, {"type": "Feature", "geometry": {"type": "Polygon", "coordinates": [[[-73.99631559848785, 40.74596051410248], [-73.99646043777466, 40.74576543499427], [-73.99618685245514, 40.745647574422435], [-73.99604201316833, 40.74584671802555], [-73.99631559848785, 40.74596051410248]]]}, "properties": {"is_underground": false, "@height_source": "OpenStreetMap", "building_id": "11d542b8-bf41-4f73-8b73-87490954e136", "@geometry_source": "OpenStreetMap", "sources": "[{\"license\":\"ODbL-1.0\",\"record_id\":\"w317087873@1\",\"update_time\":\"2014-12-13T13:48:43.000Z\",\"property\":\"\",\"dataset\":\"OpenStreetMap\"}]", "roof_material": "concrete", "roof_shape": "flat", "roof_color": "#AF8E7B", "id": "63306165-6130-3761-B063-656662336238", "facade_color": "#A19B8B", "version": 1, "height": 9}, "id": 15465893962177784000}, {"type": "Feature", "geometry": {"type": "Polygon", "coordinates": [[[-73.99979174137115, 40.74511110297354], [-73.99979710578918, 40.74509891039031], [-73.99979174137115, 40.74508671780487], [-73.9997810125351, 40.74507858941334], [-73.99975955486298, 40.74508265360922], [-73.99975419044495, 40.74509484619543], [-73.99975955486298, 40.745107038779395], [-73.99977028369904, 40.745115167167455], [-73.99979174137115, 40.74511110297354]]]}, "properties": {"is_underground": false, "@height_source": "OpenStreetMap", "building_id": "014daeff-db3c-4de4-8786-ed49b1b59203", "@geometry_source": "OpenStreetMap", "sources": "[{\"license\":\"ODbL-1.0\",\"record_id\":\"w287833006@1\",\"update_time\":\"2014-06-13T09:25:07.000Z\",\"property\":\"\",\"dataset\":\"OpenStreetMap\"}]", "roof_shape": "pyramidal", "roof_color": "#A0B999", "id": "36353539-6133-3633-B237-626562633731", "version": 1, "roof_height": 5, "height": 24}, "id": 15568956386766619000}, {"type": "Feature", "geometry": {"type": "Polygon", "coordinates": [[[-74.00174975395203, 40.746509171026474], [-74.00185167789459, 40.74636692707338], [-74.00167465209961, 40.74628970880005], [-74.00157272815704, 40.74643601703144], [-74.00174975395203, 40.746509171026474]]]}, "properties": {"is_underground": false, "@height_source": "OpenStreetMap", "building_id": "6a0f9499-5418-44ba-af0c-5d6c081135f3", "@geometry_source": "OpenStreetMap", "sources": "[{\"license\":\"ODbL-1.0\",\"record_id\":\"w1422302507@1\",\"update_time\":\"2025-08-14T14:41:53.000Z\",\"property\":\"\",\"dataset\":\"OpenStreetMap\"}]", "num_floors": 6, "id": "32313235-6166-3662-A666-306438346466", "version": 1, "height": 27}, "id": 15642116826040687000}, {"type": "Feature", "geometry": {"type": "Polygon", "coordinates": [[[-73.99655163288116, 40.74256280449475], [-73.99663209915161, 40.74245306696079], [-73.99658918380737, 40.74243680953296], [-73.99650871753693, 40.74254654709375], [-73.99655163288116, 40.74256280449475]]]}, "properties": {"is_underground": false, "@height_source": "OpenStreetMap", "building_id": "5aa35efd-797a-4fa0-b223-f77c74cbff13", "@geometry_source": "OpenStreetMap", "sources": "[{\"license\":\"ODbL-1.0\",\"record_id\":\"w317076428@1\",\"update_time\":\"2014-12-13T12:10:46.000Z\",\"property\":\"\",\"dataset\":\"OpenStreetMap\"}]", "roof_material": "concrete", "roof_shape": "flat", "id": "34643739-6461-3035-B838-666439613935", "facade_color": "#708392", "version": 1, "height": 6}, "id": 15745929530053437000}, {"type": "Feature", "geometry": {"type": "Polygon", "coordinates": [[[-73.99678766727448, 40.743135875341636], [-73.99681985378265, 40.74309116786449], [-73.99676084518433, 40.74306678195521], [-73.99672865867615, 40.74311148944875], [-73.99678766727448, 40.743135875341636]]]}, "properties": {"is_underground": false, "@height_source": "OpenStreetMap", "building_id": "e2e1e215-03de-441b-801e-6c6d093211de", "sources": "[{\"license\":\"ODbL-1.0\",\"record_id\":\"w380863436@1\",\"update_time\":\"2015-11-17T20:20:23.000Z\",\"property\":\"\",\"dataset\":\"OpenStreetMap\"}]", "facade_color": "#DDD5C4", "version": 1, "@geometry_source": "OpenStreetMap", "facade_material": "brick", "min_height": 38.8, "roof_material": "concrete", "roof_shape": "flat", "id": "37306132-3566-3561-A465-333835353565", "height": 48}, "id": 15793490378186236000}, {"type": "Feature", "geometry": {"type": "Polygon", "coordinates": [[[-73.99642288684845, 40.742408359024694], [-73.99640679359436, 40.742400230305805], [-73.99637460708618, 40.74244493824739], [-73.99639070034027, 40.74245306696079], [-73.99636924266815, 40.742485581804544], [-73.99650871753693, 40.74254654709375], [-73.99658918380737, 40.74243680953296], [-73.9964497089386, 40.7423758441432], [-73.99642288684845, 40.742408359024694]]]}, "properties": {"is_underground": false, "@height_source": "OpenStreetMap", "building_id": "5aa35efd-797a-4fa0-b223-f77c74cbff13", "@geometry_source": "OpenStreetMap", "sources": "[{\"license\":\"ODbL-1.0\",\"record_id\":\"w317076430@1\",\"update_time\":\"2014-12-13T12:10:47.000Z\",\"property\":\"\",\"dataset\":\"OpenStreetMap\"}]", "roof_material": "concrete", "roof_shape": "flat", "num_floors": 15, "id": "34313732-3463-3836-B434-396135623832", "facade_color": "#C3977E", "version": 1, "height": 45.7}, "id": 16189647503908106000}, {"type": "Feature", "geometry": {"type": "Polygon", "coordinates": [[[-73.99586498737335, 40.745769499148196], [-73.99604201316833, 40.74584671802555], [-73.99606347084045, 40.74581826897591], [-73.99588644504547, 40.74574511422091], [-73.99586498737335, 40.745769499148196]]]}, "properties": {"is_underground": false, "@height_source": "OpenStreetMap", "building_id": "11d542b8-bf41-4f73-8b73-87490954e136", "@geometry_source": "OpenStreetMap", "sources": "[{\"license\":\"ODbL-1.0\",\"record_id\":\"w317087865@1\",\"update_time\":\"2014-12-13T13:48:45.000Z\",\"property\":\"\",\"dataset\":\"OpenStreetMap\"}]", "roof_material": "concrete", "roof_shape": "flat", "roof_color": "#AF8E7B", "id": "37333533-6138-3465-B761-316432303235", "facade_color": "#A19B8B", "version": 1, "height": 39}, "id": 17504785537726786000}, {"type": "Feature", "geometry": {"type": "Polygon", "coordinates": [[[-74.00171220302582, 40.744111303726044], [-74.00172293186188, 40.744107239470765], [-74.00171756744385, 40.744099110959525], [-74.001744389534, 40.74405846838832], [-74.00175511837006, 40.74405846838832], [-74.00175511837006, 40.74405033987111], [-74.00173902511597, 40.74405033987111], [-74.0016907453537, 40.74403408283371], [-74.0016907453537, 40.744025954313486], [-74.00168001651764, 40.744025954313486], [-74.00168001651764, 40.74403408283371], [-74.00165319442749, 40.74407472541978], [-74.00164246559143, 40.74407472541978], [-74.00164246559143, 40.744082853934], [-74.00165319442749, 40.74407878967705], [-74.00170683860779, 40.74410317521529], [-74.00171220302582, 40.744111303726044]]]}, "properties": {"is_underground": false, "@height_source": "OpenStreetMap", "building_id": "15dd5709-b10e-4c3e-a2f8-a6a14b34110e", "sources": "[{\"license\":\"ODbL-1.0\",\"record_id\":\"w287829985@1\",\"update_time\":\"2014-06-13T08:58:34.000Z\",\"property\":\"\",\"dataset\":\"OpenStreetMap\"}]", "facade_color": "#95907C", "version": 1, "@geometry_source": "OpenStreetMap", "facade_material": "stone", "roof_material": "slate", "roof_shape": "flat", "roof_color": "#95907C", "id": "30343765-3934-3631-A366-376661383836", "height": 34.7}, "id": 17752833529849424000}, {"type": "Feature", "geometry": {"type": "Polygon", "coordinates": [[[-73.99646580219269, 40.742485581804544], [-73.99649798870087, 40.74243680953296], [-73.99643898010254, 40.74241242338377], [-73.99640679359436, 40.74246119567323], [-73.99646580219269, 40.742485581804544]]]}, "properties": {"is_underground": false, "@height_source": "OpenStreetMap", "building_id": "5aa35efd-797a-4fa0-b223-f77c74cbff13", "@geometry_source": "OpenStreetMap", "sources": "[{\"license\":\"ODbL-1.0\",\"record_id\":\"w317076429@1\",\"update_time\":\"2014-12-13T12:10:46.000Z\",\"property\":\"\",\"dataset\":\"OpenStreetMap\"}]", "roof_material": "concrete", "roof_shape": "flat", "id": "62376462-3238-3130-B466-613463303639", "facade_color": "#C3977E", "version": 1, "height": 55}, "id": 18294487562302554000}, {"type": "Feature", "geometry": {"type": "Polygon", "coordinates": [[[-73.99959325790405, 40.74527367053625], [-73.99946451187134, 40.74522083612197], [-73.99945914745331, 40.74523302868283], [-73.999582529068, 40.745285863087446], [-73.99959325790405, 40.74527367053625]]]}, "properties": {"is_underground": false, "@height_source": "OpenStreetMap", "building_id": "014daeff-db3c-4de4-8786-ed49b1b59203", "@geometry_source": "OpenStreetMap", "sources": "[{\"license\":\"ODbL-1.0\",\"record_id\":\"w287833001@1\",\"update_time\":\"2014-06-13T09:25:08.000Z\",\"property\":\"\",\"dataset\":\"OpenStreetMap\"}]", "roof_shape": "flat", "roof_color": "#6C7467", "id": "35383139-3234-3962-B463-313839366336", "version": 1, "height": 8}, "id": 18416391188314319000}]}