{"type":"FeatureCollection","features":[{"type":"Feature","properties":{"id":"39626238-3735-3463-B865-306661663861","building_id":"832d03e3-75df-48ce-809d-47756a22b9b4","height":null,"min_height":0},"geometry":{"type":"Polygon","coordinates":[[[-73.93786489963531,40.80562377982474],[-73.93795609474182,40.805664384750884],[-73.93800437450409,40.805595356361664],[-73.93790781497955,40.805558811891245],[-73.93786489963531,40.80562377982474]]]}},{"type":"Feature","properties":{"id":"35636164-6261-3537-A436-313362656464","building_id":"61fb44c8-1f2f-437c-a7d9-ef2758571aa3","height":null,"min_height":0},"geometry":{"type":"Polygon","coordinates":[[[-73.93875539302826,40.80276106991633],[-73.93872320652008,40.8028097979265],[-73.9387983083725,40.80283822258258],[-73.93883049488068,40.8027894945933],[-73.93875539302826,40.80276106991633]]]}},{"type":"Feature","properties":{"id":"62313039-3532-3564-B162-323236653434","building_id":"61fb44c8-1f2f-437c-a7d9-ef2758571aa3","height":null,"min_height":0},"geometry":{"type":"Polygon","coordinates":[[[-73.93875539302826,40.80276106991633],[-73.93883049488068,40.8027894945933],[-73.93896996974945,40.802594582278346],[-73.93889486789703,40.8025661575179],[-73.93875539302826,40.80276106991633]]]}},{"type":"Feature","properties":{"id":"66623465-6636-3732-A565-663837303733","building_id":"6dffd8e2-65ca-49cd-8822-c4dc9dccb003","height":25.4,"min_height":19.8},"geometry":{"type":"Polygon","coordinates":[[[-73.93785953521729,40.79135773192857],[-73.93781125545502,40.791430836486995],[-73.93781661987305,40.791451143294495],[-73.9381492137909,40.79159329077311],[-73.93807411193848,40.79169482450007],[-73.93817603588104,40.79173543794738],[-73.93820285797119,40.791731376603764],[-73.93827795982361,40.79163390428252],[-73.93821895122528,40.7914836341736],[-73.9378970861435,40.79135367056185],[-73.93785953521729,40.79135773192857]]]}},{"type":"Feature","properties":{"id":"37396434-6633-3633-A466-353137313036","building_id":"f4bc9882-593d-43e0-a415-0f6261ed3b47","height":6,"min_height":0},"geometry":{"type":"Polygon","coordinates":[[[-73.9522522687912,40.78870154505046],[-73.95211815834045,40.788640622086604],[-73.95206987857819,40.78865280668384],[-73.95223617553711,40.78872185269262],[-73.9522522687912,40.78870154505046]]]}},{"type":"Feature","properties":{"id":"34633033-3065-3166-B933-303535373534","building_id":"2cfdd269-f7c7-4a62-86c5-d44049df1eb6","height":58,"min_height":24},"geometry":{"type":"Polygon","coordinates":[[[-73.95267069339752,40.790216478108306],[-73.95254194736481,40.79038705821796],[-73.95289599895477,40.79030989107977],[-73.95267069339752,40.790216478108306]]]}},{"type":"Feature","properties":{"id":"35303437-6266-3564-B035-383832643934","building_id":"8e22e7f1-bf5a-43f8-a116-253257046184","height":65,"min_height":0},"geometry":{"type":"Polygon","coordinates":[[[-73.95230054855347,40.791049067350116],[-73.95217180252075,40.790996269317986],[-73.95208597183228,40.79118715431258],[-73.95242929458618,40.79132930235636],[-73.95249903202057,40.791179031558045],[-73.95227909088135,40.79108561980928],[-73.95230054855347,40.791049067350116]]]}},{"type":"Feature","properties":{"id":"64376566-3063-3334-A263-316666626636","building_id":"6796b195-0e33-4788-9599-12086ef932f4","height":129.7,"min_height":120},"geometry":{"type":"Polygon","coordinates":[[[-73.94810557365417,40.785232908646975],[-73.94821286201477,40.7852775877852],[-73.9483094215393,40.78514761202689],[-73.94818603992462,40.78509480930239],[-73.94815385341644,40.78513542678647],[-73.94816994667053,40.78514355028031],[-73.94810557365417,40.785232908646975]]]}},{"type":"Feature","properties":{"id":"37386563-6563-3137-A433-623764633135","building_id":"39be0402-154f-4fdb-95b7-9914c5bac12d","height":19.8,"min_height":14.1},"geometry":{"type":"Polygon","coordinates":[[[-73.93750011920929,40.79049265520908],[-73.93772006034851,40.79058606779199],[-73.93775224685669,40.79058606779199],[-73.93806874752045,40.790720094311894],[-73.93799364566803,40.790821629374136],[-73.9380955696106,40.79086224335555],[-73.93812239170074,40.79085818195853],[-73.93819749355316,40.79075664695219],[-73.9381331205368,40.79060637485787],[-73.93781125545502,40.79047234810844],[-73.93777906894684,40.79047640952908],[-73.9375752210617,40.7903911196438],[-73.93750011920929,40.79049265520908]]]}},{"type":"Feature","properties":{"id":"33663036-3162-3666-A565-393139373539","building_id":"39be0402-154f-4fdb-95b7-9914c5bac12d","height":98,"min_height":93},"geometry":{"type":"Polygon","coordinates":[[[-73.93794000148773,40.79100845348299],[-73.93794000148773,40.79099220792915],[-73.93792927265167,40.790980023761165],[-73.93790781497955,40.79097596237136],[-73.93789172172546,40.79098814654009],[-73.9378970861435,40.7910125148708],[-73.93791854381561,40.791016576258386],[-73.93794000148773,40.79100845348299]]]}},{"type":"Feature","properties":{"id":"37643938-3733-3638-B035-346162343766","building_id":"6dffd8e2-65ca-49cd-8822-c4dc9dccb003","height":19.8,"min_height":14.1},"geometry":{"type":"Polygon","coordinates":[[[-73.93769860267639,40.79141459103653],[-73.93780052661896,40.79145926601578],[-73.93783271312714,40.79145926601578],[-73.9381492137909,40.79159329077311],[-73.93807411193848,40.79169482450007],[-73.93817603588104,40.79173543794738],[-73.93820285797119,40.791731376603764],[-73.93827795982361,40.79163390428252],[-73.93821895122528,40.7914836341736],[-73.93801510334015,40.79139834558208],[-73.9378970861435,40.79135367056185],[-73.93785953521729,40.79135773192857],[-73.93776834011078,40.79131711825022],[-73.93769860267639,40.79141459103653]]]}},{"type":"Feature","properties":{"id":"35666336-6335-3765-A663-626334393232","building_id":"6dffd8e2-65ca-49cd-8822-c4dc9dccb003","height":93,"min_height":90.5},"geometry":{"type":"Polygon","coordinates":[[[-73.93801510334015,40.79181666476748],[-73.93800437450409,40.79183291011958],[-73.93791317939758,40.7918491554677],[-73.93789172172546,40.79184103279414],[-73.9378434419632,40.79190195282163],[-73.93789172172546,40.791926320817],[-73.93806874752045,40.791889768820624],[-73.9380955696106,40.7918491554677],[-73.93801510334015,40.79181666476748]]]}},{"type":"Feature","properties":{"id":"37356630-3665-3764-A465-386538336139","building_id":"40b19d59-19eb-43e7-8c74-d625c3dd2893","height":60,"min_height":0},"geometry":{"type":"Polygon","coordinates":[[[-73.94136786460876,40.79117497018038],[-73.94128203392029,40.791288688660615],[-73.94136786460876,40.791325240987874],[-73.94132494926453,40.791386161488646],[-73.94152343273163,40.7914714500958],[-73.9416092634201,40.79135367056185],[-73.9415180683136,40.79131711825022],[-73.94156098365784,40.79125619768615],[-73.94136786460876,40.79117497018038]]]}},{"type":"Feature","properties":{"id":"35333466-6366-3638-A130-373536326131","building_id":"f4bc9882-593d-43e0-a415-0f6261ed3b47","height":25,"min_height":0},"geometry":{"type":"Polygon","coordinates":[[[-73.95211279392242,40.788303514009755],[-73.9520913362503,40.78829539090245],[-73.95203769207001,40.7883725603817],[-73.9520537853241,40.78838068347957],[-73.95211279392242,40.788303514009755]]]}},{"type":"Feature","properties":{"id":"63643335-6265-3434-B737-353566336434","building_id":"2cfdd269-f7c7-4a62-86c5-d44049df1eb6","height":24,"min_height":0},"geometry":{"type":"Polygon","coordinates":[[[-73.95267605781555,40.79067948024351],[-73.95256876945496,40.79037893536554],[-73.95254194736481,40.79038705821796],[-73.95253121852875,40.790370812512094],[-73.95213961601257,40.7904520410016],[-73.95267605781555,40.79067948024351]]]}},{"type":"Feature","properties":{"id":"31666131-6166-3232-B338-386230353334","building_id":"0a9f0e0e-e0b5-4c1f-a05c-a455dd44e1be","height":66,"min_height":0},"geometry":{"type":"Polygon","coordinates":[[[-73.94016087055206,40.79022053954458],[-73.94017696380615,40.79021241667178],[-73.94018769264221,40.790196170923195],[-73.94018232822418,40.79017586373189],[-73.94016623497009,40.79016367941415],[-73.94014477729797,40.79015961797438],[-73.94009113311768,40.79016774085363],[-73.94006431102753,40.79018804804744],[-73.94006431102753,40.79020429379801],[-73.94008040428162,40.79022866241638],[-73.94010722637177,40.790232723851915],[-73.94016087055206,40.79022053954458]]]}},{"type":"Feature","properties":{"id":"63626231-3836-3763-B764-313932363166","building_id":"7adb8d16-2dc6-49d4-be4f-4a5770cf4741","height":25.4,"min_height":19.8},"geometry":{"type":"Polygon","coordinates":[[[-73.93820285797119,40.78994029985884],[-73.93830478191376,40.78998497583001],[-73.93831014633179,40.790009344528926],[-73.93834233283997,40.79002152887497],[-73.93873929977417,40.79018398660918],[-73.93876612186432,40.79017992517066],[-73.93908262252808,40.79031395251033],[-73.93900752067566,40.79041548819362],[-73.93910944461823,40.79046016384507],[-73.93913626670837,40.7904520410016],[-73.93921136856079,40.79035456680228],[-73.93915235996246,40.79020429379801],[-73.93882513046265,40.790066204791515],[-73.93879294395447,40.79007432768222],[-73.93839061260223,40.789899685313515],[-73.9383852481842,40.78991186967974],[-73.93834233283997,40.789891562401465],[-73.93835842609406,40.78986719365935],[-73.93826186656952,40.78982657906931],[-73.93819212913513,40.78991593113463],[-73.93820285797119,40.78994029985884]]]}},{"type":"Feature","properties":{"id":"63343261-6434-3239-B237-303136623339","building_id":"6dffd8e2-65ca-49cd-8822-c4dc9dccb003","height":98,"min_height":93},"geometry":{"type":"Polygon","coordinates":[[[-73.93802583217621,40.79187758481734],[-73.93802583217621,40.791861339476185],[-73.93801510334015,40.7918491554677],[-73.93799364566803,40.79184509413105],[-73.93797755241394,40.79185727814027],[-73.93798291683197,40.79188164615201],[-73.93800437450409,40.79188570748644],[-73.93802583217621,40.79187758481734]]]}},{"type":"Feature","properties":{"id":"65313265-3436-3466-A238-323166303132","building_id":"5dcac5fc-e5af-41d0-aaa5-bdee68f0236d","height":60,"min_height":0},"geometry":{"type":"Polygon","coordinates":[[[-73.94329905509949,40.79145520465525],[-73.94337952136993,40.7913414864602],[-73.94329369068146,40.79130493414189],[-73.94334197044373,40.7912440135666],[-73.94314348697662,40.791158724667326],[-73.94305765628815,40.79127650454706],[-73.94314885139465,40.79131305688102],[-73.94310057163239,40.791373977392965],[-73.94329905509949,40.79145520465525]]]}},{"type":"Feature","properties":{"id":"32643466-3636-3236-B061-326433316161","building_id":"7d6f589a-6c51-481e-9635-8c39383602ef","height":42.5,"min_height":40},"geometry":{"type":"Polygon","coordinates":[[[-73.94684493541718,40.78585841384702],[-73.94693076610565,40.78587059895477],[-73.94694685935974,40.785797488274824],[-73.9468663930893,40.78578530315366],[-73.94684493541718,40.78585841384702]]]}},{"type":"Feature","properties":{"id":"31616135-6661-3461-B561-306535643534","building_id":"7adb8d16-2dc6-49d4-be4f-4a5770cf4741","height":25.4,"min_height":19.8},"geometry":{"type":"Polygon","coordinates":[[[-73.93842816352844,40.790370812512094],[-73.93832623958588,40.790330198230095],[-73.93825650215149,40.79042767246517],[-73.93848180770874,40.790521085139545],[-73.93850862979889,40.790521085139545],[-73.93857300281525,40.79043579531165],[-73.93842816352844,40.790370812512094]]]}},{"type":"Feature","properties":{"id":"32646232-6432-3837-A639-333863333764","building_id":"f4bc9882-593d-43e0-a415-0f6261ed3b47","height":82.5,"min_height":40},"geometry":{"type":"Polygon","coordinates":[[[-73.95265460014343,40.78890055967608],[-73.95269751548767,40.78883963689486],[-73.95254731178284,40.78885182145555],[-73.95253121852875,40.788876190570306],[-73.95263850688934,40.78892492877293],[-73.95265460014343,40.78890055967608]]]}},{"type":"Feature","properties":{"id":"64333663-6565-3139-B762-353432636638","building_id":"ad098b67-c538-4550-9ff1-fb323db90ad4","height":60,"min_height":0},"geometry":{"type":"Polygon","coordinates":[[[-73.94374966621399,40.79244616925402],[-73.94383549690247,40.79233245275623],[-73.94374966621399,40.79229590098342],[-73.94379794597626,40.79223092000433],[-73.94359409809113,40.792145632372694],[-73.94350826740265,40.79226341050182],[-73.94359946250916,40.79230402360133],[-73.94355654716492,40.792364943204035],[-73.94374966621399,40.79244616925402]]]}},{"type":"Feature","properties":{"id":"32646337-3832-3234-B366-356534346335","building_id":"5c9940b3-cc79-4b1d-9e65-df1886745030","height":18,"min_height":0},"geometry":{"type":"Polygon","coordinates":[[[-73.9406543970108,40.78805169722125],[-73.94062757492065,40.78797858894251],[-73.94054174423218,40.78799483523363],[-73.94048273563385,40.78783643372563],[-73.94050419330597,40.787832372143555],[-73.94047200679779,40.78774301727458],[-73.94043982028961,40.787751140449444],[-73.94041299819946,40.78766584706369],[-73.94033253192902,40.78768209343133],[-73.94035398960114,40.78773489409872],[-73.94024670124054,40.78775520203652],[-73.94027352333069,40.78783643372563],[-73.94038081169128,40.787812064229314],[-73.94043445587158,40.78796640422155],[-73.94042372703552,40.78796640422155],[-73.9404559135437,40.78805982035837],[-73.94047200679779,40.78805575878991],[-73.940509557724,40.78814917480105],[-73.94060611724854,40.788128866983726],[-73.94057929515839,40.78806388192655],[-73.9406543970108,40.78805169722125]]]}},{"type":"Feature","properties":{"id":"62343537-3736-3134-B466-363237393437","building_id":"74867c8c-7b38-43fa-9367-a5a8bd0aaa52","height":40,"min_height":0},"geometry":{"type":"Polygon","coordinates":[[[-73.94562721252441,40.78815729792623],[-73.94559502601624,40.788352252632706],[-73.94573986530304,40.7883725603817],[-73.94579350948334,40.78817760573486],[-73.94575595855713,40.78817354417362],[-73.94577205181122,40.78810449759473],[-73.94580960273743,40.78810855916021],[-73.94584715366364,40.78791360373825],[-73.94570231437683,40.7878932958489],[-73.9456433057785,40.788088251330436],[-73.94568622112274,40.78809231289688],[-73.94567012786865,40.78816135948847],[-73.94562721252441,40.78815729792623]]]}},{"type":"Feature","properties":{"id":"66346338-3734-3239-B563-373162653031","building_id":"f4bc9882-593d-43e0-a415-0f6261ed3b47","height":97.5,"min_height":30},"geometry":{"type":"Polygon","coordinates":[[[-73.95278334617615,40.78854314522823],[-73.95277798175812,40.78855126830521],[-73.95280480384827,40.78856345291885],[-73.9528101682663,40.78855532984335],[-73.95278334617615,40.78854314522823]]]}},{"type":"Feature","properties":{"id":"36316631-6437-3565-B961-316134623430","building_id":"6dffd8e2-65ca-49cd-8822-c4dc9dccb003","height":96,"min_height":90.5},"geometry":{"type":"Polygon","coordinates":[[[-73.93800437450409,40.79183291011958],[-73.93803656101227,40.79178823539175],[-73.93797218799591,40.79175980600385],[-73.9378970861435,40.79177605136985],[-73.93785953521729,40.79182478744403],[-73.93791317939758,40.7918491554677],[-73.93800437450409,40.79183291011958]]]}},{"type":"Feature","properties":{"id":"65386334-3063-3362-A361-613030646134","building_id":"2b904d72-06c2-4cb0-947e-1edebb00b82b","height":89,"min_height":86.1},"geometry":{"type":"Polygon","coordinates":[[[-73.94936621189117,40.785675636962736],[-73.94943594932556,40.78570406895557],[-73.94960224628448,40.7856715752485],[-73.9496397972107,40.78561471122285],[-73.94952714443207,40.78556190886974],[-73.9494788646698,40.78555784714854],[-73.94944131374359,40.78557409403189],[-73.94936621189117,40.785675636962736]]]}},{"type":"Feature","properties":{"id":"33656338-6136-3961-B561-316137363565","building_id":"370620f8-9d0d-44d8-bb8a-3629bb868f0a","height":66,"min_height":0},"geometry":{"type":"Polygon","coordinates":[[[-73.94165217876434,40.79060637485787],[-73.94167363643646,40.79059419061912],[-73.94167900085449,40.79057794496393],[-73.94167900085449,40.79056169930479],[-73.9416629076004,40.79054951505782],[-73.94163608551025,40.79054545364167],[-73.94158244132996,40.79055357647374],[-73.94155561923981,40.79057388354951],[-73.94155561923981,40.79059012920567],[-73.94157707691193,40.7906104362703],[-73.94159853458405,40.79061449768247],[-73.94165217876434,40.79060637485787]]]}},{"type":"Feature","properties":{"id":"37613834-3134-3837-B932-333038336230","building_id":"8e22e7f1-bf5a-43f8-a116-253257046184","height":30,"min_height":0},"geometry":{"type":"Polygon","coordinates":[[[-73.95231664180756,40.79130493414189],[-73.95232737064362,40.791288688660615],[-73.95213961601257,40.79121152257028],[-73.95212888717651,40.79121964532084],[-73.95204305648804,40.79118309293543],[-73.95203769207001,40.79118715431258],[-73.95231664180756,40.79130493414189]]]}},{"type":"Feature","properties":{"id":"66646265-3366-3636-A633-346562376438","building_id":"2b904d72-06c2-4cb0-947e-1edebb00b82b","height":null,"min_height":0},"geometry":{"type":"Polygon","coordinates":[[[-73.94931256771088,40.78590715426455],[-73.94941449165344,40.78594777125181],[-73.94960761070251,40.7856837603905],[-73.94956469535828,40.785687822103995],[-73.94955396652222,40.78570000724304],[-73.94950032234192,40.785708130667814],[-73.94948422908783,40.78570406895557],[-73.94945204257965,40.78571219237983],[-73.94931256771088,40.78590715426455]]]}},{"type":"Feature","properties":{"id":"33646139-3031-3635-A633-623863626531","building_id":"9d415f76-8c3b-4e17-be58-bcd12202e8d9","height":40,"min_height":0},"geometry":{"type":"Polygon","coordinates":[[[-73.9449030160904,40.78790954216089],[-73.9448869228363,40.78810855916021],[-73.94503712654114,40.788120743855046],[-73.94506931304932,40.78792172689228],[-73.94502639770508,40.78792172689228],[-73.94503712654114,40.78785268005154],[-73.94507467746735,40.787856741632396],[-73.94509077072144,40.7876577238784],[-73.9449405670166,40.78764553909858],[-73.94490838050842,40.78784455688907],[-73.94495129585266,40.787848618470434],[-73.94494593143463,40.78791360373825],[-73.9449030160904,40.78790954216089]]]}},{"type":"Feature","properties":{"id":"30373362-6434-3731-B439-333733336230","building_id":"7adb8d16-2dc6-49d4-be4f-4a5770cf4741","height":14.1,"min_height":0},"geometry":{"type":"Polygon","coordinates":[[[-73.93822968006134,40.790289583923254],[-73.93815457820892,40.79025709245988],[-73.93810629844666,40.79026115389368],[-73.93805265426636,40.790338321088484],[-73.93848180770874,40.790521085139545],[-73.93850862979889,40.790521085139545],[-73.93857300281525,40.79043579531165],[-73.93822968006134,40.790289583923254]]]}},{"type":"Feature","properties":{"id":"66623034-6139-3935-A533-643561343666","building_id":"b988c6f2-dd59-4261-9569-7c355ffeeb7e","height":3,"min_height":0},"geometry":{"type":"Polygon","coordinates":[[[-73.94041836261749,40.78830757556304],[-73.94013941287994,40.788364437282866],[-73.94016623497009,40.788441606681914],[-73.94044518470764,40.78838068347957],[-73.94041836261749,40.78830757556304]]]}},{"type":"Feature","properties":{"id":"37373731-3136-3732-A466-656235653331","building_id":"6796b195-0e33-4788-9599-12086ef932f4","height":8,"min_height":0},"geometry":{"type":"Polygon","coordinates":[[[-73.94814848899841,40.7854766126722],[-73.94821286201477,40.78539131636509],[-73.94773542881012,40.78518822947868],[-73.94767105579376,40.7852775877852],[-73.94814848899841,40.7854766126722]]]}},{"type":"Feature","properties":{"id":"62633761-6337-3764-A233-633064666530","building_id":"74867c8c-7b38-43fa-9367-a5a8bd0aaa52","height":42.5,"min_height":40},"geometry":{"type":"Polygon","coordinates":[[[-73.94575595855713,40.78817354417362],[-73.94577205181122,40.78810449759473],[-73.94568622112274,40.78809231289688],[-73.94567012786865,40.78816135948847],[-73.94575595855713,40.78817354417362]]]}},{"type":"Feature","properties":{"id":"63383838-3339-3765-B033-636138356130","building_id":"5d3aec8e-a0f5-430d-a682-824c8a25fb8e","height":40,"min_height":0},"geometry":{"type":"Polygon","coordinates":[[[-73.94572913646698,40.78669511938392],[-73.94570231437683,40.78689007838304],[-73.94584715366364,40.786910386579194],[-73.9458954334259,40.786715427639706],[-73.9458578824997,40.786707304338165],[-73.94586861133575,40.78664231788983],[-73.94590616226196,40.78664637954472],[-73.94593834877014,40.78644735816337],[-73.94579350948334,40.78643111149364],[-73.94574522972107,40.78662607126785],[-73.94578278064728,40.786630132923705],[-73.94577205181122,40.78669918103557],[-73.94572913646698,40.78669511938392]]]}},{"type":"Feature","properties":{"id":"35366665-3864-3063-B865-303435343332","building_id":"5c9940b3-cc79-4b1d-9e65-df1886745030","height":31.2,"min_height":0},"geometry":{"type":"Polygon","coordinates":[[[-73.94079923629761,40.788019204662845],[-73.94083142280579,40.788120743855046],[-73.94094407558441,40.788096374463066],[-73.9409065246582,40.78799889680579],[-73.94104063510895,40.78797046579547],[-73.9410138130188,40.7878932958489],[-73.94087433815002,40.78792172689228],[-73.94084751605988,40.78784455688907],[-73.94074022769928,40.78786892637348],[-73.94077241420746,40.78794609634835],[-73.94062757492065,40.78797452736907],[-73.9406543970108,40.78805169722125],[-73.94079923629761,40.788019204662845]]]}},{"type":"Feature","properties":{"id":"39386338-3232-3833-A465-386332323936","building_id":"5dcac5fc-e5af-41d0-aaa5-bdee68f0236d","height":66,"min_height":0},"geometry":{"type":"Polygon","coordinates":[[[-73.94325077533722,40.79131305688102],[-73.94327223300934,40.79130493414189],[-73.94327759742737,40.791288688660615],[-73.94327223300934,40.791268381803434],[-73.94325613975525,40.79125619768615],[-73.94323468208313,40.79125213631323],[-73.94318103790283,40.79126025905882],[-73.94315421581268,40.7912805659185],[-73.94315421581268,40.791296811401764],[-73.94317030906677,40.79132117961919],[-73.94319713115692,40.791325240987874],[-73.94325077533722,40.79131305688102]]]}},{"type":"Feature","properties":{"id":"36396563-6663-3564-B533-366261303034","building_id":"5ee3cc78-03b3-4453-857d-f20906adb359","height":28.5,"min_height":0},"geometry":{"type":"Polygon","coordinates":[[[-73.93961369991302,40.788287267794146],[-73.93975853919983,40.78825477535102],[-73.93972098827362,40.788181667295845],[-73.93958687782288,40.78821009821576],[-73.9395546913147,40.7881329285477],[-73.93944203853607,40.78815729792623],[-73.93947422504425,40.78823040600824],[-73.93933475017548,40.78825883690729],[-73.93936693668365,40.78834412953137],[-73.93950641155243,40.78831163711607],[-73.93954396247864,40.788409114314305],[-73.93965125083923,40.78838474502814],[-73.93961369991302,40.788287267794146]]]}},{"type":"Feature","properties":{"id":"39363737-3738-3931-B839-653331653261","building_id":"bb705567-f806-474f-a7a9-ac47a06058c3","height":40,"min_height":0},"geometry":{"type":"Polygon","coordinates":[[[-73.94744038581848,40.78580967339374],[-73.94737601280212,40.78598432651913],[-73.94753694534302,40.786016820073144],[-73.94760131835938,40.78584216703325],[-73.94756376743317,40.785834043624845],[-73.9475691318512,40.78580967339374],[-73.94759058952332,40.78576093290465],[-73.94762814044952,40.78576905632198],[-73.94769251346588,40.78557409403189],[-73.94753694534302,40.78554160026124],[-73.94746720790863,40.78573656264672],[-73.94750475883484,40.785744686067034],[-73.94747793674469,40.78581373509954],[-73.94744038581848,40.78580967339374]]]}},{"type":"Feature","properties":{"id":"38326336-3732-3361-B666-356531353539","building_id":"f4bc9882-593d-43e0-a415-0f6261ed3b47","height":82.5,"min_height":40},"geometry":{"type":"Polygon","coordinates":[[[-73.95254731178284,40.78885182145555],[-73.95269751548767,40.78883963689486],[-73.95289063453674,40.78857969906687],[-73.95281553268433,40.78854720676682],[-73.95280480384827,40.78856345291885],[-73.95277798175812,40.78855126830521],[-73.95278871059418,40.7885350221502],[-73.95276725292206,40.78852689907123],[-73.9523059129715,40.78862843748712],[-73.95223617553711,40.78872185269262],[-73.95254731178284,40.78885182145555]]]}},{"type":"Feature","properties":{"id":"36623433-3332-3562-A163-386361353538","building_id":"f4bc9882-593d-43e0-a415-0f6261ed3b47","height":40,"min_height":30},"geometry":{"type":"Polygon","coordinates":[[[-73.95223617553711,40.78872185269262],[-73.95265460014343,40.78890055967608],[-73.95289063453674,40.78857969906687],[-73.95281553268433,40.78854720676682],[-73.95280480384827,40.78856345291885],[-73.95277798175812,40.78855126830521],[-73.95278871059418,40.7885350221502],[-73.95276725292206,40.78852689907123],[-73.9523059129715,40.78862843748712],[-73.95223617553711,40.78872185269262]]]}},{"type":"Feature","properties":{"id":"62393838-3738-3161-A661-363963613939","building_id":"348cac80-48a1-4eab-b099-ad62b8dd7718","height":66,"min_height":0},"geometry":{"type":"Polygon","coordinates":[[[-73.94255340099335,40.79123995219294],[-73.94257485866547,40.791231829444826],[-73.9425802230835,40.79121152257028],[-73.9425802230835,40.79119527706615],[-73.94255876541138,40.79118309293543],[-73.94253730773926,40.791179031558045],[-73.94248366355896,40.79118715431258],[-73.94245684146881,40.79120746119463],[-73.94245684146881,40.791223706695774],[-73.94247829914093,40.79124807494003],[-73.94249975681305,40.79125213631323],[-73.94255340099335,40.79123995219294]]]}},{"type":"Feature","properties":{"id":"33336332-6463-3134-B333-323638306333","building_id":"2cfdd269-f7c7-4a62-86c5-d44049df1eb6","height":58,"min_height":24},"geometry":{"type":"Polygon","coordinates":[[[-73.95254194736481,40.79038705821796],[-73.95267069339752,40.790216478108306],[-73.95244002342224,40.790119003563206],[-73.95254194736481,40.79038705821796]]]}},{"type":"Feature","properties":{"id":"30656231-3530-3166-A131-346561643463","building_id":"7adb8d16-2dc6-49d4-be4f-4a5770cf4741","height":31,"min_height":25.4},"geometry":{"type":"Polygon","coordinates":[[[-73.93882513046265,40.790066204791515],[-73.93879294395447,40.79007432768222],[-73.93839061260223,40.789899685313515],[-73.93832623958588,40.78998903728046],[-73.93834233283997,40.79002152887497],[-73.93873929977417,40.79018398660918],[-73.93876612186432,40.79017992517066],[-73.93908262252808,40.79031395251033],[-73.93900752067566,40.79041548819362],[-73.93910944461823,40.79046016384507],[-73.93913626670837,40.7904520410016],[-73.93921136856079,40.79035456680228],[-73.93915235996246,40.79020429379801],[-73.93882513046265,40.790066204791515]]]}},{"type":"Feature","properties":{"id":"65373166-3466-3364-B262-323665656538","building_id":"2b904d72-06c2-4cb0-947e-1edebb00b82b","height":94,"min_height":88.5},"geometry":{"type":"Polygon","coordinates":[[[-73.94952714443207,40.78566751353398],[-73.94955933094025,40.78564314324174],[-73.9495700597763,40.785622834658085],[-73.94955933094025,40.785590340911256],[-73.94952714443207,40.78556190886974],[-73.9494788646698,40.78555784714854],[-73.94945740699768,40.78556190886974],[-73.94944131374359,40.78557409403189],[-73.94941985607147,40.785606587786646],[-73.9494252204895,40.78564314324174],[-73.94944131374359,40.785655328389],[-73.94948422908783,40.7856715752485],[-73.94952714443207,40.78566751353398]]]}},{"type":"Feature","properties":{"id":"31623139-6230-3236-A239-303039316131","building_id":"6796b195-0e33-4788-9599-12086ef932f4","height":120,"min_height":116.4},"geometry":{"type":"Polygon","coordinates":[[[-73.94825041294098,40.78529383473713],[-73.94834697246552,40.785163859010595],[-73.9483094215393,40.78514761202689],[-73.94831478595734,40.78513948853353],[-73.94819140434265,40.78508668580258],[-73.94818603992462,40.78509480930239],[-73.94813239574432,40.78507043879998],[-73.94815385341644,40.78504606828869],[-73.94797682762146,40.78497295670101],[-73.94792854785919,40.785037944782914],[-73.94816994667053,40.78514355028031],[-73.94810557365417,40.785232908646975],[-73.94825041294098,40.78529383473713]]]}},{"type":"Feature","properties":{"id":"65333163-3363-3666-A664-643039353939","building_id":"f4bc9882-593d-43e0-a415-0f6261ed3b47","height":30,"min_height":0},"geometry":{"type":"Polygon","coordinates":[[[-73.9522522687912,40.78870154505046],[-73.95228445529938,40.78865686821575],[-73.95220398902893,40.788624375953475],[-73.95211815834045,40.788640622086604],[-73.9522522687912,40.78870154505046]]]}},{"type":"Feature","properties":{"id":"62653530-3865-3135-B666-353839336466","building_id":"f4bc9882-593d-43e0-a415-0f6261ed3b47","height":30,"min_height":0},"geometry":{"type":"Polygon","coordinates":[[[-73.95256876945496,40.78857157599333],[-73.95270824432373,40.78854314522823],[-73.95254731178284,40.788474099033635],[-73.95249903202057,40.78853908368933],[-73.95256876945496,40.78857157599333]]]}},{"type":"Feature","properties":{"id":"38636639-6264-3736-A463-646230373432","building_id":"cc617cc6-fc2e-447f-9730-003afdeb8275","height":45.5,"min_height":40},"geometry":{"type":"Polygon","coordinates":[[[-73.9528101682663,40.78976159567358],[-73.95298719406128,40.789517907373096],[-73.95284235477448,40.789456985158296],[-73.95266532897949,40.78970067368232],[-73.9528101682663,40.78976159567358]]]}},{"type":"Feature","properties":{"id":"38346539-3663-3439-A130-353633333930","building_id":"6dffd8e2-65ca-49cd-8822-c4dc9dccb003","height":6,"min_height":0},"geometry":{"type":"Polygon","coordinates":[[[-73.93694758415222,40.79142677512476],[-73.9369797706604,40.79142271376227],[-73.93726944923401,40.79154861588407],[-73.93727481365204,40.79156892265553],[-73.93774688243866,40.791767928687364],[-73.93807411193848,40.79169482450007],[-73.9381492137909,40.79159329077311],[-73.93783271312714,40.79145926601578],[-73.93780052661896,40.79145926601578],[-73.93760204315186,40.791373977392965],[-73.93759667873383,40.79135773192857],[-73.93766105175018,40.79127650454706],[-73.93772542476654,40.79118715431258],[-73.93774151802063,40.79119527706615],[-73.93777370452881,40.79114654052992],[-73.93775224685669,40.791032821806226],[-73.93749475479126,40.79092316428111],[-73.93746256828308,40.79092722567415],[-73.9373230934143,40.79086630475231],[-73.93711924552917,40.79114247915027],[-73.93715143203735,40.791158724667326],[-73.93694758415222,40.79142677512476]]]}},{"type":"Feature","properties":{"id":"65393630-3335-3933-A535-343938313733","building_id":"6dffd8e2-65ca-49cd-8822-c4dc9dccb003","height":98,"min_height":93},"geometry":{"type":"Polygon","coordinates":[[[-73.93796145915985,40.791889768820624],[-73.93796682357788,40.79187352348242],[-73.93795073032379,40.791861339476185],[-73.93791854381561,40.791865400811844],[-73.93790781497955,40.79188164615201],[-73.93791854381561,40.79189383015452],[-73.93794000148773,40.79190195282163],[-73.93796145915985,40.791889768820624]]]}},{"type":"Feature","properties":{"id":"64663231-6131-3964-A330-363232313664","building_id":"f4bc9882-593d-43e0-a415-0f6261ed3b47","height":86.5,"min_height":82.5},"geometry":{"type":"Polygon","coordinates":[[[-73.9523059129715,40.78862843748712],[-73.95250976085663,40.788583760603274],[-73.95241320133209,40.78854314522823],[-73.9524507522583,40.78849034520351],[-73.95215034484863,40.788364437282866],[-73.95198404788971,40.788595945210915],[-73.95204305648804,40.788620314419575],[-73.95220398902893,40.78858782213942],[-73.9523059129715,40.78862843748712]]]}},{"type":"Feature","properties":{"id":"30626234-6363-3561-A365-643465396237","building_id":"370620f8-9d0d-44d8-bb8a-3629bb868f0a","height":60,"min_height":0},"geometry":{"type":"Polygon","coordinates":[[[-73.94153416156769,40.79043579531165],[-73.94144833087921,40.79054951505782],[-73.94154489040375,40.79059012920567],[-73.94149661064148,40.79064698897096],[-73.94168972969055,40.79073227852757],[-73.94177556037903,40.79061855909438],[-73.94168972969055,40.79057794496393],[-73.94173264503479,40.790521085139545],[-73.94153416156769,40.79043579531165]]]}},{"type":"Feature","properties":{"id":"32336266-3136-3730-A130-353065623836","building_id":"39be0402-154f-4fdb-95b7-9914c5bac12d","height":93,"min_height":90.5},"geometry":{"type":"Polygon","coordinates":[[[-73.93792927265167,40.79094753263567],[-73.93791854381561,40.79096377820042],[-73.9378273487091,40.790980023761165],[-73.93780589103699,40.79096783959099],[-73.93775761127472,40.791032821806226],[-73.93780589103699,40.791053128735456],[-73.93797755241394,40.791020637645715],[-73.93800973892212,40.790980023761165],[-73.93792927265167,40.79094753263567]]]}},{"type":"Feature","properties":{"id":"32643566-3935-3563-A463-633566316264","building_id":"765dd176-ab57-4b0d-ad9a-ee794a9f34ce","height":60,"min_height":0},"geometry":{"type":"Polygon","coordinates":[[[-73.93988728523254,40.79077289256364],[-73.9398068189621,40.7908866117325],[-73.9398980140686,40.79092316428111],[-73.93984973430634,40.79098814654009],[-73.94004821777344,40.79106937427437],[-73.94012868404388,40.790951594027234],[-73.94004285335541,40.79091504149426],[-73.94008576869965,40.79085818195853],[-73.93988728523254,40.79077289256364]]]}},{"type":"Feature","properties":{"id":"39323034-6135-3832-A237-643731303533","building_id":"39be0402-154f-4fdb-95b7-9914c5bac12d","height":6,"min_height":0},"geometry":{"type":"Polygon","coordinates":[[[-73.93755376338959,40.7908378749697],[-73.93767178058624,40.7908866117325],[-73.93799364566803,40.790821629374136],[-73.93806874752045,40.790720094311894],[-73.93775224685669,40.79058606779199],[-73.93772006034851,40.79058606779199],[-73.93750011920929,40.79049265520908],[-73.93741428852081,40.79045610242346],[-73.93740892410278,40.79043173388854],[-73.93724262714386,40.79035862823011],[-73.93721044063568,40.79039924249474],[-73.93715679645538,40.79037487393893],[-73.93716216087341,40.79040736534469],[-73.93713533878326,40.79044391815711],[-73.93710851669312,40.79043173388854],[-73.93699586391449,40.79058606779199],[-73.93718361854553,40.7906672960182],[-73.93719971179962,40.79068760305921],[-73.93755376338959,40.7908378749697]]]}},{"type":"Feature","properties":{"id":"31663634-3930-3462-B338-383866333336","building_id":"8e22e7f1-bf5a-43f8-a116-253257046184","height":150,"min_height":30},"geometry":{"type":"Polygon","coordinates":[[[-73.95232737064362,40.791288688660615],[-73.95213961601257,40.79121152257028],[-73.95212888717651,40.791223706695774],[-73.95231664180756,40.79130493414189],[-73.95232737064362,40.791288688660615]]]}},{"type":"Feature","properties":{"id":"30386339-3665-3438-A335-373036336335","building_id":"2cfdd269-f7c7-4a62-86c5-d44049df1eb6","height":24,"min_height":0},"geometry":{"type":"Polygon","coordinates":[[[-73.9535665512085,40.79064698897096],[-73.95360946655273,40.79058606779199],[-73.95349144935608,40.7906104362703],[-73.9535665512085,40.79064698897096]]]}},{"type":"Feature","properties":{"id":"31626365-3834-3765-A561-633232656263","building_id":"2b904d72-06c2-4cb0-947e-1edebb00b82b","height":86.1,"min_height":0},"geometry":{"type":"Polygon","coordinates":[[[-73.94960761070251,40.7856837603905],[-73.94981145858765,40.785773118030306],[-73.94984364509583,40.785732500936206],[-73.94985973834991,40.78573656264672],[-73.94990265369415,40.785679698676745],[-73.94988656044006,40.785675636962736],[-73.94991338253021,40.785635019809035],[-73.94980072975159,40.785590340911256],[-73.94980609416962,40.78558221747207],[-73.94972562789917,40.785545661983434],[-73.94972026348114,40.785553785427055],[-73.94968271255493,40.78553753853876],[-73.94968807697296,40.785533476816056],[-73.94965589046478,40.78552129164649],[-73.94953787326813,40.78550910647465],[-73.94944131374359,40.78552129164649],[-73.94935548305511,40.785553785427055],[-73.9492803812027,40.78561064950489],[-73.94926428794861,40.785626896375305],[-73.94927501678467,40.78563095809227],[-73.94925355911255,40.78565939010423],[-73.94924283027649,40.785655328389],[-73.94918382167816,40.78573656264672],[-73.94919455051422,40.785740624357004],[-73.94913017749786,40.78582998192027],[-73.94918382167816,40.785850290440635],[-73.9491730928421,40.78586247554986],[-73.94924819469452,40.78589496916351],[-73.94925892353058,40.78588278406025],[-73.94931256771088,40.78590715426455],[-73.94945204257965,40.78571219237983],[-73.94948422908783,40.78570406895557],[-73.94950032234192,40.785708130667814],[-73.94955396652222,40.78570000724304],[-73.94956469535828,40.785687822103995],[-73.94960761070251,40.7856837603905]]]}},{"type":"Feature","properties":{"id":"30616537-3636-3134-B430-383562323738","building_id":"06fe9960-21f3-4797-9e43-7fdbfcec7f9f","height":66,"min_height":0},"geometry":{"type":"Polygon","coordinates":[[[-73.94384622573853,40.79156892265553],[-73.94386768341064,40.791556738593385],[-73.9438784122467,40.79154049317373],[-73.94387304782867,40.79152424775006],[-73.94385695457458,40.79151206367973],[-73.94383013248444,40.791508002322445],[-73.94377648830414,40.791516125036765],[-73.94374966621399,40.79153643181817],[-73.94375503063202,40.79156079994766],[-73.94377112388611,40.79157298400909],[-73.94379258155823,40.791577045362374],[-73.94384622573853,40.79156892265553]]]}},{"type":"Feature","properties":{"id":"30663231-6365-3364-B136-343266643839","building_id":"06fe9960-21f3-4797-9e43-7fdbfcec7f9f","height":60,"min_height":0},"geometry":{"type":"Polygon","coordinates":[[[-73.94388377666473,40.79169076315398],[-73.94397497177124,40.79157298400909],[-73.94388377666473,40.79153643181817],[-73.943932056427,40.7914755114553],[-73.94372820854187,40.79139022285335],[-73.9436423778534,40.791508002322445],[-73.9437335729599,40.791544554529],[-73.94369065761566,40.79160953617986],[-73.94388377666473,40.79169076315398]]]}},{"type":"Feature","properties":{"id":"36646566-3964-3662-A563-663231616465","building_id":"51efdf8f-4880-47c8-ad9c-0b0f9191ef65","height":60,"min_height":0},"geometry":{"type":"Polygon","coordinates":[[[-73.9405632019043,40.79105719012057],[-73.94047737121582,40.791170908802485],[-73.9405632019043,40.79120746119463],[-73.94052028656006,40.791268381803434],[-73.94071877002716,40.79135367056185],[-73.94079923629761,40.79123995219294],[-73.94071340560913,40.79119933844257],[-73.94075632095337,40.791138417770384],[-73.9405632019043,40.79105719012057]]]}},{"type":"Feature","properties":{"id":"36366263-3466-3862-B738-643031633231","building_id":"39be0402-154f-4fdb-95b7-9914c5bac12d","height":98,"min_height":93},"geometry":{"type":"Polygon","coordinates":[[[-73.93787562847137,40.791020637645715],[-73.9378809928894,40.79100439209486],[-73.93786489963531,40.79099220792915],[-73.93783271312714,40.790996269317986],[-73.93782198429108,40.7910125148708],[-73.93783271312714,40.79102469903279],[-73.93785417079926,40.791028760419636],[-73.93787562847137,40.791020637645715]]]}},{"type":"Feature","properties":{"id":"64303333-6137-3338-A235-386563623732","building_id":"39be0402-154f-4fdb-95b7-9914c5bac12d","height":25.4,"min_height":19.8},"geometry":{"type":"Polygon","coordinates":[[[-73.93767714500427,40.79043173388854],[-73.93760204315186,40.79053733080863],[-73.93772006034851,40.79058606779199],[-73.93775224685669,40.79058606779199],[-73.93806874752045,40.790720094311894],[-73.93799364566803,40.790821629374136],[-73.9380955696106,40.79086224335555],[-73.93812239170074,40.79085818195853],[-73.93819749355316,40.79075664695219],[-73.9381331205368,40.79060637485787],[-73.93781125545502,40.79047234810844],[-73.93777906894684,40.79047640952908],[-73.93767714500427,40.79043173388854]]]}},{"type":"Feature","properties":{"id":"31383234-3234-3338-A537-383232336134","building_id":"51efdf8f-4880-47c8-ad9c-0b0f9191ef65","height":66,"min_height":0},"geometry":{"type":"Polygon","coordinates":[[[-73.94067049026489,40.791231829444826],[-73.94069194793701,40.79121964532084],[-73.94069731235504,40.7912033998187],[-73.94069194793701,40.79118715431258],[-73.94067585468292,40.791170908802485],[-73.9406543970108,40.791166847424364],[-73.9406007528305,40.791179031558045],[-73.94057393074036,40.79119527706615],[-73.94057393074036,40.7912155839457],[-73.94059538841248,40.791235890819024],[-73.9406168460846,40.79123995219294],[-73.94067049026489,40.791231829444826]]]}},{"type":"Feature","properties":{"id":"33313536-3637-3431-A638-656262373664","building_id":"6a941d2e-feef-41c7-8841-3d7cec79e822","height":60,"min_height":0},"geometry":{"type":"Polygon","coordinates":[[[-73.9408528804779,40.79018398660918],[-73.94076704978943,40.79029770678662],[-73.94085824489594,40.79033425965943],[-73.9408153295517,40.7903911196438],[-73.94100844860077,40.79047640952908],[-73.94109427928925,40.790362689657684],[-73.94100844860077,40.79032613680053],[-73.94104599952698,40.790265215327196],[-73.9408528804779,40.79018398660918]]]}},{"type":"Feature","properties":{"id":"34343536-6532-3335-A237-383839626363","building_id":"348cac80-48a1-4eab-b099-ad62b8dd7718","height":60,"min_height":0},"geometry":{"type":"Polygon","coordinates":[[[-73.94244074821472,40.7910896811924],[-73.94235491752625,40.79120746119463],[-73.94244611263275,40.7912440135666],[-73.94240319728851,40.79130493414189],[-73.94260168075562,40.79139022285335],[-73.94268214702606,40.79127244317536],[-73.94259631633759,40.791235890819024],[-73.94264459609985,40.79117497018038],[-73.94244074821472,40.7910896811924]]]}},{"type":"Feature","properties":{"id":"39396433-6161-3432-B537-386361313933","building_id":"2171d275-79c5-45e2-baf3-321c4932a6c1","height":42.5,"min_height":40},"geometry":{"type":"Polygon","coordinates":[[[-73.94534289836884,40.78970473515014],[-73.9453375339508,40.789725042485514],[-73.94542336463928,40.78973316541794],[-73.94543409347534,40.78966412046071],[-73.9453536272049,40.789655997519816],[-73.94534289836884,40.78970473515014]]]}},{"type":"Feature","properties":{"id":"64633235-3436-3238-A135-393261613132","building_id":"f4bc9882-593d-43e0-a415-0f6261ed3b47","height":25,"min_height":0},"geometry":{"type":"Polygon","coordinates":[[[-73.95187139511108,40.78860000674632],[-73.95188748836517,40.78860812981637],[-73.9519464969635,40.78853096061087],[-73.95193040370941,40.78852283753136],[-73.95187139511108,40.78860000674632]]]}},{"type":"Feature","properties":{"id":"66663362-3861-3264-A132-313433363130","building_id":"f99f8d0e-e2f1-4797-8596-dfa46838c477","height":42.5,"min_height":40},"geometry":{"type":"Polygon","coordinates":[[[-73.94475281238556,40.78948947701315],[-73.94484400749207,40.78949759997437],[-73.9448493719101,40.7894244932875],[-73.94476354122162,40.78942043180251],[-73.94475281238556,40.78948947701315]]]}},{"type":"Feature","properties":{"id":"37376530-3533-3030-A264-386134313331","building_id":"bac9a343-26bf-4a5e-83c5-6ffacf3ef3d2","height":null,"min_height":0},"geometry":{"type":"Polygon","coordinates":[[[-73.95098626613617,40.78630519966865],[-73.95105600357056,40.786207719382105],[-73.95097017288208,40.786175225921454],[-73.95090043544769,40.78626864457797],[-73.95098626613617,40.78630519966865]]]}},{"type":"Feature","properties":{"id":"39363862-6437-3832-B637-303766663432","building_id":"5d3aec8e-a0f5-430d-a682-824c8a25fb8e","height":42.5,"min_height":40},"geometry":{"type":"Polygon","coordinates":[[[-73.94577205181122,40.78669918103557],[-73.9458578824997,40.786707304338165],[-73.94586861133575,40.78664231788983],[-73.94578278064728,40.786630132923705],[-73.94577205181122,40.78669918103557]]]}},{"type":"Feature","properties":{"id":"30373866-3537-3030-B762-373432653131","building_id":"7adb8d16-2dc6-49d4-be4f-4a5770cf4741","height":14.1,"min_height":0},"geometry":{"type":"Polygon","coordinates":[[[-73.93799364566803,40.78982657906931],[-73.93799364566803,40.78985500928496],[-73.93830478191376,40.78998497583001],[-73.93831014633179,40.790009344528926],[-73.93873929977417,40.79018398660918],[-73.93876612186432,40.79017992517066],[-73.93908262252808,40.79031395251033],[-73.93900752067566,40.79041548819362],[-73.93910944461823,40.79046016384507],[-73.93913626670837,40.7904520410016],[-73.93921136856079,40.79035456680228],[-73.93915235996246,40.79020429379801],[-73.93882513046265,40.790066204791515],[-73.93879294395447,40.79007432768222],[-73.93839061260223,40.789899685313515],[-73.9383852481842,40.78991186967974],[-73.93834233283997,40.789891562401465],[-73.93835842609406,40.78986719365935],[-73.93805265426636,40.789741288349376],[-73.93799364566803,40.78982657906931]]]}},{"type":"Feature","properties":{"id":"35666235-3032-3131-B665-613236353432","building_id":"6796b195-0e33-4788-9599-12086ef932f4","height":95,"min_height":0},"geometry":{"type":"Polygon","coordinates":[[[-73.94795536994934,40.78493640087706],[-73.94840598106384,40.785123241543886],[-73.94843280315399,40.78509074755263],[-73.94798219203949,40.78490390679437],[-73.94795536994934,40.78493640087706]]]}},{"type":"Feature","properties":{"id":"65303866-6264-3365-B932-363964646235","building_id":"8e22e7f1-bf5a-43f8-a116-253257046184","height":172,"min_height":65},"geometry":{"type":"Polygon","coordinates":[[[-73.95251512527466,40.791138417770384],[-73.95217180252075,40.790996269317986],[-73.95208597183228,40.79118715431258],[-73.95242929458618,40.79132930235636],[-73.95251512527466,40.791138417770384]]]}},{"type":"Feature","properties":{"id":"37613863-6661-3661-A233-633131323731","building_id":"39be0402-154f-4fdb-95b7-9914c5bac12d","height":90.5,"min_height":0},"geometry":{"type":"Polygon","coordinates":[[[-73.9380955696106,40.79086224335555],[-73.93799364566803,40.790821629374136],[-73.93767178058624,40.7908866117325],[-73.93755376338959,40.7908378749697],[-73.93749475479126,40.79092316428111],[-73.93780589103699,40.791053128735456],[-73.93797755241394,40.791020637645715],[-73.9380955696106,40.79086224335555]]]}},{"type":"Feature","properties":{"id":"66643631-3662-3233-B133-386562663262","building_id":"cc617cc6-fc2e-447f-9730-003afdeb8275","height":40,"min_height":0},"geometry":{"type":"Polygon","coordinates":[[[-73.95257413387299,40.78977378006513],[-73.95274579524994,40.78984688636746],[-73.9530462026596,40.789436677740895],[-73.95287454128265,40.78936357098692],[-73.95257413387299,40.78977378006513]]]}},{"type":"Feature","properties":{"id":"32353936-6639-3139-A235-626164383436","building_id":"7adb8d16-2dc6-49d4-be4f-4a5770cf4741","height":98,"min_height":93},"geometry":{"type":"Polygon","coordinates":[[[-73.938889503479,40.79061855909438],[-73.93889486789703,40.79060231344519],[-73.93888413906097,40.79058606779199],[-73.9388519525528,40.79059012920567],[-73.93884122371674,40.79060637485787],[-73.9388519525528,40.79062262050607],[-73.93887341022491,40.7906266819175],[-73.938889503479,40.79061855909438]]]}},{"type":"Feature","properties":{"id":"34326562-3563-3639-B131-303830336534","building_id":"b988c6f2-dd59-4261-9569-7c355ffeeb7e","height":28.5,"min_height":0},"geometry":{"type":"Polygon","coordinates":[[[-73.94055247306824,40.788356314183034],[-73.94052565097809,40.788287267794146],[-73.94041836261749,40.78830757556304],[-73.94044518470764,40.78838068347957],[-73.94016623497009,40.788441606681914],[-73.94013941287994,40.788364437282866],[-73.94002676010132,40.78838880657645],[-73.94005358219147,40.78846597594716],[-73.93991947174072,40.78849440674537],[-73.93994629383087,40.78857563753024],[-73.94008576869965,40.78854720676682],[-73.94011795520782,40.78864468361928],[-73.94023060798645,40.788620314419575],[-73.94019305706024,40.78852283753136],[-73.94047200679779,40.78846191440357],[-73.940509557724,40.7885593913812],[-73.9406168460846,40.7885350221502],[-73.94057929515839,40.788437545136816],[-73.94072413444519,40.788409114314305],[-73.94069194793701,40.78832788332571],[-73.94055247306824,40.788356314183034]]]}},{"type":"Feature","properties":{"id":"61323433-3738-3561-B736-333738313631","building_id":"bdee3221-f54c-4e8d-87e9-0ce221f2854c","height":42.5,"min_height":40},"geometry":{"type":"Polygon","coordinates":[[[-73.94542872905731,40.788973666939825],[-73.9454448223114,40.78890055967608],[-73.94536435604095,40.788888375124316],[-73.94534826278687,40.788961482401476],[-73.94542872905731,40.788973666939825]]]}},{"type":"Feature","properties":{"id":"38343561-3961-3931-B961-306464383361","building_id":"1a5b0657-8de5-4e00-ad6c-eb096d4980db","height":66,"min_height":0},"geometry":{"type":"Polygon","coordinates":[[[-73.94401252269745,40.79189789148822],[-73.94403398036957,40.79188570748644],[-73.94404470920563,40.79186946214725],[-73.9440393447876,40.7918532168041],[-73.94402325153351,40.79183697145697],[-73.94399642944336,40.79183291011958],[-73.94394278526306,40.79184509413105],[-73.94391596317291,40.791861339476185],[-73.94392132759094,40.791889768820624],[-73.94393742084503,40.79190195282163],[-73.94395887851715,40.79190601415482],[-73.94401252269745,40.79189789148822]]]}},{"type":"Feature","properties":{"id":"38363132-3866-3564-B764-363762323531","building_id":"2cfdd269-f7c7-4a62-86c5-d44049df1eb6","height":24,"min_height":0},"geometry":{"type":"Polygon","coordinates":[[[-73.95267605781555,40.79067948024351],[-73.95277798175812,40.790720094311894],[-73.95323395729065,40.79091098010045],[-73.95312666893005,40.79061449768247],[-73.95307838916779,40.79062262050607],[-73.95307302474976,40.79059825203228],[-73.95267605781555,40.79067948024351]]]}},{"type":"Feature","properties":{"id":"38323931-6432-3466-B465-343266363764","building_id":"7adb8d16-2dc6-49d4-be4f-4a5770cf4741","height":19.8,"min_height":14.1},"geometry":{"type":"Polygon","coordinates":[[[-73.93808484077454,40.789891562401465],[-73.93830478191376,40.78998497583001],[-73.93831014633179,40.790009344528926],[-73.93834233283997,40.79002152887497],[-73.93873929977417,40.79018398660918],[-73.93876612186432,40.79017992517066],[-73.93908262252808,40.79031395251033],[-73.93900752067566,40.79041548819362],[-73.93910944461823,40.79046016384507],[-73.93913626670837,40.7904520410016],[-73.93921136856079,40.79035456680228],[-73.93915235996246,40.79020429379801],[-73.93882513046265,40.790066204791515],[-73.93879294395447,40.79007432768222],[-73.93839061260223,40.789899685313515],[-73.9383852481842,40.78991186967974],[-73.93834233283997,40.789891562401465],[-73.93835842609406,40.78986719365935],[-73.93815994262695,40.78978596445444],[-73.93808484077454,40.789891562401465]]]}},{"type":"Feature","properties":{"id":"32396637-6136-3938-A639-323632316465","building_id":"6dffd8e2-65ca-49cd-8822-c4dc9dccb003","height":90.5,"min_height":0},"geometry":{"type":"Polygon","coordinates":[[[-73.93817603588104,40.79173543794738],[-73.93807411193848,40.79169482450007],[-73.93774688243866,40.791767928687364],[-73.9376449584961,40.79172325391579],[-73.9375752210617,40.79180448075081],[-73.93789172172546,40.791926320817],[-73.93806874752045,40.791889768820624],[-73.93817603588104,40.79173543794738]]]}},{"type":"Feature","properties":{"id":"34353637-3162-3366-B934-373862326361","building_id":"eadade44-8545-49af-addb-0574a4c28755","height":null,"min_height":0},"geometry":{"type":"Polygon","coordinates":[[[-73.94924283027649,40.790533269391716],[-73.94922137260437,40.79056169930479],[-73.94930183887482,40.79059825203228],[-73.94932866096497,40.79056982213484],[-73.94924283027649,40.790533269391716]]]}},{"type":"Feature","properties":{"id":"37376131-3761-3138-B934-373136316366","building_id":"8e22e7f1-bf5a-43f8-a116-253257046184","height":150,"min_height":0},"geometry":{"type":"Polygon","coordinates":[[[-73.95232737064362,40.791288688660615],[-73.95231664180756,40.79130493414189],[-73.95242393016815,40.79135367056185],[-73.95253658294678,40.79119527706615],[-73.95249903202057,40.791179031558045],[-73.95242929458618,40.79132930235636],[-73.95232737064362,40.791288688660615]]]}},{"type":"Feature","properties":{"id":"32336539-3566-3163-B165-396335656233","building_id":"f99f8d0e-e2f1-4797-8596-dfa46838c477","height":40,"min_height":0},"geometry":{"type":"Polygon","coordinates":[[[-73.94471526145935,40.78948947701315],[-73.94470453262329,40.78968442780854],[-73.9448493719101,40.78969661221424],[-73.94488155841827,40.78949759997437],[-73.94484400749207,40.78949759997437],[-73.9448493719101,40.7894244932875],[-73.94489228725433,40.7894285547722],[-73.94489765167236,40.7892539107051],[-73.94475281238556,40.78924172621814],[-73.94472062587738,40.789416370317326],[-73.94476354122162,40.78942043180251],[-73.94475281238556,40.78948947701315],[-73.94471526145935,40.78948947701315]]]}},{"type":"Feature","properties":{"id":"30373537-6231-3461-A332-633034643065","building_id":"8e22e7f1-bf5a-43f8-a116-253257046184","height":118,"min_height":0},"geometry":{"type":"Polygon","coordinates":[[[-73.95217180252075,40.790996269317986],[-73.95204305648804,40.79118309293543],[-73.95212888717651,40.79121964532084],[-73.95213961601257,40.79121152257028],[-73.95208597183228,40.79118715431258],[-73.95217180252075,40.790996269317986]]]}},{"type":"Feature","properties":{"id":"30373435-6230-3639-B666-386662336336","building_id":"2171d275-79c5-45e2-baf3-321c4932a6c1","height":40,"min_height":0},"geometry":{"type":"Polygon","coordinates":[[[-73.94529461860657,40.78972098101892],[-73.94526779651642,40.78991593113463],[-73.94541263580322,40.789932176951794],[-73.94546091556549,40.78973722688377],[-73.94542336463928,40.78973316541794],[-73.94543409347534,40.78966412046071],[-73.94547700881958,40.78966818193078],[-73.94550383090973,40.78949353849387],[-73.94535899162292,40.789477292569416],[-73.94531071186066,40.78964787457801],[-73.9453536272049,40.789655997519816],[-73.9453375339508,40.789725042485514],[-73.94529461860657,40.78972098101892]]]}},{"type":"Feature","properties":{"id":"65343866-6436-3162-A636-636234363861","building_id":"ad098b67-c538-4550-9ff1-fb323db90ad4","height":66,"min_height":0},"geometry":{"type":"Polygon","coordinates":[[[-73.94370675086975,40.7923202688342],[-73.94372820854187,40.79231214621825],[-73.94373893737793,40.79229590098342],[-73.9437335729599,40.7922755944343],[-73.94371747970581,40.79226341050182],[-73.94369065761566,40.79225934919049],[-73.94363701343536,40.79226747181289],[-73.94361019134521,40.79228777836451],[-73.94361555576324,40.79231214621825],[-73.94363164901733,40.79232839144913],[-73.94365310668945,40.79233245275623],[-73.94370675086975,40.7923202688342]]]}},{"type":"Feature","properties":{"id":"35653531-3533-3935-A464-366531623137","building_id":"7adb8d16-2dc6-49d4-be4f-4a5770cf4741","height":98,"min_height":93},"geometry":{"type":"Polygon","coordinates":[[[-73.93895387649536,40.79060637485787],[-73.93895924091339,40.79059012920567],[-73.9389431476593,40.79057388354951],[-73.93892168998718,40.79057388354951],[-73.9389055967331,40.79058606779199],[-73.93891632556915,40.7906104362703],[-73.93893778324127,40.79061449768247],[-73.93895387649536,40.79060637485787]]]}},{"type":"Feature","properties":{"id":"37323266-3461-3162-A435-326332363061","building_id":"86cf63c9-8c22-485b-a736-5b86745b535a","height":40,"min_height":0},"geometry":{"type":"Polygon","coordinates":[[[-73.94617974758148,40.786016820073144],[-73.94614219665527,40.78621178106357],[-73.94629240036011,40.78623208946718],[-73.94634068012238,40.78603712853638],[-73.94630312919617,40.786033066844226],[-73.94631922245026,40.785968079736136],[-73.94635677337646,40.78597214143224],[-73.94639432430267,40.785773118030306],[-73.94624948501587,40.785752809486326],[-73.94619584083557,40.78594777125181],[-73.94623875617981,40.78595589464629],[-73.94622266292572,40.78602088176632],[-73.94617974758148,40.786016820073144]]]}},{"type":"Feature","properties":{"id":"61623734-6230-3432-B664-363133363634","building_id":"5ee3cc78-03b3-4453-857d-f20906adb359","height":18,"min_height":0},"geometry":{"type":"Polygon","coordinates":[[[-73.93975853919983,40.78825477535102],[-73.93982827663422,40.788238529123504],[-73.93985509872437,40.788303514009755],[-73.9399516582489,40.78828320623961],[-73.93991410732269,40.788185728856575],[-73.93993020057678,40.788181667295845],[-73.93989264965057,40.788088251330436],[-73.93988192081451,40.78809231289688],[-73.93981754779816,40.78794203477295],[-73.93992483615875,40.787917665315376],[-73.9398980140686,40.78784049530748],[-73.93979609012604,40.78786486479336],[-73.93977463245392,40.78781612581267],[-73.93968880176544,40.78783643372563],[-73.93972098827362,40.78791360373825],[-73.9396995306015,40.78792172689228],[-73.93973171710968,40.78801108152078],[-73.93974781036377,40.78800701994933],[-73.9398068189621,40.78816135948847],[-73.93972098827362,40.788181667295845],[-73.93975853919983,40.78825477535102]]]}},{"type":"Feature","properties":{"id":"63636364-3833-3232-A237-346564306265","building_id":"f4bc9882-593d-43e0-a415-0f6261ed3b47","height":30,"min_height":0},"geometry":{"type":"Polygon","coordinates":[[[-73.95270824432373,40.78854314522823],[-73.9523059129715,40.78862843748712],[-73.95223617553711,40.78872185269262],[-73.95265460014343,40.78890055967608],[-73.95289063453674,40.78857969906687],[-73.95276725292206,40.78852689907123],[-73.95270824432373,40.78854314522823]]]}},{"type":"Feature","properties":{"id":"64616439-6236-3162-B732-653263643033","building_id":"6dffd8e2-65ca-49cd-8822-c4dc9dccb003","height":14.1,"min_height":0},"geometry":{"type":"Polygon","coordinates":[[[-73.93759667873383,40.79135773192857],[-73.93760204315186,40.791373977392965],[-73.93780052661896,40.79145926601578],[-73.93783271312714,40.79145926601578],[-73.9381492137909,40.79159329077311],[-73.93807411193848,40.79169482450007],[-73.93817603588104,40.79173543794738],[-73.93820285797119,40.791731376603764],[-73.93827795982361,40.79163390428252],[-73.93821895122528,40.7914836341736],[-73.93801510334015,40.79139834558208],[-73.9378970861435,40.79135367056185],[-73.93785953521729,40.79135773192857],[-73.93766105175018,40.79127650454706],[-73.93759667873383,40.79135773192857]]]}},{"type":"Feature","properties":{"id":"66326162-3862-3538-B962-343666653935","building_id":"6dffd8e2-65ca-49cd-8822-c4dc9dccb003","height":31,"min_height":25.4},"geometry":{"type":"Polygon","coordinates":[[[-73.93801510334015,40.79139834558208],[-73.93794000148773,40.79150394096493],[-73.9381492137909,40.79159329077311],[-73.93807411193848,40.79169482450007],[-73.93817603588104,40.79173543794738],[-73.93820285797119,40.791731376603764],[-73.93827795982361,40.79163390428252],[-73.93821895122528,40.7914836341736],[-73.93801510334015,40.79139834558208]]]}},{"type":"Feature","properties":{"id":"65363532-3162-3535-B964-353531383865","building_id":"f4bc9882-593d-43e0-a415-0f6261ed3b47","height":97.5,"min_height":82.5},"geometry":{"type":"Polygon","coordinates":[[[-73.95278871059418,40.7885350221502],[-73.95276725292206,40.78852689907123],[-73.9523059129715,40.78862843748712],[-73.95223617553711,40.78872185269262],[-73.95265460014343,40.78890055967608],[-73.95289063453674,40.78857969906687],[-73.95281553268433,40.78854720676682],[-73.95280480384827,40.78856345291885],[-73.95277798175812,40.78855126830521],[-73.95278871059418,40.7885350221502]]]}},{"type":"Feature","properties":{"id":"34373566-6632-3135-A238-666461366339","building_id":"8e22e7f1-bf5a-43f8-a116-253257046184","height":65,"min_height":0},"geometry":{"type":"Polygon","coordinates":[[[-73.95251512527466,40.791138417770384],[-73.95230054855347,40.791049067350116],[-73.95227909088135,40.79108561980928],[-73.95253658294678,40.79119527706615],[-73.95246684551239,40.79129275003132],[-73.95248830318451,40.79130493414189],[-73.95259022712708,40.791170908802485],[-73.95251512527466,40.791138417770384]]]}},{"type":"Feature","properties":{"id":"66643838-6235-3237-B333-663432643962","building_id":"f4bc9882-593d-43e0-a415-0f6261ed3b47","height":82.5,"min_height":40},"geometry":{"type":"Polygon","coordinates":[[[-73.95250976085663,40.788583760603274],[-73.95249903202057,40.78853908368933],[-73.95254731178284,40.788474099033635],[-73.95222008228302,40.788336006429034],[-73.9520537853241,40.78838068347957],[-73.95188212394714,40.78861625288542],[-73.95196259021759,40.788648745151676],[-73.95197331905365,40.78863249902054],[-73.9520001411438,40.78864468361928],[-73.95198941230774,40.78866092974744],[-73.95200550556183,40.788664991278836],[-73.95220398902893,40.788624375953475],[-73.95220398902893,40.78858782213942],[-73.9523059129715,40.78862843748712],[-73.95250976085663,40.788583760603274]]]}},{"type":"Feature","properties":{"id":"35663830-3134-3561-B765-616132386239","building_id":"7adb8d16-2dc6-49d4-be4f-4a5770cf4741","height":96,"min_height":90.5},"geometry":{"type":"Polygon","coordinates":[[[-73.93893241882324,40.79055763788938],[-73.93896460533142,40.790512962303495],[-73.9389055967331,40.79048859378946],[-73.93882513046265,40.7905007780476],[-73.93878757953644,40.79055357647374],[-73.93884658813477,40.79057794496393],[-73.93893241882324,40.79055763788938]]]}},{"type":"Feature","properties":{"id":"39363233-6130-3535-B237-343037666265","building_id":"2eea7a3d-5120-4fec-ae8b-13d349947f30","height":70,"min_height":0},"geometry":{"type":"Polygon","coordinates":[[[-73.94239783287048,40.791755744661714],[-73.9424192905426,40.791747621976725],[-73.94243001937866,40.791731376603764],[-73.94242465496063,40.791711069881984],[-73.94240856170654,40.7916988858459],[-73.9423817396164,40.79169482450007],[-73.9423280954361,40.79170294719151],[-73.94230127334595,40.79172325391579],[-73.94230127334595,40.79173949929074],[-73.94232273101807,40.79176386734571],[-73.94234418869019,40.791767928687364],[-73.94239783287048,40.791755744661714]]]}},{"type":"Feature","properties":{"id":"34333839-3066-3639-A466-643338613666","building_id":"e9379cc2-e0a0-40fd-b514-a18374300f47","height":40,"min_height":0},"geometry":{"type":"Polygon","coordinates":[[[-73.94660890102386,40.78783643372563],[-73.94655525684357,40.788027327803945],[-73.94670009613037,40.78805575878991],[-73.94677519798279,40.78786892637348],[-73.94673228263855,40.78786080321299],[-73.9467591047287,40.787791756308906],[-73.94679665565491,40.78779987947783],[-73.9468502998352,40.78760492314967],[-73.94671082496643,40.78757649197067],[-73.94663572311401,40.78776738679622],[-73.94667863845825,40.78777550996813],[-73.94665718078613,40.78784455688907],[-73.94660890102386,40.78783643372563]]]}},{"type":"Feature","properties":{"id":"38386463-6566-3033-A432-626234633064","building_id":"2cfdd269-f7c7-4a62-86c5-d44049df1eb6","height":58,"min_height":24},"geometry":{"type":"Polygon","coordinates":[[[-73.95321786403656,40.79044797957948],[-73.95307838916779,40.79062262050607],[-73.95344853401184,40.79054545364167],[-73.95321786403656,40.79044797957948]]]}},{"type":"Feature","properties":{"id":"65616366-3736-3530-B164-316362643238","building_id":"c8fb57f5-f69e-4145-b15a-8078591267e7","height":66,"min_height":0},"geometry":{"type":"Polygon","coordinates":[[[-73.94181847572327,40.79094347124388],[-73.94183993339539,40.79093128706694],[-73.94184529781342,40.79091504149426],[-73.94184529781342,40.79089879591757],[-73.9418238401413,40.7908866117325],[-73.94180238246918,40.79088255033693],[-73.94174873828888,40.79089067312776],[-73.94172191619873,40.79091098010045],[-73.94172191619873,40.79092722567415],[-73.94174337387085,40.79094753263567],[-73.94176483154297,40.790951594027234],[-73.94181847572327,40.79094347124388]]]}},{"type":"Feature","properties":{"id":"38616636-6565-3034-A435-343231383761","building_id":"f4bc9882-593d-43e0-a415-0f6261ed3b47","height":40,"min_height":0},"geometry":{"type":"Polygon","coordinates":[[[-73.95249903202057,40.78853908368933],[-73.95254731178284,40.788474099033635],[-73.95222008228302,40.788336006429034],[-73.95223617553711,40.78831569866884],[-73.95213425159454,40.78827508312983],[-73.95188212394714,40.78861625288542],[-73.95200550556183,40.788664991278836],[-73.95220398902893,40.788624375953475],[-73.95220398902893,40.78858782213942],[-73.9523059129715,40.78862843748712],[-73.95250976085663,40.788583760603274],[-73.95249903202057,40.78853908368933]]]}},{"type":"Feature","properties":{"id":"38633263-6134-3835-B463-336561346337","building_id":"f4bc9882-593d-43e0-a415-0f6261ed3b47","height":82.5,"min_height":40},"geometry":{"type":"Polygon","coordinates":[[[-73.95222008228302,40.788336006429034],[-73.95223617553711,40.78831569866884],[-73.95213425159454,40.78827508312983],[-73.9520537853241,40.78838068347957],[-73.95222008228302,40.788336006429034]]]}},{"type":"Feature","properties":{"id":"33303339-6230-3134-B633-366630303532","building_id":"f4bc9882-593d-43e0-a415-0f6261ed3b47","height":82.5,"min_height":30},"geometry":{"type":"Polygon","coordinates":[[[-73.95199477672577,40.78865280668384],[-73.9520001411438,40.78864468361928],[-73.95197331905365,40.78863249902054],[-73.95196795463562,40.788640622086604],[-73.95199477672577,40.78865280668384]]]}},{"type":"Feature","properties":{"id":"64626635-6339-3565-B331-643837306332","building_id":"39be0402-154f-4fdb-95b7-9914c5bac12d","height":14.1,"min_height":0},"geometry":{"type":"Polygon","coordinates":[[[-73.93740892410278,40.79043173388854],[-73.93741428852081,40.79045610242346],[-73.93750011920929,40.79049265520908],[-73.93772006034851,40.79058606779199],[-73.93775224685669,40.79058606779199],[-73.93806874752045,40.790720094311894],[-73.93799364566803,40.790821629374136],[-73.9380955696106,40.79086224335555],[-73.93812239170074,40.79085818195853],[-73.93819749355316,40.79075664695219],[-73.9381331205368,40.79060637485787],[-73.93781125545502,40.79047234810844],[-73.93777906894684,40.79047640952908],[-73.93747329711914,40.79034644394588],[-73.93740892410278,40.79043173388854]]]}},{"type":"Feature","properties":{"id":"64383361-3165-3962-A234-303039623661","building_id":"9d415f76-8c3b-4e17-be58-bcd12202e8d9","height":42.5,"min_height":40},"geometry":{"type":"Polygon","coordinates":[[[-73.94502639770508,40.78792172689228],[-73.94503712654114,40.78785268005154],[-73.94495129585266,40.787848618470434],[-73.94494593143463,40.78791360373825],[-73.94502639770508,40.78792172689228]]]}},{"type":"Feature","properties":{"id":"38373362-3130-3134-B731-363930393234","building_id":"7d6f589a-6c51-481e-9635-8c39383602ef","height":40,"min_height":0},"geometry":{"type":"Polygon","coordinates":[[[-73.94688248634338,40.78557815575209],[-73.94682347774506,40.785777179738346],[-73.9468663930893,40.78578530315366],[-73.94684493541718,40.78585841384702],[-73.94680202007294,40.785850290440635],[-73.94675374031067,40.786029005151846],[-73.94691467285156,40.78605337530249],[-73.94696831703186,40.78587872235866],[-73.94693076610565,40.78587059895477],[-73.94694685935974,40.785797488274824],[-73.94698441028595,40.785805611687664],[-73.94704341888428,40.785606587786646],[-73.94688248634338,40.78557815575209]]]}},{"type":"Feature","properties":{"id":"63396536-3230-3537-A635-376233346531","building_id":"6796b195-0e33-4788-9599-12086ef932f4","height":8,"min_height":0},"geometry":{"type":"Polygon","coordinates":[[[-73.94777834415436,40.785111056299],[-73.94783198833466,40.785033883029655],[-73.94753694534302,40.78490796855556],[-73.94747793674469,40.78498514197122],[-73.94777834415436,40.785111056299]]]}},{"type":"Feature","properties":{"id":"37633332-6236-3632-A164-313638623635","building_id":"6796b195-0e33-4788-9599-12086ef932f4","height":8,"min_height":0},"geometry":{"type":"Polygon","coordinates":[[[-73.94830405712128,40.78494046263626],[-73.94799292087555,40.784814547985036],[-73.9479660987854,40.78484704211141],[-73.94827723503113,40.78497701845802],[-73.94830405712128,40.78494046263626]]]}},{"type":"Feature","properties":{"id":"38613430-3735-3433-B332-306330303934","building_id":"a34c2a49-7869-4149-a0e3-068382e284ee","height":66,"min_height":0},"geometry":{"type":"Polygon","coordinates":[[[-73.93983364105225,40.79061449768247],[-73.93984973430634,40.79060231344519],[-73.9398604631424,40.79058606779199],[-73.93985509872437,40.79056982213484],[-73.93983900547028,40.79055763788938],[-73.93981754779816,40.79055357647374],[-73.93975853919983,40.79056169930479],[-73.93973708152771,40.79058200637809],[-73.93973171710968,40.79059825203228],[-73.9397531747818,40.79061855909438],[-73.93977463245392,40.79062262050607],[-73.93983364105225,40.79061449768247]]]}},{"type":"Feature","properties":{"id":"31356338-6439-3434-A537-373530623937","building_id":"cc617cc6-fc2e-447f-9730-003afdeb8275","height":39,"min_height":0},"geometry":{"type":"Polygon","coordinates":[[[-73.95289599895477,40.789371693963574],[-73.95292818546295,40.78933107907045],[-73.95287990570068,40.789310771614566],[-73.9528477191925,40.78935138652011],[-73.95289599895477,40.789371693963574]]]}},{"type":"Feature","properties":{"id":"61396362-6630-3539-B962-333039373635","building_id":"1a5b0657-8de5-4e00-ad6c-eb096d4980db","height":60,"min_height":0},"geometry":{"type":"Polygon","coordinates":[[[-73.94405543804169,40.79201973138299],[-73.94414126873016,40.79190601415482],[-73.94405543804169,40.79186946214725],[-73.94409835338593,40.79180854208997],[-73.9438945055008,40.79172325391579],[-73.94380867481232,40.79183697145697],[-73.94389986991882,40.79187758481734],[-73.94385695457458,40.79193850481133],[-73.94405543804169,40.79201973138299]]]}},{"type":"Feature","properties":{"id":"35616632-3333-3563-A261-306539363735","building_id":"240a0d76-4442-4a0f-b152-0b6d32f6cfbe","height":40,"min_height":0},"geometry":{"type":"Polygon","coordinates":[[[-73.9458578824997,40.789184865249524],[-73.94580960273743,40.7893798169392],[-73.94595444202423,40.78940418586018],[-73.94601881504059,40.78921329573993],[-73.94598126411438,40.78920517274392],[-73.9460027217865,40.7891361272377],[-73.94604027271271,40.78914425024212],[-73.94608855247498,40.78894929786085],[-73.94594371318817,40.78892492877293],[-73.94587934017181,40.789115819722184],[-73.94591689109802,40.78911988122579],[-73.9458954334259,40.78918892674889],[-73.9458578824997,40.789184865249524]]]}},{"type":"Feature","properties":{"id":"38333765-6333-3366-B438-343933626331","building_id":"bac9a343-26bf-4a5e-83c5-6ffacf3ef3d2","height":null,"min_height":0},"geometry":{"type":"Polygon","coordinates":[[[-73.9508306980133,40.78650422147604],[-73.95094871520996,40.7863417547392],[-73.95082533359528,40.786288952964156],[-73.95066976547241,40.78649609814863],[-73.9507931470871,40.786548899759],[-73.9508306980133,40.78650422147604]]]}},{"type":"Feature","properties":{"id":"34393731-3230-3262-A631-396438643332","building_id":"86cf63c9-8c22-485b-a736-5b86745b535a","height":42.5,"min_height":40},"geometry":{"type":"Polygon","coordinates":[[[-73.94622266292572,40.78602088176632],[-73.94630312919617,40.786033066844226],[-73.94631922245026,40.785968079736136],[-73.94623875617981,40.78595589464629],[-73.94622266292572,40.78602088176632]]]}},{"type":"Feature","properties":{"id":"35343133-6231-3838-B962-663066613730","building_id":"e9379cc2-e0a0-40fd-b514-a18374300f47","height":42.5,"min_height":40},"geometry":{"type":"Polygon","coordinates":[[[-73.94673228263855,40.78786080321299],[-73.9467591047287,40.787791756308906],[-73.94667863845825,40.78777550996813],[-73.94665718078613,40.78784455688907],[-73.94673228263855,40.78786080321299]]]}},{"type":"Feature","properties":{"id":"34636630-3062-3535-B237-653666393331","building_id":"7adb8d16-2dc6-49d4-be4f-4a5770cf4741","height":6,"min_height":0},"geometry":{"type":"Polygon","coordinates":[[[-73.9386910200119,40.79048453236956],[-73.93900752067566,40.79041548819362],[-73.93908262252808,40.79031395251033],[-73.93876612186432,40.79017992517066],[-73.93873929977417,40.79018398660918],[-73.93831014633179,40.790009344528926],[-73.93830478191376,40.78998497583001],[-73.93799364566803,40.78985500928496],[-73.93799364566803,40.78982657906931],[-73.93797755241394,40.78981845614834],[-73.93792927265167,40.78987937803154],[-73.93787026405334,40.789850947826324],[-73.93788635730743,40.78989562385763],[-73.93785417079926,40.78994029985884],[-73.93781661987305,40.789924054043695],[-73.93769860267639,40.79009057346059],[-73.93801510334015,40.79022460098062],[-73.9378273487091,40.79048047094943],[-73.93798291683197,40.79054545364167],[-73.9380419254303,40.79046016384507],[-73.93806874752045,40.79045610242346],[-73.93806338310242,40.79043579531165],[-73.93811166286469,40.790366751085],[-73.93805265426636,40.790338321088484],[-73.93810629844666,40.79026115389368],[-73.93815457820892,40.79025709245988],[-73.9386910200119,40.79048453236956]]]}},{"type":"Feature","properties":{"id":"35366530-6266-3031-B762-393766393461","building_id":"6a941d2e-feef-41c7-8841-3d7cec79e822","height":66,"min_height":0},"geometry":{"type":"Polygon","coordinates":[[[-73.94096553325653,40.79035050537419],[-73.94098699092865,40.79034238251731],[-73.94099235534668,40.79032613680053],[-73.94099235534668,40.79030582964896],[-73.94097626209259,40.790293645355035],[-73.94094944000244,40.790289583923254],[-73.94089579582214,40.79029770678662],[-73.940868973732,40.790318013940635],[-73.94087433815002,40.79034238251731],[-73.94089043140411,40.79035862823011],[-73.94091188907623,40.790362689657684],[-73.94096553325653,40.79035050537419]]]}},{"type":"Feature","properties":{"id":"64623239-3834-3963-A133-356234383564","building_id":"bdee3221-f54c-4e8d-87e9-0ce221f2854c","height":40,"min_height":0},"geometry":{"type":"Polygon","coordinates":[[[-73.94530534744263,40.78895742088818],[-73.94527852535248,40.7891523732456],[-73.94542336463928,40.78916861924955],[-73.94547164440155,40.788977728452124],[-73.94542872905731,40.788973666939825],[-73.9454448223114,40.78890055967608],[-73.94548773765564,40.78890462119287],[-73.94551455974579,40.78870966810808],[-73.94537508487701,40.78869342199184],[-73.94532144069672,40.78888431360656],[-73.94536435604095,40.788888375124316],[-73.94534826278687,40.788961482401476],[-73.94530534744263,40.78895742088818]]]}},{"type":"Feature","properties":{"id":"64346136-3630-3664-B762-643837333732","building_id":"cc617cc6-fc2e-447f-9730-003afdeb8275","height":36,"min_height":24},"geometry":{"type":"Polygon","coordinates":[[[-73.95285844802856,40.78927827967226],[-73.95247220993042,40.78980221030338],[-73.95270824432373,40.789899685313515],[-73.95308911800385,40.789375755451516],[-73.95285844802856,40.78927827967226]]]}},{"type":"Feature","properties":{"id":"63356163-3239-3262-A538-386439393435","building_id":"84336f0b-d966-426b-8e50-c64e73052138","height":42.5,"min_height":40},"geometry":{"type":"Polygon","coordinates":[[[-73.94635677337646,40.78848222211906],[-73.94637823104858,40.78841317586111],[-73.94629240036011,40.7884009912199],[-73.94627094268799,40.7884700374905],[-73.94635677337646,40.78848222211906]]]}},{"type":"Feature","properties":{"id":"62633039-3865-3436-B132-653362343935","building_id":"7adb8d16-2dc6-49d4-be4f-4a5770cf4741","height":93,"min_height":90.5},"geometry":{"type":"Polygon","coordinates":[[[-73.9389431476593,40.79054545364167],[-73.93893241882324,40.79055763788938],[-73.93884658813477,40.79057794496393],[-73.93882513046265,40.79056576071994],[-73.93877148628235,40.79063074332868],[-73.93882513046265,40.79065105038089],[-73.9389967918396,40.79061855909438],[-73.93902361392975,40.79057794496393],[-73.9389431476593,40.79054545364167]]]}},{"type":"Feature","properties":{"id":"38306462-3964-3064-B564-353035366163","building_id":"a34c2a49-7869-4149-a0e3-068382e284ee","height":60,"min_height":0},"geometry":{"type":"Polygon","coordinates":[[[-73.93972098827362,40.79044391815711],[-73.93964052200317,40.79056169930479],[-73.93972098827362,40.79059419061912],[-73.93967807292938,40.790655111790585],[-73.93988192081451,40.790736339932295],[-73.93996238708496,40.79062262050607],[-73.93987119197845,40.79058606779199],[-73.93991410732269,40.79052514655717],[-73.93972098827362,40.79044391815711]]]}},{"type":"Feature","properties":{"id":"62336534-3937-3562-B362-633865386362","building_id":"2cfdd269-f7c7-4a62-86c5-d44049df1eb6","height":51,"min_height":0},"geometry":{"type":"Polygon","coordinates":[[[-73.95213961601257,40.7904520410016],[-73.95253121852875,40.790370812512094],[-73.95244002342224,40.790119003563206],[-73.95289599895477,40.79030989107977],[-73.95256876945496,40.79037893536554],[-73.95267605781555,40.79067948024351],[-73.95307302474976,40.79059825203228],[-73.95298182964325,40.79034644394588],[-73.95344853401184,40.79054545364167],[-73.95312666893005,40.79061449768247],[-73.95323395729065,40.79091098010045],[-73.95334124565125,40.79095565541854],[-73.9535665512085,40.79064698897096],[-73.95349144935608,40.7906104362703],[-73.95360946655273,40.79058606779199],[-73.95367920398712,40.79048859378946],[-73.95235419273376,40.789932176951794],[-73.95201623439789,40.79039924249474],[-73.95213961601257,40.7904520410016]]]}},{"type":"Feature","properties":{"id":"37663762-6636-3235-B064-393037373131","building_id":"7adb8d16-2dc6-49d4-be4f-4a5770cf4741","height":19.8,"min_height":14.1},"geometry":{"type":"Polygon","coordinates":[[[-73.93832623958588,40.790330198230095],[-73.93822968006134,40.790289583923254],[-73.93815994262695,40.79038705821796],[-73.93848180770874,40.790521085139545],[-73.93850862979889,40.790521085139545],[-73.93857300281525,40.79043579531165],[-73.93832623958588,40.790330198230095]]]}},{"type":"Feature","properties":{"id":"37323161-3738-3961-B735-353331303935","building_id":"6796b195-0e33-4788-9599-12086ef932f4","height":116.4,"min_height":0},"geometry":{"type":"Polygon","coordinates":[[[-73.94811630249023,40.785151673773186],[-73.94804120063782,40.785257279089734],[-73.94824504852295,40.78534663730338],[-73.94840598106384,40.785123241543886],[-73.94795536994934,40.78493640087706],[-73.9478749036789,40.785050130041185],[-73.94811630249023,40.785151673773186]]]}},{"type":"Feature","properties":{"id":"37656362-6362-3336-B438-383030663164","building_id":"39be0402-154f-4fdb-95b7-9914c5bac12d","height":96,"min_height":90.5},"geometry":{"type":"Polygon","coordinates":[[[-73.93791854381561,40.79096377820042],[-73.93795073032379,40.79091910288781],[-73.93788635730743,40.79089067312776],[-73.93780589103699,40.79090691870644],[-73.93777370452881,40.79095565541854],[-73.9378273487091,40.790980023761165],[-73.93791854381561,40.79096377820042]]]}},{"type":"Feature","properties":{"id":"37323431-6332-3238-B666-363137313664","building_id":"c8fb57f5-f69e-4145-b15a-8078591267e7","height":60,"min_height":0},"geometry":{"type":"Polygon","coordinates":[[[-73.94170045852661,40.7907647697584],[-73.94161999225616,40.79088255033693],[-73.94170582294464,40.79091910288781],[-73.9416629076004,40.790980023761165],[-73.9418613910675,40.791061251505425],[-73.94194722175598,40.79094347124388],[-73.9418613910675,40.79090691870644],[-73.94189894199371,40.790850059163716],[-73.94170045852661,40.7907647697584]]]}},{"type":"Feature","properties":{"id":"31313431-3832-3363-B439-626138633230","building_id":"765dd176-ab57-4b0d-ad9a-ee794a9f34ce","height":66,"min_height":0},"geometry":{"type":"Polygon","coordinates":[[[-73.9400053024292,40.79095565541854],[-73.94002676010132,40.79094753263567],[-73.94003748893738,40.79092722567415],[-73.94003212451935,40.79091098010045],[-73.94001603126526,40.79089879591757],[-73.93998920917511,40.790894734522794],[-73.93993556499481,40.79090285731215],[-73.93991410732269,40.79092316428111],[-73.93991410732269,40.79094753263567],[-73.93993020057678,40.79096377820042],[-73.9399516582489,40.79096783959099],[-73.9400053024292,40.79095565541854]]]}},{"type":"Feature","properties":{"id":"63373234-3838-3164-B363-363030666431","building_id":"6796b195-0e33-4788-9599-12086ef932f4","height":10,"min_height":0},"geometry":{"type":"Polygon","coordinates":[[[-73.94821286201477,40.78539131636509],[-73.94824504852295,40.78534663730338],[-73.94804120063782,40.785257279089734],[-73.94811630249023,40.785151673773186],[-73.9478749036789,40.785050130041185],[-73.94795536994934,40.78493640087706],[-73.94798219203949,40.78490390679437],[-73.94843280315399,40.78509074755263],[-73.94845962524414,40.78505419179345],[-73.9479660987854,40.78484704211141],[-73.94777834415436,40.785111056299],[-73.94747793674469,40.78498514197122],[-73.94735991954803,40.78514761202689],[-73.94767105579376,40.7852775877852],[-73.94773542881012,40.78518822947868],[-73.94821286201477,40.78539131636509]]]}},{"type":"Feature","properties":{"id":"39363437-6430-3031-A535-366439303934","building_id":"2eea7a3d-5120-4fec-ae8b-13d349947f30","height":60,"min_height":0},"geometry":{"type":"Polygon","coordinates":[[[-73.94244074821472,40.79188164615201],[-73.9425265789032,40.791767928687364],[-73.94244074821472,40.79172731525989],[-73.94248366355896,40.79167045641975],[-73.94228518009186,40.791585168068224],[-73.94219934940338,40.79170294719151],[-73.94229054450989,40.79173949929074],[-73.94224226474762,40.7918004194114],[-73.94244074821472,40.79188164615201]]]}},{"type":"Feature","properties":{"id":"66386561-3033-3163-B530-643266656430","building_id":"7adb8d16-2dc6-49d4-be4f-4a5770cf4741","height":31,"min_height":25.4},"geometry":{"type":"Polygon","coordinates":[[[-73.93857300281525,40.79043579531165],[-73.93842816352844,40.790370812512094],[-73.93835842609406,40.79046828668757],[-73.93848180770874,40.790521085139545],[-73.93850862979889,40.790521085139545],[-73.93857300281525,40.79043579531165]]]}},{"type":"Feature","properties":{"id":"64646636-6162-3661-A662-373563643537","building_id":"cc617cc6-fc2e-447f-9730-003afdeb8275","height":8,"min_height":0},"geometry":{"type":"Polygon","coordinates":[[[-73.95271897315979,40.78994029985884],[-73.95315885543823,40.78933920205105],[-73.95312666893005,40.78932701757978],[-73.95268678665161,40.78992811549787],[-73.95271897315979,40.78994029985884]]]}},{"type":"Feature","properties":{"id":"30336263-6662-3431-A233-383134643239","building_id":"2cfdd269-f7c7-4a62-86c5-d44049df1eb6","height":58,"min_height":24},"geometry":{"type":"Polygon","coordinates":[[[-73.95321786403656,40.79044797957948],[-73.95298182964325,40.79034644394588],[-73.95307838916779,40.79062262050607],[-73.95321786403656,40.79044797957948]]]}},{"type":"Feature","properties":{"id":"36613531-3364-3630-B961-333832633733","building_id":"f4bc9882-593d-43e0-a415-0f6261ed3b47","height":82.5,"min_height":40},"geometry":{"type":"Polygon","coordinates":[[[-73.95220398902893,40.788624375953475],[-73.95228445529938,40.78865686821575],[-73.9523059129715,40.78862843748712],[-73.95220398902893,40.78858782213942],[-73.95220398902893,40.788624375953475]]]}},{"type":"Feature","properties":{"id":"35376163-3737-3537-B530-376561623830","building_id":"0a9f0e0e-e0b5-4c1f-a05c-a455dd44e1be","height":60,"min_height":0},"geometry":{"type":"Polygon","coordinates":[[[-73.94003748893738,40.79006214334581],[-73.93995702266693,40.79017180229292],[-73.94004821777344,40.79021241667178],[-73.93999993801117,40.79027333819357],[-73.94019842147827,40.79035456680228],[-73.94028425216675,40.79023678528719],[-73.94019305706024,40.79020023236072],[-73.94023597240448,40.790143372212896],[-73.94003748893738,40.79006214334581]]]}},{"type":"Feature","properties":{"id":"34383864-3038-3835-A639-633036623262","building_id":"bb705567-f806-474f-a7a9-ac47a06058c3","height":42.5,"min_height":40},"geometry":{"type":"Polygon","coordinates":[[[-73.94747793674469,40.78581373509954],[-73.94756376743317,40.785834043624845],[-73.94759058952332,40.78576093290465],[-73.94750475883484,40.785744686067034],[-73.94747793674469,40.78581373509954]]]}},{"type":"Feature","properties":{"id":"31633836-3664-3531-A466-343939613539","building_id":"cc617cc6-fc2e-447f-9730-003afdeb8275","height":24,"min_height":0},"geometry":{"type":"Polygon","coordinates":[[[-73.95268678665161,40.78992811549787],[-73.95312666893005,40.78932701757978],[-73.95289063453674,40.78922548023206],[-73.95243465900421,40.789850947826324],[-73.95267069339752,40.78994842276495],[-73.95268678665161,40.78992811549787]]]}},{"type":"Feature","properties":{"id":"35636539-3536-3437-B535-386533633465","building_id":"bac9a343-26bf-4a5e-83c5-6ffacf3ef3d2","height":null,"min_height":0},"geometry":{"type":"Polygon","coordinates":[[[-73.95082533359528,40.786288952964156],[-73.95095407962799,40.78634581641248],[-73.9510828256607,40.78617116423777],[-73.95094871520996,40.78611836232707],[-73.95082533359528,40.786288952964156]]]}},{"type":"Feature","properties":{"id":"39363035-6562-3533-B366-353431346432","building_id":"40b19d59-19eb-43e7-8c74-d625c3dd2893","height":66,"min_height":0},"geometry":{"type":"Polygon","coordinates":[[[-73.94148051738739,40.79134554782769],[-73.94149661064148,40.79133742509251],[-73.94150733947754,40.79132117961919],[-73.94150197505951,40.791300872771956],[-73.94148588180542,40.791288688660615],[-73.9414644241333,40.791284627289656],[-73.94140541553497,40.79129275003132],[-73.94138395786285,40.79131305688102],[-73.94138395786285,40.7913414864602],[-73.94140005111694,40.79135367056185],[-73.94142150878906,40.79135773192857],[-73.94148051738739,40.79134554782769]]]}},{"type":"Feature","properties":{"id":"64336135-6562-3662-B263-626561653934","building_id":"eadade44-8545-49af-addb-0574a4c28755","height":null,"min_height":0},"geometry":{"type":"Polygon","coordinates":[[[-73.949334025383,40.79041142676928],[-73.94924283027649,40.790533269391716],[-73.94932866096497,40.79056982213484],[-73.94949495792389,40.79034644394588],[-73.94940912723541,40.79030989107977],[-73.94936084747314,40.79037487393893],[-73.94936621189117,40.79038705821796],[-73.94934475421906,40.79041142676928],[-73.949334025383,40.79041142676928]]]}},{"type":"Feature","properties":{"id":"65333563-6164-3062-B934-653232656332","building_id":"7adb8d16-2dc6-49d4-be4f-4a5770cf4741","height":90.5,"min_height":0},"geometry":{"type":"Polygon","coordinates":[[[-73.93910944461823,40.79046016384507],[-73.93900752067566,40.79041548819362],[-73.9386910200119,40.79048453236956],[-73.93857300281525,40.79043579531165],[-73.93850862979889,40.790521085139545],[-73.93882513046265,40.79065105038089],[-73.9389967918396,40.79061855909438],[-73.93910944461823,40.79046016384507]]]}},{"type":"Feature","properties":{"id":"63303038-6234-3863-B538-626639643039","building_id":"f4bc9882-593d-43e0-a415-0f6261ed3b47","height":82.5,"min_height":30},"geometry":{"type":"Polygon","coordinates":[[[-73.95250976085663,40.788583760603274],[-73.95256876945496,40.78857157599333],[-73.95249903202057,40.78853908368933],[-73.95250976085663,40.788583760603274]]]}},{"type":"Feature","properties":{"id":"61353462-6534-3236-B435-326639323832","building_id":"39be0402-154f-4fdb-95b7-9914c5bac12d","height":31,"min_height":25.4},"geometry":{"type":"Polygon","coordinates":[[[-73.9378273487091,40.79048047094943],[-73.93781125545502,40.79047234810844],[-73.93777906894684,40.79047640952908],[-73.93772542476654,40.79055357647374],[-73.93773078918457,40.79057794496393],[-73.93806874752045,40.790720094311894],[-73.93799364566803,40.790821629374136],[-73.9380955696106,40.79086224335555],[-73.93812239170074,40.79085818195853],[-73.93819749355316,40.79075664695219],[-73.9381331205368,40.79060637485787],[-73.9378273487091,40.79048047094943]]]}},{"type":"Feature","properties":{"id":"33653733-3335-3535-A239-633066373333","building_id":"240a0d76-4442-4a0f-b152-0b6d32f6cfbe","height":42.5,"min_height":40},"geometry":{"type":"Polygon","coordinates":[[[-73.94591689109802,40.78911988122579],[-73.9458954334259,40.78918892674889],[-73.94598126411438,40.78920517274392],[-73.9460027217865,40.7891361272377],[-73.94591689109802,40.78911988122579]]]}},{"type":"Feature","properties":{"id":"62323566-3961-3639-A130-363562333838","building_id":"f4bc9882-593d-43e0-a415-0f6261ed3b47","height":100.2,"min_height":97.5},"geometry":{"type":"Polygon","coordinates":[[[-73.95248293876648,40.78872591422032],[-73.95256876945496,40.78860406828147],[-73.95240783691406,40.788640622086604],[-73.95243465900421,40.788705606579356],[-73.95248293876648,40.78872591422032]]]}},{"type":"Feature","properties":{"id":"39393837-6163-3461-A366-656261353431","building_id":"d7e6709d-14c1-4602-a11d-4e55814152e4","height":null,"min_height":0},"geometry":{"type":"Polygon","coordinates":[[[-73.93662571907043,40.80188395961585],[-73.93664181232452,40.801863655999426],[-73.936727643013,40.80190020250453],[-73.93671154975891,40.80192050610981],[-73.93686175346375,40.80198547760489],[-73.93701195716858,40.80177838074255],[-73.93686175346375,40.801717469777714],[-73.93684029579163,40.801745894901586],[-73.93675446510315,40.80170934831153],[-73.93677592277527,40.80168092317197],[-73.93658816814423,40.801599708420525],[-73.9365667104721,40.801632194333024],[-73.93660426139832,40.80164437654611],[-73.93649697303772,40.8017905629288],[-73.93645942211151,40.80177432001332],[-73.93643796443939,40.80180274511284],[-73.93662571907043,40.80188395961585]]]}},{"type":"Feature","properties":{"id":"34616665-6465-3639-B161-623164386537","building_id":"6034596f-5d04-47be-98b5-d42d007c5435","height":35.1,"min_height":0},"geometry":{"type":"Polygon","coordinates":[[[-73.93671691417694,40.80427974274886],[-73.93652379512787,40.8042025917583],[-73.93633604049683,40.80443810502737],[-73.9362770318985,40.80445028672548],[-73.93612146377563,40.804397499350955],[-73.93593370914459,40.804360954220954],[-73.93584251403809,40.80451119518236],[-73.93599271774292,40.80453961910973],[-73.93625557422638,40.80462489081893],[-73.93644869327545,40.80471422296819],[-73.93666863441467,40.80482791825699],[-73.93673837184906,40.80471016241856],[-73.93655061721802,40.80459240637123],[-73.93653452396393,40.804535558549446],[-73.93671691417694,40.80427974274886]]]}},{"type":"Feature","properties":{"id":"31343434-6339-3337-A431-646334653664","building_id":"6034596f-5d04-47be-98b5-d42d007c5435","height":null,"min_height":0},"geometry":{"type":"Polygon","coordinates":[[[-73.93682956695557,40.80463707248276],[-73.93702268600464,40.80437313593319],[-73.93617510795593,40.80401580477823],[-73.93598198890686,40.80427974274886],[-73.93682956695557,40.80463707248276]]]}},{"type":"Feature","properties":{"id":"35376165-3461-3437-B439-653437623634","building_id":"d7e6709d-14c1-4602-a11d-4e55814152e4","height":null,"min_height":0},"geometry":{"type":"Polygon","coordinates":[[[-73.93669545650482,40.801888020338396],[-73.93666326999664,40.80187583817002],[-73.93661499023438,40.80194487042792],[-73.93664181232452,40.80195705258362],[-73.93669545650482,40.801888020338396]]]}},{"type":"Feature","properties":{"id":"31376565-3932-3331-A230-343235373737","building_id":"d7e6709d-14c1-4602-a11d-4e55814152e4","height":98.8,"min_height":0},"geometry":{"type":"Polygon","coordinates":[[[-73.93678665161133,40.80201796332858],[-73.93648624420166,40.801892081060686],[-73.93632531166077,40.80211135969563],[-73.93662571907043,40.80223724154766],[-73.93678665161133,40.80201796332858]]]}},{"type":"Feature","properties":{"id":"36316632-6533-3636-B534-363638623233","building_id":"02a65d30-a01b-42bf-9d1b-8c34a0ffc496","height":6,"min_height":0},"geometry":{"type":"Polygon","coordinates":[[[-73.93629848957062,40.79193850481133],[-73.93641650676727,40.79198724076625],[-73.93673300743103,40.79191819815287],[-73.93680810928345,40.79181666476748],[-73.93649160861969,40.79168264046103],[-73.93645942211151,40.791686701807606],[-73.93626093864441,40.79160141347697],[-73.93626093864441,40.79157298400909],[-73.93610000610352,40.791508002322445],[-73.93601953983307,40.791621720232314],[-73.93596589565277,40.79163390428252],[-73.93587470054626,40.79176386734571],[-73.93629848957062,40.79193850481133]]]}},{"type":"Feature","properties":{"id":"38666231-3931-3965-A633-306166346465","building_id":"c0e5137d-0238-4c56-90ab-3b2e99427705","height":null,"min_height":0},"geometry":{"type":"Polygon","coordinates":[[[-73.93200695514679,40.79570731307325],[-73.93203377723694,40.7956707631584],[-73.9319908618927,40.79565451874535],[-73.93196403980255,40.795687007567494],[-73.93200695514679,40.79570731307325]]]}},{"type":"Feature","properties":{"id":"62346138-6332-3364-B865-313032323333","building_id":"e0bcb7fe-aedd-4392-83a7-ad87aeaba8f6","height":null,"min_height":0},"geometry":{"type":"Polygon","coordinates":[[[-73.93113791942596,40.794964127516465],[-73.93109500408173,40.7950250446784],[-73.93113791942596,40.79504128924549],[-73.9311808347702,40.79498037209845],[-73.93113791942596,40.794964127516465]]]}},{"type":"Feature","properties":{"id":"32653762-6536-3232-A635-326236643865","building_id":"c0e5137d-0238-4c56-90ab-3b2e99427705","height":null,"min_height":0},"geometry":{"type":"Polygon","coordinates":[[[-73.93203914165497,40.795569235511635],[-73.93200695514679,40.795613907695355],[-73.93207132816315,40.795638274328354],[-73.93210351467133,40.79559766326841],[-73.93203914165497,40.795569235511635]]]}},{"type":"Feature","properties":{"id":"33393936-3433-3739-B736-653664363665","building_id":"02a65d30-a01b-42bf-9d1b-8c34a0ffc496","height":90.5,"min_height":0},"geometry":{"type":"Polygon","coordinates":[[[-73.9368349313736,40.79196287279328],[-73.93673300743103,40.79191819815287],[-73.93641650676727,40.79198724076625],[-73.93629848957062,40.79193850481133],[-73.93623948097229,40.7920278540347],[-73.93655061721802,40.79215781632681],[-73.93672227859497,40.79212126445785],[-73.9368349313736,40.79196287279328]]]}},{"type":"Feature","properties":{"id":"33653462-6639-3362-B931-376461383533","building_id":"02a65d30-a01b-42bf-9d1b-8c34a0ffc496","height":14.1,"min_height":0},"geometry":{"type":"Polygon","coordinates":[[[-73.93626093864441,40.79157298400909],[-73.93626093864441,40.79160141347697],[-73.93645942211151,40.791686701807606],[-73.93649160861969,40.79168264046103],[-73.93680810928345,40.79181666476748],[-73.93673300743103,40.79191819815287],[-73.9368349313736,40.79196287279328],[-73.93686175346375,40.79195475013361],[-73.93693685531616,40.79185727814027],[-73.93687784671783,40.79170700853689],[-73.93655061721802,40.79156892265553],[-73.93651843070984,40.79157298400909],[-73.93631994724274,40.79148769553234],[-73.93626093864441,40.79157298400909]]]}},{"type":"Feature","properties":{"id":"62643961-3838-3730-A237-653534373232","building_id":"02a65d30-a01b-42bf-9d1b-8c34a0ffc496","height":25.4,"min_height":19.8},"geometry":{"type":"Polygon","coordinates":[[[-73.93651843070984,40.79157298400909],[-73.93646478652954,40.79165014967933],[-73.9364755153656,40.791678579114176],[-73.93680810928345,40.79181666476748],[-73.93673300743103,40.79191819815287],[-73.9368349313736,40.79196287279328],[-73.93686175346375,40.79195475013361],[-73.93693685531616,40.79185727814027],[-73.93687784671783,40.79170700853689],[-73.93655061721802,40.79156892265553],[-73.93651843070984,40.79157298400909]]]}},{"type":"Feature","properties":{"id":"65643436-3437-3537-B137-616239353061","building_id":"c0e5137d-0238-4c56-90ab-3b2e99427705","height":null,"min_height":0},"geometry":{"type":"Polygon","coordinates":[[[-73.93210351467133,40.79559766326841],[-73.93207132816315,40.795638274328354],[-73.93210887908936,40.79565451874535],[-73.93214106559753,40.795613907695355],[-73.93210351467133,40.79559766326841]]]}},{"type":"Feature","properties":{"id":"35306161-3865-3162-A431-643234656335","building_id":"e0bcb7fe-aedd-4392-83a7-ad87aeaba8f6","height":null,"min_height":0},"geometry":{"type":"Polygon","coordinates":[[[-73.93144905567169,40.79508190064578],[-73.93140077590942,40.79515093996926],[-73.93147587776184,40.79518342903785],[-73.93152415752411,40.7951103286112],[-73.93144905567169,40.79508190064578]]]}},{"type":"Feature","properties":{"id":"39343936-3539-3938-B463-386364356135","building_id":"6dffd8e2-65ca-49cd-8822-c4dc9dccb003","height":14.1,"min_height":0},"geometry":{"type":"Polygon","coordinates":[[[-73.93688321113586,40.79151206367973],[-73.93719434738159,40.79164202698141],[-73.93720507621765,40.791666395072184],[-73.93754839897156,40.79180854208997],[-73.9375752210617,40.79180448075081],[-73.9376449584961,40.79172325391579],[-73.93727481365204,40.79156892265553],[-73.93726944923401,40.79154861588407],[-73.9369797706604,40.79142271376227],[-73.93694758415222,40.79142677512476],[-73.93688321113586,40.79151206367973]]]}},{"type":"Feature","properties":{"id":"64633339-3934-3932-A466-663230336438","building_id":"02a65d30-a01b-42bf-9d1b-8c34a0ffc496","height":31,"min_height":25.4},"geometry":{"type":"Polygon","coordinates":[[[-73.9366739988327,40.791621720232314],[-73.93659889698029,40.79172731525989],[-73.93680810928345,40.79181666476748],[-73.93673300743103,40.79191819815287],[-73.9368349313736,40.79196287279328],[-73.93686175346375,40.79195475013361],[-73.93693685531616,40.79185727814027],[-73.93687784671783,40.79170700853689],[-73.9366739988327,40.791621720232314]]]}},{"type":"Feature","properties":{"id":"66633837-3032-3962-B238-313136643434","building_id":"e0bcb7fe-aedd-4392-83a7-ad87aeaba8f6","height":null,"min_height":0},"geometry":{"type":"Polygon","coordinates":[[[-73.93103063106537,40.79498037209845],[-73.93101990222931,40.79499255553233],[-73.93109500408173,40.7950250446784],[-73.93113791942596,40.794964127516465],[-73.93106281757355,40.79493163834056],[-73.93103063106537,40.79498037209845]]]}},{"type":"Feature","properties":{"id":"64666534-6532-3732-A465-666534363763","building_id":"6dffd8e2-65ca-49cd-8822-c4dc9dccb003","height":31,"min_height":25.4},"geometry":{"type":"Polygon","coordinates":[[[-73.93720507621765,40.791666395072184],[-73.93754839897156,40.79180854208997],[-73.9375752210617,40.79180448075081],[-73.9376449584961,40.79172325391579],[-73.93727481365204,40.79156892265553],[-73.93724262714386,40.79156892265553],[-73.93719434738159,40.79164202698141],[-73.93720507621765,40.791666395072184]]]}},{"type":"Feature","properties":{"id":"35633161-6135-3262-A637-386230306134","building_id":"02a65d30-a01b-42bf-9d1b-8c34a0ffc496","height":96,"min_height":90.5},"geometry":{"type":"Polygon","coordinates":[[[-73.93665790557861,40.79206034463158],[-73.93669009208679,40.79201567005677],[-73.93663108348846,40.7919913020942],[-73.93655061721802,40.792003486076595],[-73.93651306629181,40.79205222198385],[-73.93657207489014,40.79207658992405],[-73.93665790557861,40.79206034463158]]]}},{"type":"Feature","properties":{"id":"62356461-3030-3366-A666-333436633162","building_id":"e0bcb7fe-aedd-4392-83a7-ad87aeaba8f6","height":null,"min_height":0},"geometry":{"type":"Polygon","coordinates":[[[-73.93134713172913,40.79511438974811],[-73.93140614032745,40.795138756564455],[-73.93144905567169,40.79508190064578],[-73.93139004707336,40.795057533808574],[-73.93134713172913,40.79511438974811]]]}},{"type":"Feature","properties":{"id":"39613635-3362-3132-A633-343665316237","building_id":"02a65d30-a01b-42bf-9d1b-8c34a0ffc496","height":98,"min_height":93},"geometry":{"type":"Polygon","coordinates":[[[-73.93661499023438,40.79212126445785],[-73.9366203546524,40.79210501917632],[-73.93660426139832,40.79208877389078],[-73.93657207489014,40.79209283521254],[-73.9365667104721,40.792109080497056],[-73.93657743930817,40.79212532577762],[-73.93659889698029,40.792129387097134],[-73.93661499023438,40.79212126445785]]]}},{"type":"Feature","properties":{"id":"30323138-3134-3034-A364-363565623135","building_id":"c0e5137d-0238-4c56-90ab-3b2e99427705","height":null,"min_height":0},"geometry":{"type":"Polygon","coordinates":[[[-73.93191039562225,40.79557329662049],[-73.93181383609772,40.79570325197261],[-73.93201231956482,40.79578853503418],[-73.93210887908936,40.79565451874535],[-73.93191039562225,40.79557329662049]]]}},{"type":"Feature","properties":{"id":"64323138-3634-3538-B565-323738353763","building_id":"c0e5137d-0238-4c56-90ab-3b2e99427705","height":null,"min_height":0},"geometry":{"type":"Polygon","coordinates":[[[-73.93178701400757,40.79574386296795],[-73.93175482749939,40.79578447393848],[-73.93178164958954,40.79579259612959],[-73.9317923784256,40.795776351746355],[-73.93196403980255,40.795849451439636],[-73.93198013305664,40.795829145977365],[-73.93178701400757,40.79574386296795]]]}},{"type":"Feature","properties":{"id":"36346664-6366-3233-B934-303033333234","building_id":"02a65d30-a01b-42bf-9d1b-8c34a0ffc496","height":93,"min_height":90.5},"geometry":{"type":"Polygon","coordinates":[[[-73.93666863441467,40.79204816065959],[-73.93665790557861,40.79206034463158],[-73.93657207489014,40.79207658992405],[-73.93655061721802,40.79206846727831],[-73.93649697303772,40.792137509735426],[-73.93655061721802,40.79215781632681],[-73.93672227859497,40.79212126445785],[-73.93674910068512,40.79208065124655],[-73.93666863441467,40.79204816065959]]]}},{"type":"Feature","properties":{"id":"35303462-6265-3863-B333-373334653566","building_id":"c0e5137d-0238-4c56-90ab-3b2e99427705","height":null,"min_height":0},"geometry":{"type":"Polygon","coordinates":[[[-73.93201231956482,40.79578853503418],[-73.93181383609772,40.79570325197261],[-73.93178701400757,40.79574386296795],[-73.93198013305664,40.795829145977365],[-73.93201231956482,40.79578853503418]]]}},{"type":"Feature","properties":{"id":"66653035-6264-3938-A662-316633386632","building_id":"02a65d30-a01b-42bf-9d1b-8c34a0ffc496","height":31,"min_height":25.4},"geometry":{"type":"Polygon","coordinates":[[[-73.93608391284943,40.791983179438034],[-73.93621265888214,40.792040038010384],[-73.93623948097229,40.7920278540347],[-73.93629848957062,40.79193850481133],[-73.93615901470184,40.79188164615201],[-73.93608391284943,40.791983179438034]]]}},{"type":"Feature","properties":{"id":"61353537-6163-3663-A664-383433643061","building_id":"6dffd8e2-65ca-49cd-8822-c4dc9dccb003","height":19.8,"min_height":14.1},"geometry":{"type":"Polygon","coordinates":[[[-73.9371782541275,40.791508002322445],[-73.93706023693085,40.79145926601578],[-73.93698513507843,40.791556738593385],[-73.93719434738159,40.79164202698141],[-73.93720507621765,40.791666395072184],[-73.93754839897156,40.79180854208997],[-73.9375752210617,40.79180448075081],[-73.9376449584961,40.79172325391579],[-73.93727481365204,40.79156892265553],[-73.93726944923401,40.79154861588407],[-73.9371782541275,40.791508002322445]]]}},{"type":"Feature","properties":{"id":"31653130-6434-3364-B733-623634633635","building_id":"e0bcb7fe-aedd-4392-83a7-ad87aeaba8f6","height":null,"min_height":0},"geometry":{"type":"Polygon","coordinates":[[[-73.93100917339325,40.79491133259759],[-73.93097698688507,40.79495600522398],[-73.93103063106537,40.79498037209845],[-73.93106281757355,40.79493163834056],[-73.93100917339325,40.79491133259759]]]}},{"type":"Feature","properties":{"id":"36366535-3435-3435-B039-336636333132","building_id":"39be0402-154f-4fdb-95b7-9914c5bac12d","height":19.8,"min_height":14.1},"geometry":{"type":"Polygon","coordinates":[[[-73.93719971179962,40.79068760305921],[-73.93718361854553,40.7906672960182],[-73.93707633018494,40.79062262050607],[-73.93700659275055,40.790720094311894],[-73.93710851669312,40.79076070835541],[-73.93711924552917,40.79077695396586],[-73.93746256828308,40.79092722567415],[-73.93749475479126,40.79092316428111],[-73.93755376338959,40.7908378749697],[-73.93719971179962,40.79068760305921]]]}},{"type":"Feature","properties":{"id":"66356361-6335-3136-B533-636666646262","building_id":"02a65d30-a01b-42bf-9d1b-8c34a0ffc496","height":14.1,"min_height":0},"geometry":{"type":"Polygon","coordinates":[[[-73.93587470054626,40.79176386734571],[-73.93583714962006,40.791771990028735],[-73.93577814102173,40.7918532168041],[-73.93621265888214,40.792040038010384],[-73.93623948097229,40.7920278540347],[-73.93629848957062,40.79193850481133],[-73.93587470054626,40.79176386734571]]]}},{"type":"Feature","properties":{"id":"61393266-3261-3964-B639-336466393232","building_id":"02a65d30-a01b-42bf-9d1b-8c34a0ffc496","height":19.8,"min_height":14.1},"geometry":{"type":"Polygon","coordinates":[[[-73.93634140491486,40.79163390428252],[-73.93645942211151,40.791686701807606],[-73.93649160861969,40.79168264046103],[-73.93680810928345,40.79181666476748],[-73.93673300743103,40.79191819815287],[-73.9368349313736,40.79196287279328],[-73.93686175346375,40.79195475013361],[-73.93693685531616,40.79185727814027],[-73.93687784671783,40.79170700853689],[-73.93655061721802,40.79156892265553],[-73.93651843070984,40.79157298400909],[-73.93641650676727,40.79153237046239],[-73.93634140491486,40.79163390428252]]]}},{"type":"Feature","properties":{"id":"63353766-6332-3236-B361-643537386237","building_id":"39be0402-154f-4fdb-95b7-9914c5bac12d","height":25.4,"min_height":19.8},"geometry":{"type":"Polygon","coordinates":[[[-73.93710851669312,40.79076070835541],[-73.93711924552917,40.79077695396586],[-73.93746256828308,40.79092722567415],[-73.93749475479126,40.79092316428111],[-73.93755376338959,40.7908378749697],[-73.93719971179962,40.79068760305921],[-73.93716752529144,40.79068760305921],[-73.93710851669312,40.79076070835541]]]}},{"type":"Feature","properties":{"id":"35373830-6433-3866-B065-663963393163","building_id":"39be0402-154f-4fdb-95b7-9914c5bac12d","height":14.1,"min_height":0},"geometry":{"type":"Polygon","coordinates":[[[-73.93699586391449,40.79058606779199],[-73.93696904182434,40.79059012920567],[-73.93691003322601,40.79067541883535],[-73.93710851669312,40.79076070835541],[-73.93711924552917,40.79077695396586],[-73.93746256828308,40.79092722567415],[-73.93749475479126,40.79092316428111],[-73.93755376338959,40.7908378749697],[-73.93719971179962,40.79068760305921],[-73.93718361854553,40.7906672960182],[-73.93699586391449,40.79058606779199]]]}},{"type":"Feature","properties":{"id":"65633230-3632-3331-B333-643666336161","building_id":"39be0402-154f-4fdb-95b7-9914c5bac12d","height":31,"min_height":25.4},"geometry":{"type":"Polygon","coordinates":[[[-73.93724262714386,40.79083381357117],[-73.93746256828308,40.79092722567415],[-73.93749475479126,40.79092316428111],[-73.93755376338959,40.7908378749697],[-73.93731772899628,40.790736339932295],[-73.93724262714386,40.79083381357117]]]}},{"type":"Feature","properties":{"id":"31613732-6537-3134-B033-333335303136","building_id":"6dffd8e2-65ca-49cd-8822-c4dc9dccb003","height":25.4,"min_height":19.8},"geometry":{"type":"Polygon","coordinates":[[[-73.9376449584961,40.79172325391579],[-73.93727481365204,40.79156892265553],[-73.93726944923401,40.79154861588407],[-73.9371782541275,40.791508002322445],[-73.93715143203735,40.79151206367973],[-73.93709242343903,40.79159735212514],[-73.93719434738159,40.79164202698141],[-73.93720507621765,40.791666395072184],[-73.93754839897156,40.79180854208997],[-73.9375752210617,40.79180448075081],[-73.9376449584961,40.79172325391579]]]}},{"type":"Feature","properties":{"id":"30376433-6561-3431-B963-386633663962","building_id":"02a65d30-a01b-42bf-9d1b-8c34a0ffc496","height":98,"min_height":93},"geometry":{"type":"Polygon","coordinates":[[[-73.93667936325073,40.792109080497056],[-73.93668472766876,40.79208877389078],[-73.93666863441467,40.79207658992405],[-73.93664717674255,40.79207658992405],[-73.93663108348846,40.79208877389078],[-73.93664181232452,40.792113141817566],[-73.93666326999664,40.79211720313785],[-73.93667936325073,40.792109080497056]]]}},{"type":"Feature","properties":{"id":"36663938-6535-3733-A336-346163386230","building_id":"c0e5137d-0238-4c56-90ab-3b2e99427705","height":null,"min_height":0},"geometry":{"type":"Polygon","coordinates":[[[-73.93194258213043,40.79553268552081],[-73.93191039562225,40.79557329662049],[-73.93200695514679,40.795613907695355],[-73.93203914165497,40.795569235511635],[-73.93194258213043,40.79553268552081]]]}},{"type":"Feature","properties":{"id":"33626363-6138-3735-B633-363538326638","building_id":"36186dbc-97b9-47b8-9a7a-c1059aa617c5","height":null,"min_height":0},"geometry":{"type":"Polygon","coordinates":[[[-73.93049418926239,40.794968188662324],[-73.93009185791016,40.79551644107394],[-73.93083214759827,40.7958332070703],[-73.93091797828674,40.79572761857281],[-73.93097162246704,40.79575198516406],[-73.93100917339325,40.79569919087169],[-73.93126666545868,40.795804779414425],[-73.93124520778656,40.795829145977365],[-73.93127739429474,40.795845390347694],[-73.93129885196686,40.79581696269702],[-73.93166363239288,40.795971284082896],[-73.93176555633545,40.795829145977365],[-73.93171191215515,40.795804779414425],[-73.93192112445831,40.79552050218604],[-73.93156170845032,40.79537430199457],[-73.9315938949585,40.79532962964964],[-73.93134713172913,40.79522810148117],[-73.93129348754883,40.795305262903355],[-73.93049418926239,40.794968188662324]]]}},{"type":"Feature","properties":{"id":"38613034-3735-3435-B664-376133343531","building_id":"02a65d30-a01b-42bf-9d1b-8c34a0ffc496","height":25.4,"min_height":19.8},"geometry":{"type":"Polygon","coordinates":[[[-73.93598735332489,40.79194256614224],[-73.93621265888214,40.792040038010384],[-73.93623948097229,40.7920278540347],[-73.93629848957062,40.79193850481133],[-73.93606245517731,40.79183697145697],[-73.93598735332489,40.79194256614224]]]}},{"type":"Feature","properties":{"id":"36326438-3930-3537-B134-306236333066","building_id":"e0bcb7fe-aedd-4392-83a7-ad87aeaba8f6","height":null,"min_height":0},"geometry":{"type":"Polygon","coordinates":[[[-73.93152415752411,40.7951103286112],[-73.93147587776184,40.79518342903785],[-73.93151342868805,40.795199673566174],[-73.93156707286835,40.795126573157404],[-73.93152415752411,40.7951103286112]]]}},{"type":"Feature","properties":{"id":"66663638-3864-3139-B261-383939356237","building_id":"02a65d30-a01b-42bf-9d1b-8c34a0ffc496","height":19.8,"min_height":14.1},"geometry":{"type":"Polygon","coordinates":[[[-73.93588542938232,40.79190195282163],[-73.93621265888214,40.792040038010384],[-73.93623948097229,40.7920278540347],[-73.93629848957062,40.79193850481133],[-73.93595516681671,40.791796358071764],[-73.93588542938232,40.79190195282163]]]}}]}