{"type":"FeatureCollection","features":[{"type":"Feature","properties":{"id":"31366636-6333-3263-A561-623062383235","building_id":"ab4a8d1f-07ea-4d70-af9a-35090d7b900e","height":5,"min_height":0},"geometry":{"type":"Polygon","coordinates":[[[-74.00811195373535,40.741006140322234],[-74.0080851316452,40.741107751366584],[-74.0082836151123,40.741193104523866],[-74.00834798812866,40.741107751366584],[-74.00837481021881,40.74111588024341],[-74.00840699672699,40.74107117140851],[-74.00846600532532,40.741095558049444],[-74.0085518360138,40.74097768920203],[-74.00814414024353,40.74080291776793],[-74.00832116603851,40.74055904988317],[-74.00825142860413,40.740550920938276],[-74.00825679302216,40.740530598571695],[-74.00809586048126,40.74051434067396],[-74.00807976722717,40.74056717882705],[-74.0079939365387,40.740571243298625],[-74.00793492794037,40.74054685646544],[-74.0077793598175,40.740758208722646],[-74.00781154632568,40.74077040210162],[-74.00780081748962,40.740782595478336],[-74.00811195373535,40.741006140322234]]]}},{"type":"Feature","properties":{"id":"30623063-3961-3139-B063-633339626163","building_id":"81b67924-0ddf-4b17-a83f-5cc93c4dbe1f","height":20,"min_height":15},"geometry":{"type":"Polygon","coordinates":[[[-74.00775790214539,40.741481678673054],[-74.0075808763504,40.74172554317521],[-74.00790274143219,40.74186373266289],[-74.0080851316452,40.741619868667385],[-74.00775790214539,40.741481678673054]]]}},{"type":"Feature","properties":{"id":"37626436-3338-3535-B636-323335363131","building_id":"f472550f-776c-44df-ab40-31bf435bafa8","height":17,"min_height":15.5},"geometry":{"type":"Polygon","coordinates":[[[-74.01003241539001,40.7317141704124],[-74.00996804237366,40.73171010539967],[-74.00996267795563,40.73174262549457],[-74.01002705097198,40.731746690505304],[-74.01003241539001,40.7317141704124]]]}},{"type":"Feature","properties":{"id":"39376561-6335-3636-B162-383433333332","building_id":"811b0fff-15b2-4e3f-b857-7c814bc834d9","height":5.2,"min_height":0},"geometry":{"type":"Polygon","coordinates":[[[-74.00789737701416,40.73672614217718],[-74.00815486907959,40.73672614217718],[-74.00816023349762,40.7366733009731],[-74.00789737701416,40.7366733009731],[-74.00789737701416,40.73672614217718]]]}},{"type":"Feature","properties":{"id":"34636337-3933-3133-B134-336465333433","building_id":"426e2621-6af5-4d0e-90b4-99abaeabe0bb","height":17,"min_height":15.5},"geometry":{"type":"Polygon","coordinates":[[[-74.00888442993164,40.73225887987206],[-74.00882005691528,40.732250749912915],[-74.00881469249725,40.73228733472128],[-74.00887906551361,40.73229139969874],[-74.00888442993164,40.73225887987206]]]}},{"type":"Feature","properties":{"id":"61353161-3738-3737-A432-353664306666","building_id":"9c809576-b09b-4ca1-8481-28cf5f5ab45d","height":50,"min_height":0},"geometry":{"type":"Polygon","coordinates":[[[-74.00954961776733,40.73733991001136],[-74.00961399078369,40.73733584534234],[-74.00963008403778,40.73716919369882],[-74.0095603466034,40.737165129019374],[-74.00954961776733,40.73733991001136]]]}},{"type":"Feature","properties":{"id":"38303966-3139-3134-B034-313263303432","building_id":"163abb59-6b0c-4852-b1ac-fa9abaa6bf83","height":23,"min_height":0},"geometry":{"type":"Polygon","coordinates":[[[-74.00680840015411,40.740806982225095],[-74.00683522224426,40.74077040210162],[-74.00652408599854,40.740636274810065],[-74.00649726390839,40.740672855007325],[-74.00680840015411,40.740806982225095]]]}},{"type":"Feature","properties":{"id":"32663036-3865-3535-A665-333037343365","building_id":"ab4a8d1f-07ea-4d70-af9a-35090d7b900e","height":70,"min_height":15},"geometry":{"type":"Polygon","coordinates":[[[-74.00840699672699,40.74107117140851],[-74.00846600532532,40.741095558049444],[-74.00851964950562,40.74102239809977],[-74.00814950466156,40.740872013506056],[-74.00812268257141,40.74085169123758],[-74.00813341140747,40.74083949787353],[-74.00789201259613,40.74066066161046],[-74.00780081748962,40.740782595478336],[-74.00812268257141,40.741010204767015],[-74.00816559791565,40.74095330251786],[-74.00841772556305,40.741058978084666],[-74.00840699672699,40.74107117140851]]]}},{"type":"Feature","properties":{"id":"34383038-3762-3038-A162-656338373263","building_id":"ab1fe77c-5c69-4ffd-984f-ac260c1d875e","height":17,"min_height":15.5},"geometry":{"type":"Polygon","coordinates":[[[-74.0097588300705,40.7318523806975],[-74.00976419448853,40.73180766563667],[-74.00972127914429,40.731803600629654],[-74.00971055030823,40.7318483156932],[-74.0097588300705,40.7318523806975]]]}},{"type":"Feature","properties":{"id":"65373563-3162-3666-A430-623162633136","building_id":"ba821e6b-0799-4252-a391-3ea45764e98f","min_height":0},"geometry":{"type":"Polygon","coordinates":[[[-74.006786942482,40.73792521975706],[-74.00684058666229,40.73792521975706],[-74.00684058666229,40.73775856958996],[-74.00680303573608,40.73775856958996],[-74.00680303573608,40.73763663017883],[-74.00672793388367,40.73763663017883],[-74.00672793388367,40.737709793852325],[-74.00670647621155,40.737709793852325],[-74.00670647621155,40.737746375658915],[-74.00667428970337,40.737746375658915],[-74.00667428970337,40.737872379505376],[-74.006786942482,40.737872379505376],[-74.006786942482,40.73792521975706]]]}},{"type":"Feature","properties":{"id":"32656233-3835-3730-A336-636131666532","building_id":"b21c1673-1360-4723-9ef4-00f82bdec923","height":37.5,"min_height":34.8},"geometry":{"type":"Polygon","coordinates":[[[-74.00715708732605,40.73161661003833],[-74.00719463825226,40.73162067505676],[-74.00720000267029,40.73158002486117],[-74.00716781616211,40.73157595984024],[-74.00715708732605,40.73161661003833]]]}},{"type":"Feature","properties":{"id":"65356338-3431-3534-B132-363463323538","building_id":"6eb6aaf6-4f43-4946-987e-b73247687e31","height":15.5,"min_height":0},"geometry":{"type":"Polygon","coordinates":[[[-74.01010751724243,40.73179140560711],[-74.0099573135376,40.731775145573565],[-74.00994122028351,40.7318930307267],[-74.01009142398834,40.73190929073143],[-74.01010751724243,40.73179140560711]]]}},{"type":"Feature","properties":{"id":"35666333-3831-3135-A364-313438323966","building_id":"de81e270-b126-423e-b4b5-0d57378121a8","height":15.5,"min_height":0},"geometry":{"type":"Polygon","coordinates":[[[-74.00924384593964,40.73165319519536],[-74.00922238826752,40.731787340599084],[-74.00936722755432,40.731799535622386],[-74.00938868522644,40.731665390243236],[-74.00924384593964,40.73165319519536]]]}},{"type":"Feature","properties":{"id":"61336136-3130-3066-A536-633930323539","building_id":"8b9917f2-7c42-447b-80a9-bf4a6622f70e","height":6,"min_height":0},"geometry":{"type":"Polygon","coordinates":[[[-74.00490403175354,40.73976240856217],[-74.0050059556961,40.73963640829573],[-74.00500059127808,40.73951040779061],[-74.00437295436859,40.73951853686267],[-74.00437295436859,40.73953885953843],[-74.00490403175354,40.73976240856217]]]}},{"type":"Feature","properties":{"id":"66633063-3738-3634-A131-386138313633","building_id":"4d00eacd-3d56-4626-b19d-b78ed33f498f","height":17,"min_height":15.5},"geometry":{"type":"Polygon","coordinates":[[[-74.00964617729187,40.73145807412535],[-74.00965690612793,40.731413358799536],[-74.00960862636566,40.73140929376843],[-74.00960326194763,40.73145400909697],[-74.00964617729187,40.73145807412535]]]}},{"type":"Feature","properties":{"id":"66313266-3231-3739-A533-316232323835","building_id":"c5ef7efb-4e75-4f5e-a77c-08631189a723","height":15.5,"min_height":0},"geometry":{"type":"Polygon","coordinates":[[[-74.00906145572662,40.73181173064344],[-74.00907754898071,40.73169791036],[-74.00892198085785,40.7316816503036],[-74.00890052318573,40.731799535622386],[-74.00906145572662,40.73181173064344]]]}},{"type":"Feature","properties":{"id":"32643634-3531-3135-B464-393837303564","building_id":"e9ede6dd-8a63-459d-a47f-3b8eab221743","height":10,"min_height":0},"geometry":{"type":"Polygon","coordinates":[[[-74.00567650794983,40.73983963441395],[-74.0057623386383,40.739721763341],[-74.00566577911377,40.73968111809501],[-74.00564968585968,40.73970144072111],[-74.00559604167938,40.739697376196396],[-74.00558531284332,40.73977866664367],[-74.0055638551712,40.73979086020221],[-74.00567650794983,40.73983963441395]]]}},{"type":"Feature","properties":{"id":"66656638-3738-3062-B262-393636333230","building_id":"961d995e-0eff-4dd1-8bcb-fe0bb50aee03","height":17,"min_height":15.5},"geometry":{"type":"Polygon","coordinates":[[[-74.0100485086441,40.731608480000695],[-74.00998413562775,40.73160441498149],[-74.00997877120972,40.73163693512806],[-74.01004314422607,40.73164100014526],[-74.0100485086441,40.731608480000695]]]}},{"type":"Feature","properties":{"id":"66313830-3539-3163-A630-333961366333","building_id":"efaf84aa-b601-4df7-8317-dd35500bc7ee","height":7.5,"min_height":6},"geometry":{"type":"Polygon","coordinates":[[[-74.00792419910431,40.74189624779474],[-74.00789737701416,40.74187999023079],[-74.00789201259613,40.7419125053547],[-74.00790274143219,40.74192063413318],[-74.00792419910431,40.74189624779474]]]}},{"type":"Feature","properties":{"id":"39303130-6435-3161-B866-383838326231","building_id":"86e9ed01-cfd4-4c27-8bfa-1b9cc62a1cc3","height":12.5,"min_height":0},"geometry":{"type":"Polygon","coordinates":[[[-74.00593400001526,40.74072569303448],[-74.0057623386383,40.740961431413574],[-74.00607347488403,40.741091493609915],[-74.00624513626099,40.74085982014573],[-74.00615394115448,40.74081917559511],[-74.00609493255615,40.74090046467149],[-74.00607347488403,40.74088827131637],[-74.006068110466,40.74088420686415],[-74.0061217546463,40.740806982225095],[-74.00593400001526,40.74072569303448]]]}},{"type":"Feature","properties":{"id":"31333034-3034-3230-B735-373731626236","building_id":"9c809576-b09b-4ca1-8481-28cf5f5ab45d","height":50,"min_height":0},"geometry":{"type":"Polygon","coordinates":[[[-74.00963008403778,40.73716919369882],[-74.00963544845581,40.73710822348102],[-74.009308218956,40.73710822348102],[-74.009308218956,40.73739275068599],[-74.00960862636566,40.73739275068599],[-74.00961399078369,40.73733584534234],[-74.00954961776733,40.73733991001136],[-74.0095603466034,40.737165129019374],[-74.00963008403778,40.73716919369882]]]}},{"type":"Feature","properties":{"id":"34353532-6431-3134-B236-656636643364","building_id":"1a397f03-9955-4239-a2cf-f5188f3dfc00","height":20,"min_height":0},"geometry":{"type":"Polygon","coordinates":[[[-74.00798857212067,40.73297837732299],[-74.0079778432846,40.73295398770631],[-74.00789737701416,40.73297024745177],[-74.00790274143219,40.732990572128],[-74.00798857212067,40.73297837732299]]]}},{"type":"Feature","properties":{"id":"66366461-3830-3261-A262-663434323231","building_id":"039f3798-aa38-4aae-8dd8-d1ad20920160","height":28.2,"min_height":0},"geometry":{"type":"Polygon","coordinates":[[[-74.00915801525116,40.738538976528396],[-74.00912582874298,40.73855523490891],[-74.00912582874298,40.73861213920947],[-74.00950133800507,40.7386162038005],[-74.00951743125916,40.73846987836679],[-74.00946378707886,40.73846987836679],[-74.00946378707886,40.73839671552924],[-74.00934040546417,40.73839671552924],[-74.00934040546417,40.738538976528396],[-74.00915801525116,40.738538976528396]]]}},{"type":"Feature","properties":{"id":"35383561-3736-3265-B864-653639633931","building_id":"dc248685-78a3-4b8e-81bd-f0c2d088b930","height":17,"min_height":15.5},"geometry":{"type":"Polygon","coordinates":[[[-74.00907218456268,40.73130360287245],[-74.00900781154633,40.73129547279657],[-74.0090024471283,40.73133205813019],[-74.00906682014465,40.731336123166024],[-74.00907218456268,40.73130360287245]]]}},{"type":"Feature","properties":{"id":"66383665-3765-3035-B530-626231386439","building_id":"b21c1673-1360-4723-9ef4-00f82bdec923","height":37.5,"min_height":34.8},"geometry":{"type":"Polygon","coordinates":[[[-74.00782227516174,40.73119791180858],[-74.00782763957977,40.73115319630795],[-74.00775253772736,40.73114100116619],[-74.00774717330933,40.73118978171979],[-74.00782227516174,40.73119791180858]]]}},{"type":"Feature","properties":{"id":"32633764-6563-3662-B133-303562656433","building_id":"1a397f03-9955-4239-a2cf-f5188f3dfc00","height":20,"min_height":0},"geometry":{"type":"Polygon","coordinates":[[[-74.00817632675171,40.73292146820347],[-74.00809586048126,40.73293772795687],[-74.00810122489929,40.73296211757953],[-74.00818705558777,40.73294585783208],[-74.00817632675171,40.73292146820347]]]}},{"type":"Feature","properties":{"id":"35366235-6265-3663-B962-356134333538","building_id":"7325ec56-7550-47ff-b94e-8b0378a0cb78","height":17,"min_height":15.5},"geometry":{"type":"Polygon","coordinates":[[[-74.00893270969391,40.73202311065329],[-74.00886833667755,40.73201498066534],[-74.00886297225952,40.732051565603335],[-74.00892198085785,40.732055630595205],[-74.00893270969391,40.73202311065329]]]}},{"type":"Feature","properties":{"id":"30393439-3231-3633-A535-633135633766","building_id":"b21c1673-1360-4723-9ef4-00f82bdec923","height":39,"min_height":34.8},"geometry":{"type":"Polygon","coordinates":[[[-74.00753796100616,40.73129140775826],[-74.00754868984222,40.73123449719584],[-74.00739848613739,40.73121823702621],[-74.00738775730133,40.731275147602545],[-74.00753796100616,40.73129140775826]]]}},{"type":"Feature","properties":{"id":"38306264-3139-3461-B164-353065303937","building_id":"8b9917f2-7c42-447b-80a9-bf4a6622f70e","height":23,"min_height":0},"geometry":{"type":"Polygon","coordinates":[[[-74.00490403175354,40.73976240856217],[-74.00515615940094,40.73987215053525],[-74.00521516799927,40.73950634325421],[-74.00500059127808,40.73951040779061],[-74.00501132011414,40.73963640829573],[-74.00490403175354,40.73976240856217]]]}},{"type":"Feature","properties":{"id":"37386565-3936-3035-A137-333838356235","building_id":"ab4a8d1f-07ea-4d70-af9a-35090d7b900e","height":15,"min_height":0},"geometry":{"type":"Polygon","coordinates":[[[-74.00827825069427,40.74095330251786],[-74.00828897953033,40.74093704472343],[-74.00826752185822,40.740924851375034],[-74.00825679302216,40.74094110917242],[-74.00827825069427,40.74095330251786]]]}},{"type":"Feature","properties":{"id":"66373163-3232-3339-B763-353438313238","building_id":"de81e270-b126-423e-b4b5-0d57378121a8","height":17,"min_height":15.5},"geometry":{"type":"Polygon","coordinates":[[[-74.00932967662811,40.7317507555158],[-74.00933504104614,40.731706040386705],[-74.0092921257019,40.73170197537347],[-74.00928139686584,40.731746690505304],[-74.00932967662811,40.7317507555158]]]}},{"type":"Feature","properties":{"id":"39346632-3865-3432-B636-383361323731","building_id":"ba821e6b-0799-4252-a391-3ea45764e98f","min_height":0},"geometry":{"type":"Polygon","coordinates":[[[-74.00659382343292,40.73792521975706],[-74.00659382343292,40.73763663017883],[-74.0065723657608,40.73763663017883],[-74.00656700134277,40.73792521975706],[-74.00659382343292,40.73792521975706]]]}},{"type":"Feature","properties":{"id":"61386134-3033-3032-A534-643537643831","building_id":"fe05d94e-c753-4c47-b5e1-685d4d7dc15b","height":17,"min_height":15.5},"geometry":{"type":"Polygon","coordinates":[[[-74.00950133800507,40.731441814010346],[-74.00951206684113,40.731397098673625],[-74.00946378707886,40.731393033641524],[-74.00945842266083,40.73143774898098],[-74.00950133800507,40.731441814010346]]]}},{"type":"Feature","properties":{"id":"35633733-3062-3261-B439-333261333965","building_id":"6c99be23-bf3b-42fa-b139-addc03735772","height":24,"min_height":0},"geometry":{"type":"Polygon","coordinates":[[[-74.00944232940674,40.73839671552924],[-74.0095442533493,40.73839671552924],[-74.0095442533493,40.73828697112204],[-74.0095603466034,40.73827477728785],[-74.0095603466034,40.73823819577184],[-74.00953352451324,40.738209743467706],[-74.009490609169,40.738209743467706],[-74.00945842266083,40.73824226038572],[-74.00938868522644,40.73824226038572],[-74.00938868522644,40.7382178726987],[-74.00909900665283,40.7382178726987],[-74.00909900665283,40.738360134080295],[-74.00945842266083,40.738360134080295],[-74.00945842266083,40.73838045710997],[-74.00944232940674,40.73838045710997],[-74.00944232940674,40.73839671552924]]]}},{"type":"Feature","properties":{"id":"36666665-6462-3433-B764-353166666535","building_id":"8b9917f2-7c42-447b-80a9-bf4a6622f70e","height":23,"min_height":0},"geometry":{"type":"Polygon","coordinates":[[[-74.00490403175354,40.73976240856217],[-74.00501132011414,40.73963640829573],[-74.00500059127808,40.73951040779061],[-74.0050059556961,40.73963640829573],[-74.00490403175354,40.73976240856217]]]}},{"type":"Feature","properties":{"id":"61323366-3730-3862-A531-333738386262","building_id":"86e9ed01-cfd4-4c27-8bfa-1b9cc62a1cc3","height":16,"min_height":13},"geometry":{"type":"Polygon","coordinates":[[[-74.00610566139221,40.74105084920088],[-74.00619149208069,40.74093704472343],[-74.00607347488403,40.74088827131637],[-74.00604665279388,40.74092891582475],[-74.00584816932678,40.74084762678314],[-74.00579452514648,40.74091672247485],[-74.00610566139221,40.74105084920088]]]}},{"type":"Feature","properties":{"id":"31363463-6337-3134-A535-393437316430","building_id":"811b0fff-15b2-4e3f-b857-7c814bc834d9","height":5.2,"min_height":0},"geometry":{"type":"Polygon","coordinates":[[[-74.00807440280914,40.7366733009731],[-74.00807976722717,40.73656355372275],[-74.00785982608795,40.73656355372275],[-74.00789201259613,40.7366733009731],[-74.00807440280914,40.7366733009731]]]}},{"type":"Feature","properties":{"id":"63343132-3337-3162-B764-323261643561","building_id":"60c3947c-21a4-4ffc-9213-826299a30d00","height":15.5,"min_height":0},"geometry":{"type":"Polygon","coordinates":[[[-74.00938868522644,40.731665390243236],[-74.00936722755432,40.731799535622386],[-74.0095067024231,40.73181579564996],[-74.00953352451324,40.73167758528889],[-74.00938868522644,40.731665390243236]]]}},{"type":"Feature","properties":{"id":"63343132-6234-3266-A331-383834343931","building_id":"e79c137e-8d73-4ba7-a7bd-80a05edfce5f","height":20.7,"min_height":0},"geometry":{"type":"Polygon","coordinates":[[[-74.00634706020355,40.73930718066656],[-74.00635778903961,40.73903891991208],[-74.00601983070374,40.73903485534688],[-74.00600910186768,40.73930718066656],[-74.00634706020355,40.73930718066656]]]}},{"type":"Feature","properties":{"id":"39373236-3861-3363-B762-373235643364","building_id":"a1c71199-1b1f-425e-86fe-86734660363c","height":17,"min_height":15.5},"geometry":{"type":"Polygon","coordinates":[[[-74.00890052318573,40.73238489411191],[-74.00883615016937,40.732376764168166],[-74.00883078575134,40.73240928393723],[-74.00888979434967,40.73241741387701],[-74.00890052318573,40.73238489411191]]]}},{"type":"Feature","properties":{"id":"39633932-3231-3336-B737-313037363637","building_id":"327b3ddf-a610-48c7-9927-402afbd92314","height":5,"min_height":0},"geometry":{"type":"Polygon","coordinates":[[[-74.00775790214539,40.741481678673054],[-74.00777399539948,40.741489807504195],[-74.00784373283386,40.74118497565645],[-74.00782227516174,40.74117278235349],[-74.00775790214539,40.741481678673054]]]}},{"type":"Feature","properties":{"id":"65666337-3935-3562-A634-376233313035","building_id":"562e9922-9fb2-46e5-b0c8-d22809730d87","height":15.5,"min_height":0},"geometry":{"type":"Polygon","coordinates":[[[-74.00969982147217,40.731360513375755],[-74.00967836380005,40.73149872439545],[-74.00982856750488,40.73151091947163],[-74.009850025177,40.731376773510625],[-74.00969982147217,40.731360513375755]]]}},{"type":"Feature","properties":{"id":"37653236-3266-3663-B437-646533336131","building_id":"c56a03ea-bfab-4c2a-b42e-e7b5f8e1ab69","height":37.8,"min_height":0},"geometry":{"type":"Polygon","coordinates":[[[-74.00740385055542,40.73456774806945],[-74.00755405426025,40.73458807225768],[-74.0074896812439,40.734315727619524],[-74.00725901126862,40.7343441815891],[-74.00720536708832,40.73454335903538],[-74.00740385055542,40.73456774806945]]]}},{"type":"Feature","properties":{"id":"63656438-3063-3238-A566-663835386539","building_id":"fb40628c-487b-4937-8081-5106e7eca83b","height":15.5,"min_height":0},"geometry":{"type":"Polygon","coordinates":[[[-74.00985538959503,40.73134831827201],[-74.00983393192291,40.73146620418135],[-74.0099948644638,40.7314783992635],[-74.0100109577179,40.73136457840986],[-74.00985538959503,40.73134831827201]]]}},{"type":"Feature","properties":{"id":"62343536-3331-3963-B438-393562386266","building_id":"9c809576-b09b-4ca1-8481-28cf5f5ab45d","height":57.6,"min_height":0},"geometry":{"type":"Polygon","coordinates":[[[-74.0095978975296,40.73729519863853],[-74.0095978975296,40.73720577580267],[-74.00933504104614,40.73720577580267],[-74.00933504104614,40.73729519863853],[-74.0095978975296,40.73729519863853]]]}},{"type":"Feature","properties":{"id":"39653836-6564-3364-A636-666366373939","building_id":"81b67924-0ddf-4b17-a83f-5cc93c4dbe1f","height":20,"min_height":0},"geometry":{"type":"Polygon","coordinates":[[[-74.00775790214539,40.741481678673054],[-74.0075808763504,40.74172554317521],[-74.00770962238312,40.74178244476373],[-74.00777399539948,40.741489807504195],[-74.00775790214539,40.741481678673054]]]}},{"type":"Feature","properties":{"id":"37303231-6330-3039-B866-666664353730","building_id":"f77962bb-dc39-4ef0-b1ec-345040c86efd","height":20,"min_height":0},"geometry":{"type":"Polygon","coordinates":[[[-74.00960862636566,40.73770166455925],[-74.00957107543945,40.73770166455925],[-74.0095603466034,40.737880508777586],[-74.00959253311157,40.737880508777586],[-74.00960862636566,40.73770166455925]]]}},{"type":"Feature","properties":{"id":"31393239-3562-3432-A566-363330303037","building_id":"9c809576-b09b-4ca1-8481-28cf5f5ab45d","height":15,"min_height":0},"geometry":{"type":"Polygon","coordinates":[[[-74.00963544845581,40.73739275068599],[-74.00965690612793,40.73710822348102],[-74.00963544845581,40.73710822348102],[-74.00960862636566,40.73739275068599],[-74.00963544845581,40.73739275068599]]]}},{"type":"Feature","properties":{"id":"62303131-6465-3833-A430-643362393764","building_id":"93e8c0cf-22df-419b-b622-eb4307a0356c","height":15.5,"min_height":0},"geometry":{"type":"Polygon","coordinates":[[[-74.00916874408722,40.73150278942109],[-74.00899171829224,40.73148652931703],[-74.00897562503815,40.73159628494238],[-74.00915265083313,40.73161254501964],[-74.00916874408722,40.73150278942109]]]}},{"type":"Feature","properties":{"id":"34313962-6537-3734-A265-316437613363","building_id":"ab4a8d1f-07ea-4d70-af9a-35090d7b900e","height":79.8,"min_height":0},"geometry":{"type":"Polygon","coordinates":[[[-74.00831043720245,40.741091493609915],[-74.00837481021881,40.74111588024341],[-74.00841772556305,40.741058978084666],[-74.00835335254669,40.74103052698704],[-74.00831043720245,40.741091493609915]]]}},{"type":"Feature","properties":{"id":"66333433-3662-3236-B534-313732326333","building_id":"7325ec56-7550-47ff-b94e-8b0378a0cb78","height":15.5,"min_height":0},"geometry":{"type":"Polygon","coordinates":[[[-74.00886833667755,40.73197026571378],[-74.00884687900543,40.73209221551085],[-74.00899708271027,40.732108475466916],[-74.00901854038239,40.73199059069548],[-74.00886833667755,40.73197026571378]]]}},{"type":"Feature","properties":{"id":"63333536-3330-3165-A430-376361366634","building_id":"1a397f03-9955-4239-a2cf-f5188f3dfc00","height":40,"min_height":0},"geometry":{"type":"Polygon","coordinates":[[[-74.00796175003052,40.732884883743765],[-74.00787591934204,40.73290114350612],[-74.00789737701416,40.73297024745177],[-74.0079778432846,40.73295398770631],[-74.00796175003052,40.732884883743765]]]}},{"type":"Feature","properties":{"id":"65316534-6335-3534-B632-366339356262","building_id":"b21c1673-1360-4723-9ef4-00f82bdec923","height":37.5,"min_height":34.8},"geometry":{"type":"Polygon","coordinates":[[[-74.00723218917847,40.73118571667503],[-74.00726974010468,40.73118978171979],[-74.0072751045227,40.731149131260956],[-74.0072375535965,40.731145066213685],[-74.00723218917847,40.73118571667503]]]}},{"type":"Feature","properties":{"id":"63353832-3063-3365-A630-663936663030","building_id":"f472550f-776c-44df-ab40-31bf435bafa8","height":15.5,"min_height":0},"geometry":{"type":"Polygon","coordinates":[[[-74.0099036693573,40.73177108056456],[-74.01008605957031,40.731787340599084],[-74.0101021528244,40.7316816503036],[-74.00992512702942,40.731665390243236],[-74.0099036693573,40.73177108056456]]]}},{"type":"Feature","properties":{"id":"64653162-3336-3564-B138-356564626336","building_id":"0e1d1c31-446a-4567-a005-6befbbe4951b","height":15.5,"min_height":0},"geometry":{"type":"Polygon","coordinates":[[[-74.00884687900543,40.73209221551085],[-74.00882005691528,40.732210100102236],[-74.00897562503815,40.73222636002949],[-74.00899708271027,40.732108475466916],[-74.00884687900543,40.73209221551085]]]}},{"type":"Feature","properties":{"id":"33316461-3231-3833-B662-653635376462","building_id":"e9ede6dd-8a63-459d-a47f-3b8eab221743","height":48,"min_height":0},"geometry":{"type":"Polygon","coordinates":[[[-74.00575697422028,40.73990873115272],[-74.0057247877121,40.73994531175006],[-74.00558531284332,40.73988434407664],[-74.00552093982697,40.73997376331187],[-74.00575160980225,40.740071311431386],[-74.00584280490875,40.73994531175006],[-74.00575697422028,40.73990873115272]]]}},{"type":"Feature","properties":{"id":"37666164-3061-3836-B737-366130623065","building_id":"327b3ddf-a610-48c7-9927-402afbd92314","height":52,"min_height":0},"geometry":{"type":"Polygon","coordinates":[[[-74.00777399539948,40.74139632588607],[-74.00750041007996,40.7412784575716],[-74.00747895240784,40.74136381050984],[-74.00775790214539,40.741481678673054],[-74.00777399539948,40.74139632588607]]]}},{"type":"Feature","properties":{"id":"61386462-3334-3832-B766-656461353137","building_id":"6c99be23-bf3b-42fa-b139-addc03735772","height":27,"min_height":0},"geometry":{"type":"Polygon","coordinates":[[[-74.009490609169,40.73829510034361],[-74.00953352451324,40.73829510034361],[-74.0095603466034,40.73827477728785],[-74.0095603466034,40.73823819577184],[-74.00953352451324,40.738209743467706],[-74.009490609169,40.738209743467706],[-74.00945842266083,40.73823819577184],[-74.00945842266083,40.73827477728785],[-74.009490609169,40.73829510034361]]]}},{"type":"Feature","properties":{"id":"65363734-3564-3137-A266-636161386634","building_id":"ea9e3873-8f08-4dae-9384-b39334676730","height":15.5,"min_height":0},"geometry":{"type":"Polygon","coordinates":[[[-74.00900781154633,40.73137270847728],[-74.00899171829224,40.73148652931703],[-74.00916874408722,40.73150278942109],[-74.00919020175934,40.731393033641524],[-74.00900781154633,40.73137270847728]]]}},{"type":"Feature","properties":{"id":"35356533-6639-3738-A138-646164356161","building_id":"426e2621-6af5-4d0e-90b4-99abaeabe0bb","height":15.5,"min_height":0},"geometry":{"type":"Polygon","coordinates":[[[-74.00879859924316,40.732327984484755],[-74.00895416736603,40.732344244383206],[-74.00897562503815,40.73222636002949],[-74.00882005691528,40.732210100102236],[-74.00879859924316,40.732327984484755]]]}},{"type":"Feature","properties":{"id":"66343762-3061-3235-B165-656638626639","building_id":"0406f09c-a3ad-4efc-8014-1a5dd8464ce6","height":30.8,"min_height":0},"geometry":{"type":"Polygon","coordinates":[[[-74.00963544845581,40.735242507800145],[-74.00969445705414,40.735242507800145],[-74.00981783866882,40.735226248609976],[-74.00982320308685,40.735116498972516],[-74.00964617729187,40.73510836936252],[-74.00963544845581,40.735242507800145]]]}},{"type":"Feature","properties":{"id":"39623565-6338-3630-B434-363233363039","building_id":"039f3798-aa38-4aae-8dd8-d1ad20920160","height":25,"min_height":0},"geometry":{"type":"Polygon","coordinates":[[[-74.00906682014465,40.73869343098298],[-74.00952279567719,40.73869749556904],[-74.0095442533493,40.73839671552924],[-74.00946378707886,40.73839671552924],[-74.00946378707886,40.73846987836679],[-74.00951743125916,40.73846987836679],[-74.00950133800507,40.7386162038005],[-74.00906682014465,40.73861213920947],[-74.00906682014465,40.73869343098298]]]}},{"type":"Feature","properties":{"id":"61653432-3637-3462-B261-313339386164","building_id":"ab4a8d1f-07ea-4d70-af9a-35090d7b900e","height":15,"min_height":0},"geometry":{"type":"Polygon","coordinates":[[[-74.00817632675171,40.74090859357366],[-74.00818705558777,40.74089233576833],[-74.00816559791565,40.74088420686415],[-74.00814950466156,40.74090046467149],[-74.00817632675171,40.74090859357366]]]}},{"type":"Feature","properties":{"id":"30333730-6132-3033-B635-386266323965","building_id":"ea9e3873-8f08-4dae-9384-b39334676730","height":17,"min_height":15.5},"geometry":{"type":"Polygon","coordinates":[[[-74.00913119316101,40.731429618921496],[-74.00907218456268,40.731425553891384],[-74.00906682014465,40.73145807412535],[-74.00912582874298,40.73146620418135],[-74.00913119316101,40.731429618921496]]]}},{"type":"Feature","properties":{"id":"66356565-3139-3563-B865-633836306238","building_id":"ab4a8d1f-07ea-4d70-af9a-35090d7b900e","height":15,"min_height":0},"geometry":{"type":"Polygon","coordinates":[[[-74.00848746299744,40.74103865587333],[-74.0084981918335,40.74101833365577],[-74.00847673416138,40.741010204767015],[-74.00846064090729,40.74102646254354],[-74.00848746299744,40.74103865587333]]]}},{"type":"Feature","properties":{"id":"30323339-3265-3565-A236-326166643562","building_id":"1a397f03-9955-4239-a2cf-f5188f3dfc00","height":20,"min_height":0},"geometry":{"type":"Polygon","coordinates":[[[-74.00802612304688,40.73310439020019],[-74.0079402923584,40.73311658498208],[-74.00795102119446,40.73315316931437],[-74.00799930095673,40.733149104389554],[-74.00799930095673,40.73313690961362],[-74.008047580719,40.73313284468782],[-74.00802612304688,40.73310439020019]]]}},{"type":"Feature","properties":{"id":"39666662-3564-3262-B730-346363356432","building_id":"fb40628c-487b-4937-8081-5106e7eca83b","height":17,"min_height":15.5},"geometry":{"type":"Polygon","coordinates":[[[-74.00994122028351,40.731417423830386],[-74.00995194911957,40.731368643443695],[-74.0099036693573,40.73136457840986],[-74.00989830493927,40.731413358799536],[-74.00994122028351,40.731417423830386]]]}},{"type":"Feature","properties":{"id":"30333838-3763-3564-B561-653230626630","building_id":"e9ede6dd-8a63-459d-a47f-3b8eab221743","height":45,"min_height":0},"geometry":{"type":"Polygon","coordinates":[[[-74.00555312633514,40.739924989198464],[-74.00563359260559,40.739823376347346],[-74.0055638551712,40.73979086020221],[-74.005526304245,40.739843698929974],[-74.00553703308105,40.739843698929974],[-74.00552093982697,40.73987215053525],[-74.00553703308105,40.7398802795631],[-74.00551557540894,40.73990873115272],[-74.00555312633514,40.739924989198464]]]}},{"type":"Feature","properties":{"id":"66353666-6536-3236-B530-333432633332","building_id":"1a397f03-9955-4239-a2cf-f5188f3dfc00","height":20,"min_height":0},"geometry":{"type":"Polygon","coordinates":[[[-74.00822460651398,40.733071870770864],[-74.00814414024353,40.73308406555872],[-74.00813341140747,40.73310439020019],[-74.008229970932,40.733108455127734],[-74.00822460651398,40.733071870770864]]]}},{"type":"Feature","properties":{"id":"63356464-6139-3134-B165-313636656361","building_id":"ab4a8d1f-07ea-4d70-af9a-35090d7b900e","height":15,"min_height":0},"geometry":{"type":"Polygon","coordinates":[[[-74.00787055492401,40.740794788852845],[-74.00789737701416,40.7407988533105],[-74.00791883468628,40.74070130625792],[-74.00789737701416,40.74069724179429],[-74.00787055492401,40.740794788852845]]]}},{"type":"Feature","properties":{"id":"38336263-6161-3236-B134-623534616563","building_id":"e9ede6dd-8a63-459d-a47f-3b8eab221743","height":48,"min_height":0},"geometry":{"type":"Polygon","coordinates":[[[-74.00565505027771,40.73991686017609],[-74.0056711435318,40.73989653761579],[-74.00563895702362,40.73988434407664],[-74.00567650794983,40.73983963441395],[-74.00563359260559,40.739823376347346],[-74.00558531284332,40.73988434407664],[-74.00565505027771,40.73991686017609]]]}},{"type":"Feature","properties":{"id":"61383236-6236-3330-B133-316131336136","building_id":"c56a03ea-bfab-4c2a-b42e-e7b5f8e1ab69","height":26.5,"min_height":0},"geometry":{"type":"Polygon","coordinates":[[[-74.00720536708832,40.73454335903538],[-74.00712490081787,40.73486854542127],[-74.00716781616211,40.73490106397244],[-74.0075433254242,40.73484822131873],[-74.00750577449799,40.73469375793642],[-74.00737166404724,40.73471408208614],[-74.00740385055542,40.73456774806945],[-74.00720536708832,40.73454335903538]]]}},{"type":"Feature","properties":{"id":"62363638-3937-3335-B638-306465333438","building_id":"ab4a8d1f-07ea-4d70-af9a-35090d7b900e","height":75,"min_height":20},"geometry":{"type":"Polygon","coordinates":[[[-74.00811195373535,40.74098175364852],[-74.00816559791565,40.74091265802437],[-74.00794565677643,40.740754144262496],[-74.00789201259613,40.740823240051284],[-74.00811195373535,40.74098175364852]]]}},{"type":"Feature","properties":{"id":"64343237-6631-3131-B131-366439373265","building_id":"ab4a8d1f-07ea-4d70-af9a-35090d7b900e","height":15,"min_height":0},"geometry":{"type":"Polygon","coordinates":[[[-74.00838017463684,40.7409939469865],[-74.00839626789093,40.74097768920203],[-74.00836944580078,40.74096956030829],[-74.00835871696472,40.740985818094764],[-74.00838017463684,40.7409939469865]]]}},{"type":"Feature","properties":{"id":"36376565-3439-3832-B161-343061306661","building_id":"c5ef7efb-4e75-4f5e-a77c-08631189a723","height":17,"min_height":15.5},"geometry":{"type":"Polygon","coordinates":[[[-74.00900781154633,40.73179140560711],[-74.00901317596436,40.73174262549457],[-74.00897026062012,40.73173856048358],[-74.00895953178406,40.731787340599084],[-74.00900781154633,40.73179140560711]]]}},{"type":"Feature","properties":{"id":"35623739-6163-3539-B265-303564666466","building_id":"562e9922-9fb2-46e5-b0c8-d22809730d87","height":17,"min_height":15.5},"geometry":{"type":"Polygon","coordinates":[[[-74.00979101657867,40.73147026920898],[-74.0097963809967,40.731425553891384],[-74.00975346565247,40.73142148886101],[-74.0097427368164,40.73146620418135],[-74.00979101657867,40.73147026920898]]]}},{"type":"Feature","properties":{"id":"36343530-3764-3362-A330-623434343532","building_id":"f77962bb-dc39-4ef0-b1ec-345040c86efd","height":37.2,"min_height":30},"geometry":{"type":"Polygon","coordinates":[[[-74.00941014289856,40.737884573413325],[-74.0095603466034,40.737880508777586],[-74.0095603466034,40.73783986240656],[-74.00941014289856,40.73784392704478],[-74.00941014289856,40.737884573413325]]]}},{"type":"Feature","properties":{"id":"63643265-3038-3463-A264-383336323966","building_id":"722dc15c-ef7f-4829-ad3f-c38ec9f9525b","height":50,"min_height":0},"geometry":{"type":"Polygon","coordinates":[[[-74.009490609169,40.73406777108391],[-74.00953352451324,40.73422223591954],[-74.00987148284912,40.73416532786391],[-74.00988221168518,40.734006798023735],[-74.009490609169,40.73406777108391]]]}},{"type":"Feature","properties":{"id":"36303235-3731-3738-A364-613331343866","building_id":"e79c137e-8d73-4ba7-a7bd-80a05edfce5f","height":5,"min_height":0},"geometry":{"type":"Polygon","coordinates":[[[-74.00609493255615,40.73903485534688],[-74.00608956813812,40.738990145113206],[-74.00601983070374,40.738990145113206],[-74.00601983070374,40.73903485534688],[-74.00609493255615,40.73903485534688]]]}},{"type":"Feature","properties":{"id":"31636432-3137-3832-B534-393061616563","building_id":"e9ede6dd-8a63-459d-a47f-3b8eab221743","height":48,"min_height":0},"geometry":{"type":"Polygon","coordinates":[[[-74.00590717792511,40.73985995699163],[-74.0058159828186,40.739823376347346],[-74.00575697422028,40.73990873115272],[-74.00584280490875,40.73994531175006],[-74.00590717792511,40.73985995699163]]]}},{"type":"Feature","properties":{"id":"31613961-6466-3331-A566-353138346661","building_id":"857d96b4-b172-4a15-b835-1af5f6a7aa3c","height":15.5,"min_height":0},"geometry":{"type":"Polygon","coordinates":[[[-74.0093994140625,40.731425553891384],[-74.00941550731659,40.73130766791002],[-74.00926530361176,40.73129547279657],[-74.00924384593964,40.73140929376843],[-74.0093994140625,40.731425553891384]]]}},{"type":"Feature","properties":{"id":"31336637-6433-3363-A433-333966326261","building_id":"163abb59-6b0c-4852-b1ac-fa9abaa6bf83","height":36.6,"min_height":0},"geometry":{"type":"Polygon","coordinates":[[[-74.00669574737549,40.74095330251786],[-74.00680840015411,40.740806982225095],[-74.00649726390839,40.740672855007325],[-74.00638461112976,40.740823240051284],[-74.00669574737549,40.74095330251786]]]}},{"type":"Feature","properties":{"id":"39383631-6432-3136-B265-653130326562","building_id":"6802e8ce-5d1b-45ac-8361-ed9deaeacad3","height":15.5,"min_height":0},"geometry":{"type":"Polygon","coordinates":[[[-74.00907754898071,40.73169791036],[-74.00906145572662,40.73181173064344],[-74.00921702384949,40.731827990668044],[-74.00923311710358,40.73171010539967],[-74.00907754898071,40.73169791036]]]}},{"type":"Feature","properties":{"id":"37333231-6230-3131-B531-343766346264","building_id":"4d00eacd-3d56-4626-b19d-b78ed33f498f","height":15.5,"min_height":0},"geometry":{"type":"Polygon","coordinates":[[[-74.00955498218536,40.73134831827201],[-74.00953352451324,40.73148246429037],[-74.00967836380005,40.73149872439545],[-74.00969982147217,40.731360513375755],[-74.00955498218536,40.73134831827201]]]}},{"type":"Feature","properties":{"id":"66303233-3361-3132-B738-626538656464","building_id":"c402dbed-5057-4436-981f-b54aa6349065","height":17,"min_height":15.5},"geometry":{"type":"Polygon","coordinates":[[[-74.0101021528244,40.73143368395136],[-74.01011288166046,40.73138490357657],[-74.0100646018982,40.731380838543714],[-74.01005923748016,40.731429618921496],[-74.0101021528244,40.73143368395136]]]}},{"type":"Feature","properties":{"id":"65626262-3562-3632-A432-386339376166","building_id":"93e8c0cf-22df-419b-b622-eb4307a0356c","height":17,"min_height":15.5},"geometry":{"type":"Polygon","coordinates":[[[-74.00911509990692,40.73153530961731],[-74.00905072689056,40.731531244593654],[-74.00904536247253,40.73156782979763],[-74.00910973548889,40.73157189481905],[-74.00911509990692,40.73153530961731]]]}},{"type":"Feature","properties":{"id":"39326637-6333-3538-A232-333765633835","building_id":"163abb59-6b0c-4852-b1ac-fa9abaa6bf83","height":14,"min_height":0},"geometry":{"type":"Polygon","coordinates":[[[-74.00669574737549,40.74095330251786],[-74.00638461112976,40.740823240051284],[-74.00615930557251,40.74112807355681],[-74.0063202381134,40.7411971689572],[-74.0065187215805,40.740924851375034],[-74.00667428970337,40.74098988254075],[-74.00669574737549,40.74095330251786]]]}},{"type":"Feature","properties":{"id":"36666231-3738-3461-B064-316137666564","building_id":"0e1d1c31-446a-4567-a005-6befbbe4951b","height":17,"min_height":15.5},"geometry":{"type":"Polygon","coordinates":[[[-74.00890588760376,40.732140995367104],[-74.00884687900543,40.73213286539355],[-74.00883615016937,40.73216945026674],[-74.00890052318573,40.732173515251404],[-74.00890588760376,40.732140995367104]]]}},{"type":"Feature","properties":{"id":"63383531-3261-3039-B766-653434306238","building_id":"c402dbed-5057-4436-981f-b54aa6349065","height":15.5,"min_height":0},"geometry":{"type":"Polygon","coordinates":[[[-74.0100109577179,40.73136457840986],[-74.0099948644638,40.7314783992635],[-74.01014506816864,40.73149465936956],[-74.01016652584076,40.731376773510625],[-74.0100109577179,40.73136457840986]]]}},{"type":"Feature","properties":{"id":"61396266-3137-3333-B037-303561313132","building_id":"b21c1673-1360-4723-9ef4-00f82bdec923","height":34.8,"min_height":0},"geometry":{"type":"Polygon","coordinates":[[[-74.00724828243256,40.731088155526116],[-74.00715708732605,40.73163693512806],[-74.00733411312103,40.73165319519536],[-74.00737702846527,40.73137270847728],[-74.00779008865356,40.731413358799536],[-74.00784909725189,40.73117352153923],[-74.0078330039978,40.73115319630795],[-74.00780618190765,40.73114100116619],[-74.00724828243256,40.731088155526116]]]}},{"type":"Feature","properties":{"id":"33653733-3666-3139-A132-303162346161","building_id":"a1c71199-1b1f-425e-86fe-86734660363c","height":15.5,"min_height":0},"geometry":{"type":"Polygon","coordinates":[[[-74.0089863538742,40.73234830935719],[-74.00883615016937,40.732332049459735],[-74.00881469249725,40.73244993362621],[-74.00896489620209,40.73246619349485],[-74.0089863538742,40.73234830935719]]]}},{"type":"Feature","properties":{"id":"61376564-3532-3463-A436-643934663333","building_id":"811b0fff-15b2-4e3f-b857-7c814bc834d9","height":11.7,"min_height":0},"geometry":{"type":"Polygon","coordinates":[[[-74.00816023349762,40.7366733009731],[-74.00817096233368,40.736510712389496],[-74.00784909725189,40.736510712389496],[-74.00785982608795,40.73656355372275],[-74.00807976722717,40.73656355372275],[-74.00807440280914,40.7366733009731],[-74.00816023349762,40.7366733009731]]]}},{"type":"Feature","properties":{"id":"64363334-3738-3664-B932-346239633564","building_id":"722dc15c-ef7f-4829-ad3f-c38ec9f9525b","height":57.7,"min_height":0},"geometry":{"type":"Polygon","coordinates":[[[-74.00950133800507,40.73407996568923],[-74.00953352451324,40.734205976480055],[-74.00983929634094,40.734157198137716],[-74.009850025177,40.734023057511926],[-74.00950133800507,40.73407996568923]]]}},{"type":"Feature","properties":{"id":"62623630-6431-3131-B563-623932633330","building_id":"1a397f03-9955-4239-a2cf-f5188f3dfc00","height":40,"min_height":0},"geometry":{"type":"Polygon","coordinates":[[[-74.00816023349762,40.73285236420716],[-74.00807440280914,40.73286862397745],[-74.00809586048126,40.73293772795687],[-74.00817632675171,40.73292146820347],[-74.00816023349762,40.73285236420716]]]}},{"type":"Feature","properties":{"id":"66643634-3062-3334-B431-666262636164","building_id":"ba821e6b-0799-4252-a391-3ea45764e98f","min_height":0},"geometry":{"type":"Polygon","coordinates":[[[-74.006786942482,40.73792521975706],[-74.006786942482,40.737872379505376],[-74.00667428970337,40.737872379505376],[-74.00667428970337,40.737746375658915],[-74.00670647621155,40.737746375658915],[-74.00670647621155,40.737709793852325],[-74.00672793388367,40.737709793852325],[-74.00672793388367,40.73763663017883],[-74.00659382343292,40.73763663017883],[-74.00659382343292,40.73792521975706],[-74.006786942482,40.73792521975706]]]}},{"type":"Feature","properties":{"id":"35316531-3565-3535-A235-613331636338","building_id":"60c3947c-21a4-4ffc-9213-826299a30d00","height":17,"min_height":15.5},"geometry":{"type":"Polygon","coordinates":[[[-74.00946915149689,40.73176701555531],[-74.00947988033295,40.731718235424886],[-74.00943160057068,40.7317141704124],[-74.00942623615265,40.731762950545814],[-74.00946915149689,40.73176701555531]]]}},{"type":"Feature","properties":{"id":"39333230-6532-3635-B066-656464303636","building_id":"ab1fe77c-5c69-4ffd-984f-ac260c1d875e","height":15.5,"min_height":0},"geometry":{"type":"Polygon","coordinates":[[[-74.00967299938202,40.73173856048358],[-74.0096515417099,40.73185644570153],[-74.0098124742508,40.73186864071216],[-74.00983393192291,40.73175482052605],[-74.00967299938202,40.73173856048358]]]}},{"type":"Feature","properties":{"id":"66636665-3839-3564-B664-623662323131","building_id":"9c809576-b09b-4ca1-8481-28cf5f5ab45d","height":10,"min_height":0},"geometry":{"type":"Polygon","coordinates":[[[-74.009308218956,40.73739275068599],[-74.00930285453796,40.7374699792888],[-74.00962471961975,40.73747404394961],[-74.00963544845581,40.73739275068599],[-74.009308218956,40.73739275068599]]]}},{"type":"Feature","properties":{"id":"37336436-6438-3465-A639-633966666431","building_id":"e9ede6dd-8a63-459d-a47f-3b8eab221743","height":45,"min_height":0},"geometry":{"type":"Polygon","coordinates":[[[-74.00571405887604,40.73978273116343],[-74.00590717792511,40.73985995699163],[-74.00595009326935,40.73979898923998],[-74.0057623386383,40.739721763341],[-74.00571405887604,40.73978273116343]]]}},{"type":"Feature","properties":{"id":"64366364-6561-3638-B938-623066313466","building_id":"af360509-f5b3-432e-83db-a406d41fc819","height":17,"min_height":15.5},"geometry":{"type":"Polygon","coordinates":[[[-74.00961399078369,40.731779210582324],[-74.00962471961975,40.73173449547234],[-74.00957643985748,40.73173043046085],[-74.00957107543945,40.731775145573565],[-74.00961399078369,40.731779210582324]]]}},{"type":"Feature","properties":{"id":"37326537-6131-3938-B665-396630373031","building_id":"dc248685-78a3-4b8e-81bd-f0c2d088b930","height":15.5,"min_height":0},"geometry":{"type":"Polygon","coordinates":[[[-74.00898098945618,40.73137270847728],[-74.00913655757904,40.73138490357657],[-74.00915801525116,40.73126701752318],[-74.0090024471283,40.7312548224023],[-74.00898098945618,40.73137270847728]]]}},{"type":"Feature","properties":{"id":"39396137-3862-3431-A565-636166623731","building_id":"fe05d94e-c753-4c47-b5e1-685d4d7dc15b","height":15.5,"min_height":0},"geometry":{"type":"Polygon","coordinates":[[[-74.00941550731659,40.731336123166024],[-74.00939404964447,40.73147026920898],[-74.00953352451324,40.73148246429037],[-74.00955498218536,40.73134831827201],[-74.00941550731659,40.731336123166024]]]}},{"type":"Feature","properties":{"id":"35336664-3032-3534-A132-363939363437","building_id":"961d995e-0eff-4dd1-8bcb-fe0bb50aee03","height":15.5,"min_height":0},"geometry":{"type":"Polygon","coordinates":[[[-74.00994122028351,40.731551569709474],[-74.00992512702942,40.731665390243236],[-74.0101021528244,40.7316816503036],[-74.01011824607849,40.73156782979763],[-74.00994122028351,40.731551569709474]]]}},{"type":"Feature","properties":{"id":"38663064-6334-3161-A666-653230326665","building_id":"039f3798-aa38-4aae-8dd8-d1ad20920160","height":33,"min_height":0},"geometry":{"type":"Polygon","coordinates":[[[-74.00912582874298,40.73861213920947],[-74.00912582874298,40.73854304112389],[-74.00906682014465,40.73854304112389],[-74.00906682014465,40.73861213920947],[-74.00912582874298,40.73861213920947]]]}},{"type":"Feature","properties":{"id":"37373138-6666-3237-A363-393539323338","building_id":"e9ede6dd-8a63-459d-a47f-3b8eab221743","height":51,"min_height":0},"geometry":{"type":"Polygon","coordinates":[[[-74.0056711435318,40.73989653761579],[-74.00565505027771,40.73991686017609],[-74.0057247877121,40.73994531175006],[-74.0058159828186,40.739823376347346],[-74.00571405887604,40.73978273116343],[-74.00563895702362,40.73988434407664],[-74.0056711435318,40.73989653761579]]]}},{"type":"Feature","properties":{"id":"64366265-3863-3235-B439-333464613039","building_id":"1a397f03-9955-4239-a2cf-f5188f3dfc00","height":25,"min_height":0},"geometry":{"type":"Polygon","coordinates":[[[-74.00813341140747,40.73310439020019],[-74.00814414024353,40.73308406555872],[-74.00807440280914,40.73286862397745],[-74.00796175003052,40.732884883743765],[-74.00802612304688,40.73310439020019],[-74.00804221630096,40.73312064990889],[-74.00807440280914,40.733128779761735],[-74.00811195373535,40.73312064990889],[-74.00813341140747,40.73310439020019]]]}},{"type":"Feature","properties":{"id":"62643934-3035-3132-A436-373663613963","building_id":"327b3ddf-a610-48c7-9927-402afbd92314","height":52,"min_height":0},"geometry":{"type":"Polygon","coordinates":[[[-74.00750041007996,40.7412784575716],[-74.00777399539948,40.74139632588607],[-74.00782227516174,40.74117278235349],[-74.00754868984222,40.74106304252619],[-74.00750041007996,40.7412784575716]]]}},{"type":"Feature","properties":{"id":"66373638-3835-3633-B034-343231303966","building_id":"9c809576-b09b-4ca1-8481-28cf5f5ab45d","height":10,"min_height":0},"geometry":{"type":"Polygon","coordinates":[[[-74.009308218956,40.73716919369882],[-74.009308218956,40.73710822348102],[-74.00965690612793,40.73710822348102],[-74.00966227054596,40.73703099445825],[-74.00865375995636,40.737039123833306],[-74.0086430311203,40.73716919369882],[-74.009308218956,40.73716919369882]]]}},{"type":"Feature","properties":{"id":"38623961-6130-3564-B261-613861626237","building_id":"f77962bb-dc39-4ef0-b1ec-345040c86efd","height":32,"min_height":0},"geometry":{"type":"Polygon","coordinates":[[[-74.00957107543945,40.73770166455925],[-74.00943160057068,40.73770166455925],[-74.00941550731659,40.7378276684904],[-74.00936722755432,40.7378276684904],[-74.00936186313629,40.737884573413325],[-74.0095603466034,40.737880508777586],[-74.00957107543945,40.73770166455925]]]}},{"type":"Feature","properties":{"id":"63353333-6532-3462-A535-666330303736","building_id":"9c809576-b09b-4ca1-8481-28cf5f5ab45d","height":53,"min_height":50},"geometry":{"type":"Polygon","coordinates":[[[-74.0095442533493,40.73739275068599],[-74.00954961776733,40.73733991001136],[-74.00961399078369,40.73733584534234],[-74.00963008403778,40.73716919369882],[-74.0095603466034,40.737165129019374],[-74.0095603466034,40.73710822348102],[-74.00937795639038,40.73710822348102],[-74.00937795639038,40.73716919369882],[-74.009308218956,40.73716919369882],[-74.009308218956,40.73733178067309],[-74.00937259197235,40.73733178067309],[-74.00937259197235,40.73739275068599],[-74.0095442533493,40.73739275068599]]]}},{"type":"Feature","properties":{"id":"65363435-3038-3062-B363-633132373931","building_id":"af360509-f5b3-432e-83db-a406d41fc819","height":15.5,"min_height":0},"geometry":{"type":"Polygon","coordinates":[[[-74.00953352451324,40.73167758528889],[-74.0095067024231,40.73181579564996],[-74.00965690612793,40.731827990668044],[-74.00967836380005,40.73169384534626],[-74.00953352451324,40.73167758528889]]]}},{"type":"Feature","properties":{"id":"61643562-6633-3037-B062-613638636238","building_id":"b21c1673-1360-4723-9ef4-00f82bdec923","height":37.5,"min_height":34.8},"geometry":{"type":"Polygon","coordinates":[[[-74.00719463825226,40.73142148886101],[-74.00724291801453,40.731425553891384],[-74.00725364685059,40.731360513375755],[-74.00720536708832,40.731356448341415],[-74.00719463825226,40.73142148886101]]]}},{"type":"Feature","properties":{"id":"30313634-6337-3538-B735-376161313238","building_id":"1a397f03-9955-4239-a2cf-f5188f3dfc00","height":25,"min_height":0},"geometry":{"type":"Polygon","coordinates":[[[-74.00822460651398,40.733071870770864],[-74.00818705558777,40.73294585783208],[-74.00790274143219,40.732990572128],[-74.0079402923584,40.73311658498208],[-74.00822460651398,40.733071870770864]]]}},{"type":"Feature","properties":{"id":"34623466-3263-3331-B662-636233393034","building_id":"efaf84aa-b601-4df7-8317-dd35500bc7ee","height":10,"min_height":0},"geometry":{"type":"Polygon","coordinates":[[[-74.00794565677643,40.741936891687196],[-74.00796175003052,40.7419125053547],[-74.00792419910431,40.74189624779474],[-74.00790274143219,40.74192063413318],[-74.00794565677643,40.741936891687196]]]}},{"type":"Feature","properties":{"id":"32633939-3831-3334-A238-633738383933","building_id":"81b67924-0ddf-4b17-a83f-5cc93c4dbe1f","height":62.4,"min_height":20},"geometry":{"type":"Polygon","coordinates":[[[-74.0079402923584,40.74181902433063],[-74.008047580719,40.74166457713349],[-74.0077257156372,40.74153045164501],[-74.00761306285858,40.741680834750085],[-74.0079402923584,40.74181902433063]]]}},{"type":"Feature","properties":{"id":"66646365-3963-3066-B537-666339376235","building_id":"6eb6aaf6-4f43-4946-987e-b73247687e31","height":17,"min_height":15.5},"geometry":{"type":"Polygon","coordinates":[[[-74.01009142398834,40.73183205567357],[-74.01003241539001,40.731827990668044],[-74.01002705097198,40.731860510705324],[-74.01008605957031,40.73186457570886],[-74.01009142398834,40.73183205567357]]]}},{"type":"Feature","properties":{"id":"33643230-3830-3134-A437-656536306235","building_id":"6802e8ce-5d1b-45ac-8361-ed9deaeacad3","height":17,"min_height":15.5},"geometry":{"type":"Polygon","coordinates":[[[-74.00916337966919,40.73180766563667],[-74.00916874408722,40.73175888553606],[-74.00912582874298,40.73175482052605],[-74.00912046432495,40.731803600629654],[-74.00916337966919,40.73180766563667]]]}},{"type":"Feature","properties":{"id":"34366539-6535-3934-A335-633938343738","building_id":"857d96b4-b172-4a15-b835-1af5f6a7aa3c","height":17,"min_height":15.5},"geometry":{"type":"Polygon","coordinates":[[[-74.00936186313629,40.731360513375755],[-74.00936722755432,40.73131173294733],[-74.00931894779205,40.73130766791002],[-74.00931358337402,40.731356448341415],[-74.00936186313629,40.731360513375755]]]}},{"type":"Feature","properties":{"id":"37663233-3764-3162-A262-656262316631","building_id":"ab4a8d1f-07ea-4d70-af9a-35090d7b900e","height":79.8,"min_height":0},"geometry":{"type":"Polygon","coordinates":[[[-74.00835335254669,40.74103052698704],[-74.00816559791565,40.74095330251786],[-74.00812268257141,40.741010204767015],[-74.00831043720245,40.741091493609915],[-74.00835335254669,40.74103052698704]]]}},{"type":"Feature","properties":{"id":"66316537-6662-3863-B436-666231636165","building_id":"327b3ddf-a610-48c7-9927-402afbd92314","height":20,"min_height":0},"geometry":{"type":"Polygon","coordinates":[[[-74.0075433254242,40.74107930028981],[-74.00753796100616,40.741075235849294],[-74.00736093521118,40.74131503741571],[-74.00747895240784,40.74136381050984],[-74.0075433254242,40.74107930028981]]]}},{"type":"Feature","properties":{"id":"31626231-6639-3333-B466-613564383061","building_id":"e043500e-cbf2-4bcc-8336-5e02c92e29cb","height":40,"min_height":0},"geometry":{"type":"Polygon","coordinates":[[[-74.00769352912903,40.72926698782287],[-74.00767743587494,40.729364551641964],[-74.00780618190765,40.7293767471093],[-74.00782227516174,40.72927918330807],[-74.00769352912903,40.72926698782287]]]}},{"type":"Feature","properties":{"id":"64663039-3536-3863-B163-303839646265","building_id":"ebc15fa4-e6c1-4b6a-b476-d80db7150cf6","height":52,"min_height":48},"geometry":{"type":"Polygon","coordinates":[[[-74.00605201721191,40.727429509181114],[-74.00606274604797,40.72742137863188],[-74.00605738162994,40.727409182806205],[-74.00604128837585,40.727401052254514],[-74.00602519512177,40.72740511753049],[-74.0060144662857,40.7274173133569],[-74.00602519512177,40.727429509181114],[-74.00604128837585,40.72743357445535],[-74.00605201721191,40.727429509181114]]]}},{"type":"Feature","properties":{"id":"37666362-3036-3262-B739-373038633539","building_id":"16308905-6557-4eb1-a3a2-8c5f9276710c","height":65.9,"min_height":0},"geometry":{"type":"Polygon","coordinates":[[[-74.00765597820282,40.727510814618604],[-74.00766670703888,40.72745796609554],[-74.00756478309631,40.72744983554979],[-74.00755941867828,40.72749861880932],[-74.00765597820282,40.727510814618604]]]}},{"type":"Feature","properties":{"id":"38306362-6539-3832-B665-623961633866","building_id":"51811b84-9d3d-4947-bd05-4993d4283e21","height":17.5,"min_height":0},"geometry":{"type":"Polygon","coordinates":[[[-74.00976955890656,40.72616926219724],[-74.00919020175934,40.7261123472541],[-74.00905072689056,40.726957935684666],[-74.00925993919373,40.726982327499194],[-74.00940477848053,40.72623024243945],[-74.00953352451324,40.7262424384812],[-74.00938868522644,40.7269945234031],[-74.00960326194763,40.72701891520422],[-74.00976955890656,40.72616926219724]]]}},{"type":"Feature","properties":{"id":"39623037-3563-3637-B138-336332373161","building_id":"16308905-6557-4eb1-a3a2-8c5f9276710c","height":70,"min_height":0},"geometry":{"type":"Polygon","coordinates":[[[-74.0083372592926,40.72759211995679],[-74.00805294513702,40.72756366309972],[-74.00805830955505,40.72754740203309],[-74.00765061378479,40.72750674934909],[-74.00765597820282,40.72747016191228],[-74.00763988494873,40.727453900822795],[-74.00759160518646,40.72744983554979],[-74.00757014751434,40.727462031368034],[-74.00756478309631,40.72749861880932],[-74.00753259658813,40.72749861880932],[-74.0075272321701,40.72752301042567],[-74.00747358798981,40.7275189451569],[-74.00745749473572,40.72753114096247],[-74.00745213031769,40.72756772836576],[-74.00746822357178,40.7275799241624],[-74.00751650333405,40.72758398942745],[-74.00750041007996,40.72767749045495],[-74.00746285915375,40.727673425195626],[-74.00744676589966,40.727754730335114],[-74.0074896812439,40.7277587955895],[-74.00747358798981,40.72784823112273],[-74.00742530822754,40.72784416587384],[-74.00740385055542,40.727856361619814],[-74.00739848613739,40.7278929488443],[-74.00741457939148,40.7279092098265],[-74.00746285915375,40.72791327507144],[-74.00745749473572,40.7279376665358],[-74.00749504566193,40.727941731779005],[-74.0074896812439,40.72797831895655],[-74.00750577449799,40.72799457991789],[-74.00755405426025,40.7279986451576],[-74.00757014751434,40.72798644943772],[-74.0075808763504,40.72794986226464],[-74.00798320770264,40.72798644943772],[-74.00798857212067,40.72796612323293],[-74.00827288627625,40.72799457991789],[-74.0083372592926,40.72759211995679]]]}},{"type":"Feature","properties":{"id":"31393263-6634-3965-B861-643633356333","building_id":"96ef8578-bc04-42a3-b4e5-c78683d6feec","height":28.7,"min_height":0},"geometry":{"type":"Polygon","coordinates":[[[-74.00976419448853,40.72591720993664],[-74.00980710983276,40.72592127530326],[-74.00981783866882,40.7258562294076],[-74.00977492332458,40.72585216403701],[-74.00976419448853,40.72591720993664]]]}},{"type":"Feature","properties":{"id":"33626662-3162-3736-A264-323034303662","building_id":"fe6b3421-5a36-4183-a36c-b74ee890eba2","height":47,"min_height":0},"geometry":{"type":"Polygon","coordinates":[[[-74.00463044643402,40.72221762337968],[-74.00474309921265,40.7220793930835],[-74.00459825992584,40.72201027782776],[-74.00448560714722,40.72214850826749],[-74.00463044643402,40.72221762337968]]]}},{"type":"Feature","properties":{"id":"61306461-3661-3235-B932-303666653064","building_id":"fe6b3421-5a36-4183-a36c-b74ee890eba2","height":25,"min_height":0},"geometry":{"type":"Polygon","coordinates":[[[-74.0043568611145,40.72187611271469],[-74.00440514087677,40.72189644077952],[-74.0044641494751,40.72182732533379],[-74.00449633598328,40.72184765341352],[-74.00451242923737,40.72182732533379],[-74.00443196296692,40.721786669155726],[-74.0043568611145,40.72187611271469]]]}},{"type":"Feature","properties":{"id":"34623130-6466-3932-B865-613234613333","building_id":"16308905-6557-4eb1-a3a2-8c5f9276710c","height":53.5,"min_height":0},"geometry":{"type":"Polygon","coordinates":[[[-74.0073823928833,40.727982384197254],[-74.00745213031769,40.72799051467793],[-74.00745749473572,40.7279376665358],[-74.00739312171936,40.72792953604867],[-74.0073823928833,40.727982384197254]]]}},{"type":"Feature","properties":{"id":"32643934-3136-3634-B039-636365386264","building_id":"b51ccc19-f915-4022-9854-2c3171997be1","height":60.5,"min_height":0},"geometry":{"type":"Polygon","coordinates":[[[-74.01014506816864,40.72882794886677],[-74.0103006362915,40.728336059188265],[-74.01037573814392,40.727628707326545],[-74.00991976261139,40.7275799241624],[-74.00982320308685,40.727941731779005],[-74.00967836380005,40.7287751013897],[-74.01014506816864,40.72882794886677]]]}},{"type":"Feature","properties":{"id":"63396234-3834-3139-A238-623662303730","building_id":"b4a262ba-545a-404d-b757-6c752f5d8bde","height":57,"min_height":0},"geometry":{"type":"Polygon","coordinates":[[[-74.00553703308105,40.72846614606846],[-74.00561213493347,40.72805149325131],[-74.0055799484253,40.72805149325131],[-74.0055102109909,40.72846208085731],[-74.00553703308105,40.72846614606846]]]}},{"type":"Feature","properties":{"id":"32393365-3366-3536-A362-376232613262","building_id":"16308905-6557-4eb1-a3a2-8c5f9276710c","height":75,"min_height":70},"geometry":{"type":"Polygon","coordinates":[[[-74.00807976722717,40.727827904875745],[-74.00810122489929,40.72771814303464],[-74.00787055492401,40.72769781674791],[-74.00787055492401,40.72768562097288],[-74.00757551193237,40.72766122941612],[-74.00755405426025,40.7277872523631],[-74.00807976722717,40.727827904875745]]]}},{"type":"Feature","properties":{"id":"30356430-6334-3234-A630-326435626262","building_id":"e043500e-cbf2-4bcc-8336-5e02c92e29cb","height":30,"min_height":0},"geometry":{"type":"Polygon","coordinates":[[[-74.00734484195709,40.72910844631175],[-74.00754868984222,40.72912877216761],[-74.00756478309631,40.72903120800283],[-74.00736093521118,40.72901088211718],[-74.00734484195709,40.72910844631175]]]}},{"type":"Feature","properties":{"id":"31316162-6636-3637-A339-333536663233","building_id":"16308905-6557-4eb1-a3a2-8c5f9276710c","height":57.6,"min_height":0},"geometry":{"type":"Polygon","coordinates":[[[-74.00747895240784,40.72799051467793],[-74.0074896812439,40.727941731779005],[-74.00745749473572,40.7279376665358],[-74.00745213031769,40.72799051467793],[-74.00747895240784,40.72799051467793]]]}},{"type":"Feature","properties":{"id":"34613032-6561-3536-B765-306238663438","building_id":"fe6b3421-5a36-4183-a36c-b74ee890eba2","height":25,"min_height":0},"geometry":{"type":"Polygon","coordinates":[[[-74.00421738624573,40.72204686826621],[-74.00414764881134,40.72212818027963],[-74.00422275066376,40.72216477065327],[-74.00423347949982,40.72214850826749],[-74.00420665740967,40.722136311475516],[-74.004265666008,40.72206719627888],[-74.00421738624573,40.72204686826621]]]}},{"type":"Feature","properties":{"id":"64333131-3762-3236-B030-393330623137","building_id":"16308905-6557-4eb1-a3a2-8c5f9276710c","height":57.6,"min_height":0},"geometry":{"type":"Polygon","coordinates":[[[-74.00739312171936,40.72792953604867],[-74.00745749473572,40.7279376665358],[-74.00746285915375,40.72791734031612],[-74.00739312171936,40.72791327507144],[-74.00739312171936,40.72792953604867]]]}},{"type":"Feature","properties":{"id":"35393562-3839-3264-A436-356238343061","building_id":"e4308937-9a4a-44b8-9b46-db94e134a747","height":28,"min_height":0},"geometry":{"type":"Polygon","coordinates":[[[-74.00490939617157,40.72475450489243],[-74.00500059127808,40.724766701204615],[-74.00500059127808,40.7247382431394],[-74.0049147605896,40.72473011226137],[-74.00490939617157,40.72475450489243]]]}},{"type":"Feature","properties":{"id":"65356166-3266-3632-A563-316632656132","building_id":"ee771b07-d64c-4af5-a62d-37c01f19ca90","height":55.5,"min_height":52.3},"geometry":{"type":"Polygon","coordinates":[[[-74.00503814220428,40.72836858093215],[-74.0050595998764,40.72826695042974],[-74.00498986244202,40.72825881998285],[-74.00497376918793,40.728364515715036],[-74.00503814220428,40.72836858093215]]]}},{"type":"Feature","properties":{"id":"32643766-6638-3166-A239-383737646361","building_id":"de39b283-1f9f-45bc-a5a9-4053fd94317f","height":62.2,"min_height":60},"geometry":{"type":"Polygon","coordinates":[[[-74.0045177936554,40.72329093120511],[-74.00458216667175,40.723319389889184],[-74.00463044643402,40.72325840697985],[-74.0045714378357,40.7232299482697],[-74.0045177936554,40.72329093120511]]]}},{"type":"Feature","properties":{"id":"34383332-6231-3564-B463-303732663930","building_id":"ebc15fa4-e6c1-4b6a-b476-d80db7150cf6","height":47,"min_height":45.2},"geometry":{"type":"Polygon","coordinates":[[[-74.00584280490875,40.72747829245552],[-74.00589644908905,40.72748235772678],[-74.00589644908905,40.72745796609554],[-74.00584280490875,40.72744983554979],[-74.00584280490875,40.72747829245552]]]}},{"type":"Feature","properties":{"id":"62616339-6633-3064-B664-623865643037","building_id":"3d217df5-1255-4552-a420-2f3e31d9cf3e","height":72,"min_height":60},"geometry":{"type":"Polygon","coordinates":[[[-74.00740921497345,40.72860842830246],[-74.00835871696472,40.72869379749686],[-74.00838017463684,40.72867347150812],[-74.00842845439911,40.72837264614904],[-74.00840163230896,40.7283523200622],[-74.00745213031769,40.72826695042974],[-74.00742530822754,40.72829134176448],[-74.00737702846527,40.72857590667579],[-74.00738775730133,40.72859623269433],[-74.00740921497345,40.72860842830246]]]}},{"type":"Feature","properties":{"id":"65623036-6639-3935-B962-343834363665","building_id":"51811b84-9d3d-4947-bd05-4993d4283e21","height":11,"min_height":0},"geometry":{"type":"Polygon","coordinates":[[[-74.0087878704071,40.7285393198268],[-74.00930285453796,40.72859216749113],[-74.00938332080841,40.72815718931281],[-74.00929749011993,40.72814499362196],[-74.009308218956,40.728214102507145],[-74.0092545747757,40.72851899379088],[-74.00886833667755,40.72847834170043],[-74.00891125202179,40.72816531977213],[-74.00893270969391,40.7281327979289],[-74.00895416736603,40.72810840653605],[-74.00885760784149,40.72809621083628],[-74.0087878704071,40.7285393198268]]]}},{"type":"Feature","properties":{"id":"38353264-3436-3139-B732-623832613738","building_id":"1dda48dc-a3db-428f-8921-bbb5af06ce57","height":38,"min_height":35.8},"geometry":{"type":"Polygon","coordinates":[[[-74.0096515417099,40.72512445870077],[-74.00959253311157,40.72516917825258],[-74.00961935520172,40.72518950531163],[-74.00967836380005,40.725144785773495],[-74.0096515417099,40.72512445870077]]]}},{"type":"Feature","properties":{"id":"36333537-3231-3132-B135-646432636531","building_id":"e043500e-cbf2-4bcc-8336-5e02c92e29cb","height":45,"min_height":0},"geometry":{"type":"Polygon","coordinates":[[[-74.00800466537476,40.72916942386074],[-74.00728583335876,40.729100315967656],[-74.00726437568665,40.72922633618936],[-74.00782227516174,40.72927918330807],[-74.00780618190765,40.7293767471093],[-74.00796711444855,40.72939300772892],[-74.00800466537476,40.72916942386074]]]}},{"type":"Feature","properties":{"id":"64343465-3439-3430-B566-323962313930","building_id":"e043500e-cbf2-4bcc-8336-5e02c92e29cb","height":50.1,"min_height":0},"geometry":{"type":"Polygon","coordinates":[[[-74.00751113891602,40.729348291015384],[-74.00767743587494,40.729364551641964],[-74.00773108005524,40.729043403531264],[-74.00756478309631,40.72903120800283],[-74.00751113891602,40.729348291015384]]]}},{"type":"Feature","properties":{"id":"61653836-6364-3339-A237-653736326363","building_id":"fe6b3421-5a36-4183-a36c-b74ee890eba2","height":12,"min_height":0},"geometry":{"type":"Polygon","coordinates":[[[-74.00438368320465,40.72221762337968],[-74.00441586971283,40.72223388574861],[-74.0044641494751,40.722172901844694],[-74.00443196296692,40.72215663946088],[-74.00438368320465,40.72221762337968]]]}},{"type":"Feature","properties":{"id":"31623665-3434-3731-B464-626461613935","building_id":"16308905-6557-4eb1-a3a2-8c5f9276710c","height":61.8,"min_height":0},"geometry":{"type":"Polygon","coordinates":[[[-74.00747358798981,40.72758805469224],[-74.00746285915375,40.727657164155794],[-74.00750577449799,40.72766122941612],[-74.00751650333405,40.72759211995679],[-74.00747358798981,40.72758805469224]]]}},{"type":"Feature","properties":{"id":"33356163-3162-3037-B434-363937343939","building_id":"cb7bb6f9-997b-4e26-bdde-a25db2b6682f","height":36,"min_height":0},"geometry":{"type":"Polygon","coordinates":[[[-74.00478601455688,40.72927918330807],[-74.00482892990112,40.729262922660645],[-74.00483965873718,40.72927511814659],[-74.00484502315521,40.72927105298485],[-74.0048611164093,40.72930357427179],[-74.0049147605896,40.72928324846931],[-74.00484502315521,40.72916942386074],[-74.00479137897491,40.72918974969796],[-74.004807472229,40.729210075529],[-74.0047538280487,40.72922633618936],[-74.00478601455688,40.72927918330807]]]}},{"type":"Feature","properties":{"id":"61616265-6136-3864-B333-376266303664","building_id":"a6753bc8-3a7e-4fe3-a99b-2e99915f3d0a","height":45,"min_height":0},"geometry":{"type":"Polygon","coordinates":[[[-74.00724291801453,40.72373813769084],[-74.00724828243256,40.72368528617183],[-74.00656700134277,40.72362023809082],[-74.00656163692474,40.72367308966148],[-74.00724291801453,40.72373813769084]]]}},{"type":"Feature","properties":{"id":"36343338-6132-3061-B230-633165653935","building_id":"fe6b3421-5a36-4183-a36c-b74ee890eba2","height":56.5,"min_height":0},"geometry":{"type":"Polygon","coordinates":[[[-74.0045714378357,40.72204280266293],[-74.00453388690948,40.72202247464283],[-74.00453925132751,40.72201840903806],[-74.00439441204071,40.72194929371898],[-74.00432467460632,40.72203873705941],[-74.0044641494751,40.722103786686034],[-74.00446951389313,40.72209972108624],[-74.00451242923737,40.72211598348397],[-74.0045714378357,40.72204280266293]]]}},{"type":"Feature","properties":{"id":"63636232-3961-3336-B661-333238623663","building_id":"ee771b07-d64c-4af5-a62d-37c01f19ca90","height":48,"min_height":0},"geometry":{"type":"Polygon","coordinates":[[[-74.00515079498291,40.728388907014015],[-74.00515615940094,40.72839297222964],[-74.00521516799927,40.72805555848755],[-74.00520443916321,40.72805149325131],[-74.00515079498291,40.728388907014015]]]}},{"type":"Feature","properties":{"id":"65366432-6135-3134-B230-333435323030","building_id":"2f08dbd8-ee93-466e-92f6-ac10189f41c3","height":62,"min_height":56},"geometry":{"type":"Polygon","coordinates":[[[-74.00724828243256,40.72501875782252],[-74.00725901126862,40.72495777647025],[-74.00717318058014,40.724949645619056],[-74.00716245174408,40.72501062697878],[-74.00724828243256,40.72501875782252]]]}},{"type":"Feature","properties":{"id":"63643765-3338-3634-B063-353331313731","building_id":"56ffc832-0ae9-4437-87c1-fa335a42949f","height":22,"min_height":0},"geometry":{"type":"Polygon","coordinates":[[[-74.00402426719666,40.729632851406905],[-74.00405645370483,40.72968976333919],[-74.0040671825409,40.72968569820278],[-74.00406181812286,40.72967350279206],[-74.00408327579498,40.729665372517026],[-74.00405645370483,40.729620655986515],[-74.00402426719666,40.729632851406905]]]}},{"type":"Feature","properties":{"id":"33346137-3130-3439-B130-313539333132","building_id":"e4308937-9a4a-44b8-9b46-db94e134a747","height":25.2,"min_height":0},"geometry":{"type":"Polygon","coordinates":[[[-74.00533854961395,40.724766701204615],[-74.00519907474518,40.72475450489243],[-74.00519907474518,40.7247829629507],[-74.00509715080261,40.724774832078154],[-74.00509178638458,40.7248114209968],[-74.00503277778625,40.72480735556239],[-74.00503814220428,40.724766701204615],[-74.00490939617157,40.72475450489243],[-74.0049147605896,40.72473011226137],[-74.00500059127808,40.7247382431394],[-74.00504350662231,40.72449025091312],[-74.0051132440567,40.72449838182045],[-74.00511860847473,40.72448618545909],[-74.00520443916321,40.72449431636692],[-74.00521516799927,40.72441300724408],[-74.00495231151581,40.724392679947854],[-74.00495231151581,40.724388614487864],[-74.00483965873718,40.72437641810641],[-74.0048235654831,40.7244699236405],[-74.00482892990112,40.7244699236405],[-74.00475919246674,40.724835813598055],[-74.00489330291748,40.724848009895325],[-74.00489330291748,40.72484394446316],[-74.00531709194183,40.72488866420345],[-74.00533854961395,40.724766701204615]]]}},{"type":"Feature","properties":{"id":"65666137-3937-3635-A132-353035663337","building_id":"92b9023a-e19d-4834-9db7-5a38ecc45c82","height":50,"min_height":46},"geometry":{"type":"Polygon","coordinates":[[[-74.00661528110504,40.72705956818622],[-74.00660991668701,40.72709209055394],[-74.0071302652359,40.727140874075694],[-74.00715172290802,40.7269945234031],[-74.00663673877716,40.72694573977406],[-74.00661528110504,40.72705956818622]]]}},{"type":"Feature","properties":{"id":"62373836-6431-3435-B739-616163633366","building_id":"fe6b3421-5a36-4183-a36c-b74ee890eba2","height":41,"min_height":0},"geometry":{"type":"Polygon","coordinates":[[[-74.00463044643402,40.72221762337968],[-74.0046626329422,40.72223388574861],[-74.00477528572083,40.722095655486186],[-74.00474309921265,40.7220793930835],[-74.00463044643402,40.72221762337968]]]}},{"type":"Feature","properties":{"id":"38353839-3465-3134-B038-656139633165","building_id":"2f08dbd8-ee93-466e-92f6-ac10189f41c3","height":53,"min_height":0},"geometry":{"type":"Polygon","coordinates":[[[-74.00709807872772,40.724819551864876],[-74.00705516338348,40.72505128118755],[-74.00752186775208,40.7251000662053],[-74.00760233402252,40.72463660709283],[-74.00715708732605,40.72458782173537],[-74.00711417198181,40.72482361729854],[-74.00709807872772,40.724819551864876]]]}},{"type":"Feature","properties":{"id":"35646233-3961-3232-B562-313531343833","building_id":"a18b4ab7-d96d-496e-8402-c9ba5865b638","height":20.3,"min_height":0},"geometry":{"type":"Polygon","coordinates":[[[-74.00364875793457,40.72834825484409],[-74.00367558002472,40.72819784159945],[-74.00358974933624,40.72818971114411],[-74.00358974933624,40.72817751545922],[-74.00344491004944,40.72816531977213],[-74.00345027446747,40.728124667465615],[-74.00326788425446,40.72810840653605],[-74.00323569774628,40.72831166786994],[-74.00364875793457,40.72834825484409]]]}},{"type":"Feature","properties":{"id":"38623837-3332-3163-A133-626666313834","building_id":"c2f9d91c-eb17-4d34-ad3d-357921bd90d0","height":23.8,"min_height":19},"geometry":{"type":"Polygon","coordinates":[[[-74.00897562503815,40.7302548148832],[-74.00904536247253,40.729880824470115],[-74.00898098945618,40.729872694220404],[-74.00899708271027,40.729779196277285],[-74.00849282741547,40.72973041468958],[-74.00836408138275,40.730197903434195],[-74.00851428508759,40.730218228957284],[-74.00850892066956,40.73028733568934],[-74.00888442993164,40.7303198564796],[-74.00890052318573,40.73024668467919],[-74.00897562503815,40.7302548148832]]]}},{"type":"Feature","properties":{"id":"64636233-3166-3735-B563-666539633532","building_id":"16308905-6557-4eb1-a3a2-8c5f9276710c","height":53.5,"min_height":0},"geometry":{"type":"Polygon","coordinates":[[[-74.0079939365387,40.72749048826856],[-74.00769889354706,40.727462031368034],[-74.00769352912903,40.72748235772678],[-74.0079939365387,40.72750674934909],[-74.0079939365387,40.72749048826856]]]}},{"type":"Feature","properties":{"id":"64366434-3539-3432-B034-346530363862","building_id":"16308905-6557-4eb1-a3a2-8c5f9276710c","height":57.6,"min_height":0},"geometry":{"type":"Polygon","coordinates":[[[-74.00756478309631,40.72744983554979],[-74.00753796100616,40.72744577027655],[-74.00753259658813,40.72749861880932],[-74.00755941867828,40.72749861880932],[-74.00756478309631,40.72744983554979]]]}},{"type":"Feature","properties":{"id":"39656566-3531-3238-A561-326262636435","building_id":"e3a70645-6361-4f5b-84d1-7ce16e8b94dd","min_height":0},"geometry":{"type":"Polygon","coordinates":[[[-74.00530099868774,40.72553912975586],[-74.00561213493347,40.72556758747862],[-74.00569260120392,40.72510413162185],[-74.00538146495819,40.72507160828263],[-74.00537073612213,40.72512445870077],[-74.00559604167938,40.725144785773495],[-74.00556921958923,40.72527081348582],[-74.00556921958923,40.72553506436591],[-74.00533854961395,40.72553506436591],[-74.00534391403198,40.72529927132332],[-74.00530099868774,40.72553912975586]]]}},{"type":"Feature","properties":{"id":"66656338-6162-3330-B762-363036306236","building_id":"51811b84-9d3d-4947-bd05-4993d4283e21","height":7,"min_height":0},"geometry":{"type":"Polygon","coordinates":[[[-74.00951743125916,40.72635220275625],[-74.00946378707886,40.72634813741597],[-74.0094530582428,40.72640911749427],[-74.00942623615265,40.72640505215747],[-74.00943696498871,40.72634407207543],[-74.00938868522644,40.726340006734645],[-74.00925993919373,40.726982327499194],[-74.00905072689056,40.726957935684666],[-74.00885760784149,40.72809621083628],[-74.00895416736603,40.72810840653605],[-74.00893270969391,40.7281327979289],[-74.00891125202179,40.72816531977213],[-74.00886833667755,40.72847834170043],[-74.0092545747757,40.72851899379088],[-74.009308218956,40.728214102507145],[-74.00929749011993,40.72814499362196],[-74.00938332080841,40.72815718931281],[-74.00960326194763,40.72701891520422],[-74.00938868522644,40.7269945234031],[-74.00951743125916,40.72635220275625]]]}},{"type":"Feature","properties":{"id":"39636462-6362-3632-A666-336465646232","building_id":"051075d5-41c3-4932-94ef-d381e6272390","height":18.8,"min_height":0},"geometry":{"type":"Polygon","coordinates":[[[-74.00559067726135,40.724579690838965],[-74.00568187236786,40.72459188718319],[-74.00568723678589,40.724555298143855],[-74.00578379631042,40.724567494492526],[-74.00579988956451,40.7244699236405],[-74.00561213493347,40.724449596361644],[-74.00559067726135,40.724579690838965]]]}},{"type":"Feature","properties":{"id":"63616333-6163-3266-A232-353761323830","building_id":"9a68b5fc-d4e4-4b56-ae2c-d292a74a1afe","height":89,"min_height":0},"geometry":{"type":"Polygon","coordinates":[[[-74.00566041469574,40.72329499673216],[-74.00566577911377,40.72323807933098],[-74.00532245635986,40.72320555507989],[-74.0053117275238,40.7232706035662],[-74.00542438030243,40.72327873462251],[-74.00542438030243,40.72327466909448],[-74.00566041469574,40.72329499673216]]]}},{"type":"Feature","properties":{"id":"63386135-3535-3338-B436-363162376138","building_id":"e3a70645-6361-4f5b-84d1-7ce16e8b94dd","height":138.4,"min_height":0},"geometry":{"type":"Polygon","coordinates":[[[-74.00556921958923,40.72553506436591],[-74.00556921958923,40.72527081348582],[-74.00559604167938,40.725144785773495],[-74.00537073612213,40.72512445870077],[-74.00534391403198,40.72529927132332],[-74.00533854961395,40.72553506436591],[-74.00556921958923,40.72553506436591]]]}},{"type":"Feature","properties":{"id":"32373266-3937-3437-B864-636432613436","building_id":"adfdd3bc-d3d7-4ae2-b94e-dcfa3a8092f0","height":65,"min_height":10},"geometry":{"type":"Polygon","coordinates":[[[-74.00584816932678,40.727559597833434],[-74.00584280490875,40.72760431574894],[-74.00588572025299,40.72760838101251],[-74.00589108467102,40.72756366309972],[-74.00584816932678,40.727559597833434]]]}},{"type":"Feature","properties":{"id":"36363635-3564-3435-A361-623163633831","building_id":"df1a2737-8892-4c9b-ac60-92d947753f12","height":12,"min_height":0},"geometry":{"type":"Polygon","coordinates":[[[-74.00438368320465,40.7294336592606],[-74.00436758995056,40.72940926834458],[-74.00431394577026,40.729425528956256],[-74.00433003902435,40.72945398501714],[-74.00438368320465,40.7294336592606]]]}},{"type":"Feature","properties":{"id":"66653163-6537-3030-B034-356436326263","building_id":"ee771b07-d64c-4af5-a62d-37c01f19ca90","height":52,"min_height":48},"geometry":{"type":"Polygon","coordinates":[[[-74.0046089887619,40.72832792874981],[-74.00461435317993,40.728315733090284],[-74.00461435317993,40.72830353742849],[-74.00459289550781,40.728295406986064],[-74.00457680225372,40.728299472207404],[-74.0045714378357,40.72831166786994],[-74.00458216667175,40.72832792874981],[-74.00459289550781,40.728331993969164],[-74.0046089887619,40.72832792874981]]]}},{"type":"Feature","properties":{"id":"36306663-3437-3330-B230-646361373362","building_id":"adfdd3bc-d3d7-4ae2-b94e-dcfa3a8092f0","height":10,"min_height":0},"geometry":{"type":"Polygon","coordinates":[[[-74.00583744049072,40.72762057680167],[-74.00591254234314,40.727628707326545],[-74.00591790676117,40.7275555325669],[-74.00586426258087,40.72755146730012],[-74.00585889816284,40.727559597833434],[-74.00584816932678,40.727559597833434],[-74.00583744049072,40.72762057680167]]]}},{"type":"Feature","properties":{"id":"30383030-3831-3438-A430-316133326436","building_id":"ee771b07-d64c-4af5-a62d-37c01f19ca90","height":52,"min_height":48},"geometry":{"type":"Polygon","coordinates":[[[-74.0045553445816,40.72832386353022],[-74.00456607341766,40.72830760264933],[-74.00456070899963,40.728295406986064],[-74.00454461574554,40.72828727654265],[-74.0045177936554,40.72829134176448],[-74.00450706481934,40.72830353742849],[-74.00451242923737,40.728319798310366],[-74.00453925132751,40.72832792874981],[-74.0045553445816,40.72832386353022]]]}},{"type":"Feature","properties":{"id":"63353433-3833-3237-B038-316161353765","building_id":"de39b283-1f9f-45bc-a5a9-4053fd94317f","height":62.2,"min_height":60},"geometry":{"type":"Polygon","coordinates":[[[-74.00451242923737,40.72316896527842],[-74.00442123413086,40.72312424438264],[-74.00435149669647,40.72320555507989],[-74.00442659854889,40.72324214486127],[-74.00445878505707,40.72320148954739],[-74.00447487831116,40.72320962061216],[-74.00451242923737,40.72316896527842]]]}},{"type":"Feature","properties":{"id":"66336536-3933-3566-B638-663866643466","building_id":"e2929cfa-ce0e-4e3f-be3f-2da697966cd4","height":50.4,"min_height":0},"geometry":{"type":"Polygon","coordinates":[[[-74.00562822818756,40.72872631906591],[-74.00562822818756,40.72873851465022],[-74.0059232711792,40.7287629058121],[-74.0059232711792,40.7287547754258],[-74.00562822818756,40.72872631906591]]]}},{"type":"Feature","properties":{"id":"61316664-6237-3865-B938-343039333564","building_id":"c2f9d91c-eb17-4d34-ad3d-357921bd90d0","height":23.8,"min_height":0},"geometry":{"type":"Polygon","coordinates":[[[-74.00836408138275,40.730197903434195],[-74.00834262371063,40.730271075288265],[-74.00850892066956,40.73028733568934],[-74.00851428508759,40.730218228957284],[-74.00836408138275,40.730197903434195]]]}},{"type":"Feature","properties":{"id":"30393235-3439-3430-A331-623230663330","building_id":"fe6b3421-5a36-4183-a36c-b74ee890eba2","height":12,"min_height":0},"geometry":{"type":"Polygon","coordinates":[[[-74.0043568611145,40.72187611271469],[-74.00421738624573,40.72204686826621],[-74.00428712368011,40.7220793930835],[-74.00443196296692,40.72190863761542],[-74.0043568611145,40.72187611271469]]]}},{"type":"Feature","properties":{"id":"62316362-6534-3338-A631-633638613435","building_id":"c2f9d91c-eb17-4d34-ad3d-357921bd90d0","height":26.5,"min_height":23.8},"geometry":{"type":"Polygon","coordinates":[[[-74.00858402252197,40.73029140078899],[-74.00858938694,40.730262945086245],[-74.00851428508759,40.7302548148832],[-74.00851428508759,40.730218228957284],[-74.00840163230896,40.730206033644194],[-74.0083909034729,40.73027514038891],[-74.00858402252197,40.73029140078899]]]}},{"type":"Feature","properties":{"id":"65353063-6163-3363-B038-643230393736","building_id":"ee771b07-d64c-4af5-a62d-37c01f19ca90","height":30.5,"min_height":0},"geometry":{"type":"Polygon","coordinates":[[[-74.00462508201599,40.7284417547978],[-74.00463581085205,40.728397037445006],[-74.0042120218277,40.72835638528006],[-74.00420665740967,40.728401102660165],[-74.00462508201599,40.7284417547978]]]}},{"type":"Feature","properties":{"id":"61373431-3238-3835-B661-313039333634","building_id":"e043500e-cbf2-4bcc-8336-5e02c92e29cb","height":23,"min_height":0},"geometry":{"type":"Polygon","coordinates":[[[-74.00830507278442,40.72953122283534],[-74.00844991207123,40.728990556225284],[-74.00810122489929,40.72895803478538],[-74.00801539421082,40.72950276680749],[-74.00830507278442,40.72953122283534]]]}},{"type":"Feature","properties":{"id":"35616562-6265-3261-B634-626637393636","building_id":"b51ccc19-f915-4022-9854-2c3171997be1","height":70.7136,"min_height":0},"geometry":{"type":"Polygon","coordinates":[[[-74.00986075401306,40.728397037445006],[-74.00987148284912,40.72840516787504],[-74.00996804237366,40.728413298304055],[-74.0099948644638,40.72840516787504],[-74.01002168655396,40.72826288520642],[-74.0100109577179,40.72824255908607],[-74.00991439819336,40.72823036341088],[-74.00988757610321,40.728238493861255],[-74.00985538959503,40.728388907014015],[-74.00986075401306,40.728397037445006]]]}},{"type":"Feature","properties":{"id":"62616538-3764-3563-B966-376630313261","building_id":"fec25742-35c1-4d66-b7df-f7c5f12dbba6","height":26.4,"min_height":0},"geometry":{"type":"Polygon","coordinates":[[[-74.00537073612213,40.724579690838965],[-74.00545656681061,40.72458782173537],[-74.00547802448273,40.72447398909552],[-74.00538682937622,40.724465858185226],[-74.00537073612213,40.724579690838965]]]}},{"type":"Feature","properties":{"id":"36653132-6231-3234-A538-313162383764","building_id":"c2f9d91c-eb17-4d34-ad3d-357921bd90d0","height":23.8,"min_height":0},"geometry":{"type":"Polygon","coordinates":[[[-74.00899708271027,40.729779196277285],[-74.00898098945618,40.729872694220404],[-74.00904536247253,40.729880824470115],[-74.00906682014465,40.72978732653841],[-74.00899708271027,40.729779196277285]]]}},{"type":"Feature","properties":{"id":"62633962-6661-3261-B939-353336383039","building_id":"e2929cfa-ce0e-4e3f-be3f-2da697966cd4","height":55,"min_height":0},"geometry":{"type":"Polygon","coordinates":[[[-74.00554239749908,40.72926698782287],[-74.00554239749908,40.72925479233543],[-74.00584280490875,40.72928324846931],[-74.0059232711792,40.7287629058121],[-74.00562822818756,40.72873851465022],[-74.00562822818756,40.72872631906591],[-74.00548338890076,40.728714123479385],[-74.00546193122864,40.728823883677705],[-74.00547802448273,40.72882794886677],[-74.00542438030243,40.72914096767816],[-74.00541365146637,40.72913690250824],[-74.00539755821228,40.72925479233543],[-74.00554239749908,40.72926698782287]]]}},{"type":"Feature","properties":{"id":"63333761-6335-3864-A463-353233333732","building_id":"f6a6f7c5-363c-41c3-b21b-7eb1c5c9fbb2","height":22,"min_height":0},"geometry":{"type":"Polygon","coordinates":[[[-74.00392234325409,40.72940113803723],[-74.00395452976227,40.72939300772892],[-74.00393307209015,40.72935642132917],[-74.00390088558197,40.72936861679798],[-74.00392234325409,40.72940113803723]]]}},{"type":"Feature","properties":{"id":"32613038-6638-3736-A237-613462663566","building_id":"cb7bb6f9-997b-4e26-bdde-a25db2b6682f","height":33.6,"min_height":0},"geometry":{"type":"Polygon","coordinates":[[[-74.00461435317993,40.72927511814659],[-74.00467336177826,40.72925479233543],[-74.00470018386841,40.72929544395155],[-74.0047538280487,40.72927918330807],[-74.00478601455688,40.7293523561724],[-74.00487184524536,40.72932390006806],[-74.0048611164093,40.72930763943154],[-74.0049147605896,40.72929137879106],[-74.0049147605896,40.72928324846931],[-74.0048611164093,40.72930357427179],[-74.00484502315521,40.72927105298485],[-74.00483965873718,40.72927511814659],[-74.00482892990112,40.729262922660645],[-74.00478601455688,40.72927918330807],[-74.0047538280487,40.72922633618936],[-74.004807472229,40.729210075529],[-74.00479137897491,40.72918974969796],[-74.00484502315521,40.72916942386074],[-74.0048235654831,40.72912877216761],[-74.00463581085205,40.72918568453102],[-74.00464653968811,40.729210075529],[-74.00459289550781,40.72923040135384],[-74.00461435317993,40.72927511814659]]]}},{"type":"Feature","properties":{"id":"34623636-3936-3266-A162-343061643766","building_id":"c709420c-6c5b-44fc-9afc-d0b51762c5c1","height":45,"min_height":42.5},"geometry":{"type":"Polygon","coordinates":[[[-74.00679767131805,40.72768562097288],[-74.00693714618683,40.72770188200575],[-74.00694787502289,40.72764496837333],[-74.00688350200653,40.72763683785045],[-74.00688886642456,40.72759211995679],[-74.00681376457214,40.72758398942745],[-74.00679767131805,40.72768562097288]]]}},{"type":"Feature","properties":{"id":"32353365-3137-3636-A663-663865366264","building_id":"16308905-6557-4eb1-a3a2-8c5f9276710c","height":57.6,"min_height":0},"geometry":{"type":"Polygon","coordinates":[[[-74.0075272321701,40.7275189451569],[-74.00753259658813,40.72749861880932],[-74.00746285915375,40.72749048826856],[-74.00745749473572,40.727510814618604],[-74.0075272321701,40.7275189451569]]]}},{"type":"Feature","properties":{"id":"62323539-6561-3564-A136-376666313661","building_id":"9a68b5fc-d4e4-4b56-ae2c-d292a74a1afe","height":97.8,"min_height":0},"geometry":{"type":"Polygon","coordinates":[[[-74.00568723678589,40.72349827276758],[-74.00571942329407,40.723303127785506],[-74.00542438030243,40.72327466909448],[-74.00542438030243,40.72327873462251],[-74.0053117275238,40.7232706035662],[-74.00528490543365,40.72344948657568],[-74.00539219379425,40.72346168312701],[-74.00539219379425,40.723469814159984],[-74.00568723678589,40.72349827276758]]]}},{"type":"Feature","properties":{"id":"38383162-6164-3939-B938-656432363934","building_id":"e2929cfa-ce0e-4e3f-be3f-2da697966cd4","height":50.4,"min_height":0},"geometry":{"type":"Polygon","coordinates":[[[-74.00541365146637,40.72913690250824],[-74.00542438030243,40.72914096767816],[-74.00547802448273,40.72882794886677],[-74.00546193122864,40.728823883677705],[-74.00541365146637,40.72913690250824]]]}},{"type":"Feature","properties":{"id":"66373330-6631-3434-A432-336536346538","building_id":"54a82a64-3a26-4d4b-aba4-cdcfd00be503","height":38,"min_height":35.4},"geometry":{"type":"Polygon","coordinates":[[[-74.00775253772736,40.7302100987488],[-74.00783836841583,40.730218228957284],[-74.00784909725189,40.73015318726156],[-74.00776326656342,40.73014505704512],[-74.00775253772736,40.7302100987488]]]}},{"type":"Feature","properties":{"id":"32653961-3062-3262-A432-356530613632","building_id":"ebc15fa4-e6c1-4b6a-b476-d80db7150cf6","height":45.2,"min_height":0},"geometry":{"type":"Polygon","coordinates":[[[-74.00571405887604,40.72726283272367],[-74.00568187236786,40.727462031368034],[-74.00594472885132,40.7274864229978],[-74.00593400001526,40.7275555325669],[-74.00620222091675,40.7275799241624],[-74.00624513626099,40.72731161612028],[-74.00571405887604,40.72726283272367]]]}},{"type":"Feature","properties":{"id":"39336333-6430-3235-A163-393131333935","building_id":"3d217df5-1255-4552-a420-2f3e31d9cf3e","height":44,"min_height":0},"geometry":{"type":"Polygon","coordinates":[[[-74.00840699672699,40.72876697100488],[-74.00843918323517,40.7287629058121],[-74.00844991207123,40.728742579844486],[-74.00851964950562,40.728336059188265],[-74.00850355625153,40.72830760264933],[-74.00848746299744,40.728299472207404],[-74.00739848613739,40.72819784159945],[-74.00736093521118,40.728214102507145],[-74.00735557079315,40.72822223295952],[-74.00728583335876,40.72863688471276],[-74.00730729103088,40.7286653411109],[-74.00840699672699,40.72876697100488]]]}},{"type":"Feature","properties":{"id":"34623831-6530-3130-B266-323838346364","building_id":"fe6b3421-5a36-4183-a36c-b74ee890eba2","height":12,"min_height":0},"geometry":{"type":"Polygon","coordinates":[[[-74.00458216667175,40.72197368736919],[-74.00461971759796,40.721989949797724],[-74.00466799736023,40.721928965670315],[-74.00463581085205,40.72191270322689],[-74.00458216667175,40.72197368736919]]]}},{"type":"Feature","properties":{"id":"36393938-6366-3432-A133-363630613463","building_id":"b4a262ba-545a-404d-b757-6c752f5d8bde","height":68,"min_height":64},"geometry":{"type":"Polygon","coordinates":[[[-74.00667428970337,40.72840516787504],[-74.00668501853943,40.72834012440714],[-74.0065187215805,40.72832386353022],[-74.00650799274445,40.728388907014015],[-74.00667428970337,40.72840516787504]]]}},{"type":"Feature","properties":{"id":"30633336-3461-3732-B734-643331666638","building_id":"16308905-6557-4eb1-a3a2-8c5f9276710c","height":37,"min_height":0},"geometry":{"type":"Polygon","coordinates":[[[-74.0081387758255,40.7275555325669],[-74.00834262371063,40.72757179363155],[-74.00835335254669,40.72752301042567],[-74.00814414024353,40.72750268407934],[-74.0081387758255,40.7275555325669]]]}},{"type":"Feature","properties":{"id":"30353035-3134-3331-A264-643432353563","building_id":"cb7bb6f9-997b-4e26-bdde-a25db2b6682f","height":5,"min_height":0},"geometry":{"type":"Polygon","coordinates":[[[-74.00468409061432,40.7290799901031],[-74.00472700595856,40.7291572283554],[-74.0048235654831,40.72912877216761],[-74.00477528572083,40.72905153388229],[-74.00468409061432,40.7290799901031]]]}},{"type":"Feature","properties":{"id":"39356437-3863-3433-B739-366365316166","building_id":"cb7bb6f9-997b-4e26-bdde-a25db2b6682f","height":5,"min_height":0},"geometry":{"type":"Polygon","coordinates":[[[-74.0045714378357,40.72927105298485],[-74.00462508201599,40.729364551641964],[-74.0047162771225,40.729332030384825],[-74.00467336177826,40.72925479233543],[-74.00461435317993,40.72927511814659],[-74.0046089887619,40.72925885749816],[-74.0045714378357,40.72927105298485]]]}},{"type":"Feature","properties":{"id":"34356635-3034-3038-B430-316434613363","building_id":"16308905-6557-4eb1-a3a2-8c5f9276710c","height":65.9,"min_height":0},"geometry":{"type":"Polygon","coordinates":[[[-74.00751650333405,40.72759211995679],[-74.0075272321701,40.7275189451569],[-74.00745749473572,40.727510814618604],[-74.00744676589966,40.72758398942745],[-74.00751650333405,40.72759211995679]]]}},{"type":"Feature","properties":{"id":"30636362-3461-3466-B562-643163333965","building_id":"b51ccc19-f915-4022-9854-2c3171997be1","height":55,"min_height":0},"geometry":{"type":"Polygon","coordinates":[[[-74.010209441185,40.72889299185787],[-74.01042401790619,40.72801084087527],[-74.0104615688324,40.72758398942745],[-74.00989294052124,40.72751487988789],[-74.00969982147217,40.72826695042974],[-74.00960326194763,40.728823883677705],[-74.010209441185,40.72889299185787]]]}},{"type":"Feature","properties":{"id":"61633564-6532-3930-B764-373035353237","building_id":"1dda48dc-a3db-428f-8921-bbb5af06ce57","height":35.8,"min_height":33},"geometry":{"type":"Polygon","coordinates":[[[-74.00969982147217,40.72517324366489],[-74.0095978975296,40.725258617266036],[-74.00969982147217,40.72533179455127],[-74.00980174541473,40.72524642104399],[-74.00969982147217,40.72517324366489]]]}},{"type":"Feature","properties":{"id":"35333832-3633-3736-A465-353362653233","building_id":"fe6b3421-5a36-4183-a36c-b74ee890eba2","height":51,"min_height":0},"geometry":{"type":"Polygon","coordinates":[[[-74.00428175926208,40.72208752428535],[-74.0044641494751,40.722172901844694],[-74.00461971759796,40.721989949797724],[-74.00443732738495,40.721904572003695],[-74.00428175926208,40.72208752428535]]]}},{"type":"Feature","properties":{"id":"61333361-6538-3063-B834-366236656537","building_id":"b51ccc19-f915-4022-9854-2c3171997be1","height":70,"min_height":0},"geometry":{"type":"Polygon","coordinates":[[[-74.01005923748016,40.728043362778095],[-74.01011824607849,40.72773846931517],[-74.0100109577179,40.72772627354758],[-74.00995194911957,40.72803116706638],[-74.01005923748016,40.728043362778095]]]}},{"type":"Feature","properties":{"id":"31633139-3066-3934-B862-303765633561","building_id":"e2929cfa-ce0e-4e3f-be3f-2da697966cd4","height":60,"min_height":0},"geometry":{"type":"Polygon","coordinates":[[[-74.00552093982697,40.729067794581375],[-74.00559604167938,40.72907592492946],[-74.00560677051544,40.72900275176116],[-74.00553166866302,40.72899462140416],[-74.00552093982697,40.729067794581375]]]}},{"type":"Feature","properties":{"id":"39323035-3234-3861-A236-363365386464","building_id":"fec25742-35c1-4d66-b7df-f7c5f12dbba6","height":19,"min_height":0},"geometry":{"type":"Polygon","coordinates":[[[-74.00545120239258,40.724648803426625],[-74.00545656681061,40.72458782173537],[-74.00537073612213,40.724579690838965],[-74.00536000728607,40.724640672537674],[-74.00545120239258,40.724648803426625]]]}},{"type":"Feature","properties":{"id":"39383065-3062-3866-A134-313939366237","building_id":"051075d5-41c3-4932-94ef-d381e6272390","height":4,"min_height":0},"geometry":{"type":"Polygon","coordinates":[[[-74.00568187236786,40.72459188718319],[-74.0057784318924,40.724600018078085],[-74.00578379631042,40.724567494492526],[-74.00568723678589,40.724555298143855],[-74.00568187236786,40.72459188718319]]]}},{"type":"Feature","properties":{"id":"38336466-6630-3565-B238-313435633865","building_id":"54a82a64-3a26-4d4b-aba4-cdcfd00be503","height":38,"min_height":35.4},"geometry":{"type":"Polygon","coordinates":[[[-74.00818169116974,40.72997838738922],[-74.00819778442383,40.7299092803363],[-74.00810658931732,40.729897084966574],[-74.00809049606323,40.72996619203216],[-74.00818169116974,40.72997838738922]]]}},{"type":"Feature","properties":{"id":"61376235-3262-3666-A263-633831663837","building_id":"a6753bc8-3a7e-4fe3-a99b-2e99915f3d0a","height":62,"min_height":59},"geometry":{"type":"Polygon","coordinates":[[[-74.00733947753906,40.72368528617183],[-74.00736093521118,40.7235470589237],[-74.00664746761322,40.7230388680436],[-74.00655627250671,40.72311204776947],[-74.0064811706543,40.72359991055246],[-74.00733947753906,40.72368528617183]]]}},{"type":"Feature","properties":{"id":"36343536-6130-3433-B139-623832356137","building_id":"9a68b5fc-d4e4-4b56-ae2c-d292a74a1afe","height":84,"min_height":0},"geometry":{"type":"Polygon","coordinates":[[[-74.0053117275238,40.7232706035662],[-74.00527954101562,40.723266538037656],[-74.00523662567139,40.723360045131024],[-74.00521516799927,40.723445421058074],[-74.00528490543365,40.72344948657568],[-74.0053117275238,40.7232706035662]]]}},{"type":"Feature","properties":{"id":"34393066-3836-3634-B432-376266623435","building_id":"a6753bc8-3a7e-4fe3-a99b-2e99915f3d0a","height":66,"min_height":62},"geometry":{"type":"Polygon","coordinates":[[[-74.00711953639984,40.72360804156856],[-74.0071302652359,40.72353486238801],[-74.00665819644928,40.723197424014636],[-74.00662064552307,40.72322588273869],[-74.00656700134277,40.72355112443509],[-74.00711953639984,40.72360804156856]]]}},{"type":"Feature","properties":{"id":"39616363-6435-3661-B031-636462653636","building_id":"16308905-6557-4eb1-a3a2-8c5f9276710c","height":57.6,"min_height":0},"geometry":{"type":"Polygon","coordinates":[[[-74.00767743587494,40.72747829245552],[-74.00769352912903,40.72748235772678],[-74.00769889354706,40.727462031368034],[-74.00766670703888,40.72745796609554],[-74.00766134262085,40.72747829245552],[-74.00767743587494,40.72747829245552]]]}},{"type":"Feature","properties":{"id":"33346564-6331-3137-B333-353731383232","building_id":"b51ccc19-f915-4022-9854-2c3171997be1","height":70,"min_height":0},"geometry":{"type":"Polygon","coordinates":[[[-74.00994122028351,40.7286653411109],[-74.00998413562775,40.72841736351818],[-74.00987148284912,40.72840516787504],[-74.00982856750488,40.72865314551319],[-74.00994122028351,40.7286653411109]]]}},{"type":"Feature","properties":{"id":"62313134-6134-3364-B035-666161653164","building_id":"adfdd3bc-d3d7-4ae2-b94e-dcfa3a8092f0","height":63,"min_height":0},"geometry":{"type":"Polygon","coordinates":[[[-74.00586426258087,40.72755146730012],[-74.00587499141693,40.72748235772678],[-74.0057247877121,40.72746609664027],[-74.00569796562195,40.72760838101251],[-74.00583744049072,40.72762057680167],[-74.00584816932678,40.727559597833434],[-74.00585889816284,40.727559597833434],[-74.00586426258087,40.72755146730012]]]}},{"type":"Feature","properties":{"id":"39313861-3965-3935-B533-663138633162","building_id":"df1a2737-8892-4c9b-ac60-92d947753f12","height":19,"min_height":0},"geometry":{"type":"Polygon","coordinates":[[[-74.00433540344238,40.72927511814659],[-74.00429248809814,40.72920194519734],[-74.0042495727539,40.729218205859674],[-74.00429248809814,40.72928731363032],[-74.00433540344238,40.72927511814659]]]}},{"type":"Feature","properties":{"id":"33376465-3932-3132-B137-616637306466","building_id":"a6753bc8-3a7e-4fe3-a99b-2e99915f3d0a","height":59,"min_height":0},"geometry":{"type":"Polygon","coordinates":[[[-74.00642216205597,40.723022605871364],[-74.00649726390839,40.72303073695799],[-74.00638997554779,40.723656827644206],[-74.00656163692474,40.72367308966148],[-74.00656700134277,40.72362023809082],[-74.00724828243256,40.72368528617183],[-74.00723218917847,40.723786923671135],[-74.00744676589966,40.72380725115237],[-74.00748431682587,40.72358364851731],[-74.0064811706543,40.72286404948387],[-74.00644898414612,40.722872180589846],[-74.00642216205597,40.723022605871364]]]}},{"type":"Feature","properties":{"id":"65373437-6566-3365-A264-666336663264","building_id":"cb7bb6f9-997b-4e26-bdde-a25db2b6682f","height":5,"min_height":0},"geometry":{"type":"Polygon","coordinates":[[[-74.00449633598328,40.72914096767816],[-74.00453925132751,40.72921414069447],[-74.00463581085205,40.72918568453102],[-74.00459289550781,40.72910844631175],[-74.00449633598328,40.72914096767816]]]}},{"type":"Feature","properties":{"id":"37373562-3165-3639-A664-333730643961","building_id":"ebc15fa4-e6c1-4b6a-b476-d80db7150cf6","height":47.5,"min_height":45.2},"geometry":{"type":"Polygon","coordinates":[[[-74.00576770305634,40.72747016191228],[-74.00584280490875,40.72747829245552],[-74.00584816932678,40.72743763972933],[-74.00577306747437,40.72743357445535],[-74.00576770305634,40.72747016191228]]]}},{"type":"Feature","properties":{"id":"30373062-3865-3232-A139-636133353835","building_id":"b4a262ba-545a-404d-b757-6c752f5d8bde","height":65,"min_height":60.7},"geometry":{"type":"Polygon","coordinates":[[[-74.00693714618683,40.728429559159096],[-74.00694787502289,40.728364515715036],[-74.00682985782623,40.7283523200622],[-74.00681912899017,40.72842142873208],[-74.00693714618683,40.728429559159096]]]}},{"type":"Feature","properties":{"id":"30306437-3862-3333-A333-646362363861","building_id":"51811b84-9d3d-4947-bd05-4993d4283e21","height":21.3,"min_height":18.3},"geometry":{"type":"Polygon","coordinates":[[[-74.00953352451324,40.7262424384812],[-74.00954961776733,40.72616113149406],[-74.00942087173462,40.72614893543743],[-74.00940477848053,40.72623024243945],[-74.00953352451324,40.7262424384812]]]}},{"type":"Feature","properties":{"id":"37323035-3664-3034-B635-323664626332","building_id":"54a82a64-3a26-4d4b-aba4-cdcfd00be503","height":35.4,"min_height":0},"geometry":{"type":"Polygon","coordinates":[[[-74.00780618190765,40.729872694220404],[-74.00775253772736,40.7302100987488],[-74.00811195373535,40.73024261957681],[-74.00819778442383,40.7299092803363],[-74.00780618190765,40.729872694220404]]]}},{"type":"Feature","properties":{"id":"37333233-3632-3266-B437-613733646461","building_id":"e043500e-cbf2-4bcc-8336-5e02c92e29cb","height":30,"min_height":0},"geometry":{"type":"Polygon","coordinates":[[[-74.00730729103088,40.729332030384825],[-74.00751113891602,40.729348291015384],[-74.0075272321701,40.72925072717244],[-74.00732338428497,40.72923040135384],[-74.00730729103088,40.729332030384825]]]}},{"type":"Feature","properties":{"id":"37613635-6261-3635-B663-346130363263","building_id":"e2929cfa-ce0e-4e3f-be3f-2da697966cd4","height":63,"min_height":58},"geometry":{"type":"Polygon","coordinates":[[[-74.00569260120392,40.728933643695],[-74.00569796562195,40.72892144814647],[-74.00568723678589,40.728905187411605],[-74.0056711435318,40.72890112222727],[-74.00565505027771,40.728905187411605],[-74.00564968585968,40.728925513329564],[-74.00565505027771,40.728933643695],[-74.0056711435318,40.72893770887735],[-74.00569260120392,40.728933643695]]]}},{"type":"Feature","properties":{"id":"61333431-6662-3337-B965-623766303637","building_id":"16308905-6557-4eb1-a3a2-8c5f9276710c","height":45.3,"min_height":0},"geometry":{"type":"Polygon","coordinates":[[[-74.0081387758255,40.7275555325669],[-74.00814414024353,40.72750268407934],[-74.0079939365387,40.72749048826856],[-74.00798857212067,40.72753927149827],[-74.0081387758255,40.7275555325669]]]}},{"type":"Feature","properties":{"id":"33323330-3262-3534-B863-393338623164","building_id":"a6753bc8-3a7e-4fe3-a99b-2e99915f3d0a","height":74.8,"min_height":70},"geometry":{"type":"Polygon","coordinates":[[[-74.00672256946564,40.72338850378555],[-74.00674939155579,40.72322588273869],[-74.00666356086731,40.72321775167593],[-74.00663673877716,40.723380372742646],[-74.00672256946564,40.72338850378555]]]}},{"type":"Feature","properties":{"id":"38633566-6164-3138-B564-653730626536","building_id":"b9ae7c66-3213-4dda-9ea5-b52564c20717","height":25.5,"min_height":23.7},"geometry":{"type":"Polygon","coordinates":[[[-74.00858938694,40.72657173076328],[-74.00859475135803,40.726539208141276],[-74.00851964950562,40.72653107748327],[-74.00851428508759,40.72656360010925],[-74.00858938694,40.72657173076328]]]}},{"type":"Feature","properties":{"id":"38656539-3464-3537-A536-623763623231","building_id":"01d018bb-0e94-45d2-89ea-e05df2833c69","height":15,"min_height":0},"geometry":{"type":"Polygon","coordinates":[[[-74.0043032169342,40.729523092542905],[-74.00424420833588,40.72954341827212],[-74.00428712368011,40.72961659084587],[-74.00433003902435,40.72960033028089],[-74.00432467460632,40.72959219999691],[-74.00434613227844,40.72958406971191],[-74.0043032169342,40.729523092542905]]]}},{"type":"Feature","properties":{"id":"33636339-6264-3262-A361-346538393139","building_id":"a6753bc8-3a7e-4fe3-a99b-2e99915f3d0a","height":49,"min_height":0},"geometry":{"type":"Polygon","coordinates":[[[-74.00633633136749,40.72352266585011],[-74.00630950927734,40.72369748267993],[-74.00655090808868,40.72372187568945],[-74.00656163692474,40.72367308966148],[-74.00638997554779,40.723656827644206],[-74.00641143321991,40.72353079687562],[-74.00633633136749,40.72352266585011]]]}},{"type":"Feature","properties":{"id":"38386538-6437-3264-B438-383539356234","building_id":"e043500e-cbf2-4bcc-8336-5e02c92e29cb","height":27,"min_height":23},"geometry":{"type":"Polygon","coordinates":[[[-74.0082997083664,40.72952715768923],[-74.00831043720245,40.72945805016769],[-74.00825142860413,40.72944991986633],[-74.00824069976807,40.729523092542905],[-74.0082997083664,40.72952715768923]]]}},{"type":"Feature","properties":{"id":"64386339-6263-3465-B833-363236393539","building_id":"2f08dbd8-ee93-466e-92f6-ac10189f41c3","height":56,"min_height":53},"geometry":{"type":"Polygon","coordinates":[[[-74.00706052780151,40.725039084927516],[-74.00736629962921,40.72507160828263],[-74.00739312171936,40.72491712220434],[-74.00731265544891,40.72490899134819],[-74.00731265544891,40.72489272963289],[-74.00708734989166,40.72487240248318],[-74.00706052780151,40.725039084927516]]]}},{"type":"Feature","properties":{"id":"66626465-6261-3432-B163-636562393961","building_id":"16308905-6557-4eb1-a3a2-8c5f9276710c","height":61.8,"min_height":0},"geometry":{"type":"Polygon","coordinates":[[[-74.00834262371063,40.72757179363155],[-74.00805830955505,40.72754740203309],[-74.00805294513702,40.72756366309972],[-74.0083372592926,40.72759211995679],[-74.00834262371063,40.72757179363155]]]}},{"type":"Feature","properties":{"id":"62623462-3333-3663-B838-633733303636","building_id":"051075d5-41c3-4932-94ef-d381e6272390","height":4,"min_height":0},"geometry":{"type":"Polygon","coordinates":[[[-74.00554776191711,40.7245756253904],[-74.00559067726135,40.724579690838965],[-74.00561213493347,40.724449596361644],[-74.00556921958923,40.724445530905136],[-74.00554776191711,40.7245756253904]]]}},{"type":"Feature","properties":{"id":"33336231-3737-3661-B537-393162366338","building_id":"e4308937-9a4a-44b8-9b46-db94e134a747","height":6,"min_height":0},"geometry":{"type":"Polygon","coordinates":[[[-74.00519907474518,40.72453497089108],[-74.00510787963867,40.72452683998823],[-74.0051132440567,40.72449838182045],[-74.00504350662231,40.72449025091312],[-74.00500059127808,40.724766701204615],[-74.00519907474518,40.7247829629507],[-74.00519907474518,40.72475450489243],[-74.00533854961395,40.724766701204615],[-74.00535464286804,40.724660999758164],[-74.00517761707306,40.72464473798228],[-74.00519907474518,40.72453497089108]]]}},{"type":"Feature","properties":{"id":"65356265-3964-3364-A265-336262636131","building_id":"b9ae7c66-3213-4dda-9ea5-b52564c20717","height":23.7,"min_height":0},"geometry":{"type":"Polygon","coordinates":[[[-74.00853037834167,40.726437574845036],[-74.00850355625153,40.72661644934259],[-74.00886833667755,40.72664897192685],[-74.0088951587677,40.72647009751671],[-74.00853037834167,40.726437574845036]]]}},{"type":"Feature","properties":{"id":"63393263-3764-3331-B433-323231613862","building_id":"0a22a533-0089-43dd-ad03-bb3955aad27f","height":4,"min_height":0},"geometry":{"type":"Polygon","coordinates":[[[-74.00390625,40.729149098017274],[-74.00393307209015,40.72919788003113],[-74.00394916534424,40.72919381486468],[-74.00392234325409,40.72914503284784],[-74.00390625,40.729149098017274]]]}},{"type":"Feature","properties":{"id":"61323961-3361-3161-B361-363934643661","building_id":"16308905-6557-4eb1-a3a2-8c5f9276710c","height":61.8,"min_height":0},"geometry":{"type":"Polygon","coordinates":[[[-74.00791347026825,40.72801084087527],[-74.00791883468628,40.727982384197254],[-74.00758624076843,40.72794986226464],[-74.0075808763504,40.727982384197254],[-74.00791347026825,40.72801084087527]]]}},{"type":"Feature","properties":{"id":"65633738-6235-3137-A334-646635323662","building_id":"92b9023a-e19d-4834-9db7-5a38ecc45c82","height":50,"min_height":46},"geometry":{"type":"Polygon","coordinates":[[[-74.00666892528534,40.72672621300079],[-74.00665283203125,40.726835976477936],[-74.00716781616211,40.72688476018746],[-74.00719463825226,40.72673840895163],[-74.00667428970337,40.726689625134824],[-74.00666892528534,40.72672621300079]]]}},{"type":"Feature","properties":{"id":"62663839-3361-3965-B335-353134623731","building_id":"92b9023a-e19d-4834-9db7-5a38ecc45c82","height":75,"min_height":0},"geometry":{"type":"Polygon","coordinates":[[[-74.0070229768753,40.727063633483056],[-74.00706589221954,40.72679532335936],[-74.00688886642456,40.726779062104974],[-74.00684595108032,40.72704737229422],[-74.0070229768753,40.727063633483056]]]}},{"type":"Feature","properties":{"id":"35323264-3135-3136-B861-306134633638","building_id":"0a22a533-0089-43dd-ad03-bb3955aad27f","height":19,"min_height":0},"geometry":{"type":"Polygon","coordinates":[[[-74.00385797023773,40.729149098017274],[-74.00383114814758,40.7291572283554],[-74.00384187698364,40.72917755419637],[-74.00386869907379,40.72916942386074],[-74.00385797023773,40.729149098017274]]]}},{"type":"Feature","properties":{"id":"65653931-3137-3362-B136-656334653461","building_id":"c2f9d91c-eb17-4d34-ad3d-357921bd90d0","height":19,"min_height":4.8},"geometry":{"type":"Polygon","coordinates":[[[-74.00899708271027,40.729779196277285],[-74.00849282741547,40.72973041468958],[-74.00836408138275,40.730197903434195],[-74.00851428508759,40.730218228957284],[-74.00850892066956,40.73028733568934],[-74.00888442993164,40.7303198564796],[-74.00890052318573,40.73024668467919],[-74.00897562503815,40.7302548148832],[-74.00904536247253,40.729880824470115],[-74.00898098945618,40.729872694220404],[-74.00899708271027,40.729779196277285]]]}},{"type":"Feature","properties":{"id":"62383733-3835-3065-B963-363337633932","building_id":"24d93e6c-0afd-408a-b2d7-6cce511f5068","height":38,"min_height":35.5},"geometry":{"type":"Polygon","coordinates":[[[-74.00748431682587,40.73018570811736],[-74.00753796100616,40.73018977322322],[-74.00754868984222,40.730120666389844],[-74.00749504566193,40.73011660127977],[-74.00748431682587,40.73018570811736]]]}},{"type":"Feature","properties":{"id":"39343433-3338-3239-B565-346166306337","building_id":"e2929cfa-ce0e-4e3f-be3f-2da697966cd4","height":58,"min_height":0},"geometry":{"type":"Polygon","coordinates":[[[-74.00573551654816,40.72895803478538],[-74.00575697422028,40.72883607924413],[-74.0056711435318,40.728823883677705],[-74.00564968585968,40.72894990442291],[-74.00573551654816,40.72895803478538]]]}},{"type":"Feature","properties":{"id":"63366664-6432-3337-A663-653936306535","building_id":"16308905-6557-4eb1-a3a2-8c5f9276710c","height":53.5,"min_height":0},"geometry":{"type":"Polygon","coordinates":[[[-74.00740921497345,40.727819774375206],[-74.0074360370636,40.727819774375206],[-74.00746822357178,40.72760838101251],[-74.00744676589966,40.72760431574894],[-74.00740921497345,40.727819774375206]]]}},{"type":"Feature","properties":{"id":"31316333-3134-3439-A638-303130303633","building_id":"de39b283-1f9f-45bc-a5a9-4053fd94317f","height":60,"min_height":54},"geometry":{"type":"Polygon","coordinates":[[[-74.00470018386841,40.72325840697985],[-74.00433003902435,40.723079523456796],[-74.00407791137695,40.723360045131024],[-74.0042120218277,40.72338443826422],[-74.00420665740967,40.72340070034806],[-74.00445342063904,40.723445421058074],[-74.00445878505707,40.72342915898519],[-74.00461971759796,40.72346168312701],[-74.00470018386841,40.72325840697985]]]}},{"type":"Feature","properties":{"id":"61316230-6336-3331-A461-313731316263","building_id":"b9ae7c66-3213-4dda-9ea5-b52564c20717","height":31,"min_height":23.7},"geometry":{"type":"Polygon","coordinates":[[[-74.00857865810394,40.72647822818216],[-74.00858402252197,40.72646603218362],[-74.00857329368591,40.72644977084878],[-74.00855720043182,40.72644570551446],[-74.00854110717773,40.72644977084878],[-74.0085357427597,40.72646196685029],[-74.00854647159576,40.72647822818216],[-74.00856256484985,40.726482293514515],[-74.00857865810394,40.72647822818216]]]}},{"type":"Feature","properties":{"id":"62633333-3262-3130-B062-326664356132","building_id":"a5a6d67f-0396-445c-a6d4-a6a3f3be656f","height":42.3,"min_height":39},"geometry":{"type":"Polygon","coordinates":[[[-74.00796175003052,40.72638472546967],[-74.00805294513702,40.72639285614553],[-74.00807976722717,40.726250569174454],[-74.00819778442383,40.72626276521247],[-74.00823533535004,40.726043236186264],[-74.0077954530716,40.72599851722179],[-74.00776326656342,40.72620178500006],[-74.00771498680115,40.726197719650564],[-74.00770962238312,40.726250569174454],[-74.00793492794037,40.72627496124824],[-74.00790810585022,40.726441640179864],[-74.0079939365387,40.72644977084878],[-74.00798320770264,40.7265026201725],[-74.00801539421082,40.726506685503374],[-74.00801002979279,40.726555469454254],[-74.00833189487457,40.72658799206832],[-74.00837481021881,40.726315614684694],[-74.00826215744019,40.72630341865636],[-74.008229970932,40.72647416284955],[-74.0080314874649,40.72645790151671],[-74.00803685188293,40.72641724816718],[-74.00796175003052,40.72640911749427],[-74.00796175003052,40.72638472546967]]]}},{"type":"Feature","properties":{"id":"61376338-6438-3438-B733-636432623237","building_id":"a5a6d67f-0396-445c-a6d4-a6a3f3be656f","height":43,"min_height":39},"geometry":{"type":"Polygon","coordinates":[[[-74.00781154632568,40.726437574845036],[-74.00782227516174,40.7264009868204],[-74.0077257156372,40.72639285614553],[-74.00772035121918,40.72642944417464],[-74.00781154632568,40.726437574845036]]]}},{"type":"Feature","properties":{"id":"30383062-3530-3863-A565-666231386162","building_id":"3d217df5-1255-4552-a420-2f3e31d9cf3e","height":81,"min_height":76},"geometry":{"type":"Polygon","coordinates":[[[-74.00760233402252,40.72850273295769],[-74.00765597820282,40.72850679816636],[-74.00769889354706,40.72848240691059],[-74.00770425796509,40.7284417547978],[-74.00767207145691,40.72840923308967],[-74.00761842727661,40.72840516787504],[-74.00757551193237,40.728429559159096],[-74.00757014751434,40.728470211279365],[-74.00760233402252,40.72850273295769]]]}},{"type":"Feature","properties":{"id":"38653536-3133-3435-B833-393039303335","building_id":"f6a6f7c5-363c-41c3-b21b-7eb1c5c9fbb2","height":3,"min_height":0},"geometry":{"type":"Polygon","coordinates":[[[-74.00403499603271,40.72928324846931],[-74.00409936904907,40.72939300772892],[-74.00413155555725,40.729384877419605],[-74.0040671825409,40.72927511814659],[-74.00403499603271,40.72928324846931]]]}},{"type":"Feature","properties":{"id":"32373830-3037-3361-A634-333464306662","building_id":"b4a262ba-545a-404d-b757-6c752f5d8bde","height":35,"min_height":0},"geometry":{"type":"Polygon","coordinates":[[[-74.00654554367065,40.72813686316017],[-74.00655627250671,40.72807588466502],[-74.00606274604797,40.72802710182865],[-74.00605201721191,40.728088080368515],[-74.00654554367065,40.72813686316017]]]}},{"type":"Feature","properties":{"id":"32656532-6530-3365-A561-633132656439","building_id":"16308905-6557-4eb1-a3a2-8c5f9276710c","height":65.9,"min_height":0},"geometry":{"type":"Polygon","coordinates":[[[-74.00750577449799,40.72766122941612],[-74.00746285915375,40.727657164155794],[-74.00746285915375,40.727673425195626],[-74.00750041007996,40.72767749045495],[-74.00750577449799,40.72766122941612]]]}},{"type":"Feature","properties":{"id":"34383362-3831-3339-B166-303564613436","building_id":"ebc15fa4-e6c1-4b6a-b476-d80db7150cf6","height":48,"min_height":45.2},"geometry":{"type":"Polygon","coordinates":[[[-74.00606274604797,40.72750268407934],[-74.00608420372009,40.72739292170183],[-74.00599837303162,40.727384791148125],[-74.00598227977753,40.72749455353906],[-74.00606274604797,40.72750268407934]]]}},{"type":"Feature","properties":{"id":"62643436-6563-3739-A633-396433366135","building_id":"c709420c-6c5b-44fc-9afc-d0b51762c5c1","height":50,"min_height":45},"geometry":{"type":"Polygon","coordinates":[[[-74.00692641735077,40.72768155571404],[-74.0069317817688,40.72766935993605],[-74.00692641735077,40.727657164155794],[-74.00690495967865,40.7276490336344],[-74.00689423084259,40.727657164155794],[-74.00688350200653,40.72766935993605],[-74.00689423084259,40.72768155571404],[-74.00691032409668,40.72768562097288],[-74.00692641735077,40.72768155571404]]]}},{"type":"Feature","properties":{"id":"33663433-3565-3737-A565-303230343535","building_id":"16308905-6557-4eb1-a3a2-8c5f9276710c","height":78,"min_height":75},"geometry":{"type":"Polygon","coordinates":[[[-74.00802612304688,40.7277872523631],[-74.0080314874649,40.7277506650805],[-74.00796175003052,40.72774659982564],[-74.00795638561249,40.7277791218576],[-74.00802612304688,40.7277872523631]]]}},{"type":"Feature","properties":{"id":"31623862-3365-3938-A430-333266623865","building_id":"fe6b3421-5a36-4183-a36c-b74ee890eba2","height":25,"min_height":0},"geometry":{"type":"Polygon","coordinates":[[[-74.0046626329422,40.72223388574861],[-74.00472700595856,40.72226234488462],[-74.00484502315521,40.72212818027963],[-74.00477528572083,40.722095655486186],[-74.0046626329422,40.72223388574861]]]}},{"type":"Feature","properties":{"id":"30613665-6264-3835-A563-623637353932","building_id":"cb7bb6f9-997b-4e26-bdde-a25db2b6682f","height":5,"min_height":0},"geometry":{"type":"Polygon","coordinates":[[[-74.0048611164093,40.72930763943154],[-74.00487184524536,40.72932390006806],[-74.00478601455688,40.7293523561724],[-74.00477528572083,40.729336095542834],[-74.00472700595856,40.7293523561724],[-74.00480210781097,40.729482441065855],[-74.00499522686005,40.72942146380371],[-74.00502741336823,40.72922227102464],[-74.00485038757324,40.72917755419637],[-74.0049147605896,40.72929137879106],[-74.0048611164093,40.72930763943154]]]}},{"type":"Feature","properties":{"id":"62393635-3963-3761-B630-343966613937","building_id":"96ef8578-bc04-42a3-b4e5-c78683d6feec","height":39.4,"min_height":0},"geometry":{"type":"Polygon","coordinates":[[[-74.00968372821808,40.725941602132615],[-74.00968909263611,40.725909079202665],[-74.00956571102142,40.72589688309985],[-74.00960326194763,40.725693614390316],[-74.0095603466034,40.7256895490098],[-74.00951743125916,40.725925340669626],[-74.00968372821808,40.725941602132615]]]}},{"type":"Feature","properties":{"id":"64616166-3138-3236-B863-656266643331","building_id":"16308905-6557-4eb1-a3a2-8c5f9276710c","height":53.5,"min_height":0},"geometry":{"type":"Polygon","coordinates":[[[-74.00790810585022,40.72803116706638],[-74.00791347026825,40.72801084087527],[-74.00761306285858,40.727982384197254],[-74.00760769844055,40.728002710397085],[-74.00790810585022,40.72803116706638]]]}},{"type":"Feature","properties":{"id":"30643031-3939-3235-A265-646232353261","building_id":"e043500e-cbf2-4bcc-8336-5e02c92e29cb","height":30,"min_height":0},"geometry":{"type":"Polygon","coordinates":[[[-74.00771498680115,40.72914503284784],[-74.00791883468628,40.72916129352408],[-74.00793492794037,40.72906372940698],[-74.00773108005524,40.729043403531264],[-74.00771498680115,40.72914503284784]]]}},{"type":"Feature","properties":{"id":"30363665-6436-3163-B735-373661623230","building_id":"fe6b3421-5a36-4183-a36c-b74ee890eba2","height":47,"min_height":0},"geometry":{"type":"Polygon","coordinates":[[[-74.004265666008,40.72206719627888],[-74.00420665740967,40.722136311475516],[-74.00438368320465,40.72221762337968],[-74.00443196296692,40.72215663946088],[-74.00428175926208,40.72208752428535],[-74.00428712368011,40.7220793930835],[-74.004265666008,40.72206719627888]]]}},{"type":"Feature","properties":{"id":"32613136-3432-3139-A330-616666643662","building_id":"adfdd3bc-d3d7-4ae2-b94e-dcfa3a8092f0","height":70,"min_height":66},"geometry":{"type":"Polygon","coordinates":[[[-74.00582134723663,40.72760431574894],[-74.00582134723663,40.72758398942745],[-74.00581061840057,40.7275799241624],[-74.00579452514648,40.72758398942745],[-74.00579452514648,40.72760431574894],[-74.00581061840057,40.72760838101251],[-74.00582134723663,40.72760431574894]]]}},{"type":"Feature","properties":{"id":"61306632-3231-3163-A136-353232623565","building_id":"44c159f8-4162-422f-99e1-b573e0bae6b4","height":22,"min_height":0},"geometry":{"type":"Polygon","coordinates":[[[-74.00395452976227,40.72947837591679],[-74.00398135185242,40.729519027396314],[-74.0040135383606,40.729506831955064],[-74.00399208068848,40.729466180468066],[-74.00395452976227,40.72947837591679]]]}},{"type":"Feature","properties":{"id":"31663130-3431-3135-B062-343164356562","building_id":"fe40fa3c-d4ec-4a85-b27f-f3c934f754ce","height":21.5,"min_height":0},"geometry":{"type":"Polygon","coordinates":[[[-74.00553166866302,40.72467726153008],[-74.00554239749908,40.724620345310996],[-74.00549948215485,40.724616279864904],[-74.00549948215485,40.724640672537674],[-74.00546193122864,40.72463660709283],[-74.00546193122864,40.72465693431457],[-74.00548338890076,40.724660999758164],[-74.00548338890076,40.724673196087465],[-74.00553166866302,40.72467726153008]]]}},{"type":"Feature","properties":{"id":"66363330-6330-3365-A432-653565373939","building_id":"fe6b3421-5a36-4183-a36c-b74ee890eba2","height":47,"min_height":0},"geometry":{"type":"Polygon","coordinates":[[[-74.00440514087677,40.72189644077952],[-74.00443196296692,40.72190863761542],[-74.00443732738495,40.721904572003695],[-74.00458216667175,40.72197368736919],[-74.00463581085205,40.72191270322689],[-74.0044641494751,40.72182732533379],[-74.00440514087677,40.72189644077952]]]}},{"type":"Feature","properties":{"id":"61306364-3135-3234-A138-366265366634","building_id":"b9ae7c66-3213-4dda-9ea5-b52564c20717","height":25.5,"min_height":23.7},"geometry":{"type":"Polygon","coordinates":[[[-74.00882542133331,40.7265026201725],[-74.00883078575134,40.72647009751671],[-74.00875568389893,40.72646196685029],[-74.0087503194809,40.726494489510046],[-74.00882542133331,40.7265026201725]]]}},{"type":"Feature","properties":{"id":"31306531-6263-3130-B637-336438323531","building_id":"51811b84-9d3d-4947-bd05-4993d4283e21","height":7,"min_height":0},"geometry":{"type":"Polygon","coordinates":[[[-74.00930285453796,40.72859216749113],[-74.0087878704071,40.7285393198268],[-74.00875568389893,40.728710058283376],[-74.00882542133331,40.72871818867514],[-74.00883078575134,40.72884827480831],[-74.0091472864151,40.728880796301866],[-74.0092009305954,40.728758840619065],[-74.00927066802979,40.72876697100488],[-74.00930285453796,40.72859216749113]]]}},{"type":"Feature","properties":{"id":"62363337-6263-3732-B835-303933656635","building_id":"16308905-6557-4eb1-a3a2-8c5f9276710c","height":60,"min_height":57.6},"geometry":{"type":"Polygon","coordinates":[[[-74.00767743587494,40.72747829245552],[-74.00768280029297,40.72745796609554],[-74.00766670703888,40.72745796609554],[-74.00766134262085,40.72747829245552],[-74.00767743587494,40.72747829245552]]]}},{"type":"Feature","properties":{"id":"38343939-3366-3666-B732-306533396636","building_id":"fe40fa3c-d4ec-4a85-b27f-f3c934f754ce","height":19.3,"min_height":0},"geometry":{"type":"Polygon","coordinates":[[[-74.00544583797455,40.72465693431457],[-74.00546193122864,40.72465693431457],[-74.00546193122864,40.72463660709283],[-74.00549948215485,40.724640672537674],[-74.00549948215485,40.724616279864904],[-74.00554239749908,40.724620345310996],[-74.00556921958923,40.724445530905136],[-74.00548338890076,40.72443739999137],[-74.00544583797455,40.72465693431457]]]}},{"type":"Feature","properties":{"id":"65306237-3536-3730-B030-636431663462","building_id":"a2e8032c-c274-49a1-9f08-98a75b7c5f9f","height":11,"min_height":0},"geometry":{"type":"Polygon","coordinates":[[[-74.00436758995056,40.729332030384825],[-74.00438368320465,40.7293523561724],[-74.00445342063904,40.72932796522657],[-74.00443732738495,40.72930763943154],[-74.00436758995056,40.729332030384825]]]}},{"type":"Feature","properties":{"id":"63386166-3365-3339-A163-623231653238","building_id":"ee771b07-d64c-4af5-a62d-37c01f19ca90","height":55.5,"min_height":52.3},"geometry":{"type":"Polygon","coordinates":[[[-74.00488257408142,40.728360450497675],[-74.00488793849945,40.728319798310366],[-74.0045017004013,40.72828321132057],[-74.00449633598328,40.72832386353022],[-74.00488257408142,40.728360450497675]]]}},{"type":"Feature","properties":{"id":"63313835-6362-3836-B662-303330623532","building_id":"b4a262ba-545a-404d-b757-6c752f5d8bde","height":67,"min_height":60.7},"geometry":{"type":"Polygon","coordinates":[[[-74.0056174993515,40.728364515715036],[-74.00570333003998,40.72837264614904],[-74.00573015213013,40.72818158068777],[-74.00564968585968,40.72817345023044],[-74.0056174993515,40.728364515715036]]]}},{"type":"Feature","properties":{"id":"39336166-3261-3461-B731-303939313532","building_id":"16308905-6557-4eb1-a3a2-8c5f9276710c","height":37,"min_height":0},"geometry":{"type":"Polygon","coordinates":[[[-74.00806367397308,40.72799457991789],[-74.00805830955505,40.728047428014825],[-74.00826215744019,40.72806368895929],[-74.00827288627625,40.72801490611399],[-74.00806367397308,40.72799457991789]]]}},{"type":"Feature","properties":{"id":"35383531-6266-3461-B337-363234626161","building_id":"df1a2737-8892-4c9b-ac60-92d947753f12","height":15,"min_height":0},"geometry":{"type":"Polygon","coordinates":[[[-74.0042495727539,40.729218205859674],[-74.00416910648346,40.72924259684574],[-74.00429785251617,40.729466180468066],[-74.00433003902435,40.72945398501714],[-74.00431394577026,40.729425528956256],[-74.00436758995056,40.72940926834458],[-74.00438368320465,40.7294336592606],[-74.00442123413086,40.72942146380371],[-74.00439977645874,40.72938081226458],[-74.0043032169342,40.729413333497874],[-74.00429785251617,40.72940926834458],[-74.00428712368011,40.729413333497874],[-74.00423347949982,40.72931576975031],[-74.00423884391785,40.729311704591034],[-74.00423884391785,40.72930763943154],[-74.00429248809814,40.72928731363032],[-74.0042495727539,40.729218205859674]]]}},{"type":"Feature","properties":{"id":"63373733-3937-3837-B130-393337396161","building_id":"fe6b3421-5a36-4183-a36c-b74ee890eba2","height":5,"min_height":0},"geometry":{"type":"Polygon","coordinates":[[[-74.00467872619629,40.72231519753355],[-74.00472700595856,40.72226234488462],[-74.00448560714722,40.72214850826749],[-74.0044641494751,40.722172901844694],[-74.00459289550781,40.72223388574861],[-74.00456607341766,40.72226234488462],[-74.00467872619629,40.72231519753355]]]}},{"type":"Feature","properties":{"id":"64623531-6436-3835-B763-353831393730","building_id":"e4308937-9a4a-44b8-9b46-db94e134a747","height":28,"min_height":0},"geometry":{"type":"Polygon","coordinates":[[[-74.00520443916321,40.72449431636692],[-74.00511860847473,40.72448618545909],[-74.00510787963867,40.72452683998823],[-74.00519907474518,40.72453497089108],[-74.00520443916321,40.72449431636692]]]}},{"type":"Feature","properties":{"id":"61303264-3134-3331-B131-383237303538","building_id":"16308905-6557-4eb1-a3a2-8c5f9276710c","height":53.5,"min_height":0},"geometry":{"type":"Polygon","coordinates":[[[-74.00747358798981,40.72744170500306],[-74.00746285915375,40.72749048826856],[-74.00753259658813,40.72749861880932],[-74.00753796100616,40.72744577027655],[-74.00747358798981,40.72744170500306]]]}},{"type":"Feature","properties":{"id":"61306638-3164-3636-B765-316331626266","building_id":"e4308937-9a4a-44b8-9b46-db94e134a747","height":28,"min_height":0},"geometry":{"type":"Polygon","coordinates":[[[-74.00509715080261,40.724774832078154],[-74.00503814220428,40.724766701204615],[-74.00503277778625,40.72480735556239],[-74.00509178638458,40.7248114209968],[-74.00509715080261,40.724774832078154]]]}},{"type":"Feature","properties":{"id":"64346264-3462-3439-B531-303363393263","building_id":"16308905-6557-4eb1-a3a2-8c5f9276710c","height":61.8,"min_height":0},"geometry":{"type":"Polygon","coordinates":[[[-74.00827288627625,40.72801490611399],[-74.00827288627625,40.72799457991789],[-74.00798857212067,40.72796612323293],[-74.00798320770264,40.72798644943772],[-74.00827288627625,40.72801490611399]]]}},{"type":"Feature","properties":{"id":"36656536-3033-3964-A539-323138653936","building_id":"3d217df5-1255-4552-a420-2f3e31d9cf3e","height":88,"min_height":76},"geometry":{"type":"Polygon","coordinates":[[[-74.00805830955505,40.72855558065107],[-74.00815486907959,40.72856777626666],[-74.00818169116974,40.72843768958515],[-74.00807976722717,40.728429559159096],[-74.00805830955505,40.72855558065107]]]}},{"type":"Feature","properties":{"id":"34353534-3238-3431-B431-626432353131","building_id":"54a82a64-3a26-4d4b-aba4-cdcfd00be503","height":46,"min_height":35.4},"geometry":{"type":"Polygon","coordinates":[[[-74.00790274143219,40.73010847105884],[-74.00791347026825,40.730088145502236],[-74.00790274143219,40.73007188505246],[-74.00788128376007,40.73006781993941],[-74.00785982608795,40.73007188505246],[-74.00784909725189,40.73009627572562],[-74.00785982608795,40.73010847105884],[-74.00788128376007,40.73011253616943],[-74.00790274143219,40.73010847105884]]]}},{"type":"Feature","properties":{"id":"61303266-3666-3332-B737-336233663962","building_id":"16308905-6557-4eb1-a3a2-8c5f9276710c","height":57.6,"min_height":0},"geometry":{"type":"Polygon","coordinates":[[[-74.00743067264557,40.72784010062468],[-74.0074360370636,40.727819774375206],[-74.00740921497345,40.727819774375206],[-74.00740921497345,40.72784010062468],[-74.00743067264557,40.72784010062468]]]}},{"type":"Feature","properties":{"id":"36633463-3664-3461-B237-363039663264","building_id":"e043500e-cbf2-4bcc-8336-5e02c92e29cb","height":38.5,"min_height":0},"geometry":{"type":"Polygon","coordinates":[[[-74.00810122489929,40.72895803478538],[-74.00723218917847,40.72887266592997],[-74.00714099407196,40.729417398650924],[-74.00801539421082,40.72950276680749],[-74.00810122489929,40.72895803478538]]]}},{"type":"Feature","properties":{"id":"64636233-6165-3239-A266-353635623935","building_id":"de39b283-1f9f-45bc-a5a9-4053fd94317f","height":54,"min_height":48},"geometry":{"type":"Polygon","coordinates":[[[-74.00472164154053,40.7232706035662],[-74.00429785251617,40.7230632612945],[-74.00421738624573,40.72314863760225],[-74.00420665740967,40.72314457206626],[-74.00407254695892,40.723303127785506],[-74.00408327579498,40.72331125883784],[-74.00402963161469,40.723372241698755],[-74.00420665740967,40.72340070034806],[-74.00420129299164,40.723421027947246],[-74.00444805622101,40.723465748643626],[-74.00445342063904,40.723445421058074],[-74.00463581085205,40.72348201070757],[-74.00472164154053,40.7232706035662]]]}},{"type":"Feature","properties":{"id":"32643466-6462-3463-B637-653234623666","building_id":"7b618921-68a9-4d90-b415-3621ca1a123f","height":21,"min_height":0},"geometry":{"type":"Polygon","coordinates":[[[-74.00458216667175,40.72293722940197],[-74.00462508201599,40.72288844279883],[-74.00447487831116,40.72281526282711],[-74.00436758995056,40.72294129495061],[-74.00449633598328,40.72300227815049],[-74.00453925132751,40.72295349159505],[-74.00451242923737,40.72293722940197],[-74.00452852249146,40.722916901655005],[-74.00453925132751,40.722916901655005],[-74.00458216667175,40.72293722940197]]]}},{"type":"Feature","properties":{"id":"33643332-3061-3130-B338-356162303432","building_id":"e2929cfa-ce0e-4e3f-be3f-2da697966cd4","height":58,"min_height":0},"geometry":{"type":"Polygon","coordinates":[[[-74.00573015213013,40.729084055276516],[-74.00575160980225,40.72896209996623],[-74.00569796562195,40.72895396960427],[-74.00567650794983,40.72907592492946],[-74.00573015213013,40.729084055276516]]]}},{"type":"Feature","properties":{"id":"62343064-3636-3132-A561-396235393534","building_id":"92b9023a-e19d-4834-9db7-5a38ecc45c82","height":32.2,"min_height":0},"geometry":{"type":"Polygon","coordinates":[[[-74.00663673877716,40.72694573977406],[-74.00659918785095,40.72716526582317],[-74.00716781616211,40.727218114578704],[-74.00725364685059,40.72667336385463],[-74.00668501853943,40.72662051466649],[-74.00665283203125,40.726835976477936],[-74.0068781375885,40.726856303027915],[-74.00688886642456,40.726779062104974],[-74.00706589221954,40.72679532335936],[-74.0070229768753,40.727063633483056],[-74.00684595108032,40.72704737229422],[-74.00686204433441,40.72697013159306],[-74.00663673877716,40.72694573977406]]]}},{"type":"Feature","properties":{"id":"37383039-6161-3562-B238-646234353733","building_id":"cb7bb6f9-997b-4e26-bdde-a25db2b6682f","height":36,"min_height":0},"geometry":{"type":"Polygon","coordinates":[[[-74.00472700595856,40.7293523561724],[-74.00478065013885,40.729332030384825],[-74.0047538280487,40.72927918330807],[-74.00470018386841,40.72929544395155],[-74.00472700595856,40.7293523561724]]]}},{"type":"Feature","properties":{"id":"38656231-6333-3165-A263-313966646334","building_id":"e043500e-cbf2-4bcc-8336-5e02c92e29cb","height":43,"min_height":38.5},"geometry":{"type":"Polygon","coordinates":[[[-74.00764524936676,40.72944991986633],[-74.00765061378479,40.7293970728832],[-74.00752186775208,40.729384877419605],[-74.00751113891602,40.72943772441242],[-74.00764524936676,40.72944991986633]]]}},{"type":"Feature","properties":{"id":"34613362-3935-3735-B437-653163306232","building_id":"2f08dbd8-ee93-466e-92f6-ac10189f41c3","height":62,"min_height":53},"geometry":{"type":"Polygon","coordinates":[[[-74.00731265544891,40.72490899134819],[-74.00740921497345,40.72491712220434],[-74.0074360370636,40.72477889751455],[-74.00733411312103,40.72477076664151],[-74.00731265544891,40.72490899134819]]]}},{"type":"Feature","properties":{"id":"34656532-3338-3133-B065-343334303962","building_id":"a6753bc8-3a7e-4fe3-a99b-2e99915f3d0a","height":74.8,"min_height":68},"geometry":{"type":"Polygon","coordinates":[[[-74.00697469711304,40.72343729002214],[-74.00704443454742,40.723380372742646],[-74.0068781375885,40.72325840697985],[-74.00680840015411,40.72331532436364],[-74.00697469711304,40.72343729002214]]]}},{"type":"Feature","properties":{"id":"36636435-3434-3230-B536-383137373437","building_id":"e2929cfa-ce0e-4e3f-be3f-2da697966cd4","height":50.4,"min_height":0},"geometry":{"type":"Polygon","coordinates":[[[-74.00554239749908,40.72926698782287],[-74.00583744049072,40.72929544395155],[-74.00584280490875,40.72928324846931],[-74.00554239749908,40.72925479233543],[-74.00554239749908,40.72926698782287]]]}},{"type":"Feature","properties":{"id":"62353666-3065-3634-B962-393737336239","building_id":"286220b1-0054-4de3-b567-71170158c956","height":3,"min_height":0},"geometry":{"type":"Polygon","coordinates":[[[-74.00358974933624,40.72813686316017],[-74.00361120700836,40.7280067756363],[-74.00356829166412,40.728002710397085],[-74.0035629272461,40.72805149325131],[-74.00353610515594,40.72805149325131],[-74.00352537631989,40.72809621083628],[-74.00355219841003,40.72810027606979],[-74.003546833992,40.7281327979289],[-74.00358974933624,40.72813686316017]]]}},{"type":"Feature","properties":{"id":"64343733-3834-3735-B432-663534316137","building_id":"16308905-6557-4eb1-a3a2-8c5f9276710c","height":60,"min_height":57.6},"geometry":{"type":"Polygon","coordinates":[[[-74.00759696960449,40.727982384197254],[-74.0075808763504,40.727982384197254],[-74.00757551193237,40.7279986451576],[-74.00759160518646,40.728002710397085],[-74.00759696960449,40.727982384197254]]]}},{"type":"Feature","properties":{"id":"61663963-3932-3963-B763-396430383063","building_id":"92b9023a-e19d-4834-9db7-5a38ecc45c82","height":66,"min_height":32.2},"geometry":{"type":"Polygon","coordinates":[[[-74.00711953639984,40.72703924169832],[-74.00715172290802,40.726835976477936],[-74.0070766210556,40.726827845856214],[-74.00704443454742,40.72703111110143],[-74.00711953639984,40.72703924169832]]]}},{"type":"Feature","properties":{"id":"66393737-6165-3561-B639-363165356338","building_id":"9a68b5fc-d4e4-4b56-ae2c-d292a74a1afe","height":6,"min_height":0},"geometry":{"type":"Polygon","coordinates":[[[-74.00566577911377,40.72362836910441],[-74.00571942329407,40.72363243461084],[-74.00579988956451,40.72316489974368],[-74.00574624538422,40.72315676867346],[-74.00566577911377,40.72362836910441]]]}},{"type":"Feature","properties":{"id":"31613031-3632-3465-B435-626631633238","building_id":"a2e8032c-c274-49a1-9f08-98a75b7c5f9f","height":15.8,"min_height":0},"geometry":{"type":"Polygon","coordinates":[[[-74.00429248809814,40.72920194519734],[-74.00431394577026,40.72924259684574],[-74.00438904762268,40.729218205859674],[-74.00436758995056,40.72918161936382],[-74.00429248809814,40.72920194519734]]]}},{"type":"Feature","properties":{"id":"35393739-3264-3338-B431-393039396664","building_id":"16308905-6557-4eb1-a3a2-8c5f9276710c","height":57.6,"min_height":0},"geometry":{"type":"Polygon","coordinates":[[[-74.00759696960449,40.727982384197254],[-74.0075808763504,40.727982384197254],[-74.00757551193237,40.7279986451576],[-74.00760769844055,40.728002710397085],[-74.00761306285858,40.727982384197254],[-74.00759696960449,40.727982384197254]]]}},{"type":"Feature","properties":{"id":"34316431-3132-3264-B133-316431633862","building_id":"ee771b07-d64c-4af5-a62d-37c01f19ca90","height":48,"min_height":0},"geometry":{"type":"Polygon","coordinates":[[[-74.00463581085205,40.728397037445006],[-74.00463581085205,40.728388907014015],[-74.00435149669647,40.728360450497675],[-74.00435149669647,40.72836858093215],[-74.00463581085205,40.728397037445006]]]}},{"type":"Feature","properties":{"id":"62643730-6163-3238-A534-616538663263","building_id":"b4a262ba-545a-404d-b757-6c752f5d8bde","height":68,"min_height":64},"geometry":{"type":"Polygon","coordinates":[[[-74.0060144662857,40.72834012440714],[-74.00602519512177,40.72827508087564],[-74.00586426258087,40.72825881998285],[-74.00584816932678,40.72832386353022],[-74.0060144662857,40.72834012440714]]]}},{"type":"Feature","properties":{"id":"35643039-6632-3266-B139-353365356563","building_id":"51811b84-9d3d-4947-bd05-4993d4283e21","height":15.3,"min_height":0},"geometry":{"type":"Polygon","coordinates":[[[-74.00940477848053,40.72623024243945],[-74.00938868522644,40.726340006734645],[-74.00943696498871,40.72634407207543],[-74.00942623615265,40.72640505215747],[-74.0094530582428,40.72640911749427],[-74.00946378707886,40.72634813741597],[-74.00951743125916,40.72635220275625],[-74.00953352451324,40.7262424384812],[-74.00940477848053,40.72623024243945]]]}},{"type":"Feature","properties":{"id":"35306162-3432-3134-B663-633566636138","building_id":"96ef8578-bc04-42a3-b4e5-c78683d6feec","height":39.4,"min_height":0},"geometry":{"type":"Polygon","coordinates":[[[-74.00977492332458,40.72585216403701],[-74.00981783866882,40.7258562294076],[-74.009850025177,40.7256895490098],[-74.00980710983276,40.72568548362903],[-74.00977492332458,40.72585216403701]]]}},{"type":"Feature","properties":{"id":"64616237-3535-3935-A562-346530303966","building_id":"24d93e6c-0afd-408a-b2d7-6cce511f5068","height":35.5,"min_height":0},"geometry":{"type":"Polygon","coordinates":[[[-74.0077954530716,40.72994180131132],[-74.0075272321701,40.729913345459046],[-74.00748431682587,40.73018570811736],[-74.00775253772736,40.7302100987488],[-74.0077954530716,40.72994180131132]]]}},{"type":"Feature","properties":{"id":"64633835-6533-3933-A264-363761333034","building_id":"a6753bc8-3a7e-4fe3-a99b-2e99915f3d0a","height":32,"min_height":0},"geometry":{"type":"Polygon","coordinates":[[[-74.00723218917847,40.723786923671135],[-74.00724291801453,40.72373813769084],[-74.00656163692474,40.72367308966148],[-74.00655090808868,40.72372187568945],[-74.00723218917847,40.723786923671135]]]}},{"type":"Feature","properties":{"id":"32343765-3330-3130-A237-663763363530","building_id":"e043500e-cbf2-4bcc-8336-5e02c92e29cb","height":43,"min_height":38.5},"geometry":{"type":"Polygon","coordinates":[[[-74.00798320770264,40.72901901247218],[-74.00807440280914,40.72903120800283],[-74.00807976722717,40.7289824258668],[-74.00798857212067,40.728974295507314],[-74.00798320770264,40.72901901247218]]]}},{"type":"Feature","properties":{"id":"31333862-3765-3833-A132-643365643331","building_id":"92b9023a-e19d-4834-9db7-5a38ecc45c82","height":66,"min_height":50},"geometry":{"type":"Polygon","coordinates":[[[-74.00703370571136,40.72709615584878],[-74.00708734989166,40.72676280084662],[-74.00666892528534,40.72672621300079],[-74.00665283203125,40.726835976477936],[-74.0068781375885,40.726856303027915],[-74.00686204433441,40.72697013159306],[-74.00663673877716,40.72694573977406],[-74.00661528110504,40.72705956818622],[-74.00703370571136,40.72709615584878]]]}},{"type":"Feature","properties":{"id":"37393839-6536-3161-A164-353333313030","building_id":"a6753bc8-3a7e-4fe3-a99b-2e99915f3d0a","height":70,"min_height":66},"geometry":{"type":"Polygon","coordinates":[[[-74.00692641735077,40.72355518994623],[-74.0069317817688,40.72351860033697],[-74.00664210319519,40.72349014173808],[-74.00663673877716,40.72352673136298],[-74.00692641735077,40.72355518994623]]]}},{"type":"Feature","properties":{"id":"61643633-6436-3663-A463-666265643765","building_id":"01d018bb-0e94-45d2-89ea-e05df2833c69","height":11,"min_height":0},"geometry":{"type":"Polygon","coordinates":[[[-74.00428712368011,40.72961659084587],[-74.0043032169342,40.72964098168592],[-74.00439977645874,40.72961252570501],[-74.00434076786041,40.72951496224948],[-74.0043193101883,40.729523092542905],[-74.0043032169342,40.72949057136324],[-74.00426030158997,40.729506831955064],[-74.00427639484406,40.72953122283534],[-74.0043032169342,40.729523092542905],[-74.00434613227844,40.72958406971191],[-74.00432467460632,40.72959219999691],[-74.00433003902435,40.72960033028089],[-74.00428712368011,40.72961659084587]]]}},{"type":"Feature","properties":{"id":"37303131-6164-3934-B932-346137653564","building_id":"16308905-6557-4eb1-a3a2-8c5f9276710c","height":57.6,"min_height":0},"geometry":{"type":"Polygon","coordinates":[[[-74.00746822357178,40.72760838101251],[-74.00747358798981,40.72758805469224],[-74.00744676589966,40.72758398942745],[-74.00744676589966,40.72760431574894],[-74.00746822357178,40.72760838101251]]]}},{"type":"Feature","properties":{"id":"33386163-3464-3832-A564-313233643864","building_id":"96ef8578-bc04-42a3-b4e5-c78683d6feec","height":28.7,"min_height":0},"geometry":{"type":"Polygon","coordinates":[[[-74.00968372821808,40.725941602132615],[-74.00972127914429,40.72594566749774],[-74.00972664356232,40.72591314456978],[-74.00968909263611,40.725909079202665],[-74.00968372821808,40.725941602132615]]]}},{"type":"Feature","properties":{"id":"63646135-3838-3966-B761-313236613337","building_id":"ee771b07-d64c-4af5-a62d-37c01f19ca90","height":60.5,"min_height":55.5},"geometry":{"type":"Polygon","coordinates":[[[-74.00466799736023,40.728331993969164],[-74.00467872619629,40.728319798310366],[-74.00467336177826,40.72830760264933],[-74.00465190410614,40.728295406986064],[-74.00463044643402,40.72830353742849],[-74.00462508201599,40.728315733090284],[-74.00463044643402,40.728331993969164],[-74.00465190410614,40.72834012440714],[-74.00466799736023,40.728331993969164]]]}},{"type":"Feature","properties":{"id":"66393633-3736-3033-A433-623338663361","building_id":"c709420c-6c5b-44fc-9afc-d0b51762c5c1","height":42.5,"min_height":39},"geometry":{"type":"Polygon","coordinates":[[[-74.0066796541214,40.727409182806205],[-74.00660991668701,40.72784010062468],[-74.0069854259491,40.727876687858114],[-74.00705516338348,40.72744577027655],[-74.0066796541214,40.727409182806205]]]}},{"type":"Feature","properties":{"id":"33376332-6565-3230-A564-616365316361","building_id":"9a68b5fc-d4e4-4b56-ae2c-d292a74a1afe","height":28,"min_height":0},"geometry":{"type":"Polygon","coordinates":[[[-74.00528490543365,40.72344948657568],[-74.00511860847473,40.72343729002214],[-74.00505423545837,40.72356738647817],[-74.00566577911377,40.72362836910441],[-74.00568723678589,40.72349827276758],[-74.00562822818756,40.72349420725294],[-74.0056174993515,40.7235470589237],[-74.0052741765976,40.7235145348236],[-74.00528490543365,40.72344948657568]]]}},{"type":"Feature","properties":{"id":"35393836-3032-3033-B765-393731383632","building_id":"96ef8578-bc04-42a3-b4e5-c78683d6feec","height":10.8,"min_height":0},"geometry":{"type":"Polygon","coordinates":[[[-74.00972664356232,40.72591314456978],[-74.00972127914429,40.72594566749774],[-74.00980174541473,40.725953798227245],[-74.00980710983276,40.72592127530326],[-74.00972664356232,40.72591314456978]]]}},{"type":"Feature","properties":{"id":"31306636-3363-3535-A332-643936326536","building_id":"286220b1-0054-4de3-b567-71170158c956","height":11,"min_height":0},"geometry":{"type":"Polygon","coordinates":[[[-74.003546833992,40.7281327979289],[-74.00355219841003,40.72810027606979],[-74.00352537631989,40.72809621083628],[-74.00353610515594,40.72805149325131],[-74.0035629272461,40.72805149325131],[-74.00356829166412,40.728002710397085],[-74.00334298610687,40.72797831895655],[-74.0033483505249,40.72793360129236],[-74.00327324867249,40.727925470804735],[-74.00324642658234,40.72810840653605],[-74.003546833992,40.7281327979289]]]}},{"type":"Feature","properties":{"id":"32393933-6662-3135-B064-323232633239","building_id":"fec25742-35c1-4d66-b7df-f7c5f12dbba6","height":19,"min_height":0},"geometry":{"type":"Polygon","coordinates":[[[-74.00548338890076,40.72443739999137],[-74.00539219379425,40.72442926907659],[-74.00538682937622,40.724465858185226],[-74.00547802448273,40.72447398909552],[-74.00548338890076,40.72443739999137]]]}},{"type":"Feature","properties":{"id":"34383965-6435-3564-A333-376132356463","building_id":"f16bb9af-7035-423f-8f59-f3f38112373c","height":4,"min_height":0},"geometry":{"type":"Polygon","coordinates":[[[-74.00495767593384,40.72910844631175],[-74.00492012500763,40.72912470699694],[-74.00496304035187,40.72919788003113],[-74.00497913360596,40.72920194519734],[-74.00495767593384,40.72910844631175]]]}},{"type":"Feature","properties":{"id":"38383637-3937-3362-B039-313137643635","building_id":"56ffc832-0ae9-4437-87c1-fa335a42949f","height":4,"min_height":0},"geometry":{"type":"Polygon","coordinates":[[[-74.00416374206543,40.72960846056388],[-74.00420129299164,40.72967350279206],[-74.00422275066376,40.729669437654664],[-74.00418519973755,40.72960033028089],[-74.00416374206543,40.72960846056388]]]}},{"type":"Feature","properties":{"id":"65366232-3230-3364-A537-643030333137","building_id":"b51ccc19-f915-4022-9854-2c3171997be1","height":66,"min_height":0},"geometry":{"type":"Polygon","coordinates":[[[-74.01008069515228,40.728697862693856],[-74.01028454303741,40.72806368895929],[-74.0102630853653,40.72773440405956],[-74.00997877120972,40.72770188200575],[-74.00989294052124,40.72786042686796],[-74.009850025177,40.728088080368515],[-74.00993049144745,40.72810027606979],[-74.00990903377533,40.7281937763719],[-74.00983393192291,40.72818564591608],[-74.00977492332458,40.72850273295769],[-74.00979101657867,40.72866940630963],[-74.01008069515228,40.728697862693856]]]}},{"type":"Feature","properties":{"id":"31636539-3039-3261-B537-323935373633","building_id":"737f687a-a53e-4022-b981-12dd4abab3ea","height":5.6,"min_height":0},"geometry":{"type":"Polygon","coordinates":[[[-74.00612711906433,40.72784416587384],[-74.00616466999054,40.72784823112273],[-74.00620758533478,40.7275799241624],[-74.0060305595398,40.72756366309972],[-74.00602519512177,40.72760025048514],[-74.00616466999054,40.72761244627581],[-74.00612711906433,40.72784416587384]]]}},{"type":"Feature","properties":{"id":"38623964-3636-3363-B538-356135323831","building_id":"92b9023a-e19d-4834-9db7-5a38ecc45c82","height":46,"min_height":32.2},"geometry":{"type":"Polygon","coordinates":[[[-74.00661528110504,40.72705956818622],[-74.00660991668701,40.72711241702567],[-74.00712490081787,40.72716120053256],[-74.00715172290802,40.7269945234031],[-74.00663673877716,40.72694573977406],[-74.00661528110504,40.72705956818622]]]}},{"type":"Feature","properties":{"id":"61356237-3232-3461-A362-353231303630","building_id":"adfdd3bc-d3d7-4ae2-b94e-dcfa3a8092f0","height":66,"min_height":63},"geometry":{"type":"Polygon","coordinates":[[[-74.00583744049072,40.72762057680167],[-74.00584816932678,40.727559597833434],[-74.00583207607269,40.7275555325669],[-74.00583744049072,40.72753520623049],[-74.00574088096619,40.7275270756942],[-74.0057247877121,40.72760838101251],[-74.00583744049072,40.72762057680167]]]}},{"type":"Feature","properties":{"id":"36643439-3431-3633-B461-393562646662","building_id":"a6753bc8-3a7e-4fe3-a99b-2e99915f3d0a","height":70,"min_height":66},"geometry":{"type":"Polygon","coordinates":[[[-74.00704979896545,40.72353079687562],[-74.00706052780151,40.72348201070757],[-74.00665819644928,40.723197424014636],[-74.00662064552307,40.72322588273869],[-74.00657773017883,40.72348607622296],[-74.00704979896545,40.72353079687562]]]}},{"type":"Feature","properties":{"id":"62613664-3863-3966-A362-383264383937","building_id":"c709420c-6c5b-44fc-9afc-d0b51762c5c1","height":45,"min_height":42.5},"geometry":{"type":"Polygon","coordinates":[[[-74.0067708492279,40.72771814303464],[-74.00677621364594,40.72767749045495],[-74.00671720504761,40.727673425195626],[-74.00671184062958,40.72771407777779],[-74.0067708492279,40.72771814303464]]]}},{"type":"Feature","properties":{"id":"30613266-3966-3363-B163-343238636164","building_id":"3d217df5-1255-4552-a420-2f3e31d9cf3e","height":76,"min_height":72},"geometry":{"type":"Polygon","coordinates":[[[-74.00745213031769,40.72858403708397],[-74.00831043720245,40.7286653411109],[-74.0083372592926,40.728657210712676],[-74.00834798812866,40.72864094991324],[-74.00838553905487,40.72840516787504],[-74.00837481021881,40.72838484179814],[-74.00835335254669,40.72837264614904],[-74.00748431682587,40.72829134176448],[-74.00745749473572,40.728319798310366],[-74.00741994380951,40.72855151544536],[-74.00743067264557,40.72857184147134],[-74.00745213031769,40.72858403708397]]]}},{"type":"Feature","properties":{"id":"61343166-6236-3132-B334-623565386637","building_id":"ebc15fa4-e6c1-4b6a-b476-d80db7150cf6","height":52,"min_height":48},"geometry":{"type":"Polygon","coordinates":[[[-74.00604128837585,40.72748235772678],[-74.00605201721191,40.727474227184025],[-74.00604665279388,40.727462031368034],[-74.0060305595398,40.727453900822795],[-74.0060144662857,40.72745796609554],[-74.00600373744965,40.72747016191228],[-74.0060144662857,40.72748235772678],[-74.0060305595398,40.7274864229978],[-74.00604128837585,40.72748235772678]]]}},{"type":"Feature","properties":{"id":"36386665-3933-3232-A633-306163316661","building_id":"ee771b07-d64c-4af5-a62d-37c01f19ca90","height":62,"min_height":52.3},"geometry":{"type":"Polygon","coordinates":[[[-74.00488257408142,40.728360450497675],[-74.00490939617157,40.728364515715036],[-74.0049147605896,40.728336059188265],[-74.00488793849945,40.728331993969164],[-74.00488257408142,40.728360450497675]]]}},{"type":"Feature","properties":{"id":"64346164-3933-3838-B761-616437393963","building_id":"ee771b07-d64c-4af5-a62d-37c01f19ca90","height":48,"min_height":0},"geometry":{"type":"Polygon","coordinates":[[[-74.00509178638458,40.7279376665358],[-74.00492012500763,40.72792140556055],[-74.0049147605896,40.72793360129236],[-74.00509178638458,40.72794986226464],[-74.00509178638458,40.7279376665358]]]}},{"type":"Feature","properties":{"id":"32663761-6332-3363-B464-613165326530","building_id":"96ef8578-bc04-42a3-b4e5-c78683d6feec","height":45.3,"min_height":43},"geometry":{"type":"Polygon","coordinates":[[[-74.00972127914429,40.725835902552184],[-74.00973737239838,40.72575052969157],[-74.0096515417099,40.725742398937214],[-74.00963544845581,40.725827771808255],[-74.00972127914429,40.725835902552184]]]}},{"type":"Feature","properties":{"id":"62323038-3762-3266-A464-633666636262","building_id":"3d217df5-1255-4552-a420-2f3e31d9cf3e","height":83,"min_height":76},"geometry":{"type":"Polygon","coordinates":[[[-74.00771498680115,40.728527124206],[-74.00780081748962,40.72853525462011],[-74.0077954530716,40.72855151544536],[-74.00795638561249,40.72856777626666],[-74.00796175003052,40.72854745023942],[-74.00805830955505,40.72855558065107],[-74.00807976722717,40.728429559159096],[-74.00798320770264,40.72842142873208],[-74.00798857212067,40.72840516787504],[-74.00782763957977,40.728388907014015],[-74.00782227516174,40.72840516787504],[-74.00773108005524,40.728397037445006],[-74.00771498680115,40.728527124206]]]}},{"type":"Feature","properties":{"id":"64353133-6264-3762-A333-396438306265","building_id":"16308905-6557-4eb1-a3a2-8c5f9276710c","height":80.9,"min_height":70},"geometry":{"type":"Polygon","coordinates":[[[-74.00807440280914,40.72788481835171],[-74.00807976722717,40.727827904875745],[-74.00784909725189,40.72780757862253],[-74.00784373283386,40.72786449211587],[-74.00807440280914,40.72788481835171]]]}},{"type":"Feature","properties":{"id":"62316261-6437-3635-B439-636237363465","building_id":"9a68b5fc-d4e4-4b56-ae2c-d292a74a1afe","height":28,"min_height":0},"geometry":{"type":"Polygon","coordinates":[[[-74.00532245635986,40.72320555507989],[-74.00566577911377,40.72323807933098],[-74.00566041469574,40.72329499673216],[-74.00571942329407,40.723303127785506],[-74.00574624538422,40.72315676867346],[-74.00533854961395,40.723116113307434],[-74.00532245635986,40.72320555507989]]]}},{"type":"Feature","properties":{"id":"39333638-3861-3537-B039-616633626336","building_id":"16308905-6557-4eb1-a3a2-8c5f9276710c","height":65.9,"min_height":0},"geometry":{"type":"Polygon","coordinates":[[[-74.00758624076843,40.72794986226464],[-74.0074896812439,40.727941731779005],[-74.00747895240784,40.72799051467793],[-74.00757551193237,40.7279986451576],[-74.00758624076843,40.72794986226464]]]}},{"type":"Feature","properties":{"id":"36386438-3262-3330-A533-356136326333","building_id":"a6753bc8-3a7e-4fe3-a99b-2e99915f3d0a","height":45,"min_height":0},"geometry":{"type":"Polygon","coordinates":[[[-74.00642216205597,40.723022605871364],[-74.00633633136749,40.72352266585011],[-74.00641143321991,40.72353079687562],[-74.00649726390839,40.72303073695799],[-74.00642216205597,40.723022605871364]]]}},{"type":"Feature","properties":{"id":"39623065-3732-3432-A261-616663366364","building_id":"a2e8032c-c274-49a1-9f08-98a75b7c5f9f","height":8,"min_height":0},"geometry":{"type":"Polygon","coordinates":[[[-74.00438368320465,40.7293523561724],[-74.00439977645874,40.72938081226458],[-74.00446951389313,40.72935642132917],[-74.00445342063904,40.72932796522657],[-74.00438368320465,40.7293523561724]]]}},{"type":"Feature","properties":{"id":"35306638-3838-3338-A533-646431363932","building_id":"737f687a-a53e-4022-b981-12dd4abab3ea","height":25.6,"min_height":0},"geometry":{"type":"Polygon","coordinates":[[[-74.00612711906433,40.72784416587384],[-74.00616466999054,40.72761244627581],[-74.00602519512177,40.72760025048514],[-74.00601983070374,40.72763683785045],[-74.00566041469574,40.72760431574894],[-74.00562286376953,40.72780757862253],[-74.00612711906433,40.727856361619814],[-74.00612711906433,40.72784416587384]]]}},{"type":"Feature","properties":{"id":"66623032-6465-3465-B665-396335393562","building_id":"a18b4ab7-d96d-496e-8402-c9ba5865b638","height":3.5,"min_height":0},"geometry":{"type":"Polygon","coordinates":[[[-74.00364875793457,40.72834825484409],[-74.00375604629517,40.728360450497675],[-74.00378823280334,40.72815718931281],[-74.00345027446747,40.728124667465615],[-74.00344491004944,40.72816531977213],[-74.00358974933624,40.72817751545922],[-74.00358974933624,40.72818971114411],[-74.00367558002472,40.72819784159945],[-74.00364875793457,40.72834825484409]]]}},{"type":"Feature","properties":{"id":"30313161-3165-3363-A434-613233633235","building_id":"ee771b07-d64c-4af5-a62d-37c01f19ca90","height":52.3,"min_height":0},"geometry":{"type":"Polygon","coordinates":[[[-74.0042120218277,40.72835638528006],[-74.00435149669647,40.72836858093215],[-74.00435149669647,40.728360450497675],[-74.00463581085205,40.728388907014015],[-74.00463044643402,40.72843362437226],[-74.00500059127808,40.728470211279365],[-74.00500059127808,40.72847834170043],[-74.00514006614685,40.72849053733017],[-74.00515615940094,40.72839297222964],[-74.00515079498291,40.728388907014015],[-74.00520443916321,40.72805149325131],[-74.00521516799927,40.72805555848755],[-74.00523126125336,40.72794986226464],[-74.00509178638458,40.7279376665358],[-74.00509178638458,40.72794986226464],[-74.0049147605896,40.72793360129236],[-74.00486648082733,40.72822223295952],[-74.00424420833588,40.72816531977213],[-74.0042120218277,40.72835638528006]]]}},{"type":"Feature","properties":{"id":"63663339-3635-3266-A237-366439386535","building_id":"3d217df5-1255-4552-a420-2f3e31d9cf3e","height":60,"min_height":44},"geometry":{"type":"Polygon","coordinates":[[[-74.00736629962921,40.728628754311075],[-74.00839626789093,40.72872225387065],[-74.00841772556305,40.728701927890604],[-74.00847136974335,40.72835638528006],[-74.0084445476532,40.728336059188265],[-74.00741457939148,40.728238493861255],[-74.00738775730133,40.72825881998285],[-74.00733411312103,40.728600297897295],[-74.00734484195709,40.72862062390838],[-74.00736629962921,40.728628754311075]]]}},{"type":"Feature","properties":{"id":"61663930-6237-3137-B939-626663336562","building_id":"9a68b5fc-d4e4-4b56-ae2c-d292a74a1afe","height":89,"min_height":0},"geometry":{"type":"Polygon","coordinates":[[[-74.00562822818756,40.72349420725294],[-74.00539219379425,40.723469814159984],[-74.00539219379425,40.72346168312701],[-74.00528490543365,40.72344948657568],[-74.0052741765976,40.7235145348236],[-74.0056174993515,40.7235470589237],[-74.00562822818756,40.72349420725294]]]}},{"type":"Feature","properties":{"id":"33353564-3963-3662-B537-376138343530","building_id":"b51ccc19-f915-4022-9854-2c3171997be1","height":16.5,"min_height":0},"geometry":{"type":"Polygon","coordinates":[[[-74.0097427368164,40.72745796609554],[-74.00947451591492,40.7288442096205],[-74.0104079246521,40.72894177405944],[-74.01054739952087,40.7275433367658],[-74.0097427368164,40.72745796609554]]]}},{"type":"Feature","properties":{"id":"66376131-3763-3339-A139-303735313134","building_id":"e2929cfa-ce0e-4e3f-be3f-2da697966cd4","height":63,"min_height":58},"geometry":{"type":"Polygon","coordinates":[[[-74.00574088096619,40.728933643695],[-74.00574624538422,40.728925513329564],[-74.00574088096619,40.72891331777953],[-74.00571405887604,40.72891331777953],[-74.00571405887604,40.728933643695],[-74.00573015213013,40.72893770887735],[-74.00574088096619,40.728933643695]]]}},{"type":"Feature","properties":{"id":"31636666-6263-3936-B331-386434353535","building_id":"c2f9d91c-eb17-4d34-ad3d-357921bd90d0","height":4.8,"min_height":0},"geometry":{"type":"Polygon","coordinates":[[[-74.00849282741547,40.72973041468958],[-74.00834262371063,40.730271075288265],[-74.00895953178406,40.730327986674695],[-74.00906682014465,40.72978732653841],[-74.00849282741547,40.72973041468958]]]}},{"type":"Feature","properties":{"id":"61323734-3931-3139-A632-396130336264","building_id":"16308905-6557-4eb1-a3a2-8c5f9276710c","height":61.8,"min_height":0},"geometry":{"type":"Polygon","coordinates":[[[-74.0079939365387,40.72750674934909],[-74.00766134262085,40.72747829245552],[-74.00765597820282,40.727510814618604],[-74.00798857212067,40.72753927149827],[-74.0079939365387,40.72750674934909]]]}},{"type":"Feature","properties":{"id":"64636136-3863-3263-B164-363666353630","building_id":"ee771b07-d64c-4af5-a62d-37c01f19ca90","height":48,"min_height":0},"geometry":{"type":"Polygon","coordinates":[[[-74.00500059127808,40.72847834170043],[-74.00500059127808,40.728470211279365],[-74.00463044643402,40.72843362437226],[-74.00462508201599,40.7284417547978],[-74.00500059127808,40.72847834170043]]]}},{"type":"Feature","properties":{"id":"35396238-3535-3635-B166-343834323830","building_id":"c2f9d91c-eb17-4d34-ad3d-357921bd90d0","height":23.8,"min_height":0},"geometry":{"type":"Polygon","coordinates":[[[-74.00890052318573,40.73024668467919],[-74.00888442993164,40.7303198564796],[-74.00895953178406,40.730327986674695],[-74.00897562503815,40.7302548148832],[-74.00890052318573,40.73024668467919]]]}},{"type":"Feature","properties":{"id":"63663764-3764-3835-B662-613333633033","building_id":"0a22a533-0089-43dd-ad03-bb3955aad27f","height":16.1,"min_height":0},"geometry":{"type":"Polygon","coordinates":[[[-74.00369703769684,40.72927105298485],[-74.00393307209015,40.72919788003113],[-74.00390088558197,40.72913283733806],[-74.00385797023773,40.729149098017274],[-74.00386869907379,40.72916942386074],[-74.00384187698364,40.72917755419637],[-74.00383114814758,40.7291572283554],[-74.00382041931152,40.7291572283554],[-74.00383114814758,40.729173489028675],[-74.0038150548935,40.72917755419637],[-74.00380432605743,40.72916129352408],[-74.00372922420502,40.72919381486468],[-74.00372922420502,40.72918974969796],[-74.00366485118866,40.72920601036329],[-74.00369703769684,40.72927105298485]]]}},{"type":"Feature","properties":{"id":"35313233-6362-3637-B032-656538653966","building_id":"16308905-6557-4eb1-a3a2-8c5f9276710c","height":45.3,"min_height":0},"geometry":{"type":"Polygon","coordinates":[[[-74.00806367397308,40.72799457991789],[-74.00791883468628,40.727982384197254],[-74.00790810585022,40.72803116706638],[-74.00805830955505,40.728047428014825],[-74.00806367397308,40.72799457991789]]]}},{"type":"Feature","properties":{"id":"32346636-3466-3134-A164-646537626633","building_id":"92b9023a-e19d-4834-9db7-5a38ecc45c82","height":46,"min_height":32.2},"geometry":{"type":"Polygon","coordinates":[[[-74.00666892528534,40.72672621300079],[-74.00665283203125,40.726835976477936],[-74.00716781616211,40.72688476018746],[-74.00719463825226,40.726718082365636],[-74.0066796541214,40.72666929853395],[-74.00666892528534,40.72672621300079]]]}},{"type":"Feature","properties":{"id":"35316238-6234-3638-B035-316462336264","building_id":"cb7bb6f9-997b-4e26-bdde-a25db2b6682f","height":29,"min_height":0},"geometry":{"type":"Polygon","coordinates":[[[-74.00453925132751,40.72921414069447],[-74.0045714378357,40.72927105298485],[-74.0046089887619,40.72925885749816],[-74.00459289550781,40.72923040135384],[-74.00464653968811,40.729210075529],[-74.00463581085205,40.72918568453102],[-74.00453925132751,40.72921414069447]]]}},{"type":"Feature","properties":{"id":"39646337-6464-3237-A464-306235633432","building_id":"b51ccc19-f915-4022-9854-2c3171997be1","height":22,"min_height":0},"geometry":{"type":"Polygon","coordinates":[[[-74.00988221168518,40.7275433367658],[-74.00985538959503,40.72753927149827],[-74.0097588300705,40.72802710182865],[-74.00988221168518,40.7275433367658]]]}},{"type":"Feature","properties":{"id":"32326538-6531-3664-A135-633461623734","building_id":"96ef8578-bc04-42a3-b4e5-c78683d6feec","height":43,"min_height":0},"geometry":{"type":"Polygon","coordinates":[[[-74.00956571102142,40.72589688309985],[-74.00976419448853,40.72591720993664],[-74.00980710983276,40.72568548362903],[-74.00960862636566,40.72566515672145],[-74.00956571102142,40.72589688309985]]]}},{"type":"Feature","properties":{"id":"66316437-6531-3139-A335-306564363939","building_id":"16308905-6557-4eb1-a3a2-8c5f9276710c","height":61.8,"min_height":0},"geometry":{"type":"Polygon","coordinates":[[[-74.00744676589966,40.7277709913511],[-74.00743067264557,40.72784010062468],[-74.00747358798981,40.72784416587384],[-74.00748431682587,40.72777505660448],[-74.00744676589966,40.7277709913511]]]}},{"type":"Feature","properties":{"id":"30363465-3231-3831-A632-353761323164","building_id":"16308905-6557-4eb1-a3a2-8c5f9276710c","height":80.9,"min_height":70},"geometry":{"type":"Polygon","coordinates":[[[-74.00810122489929,40.72771814303464],[-74.00810658931732,40.72766529467621],[-74.00787591934204,40.72764090311201],[-74.00787055492401,40.72769781674791],[-74.00810122489929,40.72771814303464]]]}},{"type":"Feature","properties":{"id":"65666563-6262-3730-A162-636630636363","building_id":"1dda48dc-a3db-428f-8921-bbb5af06ce57","height":35.8,"min_height":33},"geometry":{"type":"Polygon","coordinates":[[[-74.00959253311157,40.72516917825258],[-74.0096515417099,40.725213897774324],[-74.00971055030823,40.72516511284002],[-74.0096515417099,40.72512445870077],[-74.00959253311157,40.72516917825258]]]}},{"type":"Feature","properties":{"id":"32363235-6533-3237-B138-373164343163","building_id":"a2e8032c-c274-49a1-9f08-98a75b7c5f9f","height":4,"min_height":0},"geometry":{"type":"Polygon","coordinates":[[[-74.00446951389313,40.72935642132917],[-74.00439977645874,40.72938081226458],[-74.00442123413086,40.72942146380371],[-74.00449097156525,40.7293970728832],[-74.00446951389313,40.72935642132917]]]}},{"type":"Feature","properties":{"id":"38373532-3839-3338-B332-366365616232","building_id":"16308905-6557-4eb1-a3a2-8c5f9276710c","height":65.9,"min_height":0},"geometry":{"type":"Polygon","coordinates":[[[-74.0074896812439,40.7277587955895],[-74.00744676589966,40.727754730335114],[-74.00744676589966,40.7277709913511],[-74.00748431682587,40.72777505660448],[-74.0074896812439,40.7277587955895]]]}},{"type":"Feature","properties":{"id":"33336664-3366-3234-B363-303666636361","building_id":"df1a2737-8892-4c9b-ac60-92d947753f12","height":22.5,"min_height":0},"geometry":{"type":"Polygon","coordinates":[[[-74.00439977645874,40.72938081226458],[-74.00433540344238,40.72927511814659],[-74.00423884391785,40.72930763943154],[-74.00423884391785,40.729311704591034],[-74.00423347949982,40.72931576975031],[-74.00428712368011,40.729413333497874],[-74.00429785251617,40.72940926834458],[-74.0043032169342,40.729413333497874],[-74.00439977645874,40.72938081226458]]]}},{"type":"Feature","properties":{"id":"64643939-6563-3532-B136-333230383563","building_id":"b4a262ba-545a-404d-b757-6c752f5d8bde","height":35,"min_height":0},"geometry":{"type":"Polygon","coordinates":[[[-74.00646507740021,40.72862062390838],[-74.00647580623627,40.72855964585651],[-74.00598227977753,40.72851086337479],[-74.00597155094147,40.72857184147134],[-74.00646507740021,40.72862062390838]]]}},{"type":"Feature","properties":{"id":"64363562-6665-3738-B761-396661393366","building_id":"c709420c-6c5b-44fc-9afc-d0b51762c5c1","height":39,"min_height":0},"geometry":{"type":"Polygon","coordinates":[[[-74.00660991668701,40.72734413836482],[-74.00652408599854,40.7278929488443],[-74.00705516338348,40.727941731779005],[-74.00714099407196,40.7273969869783],[-74.00660991668701,40.72734413836482]]]}},{"type":"Feature","properties":{"id":"35653631-3361-3035-A533-626638616666","building_id":"b4a262ba-545a-404d-b757-6c752f5d8bde","height":60.6,"min_height":0},"geometry":{"type":"Polygon","coordinates":[[[-74.0055799484253,40.72805149325131],[-74.00561213493347,40.72805149325131],[-74.00553703308105,40.72846614606846],[-74.0055102109909,40.72846208085731],[-74.00549948215485,40.728527124206],[-74.00597155094147,40.72857184147134],[-74.00598227977753,40.72851086337479],[-74.00647580623627,40.72855964585651],[-74.00646507740021,40.72862062390838],[-74.00693714618683,40.7286653411109],[-74.00702834129333,40.728120602233574],[-74.00655627250671,40.72807588466502],[-74.00654554367065,40.72813686316017],[-74.00605201721191,40.728088080368515],[-74.00606274604797,40.72802710182865],[-74.00559067726135,40.727982384197254],[-74.0055799484253,40.72805149325131]]]}},{"type":"Feature","properties":{"id":"36356463-6637-3633-A464-373431653765","building_id":"de39b283-1f9f-45bc-a5a9-4053fd94317f","height":48,"min_height":0},"geometry":{"type":"Polygon","coordinates":[[[-74.00399208068848,40.72338443826422],[-74.00465190410614,40.72350233828194],[-74.00474309921265,40.723282800150294],[-74.00427103042603,40.72305106467016],[-74.00399208068848,40.72338443826422]]]}},{"type":"Feature","properties":{"id":"63373862-3764-3361-B635-653233373635","building_id":"b4a262ba-545a-404d-b757-6c752f5d8bde","height":64,"min_height":60.6},"geometry":{"type":"Polygon","coordinates":[[[-74.00667428970337,40.72840516787504],[-74.00668501853943,40.72834012440714],[-74.00586426258087,40.72825881998285],[-74.00584816932678,40.72832386353022],[-74.00667428970337,40.72840516787504]]]}},{"type":"Feature","properties":{"id":"36363064-3464-3331-A165-663261646165","building_id":"a2e8032c-c274-49a1-9f08-98a75b7c5f9f","height":18,"min_height":0},"geometry":{"type":"Polygon","coordinates":[[[-74.00431394577026,40.72924259684574],[-74.00436758995056,40.729332030384825],[-74.00443732738495,40.72930763943154],[-74.00438904762268,40.729218205859674],[-74.00431394577026,40.72924259684574]]]}},{"type":"Feature","properties":{"id":"63376464-6237-3130-B637-343338363830","building_id":"1dda48dc-a3db-428f-8921-bbb5af06ce57","height":33,"min_height":0},"geometry":{"type":"Polygon","coordinates":[[[-74.00954961776733,40.72520576695443],[-74.00960862636566,40.72531553293928],[-74.0096515417099,40.72535212156068],[-74.0099036693573,40.725376513963745],[-74.00991439819336,40.72531553293928],[-74.0096515417099,40.72512445870077],[-74.00954961776733,40.72520576695443]]]}},{"type":"Feature","properties":{"id":"39646639-6661-3161-B736-633833633634","building_id":"fe6b3421-5a36-4183-a36c-b74ee890eba2","height":5,"min_height":0},"geometry":{"type":"Polygon","coordinates":[[[-74.00484502315521,40.72212818027963],[-74.00488257408142,40.72208345868455],[-74.00464117527008,40.72196555615346],[-74.00459825992584,40.72201027782776],[-74.00484502315521,40.72212818027963]]]}},{"type":"Feature","properties":{"id":"35316436-3431-3336-B137-343433633363","building_id":"16308905-6557-4eb1-a3a2-8c5f9276710c","height":65.9,"min_height":0},"geometry":{"type":"Polygon","coordinates":[[[-74.00746285915375,40.72791734031612],[-74.00747358798981,40.72784416587384],[-74.00740921497345,40.72784010062468],[-74.00739312171936,40.72791327507144],[-74.00746285915375,40.72791734031612]]]}},{"type":"Feature","properties":{"id":"66386137-6534-3539-B233-646638303164","building_id":"7b618921-68a9-4d90-b415-3621ca1a123f","height":4,"min_height":0},"geometry":{"type":"Polygon","coordinates":[[[-74.00443732738495,40.72297381933083],[-74.00436758995056,40.72294129495061],[-74.00435149669647,40.72295755714269],[-74.00442123413086,40.72299008151497],[-74.00443732738495,40.72297381933083]]]}},{"type":"Feature","properties":{"id":"35653838-3066-3631-B566-633364356462","building_id":"a3b05758-871b-4043-afd8-d2713c354c56","height":38.2,"min_height":35.3},"geometry":{"type":"Polygon","coordinates":[[[-73.99192750453949,40.73165319519536],[-73.99200797080994,40.73154750468681],[-73.99190068244934,40.73150278942109],[-73.99188995361328,40.731523114545595],[-73.99185240268707,40.731506854446486],[-73.99180948734283,40.73157189481905],[-73.99184167385101,40.73158408988185],[-73.99182558059692,40.73161254501964],[-73.99192750453949,40.73165319519536]]]}},{"type":"Feature","properties":{"id":"30303039-3361-3361-B966-323966396339","building_id":"3ab01fdd-fc5d-45be-988b-6eded7b51bab","height":74.7,"min_height":0},"geometry":{"type":"Polygon","coordinates":[[[-73.99495840072632,40.73211254045531],[-73.99503350257874,40.73201498066534],[-73.99496376514435,40.73198652569964],[-73.99497985839844,40.7319662007167],[-73.99487793445587,40.73192555073219],[-73.99486720561981,40.731945875727554],[-73.99483501911163,40.73192961573175],[-73.99476528167725,40.7320271756469],[-73.9947921037674,40.73203937062625],[-73.9947760105133,40.73206376057821],[-73.99487793445587,40.732108475466916],[-73.99489402770996,40.73208408553134],[-73.99495840072632,40.73211254045531]]]}},{"type":"Feature","properties":{"id":"65376233-3666-3335-A563-646538666139","building_id":"1b343008-5f43-4e93-acd3-6a39ab6326f6","height":71,"min_height":65.5},"geometry":{"type":"Polygon","coordinates":[[[-73.99186313152313,40.73080360135805],[-73.9919114112854,40.730738560234485],[-73.9917504787445,40.7306653888945],[-73.99170219898224,40.73073449516215],[-73.99186313152313,40.73080360135805]]]}},{"type":"Feature","properties":{"id":"37303031-6336-3432-B832-353065666262","building_id":"0b147246-5a16-4ca1-ba74-1d54d9190302","height":5,"min_height":0},"geometry":{"type":"Polygon","coordinates":[[[-73.99416983127594,40.731429618921496],[-73.99410545825958,40.731401163705485],[-73.99406790733337,40.73146213915347],[-73.99412155151367,40.73148246429037],[-73.99416983127594,40.731429618921496]]]}},{"type":"Feature","properties":{"id":"66326235-3166-3630-B336-313933363338","building_id":"3ab01fdd-fc5d-45be-988b-6eded7b51bab","height":27,"min_height":0},"geometry":{"type":"Polygon","coordinates":[[[-73.99514615535736,40.732364569250656],[-73.99516224861145,40.73237269919591],[-73.99517297744751,40.73236863422342],[-73.9951890707016,40.73234830935719],[-73.99517297744751,40.73235237433094],[-73.99515688419342,40.73234830935719],[-73.99514615535736,40.732364569250656]]]}},{"type":"Feature","properties":{"id":"32306464-6331-3031-A530-306434376337","building_id":"a3b05758-871b-4043-afd8-d2713c354c56","height":20.6,"min_height":0},"geometry":{"type":"Polygon","coordinates":[[[-73.99222254753113,40.731592219922454],[-73.99238884449005,40.73166132522753],[-73.99250149726868,40.731506854446486],[-73.99231374263763,40.731425553891384],[-73.99228692054749,40.73145400909697],[-73.99231374263763,40.73146620418135],[-73.99222254753113,40.731592219922454]]]}},{"type":"Feature","properties":{"id":"36343664-3162-3638-A534-343931653262","building_id":"377edeb5-b78e-4f08-93a0-bb29b9024cc4","height":3.25,"min_height":0},"geometry":{"type":"Polygon","coordinates":[[[-74.00050520896912,40.73179140560711],[-74.00041937828064,40.73175482052605],[-74.00027990341187,40.73192148573238],[-74.00038719177246,40.73197026571378],[-74.00047302246094,40.73186864071216],[-74.00046229362488,40.73186457570886],[-74.00049448013306,40.731823925662276],[-74.000483751297,40.73181579564996],[-74.00050520896912,40.73179140560711]]]}},{"type":"Feature","properties":{"id":"39386463-3934-3832-B161-366464336162","building_id":"6267a738-cef3-40a3-b0fb-31a6f762a592","height":25.7,"min_height":4},"geometry":{"type":"Polygon","coordinates":[[[-73.99892270565033,40.734023057511926],[-73.99893879890442,40.73403525212544],[-73.99896562099457,40.73403931699612],[-73.99892270565033,40.734023057511926]]]}},{"type":"Feature","properties":{"id":"38626635-3435-3164-B937-633361316234","building_id":"638f5b21-5d59-445e-b708-474225c639d2","height":44.3,"min_height":0},"geometry":{"type":"Polygon","coordinates":[[[-73.99069368839264,40.731315797984394],[-73.99070978164673,40.73129953783462],[-73.99061322212219,40.731262952483135],[-73.99060249328613,40.731279212641844],[-73.99069368839264,40.731315797984394]]]}},{"type":"Feature","properties":{"id":"33383064-6464-3633-B263-623637666564","building_id":"a3b05758-871b-4043-afd8-d2713c354c56","height":38.2,"min_height":35.3},"geometry":{"type":"Polygon","coordinates":[[[-73.99224936962128,40.73149059434342],[-73.99227619171143,40.73145807412535],[-73.99224936962128,40.73144587903946],[-73.99226546287537,40.73142148886101],[-73.99214744567871,40.73137270847728],[-73.99210453033447,40.731429618921496],[-73.99224936962128,40.73149059434342]]]}},{"type":"Feature","properties":{"id":"61373463-3231-3833-A638-313433373636","building_id":"3ab01fdd-fc5d-45be-988b-6eded7b51bab","height":27,"min_height":0},"geometry":{"type":"Polygon","coordinates":[[[-73.99541974067688,40.732006850676385],[-73.99544656276703,40.73201498066534],[-73.99546265602112,40.73199872068643],[-73.99543583393097,40.73198652569964],[-73.99541974067688,40.732006850676385]]]}},{"type":"Feature","properties":{"id":"66396361-6165-3533-B063-653662633364","building_id":"50c28b6d-5e69-45bd-b575-efb89f7a33e8","height":91.8,"min_height":0},"geometry":{"type":"Polygon","coordinates":[[[-73.99352073669434,40.73035237725396],[-73.99373531341553,40.73009627572562],[-73.99327397346497,40.729872694220404],[-73.9932632446289,40.72988895471884],[-73.99323105812073,40.729872694220404],[-73.99312913417816,40.72999464786184],[-73.99316132068634,40.73001090833047],[-73.99315059185028,40.73002310367934],[-73.99340808391571,40.73014912215346],[-73.99332225322723,40.7302548148832],[-73.99333834648132,40.730262945086245],[-73.9933168888092,40.73028733568934],[-73.9934778213501,40.73036457254026],[-73.99349927902222,40.73034018196545],[-73.99352073669434,40.73035237725396]]]}},{"type":"Feature","properties":{"id":"32346635-3061-3439-B535-333566333865","building_id":"be468313-65bf-4609-935b-b0349c6ca610","height":27,"min_height":0},"geometry":{"type":"Polygon","coordinates":[[[-73.99016261100769,40.7342628845009],[-73.99015724658966,40.73438483009596],[-73.99024307727814,40.7344214137309],[-73.99026453495026,40.7343075979117],[-73.99016261100769,40.7342628845009]]]}},{"type":"Feature","properties":{"id":"64353163-3838-3064-A163-666662326131","building_id":"78d77da0-4d45-40d2-a1cc-4c1a35009dc7","height":5,"min_height":0},"geometry":{"type":"Polygon","coordinates":[[[-73.9922708272934,40.73099872434728],[-73.99254441261292,40.73111254582675],[-73.992560505867,40.73109222057684],[-73.99254441261292,40.73108409047512],[-73.99259805679321,40.73101091951511],[-73.9926141500473,40.73101904962574],[-73.99263024330139,40.73099465929084],[-73.99235665798187,40.73088083760971],[-73.9922708272934,40.73099872434728]]]}},{"type":"Feature","properties":{"id":"61656134-6236-3164-B234-653738363965","building_id":"fee34588-01ec-4edd-8358-5482087e0657","height":90,"min_height":0},"geometry":{"type":"Polygon","coordinates":[[[-73.99293601512909,40.73432385732637],[-73.99285018444061,40.73428727363778],[-73.99280726909637,40.7343441815891],[-73.99289309978485,40.73438076524638],[-73.99293601512909,40.73432385732637]]]}},{"type":"Feature","properties":{"id":"65383433-3536-3466-B036-336430326233","building_id":"3ab01fdd-fc5d-45be-988b-6eded7b51bab","height":33,"min_height":0},"geometry":{"type":"Polygon","coordinates":[[[-73.99517297744751,40.7320271756469],[-73.99505496025085,40.73197839570721],[-73.9949369430542,40.73214506035351],[-73.99503886699677,40.73218571020393],[-73.9950281381607,40.732201970137126],[-73.99504959583282,40.732210100102236],[-73.99502277374268,40.73224668493297],[-73.99502277374268,40.73225887987206],[-73.9950442314148,40.73227107480893],[-73.9950281381607,40.73228733472128],[-73.99503350257874,40.732307659606136],[-73.99513006210327,40.73234830935719],[-73.99515688419342,40.73234830935719],[-73.99516761302948,40.73233611443447],[-73.99519979953766,40.73234017940897],[-73.99521589279175,40.73231985453405],[-73.99524807929993,40.73227513978739],[-73.9951890707016,40.732250749912915],[-73.99531245231628,40.73208815052122],[-73.99537682533264,40.73211254045531],[-73.99543583393097,40.732031240640254],[-73.99540901184082,40.732019045659435],[-73.99542510509491,40.73199872068643],[-73.9952963590622,40.73194181072899],[-73.99528563022614,40.731954005723956],[-73.99525880813599,40.731945875727554],[-73.99520516395569,40.732019045659435],[-73.99518370628357,40.73201091567098],[-73.99517297744751,40.7320271756469]]]}},{"type":"Feature","properties":{"id":"63383033-6361-3665-A430-663139386365","building_id":"1b343008-5f43-4e93-acd3-6a39ab6326f6","height":71,"min_height":65.5},"geometry":{"type":"Polygon","coordinates":[[[-73.99125158786774,40.730539371398116],[-73.99129450321198,40.730474330016264],[-73.99114966392517,40.73041335366305],[-73.9911013841629,40.730478395104505],[-73.99125158786774,40.730539371398116]]]}},{"type":"Feature","properties":{"id":"35303132-6139-3363-B263-626332396130","building_id":"638f5b21-5d59-445e-b708-474225c639d2","height":41.7,"min_height":13},"geometry":{"type":"Polygon","coordinates":[[[-73.99099946022034,40.73089303279913],[-73.99103164672852,40.73090522798634],[-73.99103164672852,40.7308849026731],[-73.9910101890564,40.73087677254607],[-73.99099946022034,40.73089303279913]]]}},{"type":"Feature","properties":{"id":"39616636-3237-3034-A130-346630616635","building_id":"3ab01fdd-fc5d-45be-988b-6eded7b51bab","height":30,"min_height":0},"geometry":{"type":"Polygon","coordinates":[[[-73.99467945098877,40.73218164521999],[-73.99469017982483,40.73216132029666],[-73.99458825588226,40.73211254045531],[-73.99457216262817,40.732136930380456],[-73.99467945098877,40.73218164521999]]]}},{"type":"Feature","properties":{"id":"38396264-3031-3538-B932-613133396165","building_id":"fee34588-01ec-4edd-8358-5482087e0657","height":7.4,"min_height":0},"geometry":{"type":"Polygon","coordinates":[[[-73.99296820163727,40.73449051609754],[-73.99309694766998,40.734311662765734],[-73.99307548999786,40.73429946820289],[-73.99290919303894,40.73446612703514],[-73.99296820163727,40.73449051609754]]]}},{"type":"Feature","properties":{"id":"30636430-6462-3533-B261-396566613332","building_id":"0b147246-5a16-4ca1-ba74-1d54d9190302","height":5,"min_height":0},"geometry":{"type":"Polygon","coordinates":[[[-73.99398744106293,40.73193774573014],[-73.99405181407928,40.731962135719364],[-73.9940893650055,40.73190522573062],[-73.9940357208252,40.73188083572055],[-73.99398744106293,40.73193774573014]]]}},{"type":"Feature","properties":{"id":"30336535-6661-3361-B337-626665376334","building_id":"be468313-65bf-4609-935b-b0349c6ca610","height":73,"min_height":0},"geometry":{"type":"Polygon","coordinates":[[[-73.9905434846878,40.73440921918814],[-73.99058103561401,40.73422223591954],[-73.99015188217163,40.73403931699612],[-73.99016797542572,40.734246625071336],[-73.9905434846878,40.73440921918814]]]}},{"type":"Feature","properties":{"id":"61333462-3933-3265-B138-646634666665","building_id":"f2fb36d0-1b22-4928-aea5-291586e0e99a","height":44,"min_height":35},"geometry":{"type":"Polygon","coordinates":[[[-73.99870276451111,40.73430353305742],[-73.99874031543732,40.734246625071336],[-73.99867057800293,40.73421817106004],[-73.99862766265869,40.73427507907046],[-73.99870276451111,40.73430353305742]]]}},{"type":"Feature","properties":{"id":"36333337-3763-3736-A463-386161373562","building_id":"3ab01fdd-fc5d-45be-988b-6eded7b51bab","height":66,"min_height":0},"geometry":{"type":"Polygon","coordinates":[[[-73.99495840072632,40.73211254045531],[-73.99506568908691,40.73197026571378],[-73.99503886699677,40.73195807072179],[-73.99508714675903,40.73189709572826],[-73.99490475654602,40.731819860656245],[-73.99485647678375,40.73188083572055],[-73.99484038352966,40.73187677071799],[-73.99479746818542,40.73193774573014],[-73.99482429027557,40.731945875727554],[-73.99477064609528,40.73201498066534],[-73.99474918842316,40.73200278568154],[-73.99470090866089,40.73206376057821],[-73.99471700191498,40.732071890560206],[-73.99466872215271,40.73213286539355],[-73.99485111236572,40.732210100102236],[-73.99489939212799,40.73214912533967],[-73.99492621421814,40.73216132029666],[-73.99495840072632,40.73211254045531]]]}},{"type":"Feature","properties":{"id":"33663566-3530-3238-B066-616665393638","building_id":"3ab01fdd-fc5d-45be-988b-6eded7b51bab","height":30,"min_height":0},"geometry":{"type":"Polygon","coordinates":[[[-73.99532318115234,40.73209221551085],[-73.99531245231628,40.73208815052122],[-73.9951890707016,40.732250749912915],[-73.99519979953766,40.73225481489261],[-73.99532318115234,40.73209221551085]]]}},{"type":"Feature","properties":{"id":"36346164-6531-3565-B330-613738303033","building_id":"377edeb5-b78e-4f08-93a0-bb29b9024cc4","height":19.5,"min_height":0},"geometry":{"type":"Polygon","coordinates":[[[-74.00060713291168,40.73183612067885],[-74.00050520896912,40.73179140560711],[-74.000483751297,40.73181579564996],[-74.00049448013306,40.731823925662276],[-74.00046229362488,40.73186457570886],[-74.00047302246094,40.73186864071216],[-74.00038719177246,40.73197026571378],[-74.00027990341187,40.73192148573238],[-74.00019943714142,40.73201498066534],[-74.00040328502655,40.73211254045531],[-74.00060713291168,40.73183612067885]]]}},{"type":"Feature","properties":{"id":"35656561-6331-3962-B866-666662616638","building_id":"3ab01fdd-fc5d-45be-988b-6eded7b51bab","height":24,"min_height":0},"geometry":{"type":"Polygon","coordinates":[[[-73.99499595165253,40.732283269743576],[-73.99498522281647,40.73229546467596],[-73.99501204490662,40.732307659606136],[-73.99500131607056,40.73231985453405],[-73.99501740932465,40.732327984484755],[-73.99501204490662,40.73230359462964],[-73.99499595165253,40.73229546467596],[-73.99499595165253,40.732283269743576]]]}},{"type":"Feature","properties":{"id":"64376236-6264-3039-A631-396330636364","building_id":"f2fb36d0-1b22-4928-aea5-291586e0e99a","min_height":0},"geometry":{"type":"Polygon","coordinates":[[[-73.99878323078156,40.73440108949174],[-73.9987564086914,40.734388894945276],[-73.99883151054382,40.73428727363778],[-73.99884760379791,40.73429133849308],[-73.99886906147003,40.73428727363778],[-73.9989173412323,40.73422223591954],[-73.99891197681427,40.734205976480055],[-73.99877786636353,40.73415313327424],[-73.9987725019455,40.734157198137716],[-73.99876177310944,40.73415313327424],[-73.99872422218323,40.73416126300094],[-73.99860620498657,40.73411248462585],[-73.99853646755219,40.734205976480055],[-73.99856865406036,40.73421817106004],[-73.9985579252243,40.73423036563781],[-73.99860084056854,40.73425068992909],[-73.9985579252243,40.734311662765734],[-73.99852573871613,40.73429946820289],[-73.99850964546204,40.73432385732637],[-73.99876713752747,40.73443360827139],[-73.99878323078156,40.73440108949174]]]}},{"type":"Feature","properties":{"id":"65383637-6134-3330-B064-626632636661","building_id":"cf87cec3-d741-45dc-80f2-2dcc2557a6b6","height":35,"min_height":0},"geometry":{"type":"Polygon","coordinates":[[[-73.99044692516327,40.73264098683174],[-73.99024844169617,40.73260846717593],[-73.99021089076996,40.73273448075371],[-73.99047911167145,40.732844234320524],[-73.99055421352386,40.732742610653744],[-73.99044692516327,40.73272635085265],[-73.9904522895813,40.73271009104761],[-73.99042546749115,40.73270602609572],[-73.99044692516327,40.73264098683174]]]}},{"type":"Feature","properties":{"id":"35373531-3764-3062-A238-366361323533","building_id":"4dc7e84c-3faf-4bf5-9a9b-38869e75576b","height":7,"min_height":0},"geometry":{"type":"Polygon","coordinates":[[[-73.99881541728973,40.73383200827494],[-73.998863697052,40.73385233268793],[-73.99889588356018,40.733815748740085],[-73.99884223937988,40.73379135943034],[-73.99881541728973,40.73383200827494]]]}},{"type":"Feature","properties":{"id":"61373331-6662-3433-B230-663332623863","building_id":"d8e43abd-40d8-419b-99e1-db6c4f930aa3","height":38.6,"min_height":0},"geometry":{"type":"Polygon","coordinates":[[[-73.99752259254456,40.736132692396744],[-73.99758696556091,40.73603920325004],[-73.99750113487244,40.73600262050469],[-73.99749040603638,40.736018879505096],[-73.99755477905273,40.73604326799827],[-73.9974957704544,40.73612049816766],[-73.99752259254456,40.736132692396744]]]}},{"type":"Feature","properties":{"id":"64343731-6634-3364-A334-663233356565","building_id":"d8e43abd-40d8-419b-99e1-db6c4f930aa3","height":38.6,"min_height":0},"geometry":{"type":"Polygon","coordinates":[[[-73.99741530418396,40.73627495823748],[-73.99744212627411,40.73623837562178],[-73.99742066860199,40.7362302461489],[-73.99739384651184,40.73626682876906],[-73.99741530418396,40.73627495823748]]]}},{"type":"Feature","properties":{"id":"33663066-3164-3733-B335-666336346536","building_id":"3bb252c0-fa9d-4969-b0b0-feb6a90f60ee","height":39.1,"min_height":0},"geometry":{"type":"Polygon","coordinates":[[[-73.99658918380737,40.736860277352974],[-73.99646043777466,40.737039123833306],[-73.99672329425812,40.73715293497953],[-73.99676084518433,40.73714887029909],[-73.9967930316925,40.73713261157485],[-73.99712562561035,40.73667736568259],[-73.99681985378265,40.73654729485544],[-73.99665892124176,40.736762724524674],[-73.99678766727448,40.736815565657764],[-73.99671792984009,40.73690905371346],[-73.99658918380737,40.736860277352974]]]}},{"type":"Feature","properties":{"id":"63383834-3361-3538-A539-643438343566","building_id":"f5e5b54a-dd24-4d80-a563-98e750ca536e","height":26.8,"min_height":24},"geometry":{"type":"Polygon","coordinates":[[[-73.9914983510971,40.73281984465465],[-73.99150371551514,40.732791390033164],[-73.99147689342499,40.73278732508625],[-73.99146616458893,40.73281171476404],[-73.9914983510971,40.73281984465465]]]}},{"type":"Feature","properties":{"id":"64396435-3335-3464-A339-343939356164","building_id":"cf87cec3-d741-45dc-80f2-2dcc2557a6b6","height":41,"min_height":35},"geometry":{"type":"Polygon","coordinates":[[[-73.99040937423706,40.73273448075371],[-73.99042546749115,40.732681636379176],[-73.99035573005676,40.73267350647169],[-73.9903450012207,40.732722285901765],[-73.99040937423706,40.73273448075371]]]}},{"type":"Feature","properties":{"id":"33303966-6436-3563-B565-373934393732","building_id":"377edeb5-b78e-4f08-93a0-bb29b9024cc4","height":16.25,"min_height":0},"geometry":{"type":"Polygon","coordinates":[[[-74.00060713291168,40.73183612067885],[-74.00040328502655,40.73211254045531],[-74.00019943714142,40.73201498066534],[-74.00017261505127,40.732047500611216],[-74.00041401386261,40.732165385281824],[-74.00063931941986,40.7318483156932],[-74.00060713291168,40.73183612067885]]]}},{"type":"Feature","properties":{"id":"63383730-6136-3537-A636-633033313861","building_id":"638f5b21-5d59-445e-b708-474225c639d2","height":44.3,"min_height":41.7},"geometry":{"type":"Polygon","coordinates":[[[-73.99129450321198,40.731393033641524],[-73.9912623167038,40.731441814010346],[-73.99128913879395,40.73145400909697],[-73.99124085903168,40.731523114545595],[-73.99135887622833,40.73156782979763],[-73.9914608001709,40.73142148886101],[-73.9914983510971,40.73143774898098],[-73.99162709712982,40.7312548224023],[-73.99160027503967,40.73124262727918],[-73.99163782596588,40.73118571667503],[-73.99151980876923,40.73113693611844],[-73.99148225784302,40.73119384676431],[-73.99145543575287,40.73118165163002],[-73.99142324924469,40.73123043215381],[-73.99150907993317,40.731262952483135],[-73.99149298667908,40.7312873427197],[-73.99153590202332,40.73130360287245],[-73.99145007133484,40.731425553891384],[-73.9914071559906,40.73140929376843],[-73.99139106273651,40.73143368395136],[-73.99129450321198,40.731393033641524]]]}},{"type":"Feature","properties":{"id":"61616131-6334-3433-A539-323634333937","building_id":"78d77da0-4d45-40d2-a1cc-4c1a35009dc7","height":18,"min_height":0},"geometry":{"type":"Polygon","coordinates":[[[-73.99301648139954,40.73116132640121],[-73.99308621883392,40.73107189532071],[-73.99307012557983,40.73106783026875],[-73.99309158325195,40.73103937489802],[-73.99310767650604,40.73104343995171],[-73.99313986301422,40.73099872434728],[-73.99296283721924,40.73092148823246],[-73.99294674396515,40.73094181353453],[-73.99293601512909,40.73093774847462],[-73.99290919303894,40.73096620388881],[-73.9928662776947,40.73094994365361],[-73.99290382862091,40.730897097861785],[-73.99271607398987,40.73081986162901],[-73.99267852306366,40.730868642418024],[-73.99263560771942,40.730852382159],[-73.99265706539154,40.73081986162901],[-73.99264097213745,40.73081579656165],[-73.99265706539154,40.730795471221086],[-73.99247467517853,40.73071823487033],[-73.99237811565399,40.730852382159],[-73.9923620223999,40.730852382159],[-73.99235129356384,40.730868642418024],[-73.99235665798187,40.73088083760971],[-73.99263024330139,40.73099465929084],[-73.9926141500473,40.73101904962574],[-73.99259805679321,40.73101091951511],[-73.99254441261292,40.73108409047512],[-73.992560505867,40.73109222057684],[-73.99254441261292,40.73111254582675],[-73.9922708272934,40.73099872434728],[-73.9922547340393,40.73099872434728],[-73.99224400520325,40.73101904962574],[-73.99224936962128,40.73103124478985],[-73.99215281009674,40.73116132640121],[-73.99232983589172,40.731238562237635],[-73.99234592914581,40.73121823702621],[-73.9923620223999,40.731226367111525],[-73.99238348007202,40.73119384676431],[-73.99242639541626,40.73121417198318],[-73.99239420890808,40.731262952483135],[-73.9925765991211,40.73134425323693],[-73.9926141500473,40.73129140775826],[-73.99266242980957,40.73131173294733],[-73.99264097213745,40.73134018820161],[-73.99265170097351,40.73134831827201],[-73.99264097213745,40.731368643443695],[-73.9928126335144,40.731441814010346],[-73.99293065071106,40.731279212641844],[-73.99265170097351,40.73116132640121],[-73.99274289608002,40.73104343995171],[-73.99301648139954,40.73116132640121]]]}},{"type":"Feature","properties":{"id":"31626364-3365-3436-A632-323237653139","building_id":"638f5b21-5d59-445e-b708-474225c639d2","height":33.9,"min_height":13},"geometry":{"type":"Polygon","coordinates":[[[-73.99122476577759,40.7315190495212],[-73.9912086725235,40.73153937464072],[-73.99123549461365,40.73154750468681],[-73.9912462234497,40.731531244593654],[-73.99122476577759,40.7315190495212]]]}},{"type":"Feature","properties":{"id":"62393362-6565-3465-B866-633833326437","building_id":"939e33cd-71ea-4d66-b1d5-b46c2d47dd0b","height":63,"min_height":54.2},"geometry":{"type":"Polygon","coordinates":[[[-73.99032354354858,40.73310439020019],[-73.99033427238464,40.733051546119455],[-73.99024844169617,40.73303935132563],[-73.99023771286011,40.73309626034434],[-73.99032354354858,40.73310439020019]]]}},{"type":"Feature","properties":{"id":"64373265-6337-3739-B866-316639623538","building_id":"3ab01fdd-fc5d-45be-988b-6eded7b51bab","height":30,"min_height":0},"geometry":{"type":"Polygon","coordinates":[[[-73.99495840072632,40.731799535622386],[-73.99485647678375,40.73175482052605],[-73.99483501911163,40.731779210582324],[-73.99487793445587,40.731799535622386],[-73.9948832988739,40.73179140560711],[-73.99494767189026,40.731819860656245],[-73.99495840072632,40.731799535622386]]]}},{"type":"Feature","properties":{"id":"34363163-6336-3035-B264-626664306230","building_id":"0b147246-5a16-4ca1-ba74-1d54d9190302","height":5,"min_height":0},"geometry":{"type":"Polygon","coordinates":[[[-73.99381041526794,40.73149872439545],[-73.9939284324646,40.73132799309411],[-73.99384796619415,40.73129547279657],[-73.9937299489975,40.73146213915347],[-73.99381041526794,40.73149872439545]]]}},{"type":"Feature","properties":{"id":"30643864-3366-3563-B762-613361313434","building_id":"be468313-65bf-4609-935b-b0349c6ca610","height":40,"min_height":0},"geometry":{"type":"Polygon","coordinates":[[[-73.9905434846878,40.73440921918814],[-73.99038255214691,40.734340116737044],[-73.99035036563873,40.73446612703514],[-73.99052202701569,40.7345392941955],[-73.9905434846878,40.73440921918814]]]}},{"type":"Feature","properties":{"id":"61383163-3837-3337-B362-633331366464","building_id":"638f5b21-5d59-445e-b708-474225c639d2","height":33.9,"min_height":13},"geometry":{"type":"Polygon","coordinates":[[[-73.99134278297424,40.73156782979763],[-73.99133205413818,40.73158815490227],[-73.99135887622833,40.73159628494238],[-73.99136960506439,40.73158002486117],[-73.99134278297424,40.73156782979763]]]}},{"type":"Feature","properties":{"id":"32333162-6638-3161-B936-313764366562","building_id":"a3b05758-871b-4043-afd8-d2713c354c56","height":23.5,"min_height":0},"geometry":{"type":"Polygon","coordinates":[[[-73.99197578430176,40.731819860656245],[-73.99195432662964,40.73184425068866],[-73.99199187755585,40.731860510705324],[-73.99201333522797,40.73183612067885],[-73.99197578430176,40.731819860656245]]]}},{"type":"Feature","properties":{"id":"33333337-3031-3166-A266-376266333736","building_id":"867fe6ea-cdc3-452c-88eb-50a79f585b78","height":7.5,"min_height":0},"geometry":{"type":"Polygon","coordinates":[[[-73.99878859519958,40.73381981362417],[-73.99881541728973,40.73383200827494],[-73.99883687496185,40.733803554086336],[-73.9988100528717,40.733795424315915],[-73.99878859519958,40.73381981362417]]]}},{"type":"Feature","properties":{"id":"64333833-6636-3463-B666-333463353061","building_id":"824e6454-95a0-4194-949e-75c2300980d9","height":36.9,"min_height":0},"geometry":{"type":"Polygon","coordinates":[[[-73.99359047412872,40.731551569709474],[-73.99363338947296,40.73149465936956],[-73.99364411830902,40.73149872439545],[-73.99373531341553,40.731376773510625],[-73.99361729621887,40.73132799309411],[-73.99363338947296,40.73130766791002],[-73.99351000785828,40.7312548224023],[-73.9934778213501,40.73129953783462],[-73.99340808391571,40.73127108256299],[-73.99344027042389,40.731226367111525],[-73.99332225322723,40.73117352153923],[-73.99330615997314,40.73119791180858],[-73.99318277835846,40.731145066213685],[-73.99309158325195,40.73126701752318],[-73.99310767650604,40.731275147602545],[-73.9930647611618,40.73133205813019],[-73.99329543113708,40.731425553891384],[-73.99332761764526,40.731380838543714],[-73.99339735507965,40.73140929376843],[-73.99335980415344,40.73145400909697],[-73.99359047412872,40.731551569709474]]]}},{"type":"Feature","properties":{"id":"61336338-6262-3337-B535-393063656566","building_id":"d7561391-2d0a-40f8-8255-90814b8d77d5","height":40.3,"min_height":0},"geometry":{"type":"Polygon","coordinates":[[[-74.00261342525482,40.73040115838571],[-74.002645611763,40.73045400457141],[-74.00270998477936,40.73043367912034],[-74.00268316268921,40.7303767678243],[-74.00261342525482,40.73040115838571]]]}},{"type":"Feature","properties":{"id":"64343837-6230-3334-A165-353263313930","building_id":"3ab01fdd-fc5d-45be-988b-6eded7b51bab","height":30,"min_height":0},"geometry":{"type":"Polygon","coordinates":[[[-73.99502277374268,40.73224668493297],[-73.99501204490662,40.73226294485127],[-73.99501204490662,40.73227920476561],[-73.9950281381607,40.73228733472128],[-73.9950442314148,40.73227107480893],[-73.99502277374268,40.73225887987206],[-73.99502277374268,40.73224668493297]]]}},{"type":"Feature","properties":{"id":"63333133-6633-3437-B664-663337363762","building_id":"3ab01fdd-fc5d-45be-988b-6eded7b51bab","height":26,"min_height":0},"geometry":{"type":"Polygon","coordinates":[[[-73.99467945098877,40.73198652569964],[-73.99465262889862,40.73197433071063],[-73.9946311712265,40.73199872068643],[-73.99466335773468,40.73201091567098],[-73.99467945098877,40.73198652569964]]]}},{"type":"Feature","properties":{"id":"62646430-3932-3261-B135-636239653639","building_id":"3ab01fdd-fc5d-45be-988b-6eded7b51bab","height":33,"min_height":0},"geometry":{"type":"Polygon","coordinates":[[[-73.99508714675903,40.73189709572826],[-73.99510324001312,40.73186864071216],[-73.995081782341,40.731860510705324],[-73.99509251117706,40.73184425068866],[-73.99496912956238,40.73179140560711],[-73.99494767189026,40.731819860656245],[-73.99480283260345,40.73176701555531],[-73.99473309516907,40.73186457570886],[-73.99475991725922,40.73187677071799],[-73.9947384595871,40.731901160729564],[-73.99480283260345,40.73192961573175],[-73.99484038352966,40.73187677071799],[-73.99485647678375,40.73188083572055],[-73.99490475654602,40.731819860656245],[-73.99508714675903,40.73189709572826]]]}},{"type":"Feature","properties":{"id":"61333439-3539-3633-A532-356166333563","building_id":"be468313-65bf-4609-935b-b0349c6ca610","height":81,"min_height":73},"geometry":{"type":"Polygon","coordinates":[[[-73.99042546749115,40.73421817106004],[-73.99044156074524,40.734197846758796],[-73.99043083190918,40.73418158731335],[-73.99040937423706,40.73417752245138],[-73.99038791656494,40.734197846758796],[-73.990398645401,40.734214106200284],[-73.99042546749115,40.73421817106004]]]}},{"type":"Feature","properties":{"id":"36333835-3631-3361-B836-636463383665","building_id":"0b147246-5a16-4ca1-ba74-1d54d9190302","height":5,"min_height":0},"geometry":{"type":"Polygon","coordinates":[[[-73.99437367916107,40.73151498449655],[-73.99431467056274,40.73149059434342],[-73.99427711963654,40.731551569709474],[-73.9943253993988,40.73157189481905],[-73.99437367916107,40.73151498449655]]]}},{"type":"Feature","properties":{"id":"31343363-3837-3339-B139-383265333537","building_id":"638f5b21-5d59-445e-b708-474225c639d2","height":62.5,"min_height":57.3},"geometry":{"type":"Polygon","coordinates":[[[-73.99142324924469,40.73138490357657],[-73.99147689342499,40.73131173294733],[-73.9913535118103,40.731262952483135],[-73.99129986763,40.731336123166024],[-73.99142324924469,40.73138490357657]]]}},{"type":"Feature","properties":{"id":"38653362-6331-3562-B666-666664333364","building_id":"edd203de-0855-4ee4-ae31-9c3c88601669","height":15,"min_height":0},"geometry":{"type":"Polygon","coordinates":[[[-73.99953961372375,40.733364545062614],[-73.99966299533844,40.73319788347097],[-73.99953424930573,40.733140974539175],[-73.99948596954346,40.73321007823573],[-73.99949669837952,40.733214143156815],[-73.99942696094513,40.7333117011885],[-73.99953961372375,40.733364545062614]]]}},{"type":"Feature","properties":{"id":"31653530-3739-3635-B266-393335643266","building_id":"3bb252c0-fa9d-4969-b0b0-feb6a90f60ee","height":47,"min_height":39.1},"geometry":{"type":"Polygon","coordinates":[[[-73.99648189544678,40.73700660632718],[-73.99674475193024,40.73711635284662],[-73.99701833724976,40.73674240100079],[-73.9967554807663,40.73663265386444],[-73.99665892124176,40.736762724524674],[-73.99678766727448,40.736815565657764],[-73.99671792984009,40.73690905371346],[-73.99658918380737,40.736860277352974],[-73.99648189544678,40.73700660632718]]]}},{"type":"Feature","properties":{"id":"63373733-6330-3433-A563-396335363630","building_id":"86b9d6c8-99c2-449d-903b-ef45b40e5348","height":110,"min_height":99.4},"geometry":{"type":"Polygon","coordinates":[[[-73.99317741394043,40.730527176143845],[-73.99323105812073,40.7304621347501],[-73.99303793907166,40.73036863763519],[-73.99298429489136,40.73043367912034],[-73.99317741394043,40.730527176143845]]]}},{"type":"Feature","properties":{"id":"62626439-6333-3434-B034-353033326366","building_id":"78d77da0-4d45-40d2-a1cc-4c1a35009dc7","height":5,"min_height":0},"geometry":{"type":"Polygon","coordinates":[[[-73.9925765991211,40.73134425323693],[-73.99264097213745,40.731368643443695],[-73.99265170097351,40.73134831827201],[-73.99264097213745,40.73134018820161],[-73.99266242980957,40.73131173294733],[-73.9926141500473,40.73129140775826],[-73.9925765991211,40.73134425323693]]]}},{"type":"Feature","properties":{"id":"37666162-3431-3535-B333-633261613631","building_id":"eb0bf6e1-5337-44e5-bb51-9f7a41d3b288","height":4.5,"min_height":0},"geometry":{"type":"Polygon","coordinates":[[[-73.99812340736389,40.73590506641874],[-73.99811267852783,40.73590100166206],[-73.99809122085571,40.735929454953634],[-73.99810194969177,40.73593351970858],[-73.99812340736389,40.73590506641874]]]}},{"type":"Feature","properties":{"id":"63626364-3164-3331-B462-633438623431","building_id":"333dfe1a-b419-4fe0-8dc3-cc76452b1669","height":9,"min_height":0},"geometry":{"type":"Polygon","coordinates":[[[-73.99870812892914,40.73378729454451],[-73.99878859519958,40.73381981362417],[-73.99884760379791,40.733742580784046],[-73.99876713752747,40.73370599677583],[-73.99870812892914,40.73378729454451]]]}},{"type":"Feature","properties":{"id":"39386332-6234-3335-A133-366434656465","building_id":"a3b05758-871b-4043-afd8-d2713c354c56","height":48,"min_height":35.3},"geometry":{"type":"Polygon","coordinates":[[[-73.99207770824432,40.731531244593654],[-73.99213135242462,40.73145807412535],[-73.99202942848206,40.731413358799536],[-73.99197578430176,40.73148652931703],[-73.99207770824432,40.731531244593654]]]}},{"type":"Feature","properties":{"id":"33663538-6132-3466-B539-386238386333","building_id":"3ab01fdd-fc5d-45be-988b-6eded7b51bab","height":27,"min_height":0},"geometry":{"type":"Polygon","coordinates":[[[-73.99511933326721,40.73236863422342],[-73.99514615535736,40.732364569250656],[-73.99515688419342,40.73234830935719],[-73.99513006210327,40.73234830935719],[-73.99503350257874,40.732307659606136],[-73.9950281381607,40.73228733472128],[-73.99501204490662,40.73230359462964],[-73.99501740932465,40.732327984484755],[-73.99511933326721,40.73236863422342]]]}},{"type":"Feature","properties":{"id":"39646534-3162-3763-B731-636130346130","building_id":"3ab01fdd-fc5d-45be-988b-6eded7b51bab","height":36,"min_height":0},"geometry":{"type":"Polygon","coordinates":[[[-73.99517834186554,40.73217758023582],[-73.99522662162781,40.732108475466916],[-73.9951354265213,40.732071890560206],[-73.99508714675903,40.732140995367104],[-73.99517834186554,40.73217758023582]]]}},{"type":"Feature","properties":{"id":"62376131-3133-3564-A539-353363343837","building_id":"824e6454-95a0-4194-949e-75c2300980d9","height":5,"min_height":0},"geometry":{"type":"Polygon","coordinates":[[[-73.99313449859619,40.73121010693992],[-73.99318277835846,40.731145066213685],[-73.99330615997314,40.73119791180858],[-73.99332225322723,40.73117352153923],[-73.99344027042389,40.731226367111525],[-73.99340808391571,40.73127108256299],[-73.9934778213501,40.73129953783462],[-73.99351000785828,40.7312548224023],[-73.99363338947296,40.73130766791002],[-73.99361729621887,40.73132799309411],[-73.99373531341553,40.731376773510625],[-73.99368166923523,40.73144587903946],[-73.9937299489975,40.73146213915347],[-73.99384796619415,40.73129547279657],[-73.99321496486664,40.731027179735406],[-73.99309694766998,40.73119384676431],[-73.99313449859619,40.73121010693992]]]}},{"type":"Feature","properties":{"id":"31343830-6637-3339-B232-656237373866","building_id":"333dfe1a-b419-4fe0-8dc3-cc76452b1669","height":17.4,"min_height":0},"geometry":{"type":"Polygon","coordinates":[[[-73.99862766265869,40.733897046374665],[-73.99870812892914,40.73392956540067],[-73.99878859519958,40.73381981362417],[-73.99870812892914,40.73378729454451],[-73.99862766265869,40.733897046374665]]]}},{"type":"Feature","properties":{"id":"37313331-3234-3664-B035-356462646132","building_id":"86b9d6c8-99c2-449d-903b-ef45b40e5348","height":104,"min_height":99.4},"geometry":{"type":"Polygon","coordinates":[[[-73.99323105812073,40.7304621347501],[-73.99317741394043,40.730527176143845],[-73.99318814277649,40.73053124122885],[-73.99317741394043,40.730543436482364],[-73.99327397346497,40.73058815239276],[-73.99337589740753,40.730466199839064],[-73.99327397346497,40.73041335366305],[-73.9932632446289,40.73042554893818],[-73.99304866790771,40.7303198564796],[-73.99301648139954,40.73035644234965],[-73.99323105812073,40.7304621347501]]]}},{"type":"Feature","properties":{"id":"66643239-6366-3266-B363-626362326531","building_id":"939e33cd-71ea-4d66-b1d5-b46c2d47dd0b","height":54.2,"min_height":0},"geometry":{"type":"Polygon","coordinates":[[[-73.99028599262238,40.73316129916325],[-73.99036109447479,40.73317349393473],[-73.99037182331085,40.73311658498208],[-73.99040937423706,40.73312064990889],[-73.99043083190918,40.73302309159706],[-73.99040400981903,40.73302309159706],[-73.99040937423706,40.733010896798035],[-73.99032354354858,40.73299870199675],[-73.99032890796661,40.73297837732299],[-73.99017333984375,40.73295805264304],[-73.99014115333557,40.73310439020019],[-73.99015724658966,40.73310439020019],[-73.99013578891754,40.73319788347097],[-73.99026989936829,40.733214143156815],[-73.99028599262238,40.73316129916325]]]}},{"type":"Feature","properties":{"id":"38373531-3931-3835-A330-353630613537","building_id":"be468313-65bf-4609-935b-b0349c6ca610","height":79.2,"min_height":73},"geometry":{"type":"Polygon","coordinates":[[[-73.99027526378632,40.73423036563781],[-73.99032890796661,40.73415313327424],[-73.99021625518799,40.73410841975964],[-73.99017870426178,40.734149068410524],[-73.99017870426178,40.73418971703657],[-73.99020552635193,40.7342100413403],[-73.99026453495026,40.734234430496564],[-73.99027526378632,40.73423036563781]]]}},{"type":"Feature","properties":{"id":"31633666-6131-3433-B761-386437333961","building_id":"638f5b21-5d59-445e-b708-474225c639d2","height":57.3,"min_height":0},"geometry":{"type":"Polygon","coordinates":[[[-73.99150907993317,40.731262952483135],[-73.99138569831848,40.73121417198318],[-73.99126768112183,40.73138490357657],[-73.99139106273651,40.73143368395136],[-73.99150907993317,40.731262952483135]]]}},{"type":"Feature","properties":{"id":"65393336-6332-3035-A166-646337653939","building_id":"d8e43abd-40d8-419b-99e1-db6c4f930aa3","height":52,"min_height":44.1},"geometry":{"type":"Polygon","coordinates":[[[-73.99742066860199,40.73609204495778],[-73.99744749069214,40.73605139749401],[-73.99739384651184,40.73603107375279],[-73.99736702442169,40.73606765648251],[-73.99742066860199,40.73609204495778]]]}},{"type":"Feature","properties":{"id":"66303534-3461-3765-A636-326564643364","building_id":"fee34588-01ec-4edd-8358-5482087e0657","height":7.4,"min_height":0},"geometry":{"type":"Polygon","coordinates":[[[-73.99316132068634,40.734226300778786],[-73.9930808544159,40.73419378189781],[-73.99310767650604,40.73415313327424],[-73.99318814277649,40.734185652175086],[-73.99319350719452,40.73418158731335],[-73.99285554885864,40.73403931699612],[-73.9925068616867,40.73444580280967],[-73.99263024330139,40.73449864578301],[-73.99264097213745,40.73449051609754],[-73.9928287267685,40.73452709967435],[-73.99283945560455,40.73451490515099],[-73.99290382862091,40.7345392941955],[-73.99291455745697,40.73453116451497],[-73.99293601512909,40.7345392941955],[-73.99296820163727,40.73449051609754],[-73.99267852306366,40.73436857069619],[-73.99283409118652,40.734197846758796],[-73.99309694766998,40.734311662765734],[-73.99316132068634,40.734226300778786]]]}},{"type":"Feature","properties":{"id":"37323135-6162-3236-B262-336164363931","building_id":"a3b05758-871b-4043-afd8-d2713c354c56","height":3.5,"min_height":0},"geometry":{"type":"Polygon","coordinates":[[[-73.99250149726868,40.731506854446486],[-73.99238884449005,40.73166132522753],[-73.99207770824432,40.731531244593654],[-73.99194896221161,40.73170197537347],[-73.9920723438263,40.7317507555158],[-73.99199187755585,40.731860510705324],[-73.99202406406403,40.73187270571519],[-73.99218499660492,40.73165319519536],[-73.99237811565399,40.73173856048358],[-73.99253904819489,40.731523114545595],[-73.99250149726868,40.731506854446486]]]}},{"type":"Feature","properties":{"id":"61646164-6535-3235-A633-346463396465","building_id":"638f5b21-5d59-445e-b708-474225c639d2","height":41.7,"min_height":13},"geometry":{"type":"Polygon","coordinates":[[[-73.99090826511383,40.73085644722413],[-73.99091899394989,40.73083612189599],[-73.99089217185974,40.73082799176299],[-73.99088144302368,40.73084425202799],[-73.99090826511383,40.73085644722413]]]}},{"type":"Feature","properties":{"id":"39306338-3735-3631-B134-323662386664","building_id":"377edeb5-b78e-4f08-93a0-bb29b9024cc4","height":22,"min_height":19.5},"geometry":{"type":"Polygon","coordinates":[[[-74.00038719177246,40.73197026571378],[-74.00029599666595,40.73192961573175],[-74.00027990341187,40.731954005723956],[-74.00036573410034,40.731994655691075],[-74.00038719177246,40.73197026571378]]]}},{"type":"Feature","properties":{"id":"63613937-3966-3461-A262-636439633965","building_id":"edd203de-0855-4ee4-ae31-9c3c88601669","height":18.7,"min_height":0},"geometry":{"type":"Polygon","coordinates":[[[-73.99953424930573,40.733140974539175],[-73.99949133396149,40.73312471483544],[-73.99946451187134,40.73315723423893],[-73.99945378303528,40.733149104389554],[-73.99942696094513,40.73318568870396],[-73.99948596954346,40.73321007823573],[-73.99953424930573,40.733140974539175]]]}},{"type":"Feature","properties":{"id":"63353730-6563-3264-A439-656163623330","building_id":"939e33cd-71ea-4d66-b1d5-b46c2d47dd0b","height":45,"min_height":0},"geometry":{"type":"Polygon","coordinates":[[[-73.99024307727814,40.73296618251577],[-73.99024844169617,40.7329417928946],[-73.99016261100769,40.73292959808067],[-73.9900928735733,40.733222272998255],[-73.99026453495026,40.73324666251661],[-73.99026989936829,40.733214143156815],[-73.99013578891754,40.73319788347097],[-73.99015724658966,40.73310439020019],[-73.99014115333557,40.73310439020019],[-73.99017333984375,40.73295805264304],[-73.99024307727814,40.73296618251577]]]}},{"type":"Feature","properties":{"id":"38663763-6133-3537-B637-666332616161","building_id":"638f5b21-5d59-445e-b708-474225c639d2","height":41.7,"min_height":13},"geometry":{"type":"Polygon","coordinates":[[[-73.99070978164673,40.73129953783462],[-73.99069368839264,40.731315797984394],[-73.99072051048279,40.73132799309411],[-73.99073123931885,40.73131173294733],[-73.99070978164673,40.73129953783462]]]}},{"type":"Feature","properties":{"id":"38656434-3137-3365-B438-366263346464","building_id":"f2fb36d0-1b22-4928-aea5-291586e0e99a","height":3.5,"min_height":0},"geometry":{"type":"Polygon","coordinates":[[[-73.998863697052,40.73429946820289],[-73.99883151054382,40.73428727363778],[-73.9987564086914,40.734388894945276],[-73.99878323078156,40.73440108949174],[-73.998863697052,40.73429946820289]]]}},{"type":"Feature","properties":{"id":"66393262-3331-3466-A430-366638373132","building_id":"638f5b21-5d59-445e-b708-474225c639d2","height":54.7,"min_height":52.1},"geometry":{"type":"Polygon","coordinates":[[[-73.99137496948242,40.73123043215381],[-73.9913159608841,40.73120604189637],[-73.99121940135956,40.73134018820161],[-73.99128377437592,40.73136457840986],[-73.99137496948242,40.73123043215381]]]}},{"type":"Feature","properties":{"id":"38376539-3339-3330-A535-373965323935","building_id":"eb0bf6e1-5337-44e5-bb51-9f7a41d3b288","height":4.5,"min_height":0},"geometry":{"type":"Polygon","coordinates":[[[-73.99859547615051,40.73616927507056],[-73.9987188577652,40.73599855575395],[-73.99843454360962,40.73587661311672],[-73.99845063686371,40.73586035408155],[-73.9984130859375,40.735848159802565],[-73.99840235710144,40.73586441884072],[-73.99819850921631,40.73577905884603],[-73.99817705154419,40.73581157695215],[-73.998321890831,40.73587254835831],[-73.9982682466507,40.735945713971944],[-73.99832725524902,40.73597010249192],[-73.99835407733917,40.735929454953634],[-73.99863839149475,40.73604733274626],[-73.99856328964233,40.73615301610689],[-73.99859547615051,40.73616927507056]]]}},{"type":"Feature","properties":{"id":"63353035-3636-3665-B932-376164396361","building_id":"fee34588-01ec-4edd-8358-5482087e0657","height":78,"min_height":0},"geometry":{"type":"Polygon","coordinates":[[[-73.992919921875,40.73445393250061],[-73.99296283721924,40.73441328403596],[-73.99289309978485,40.73438076524638],[-73.99286091327667,40.73442547857797],[-73.992919921875,40.73445393250061]]]}},{"type":"Feature","properties":{"id":"33396466-3335-3337-B738-646338663661","building_id":"0b147246-5a16-4ca1-ba74-1d54d9190302","height":18,"min_height":0},"geometry":{"type":"Polygon","coordinates":[[[-73.9939284324646,40.73132799309411],[-73.99381041526794,40.73149872439545],[-73.9938372373581,40.73151091947163],[-73.9938747882843,40.73153530961731],[-73.99388551712036,40.73152717956975],[-73.99391770362854,40.73155563473188],[-73.9939284324646,40.73154750468681],[-73.99401426315308,40.73158002486117],[-73.9940196275711,40.73157595984024],[-73.9940357208252,40.73158408988185],[-73.99403035640717,40.731592219922454],[-73.99405181407928,40.731600349962065],[-73.99397134780884,40.7317141704124],[-73.99394989013672,40.73170197537347],[-73.99394452571869,40.73171010539967],[-73.99384796619415,40.731665390243236],[-73.99384796619415,40.731645065162205],[-73.99379968643188,40.73164100014526],[-73.99380505084991,40.7316328701106],[-73.99375677108765,40.731624740074956],[-73.99372458457947,40.73161254501964],[-73.99360656738281,40.731775145573565],[-73.9937835931778,40.7318483156932],[-73.99383187294006,40.73179547061487],[-73.99388015270233,40.73181579564996],[-73.99384796619415,40.73187677071799],[-73.99398744106293,40.73193774573014],[-73.9940357208252,40.73188083572055],[-73.9940893650055,40.73190522573062],[-73.99405181407928,40.731962135719364],[-73.99424493312836,40.732043435618856],[-73.99429321289062,40.73197433071063],[-73.99428248405457,40.73197026571378],[-73.99430394172668,40.73194181072899],[-73.9943253993988,40.73194994072588],[-73.99437367916107,40.73188083572055],[-73.99426639080048,40.73184018568388],[-73.99422883987427,40.731803600629654],[-73.99421274662018,40.73181579564996],[-73.99408400058746,40.731762950545814],[-73.99410009384155,40.73173856048358],[-73.99411618709564,40.731746690505304],[-73.99416983127594,40.73167352027393],[-73.99415373802185,40.731665390243236],[-73.99416983127594,40.731645065162205],[-73.99430394172668,40.73169791036],[-73.99429857730865,40.73171010539967],[-73.99435222148895,40.73172230043711],[-73.99445950984955,40.731762950545814],[-73.99450242519379,40.73170197537347],[-73.99448096752167,40.73169384534626],[-73.99450242519379,40.731665390243236],[-73.99451315402985,40.73166945525871],[-73.99456679821014,40.73159628494238],[-73.99437367916107,40.73151498449655],[-73.9943253993988,40.73157189481905],[-73.99427711963654,40.731551569709474],[-73.99431467056274,40.73149059434342],[-73.99416983127594,40.731429618921496],[-73.99412155151367,40.73148246429037],[-73.99406790733337,40.73146213915347],[-73.99410545825958,40.731401163705485],[-73.9939284324646,40.73132799309411]]]}},{"type":"Feature","properties":{"id":"33613466-3662-3866-B731-343935333036","building_id":"86b9d6c8-99c2-449d-903b-ef45b40e5348","height":6.5,"min_height":0},"geometry":{"type":"Polygon","coordinates":[[[-73.9933168888092,40.730417418755025],[-73.99337589740753,40.73034831215804],[-73.99295210838318,40.73014505704512],[-73.99259269237518,40.730571892065186],[-73.99285018444061,40.730685714274784],[-73.99294137954712,40.73058002222947],[-73.9930808544159,40.73064506350799],[-73.99309694766998,40.730624738115274],[-73.99290919303894,40.73053124122885],[-73.99288773536682,40.730551566650114],[-73.99276971817017,40.73049465545492],[-73.9929735660553,40.73025074978131],[-73.99311304092407,40.7303198564796],[-73.99310767650604,40.730327986674695],[-73.99325251579285,40.730397093292765],[-73.99325788021088,40.73038896310614],[-73.9933168888092,40.730417418755025]]]}},{"type":"Feature","properties":{"id":"32323238-3062-3332-B439-306163313430","building_id":"86b9d6c8-99c2-449d-903b-ef45b40e5348","height":99.4,"min_height":0},"geometry":{"type":"Polygon","coordinates":[[[-73.99319887161255,40.73070197457456],[-73.99340271949768,40.73045806966088],[-73.99325788021088,40.73038896310614],[-73.99325251579285,40.730397093292765],[-73.99310767650604,40.730327986674695],[-73.99311304092407,40.7303198564796],[-73.9929735660553,40.73025074978131],[-73.99276971817017,40.73049465545492],[-73.99288773536682,40.730551566650114],[-73.99290919303894,40.73053124122885],[-73.99309694766998,40.730624738115274],[-73.9930808544159,40.73064506350799],[-73.99319887161255,40.73070197457456]]]}},{"type":"Feature","properties":{"id":"32316366-6563-3036-A666-386332653235","building_id":"638f5b21-5d59-445e-b708-474225c639d2","height":44.3,"min_height":0},"geometry":{"type":"Polygon","coordinates":[[[-73.99060249328613,40.731258887442834],[-73.99066150188446,40.73116539144746],[-73.99062395095825,40.731149131260956],[-73.99060249328613,40.73117758658476],[-73.99062931537628,40.73118571667503],[-73.99058640003204,40.7312507573615],[-73.99060249328613,40.731258887442834]]]}},{"type":"Feature","properties":{"id":"38376135-6333-3134-B530-666333346139","building_id":"638f5b21-5d59-445e-b708-474225c639d2","height":59.9,"min_height":54.7},"geometry":{"type":"Polygon","coordinates":[[[-73.99083316326141,40.73116945649347],[-73.99092435836792,40.73104343995171],[-73.9908117055893,40.73099872434728],[-73.99072051048279,40.731124740973726],[-73.99083316326141,40.73116945649347]]]}},{"type":"Feature","properties":{"id":"33313233-6139-3262-B139-353939613164","building_id":"638f5b21-5d59-445e-b708-474225c639d2","height":33.9,"min_height":13},"geometry":{"type":"Polygon","coordinates":[[[-73.99153053760529,40.73109628562732],[-73.9915144443512,40.73111254582675],[-73.99154126644135,40.731124740973726],[-73.99155735969543,40.73110441572753],[-73.99153053760529,40.73109628562732]]]}},{"type":"Feature","properties":{"id":"35646534-6162-3664-B961-633435646165","building_id":"a3b05758-871b-4043-afd8-d2713c354c56","height":35.3,"min_height":0},"geometry":{"type":"Polygon","coordinates":[[[-73.99231374263763,40.731425553891384],[-73.99199187755585,40.73129140775826],[-73.99167537689209,40.73172230043711],[-73.99195432662964,40.73184425068866],[-73.99199187755585,40.73179547061487],[-73.99202942848206,40.73181173064344],[-73.9920723438263,40.7317507555158],[-73.99194896221161,40.73170197537347],[-73.99207770824432,40.731531244593654],[-73.99222254753113,40.731592219922454],[-73.99231374263763,40.73146620418135],[-73.99228692054749,40.73145400909697],[-73.99231374263763,40.731425553891384]]]}},{"type":"Feature","properties":{"id":"36626461-3062-3331-B163-336661653365","building_id":"f5e5b54a-dd24-4d80-a563-98e750ca536e","height":26.8,"min_height":24},"geometry":{"type":"Polygon","coordinates":[[[-73.99169147014618,40.73292959808067],[-73.99197041988373,40.733051546119455],[-73.99204552173615,40.73294585783208],[-73.99179875850677,40.732844234320524],[-73.99180948734283,40.73283203948871],[-73.9917665719986,40.73281577970947],[-73.99177193641663,40.73280764981837],[-73.99172902107239,40.73278732508625],[-73.9917129278183,40.73280358487244],[-73.99156272411346,40.73273448075371],[-73.9915519952774,40.732754805501955],[-73.99150907993317,40.7327466756034],[-73.9914983510971,40.73277919519167],[-73.99153053760529,40.73278326013908],[-73.99151980876923,40.732823909599574],[-73.99170756340027,40.73286049409281],[-73.99169147014618,40.73292959808067]]]}},{"type":"Feature","properties":{"id":"38363337-3032-3566-B462-663264666631","building_id":"3ab01fdd-fc5d-45be-988b-6eded7b51bab","height":30,"min_height":0},"geometry":{"type":"Polygon","coordinates":[[[-73.99543583393097,40.732031240640254],[-73.99544656276703,40.73201498066534],[-73.99541974067688,40.732006850676385],[-73.99540901184082,40.732019045659435],[-73.99543583393097,40.732031240640254]]]}},{"type":"Feature","properties":{"id":"37383032-3837-3137-A632-653732356364","building_id":"d8e43abd-40d8-419b-99e1-db6c4f930aa3","height":44.1,"min_height":0},"geometry":{"type":"Polygon","coordinates":[[[-73.99739384651184,40.73626682876906],[-73.99742066860199,40.7362302461489],[-73.99744212627411,40.73623837562178],[-73.99752259254456,40.736132692396744],[-73.9974957704544,40.73612049816766],[-73.99755477905273,40.73604326799827],[-73.99749040603638,40.736018879505096],[-73.99750113487244,40.73600262050469],[-73.99737775325775,40.73594977872589],[-73.99736702442169,40.73596603773922],[-73.99729192256927,40.73593351970858],[-73.99723827838898,40.736010750005384],[-73.99728655815125,40.73603107375279],[-73.99728119373322,40.73603920325004],[-73.99732410907745,40.736055462241495],[-73.99727046489716,40.736132692396744],[-73.99728119373322,40.73613675713927],[-73.99723291397095,40.736197728247404],[-73.99739384651184,40.73626682876906]]]}},{"type":"Feature","properties":{"id":"63333661-3264-3163-A535-613264356335","building_id":"77f921ba-5721-4d05-b8ac-c3519f93b5a1","height":41,"min_height":32},"geometry":{"type":"Polygon","coordinates":[[[-73.9903450012207,40.7335596605419],[-73.99041473865509,40.733266987108415],[-73.99016797542572,40.73323040283871],[-73.99010896682739,40.733462102873766],[-73.9903450012207,40.7335596605419]]]}},{"type":"Feature","properties":{"id":"34393733-3964-3230-A338-303163323961","building_id":"fee34588-01ec-4edd-8358-5482087e0657","height":78,"min_height":0},"geometry":{"type":"Polygon","coordinates":[[[-73.99285018444061,40.73428727363778],[-73.99301648139954,40.73435637614377],[-73.99305403232574,40.734319792473066],[-73.99287700653076,40.734246625071336],[-73.99285018444061,40.73428727363778]]]}},{"type":"Feature","properties":{"id":"62616666-3736-3139-A630-626565613531","building_id":"638f5b21-5d59-445e-b708-474225c639d2","height":36.5,"min_height":0},"geometry":{"type":"Polygon","coordinates":[[[-73.99143397808075,40.73152717956975],[-73.99148762226105,40.73144994406833],[-73.99146616458893,40.731441814010346],[-73.99141252040863,40.7315190495212],[-73.99143397808075,40.73152717956975]]]}},{"type":"Feature","properties":{"id":"35636161-3961-3139-A261-623036396530","building_id":"1b343008-5f43-4e93-acd3-6a39ab6326f6","height":65.5,"min_height":0},"geometry":{"type":"Polygon","coordinates":[[[-73.99161100387573,40.73034831215804],[-73.9910101890564,40.73034831215804],[-73.9908117055893,40.73062067303599],[-73.99185240268707,40.73106376521653],[-73.99223327636719,40.73061254287668],[-73.99161100387573,40.73034831215804]]]}},{"type":"Feature","properties":{"id":"30663563-3933-3536-A665-616330343861","building_id":"638f5b21-5d59-445e-b708-474225c639d2","height":33.9,"min_height":13},"geometry":{"type":"Polygon","coordinates":[[[-73.99164855480194,40.731145066213685],[-73.99163782596588,40.73116132640121],[-73.99166464805603,40.73117352153923],[-73.99167537689209,40.73115726135471],[-73.99164855480194,40.731145066213685]]]}},{"type":"Feature","properties":{"id":"37363534-6362-3232-B232-353964626639","building_id":"be468313-65bf-4609-935b-b0349c6ca610","height":27,"min_height":0},"geometry":{"type":"Polygon","coordinates":[[[-73.99026453495026,40.7343075979117],[-73.99024307727814,40.7344214137309],[-73.99035036563873,40.73446612703514],[-73.99038255214691,40.734340116737044],[-73.99031281471252,40.7343075979117],[-73.99030208587646,40.734319792473066],[-73.99026453495026,40.7343075979117]]]}},{"type":"Feature","properties":{"id":"35343137-6163-3534-A635-653537653532","building_id":"f5e5b54a-dd24-4d80-a563-98e750ca536e","height":29,"min_height":26.8},"geometry":{"type":"Polygon","coordinates":[[[-73.99169683456421,40.73289301362545],[-73.99173974990845,40.73290520844609],[-73.9917665719986,40.73286049409281],[-73.99171829223633,40.732844234320524],[-73.99169683456421,40.73289301362545]]]}},{"type":"Feature","properties":{"id":"39323163-6465-3236-B337-623533656534","building_id":"6267a738-cef3-40a3-b0fb-31a6f762a592","height":25.7,"min_height":0},"geometry":{"type":"Polygon","coordinates":[[[-73.9988100528717,40.73397427903548],[-73.99902999401093,40.73406777108391],[-73.99910509586334,40.73396208441079],[-73.99904608726501,40.73393769515469],[-73.99902999401093,40.73394176003132],[-73.99896562099457,40.73392143564564],[-73.99886906147003,40.733880786855686],[-73.9988100528717,40.73396614928593],[-73.9988100528717,40.73397427903548]]]}},{"type":"Feature","properties":{"id":"38396466-3436-3237-A534-343634336236","building_id":"be468313-65bf-4609-935b-b0349c6ca610","height":78,"min_height":73},"geometry":{"type":"Polygon","coordinates":[[[-73.99050056934357,40.73428320878226],[-73.9905434846878,40.734226300778786],[-73.99048447608948,40.73420191161956],[-73.99044156074524,40.73425881964388],[-73.99050056934357,40.73428320878226]]]}},{"type":"Feature","properties":{"id":"38663939-6239-3634-A133-616335646134","building_id":"638f5b21-5d59-445e-b708-474225c639d2","height":54.7,"min_height":52.1},"geometry":{"type":"Polygon","coordinates":[[[-73.99085462093353,40.73118978171979],[-73.99087607860565,40.73115726135471],[-73.99093508720398,40.73117758658476],[-73.99098873138428,40.73110035067755],[-73.99092972278595,40.73108002542391],[-73.99095118045807,40.731047505005165],[-73.99094581604004,40.73104343995171],[-73.99098336696625,40.73098246412002],[-73.99096190929413,40.73097433400491],[-73.99100482463837,40.73090929304824],[-73.99088680744171,40.73086457735365],[-73.99084389209747,40.73092555329336],[-73.99081707000732,40.7309133581099],[-73.9906507730484,40.73114100116619],[-73.99068832397461,40.73116132640121],[-73.99062395095825,40.7312507573615],[-73.99072587490082,40.73129140775826],[-73.99076879024506,40.73123043215381],[-73.9907956123352,40.73124262727918],[-73.99083852767944,40.73118165163002],[-73.99085462093353,40.73118978171979]]]}},{"type":"Feature","properties":{"id":"34333465-3636-3637-B638-663661323830","building_id":"3ab01fdd-fc5d-45be-988b-6eded7b51bab","height":26,"min_height":0},"geometry":{"type":"Polygon","coordinates":[[[-73.99475991725922,40.73187677071799],[-73.99473309516907,40.73186457570886],[-73.99471163749695,40.731888965724906],[-73.9947384595871,40.731901160729564],[-73.99475991725922,40.73187677071799]]]}},{"type":"Feature","properties":{"id":"64646331-3431-3635-B965-343865306662","building_id":"be468313-65bf-4609-935b-b0349c6ca610","height":60,"min_height":0},"geometry":{"type":"Polygon","coordinates":[[[-73.99031281471252,40.7343075979117],[-73.99016797542572,40.734246625071336],[-73.99015188217163,40.73403931699612],[-73.99032354354858,40.73411248462585],[-73.99032354354858,40.733970214160834],[-73.99010360240936,40.733880786855686],[-73.9900928735733,40.73405557647634],[-73.99009823799133,40.73423849535507],[-73.99030208587646,40.734319792473066],[-73.99031281471252,40.7343075979117]]]}},{"type":"Feature","properties":{"id":"61323733-3731-3331-A337-656133353638","building_id":"638f5b21-5d59-445e-b708-474225c639d2","height":41.7,"min_height":13},"geometry":{"type":"Polygon","coordinates":[[[-73.99061322212219,40.731262952483135],[-73.99058640003204,40.7312507573615],[-73.99058103561401,40.73127108256299],[-73.99060249328613,40.731279212641844],[-73.99061322212219,40.731262952483135]]]}},{"type":"Feature","properties":{"id":"63353536-3466-3366-B961-663163313637","building_id":"78d77da0-4d45-40d2-a1cc-4c1a35009dc7","height":5,"min_height":0},"geometry":{"type":"Polygon","coordinates":[[[-73.99239420890808,40.731262952483135],[-73.99242639541626,40.73121417198318],[-73.99238348007202,40.73119384676431],[-73.9923620223999,40.731226367111525],[-73.99234592914581,40.73121823702621],[-73.99232983589172,40.731238562237635],[-73.99239420890808,40.731262952483135]]]}},{"type":"Feature","properties":{"id":"38306365-3335-3531-A236-316365636637","building_id":"824e6454-95a0-4194-949e-75c2300980d9","height":42,"min_height":36.9},"geometry":{"type":"Polygon","coordinates":[[[-73.9934241771698,40.731380838543714],[-73.99342954158783,40.73137270847728],[-73.99346709251404,40.73138896860916],[-73.99349391460419,40.73135238330684],[-73.99345636367798,40.73134018820161],[-73.99346172809601,40.73133205813019],[-73.99338126182556,40.73129953783462],[-73.99337589740753,40.73130360287245],[-73.99333834648132,40.7312873427197],[-73.99331152439117,40.73132392805778],[-73.99334907531738,40.73134018820161],[-73.99334371089935,40.73134831827201],[-73.9934241771698,40.731380838543714]]]}},{"type":"Feature","properties":{"id":"63633534-3432-3532-A337-643935613263","building_id":"3ab01fdd-fc5d-45be-988b-6eded7b51bab","height":30,"min_height":0},"geometry":{"type":"Polygon","coordinates":[[[-73.99542510509491,40.73199872068643],[-73.99543583393097,40.73198652569964],[-73.99530708789825,40.73192961573175],[-73.9952963590622,40.73194181072899],[-73.99542510509491,40.73199872068643]]]}},{"type":"Feature","properties":{"id":"62383633-3963-3332-A230-626465383830","building_id":"eb0bf6e1-5337-44e5-bb51-9f7a41d3b288","height":4.5,"min_height":0},"geometry":{"type":"Polygon","coordinates":[[[-73.99822533130646,40.73611236868037],[-73.99827897548676,40.73603513850154],[-73.99821996688843,40.736010750005384],[-73.99816632270813,40.736087980212524],[-73.99822533130646,40.73611236868037]]]}},{"type":"Feature","properties":{"id":"61336237-6666-3539-B365-633333666464","building_id":"638f5b21-5d59-445e-b708-474225c639d2","height":44.3,"min_height":0},"geometry":{"type":"Polygon","coordinates":[[[-73.99091899394989,40.73083612189599],[-73.99090826511383,40.73085644722413],[-73.99099946022034,40.73089303279913],[-73.9910101890564,40.73087677254607],[-73.99091899394989,40.73083612189599]]]}},{"type":"Feature","properties":{"id":"30643537-6337-3263-B937-373737336163","building_id":"3ab01fdd-fc5d-45be-988b-6eded7b51bab","height":27,"min_height":0},"geometry":{"type":"Polygon","coordinates":[[[-73.99501204490662,40.73227920476561],[-73.99501204490662,40.73226294485127],[-73.99499595165253,40.732283269743576],[-73.99499595165253,40.73229546467596],[-73.99501204490662,40.73230359462964],[-73.9950281381607,40.73228733472128],[-73.99501204490662,40.73227920476561]]]}},{"type":"Feature","properties":{"id":"31646263-3036-3565-B263-303334626266","building_id":"77f921ba-5721-4d05-b8ac-c3519f93b5a1","height":49,"min_height":41},"geometry":{"type":"Polygon","coordinates":[[[-73.99028062820435,40.73345397306164],[-73.9902913570404,40.733397064348885],[-73.99017870426178,40.733384869618405],[-73.99016261100769,40.73344177834159],[-73.99028062820435,40.73345397306164]]]}},{"type":"Feature","properties":{"id":"35633964-3362-3339-B535-356434333939","building_id":"d7561391-2d0a-40f8-8255-90814b8d77d5","height":17,"min_height":0},"geometry":{"type":"Polygon","coordinates":[[[-74.00261342525482,40.73040115838571],[-74.00277972221375,40.730706039648865],[-74.00280117988586,40.73070197457456],[-74.00287628173828,40.730840186962105],[-74.00319278240204,40.730738560234485],[-74.00294601917267,40.73028327058945],[-74.00290846824646,40.73029546588841],[-74.00291383266449,40.73030766118513],[-74.00261342525482,40.73040115838571]]]}},{"type":"Feature","properties":{"id":"34343031-3535-3231-B937-343266323734","building_id":"f2fb36d0-1b22-4928-aea5-291586e0e99a","height":3.5,"min_height":0},"geometry":{"type":"Polygon","coordinates":[[[-73.99850964546204,40.73432385732637],[-73.99852573871613,40.73429946820289],[-73.9985579252243,40.734311662765734],[-73.99860084056854,40.73425068992909],[-73.9985579252243,40.73423036563781],[-73.99856865406036,40.73421817106004],[-73.99853646755219,40.734205976480055],[-73.99853110313416,40.734214106200284],[-73.9985203742981,40.7342100413403],[-73.99845063686371,40.73429946820289],[-73.99850964546204,40.73432385732637]]]}},{"type":"Feature","properties":{"id":"36326436-3435-3533-A637-613463326137","building_id":"6267a738-cef3-40a3-b0fb-31a6f762a592","height":30,"min_height":25.7},"geometry":{"type":"Polygon","coordinates":[[[-73.99889588356018,40.7339255005233],[-73.99886906147003,40.7339580195354],[-73.99891197681427,40.733978343909875],[-73.99893879890442,40.73394176003132],[-73.99889588356018,40.7339255005233]]]}},{"type":"Feature","properties":{"id":"37616437-6163-3764-B537-363039633462","building_id":"638f5b21-5d59-445e-b708-474225c639d2","height":52.1,"min_height":0},"geometry":{"type":"Polygon","coordinates":[[[-73.99103164672852,40.73090522798634],[-73.99088144302368,40.73084425202799],[-73.99083852767944,40.73090522798634],[-73.9908117055893,40.730897097861785],[-73.99076879024506,40.73095400871278],[-73.99074733257294,40.730945878594184],[-73.99062931537628,40.73111254582675],[-73.99064540863037,40.73111661087599],[-73.99062395095825,40.731149131260956],[-73.99066150188446,40.73116539144746],[-73.99060249328613,40.731258887442834],[-73.99073123931885,40.73131173294733],[-73.99077415466309,40.7312507573615],[-73.99080634117126,40.731258887442834],[-73.99084389209747,40.731201976852596],[-73.99085998535156,40.73120604189637],[-73.99087071418762,40.73119384676431],[-73.9909565448761,40.731226367111525],[-73.99094581604004,40.73124669232046],[-73.99118721485138,40.73134425323693],[-73.99119257926941,40.73133205813019],[-73.99128377437592,40.73136457840986],[-73.99137496948242,40.73123043215381],[-73.99129450321198,40.73119791180858],[-73.99131059646606,40.73117758658476],[-73.9910638332367,40.73108002542391],[-73.99105310440063,40.73109222057684],[-73.99096727371216,40.73105563511135],[-73.99097800254822,40.73104343995171],[-73.99096727371216,40.73103937489802],[-73.9910101890564,40.7309783990626],[-73.99098336696625,40.73097026894699],[-73.99103164672852,40.73090522798634]]]}},{"type":"Feature","properties":{"id":"30623464-3037-3261-A631-323063623264","building_id":"638f5b21-5d59-445e-b708-474225c639d2","height":57.3,"min_height":54.7},"geometry":{"type":"Polygon","coordinates":[[[-73.99083316326141,40.73116945649347],[-73.99077415466309,40.731149131260956],[-73.990758061409,40.73117352153923],[-73.99081707000732,40.73119384676431],[-73.99083316326141,40.73116945649347]]]}},{"type":"Feature","properties":{"id":"66313363-6133-3637-B666-613136333139","building_id":"78d77da0-4d45-40d2-a1cc-4c1a35009dc7","height":5,"min_height":0},"geometry":{"type":"Polygon","coordinates":[[[-73.99309694766998,40.73119384676431],[-73.99321496486664,40.731027179735406],[-73.99313986301422,40.73099872434728],[-73.99310767650604,40.73104343995171],[-73.99309158325195,40.73103937489802],[-73.99307012557983,40.73106783026875],[-73.99308621883392,40.73107189532071],[-73.99301648139954,40.73116132640121],[-73.99309694766998,40.73119384676431]]]}},{"type":"Feature","properties":{"id":"63623034-3666-3333-A333-663633393062","building_id":"0b147246-5a16-4ca1-ba74-1d54d9190302","height":5,"min_height":0},"geometry":{"type":"Polygon","coordinates":[[[-73.9937835931778,40.7318483156932],[-73.99384796619415,40.73187677071799],[-73.99388015270233,40.73181579564996],[-73.99383187294006,40.73179547061487],[-73.9937835931778,40.7318483156932]]]}},{"type":"Feature","properties":{"id":"64623037-6138-3463-B363-613239623432","building_id":"78d77da0-4d45-40d2-a1cc-4c1a35009dc7","height":5,"min_height":0},"geometry":{"type":"Polygon","coordinates":[[[-73.99271607398987,40.73081986162901],[-73.99265706539154,40.730795471221086],[-73.99264097213745,40.73081579656165],[-73.99265706539154,40.73081986162901],[-73.99263560771942,40.730852382159],[-73.99267852306366,40.730868642418024],[-73.99271607398987,40.73081986162901]]]}},{"type":"Feature","properties":{"id":"62626430-3136-3561-A535-343135643531","building_id":"f5e5b54a-dd24-4d80-a563-98e750ca536e","height":24,"min_height":0},"geometry":{"type":"Polygon","coordinates":[[[-73.9913535118103,40.732791390033164],[-73.99170756340027,40.73286049409281],[-73.99167537689209,40.73297837732299],[-73.99194359779358,40.73309219541604],[-73.99209380149841,40.73288081880256],[-73.99139642715454,40.73258407742365],[-73.9913535118103,40.732791390033164]]]}},{"type":"Feature","properties":{"id":"66356133-6432-3138-A431-313435383733","building_id":"3ab01fdd-fc5d-45be-988b-6eded7b51bab","height":24,"min_height":0},"geometry":{"type":"Polygon","coordinates":[[[-73.99517297744751,40.73236863422342],[-73.99516224861145,40.73237269919591],[-73.99516761302948,40.732376764168166],[-73.99517297744751,40.73236863422342]]]}},{"type":"Feature","properties":{"id":"63646662-6162-3733-A230-663030323839","building_id":"3ab01fdd-fc5d-45be-988b-6eded7b51bab","height":26,"min_height":0},"geometry":{"type":"Polygon","coordinates":[[[-73.99483501911163,40.731779210582324],[-73.99485647678375,40.73175482052605],[-73.99482429027557,40.73174262549457],[-73.99480283260345,40.73176701555531],[-73.99483501911163,40.731779210582324]]]}},{"type":"Feature","properties":{"id":"65356332-3034-3936-B936-623431646665","building_id":"638f5b21-5d59-445e-b708-474225c639d2","height":41.7,"min_height":0},"geometry":{"type":"Polygon","coordinates":[[[-73.99141252040863,40.7315190495212],[-73.99146616458893,40.731441814010346],[-73.99150371551514,40.73145400909697],[-73.99164319038391,40.73124669232046],[-73.99162173271179,40.731238562237635],[-73.99166464805603,40.73117352153923],[-73.99163782596588,40.73116132640121],[-73.99164855480194,40.731145066213685],[-73.99155735969543,40.73110441572753],[-73.99154126644135,40.731124740973726],[-73.9915144443512,40.73111254582675],[-73.99147152900696,40.73117352153923],[-73.99145007133484,40.73116539144746],[-73.9914071559906,40.73122230206899],[-73.99150907993317,40.731262952483135],[-73.99149298667908,40.7312873427197],[-73.99153590202332,40.73130360287245],[-73.99145007133484,40.731425553891384],[-73.9914071559906,40.73140929376843],[-73.99139106273651,40.73143368395136],[-73.99127840995789,40.73138896860916],[-73.99124085903168,40.73144587903946],[-73.99126768112183,40.73145807412535],[-73.99122476577759,40.7315190495212],[-73.9912462234497,40.731531244593654],[-73.99123549461365,40.73154750468681],[-73.99133205413818,40.73158815490227],[-73.99134278297424,40.73156782979763],[-73.99136960506439,40.73158002486117],[-73.99141252040863,40.7315190495212]]]}},{"type":"Feature","properties":{"id":"63306336-3161-3264-A531-633061303164","building_id":"867fe6ea-cdc3-452c-88eb-50a79f585b78","height":16.9,"min_height":0},"geometry":{"type":"Polygon","coordinates":[[[-73.9988100528717,40.733795424315915],[-73.99883687496185,40.733803554086336],[-73.998863697052,40.733766970111645],[-73.99891197681427,40.73378729454451],[-73.99898707866669,40.73368567231816],[-73.99891197681427,40.73365315317293],[-73.9988100528717,40.733795424315915]]]}},{"type":"Feature","properties":{"id":"35643531-3133-3562-B333-343535386335","building_id":"77f921ba-5721-4d05-b8ac-c3519f93b5a1","height":32,"min_height":0},"geometry":{"type":"Polygon","coordinates":[[[-73.99035036563873,40.73356779034111],[-73.99042010307312,40.733266987108415],[-73.99015724658966,40.73323040283871],[-73.99010360240936,40.733466167779454],[-73.99035036563873,40.73356779034111]]]}},{"type":"Feature","properties":{"id":"36383162-6332-3463-B232-393134393937","building_id":"3ab01fdd-fc5d-45be-988b-6eded7b51bab","height":30,"min_height":0},"geometry":{"type":"Polygon","coordinates":[[[-73.99519979953766,40.73234017940897],[-73.99516761302948,40.73233611443447],[-73.99515688419342,40.73234830935719],[-73.99517297744751,40.73235237433094],[-73.99519979953766,40.73234017940897]]]}},{"type":"Feature","properties":{"id":"62656534-3736-3764-B364-663630383937","building_id":"0b147246-5a16-4ca1-ba74-1d54d9190302","height":5,"min_height":0},"geometry":{"type":"Polygon","coordinates":[[[-73.99437367916107,40.73188083572055],[-73.99445950984955,40.731762950545814],[-73.99435222148895,40.73172230043711],[-73.99429857730865,40.73171010539967],[-73.99430394172668,40.73169791036],[-73.99416983127594,40.731645065162205],[-73.99415373802185,40.731665390243236],[-73.99416983127594,40.73167352027393],[-73.99411618709564,40.731746690505304],[-73.99410009384155,40.73173856048358],[-73.99408400058746,40.731762950545814],[-73.99421274662018,40.73181579564996],[-73.99422883987427,40.731803600629654],[-73.99426639080048,40.73184018568388],[-73.99437367916107,40.73188083572055]]]}},{"type":"Feature","properties":{"id":"36333431-3635-3035-B031-333964623963","building_id":"be468313-65bf-4609-935b-b0349c6ca610","height":27,"min_height":0},"geometry":{"type":"Polygon","coordinates":[[[-73.99035036563873,40.73446612703514],[-73.99038255214691,40.734340116737044],[-73.99031281471252,40.7343075979117],[-73.99030208587646,40.734319792473066],[-73.99009823799133,40.73423849535507],[-73.9900928735733,40.73405557647634],[-73.99010360240936,40.733880786855686],[-73.99032354354858,40.733970214160834],[-73.99032354354858,40.73411248462585],[-73.99058103561401,40.73422223591954],[-73.99052202701569,40.7345392941955],[-73.99065613746643,40.73460026676765],[-73.99078488349915,40.734006798023735],[-73.9900016784668,40.733673477640544],[-73.98998558521271,40.73405557647634],[-73.99001240730286,40.73432385732637],[-73.99035036563873,40.73446612703514]]]}},{"type":"Feature","properties":{"id":"32653239-6533-3138-B436-313664653939","building_id":"fee34588-01ec-4edd-8358-5482087e0657","height":82,"min_height":0},"geometry":{"type":"Polygon","coordinates":[[[-73.99286091327667,40.73442547857797],[-73.99289309978485,40.73438076524638],[-73.99280726909637,40.7343441815891],[-73.99287700653076,40.734246625071336],[-73.99282336235046,40.734226300778786],[-73.99270534515381,40.734364505845626],[-73.99286091327667,40.73442547857797]]]}},{"type":"Feature","properties":{"id":"64376338-6436-3262-A464-623464363561","building_id":"638f5b21-5d59-445e-b708-474225c639d2","height":54.7,"min_height":44.3},"geometry":{"type":"Polygon","coordinates":[[[-73.9914071559906,40.73140929376843],[-73.99145007133484,40.731425553891384],[-73.99153590202332,40.73130360287245],[-73.99149298667908,40.7312873427197],[-73.9914071559906,40.73140929376843]]]}},{"type":"Feature","properties":{"id":"32613034-3530-3265-B430-636531366136","building_id":"824e6454-95a0-4194-949e-75c2300980d9","height":4,"min_height":0},"geometry":{"type":"Polygon","coordinates":[[[-73.99335980415344,40.73145400909697],[-73.99339735507965,40.73140929376843],[-73.99332761764526,40.731380838543714],[-73.99329543113708,40.731425553891384],[-73.99335980415344,40.73145400909697]]]}},{"type":"Feature","properties":{"id":"31343962-3266-3537-B031-366666313165","building_id":"4dc7e84c-3faf-4bf5-9a9b-38869e75576b","height":18.2,"min_height":0},"geometry":{"type":"Polygon","coordinates":[[[-73.99870812892914,40.73392956540067],[-73.99878323078156,40.73396208441079],[-73.998863697052,40.73385233268793],[-73.99878859519958,40.73381981362417],[-73.99870812892914,40.73392956540067]]]}},{"type":"Feature","properties":{"id":"33393630-6133-3362-A565-336163303763","building_id":"3bb252c0-fa9d-4969-b0b0-feb6a90f60ee","height":19.6,"min_height":0},"geometry":{"type":"Polygon","coordinates":[[[-73.99658918380737,40.736860277352974],[-73.99671792984009,40.73690905371346],[-73.99678766727448,40.736815565657764],[-73.99665892124176,40.736762724524674],[-73.99681985378265,40.73654729485544],[-73.99673402309418,40.736510712389496],[-73.9965409040451,40.73677898333933],[-73.99662673473358,40.736811500956705],[-73.99658918380737,40.736860277352974]]]}},{"type":"Feature","properties":{"id":"65396530-3361-3662-B331-396335356132","building_id":"edd203de-0855-4ee4-ae31-9c3c88601669","height":7.6,"min_height":0},"geometry":{"type":"Polygon","coordinates":[[[-73.99946451187134,40.73301496173129],[-73.99928748607635,40.73325479235409],[-73.99942696094513,40.7333117011885],[-73.99949669837952,40.733214143156815],[-73.99942696094513,40.73318568870396],[-73.99945378303528,40.733149104389554],[-73.99946451187134,40.73315723423893],[-73.99949133396149,40.73312471483544],[-73.99966299533844,40.73319788347097],[-73.99971663951874,40.73312064990889],[-73.99946451187134,40.73301496173129]]]}},{"type":"Feature","properties":{"id":"66616565-3135-3539-B334-326334656338","building_id":"d8e43abd-40d8-419b-99e1-db6c4f930aa3","min_height":0},"geometry":{"type":"Polygon","coordinates":[[[-73.99736702442169,40.73596603773922],[-73.99737775325775,40.73594977872589],[-73.99730265140533,40.73592132544301],[-73.99729192256927,40.73593351970858],[-73.99736702442169,40.73596603773922]]]}},{"type":"Feature","properties":{"id":"64616138-3665-3331-B537-333561626532","building_id":"3ab01fdd-fc5d-45be-988b-6eded7b51bab","height":33,"min_height":0},"geometry":{"type":"Polygon","coordinates":[[[-73.99485111236572,40.732210100102236],[-73.99466872215271,40.73213286539355],[-73.99471700191498,40.732071890560206],[-73.99470090866089,40.73206376057821],[-73.99474382400513,40.73201091567098],[-73.99467945098877,40.73198652569964],[-73.99466335773468,40.73201091567098],[-73.9946311712265,40.73199872068643],[-73.99456143379211,40.73209628050025],[-73.99469017982483,40.73216132029666],[-73.99467408657074,40.7321897751876],[-73.99479746818542,40.73224261995276],[-73.99480819702148,40.732230425010684],[-73.9948296546936,40.73223855497231],[-73.99485111236572,40.732210100102236]]]}},{"type":"Feature","properties":{"id":"32633839-3239-3637-B030-386631653634","building_id":"3bb252c0-fa9d-4969-b0b0-feb6a90f60ee","height":54.8,"min_height":47},"geometry":{"type":"Polygon","coordinates":[[[-73.99679839611053,40.736803371553854],[-73.99671256542206,40.736921247798016],[-73.9968466758728,40.7369781534963],[-73.99693250656128,40.73685621265466],[-73.99679839611053,40.736803371553854]]]}},{"type":"Feature","properties":{"id":"32663736-6463-3436-A466-663664656639","building_id":"6267a738-cef3-40a3-b0fb-31a6f762a592","height":4,"min_height":0},"geometry":{"type":"Polygon","coordinates":[[[-73.99886906147003,40.733880786855686],[-73.99885296821594,40.73387265709472],[-73.99878323078156,40.73396208441079],[-73.9988100528717,40.73397427903548],[-73.9988100528717,40.73396614928593],[-73.99886906147003,40.733880786855686]]]}},{"type":"Feature","properties":{"id":"66303934-6566-3134-A564-663433663963","building_id":"fee34588-01ec-4edd-8358-5482087e0657","height":70,"min_height":0},"geometry":{"type":"Polygon","coordinates":[[[-73.99283409118652,40.734197846758796],[-73.99267852306366,40.73436857069619],[-73.99290919303894,40.73446612703514],[-73.992919921875,40.73445393250061],[-73.99270534515381,40.734364505845626],[-73.99282336235046,40.734226300778786],[-73.99305403232574,40.734319792473066],[-73.99307548999786,40.73429946820289],[-73.99283409118652,40.734197846758796]]]}},{"type":"Feature","properties":{"id":"34653037-6530-3337-B039-346365363533","building_id":"50c28b6d-5e69-45bd-b575-efb89f7a33e8","height":6,"min_height":0},"geometry":{"type":"Polygon","coordinates":[[[-73.99340271949768,40.72993367106906],[-73.99351000785828,40.7298035870577],[-73.9933168888092,40.72971008901747],[-73.99295210838318,40.73014505704512],[-73.9934778213501,40.73040115838571],[-73.99352073669434,40.73035237725396],[-73.99349927902222,40.73034018196545],[-73.9934778213501,40.73036457254026],[-73.9933168888092,40.73028733568934],[-73.99333834648132,40.730262945086245],[-73.99332225322723,40.7302548148832],[-73.99340808391571,40.73014912215346],[-73.99315059185028,40.73002310367934],[-73.99316132068634,40.73001090833047],[-73.99312913417816,40.72999464786184],[-73.99323105812073,40.729872694220404],[-73.9932632446289,40.72988895471884],[-73.99327397346497,40.729872694220404],[-73.99340271949768,40.72993367106906]]]}},{"type":"Feature","properties":{"id":"65343232-3863-3832-B533-656632306563","building_id":"3ab01fdd-fc5d-45be-988b-6eded7b51bab","height":30,"min_height":0},"geometry":{"type":"Polygon","coordinates":[[[-73.9952963590622,40.73194181072899],[-73.99526953697205,40.73193368073108],[-73.99525880813599,40.731945875727554],[-73.99528563022614,40.731954005723956],[-73.9952963590622,40.73194181072899]]]}},{"type":"Feature","properties":{"id":"33366533-3761-3033-B736-366533303033","building_id":"eb0bf6e1-5337-44e5-bb51-9f7a41d3b288","height":19.4,"min_height":0},"geometry":{"type":"Polygon","coordinates":[[[-73.99853646755219,40.73624650509369],[-73.99859547615051,40.73616927507056],[-73.99856328964233,40.73615301610689],[-73.99863839149475,40.73604733274626],[-73.99835407733917,40.735929454953634],[-73.99832725524902,40.73597010249192],[-73.9982682466507,40.735945713971944],[-73.998321890831,40.73587254835831],[-73.99817705154419,40.73581157695215],[-73.99811267852783,40.73590100166206],[-73.99812340736389,40.73590506641874],[-73.99810194969177,40.73593351970858],[-73.99809122085571,40.735929454953634],[-73.99802148342133,40.736027009003806],[-73.99816632270813,40.736087980212524],[-73.99821996688843,40.736010750005384],[-73.99827897548676,40.73603513850154],[-73.99822533130646,40.73611236868037],[-73.998321890831,40.73615301610689],[-73.99838089942932,40.73607985072126],[-73.99843454360962,40.73610423919208],[-73.99838089942932,40.736177404550894],[-73.99853646755219,40.73624650509369]]]}},{"type":"Feature","properties":{"id":"64663335-3064-3539-B330-666637303936","building_id":"3ab01fdd-fc5d-45be-988b-6eded7b51bab","height":26,"min_height":0},"geometry":{"type":"Polygon","coordinates":[[[-73.99458825588226,40.73211254045531],[-73.99456143379211,40.73209628050025],[-73.99453997612,40.73212473541901],[-73.99457216262817,40.732136930380456],[-73.99458825588226,40.73211254045531]]]}},{"type":"Feature","properties":{"id":"66353038-3337-3566-B366-346331313035","building_id":"fee34588-01ec-4edd-8358-5482087e0657","height":82,"min_height":0},"geometry":{"type":"Polygon","coordinates":[[[-73.99296283721924,40.73441328403596],[-73.99301648139954,40.73435637614377],[-73.99293601512909,40.73432385732637],[-73.99289309978485,40.73438076524638],[-73.99296283721924,40.73441328403596]]]}},{"type":"Feature","properties":{"id":"35396532-3062-3465-A130-356534333338","building_id":"3ab01fdd-fc5d-45be-988b-6eded7b51bab","min_height":0},"geometry":{"type":"Polygon","coordinates":[[[-73.99520516395569,40.73240521896697],[-73.99550557136536,40.731994655691075],[-73.99484574794769,40.7317141704124],[-73.99448096752167,40.73214506035351],[-73.99484038352966,40.73227107480893],[-73.9949369430542,40.73214506035351],[-73.99503886699677,40.73218571020393],[-73.9950281381607,40.732201970137126],[-73.99504959583282,40.732210100102236],[-73.99498522281647,40.73229546467596],[-73.99501204490662,40.732307659606136],[-73.99500131607056,40.73231985453405],[-73.99520516395569,40.73240521896697]]]}},{"type":"Feature","properties":{"id":"39346636-3137-3033-B966-333434643838","building_id":"77f921ba-5721-4d05-b8ac-c3519f93b5a1","height":10.6,"min_height":0},"geometry":{"type":"Polygon","coordinates":[[[-73.99042010307312,40.733266987108415],[-73.9900928735733,40.733222272998255],[-73.99002850055695,40.73349868701609],[-73.99033427238464,40.73362469890783],[-73.99042010307312,40.733266987108415]]]}},{"type":"Feature","properties":{"id":"65373232-6139-3132-A435-633938653234","building_id":"a3b05758-871b-4043-afd8-d2713c354c56","height":29.4,"min_height":0},"geometry":{"type":"Polygon","coordinates":[[[-73.99199187755585,40.73179547061487],[-73.99197578430176,40.731819860656245],[-73.99201333522797,40.73183612067885],[-73.99202942848206,40.73181173064344],[-73.99199187755585,40.73179547061487]]]}},{"type":"Feature","properties":{"id":"32643661-3438-3461-B965-383563366634","building_id":"a3b05758-871b-4043-afd8-d2713c354c56","height":38.2,"min_height":35.3},"geometry":{"type":"Polygon","coordinates":[[[-73.9917504787445,40.731645065162205],[-73.99170756340027,40.731706040386705],[-73.99179875850677,40.731746690505304],[-73.99181485176086,40.73173043046085],[-73.99187922477722,40.73175888553606],[-73.99185240268707,40.73179140560711],[-73.99195432662964,40.73183612067885],[-73.9920026063919,40.73177108056456],[-73.99187922477722,40.731718235424886],[-73.99190604686737,40.73167758528889],[-73.9918041229248,40.7316328701106],[-73.99178802967072,40.73166132522753],[-73.9917504787445,40.731645065162205]]]}},{"type":"Feature","properties":{"id":"64363165-3934-3432-A536-623231346134","building_id":"78d77da0-4d45-40d2-a1cc-4c1a35009dc7","height":5,"min_height":0},"geometry":{"type":"Polygon","coordinates":[[[-73.99290382862091,40.730897097861785],[-73.9928662776947,40.73094994365361],[-73.99290919303894,40.73096620388881],[-73.99293601512909,40.73093774847462],[-73.99294674396515,40.73094181353453],[-73.99296283721924,40.73092148823246],[-73.99290382862091,40.730897097861785]]]}},{"type":"Feature","properties":{"id":"66646633-3962-3631-A339-613438633565","building_id":"a3b05758-871b-4043-afd8-d2713c354c56","height":38.2,"min_height":35.3},"geometry":{"type":"Polygon","coordinates":[[[-73.99204552173615,40.73142148886101],[-73.99207770824432,40.731380838543714],[-73.99200797080994,40.73135238330684],[-73.99199724197388,40.731368643443695],[-73.99195969104767,40.73135238330684],[-73.9919114112854,40.731425553891384],[-73.99194896221161,40.731441814010346],[-73.99192750453949,40.73146620418135],[-73.99197578430176,40.73148652931703],[-73.99202942848206,40.731413358799536],[-73.99204552173615,40.73142148886101]]]}},{"type":"Feature","properties":{"id":"36383731-3963-3230-A239-313336316162","building_id":"c4e208ac-68fc-4113-aeb6-5bf17163876d","height":27,"min_height":0},"geometry":{"type":"Polygon","coordinates":[[[-73.99552166461945,40.72316489974368],[-73.99550557136536,40.72320555507989],[-73.99552166461945,40.72320962061216],[-73.99553775787354,40.72316896527842],[-73.99552166461945,40.72316489974368]]]}},{"type":"Feature","properties":{"id":"34636537-3239-3532-B238-376436326136","building_id":"c4e208ac-68fc-4113-aeb6-5bf17163876d","height":12,"min_height":0},"geometry":{"type":"Polygon","coordinates":[[[-73.99559676647186,40.72293316385305],[-73.99561285972595,40.72288844279883],[-73.99544656276703,40.72284778726893],[-73.995441198349,40.722868115036974],[-73.99548411369324,40.72288437724697],[-73.99548411369324,40.72290470500386],[-73.99552166461945,40.722900639452966],[-73.99552702903748,40.72291283610487],[-73.99555921554565,40.72291283610487],[-73.99555921554565,40.722925032754524],[-73.99559676647186,40.72293316385305]]]}},{"type":"Feature","properties":{"id":"32336266-6238-3139-A339-353331366564","building_id":"0196f72e-6a19-47e5-8daa-8a900cd7a4d3","height":26.2,"min_height":22.9},"geometry":{"type":"Polygon","coordinates":[[[-73.99615466594696,40.72121341440144],[-73.99609565734863,40.72119308612802],[-73.99607419967651,40.72125000527794],[-73.99613320827484,40.72126626788327],[-73.99615466594696,40.72121341440144]]]}},{"type":"Feature","properties":{"id":"62616438-3037-3239-A264-376537356333","building_id":"5351ca19-88e2-4f53-98a4-84548a42634c","height":23,"min_height":0},"geometry":{"type":"Polygon","coordinates":[[[-73.996342420578,40.72345761761016],[-73.99632096290588,40.72344948657568],[-73.99629950523376,40.72348201070757],[-73.99632096290588,40.72349014173808],[-73.996342420578,40.72345761761016]]]}},{"type":"Feature","properties":{"id":"64306332-6463-3835-B134-383332366665","building_id":"1d2032d2-a533-4a26-a79b-dc10c65fbcd2","height":11,"min_height":0},"geometry":{"type":"Polygon","coordinates":[[[-73.99985611438751,40.71978228878687],[-73.99981319904327,40.719761960076404],[-73.999764919281,40.719814814710716],[-73.99980783462524,40.71983920914318],[-73.99985611438751,40.71978228878687]]]}},{"type":"Feature","properties":{"id":"64613365-3636-3230-B638-646539623834","building_id":"9cbebc74-6399-4a22-b2b9-f21d0fab2474","height":8,"min_height":0},"geometry":{"type":"Polygon","coordinates":[[[-73.99827897548676,40.71978228878687],[-73.99828970432281,40.71977415730343],[-73.99813950061798,40.71970503965403],[-73.99812877178192,40.71971317114592],[-73.99827897548676,40.71978228878687]]]}},{"type":"Feature","properties":{"id":"37363537-3666-3166-A332-613431323563","building_id":"9cbebc74-6399-4a22-b2b9-f21d0fab2474","height":28.5,"min_height":26},"geometry":{"type":"Polygon","coordinates":[[[-73.99809122085571,40.71978228878687],[-73.99809658527374,40.71978635452822],[-73.99810194969177,40.71978228878687],[-73.99809658527374,40.71977822304527],[-73.99809122085571,40.71978228878687]]]}},{"type":"Feature","properties":{"id":"36333163-6432-3137-B966-666164353733","building_id":"9cbebc74-6399-4a22-b2b9-f21d0fab2474","height":17,"min_height":8},"geometry":{"type":"Polygon","coordinates":[[[-73.99767816066742,40.7205303810145],[-73.99768352508545,40.72053851240556],[-73.99769425392151,40.7205303810145],[-73.99768352508545,40.720526315318594],[-73.99767816066742,40.7205303810145]]]}},{"type":"Feature","properties":{"id":"30303165-3866-3136-A133-613537653832","building_id":"99d745f1-be3d-4840-a1d6-1384afdceab6","height":21.1,"min_height":0},"geometry":{"type":"Polygon","coordinates":[[[-74.00235593318939,40.72284778726893],[-74.00246322154999,40.722900639452966],[-74.00249540805817,40.722855918376894],[-74.0023934841156,40.72280713171416],[-74.00235593318939,40.72284778726893]]]}},{"type":"Feature","properties":{"id":"34363636-6234-3531-B562-613764306132","building_id":"a4432798-d4d6-4234-9222-070e3520ebc5","height":28.4,"min_height":0},"geometry":{"type":"Polygon","coordinates":[[[-73.9991158246994,40.719534278094905],[-73.99894952774048,40.719461094435474],[-73.99885833263397,40.71957493564871],[-73.99901926517487,40.71965218493254],[-73.9991158246994,40.719534278094905]]]}},{"type":"Feature","properties":{"id":"30386336-6361-3532-B534-356636366464","building_id":"7d752b8b-776c-43bc-97e4-f494ef8a60bb","height":4,"min_height":0},"geometry":{"type":"Polygon","coordinates":[[[-73.997061252594,40.720774322314426],[-73.99703979492188,40.7208271761449],[-73.99707734584808,40.72083530749972],[-73.99712026119232,40.720725534125954],[-73.99708271026611,40.72071333707325],[-73.997061252594,40.720774322314426]]]}},{"type":"Feature","properties":{"id":"62633962-6366-3165-B538-663037343238","building_id":"a83ceeba-bd85-4fa5-a681-3ce81b0bb5f9","height":27.7,"min_height":0},"geometry":{"type":"Polygon","coordinates":[[[-73.99586498737335,40.724132490007825],[-73.99585962295532,40.724128424531955],[-73.99581670761108,40.72418127569905],[-73.99582207202911,40.724185341171705],[-73.99580597877502,40.72420160305985],[-73.99585962295532,40.724225995884616],[-73.99595081806183,40.724112162625914],[-73.99590253829956,40.724087769759436],[-73.99586498737335,40.724132490007825]]]}},{"type":"Feature","properties":{"id":"62643737-6661-3138-A464-376635653431","building_id":"9cbebc74-6399-4a22-b2b9-f21d0fab2474","height":8,"min_height":0},"geometry":{"type":"Polygon","coordinates":[[[-73.99809658527374,40.72012787591514],[-73.99807512760162,40.72011567875291],[-73.99797856807709,40.72022545313242],[-73.9980000257492,40.720237650274505],[-73.99809658527374,40.72012787591514]]]}},{"type":"Feature","properties":{"id":"65633066-6635-3966-A631-353730333666","building_id":"d42447b2-4032-44d4-933a-09a79f0596c9","height":5,"min_height":0},"geometry":{"type":"Polygon","coordinates":[[[-73.99540901184082,40.72375439968823],[-73.99523735046387,40.72370967918582],[-73.99523198604584,40.72372187568945],[-73.99540364742279,40.72376659618369],[-73.99540901184082,40.72375439968823]]]}},{"type":"Feature","properties":{"id":"35333935-6362-3261-B666-366430363064","building_id":"a4432798-d4d6-4234-9222-070e3520ebc5","height":25,"min_height":0},"geometry":{"type":"Polygon","coordinates":[[[-73.99917483329773,40.71972536838189],[-73.9992767572403,40.71961559317769],[-73.9991158246994,40.719534278094905],[-73.99901926517487,40.71965218493254],[-73.99917483329773,40.71972536838189]]]}},{"type":"Feature","properties":{"id":"31636261-3061-3732-A133-643864666564","building_id":"9cbebc74-6399-4a22-b2b9-f21d0fab2474","height":27.5,"min_height":26},"geometry":{"type":"Polygon","coordinates":[[[-73.99810194969177,40.71977415730343],[-73.99809122085571,40.71977415730343],[-73.99809122085571,40.71978635452822],[-73.99823069572449,40.71984734061868],[-73.99824142456055,40.71984327488105],[-73.99823606014252,40.71983920914318],[-73.99810194969177,40.71977415730343]]]}},{"type":"Feature","properties":{"id":"38323730-3938-3134-B334-653766613462","building_id":"24277df5-7a5d-4e20-a1d2-60bff28a5313","height":59,"min_height":0},"geometry":{"type":"Polygon","coordinates":[[[-73.99990975856781,40.719639987683166],[-73.99984002113342,40.719607461673895],[-73.9998185634613,40.719631856182325],[-73.99988830089569,40.71966438217968],[-73.99990975856781,40.719639987683166]]]}},{"type":"Feature","properties":{"id":"66383236-3833-3265-B137-643261643730","building_id":"99d745f1-be3d-4840-a1d6-1384afdceab6","height":8,"min_height":0},"geometry":{"type":"Polygon","coordinates":[[[-74.00246322154999,40.722900639452966],[-74.00257050991058,40.72295349159505],[-74.00260806083679,40.72291283610487],[-74.00249540805817,40.722855918376894],[-74.00246322154999,40.722900639452966]]]}},{"type":"Feature","properties":{"id":"64613835-3630-3663-B661-646334646463","building_id":"9cbebc74-6399-4a22-b2b9-f21d0fab2474","height":32,"min_height":28},"geometry":{"type":"Polygon","coordinates":[[[-73.997962474823,40.72016853310638],[-73.997962474823,40.72017666454165],[-73.99796783924103,40.72017666454165],[-73.99796783924103,40.72016853310638],[-73.997962474823,40.72016853310638]]]}},{"type":"Feature","properties":{"id":"31636434-6630-3961-B664-383538623031","building_id":"d98c39f0-e491-488e-a22a-9c29c88cb6f8","height":26.1,"min_height":0},"geometry":{"type":"Polygon","coordinates":[[[-73.99598836898804,40.72318929294839],[-73.99595618247986,40.72327466909448],[-73.99597227573395,40.72329499673216],[-73.99608492851257,40.72334378303727],[-73.99611175060272,40.723303127785506],[-73.99602055549622,40.723266538037656],[-73.99604737758636,40.72320148954739],[-73.99598836898804,40.72318929294839]]]}},{"type":"Feature","properties":{"id":"62313030-3238-3638-B131-386366343463","building_id":"9cbebc74-6399-4a22-b2b9-f21d0fab2474","height":19,"min_height":8},"geometry":{"type":"Polygon","coordinates":[[[-73.9980000257492,40.720213255988064],[-73.99800539016724,40.72022138741789],[-73.9980161190033,40.720213255988064],[-73.99801075458527,40.720205124557275],[-73.9980000257492,40.720213255988064]]]}},{"type":"Feature","properties":{"id":"31613461-3230-3238-B830-383966313266","building_id":"7e037aa2-7048-4fd0-b4b2-b7a5fe1ca678","height":4.5,"min_height":0},"geometry":{"type":"Polygon","coordinates":[[[-73.99608492851257,40.72112396995197],[-73.99604737758636,40.72122154570907],[-73.99608492851257,40.721229677015714],[-73.99612247943878,40.72113616692944],[-73.99608492851257,40.72112396995197]]]}},{"type":"Feature","properties":{"id":"32656264-6230-3832-B563-663063363165","building_id":"ab2b9f2a-cf18-42cf-b50f-7a23ae2e023c","height":24,"min_height":21.5},"geometry":{"type":"Polygon","coordinates":[[[-74.00320887565613,40.72276241057527],[-74.00315523147583,40.722733951653055],[-74.00313913822174,40.722754279455884],[-74.00319278240204,40.72278273836941],[-74.00320887565613,40.72276241057527]]]}},{"type":"Feature","properties":{"id":"32323965-3261-3032-A132-313930353434","building_id":"a705c709-2a86-42db-94c9-6e0bc9772733","height":12.3,"min_height":0},"geometry":{"type":"Polygon","coordinates":[[[-73.99562895298004,40.72371781018849],[-73.99575233459473,40.72376659618369],[-73.9957845211029,40.72371781018849],[-73.99565577507019,40.72366495865334],[-73.99562895298004,40.72371781018849]]]}},{"type":"Feature","properties":{"id":"34666561-6663-3037-B064-373830386631","building_id":"342c0e7b-dbfb-49f4-a6b2-5e8522940ea1","height":28.3,"min_height":0},"geometry":{"type":"Polygon","coordinates":[[[-73.99572551250458,40.72129066178381],[-73.99582743644714,40.7213150556754],[-73.9958381652832,40.72129066178381],[-73.99573087692261,40.72127439918444],[-73.99572551250458,40.72129066178381]]]}},{"type":"Feature","properties":{"id":"61653937-6237-3363-A234-646463353363","building_id":"9cbebc74-6399-4a22-b2b9-f21d0fab2474","height":25,"min_height":23},"geometry":{"type":"Polygon","coordinates":[[[-73.99807512760162,40.72010754731019],[-73.99808585643768,40.72009128442176],[-73.99808049201965,40.72007908725285],[-73.9980697631836,40.72007502152939],[-73.99804830551147,40.72007908725285],[-73.99803757667542,40.720095350144256],[-73.99804294109344,40.72010348158847],[-73.9980536699295,40.720111613031676],[-73.99807512760162,40.72010754731019]]]}},{"type":"Feature","properties":{"id":"39336337-6266-3135-B138-366131383436","building_id":"c86185a3-81ad-4805-b549-e443207af57b","height":21.4,"min_height":0},"geometry":{"type":"Polygon","coordinates":[[[-73.99375677108765,40.72248188638219],[-73.99379968643188,40.72237618130708],[-73.9935690164566,40.72232332870658],[-73.99357438087463,40.72230706635953],[-73.99349927902222,40.72229080400848],[-73.99347245693207,40.72236398455686],[-73.99375677108765,40.72248188638219]]]}},{"type":"Feature","properties":{"id":"36363034-3561-3635-B161-333661623663","building_id":"094ac6b2-df59-4879-90d1-3fab8b628cc1","height":22.9,"min_height":0},"geometry":{"type":"Polygon","coordinates":[[[-73.99561822414398,40.718534094451805],[-73.9954948425293,40.71849343626228],[-73.99547874927521,40.71853002863397],[-73.995441198349,40.71852189699756],[-73.99542510509491,40.71855035772067],[-73.9955860376358,40.718603213317024],[-73.99561822414398,40.718534094451805]]]}},{"type":"Feature","properties":{"id":"36653434-6537-3238-B832-623430653261","building_id":"1d2032d2-a533-4a26-a79b-dc10c65fbcd2","height":100,"min_height":0},"geometry":{"type":"Polygon","coordinates":[[[-73.9997273683548,40.719794486010194],[-73.9996737241745,40.71985140635607],[-73.99971127510071,40.71987173503922],[-73.99977028369904,40.71981074897111],[-73.9997273683548,40.719794486010194]]]}},{"type":"Feature","properties":{"id":"30306162-3564-3431-A633-346164343533","building_id":"d4217872-8400-409a-8588-a0128dad4dff","height":58,"min_height":0},"geometry":{"type":"Polygon","coordinates":[[[-73.99139642715454,40.72955561370666],[-73.99138033390045,40.72954748341722],[-73.99130523204803,40.72964098168592],[-73.99107992649078,40.72961252570501],[-73.99111211299896,40.729466180468066],[-73.9911013841629,40.729466180468066],[-73.99107456207275,40.729482441065855],[-73.9910638332367,40.72953122283534],[-73.99104237556458,40.729567809138985],[-73.99103701114655,40.72959626513902],[-73.99107456207275,40.72962878626703],[-73.99120330810547,40.72964098168592],[-73.99128377437592,40.729665372517026],[-73.99130523204803,40.729665372517026],[-73.99132668972015,40.72965724224099],[-73.9913535118103,40.72963691654653],[-73.99137496948242,40.72958406971191],[-73.99139642715454,40.72955561370666]]]}},{"type":"Feature","properties":{"id":"32656430-6434-3630-A536-663131343935","building_id":"e71c072f-348d-4d42-8734-bc862225fef8","height":28.8,"min_height":0},"geometry":{"type":"Polygon","coordinates":[[[-73.99610102176666,40.716867088318324],[-73.99611711502075,40.716838626875564],[-73.99608492851257,40.71683049503254],[-73.99606883525848,40.71685489055862],[-73.99610102176666,40.716867088318324]]]}},{"type":"Feature","properties":{"id":"33363964-6365-3037-A431-333061393361","building_id":"9cbebc74-6399-4a22-b2b9-f21d0fab2474","height":27,"min_height":0},"geometry":{"type":"Polygon","coordinates":[[[-73.99822533130646,40.71988799798129],[-73.99818241596222,40.7198636035667],[-73.99802684783936,40.72005062718333],[-73.9980697631836,40.72007095580567],[-73.99822533130646,40.71988799798129]]]}},{"type":"Feature","properties":{"id":"31666164-3262-3436-A639-643238353830","building_id":"e71c072f-348d-4d42-8734-bc862225fef8","height":3.6,"min_height":0},"geometry":{"type":"Polygon","coordinates":[[[-73.99622976779938,40.71696060440172],[-73.99626731872559,40.71689554974892],[-73.99617075920105,40.716858956478774],[-73.99612784385681,40.71692401116734],[-73.99622976779938,40.71696060440172]]]}},{"type":"Feature","properties":{"id":"65613539-3339-3864-B036-623261623465","building_id":"7ed2c088-a834-4ddd-b3eb-dd6d2e05f05f","height":7.5,"min_height":0},"geometry":{"type":"Polygon","coordinates":[[[-73.99952352046967,40.720009969920085],[-73.99957716464996,40.72003436428103],[-73.99964690208435,40.71995304970979],[-73.99959325790405,40.719924589586384],[-73.99952352046967,40.720009969920085]]]}},{"type":"Feature","properties":{"id":"61316136-6131-3734-A665-663536393162","building_id":"d0a96438-4827-488e-951d-5157cc37d101","height":90,"min_height":0},"geometry":{"type":"Polygon","coordinates":[[[-73.99868130683899,40.72678312741896],[-73.99872422218323,40.72672621300079],[-73.99853646755219,40.726632710636714],[-73.99848818778992,40.726689625134824],[-73.99868130683899,40.72678312741896]]]}},{"type":"Feature","properties":{"id":"30356165-3934-3537-B539-313765313866","building_id":"97eb37b3-894c-421e-b718-24eaa2d3188e","height":92,"min_height":0},"geometry":{"type":"Polygon","coordinates":[[[-73.99901926517487,40.72723437572579],[-73.99906754493713,40.7271815269832],[-73.99897634983063,40.72713680878358],[-73.99892807006836,40.727189657561716],[-73.99901926517487,40.72723437572579]]]}},{"type":"Feature","properties":{"id":"35653064-3737-3832-B131-306434396534","building_id":"9cbebc74-6399-4a22-b2b9-f21d0fab2474","height":21,"min_height":17},"geometry":{"type":"Polygon","coordinates":[[[-73.99768888950348,40.72054257810072],[-73.99769961833954,40.7205303810145],[-73.99758696556091,40.72048159264722],[-73.99757623672485,40.720493789742406],[-73.99768888950348,40.72054257810072]]]}},{"type":"Feature","properties":{"id":"32653665-3935-3537-B965-356263616661","building_id":"91cdf620-07d3-48ee-b80e-3493f9296be1","height":38,"min_height":35},"geometry":{"type":"Polygon","coordinates":[[[-73.99715781211853,40.72114023258809],[-73.997243642807,40.720904423975504],[-73.99718463420868,40.72089222695559],[-73.9970988035202,40.721128035611365],[-73.99715781211853,40.72114023258809]]]}},{"type":"Feature","properties":{"id":"36353133-3862-3534-A235-643134346465","building_id":"e71c072f-348d-4d42-8734-bc862225fef8","height":28.8,"min_height":0},"geometry":{"type":"Polygon","coordinates":[[[-73.99601519107819,40.716806099497504],[-73.99599373340607,40.716797967650514],[-73.99598300457001,40.716822363188506],[-73.9959990978241,40.71683049503254],[-73.99601519107819,40.716806099497504]]]}},{"type":"Feature","properties":{"id":"33333930-3932-3133-B530-313062373862","building_id":"cdc22411-d0f3-4184-b6d0-afc505c9015a","height":20,"min_height":0},"geometry":{"type":"Polygon","coordinates":[[[-73.99488866329193,40.72236805014051],[-73.99506032466888,40.72240464038227],[-73.99508714675903,40.72233145987864],[-73.99492084980011,40.72229486959664],[-73.99488866329193,40.72236805014051]]]}},{"type":"Feature","properties":{"id":"30613630-3834-3237-A137-666137663132","building_id":"c8038760-a22d-411d-8c5e-9f3807116beb","height":19.6,"min_height":0},"geometry":{"type":"Polygon","coordinates":[[[-73.99686813354492,40.721510206486336],[-73.99691104888916,40.721400434225586],[-73.99661064147949,40.72130285873072],[-73.99655163288116,40.72146141883724],[-73.99663209915161,40.721477681390915],[-73.99664282798767,40.721449221919386],[-73.99665355682373,40.7214451562796],[-73.99668574333191,40.721453287558916],[-73.99670720100403,40.72139230293981],[-73.99676084518433,40.721400434225586],[-73.99671792984009,40.7214980095774],[-73.99678230285645,40.721510206486336],[-73.99679839611053,40.721481747028704],[-73.9968091249466,40.721477681390915],[-73.99683058261871,40.721481747028704],[-73.99681985378265,40.7214980095774],[-73.99686813354492,40.721510206486336]]]}},{"type":"Feature","properties":{"id":"30386262-3037-3835-B437-386262653733","building_id":"f3642066-e51f-428a-abd0-baa1ce1d5b6b","height":23,"min_height":19.4},"geometry":{"type":"Polygon","coordinates":[[[-74.00285482406616,40.72944585471527],[-74.00291383266449,40.729425528956256],[-74.0028977394104,40.7293970728832],[-74.00283873081207,40.729417398650924],[-74.00285482406616,40.72944585471527]]]}},{"type":"Feature","properties":{"id":"61613465-3235-3834-B039-353761643632","building_id":"1d2032d2-a533-4a26-a79b-dc10c65fbcd2","height":84,"min_height":0},"geometry":{"type":"Polygon","coordinates":[[[-73.99969518184662,40.71989206371618],[-73.99989902973175,40.71966844792824],[-73.99975419044495,40.71959933016908],[-73.99954497814178,40.71982294618921],[-73.99969518184662,40.71989206371618]]]}},{"type":"Feature","properties":{"id":"66373131-3633-3662-A133-666261323931","building_id":"9cbebc74-6399-4a22-b2b9-f21d0fab2474","height":44,"min_height":43},"geometry":{"type":"Polygon","coordinates":[[[-73.99793565273285,40.72013194163538],[-73.99794101715088,40.7201197444739],[-73.99792492389679,40.72011567875291],[-73.99791955947876,40.72012787591514],[-73.99793565273285,40.72013194163538]]]}},{"type":"Feature","properties":{"id":"33633164-6636-3362-B430-393433316466","building_id":"ece5314a-eaf4-496e-b981-272a1f0745b7","height":14.9,"min_height":0},"geometry":{"type":"Polygon","coordinates":[[[-73.99946987628937,40.71998150982101],[-73.99953961372375,40.71990019518521],[-73.99948060512543,40.71987173503922],[-73.99931967258453,40.72005875863301],[-73.99937868118286,40.72008721869905],[-73.99946987628937,40.71998150982101]]]}},{"type":"Feature","properties":{"id":"63663432-6631-3534-B764-636261393634","building_id":"d4217872-8400-409a-8588-a0128dad4dff","height":12,"min_height":0},"geometry":{"type":"Polygon","coordinates":[[[-73.99146616458893,40.729588134854524],[-73.99139642715454,40.72955561370666],[-73.99137496948242,40.72958406971191],[-73.9913535118103,40.72963691654653],[-73.99132668972015,40.72965724224099],[-73.99130523204803,40.729665372517026],[-73.99128377437592,40.729665372517026],[-73.99120330810547,40.72964098168592],[-73.99107456207275,40.72962878626703],[-73.99103701114655,40.72959626513902],[-73.99104237556458,40.729567809138985],[-73.9910638332367,40.72953122283534],[-73.99106919765472,40.72950276680749],[-73.99100482463837,40.72949057136324],[-73.99095118045807,40.72966130737913],[-73.9913535118103,40.729726349555655],[-73.99146616458893,40.729588134854524]]]}},{"type":"Feature","properties":{"id":"38643862-6333-3435-A263-333235346339","building_id":"a07f39fb-d851-4f27-80dd-031086f95406","height":4,"min_height":0},"geometry":{"type":"Polygon","coordinates":[[[-74.00351464748383,40.72743357445535],[-74.00352001190186,40.7273969869783],[-74.0034556388855,40.727388856425094],[-74.00343954563141,40.727429509181114],[-74.00351464748383,40.72743357445535]]]}},{"type":"Feature","properties":{"id":"33633230-6365-3534-B834-373938356432","building_id":"d5204c0f-8914-4ba1-8db2-9e361ae646df","height":24,"min_height":20.9},"geometry":{"type":"Polygon","coordinates":[[[-73.99455070495605,40.72269736159232],[-73.99451315402985,40.722689230464965],[-73.99450242519379,40.722721754968376],[-73.99453997612,40.722733951653055],[-73.99455070495605,40.72269736159232]]]}},{"type":"Feature","properties":{"id":"63353563-3936-3464-B938-663431363065","building_id":"1d2032d2-a533-4a26-a79b-dc10c65fbcd2","height":8,"min_height":0},"geometry":{"type":"Polygon","coordinates":[[[-73.99946987628937,40.71978635452822],[-73.99954497814178,40.71982294618921],[-73.99966835975647,40.719688776667276],[-73.99959325790405,40.71965218493254],[-73.99946987628937,40.71978635452822]]]}},{"type":"Feature","properties":{"id":"61636431-6437-3538-A430-303762333937","building_id":"d8aaaff5-d66b-482f-a012-08efa759db72","height":8,"min_height":0},"geometry":{"type":"Polygon","coordinates":[[[-73.99957716464996,40.72003436428103],[-73.99963080883026,40.72006282435747],[-73.99970054626465,40.71997744409158],[-73.99964690208435,40.71995304970979],[-73.99957716464996,40.72003436428103]]]}},{"type":"Feature","properties":{"id":"65343135-3232-3664-A634-666661613335","building_id":"9a3c7f97-6600-41cc-a9b6-706fad0c8b24","height":35,"min_height":0},"geometry":{"type":"Polygon","coordinates":[[[-73.9953875541687,40.720526315318594],[-73.99530172348022,40.720493789742406],[-73.99526953697205,40.72055070949029],[-73.99535536766052,40.72057916934599],[-73.99532854557037,40.72061982626161],[-73.99540364742279,40.72064422039904],[-73.9953339099884,40.72061982626161],[-73.9953875541687,40.720526315318594]]]}},{"type":"Feature","properties":{"id":"37623733-6232-3761-B736-376662343931","building_id":"9cbebc74-6399-4a22-b2b9-f21d0fab2474","height":27.5,"min_height":26},"geometry":{"type":"Polygon","coordinates":[[[-73.99768352508545,40.72046939554983],[-73.99769961833954,40.72046126415032],[-73.99770498275757,40.7204531327498],[-73.99769961833954,40.720440935647204],[-73.99768352508545,40.72043686994583],[-73.99766743183136,40.720440935647204],[-73.99766206741333,40.720457198450184],[-73.99767279624939,40.7204653298502],[-73.99768352508545,40.72046939554983]]]}},{"type":"Feature","properties":{"id":"63396635-3863-3232-B339-663266386633","building_id":"9fb76dfc-1b1f-4ec5-8532-0d954e10abd0","height":39.9,"min_height":0},"geometry":{"type":"Polygon","coordinates":[[[-73.99359047412872,40.72709209055394],[-73.99371922016144,40.726880694879696],[-73.99365484714508,40.72684817240868],[-73.99348855018616,40.72704330699641],[-73.99359047412872,40.72709209055394]]]}},{"type":"Feature","properties":{"id":"32353339-3730-3664-B664-373739356635","building_id":"9cbebc74-6399-4a22-b2b9-f21d0fab2474","height":27,"min_height":23},"geometry":{"type":"Polygon","coordinates":[[[-73.99768888950348,40.72049785544029],[-73.99772644042969,40.72048159264722],[-73.99774253368378,40.7204531327498],[-73.99772644042969,40.72042060713786],[-73.99768352508545,40.72040841002928],[-73.99764597415924,40.72041654143525],[-73.99762451648712,40.72044500134831],[-73.99763524532318,40.720477526948336],[-73.99764597415924,40.72048972404425],[-73.99768888950348,40.72049785544029]]]}},{"type":"Feature","properties":{"id":"38336563-6261-3565-B161-353263376364","building_id":"1acdc783-b5ec-4c5c-a211-a54af2089491","height":30,"min_height":0},"geometry":{"type":"Polygon","coordinates":[[[-74.00257587432861,40.722685164900916],[-74.00261878967285,40.72270549271866],[-74.00261878967285,40.72270955828146],[-74.00267779827118,40.722733951653055],[-74.00276899337769,40.722733951653055],[-74.00281190872192,40.722685164900916],[-74.00277435779572,40.722668902642276],[-74.00278508663177,40.72265670594567],[-74.00279581546783,40.72266077151147],[-74.0028065443039,40.722652640379636],[-74.00268316268921,40.72259165685941],[-74.00267243385315,40.72259978799868],[-74.00268316268921,40.72260791913695],[-74.00257587432861,40.722685164900916]]]}},{"type":"Feature","properties":{"id":"37633062-3464-3565-B863-393665333538","building_id":"0196f72e-6a19-47e5-8daa-8a900cd7a4d3","height":26.2,"min_height":22.9},"geometry":{"type":"Polygon","coordinates":[[[-73.99631023406982,40.721481747028704],[-73.99626195430756,40.721469550114584],[-73.9962512254715,40.7214939439406],[-73.99629950523376,40.72150614085029],[-73.99631023406982,40.721481747028704]]]}},{"type":"Feature","properties":{"id":"37396536-6431-3262-B638-373962663561","building_id":"c4e208ac-68fc-4113-aeb6-5bf17163876d","height":25.5,"min_height":0},"geometry":{"type":"Polygon","coordinates":[[[-73.99550557136536,40.72295349159505],[-73.99541437625885,40.72293316385305],[-73.99539291858673,40.722986015969305],[-73.99548411369324,40.72300634369516],[-73.99550557136536,40.72295349159505]]]}},{"type":"Feature","properties":{"id":"37653031-6630-3231-A165-363933356435","building_id":"9fb76dfc-1b1f-4ec5-8532-0d954e10abd0","height":8,"min_height":0},"geometry":{"type":"Polygon","coordinates":[[[-73.99360656738281,40.72714900465919],[-73.99377286434174,40.72690508672254],[-73.9937674999237,40.72690508672254],[-73.99360656738281,40.72714900465919]]]}},{"type":"Feature","properties":{"id":"66353466-3930-3237-B635-353465363035","building_id":"50c28b6d-5e69-45bd-b575-efb89f7a33e8","height":102,"min_height":91.8},"geometry":{"type":"Polygon","coordinates":[[[-73.99354219436646,40.73021416385317],[-73.99360120296478,40.73014505704512],[-73.99346709251404,40.73008001527786],[-73.99340808391571,40.73014912215346],[-73.99354219436646,40.73021416385317]]]}},{"type":"Feature","properties":{"id":"31623338-6438-3237-A165-616530613666","building_id":"9cbebc74-6399-4a22-b2b9-f21d0fab2474","height":22,"min_height":0},"geometry":{"type":"Polygon","coordinates":[[[-73.99826288223267,40.719904260919364],[-73.99833798408508,40.71981074897111],[-73.9980697631836,40.71968471091996],[-73.99800539016724,40.71978635452822],[-73.99826288223267,40.719904260919364]]]}},{"type":"Feature","properties":{"id":"30393336-3933-3634-B232-373761313639","building_id":"9cbebc74-6399-4a22-b2b9-f21d0fab2474","height":41.5,"min_height":40},"geometry":{"type":"Polygon","coordinates":[[[-73.99793565273285,40.720136007355364],[-73.99794638156891,40.7201197444739],[-73.99792492389679,40.720111613031676],[-73.99791419506073,40.72012787591514],[-73.99793565273285,40.720136007355364]]]}},{"type":"Feature","properties":{"id":"66326538-3137-3637-B162-356230383730","building_id":"201f9bda-3ca1-47a6-aab6-fbe8612e0409","height":24,"min_height":20.8},"geometry":{"type":"Polygon","coordinates":[[[-73.99568259716034,40.72312017884517],[-73.99563431739807,40.72310798223125],[-73.99562895298004,40.72312830991986],[-73.99567723274231,40.72314050653003],[-73.99568259716034,40.72312017884517]]]}},{"type":"Feature","properties":{"id":"66653638-3631-3436-B939-646434383737","building_id":"ec42dd7e-bc5c-4caa-b904-2c8eed360e9e","height":25,"min_height":0},"geometry":{"type":"Polygon","coordinates":[[[-73.99505496025085,40.721656569219064],[-73.99507641792297,40.72160371604714],[-73.99500131607056,40.72158745352426],[-73.99497985839844,40.72164030670909],[-73.99505496025085,40.721656569219064]]]}},{"type":"Feature","properties":{"id":"39643435-3837-3163-B061-343331336239","building_id":"05a75c73-2627-4123-91ce-b7ea7bd4c76c","height":44,"min_height":43},"geometry":{"type":"Polygon","coordinates":[[[-73.99693250656128,40.72955154856206],[-73.99686276912689,40.729519027396314],[-73.99689495563507,40.729482441065855],[-73.99683594703674,40.72945398501714],[-73.99678766727448,40.72950276680749],[-73.99691641330719,40.729567809138985],[-73.99693250656128,40.72955154856206]]]}},{"type":"Feature","properties":{"id":"62653032-3333-3137-B566-323334626366","building_id":"1d2032d2-a533-4a26-a79b-dc10c65fbcd2","height":107,"min_height":0},"geometry":{"type":"Polygon","coordinates":[[[-73.9996200799942,40.71974163135972],[-73.9997273683548,40.719794486010194],[-73.99979710578918,40.71972130263681],[-73.99968981742859,40.71966844792824],[-73.9996200799942,40.71974163135972]]]}},{"type":"Feature","properties":{"id":"38303462-6662-3634-A137-633366643533","building_id":"2595635e-8d9f-4555-a623-ca2f3afb0e72","height":29,"min_height":0},"geometry":{"type":"Polygon","coordinates":[[[-74.0032947063446,40.72225014811354],[-74.00327324867249,40.722237951340205],[-74.00323033332825,40.72229080400848],[-74.00325179100037,40.72230300077214],[-74.0032947063446,40.72225014811354]]]}},{"type":"Feature","properties":{"id":"33323763-3361-3037-B864-646165663636","building_id":"7e037aa2-7048-4fd0-b4b2-b7a5fe1ca678","height":20.2,"min_height":0},"geometry":{"type":"Polygon","coordinates":[[[-73.99574160575867,40.721152429562565],[-73.9958381652832,40.72117275784841],[-73.99584352970123,40.72114023258809],[-73.99585962295532,40.72113616692944],[-73.99587035179138,40.72114023258809],[-73.99593472480774,40.72115649522022],[-73.99595081806183,40.72111583863242],[-73.99597227573395,40.72111990429232],[-73.99598836898804,40.721128035611365],[-73.99598300457001,40.72114836390465],[-73.99597227573395,40.72114836390465],[-73.99595618247986,40.72120121743814],[-73.99604737758636,40.72122154570907],[-73.99608492851257,40.72112396995197],[-73.99579524993896,40.72102639405183],[-73.99574160575867,40.721152429562565]]]}},{"type":"Feature","properties":{"id":"36353762-3231-3539-B338-386666353030","building_id":"16629c51-5c3d-433e-a574-31726450179c","height":22.6,"min_height":0},"geometry":{"type":"Polygon","coordinates":[[[-74.00065004825592,40.71963592193286],[-74.00041401386261,40.71992052385348],[-74.00046229362488,40.71994491824721],[-74.00051057338715,40.71988799798129],[-74.0005373954773,40.71990019518521],[-74.00063395500183,40.71978635452822],[-74.00071442127228,40.71982294618921],[-74.00080561637878,40.7197091054001],[-74.00065004825592,40.71963592193286]]]}},{"type":"Feature","properties":{"id":"66353362-3066-3138-B731-656235656630","building_id":"d98c39f0-e491-488e-a22a-9c29c88cb6f8","height":24,"min_height":0},"geometry":{"type":"Polygon","coordinates":[[[-73.9959454536438,40.72309172007592],[-73.99585962295532,40.723319389889184],[-73.99614930152893,40.72343729002214],[-73.99618685245514,40.72333565198892],[-73.99611175060272,40.723303127785506],[-73.99608492851257,40.72334378303727],[-73.99597227573395,40.72329499673216],[-73.99591863155365,40.72331125883784],[-73.99590790271759,40.72328686567783],[-73.99595618247986,40.72327466909448],[-73.99598836898804,40.72318929294839],[-73.99604737758636,40.72320148954739],[-73.99607956409454,40.72312017884517],[-73.9959454536438,40.72309172007592]]]}},{"type":"Feature","properties":{"id":"35393662-6364-3435-B664-326361346139","building_id":"b2010bd5-adb2-4e98-b5a3-5812145b861b","height":30,"min_height":0},"geometry":{"type":"Polygon","coordinates":[[[-73.99318814277649,40.72315676867346],[-73.99318814277649,40.72316489974368],[-73.99349927902222,40.7232299482697],[-73.99359047412872,40.723010409239585],[-73.9932632446289,40.722945360499],[-73.9932632446289,40.72295349159505],[-73.993279337883,40.72295755714269],[-73.99320960044861,40.7231608342087],[-73.99318814277649,40.72315676867346]]]}},{"type":"Feature","properties":{"id":"62653231-3736-3239-B235-306435306431","building_id":"0a40496f-a61e-4ef3-990b-837e4037d6c2","height":15,"min_height":0},"geometry":{"type":"Polygon","coordinates":[[[-73.99442732334137,40.722416837125074],[-73.99445414543152,40.72234772221972],[-73.99438977241516,40.722335525464274],[-73.99436831474304,40.72240057480086],[-73.99442732334137,40.722416837125074]]]}},{"type":"Feature","properties":{"id":"35623965-3466-3134-B061-373963323964","building_id":"a0318db8-d075-4230-a726-057887fdc61a","height":29,"min_height":0},"geometry":{"type":"Polygon","coordinates":[[[-74.00344491004944,40.72232332870658],[-74.00342345237732,40.72231113194667],[-74.00337517261505,40.72236398455686],[-74.0034019947052,40.72237618130708],[-74.00344491004944,40.72232332870658]]]}},{"type":"Feature","properties":{"id":"34616635-3264-3265-A166-366135313837","building_id":"05a75c73-2627-4123-91ce-b7ea7bd4c76c","height":44.5,"min_height":43},"geometry":{"type":"Polygon","coordinates":[[[-73.99750649929047,40.72944178956397],[-73.99757623672485,40.72936048648569],[-73.99750113487244,40.72932390006806],[-73.99743139743805,40.729405203191035],[-73.99750649929047,40.72944178956397]]]}},{"type":"Feature","properties":{"id":"30613230-6630-3237-B238-363232363632","building_id":"9cbebc74-6399-4a22-b2b9-f21d0fab2474","height":19,"min_height":8},"geometry":{"type":"Polygon","coordinates":[[[-73.99798929691315,40.72022545313242],[-73.99799466133118,40.72022951884669],[-73.99800539016724,40.72022545313242],[-73.99799466133118,40.72021732170311],[-73.99798929691315,40.72022545313242]]]}},{"type":"Feature","properties":{"id":"65336232-3433-3534-B566-326530303835","building_id":"9cbebc74-6399-4a22-b2b9-f21d0fab2474","height":17,"min_height":8},"geometry":{"type":"Polygon","coordinates":[[[-73.9982521533966,40.71976602581899],[-73.99825751781464,40.71977415730343],[-73.9982682466507,40.71976602581899],[-73.99826288223267,40.719761960076404],[-73.9982521533966,40.71976602581899]]]}},{"type":"Feature","properties":{"id":"30626338-3964-3464-B939-623663663665","building_id":"a705c709-2a86-42db-94c9-6e0bc9772733","height":6,"min_height":0},"geometry":{"type":"Polygon","coordinates":[[[-73.99580597877502,40.72373000669066],[-73.9957845211029,40.72371781018849],[-73.99575233459473,40.72376659618369],[-73.99577379226685,40.723778792676896],[-73.99580597877502,40.72373000669066]]]}},{"type":"Feature","properties":{"id":"39376237-6235-3861-A165-633262376365","building_id":"33792804-a02f-4c2f-8b67-3225b252bac9","height":22,"min_height":0},"geometry":{"type":"Polygon","coordinates":[[[-74.00080561637878,40.7197091054001],[-74.00060176849365,40.71995304970979],[-74.00067687034607,40.719989641279135],[-74.00085389614105,40.71978228878687],[-74.0008270740509,40.71977009156134],[-74.00085926055908,40.7197334998713],[-74.00080561637878,40.7197091054001]]]}},{"type":"Feature","properties":{"id":"66623937-3463-3832-A536-373730393862","building_id":"5351ca19-88e2-4f53-98a4-84548a42634c","height":20.3,"min_height":0},"geometry":{"type":"Polygon","coordinates":[[[-73.99621903896332,40.72335597960796],[-73.9963048696518,40.72340476586839],[-73.99633169174194,40.72334378303727],[-73.996342420578,40.72325840697985],[-73.99626195430756,40.72327466909448],[-73.99631559848785,40.72328686567783],[-73.9963048696518,40.7233071933118],[-73.9962512254715,40.72329499673216],[-73.99622976779938,40.72334784856109],[-73.99622440338135,40.72334378303727],[-73.99621903896332,40.72335597960796]]]}},{"type":"Feature","properties":{"id":"30323464-6232-3665-A539-653764393965","building_id":"ec42dd7e-bc5c-4caa-b904-2c8eed360e9e","height":19.9,"min_height":0},"geometry":{"type":"Polygon","coordinates":[[[-73.99470090866089,40.722014343433024],[-73.99486720561981,40.72159151915536],[-73.99497985839844,40.72164030670909],[-73.99500131607056,40.72158745352426],[-73.99507641792297,40.72160371604714],[-73.99504959583282,40.72166876609892],[-73.99515688419342,40.72171348797265],[-73.99501204490662,40.72208752428535],[-73.99517297744751,40.72212411468133],[-73.99535536766052,40.72164843796456],[-73.99514615535736,40.72156712536508],[-73.99509251117706,40.72155492846658],[-73.995081782341,40.7215752566295],[-73.99503886699677,40.72156712536508],[-73.99503886699677,40.7215752566295],[-73.99500668048859,40.72156712536508],[-73.9950281381607,40.7215183377577],[-73.9948296546936,40.721437024999275],[-73.99474918842316,40.721416696794165],[-73.99453461170197,40.7219777529767],[-73.99470090866089,40.722014343433024]]]}},{"type":"Feature","properties":{"id":"39663035-6130-3735-B439-303437633136","building_id":"9cbebc74-6399-4a22-b2b9-f21d0fab2474","height":27,"min_height":0},"geometry":{"type":"Polygon","coordinates":[[[-73.99769961833954,40.72039214721436],[-73.99772644042969,40.72040027862233],[-73.99789810180664,40.72019292740922],[-73.99784445762634,40.72016853310638],[-73.99769961833954,40.72039214721436]]]}},{"type":"Feature","properties":{"id":"61656538-3664-3439-B334-613162323261","building_id":"c8038760-a22d-411d-8c5e-9f3807116beb","height":3,"min_height":0},"geometry":{"type":"Polygon","coordinates":[[[-73.99686813354492,40.721510206486336],[-73.99690568447113,40.7215183377577],[-73.99694323539734,40.7214126311524],[-73.99691104888916,40.721400434225586],[-73.99686813354492,40.721510206486336]]]}},{"type":"Feature","properties":{"id":"63333232-3863-3561-A431-326636306465","building_id":"24277df5-7a5d-4e20-a1d2-60bff28a5313","height":56.4,"min_height":0},"geometry":{"type":"Polygon","coordinates":[[[-74.00011360645294,40.71952208082392],[-74.00002241134644,40.719481423237816],[-74.00002777576447,40.719469225957155],[-73.99989902973175,40.71940823952028],[-73.99973273277283,40.71958713291002],[-73.99974882602692,40.719595264416306],[-73.99979174137115,40.719546475363664],[-73.99986684322357,40.71957900140274],[-73.99984002113342,40.719607461673895],[-73.99990975856781,40.719639987683166],[-73.99996340274811,40.7195830671565],[-74.0000331401825,40.71961559317769],[-74.00011360645294,40.71952208082392]]]}},{"type":"Feature","properties":{"id":"62646238-3532-3164-B434-313438333363","building_id":"e31d3891-3dfd-49ee-b4cd-502d16fef23d","height":5,"min_height":0},"geometry":{"type":"Polygon","coordinates":[[[-73.99460434913635,40.72245342734002],[-73.99472236633301,40.72247782080548],[-73.99474918842316,40.72240870596346],[-73.9946311712265,40.722384312472656],[-73.99460434913635,40.72245342734002]]]}},{"type":"Feature","properties":{"id":"35643063-3962-3732-B136-313735316466","building_id":"9cbebc74-6399-4a22-b2b9-f21d0fab2474","height":34,"min_height":32},"geometry":{"type":"Polygon","coordinates":[[[-73.997962474823,40.72016853310638],[-73.99797856807709,40.72016040167012],[-73.9980000257492,40.72013194163538],[-73.99798929691315,40.720099415866486],[-73.997962474823,40.72007502152939],[-73.99791955947876,40.72007095580567],[-73.99789810180664,40.72007908725285],[-73.99786591529846,40.720099415866486],[-73.99786055088043,40.72013194163538],[-73.99787127971649,40.720148204513855],[-73.99789810180664,40.72016853310638],[-73.99791955947876,40.72017666454165],[-73.997962474823,40.72016853310638]]]}},{"type":"Feature","properties":{"id":"61373832-3736-3139-B835-393063633162","building_id":"27777ad2-2108-4d06-a582-3e3168fab49b","height":26,"min_height":0},"geometry":{"type":"Polygon","coordinates":[[[-74.00000631809235,40.720123810194636],[-74.0000331401825,40.72009128442176],[-73.99998486042023,40.72007095580567],[-73.9999794960022,40.72007502152939],[-73.99995803833008,40.72006282435747],[-73.99993658065796,40.72009128442176],[-74.00000631809235,40.720123810194636]]]}},{"type":"Feature","properties":{"id":"63656232-3036-3230-B133-316635636538","building_id":"9cbebc74-6399-4a22-b2b9-f21d0fab2474","height":17,"min_height":8},"geometry":{"type":"Polygon","coordinates":[[[-73.99821996688843,40.71974976284713],[-73.99822533130646,40.71975789433355],[-73.99823606014252,40.71975382859046],[-73.99822533130646,40.71974569710355],[-73.99821996688843,40.71974976284713]]]}},{"type":"Feature","properties":{"id":"39303030-3862-3130-B334-313363376337","building_id":"91cdf620-07d3-48ee-b80e-3493f9296be1","height":35,"min_height":22},"geometry":{"type":"Polygon","coordinates":[[[-73.99732947349548,40.72122154570907],[-73.99743676185608,40.72094914636277],[-73.99743139743805,40.72090035830246],[-73.99718463420868,40.72080278207452],[-73.9970451593399,40.721160560877635],[-73.99732947349548,40.72122154570907]]]}},{"type":"Feature","properties":{"id":"38383638-3437-3037-B263-333137653431","building_id":"f1f7b80d-4a2f-4c24-befb-54e3fe779371","height":15.7,"min_height":0},"geometry":{"type":"Polygon","coordinates":[[[-73.99556994438171,40.72158745352426],[-73.99565041065216,40.72161997856604],[-73.9957469701767,40.72137604036527],[-73.99566113948822,40.72135571214153],[-73.99556994438171,40.72158745352426]]]}},{"type":"Feature","properties":{"id":"35343935-3739-3039-B163-623961626161","building_id":"a83ceeba-bd85-4fa5-a681-3ce81b0bb5f9","height":31.8,"min_height":0},"geometry":{"type":"Polygon","coordinates":[[[-73.99564504623413,40.723994263688446],[-73.99568796157837,40.72401052562329],[-73.99575769901276,40.72392515042112],[-73.99571478366852,40.72390888846542],[-73.99564504623413,40.723994263688446]]]}},{"type":"Feature","properties":{"id":"34333663-3731-3632-B736-353363353530","building_id":"02e4f4ef-26ca-4cec-b27b-9219785303b9","height":29,"min_height":0},"geometry":{"type":"Polygon","coordinates":[[[-74.00033354759216,40.7195830671565],[-74.0002852678299,40.719558672630164],[-74.00021553039551,40.719639987683166],[-74.00026381015778,40.71966438217968],[-74.00033354759216,40.7195830671565]]]}},{"type":"Feature","properties":{"id":"64396462-3236-3832-B338-646335343030","building_id":"ea9ab82b-6fc3-4461-a44a-816288b673a1","height":10,"min_height":0},"geometry":{"type":"Polygon","coordinates":[[[-73.99619221687317,40.717017527170775],[-73.99622976779938,40.71696060440172],[-73.99612784385681,40.71692401116734],[-73.9960902929306,40.71698093396768],[-73.99619221687317,40.717017527170775]]]}},{"type":"Feature","properties":{"id":"63303135-6133-3663-B139-396131623238","building_id":"29944b72-e9e3-4f95-a260-a455e6f4b50a","height":17.6,"min_height":0},"geometry":{"type":"Polygon","coordinates":[[[-74.00032818317413,40.72039621291846],[-74.00037109851837,40.72034742445287],[-74.00044620037079,40.72038401580543],[-74.00047302246094,40.72035149015969],[-74.0003228187561,40.72027830739872],[-74.00016725063324,40.72046126415032],[-74.00024235248566,40.72049785544029],[-74.00032818317413,40.72039621291846]]]}},{"type":"Feature","properties":{"id":"37633239-6562-3535-A334-323265333938","building_id":"1d2032d2-a533-4a26-a79b-dc10c65fbcd2","height":7,"min_height":0},"geometry":{"type":"Polygon","coordinates":[[[-74.00011897087097,40.71987580077511],[-74.00015652179718,40.7198310776667],[-73.99993121623993,40.71972130263681],[-73.99989366531372,40.71976602581899],[-74.00011897087097,40.71987580077511]]]}},{"type":"Feature","properties":{"id":"36616534-6262-3562-A232-346662393131","building_id":"ec42dd7e-bc5c-4caa-b904-2c8eed360e9e","height":22,"min_height":19.9},"geometry":{"type":"Polygon","coordinates":[[[-73.99505496025085,40.72152646902808],[-73.9950281381607,40.7215183377577],[-73.99500668048859,40.72156712536508],[-73.99503886699677,40.7215752566295],[-73.99505496025085,40.72152646902808]]]}},{"type":"Feature","properties":{"id":"39303131-6330-3839-B839-653862323233","building_id":"f3642066-e51f-428a-abd0-baa1ce1d5b6b","height":19.4,"min_height":0},"geometry":{"type":"Polygon","coordinates":[[[-74.00281190872192,40.72893770887735],[-74.00277972221375,40.728933643695],[-74.00272071361542,40.729092185622584],[-74.00276899337769,40.729100315967656],[-74.00276362895966,40.72911251148342],[-74.00283873081207,40.72912877216761],[-74.00282263755798,40.72918161936382],[-74.00274217128754,40.72916535869254],[-74.00274217128754,40.729173489028675],[-74.00269389152527,40.72916535869254],[-74.00263488292694,40.729340160700595],[-74.00267243385315,40.729348291015384],[-74.00267243385315,40.72935642132917],[-74.00275826454163,40.729372681953755],[-74.0027368068695,40.729425528956256],[-74.00265097618103,40.72940926834458],[-74.002645611763,40.729417398650924],[-74.00260806083679,40.72940926834458],[-74.00253295898438,40.729620655986515],[-74.00254368782043,40.72962878626703],[-74.00285482406616,40.72953528798118],[-74.00282800197601,40.72949463651157],[-74.00284945964813,40.72948650621468],[-74.00283873081207,40.72945398501714],[-74.00286018848419,40.72944585471527],[-74.00286555290222,40.72945805016769],[-74.00287628173828,40.72945398501714],[-74.00290846824646,40.729519027396314],[-74.0030425786972,40.72947837591679],[-74.00296747684479,40.729340160700595],[-74.00288701057434,40.729364551641964],[-74.00282263755798,40.7293523561724],[-74.00283873081207,40.72931983490931],[-74.00284945964813,40.72931983490931],[-74.00285482406616,40.729311704591034],[-74.00283873081207,40.72930763943154],[-74.00286018848419,40.72925885749816],[-74.00291383266449,40.72927105298485],[-74.00293529033661,40.729262922660645],[-74.00294065475464,40.72925479233543],[-74.00296211242676,40.72925885749816],[-74.00298357009888,40.72925072717244],[-74.00299429893494,40.72921414069447],[-74.00298357009888,40.729210075529],[-74.00303721427917,40.72905966423234],[-74.00294601917267,40.7290149472948],[-74.00295674800873,40.72900275176116],[-74.00283873081207,40.7289458392413],[-74.00282800197601,40.72895396960427],[-74.00281190872192,40.72893770887735]]]}},{"type":"Feature","properties":{"id":"33613566-3032-3839-B835-323930653366","building_id":"5f174cf2-a5ee-42fd-b43f-d632a09c4976","height":4,"min_height":0},"geometry":{"type":"Polygon","coordinates":[[[-73.99418592453003,40.72305106467016],[-73.99419665336609,40.72303480250091],[-73.9941269159317,40.72301447478375],[-73.99412155151367,40.72303073695799],[-73.99418592453003,40.72305106467016]]]}},{"type":"Feature","properties":{"id":"39663335-3139-3530-B930-333832623834","building_id":"f037ee12-dad9-431f-8c10-0c7287046f37","height":16.8,"min_height":0},"geometry":{"type":"Polygon","coordinates":[[[-74.00326251983643,40.72929137879106],[-74.00325179100037,40.72927511814659],[-74.00301575660706,40.7293523561724],[-74.00303184986115,40.72938081226458],[-74.00318205356598,40.729332030384825],[-74.00317668914795,40.72931983490931],[-74.00326251983643,40.72929137879106]]]}},{"type":"Feature","properties":{"id":"62363137-6139-3461-B264-393061373565","building_id":"f037ee12-dad9-431f-8c10-0c7287046f37","height":16.8,"min_height":0},"geometry":{"type":"Polygon","coordinates":[[[-74.00308012962341,40.729466180468066],[-74.00331616401672,40.72939300772892],[-74.0032947063446,40.7293523561724],[-74.0030586719513,40.729425528956256],[-74.00308012962341,40.729466180468066]]]}},{"type":"Feature","properties":{"id":"33366631-3333-3232-A565-356232636436","building_id":"c4e208ac-68fc-4113-aeb6-5bf17163876d","height":24,"min_height":0},"geometry":{"type":"Polygon","coordinates":[[[-73.99534463882446,40.72310798223125],[-73.99550020694733,40.72316896527842],[-73.99550020694733,40.7231608342087],[-73.99553775787354,40.72316896527842],[-73.9955323934555,40.7231852274149],[-73.9955860376358,40.72320555507989],[-73.99563431739807,40.72308358899674],[-73.99554312229156,40.7230632612945],[-73.99559676647186,40.72293316385305],[-73.99555921554565,40.722925032754524],[-73.99555921554565,40.72291283610487],[-73.99552702903748,40.72291283610487],[-73.99551630020142,40.72293722940197],[-73.99541974067688,40.722916901655005],[-73.99534463882446,40.72310798223125]]]}},{"type":"Feature","properties":{"id":"64633137-3031-3530-A433-663632356564","building_id":"c0b4b706-5482-4ae4-b01b-5989b4766995","height":20.8,"min_height":0},"geometry":{"type":"Polygon","coordinates":[[[-73.9958918094635,40.72372187568945],[-73.99592399597168,40.723677155165184],[-73.99588108062744,40.723660893148896],[-73.99588644504547,40.72365276213927],[-73.9958381652832,40.72363243461084],[-73.99585425853729,40.72360804156856],[-73.99590253829956,40.72362836910441],[-73.99591863155365,40.72360397606062],[-73.99596154689789,40.72361617258365],[-73.99599373340607,40.723559255457126],[-73.9958381652832,40.72349420725294],[-73.99580597877502,40.72355112443509],[-73.99584352970123,40.72357551749825],[-73.99581670761108,40.72362430359774],[-73.99580597877502,40.72363243461084],[-73.99576842784882,40.72361617258365],[-73.9957469701767,40.723660893148896],[-73.9958918094635,40.72372187568945]]]}},{"type":"Feature","properties":{"id":"31626436-3933-3162-B432-626536383432","building_id":"d9c7a3a9-2196-45d4-b3e4-18b5a5e5f865","height":21.9,"min_height":4},"geometry":{"type":"Polygon","coordinates":[[[-73.99478137493134,40.72290470500386],[-73.99485111236572,40.72293316385305],[-73.99485647678375,40.72292909830391],[-73.99498522281647,40.72261605027421],[-73.99490475654602,40.72259572242916],[-73.99487793445587,40.722664837077],[-73.9948832988739,40.72267296820731],[-73.99481892585754,40.7228355906051],[-73.99480819702148,40.72283965615995],[-73.99478137493134,40.72290470500386]]]}},{"type":"Feature","properties":{"id":"36653865-6236-3837-B235-383232326466","building_id":"a83ceeba-bd85-4fa5-a681-3ce81b0bb5f9","height":31.8,"min_height":0},"geometry":{"type":"Polygon","coordinates":[[[-73.9955323934555,40.72409183523781],[-73.99550557136536,40.72407557332285],[-73.99547874927521,40.72410809714879],[-73.995800614357,40.724299174305244],[-73.99585962295532,40.724225995884616],[-73.99580597877502,40.72420160305985],[-73.99577915668488,40.72423412682421],[-73.99569869041443,40.72418940664413],[-73.99572014808655,40.72416501380596],[-73.99568259716034,40.72414468643399],[-73.99566113948822,40.72416501380596],[-73.9955323934555,40.72409183523781]]]}},{"type":"Feature","properties":{"id":"37313562-3962-3535-B931-646436663932","building_id":"f2daf3f3-7a4d-4db6-bb7e-f3a8489ec1b7","height":85,"min_height":0},"geometry":{"type":"Polygon","coordinates":[[[-73.99815022945404,40.726880694879696],[-73.99808049201965,40.72684410709869],[-73.99808585643768,40.7268319111672],[-73.99796783924103,40.72677499679075],[-73.99791955947876,40.7268319111672],[-73.99790346622467,40.726823780544976],[-73.9977478981018,40.72700265400448],[-73.99782836437225,40.72703924169832],[-73.99781227111816,40.72705550288913],[-73.99793028831482,40.72711241702567],[-73.99797856807709,40.72705550288913],[-73.99799466133118,40.727063633483056],[-73.99815022945404,40.726880694879696]]]}},{"type":"Feature","properties":{"id":"31353131-3932-3638-A336-636139626633","building_id":"9cbebc74-6399-4a22-b2b9-f21d0fab2474","height":32,"min_height":28},"geometry":{"type":"Polygon","coordinates":[[[-73.99786591529846,40.720099415866486],[-73.99786591529846,40.72010348158847],[-73.99787127971649,40.72010754731019],[-73.99787127971649,40.720099415866486],[-73.99786591529846,40.720099415866486]]]}},{"type":"Feature","properties":{"id":"66383436-6139-3539-B337-613561343562","building_id":"5f174cf2-a5ee-42fd-b43f-d632a09c4976","height":21.8,"min_height":0},"geometry":{"type":"Polygon","coordinates":[[[-73.99419665336609,40.72303480250091],[-73.99421811103821,40.722981950423396],[-73.99419665336609,40.72297788487723],[-73.99420738220215,40.72296162269009],[-73.99421811103821,40.72296568823727],[-73.9942717552185,40.72284778726893],[-73.99420738220215,40.72281932838321],[-73.9941269159317,40.72301447478375],[-73.99419665336609,40.72303480250091]]]}},{"type":"Feature","properties":{"id":"35623237-3564-3639-A261-623035303862","building_id":"1829e137-adbd-4b3d-8178-ceb5d8b59ac5","height":20,"min_height":0},"geometry":{"type":"Polygon","coordinates":[[[-73.99438977241516,40.722506279837205],[-73.99442195892334,40.722412771544384],[-73.99436831474304,40.72240057480086],[-73.99425566196442,40.72268109933663],[-73.99440586566925,40.722746148335474],[-73.99441123008728,40.722721754968376],[-73.99429857730865,40.72267296820731],[-73.99437367916107,40.72249408311082],[-73.99438977241516,40.722506279837205]]]}},{"type":"Feature","properties":{"id":"63633032-6233-3639-B761-646437303531","building_id":"a83ceeba-bd85-4fa5-a681-3ce81b0bb5f9","height":40.1,"min_height":0},"geometry":{"type":"Polygon","coordinates":[[[-73.99556994438171,40.72404711496212],[-73.99559140205383,40.72405931140391],[-73.99560213088989,40.72404711496212],[-73.99568259716034,40.724087769759436],[-73.99570941925049,40.72405118044296],[-73.99567723274231,40.72403491851807],[-73.9956933259964,40.72401459110637],[-73.99564504623413,40.723994263688446],[-73.9956933259964,40.723933281397464],[-73.99561822414398,40.72389669199605],[-73.99554312229156,40.72398206723473],[-73.99560213088989,40.724006460139954],[-73.99556994438171,40.72404711496212]]]}},{"type":"Feature","properties":{"id":"32643566-3332-3561-A461-353964613563","building_id":"d4217872-8400-409a-8588-a0128dad4dff","height":81.8,"min_height":0},"geometry":{"type":"Polygon","coordinates":[[[-73.99133741855621,40.72945398501714],[-73.9913159608841,40.72944991986633],[-73.99129986763,40.72945805016769],[-73.99128377437592,40.72948650621468],[-73.99127304553986,40.72949463651157],[-73.99118721485138,40.72949463651157],[-73.9911550283432,40.729506831955064],[-73.99114966392517,40.729519027396314],[-73.99114429950714,40.72954341827212],[-73.99116039276123,40.729567809138985],[-73.99126768112183,40.729620655986515],[-73.99138569831848,40.72947837591679],[-73.99133741855621,40.72945398501714]]]}},{"type":"Feature","properties":{"id":"30663066-6537-3237-B933-303033386331","building_id":"9fb76dfc-1b1f-4ec5-8532-0d954e10abd0","height":12,"min_height":0},"geometry":{"type":"Polygon","coordinates":[[[-73.99360656738281,40.72714900465919],[-73.9937674999237,40.72690508672254],[-73.99376213550568,40.726901021416],[-73.99360656738281,40.72714900465919]]]}},{"type":"Feature","properties":{"id":"65393561-3338-3064-A237-656533316133","building_id":"103ff089-e66d-407c-a610-18d3fe8020df","height":33.5,"min_height":0},"geometry":{"type":"Polygon","coordinates":[[[-73.99348855018616,40.72704330699641],[-73.99364411830902,40.726864433646156],[-73.99356365203857,40.726823780544976],[-73.99341344833374,40.72700265400448],[-73.99348855018616,40.72704330699641]]]}},{"type":"Feature","properties":{"id":"66663861-6439-3565-B139-333062336531","building_id":"9cbebc74-6399-4a22-b2b9-f21d0fab2474","height":32,"min_height":28},"geometry":{"type":"Polygon","coordinates":[[[-73.99786055088043,40.72014413879461],[-73.9978551864624,40.720148204513855],[-73.99786591529846,40.72015227023285],[-73.99786591529846,40.72014413879461],[-73.99786055088043,40.72014413879461]]]}},{"type":"Feature","properties":{"id":"65633433-6435-3266-B231-313636323535","building_id":"e71c072f-348d-4d42-8734-bc862225fef8","height":31.6,"min_height":0},"geometry":{"type":"Polygon","coordinates":[[[-73.99608492851257,40.71683049503254],[-73.99601519107819,40.716806099497504],[-73.9959990978241,40.71683049503254],[-73.99606883525848,40.71685489055862],[-73.99608492851257,40.71683049503254]]]}},{"type":"Feature","properties":{"id":"33333431-3436-3630-A366-383065313738","building_id":"1f2621b3-02e8-459d-8248-abb0cbc25832","height":28,"min_height":0},"geometry":{"type":"Polygon","coordinates":[[[-74.00027990341187,40.72030676737087],[-74.00020480155945,40.720270175975855],[-74.00014579296112,40.720343358745794],[-74.00022089481354,40.72037588439548],[-74.00027990341187,40.72030676737087]]]}},{"type":"Feature","properties":{"id":"31643732-6330-3163-A461-366139396635","building_id":"949647c1-3242-4b72-b1e3-fb83de819cc2","height":26.7,"min_height":0},"geometry":{"type":"Polygon","coordinates":[[[-73.99614930152893,40.723786923671135],[-73.99611175060272,40.72383164412167],[-73.99606347084045,40.72381131664787],[-73.99607419967651,40.723795054664386],[-73.9960527420044,40.72378285817413],[-73.9960527420044,40.723795054664386],[-73.99604201316833,40.723795054664386],[-73.99604201316833,40.72378285817413],[-73.9960366487503,40.72378285817413],[-73.99601519107819,40.72381538214312],[-73.99604201316833,40.7238275786274],[-73.99600446224213,40.723872299050605],[-73.99611175060272,40.723917019443775],[-73.9961975812912,40.72381131664787],[-73.99614930152893,40.723786923671135]]]}},{"type":"Feature","properties":{"id":"34363139-3964-3535-A632-363933376362","building_id":"1d2032d2-a533-4a26-a79b-dc10c65fbcd2","height":94.8,"min_height":0},"geometry":{"type":"Polygon","coordinates":[[[-73.99972200393677,40.71962779043154],[-73.99968981742859,40.71966844792824],[-73.99979710578918,40.71972130263681],[-73.99973273277283,40.719790420269334],[-73.99977028369904,40.71981074897111],[-73.99986684322357,40.71970097390772],[-73.99982929229736,40.7196806451724],[-73.99986147880554,40.719648119183],[-73.99979174137115,40.719619658929226],[-73.999764919281,40.71965218493254],[-73.99972200393677,40.71962779043154]]]}},{"type":"Feature","properties":{"id":"65346232-6363-3530-B066-626464343932","building_id":"c4e208ac-68fc-4113-aeb6-5bf17163876d","height":12,"min_height":0},"geometry":{"type":"Polygon","coordinates":[[[-73.9955860376358,40.72320555507989],[-73.9955323934555,40.7231852274149],[-73.99552166461945,40.72320962061216],[-73.99557530879974,40.723234013800464],[-73.9955860376358,40.72320555507989]]]}},{"type":"Feature","properties":{"id":"34656566-3634-3965-B135-313039326232","building_id":"201f9bda-3ca1-47a6-aab6-fbe8612e0409","height":4,"min_height":0},"geometry":{"type":"Polygon","coordinates":[[[-73.99564504623413,40.72305919575331],[-73.99573087692261,40.723079523456796],[-73.99573624134064,40.72306732683545],[-73.99565041065216,40.72304699912822],[-73.99564504623413,40.72305919575331]]]}},{"type":"Feature","properties":{"id":"33346336-3262-3665-B132-613039333661","building_id":"9cbebc74-6399-4a22-b2b9-f21d0fab2474","height":23,"min_height":19},"geometry":{"type":"Polygon","coordinates":[[[-73.99809658527374,40.72012787591514],[-73.99807512760162,40.72011567875291],[-73.99797856807709,40.72022545313242],[-73.9980000257492,40.720237650274505],[-73.99809658527374,40.72012787591514]]]}},{"type":"Feature","properties":{"id":"30353333-3764-3364-B030-383235316533","building_id":"f2be4172-2c4a-4be0-bd8f-3fb0b87295f9","height":4,"min_height":0},"geometry":{"type":"Polygon","coordinates":[[[-73.99578988552094,40.72150207521398],[-73.9958381652832,40.72138417165305],[-73.99575233459473,40.721363843431774],[-73.99570405483246,40.721481747028704],[-73.99578988552094,40.72150207521398]]]}},{"type":"Feature","properties":{"id":"37356161-3563-3534-B431-353765323333","building_id":"9cbebc74-6399-4a22-b2b9-f21d0fab2474","height":20,"min_height":0},"geometry":{"type":"Polygon","coordinates":[[[-73.99795174598694,40.72025797883972],[-73.99791955947876,40.72024171598804],[-73.9977639913559,40.72041654143525],[-73.9978015422821,40.72043686994583],[-73.99795174598694,40.72025797883972]]]}},{"type":"Feature","properties":{"id":"63646463-3730-3364-B736-636133343034","building_id":"949647c1-3242-4b72-b1e3-fb83de819cc2","height":26.7,"min_height":0},"geometry":{"type":"Polygon","coordinates":[[[-73.99611175060272,40.723677155165184],[-73.99620294570923,40.723713744687274],[-73.99624049663544,40.72366495865334],[-73.99614930152893,40.72362430359774],[-73.99611175060272,40.723677155165184]]]}},{"type":"Feature","properties":{"id":"30653863-6565-3465-A531-326364623330","building_id":"d5204c0f-8914-4ba1-8db2-9e361ae646df","height":24,"min_height":20.9},"geometry":{"type":"Polygon","coordinates":[[[-73.9946311712265,40.72256319786417],[-73.9945775270462,40.72255100114822],[-73.99456679821014,40.722571329006925],[-73.99462044239044,40.722583525719166],[-73.9946311712265,40.72256319786417]]]}},{"type":"Feature","properties":{"id":"30393831-3661-3938-B861-373639653639","building_id":"0196f72e-6a19-47e5-8daa-8a900cd7a4d3","height":26.2,"min_height":22.9},"geometry":{"type":"Polygon","coordinates":[[[-73.99617075920105,40.72126220223232],[-73.99618685245514,40.72126626788327],[-73.99620294570923,40.72122561136253],[-73.99618685245514,40.72122154570907],[-73.99617075920105,40.72126220223232]]]}},{"type":"Feature","properties":{"id":"61656164-3433-3836-B361-333839326538","building_id":"8cddc73a-d84d-4f87-a6a1-83ff116b1fd4","height":15.7,"min_height":0},"geometry":{"type":"Polygon","coordinates":[[[-74.00260806083679,40.722555066720446],[-74.00280117988586,40.72264857481336],[-74.00284945964813,40.72259165685941],[-74.00291383266449,40.72262011584247],[-74.00296747684479,40.72255913229244],[-74.00270998477936,40.722433099445304],[-74.00260806083679,40.722555066720446]]]}},{"type":"Feature","properties":{"id":"33306535-6434-3431-B339-656266346133","building_id":"d0a96438-4827-488e-951d-5157cc37d101","height":85,"min_height":0},"geometry":{"type":"Polygon","coordinates":[[[-73.99874031543732,40.72681158460977],[-73.99882078170776,40.726722147683354],[-73.99874567985535,40.726685559815145],[-73.9987564086914,40.72667336385463],[-73.9985203742981,40.726559534781885],[-73.99847209453583,40.72661644934259],[-73.99845063686371,40.7266042533694],[-73.99837553501129,40.726693690454276],[-73.99845063686371,40.72673027831798],[-73.99843990802765,40.726746539584276],[-73.99867594242096,40.726864433646156],[-73.99872422218323,40.72680751929754],[-73.99874031543732,40.72681158460977]]]}},{"type":"Feature","properties":{"id":"38356636-6233-3434-A633-353835333831","building_id":"05a75c73-2627-4123-91ce-b7ea7bd4c76c","height":45.5,"min_height":43},"geometry":{"type":"Polygon","coordinates":[[[-73.99727046489716,40.72971821928707],[-73.99750649929047,40.72944178956397],[-73.99745285511017,40.729417398650924],[-73.99740993976593,40.729466180468066],[-73.99705588817596,40.72929544395155],[-73.99686276912689,40.729519027396314],[-73.99727046489716,40.72971821928707]]]}},{"type":"Feature","properties":{"id":"38376239-3637-3232-A564-303536633764","building_id":"ec42dd7e-bc5c-4caa-b904-2c8eed360e9e","height":4,"min_height":3},"geometry":{"type":"Polygon","coordinates":[[[-73.99514615535736,40.72156712536508],[-73.99505496025085,40.72152646902808],[-73.99503886699677,40.72156712536508],[-73.995081782341,40.7215752566295],[-73.99509251117706,40.72155492846658],[-73.99514615535736,40.72156712536508]]]}},{"type":"Feature","properties":{"id":"39663639-3761-3538-A162-333064656162","building_id":"9cbebc74-6399-4a22-b2b9-f21d0fab2474","height":27,"min_height":0},"geometry":{"type":"Polygon","coordinates":[[[-73.99800539016724,40.71978635452822],[-73.99787127971649,40.71999777273625],[-73.99793028831482,40.72001810137472],[-73.99806439876556,40.71981074897111],[-73.99800539016724,40.71978635452822]]]}},{"type":"Feature","properties":{"id":"36343933-6562-3137-B235-626331393635","building_id":"342c0e7b-dbfb-49f4-a6b2-5e8522940ea1","height":25.7,"min_height":0},"geometry":{"type":"Polygon","coordinates":[[[-73.99574160575867,40.721152429562565],[-73.9956933259964,40.721282530484615],[-73.99572551250458,40.72129066178381],[-73.99573087692261,40.72127439918444],[-73.9958381652832,40.72129066178381],[-73.99582743644714,40.7213150556754],[-73.9958918094635,40.72132725261785],[-73.9959454536438,40.721197151783215],[-73.99591326713562,40.72118902047259],[-73.99589717388153,40.72122561136253],[-73.99587035179138,40.72121748005537],[-73.99586498737335,40.721229677015714],[-73.99580597877502,40.72121748005537],[-73.99582743644714,40.72117275784841],[-73.99574160575867,40.721152429562565]]]}},{"type":"Feature","properties":{"id":"30303365-3330-3130-A330-366262396539","building_id":"27777ad2-2108-4d06-a582-3e3168fab49b","height":27,"min_height":0},"geometry":{"type":"Polygon","coordinates":[[[-73.9998722076416,40.72003843000697],[-73.99982929229736,40.7199571154407],[-73.99979710578918,40.7199652469018],[-73.99982929229736,40.72003843000697],[-73.99984538555145,40.72004656145813],[-73.9998722076416,40.72003843000697]]]}},{"type":"Feature","properties":{"id":"37386136-3863-3466-B234-366636656666","building_id":"c0b4b706-5482-4ae4-b01b-5989b4766995","height":23,"min_height":0},"geometry":{"type":"Polygon","coordinates":[[[-73.99590253829956,40.72362836910441],[-73.99585425853729,40.72360804156856],[-73.9958381652832,40.72363243461084],[-73.99588644504547,40.72365276213927],[-73.99590253829956,40.72362836910441]]]}},{"type":"Feature","properties":{"id":"63393963-6636-3037-A636-666635653863","building_id":"05a75c73-2627-4123-91ce-b7ea7bd4c76c","height":44.5,"min_height":43},"geometry":{"type":"Polygon","coordinates":[[[-73.99716854095459,40.72927918330807],[-73.99723827838898,40.72919788003113],[-73.99716317653656,40.72916129352408],[-73.9970988035202,40.72924259684574],[-73.99716854095459,40.72927918330807]]]}},{"type":"Feature","properties":{"id":"34323237-3964-3237-B661-313831373839","building_id":"9fb76dfc-1b1f-4ec5-8532-0d954e10abd0","height":24,"min_height":0},"geometry":{"type":"Polygon","coordinates":[[[-73.99360656738281,40.72714900465919],[-73.99375140666962,40.726896956109236],[-73.99374604225159,40.72689289080222],[-73.99360656738281,40.72714900465919]]]}},{"type":"Feature","properties":{"id":"34626538-6635-3235-B437-663465616131","building_id":"1d2032d2-a533-4a26-a79b-dc10c65fbcd2","height":94.8,"min_height":0},"geometry":{"type":"Polygon","coordinates":[[[-73.99965763092041,40.71987580077511],[-73.9996737241745,40.71985140635607],[-73.99960398674011,40.719818880450084],[-73.999582529068,40.71983920914318],[-73.99965763092041,40.71987580077511]]]}},{"type":"Feature","properties":{"id":"37356261-3164-3236-B331-623739313532","building_id":"05a75c73-2627-4123-91ce-b7ea7bd4c76c","height":44,"min_height":43},"geometry":{"type":"Polygon","coordinates":[[[-73.99730265140533,40.72968163306613],[-73.99727046489716,40.72971821928707],[-73.99720072746277,40.72968163306613],[-73.99718463420868,40.72969789361124],[-73.9973133802414,40.72975887062009],[-73.99735629558563,40.729706023882315],[-73.99730265140533,40.72968163306613]]]}},{"type":"Feature","properties":{"id":"31306634-6364-3461-A432-633431383733","building_id":"1d2032d2-a533-4a26-a79b-dc10c65fbcd2","height":8,"min_height":0},"geometry":{"type":"Polygon","coordinates":[[[-73.99989902973175,40.71966844792824],[-73.99981319904327,40.719761960076404],[-73.99985611438751,40.71978228878687],[-73.99980783462524,40.71983920914318],[-73.999764919281,40.719814814710716],[-73.99969518184662,40.71989206371618],[-73.999764919281,40.719924589586384],[-73.99986147880554,40.71981074897111],[-73.99994730949402,40.71969284241433],[-73.99989902973175,40.71966844792824]]]}},{"type":"Feature","properties":{"id":"37326361-6131-3266-B736-633265623766","building_id":"9cbebc74-6399-4a22-b2b9-f21d0fab2474","height":28.5,"min_height":26},"geometry":{"type":"Polygon","coordinates":[[[-73.99822533130646,40.71983920914318],[-73.99823069572449,40.71984327488105],[-73.99823606014252,40.71983920914318],[-73.99823069572449,40.719835143405064],[-73.99822533130646,40.71983920914318]]]}},{"type":"Feature","properties":{"id":"66343466-3966-3936-B734-346237656166","building_id":"f3642066-e51f-428a-abd0-baa1ce1d5b6b","height":23,"min_height":19.4},"geometry":{"type":"Polygon","coordinates":[[[-74.0028977394104,40.729262922660645],[-74.00290846824646,40.72922633618936],[-74.00287091732025,40.729218205859674],[-74.00285482406616,40.72925479233543],[-74.0028977394104,40.729262922660645]]]}},{"type":"Feature","properties":{"id":"37353837-3466-3530-B030-353738346430","building_id":"c4e208ac-68fc-4113-aeb6-5bf17163876d","height":25.5,"min_height":0},"geometry":{"type":"Polygon","coordinates":[[[-73.99541437625885,40.72293316385305],[-73.99550557136536,40.72295349159505],[-73.99551630020142,40.72293722940197],[-73.99541974067688,40.722916901655005],[-73.99541437625885,40.72293316385305]]]}},{"type":"Feature","properties":{"id":"32646439-6364-3561-B064-393931636162","building_id":"9cbebc74-6399-4a22-b2b9-f21d0fab2474","height":17,"min_height":8},"geometry":{"type":"Polygon","coordinates":[[[-73.99813413619995,40.71971317114592],[-73.99814486503601,40.71972130263681],[-73.99815022945404,40.71971317114592],[-73.99814486503601,40.71970503965403],[-73.99813413619995,40.71971317114592]]]}},{"type":"Feature","properties":{"id":"32653566-3839-3039-A162-643935633265","building_id":"ea9ab82b-6fc3-4461-a44a-816288b673a1","height":25,"min_height":0},"geometry":{"type":"Polygon","coordinates":[[[-73.9960902929306,40.71698093396768],[-73.99612784385681,40.71692401116734],[-73.99590253829956,40.716842692796696],[-73.99586498737335,40.71689961566658],[-73.9960902929306,40.71698093396768]]]}},{"type":"Feature","properties":{"id":"63303163-3733-3036-A336-353564313766","building_id":"9cbebc74-6399-4a22-b2b9-f21d0fab2474","height":27,"min_height":0},"geometry":{"type":"Polygon","coordinates":[[[-73.99791955947876,40.72024171598804],[-73.99787664413452,40.72022138741789],[-73.99772644042969,40.72040027862233],[-73.9977639913559,40.72041654143525],[-73.99791955947876,40.72024171598804]]]}},{"type":"Feature","properties":{"id":"39343364-6161-3864-A338-313264333130","building_id":"d9c7a3a9-2196-45d4-b3e4-18b5a5e5f865","height":3,"min_height":0},"geometry":{"type":"Polygon","coordinates":[[[-73.99485111236572,40.72293316385305],[-73.99485647678375,40.72292909830391],[-73.99498522281647,40.72261605027421],[-73.99490475654602,40.72259572242916],[-73.99487793445587,40.722664837077],[-73.9948832988739,40.72267296820731],[-73.99481892585754,40.7228355906051],[-73.99480819702148,40.72283965615995],[-73.99478137493134,40.72290470500386],[-73.99485111236572,40.72293316385305]]]}},{"type":"Feature","properties":{"id":"64326563-6137-3935-A533-653238353361","building_id":"9cbebc74-6399-4a22-b2b9-f21d0fab2474","height":23,"min_height":0},"geometry":{"type":"Polygon","coordinates":[[[-73.99810194969177,40.72008721869905],[-73.9980536699295,40.72006282435747],[-73.99802684783936,40.720099415866486],[-73.99803221225739,40.720136007355364],[-73.99798929691315,40.720188861692705],[-73.99793565273285,40.720201058841496],[-73.99790346622467,40.720233584560724],[-73.99795174598694,40.72025797883972],[-73.99810194969177,40.72008721869905]]]}},{"type":"Feature","properties":{"id":"33383966-3566-3466-B031-313634656161","building_id":"cdc22411-d0f3-4184-b6d0-afc505c9015a","height":8,"min_height":0},"geometry":{"type":"Polygon","coordinates":[[[-73.99484574794769,40.72235991897295],[-73.99488866329193,40.72236805014051],[-73.99492084980011,40.72229486959664],[-73.99487257003784,40.72228673842011],[-73.99484574794769,40.72235991897295]]]}},{"type":"Feature","properties":{"id":"30386534-6537-3165-A131-366232376665","building_id":"9cbebc74-6399-4a22-b2b9-f21d0fab2474","height":21,"min_height":17},"geometry":{"type":"Polygon","coordinates":[[[-73.99813950061798,40.71970503965403],[-73.99812877178192,40.71971317114592],[-73.99827897548676,40.71978228878687],[-73.99828970432281,40.71977415730343],[-73.99813950061798,40.71970503965403]]]}},{"type":"Feature","properties":{"id":"33663563-3830-3162-B065-346539636136","building_id":"0196f72e-6a19-47e5-8daa-8a900cd7a4d3","height":29.3,"min_height":26.2},"geometry":{"type":"Polygon","coordinates":[[[-73.99627268314362,40.72131912132315],[-73.9962512254715,40.721371974721016],[-73.99628341197968,40.7213801060093],[-73.99631023406982,40.7213150556754],[-73.9962887763977,40.72131099002742],[-73.99628341197968,40.72132318697062],[-73.99627268314362,40.72131912132315]]]}},{"type":"Feature","properties":{"id":"38343565-3634-3530-A365-313736393033","building_id":"f3642066-e51f-428a-abd0-baa1ce1d5b6b","height":4,"min_height":0},"geometry":{"type":"Polygon","coordinates":[[[-74.0026992559433,40.72916535869254],[-74.00274217128754,40.729173489028675],[-74.00274217128754,40.72916535869254],[-74.00282263755798,40.72918161936382],[-74.00283873081207,40.72912877216761],[-74.00276362895966,40.72911251148342],[-74.00276899337769,40.729100315967656],[-74.00272607803345,40.729092185622584],[-74.0026992559433,40.72916535869254]]]}},{"type":"Feature","properties":{"id":"31646530-6462-3965-B333-316462333138","building_id":"9cbebc74-6399-4a22-b2b9-f21d0fab2474","height":20,"min_height":0},"geometry":{"type":"Polygon","coordinates":[[[-73.99826288223267,40.719904260919364],[-73.99822533130646,40.71988799798129],[-73.9980697631836,40.72007095580567],[-73.99810194969177,40.72008721869905],[-73.99826288223267,40.719904260919364]]]}},{"type":"Feature","properties":{"id":"31393434-6436-3532-B431-323865366636","building_id":"9067f888-09ec-4b20-a63a-1a29b47c4746","height":11.9,"min_height":0},"geometry":{"type":"Polygon","coordinates":[[[-73.9931720495224,40.725742398937214],[-73.99324178695679,40.725762725821205],[-73.9932632446289,40.725709875909914],[-73.9933329820633,40.72573020280385],[-73.99338126182556,40.72562856827215],[-73.99324715137482,40.72559197980274],[-73.99323105812073,40.725624502887655],[-73.99329543113708,40.72564076442414],[-73.993279337883,40.725681418247994],[-73.99320960044861,40.72566109133918],[-73.9931720495224,40.725742398937214]]]}},{"type":"Feature","properties":{"id":"65303066-3031-3539-B539-343437333763","building_id":"9cbebc74-6399-4a22-b2b9-f21d0fab2474","height":46.6,"min_height":39},"geometry":{"type":"Polygon","coordinates":[[[-73.99793565273285,40.72013194163538],[-73.99794101715088,40.7201197444739],[-73.99792492389679,40.72011567875291],[-73.99791955947876,40.72012787591514],[-73.99793565273285,40.72013194163538]]]}},{"type":"Feature","properties":{"id":"35613833-3537-3137-B231-643238383337","building_id":"c4e208ac-68fc-4113-aeb6-5bf17163876d","height":26,"min_height":24},"geometry":{"type":"Polygon","coordinates":[[[-73.9955323934555,40.723075457916586],[-73.99550020694733,40.72306732683545],[-73.99547874927521,40.72312830991986],[-73.99550557136536,40.72313644099355],[-73.9955323934555,40.723075457916586]]]}},{"type":"Feature","properties":{"id":"30623337-6631-3730-B163-343261633433","building_id":"27777ad2-2108-4d06-a582-3e3168fab49b","height":22.3,"min_height":0},"geometry":{"type":"Polygon","coordinates":[[[-73.99975955486298,40.72000590419239],[-73.99982929229736,40.72003843000697],[-73.99979710578918,40.7199652469018],[-73.99982929229736,40.7199571154407],[-73.9998722076416,40.72003843000697],[-73.99984538555145,40.72004656145813],[-73.99993658065796,40.72009128442176],[-73.99995803833008,40.72006282435747],[-73.9999794960022,40.72007502152939],[-73.99998486042023,40.72007095580567],[-74.0000331401825,40.72009128442176],[-74.00000631809235,40.720123810194636],[-74.00002241134644,40.72013194163538],[-74.00016725063324,40.71996118117137],[-73.99990439414978,40.7198310776667],[-73.99975955486298,40.72000590419239]]]}},{"type":"Feature","properties":{"id":"30366166-3431-3634-A661-653933316230","building_id":"e71c072f-348d-4d42-8734-bc862225fef8","height":25.9,"min_height":0},"geometry":{"type":"Polygon","coordinates":[[[-73.99617075920105,40.716858956478774],[-73.99611711502075,40.716838626875564],[-73.99610102176666,40.716867088318324],[-73.99598300457001,40.716822363188506],[-73.99599373340607,40.716797967650514],[-73.99594008922577,40.71677763802867],[-73.99590253829956,40.716842692796696],[-73.99612784385681,40.71692401116734],[-73.99617075920105,40.716858956478774]]]}},{"type":"Feature","properties":{"id":"32363435-3633-3663-A435-373861643134","building_id":"9cbebc74-6399-4a22-b2b9-f21d0fab2474","height":20,"min_height":16},"geometry":{"type":"Polygon","coordinates":[[[-73.99786591529846,40.71999370700781],[-73.99775326251984,40.72016853310638],[-73.99775862693787,40.720172598824135],[-73.99787127971649,40.71999777273625],[-73.99786591529846,40.71999370700781]]]}},{"type":"Feature","properties":{"id":"62393333-3765-3136-A231-616533336234","building_id":"d42447b2-4032-44d4-933a-09a79f0596c9","height":5,"min_height":0},"geometry":{"type":"Polygon","coordinates":[[[-73.99532318115234,40.72349827276758],[-73.99534463882446,40.72345761761016],[-73.99527490139008,40.72344135554024],[-73.99525880813599,40.72348201070757],[-73.99532318115234,40.72349827276758]]]}},{"type":"Feature","properties":{"id":"66366339-3235-3461-A339-383939653332","building_id":"a07f39fb-d851-4f27-80dd-031086f95406","height":19.9,"min_height":0},"geometry":{"type":"Polygon","coordinates":[[[-74.00351464748383,40.72760838101251],[-74.00352537631989,40.72754740203309],[-74.00350391864777,40.72754740203309],[-74.00349855422974,40.72753520623049],[-74.00351464748383,40.72743357445535],[-74.00343954563141,40.727429509181114],[-74.00337517261505,40.72759618522109],[-74.00351464748383,40.72760838101251]]]}},{"type":"Feature","properties":{"id":"31363137-3134-3865-B062-613934623966","building_id":"1829e137-adbd-4b3d-8178-ceb5d8b59ac5","height":5,"min_height":0},"geometry":{"type":"Polygon","coordinates":[[[-73.99451851844788,40.72243716502474],[-73.99442195892334,40.722412771544384],[-73.99438977241516,40.722506279837205],[-73.99440586566925,40.72251441098691],[-73.99441123008728,40.722506279837205],[-73.99444341659546,40.7225225421356],[-73.99443805217743,40.72253473885678],[-73.99448096752167,40.72255100114822],[-73.99451851844788,40.72243716502474]]]}},{"type":"Feature","properties":{"id":"30396137-3833-3537-A433-363032343065","building_id":"8eb1b13f-b808-4b5d-bc35-26651a794df2","height":37.6,"min_height":0},"geometry":{"type":"Polygon","coordinates":[[[-73.99897634983063,40.71969690816114],[-73.998863697052,40.7198310776667],[-73.99894416332245,40.7198636035667],[-73.99902999401093,40.71977009156134],[-73.9990085363388,40.71971317114592],[-73.99897634983063,40.71969690816114]]]}},{"type":"Feature","properties":{"id":"65363766-3661-3135-B739-303664386631","building_id":"c86185a3-81ad-4805-b549-e443207af57b","height":4,"min_height":0},"geometry":{"type":"Polygon","coordinates":[[[-73.99379968643188,40.72237618130708],[-73.99375677108765,40.72248188638219],[-73.99379432201385,40.72249408311082],[-73.99384260177612,40.722384312472656],[-73.99379968643188,40.72237618130708]]]}},{"type":"Feature","properties":{"id":"33666262-6362-3034-A662-663235366161","building_id":"bbc10e77-d8ec-4bae-9182-405f0ecd744a","height":20,"min_height":0},"geometry":{"type":"Polygon","coordinates":[[[-73.99158954620361,40.72763277258861],[-73.99187386035919,40.72776692609748],[-73.99197041988373,40.727653098895225],[-73.99189531803131,40.72761651153887],[-73.99206161499023,40.72742544390663],[-73.99171829223633,40.72726283272367],[-73.99170756340027,40.72726689800808],[-73.99158954620361,40.72763277258861]]]}},{"type":"Feature","properties":{"id":"63653863-6262-3039-B462-613063633636","building_id":"103ff089-e66d-407c-a610-18d3fe8020df","height":28,"min_height":0},"geometry":{"type":"Polygon","coordinates":[[[-73.99346172809601,40.72707582937206],[-73.99348855018616,40.72704330699641],[-73.99341344833374,40.72700265400448],[-73.99338126182556,40.7270351764],[-73.99346172809601,40.72707582937206]]]}},{"type":"Feature","properties":{"id":"39636261-3033-3662-B931-613464303238","building_id":"9cbebc74-6399-4a22-b2b9-f21d0fab2474","height":17,"min_height":8},"geometry":{"type":"Polygon","coordinates":[[[-73.99758160114288,40.72048972404425],[-73.99759232997894,40.72049785544029],[-73.997603058815,40.720493789742406],[-73.99759232997894,40.72048565834585],[-73.99758160114288,40.72048972404425]]]}},{"type":"Feature","properties":{"id":"63646536-3230-3837-A262-313734373136","building_id":"a83ceeba-bd85-4fa5-a681-3ce81b0bb5f9","height":43.4,"min_height":0},"geometry":{"type":"Polygon","coordinates":[[[-73.99581670761108,40.72410809714879],[-73.99584352970123,40.72412029357942],[-73.99588108062744,40.72407557332285],[-73.99585425853729,40.72406337688401],[-73.99581670761108,40.72410809714879]]]}},{"type":"Feature","properties":{"id":"62616661-3432-3138-B335-653364653432","building_id":"1acdc783-b5ec-4c5c-a211-a54af2089491","height":20,"min_height":0},"geometry":{"type":"Polygon","coordinates":[[[-74.00288701057434,40.722689230464965],[-74.00287628173828,40.722685164900916],[-74.00286555290222,40.72269329602877],[-74.00285482406616,40.722689230464965],[-74.00276362895966,40.72279493504291],[-74.0027904510498,40.72280713171416],[-74.00288701057434,40.722689230464965]]]}},{"type":"Feature","properties":{"id":"33666133-6163-3661-B666-363236626136","building_id":"1d2032d2-a533-4a26-a79b-dc10c65fbcd2","height":104.5,"min_height":0},"geometry":{"type":"Polygon","coordinates":[[[-73.9997273683548,40.719794486010194],[-73.9996200799942,40.71974163135972],[-73.9995664358139,40.71979855175079],[-73.9996737241745,40.71985140635607],[-73.9997273683548,40.719794486010194]]]}},{"type":"Feature","properties":{"id":"63656465-6665-3134-B630-323731333465","building_id":"9cbebc74-6399-4a22-b2b9-f21d0fab2474","height":32,"min_height":28},"geometry":{"type":"Polygon","coordinates":[[[-73.99784982204437,40.7201197444739],[-73.99784982204437,40.72012787591514],[-73.99786055088043,40.72012787591514],[-73.99786055088043,40.720123810194636],[-73.99784982204437,40.7201197444739]]]}},{"type":"Feature","properties":{"id":"66626239-3866-3939-B538-663231613132","building_id":"f2be4172-2c4a-4be0-bd8f-3fb0b87295f9","height":15.9,"min_height":0},"geometry":{"type":"Polygon","coordinates":[[[-73.99565041065216,40.72161997856604],[-73.99573087692261,40.72165250359194],[-73.99578988552094,40.72150207521398],[-73.99570405483246,40.721481747028704],[-73.99565041065216,40.72161997856604]]]}},{"type":"Feature","properties":{"id":"64346336-3331-3432-B636-323362636639","building_id":"9cbebc74-6399-4a22-b2b9-f21d0fab2474","height":23,"min_height":22},"geometry":{"type":"Polygon","coordinates":[[[-73.99826288223267,40.71988393224615],[-73.99829506874084,40.71984734061868],[-73.99827897548676,40.719806683231255],[-73.99811804294586,40.71972943412673],[-73.9980536699295,40.71974163135972],[-73.99803221225739,40.71977822304527],[-73.99803757667542,40.71980261749114],[-73.99823606014252,40.71989206371618],[-73.99826288223267,40.71988393224615]]]}},{"type":"Feature","properties":{"id":"39343934-3165-3466-B634-653732396163","building_id":"a83ceeba-bd85-4fa5-a681-3ce81b0bb5f9","height":37,"min_height":0},"geometry":{"type":"Polygon","coordinates":[[[-73.9955323934555,40.72409183523781],[-73.99566113948822,40.72416501380596],[-73.99568259716034,40.72414468643399],[-73.99572014808655,40.72416501380596],[-73.99569869041443,40.72418940664413],[-73.99577915668488,40.72423412682421],[-73.99582207202911,40.724185341171705],[-73.99581670761108,40.72418127569905],[-73.99585962295532,40.724128424531955],[-73.99581670761108,40.72410809714879],[-73.99582207202911,40.724099966193805],[-73.99577379226685,40.72407557332285],[-73.99577379226685,40.72408370428082],[-73.99570941925049,40.72405118044296],[-73.99568259716034,40.724087769759436],[-73.99560213088989,40.72404711496212],[-73.99559140205383,40.72405931140391],[-73.99556994438171,40.72404711496212],[-73.9955323934555,40.72409183523781]]]}},{"type":"Feature","properties":{"id":"66346238-3762-3333-B631-333330643462","building_id":"9cbebc74-6399-4a22-b2b9-f21d0fab2474","height":17,"min_height":8},"geometry":{"type":"Polygon","coordinates":[[[-73.99761378765106,40.720501921137945],[-73.99761915206909,40.72051005253247],[-73.99762988090515,40.72050598683533],[-73.99761915206909,40.72049785544029],[-73.99761378765106,40.720501921137945]]]}},{"type":"Feature","properties":{"id":"65646138-3130-3336-B165-626137353331","building_id":"5f7e283d-a30a-4e88-8e57-778b37c0239e","height":12,"min_height":0},"geometry":{"type":"Polygon","coordinates":[[[-73.995800614357,40.7215996504168],[-73.99575769901276,40.72159151915536],[-73.9957469701767,40.721615912936684],[-73.99578988552094,40.72162404419517],[-73.995800614357,40.7215996504168]]]}},{"type":"Feature","properties":{"id":"31313562-3538-3835-B731-666631383833","building_id":"a83ceeba-bd85-4fa5-a681-3ce81b0bb5f9","height":37,"min_height":0},"geometry":{"type":"Polygon","coordinates":[[[-73.99558067321777,40.723941412372824],[-73.9955484867096,40.72392515042112],[-73.99551630020142,40.72396987077876],[-73.99554312229156,40.72398206723473],[-73.99558067321777,40.723941412372824]]]}},{"type":"Feature","properties":{"id":"65636562-6235-3238-A133-313032653331","building_id":"c4e208ac-68fc-4113-aeb6-5bf17163876d","height":21,"min_height":0},"geometry":{"type":"Polygon","coordinates":[[[-73.995441198349,40.722868115036974],[-73.99541974067688,40.722916901655005],[-73.99551630020142,40.72293722940197],[-73.99552166461945,40.722900639452966],[-73.99548411369324,40.72290470500386],[-73.99548411369324,40.72288437724697],[-73.995441198349,40.722868115036974]]]}},{"type":"Feature","properties":{"id":"37636566-3732-3432-B164-383931373431","building_id":"a83ceeba-bd85-4fa5-a681-3ce81b0bb5f9","height":27.7,"min_height":0},"geometry":{"type":"Polygon","coordinates":[[[-73.99547874927521,40.72410809714879],[-73.99556994438171,40.723994263688446],[-73.99550557136536,40.72396580529294],[-73.99544656276703,40.724087769759436],[-73.99547874927521,40.72410809714879]]]}},{"type":"Feature","properties":{"id":"38366231-3039-3665-A665-316366373339","building_id":"d9c7a3a9-2196-45d4-b3e4-18b5a5e5f865","height":4,"min_height":0},"geometry":{"type":"Polygon","coordinates":[[[-73.99498522281647,40.72261605027421],[-73.99498522281647,40.72260385356794],[-73.99490475654602,40.722583525719166],[-73.99490475654602,40.72259572242916],[-73.99498522281647,40.72261605027421]]]}},{"type":"Feature","properties":{"id":"34643666-3438-3139-B965-306237373431","building_id":"d98c39f0-e491-488e-a22a-9c29c88cb6f8","height":28,"min_height":0},"geometry":{"type":"Polygon","coordinates":[[[-73.99591863155365,40.72331125883784],[-73.99597227573395,40.72329499673216],[-73.99596154689789,40.7232706035662],[-73.99590790271759,40.72328686567783],[-73.99591863155365,40.72331125883784]]]}},{"type":"Feature","properties":{"id":"65636166-3637-3433-B133-346337653337","building_id":"b2010bd5-adb2-4e98-b5a3-5812145b861b","height":30,"min_height":0},"geometry":{"type":"Polygon","coordinates":[[[-73.99320960044861,40.7231608342087],[-73.993279337883,40.72295755714269],[-73.9932632446289,40.72295349159505],[-73.99318814277649,40.72315676867346],[-73.99320960044861,40.7231608342087]]]}},{"type":"Feature","properties":{"id":"64643135-3435-3662-A338-643433626634","building_id":"3b476829-c685-4ea7-8c4f-03b1711beca6","height":21,"min_height":18},"geometry":{"type":"Polygon","coordinates":[[[-74.00346100330353,40.72928324846931],[-74.00345027446747,40.72925479233543],[-74.0034019947052,40.72927105298485],[-74.00341808795929,40.7292995091118],[-74.00346100330353,40.72928324846931]]]}},{"type":"Feature","properties":{"id":"64633037-6436-3235-B363-656135316366","building_id":"8cddc73a-d84d-4f87-a6a1-83ff116b1fd4","height":7,"min_height":0},"geometry":{"type":"Polygon","coordinates":[[[-74.00287628173828,40.7227380172141],[-74.00295674800873,40.72277867281106],[-74.0030425786972,40.722677033772094],[-74.00293529033661,40.722628246978246],[-74.00298357009888,40.722571329006925],[-74.00296747684479,40.72255913229244],[-74.00291383266449,40.72262011584247],[-74.00284945964813,40.72259165685941],[-74.00280117988586,40.72264857481336],[-74.00290846824646,40.72270142715561],[-74.00287628173828,40.7227380172141]]]}},{"type":"Feature","properties":{"id":"65356332-6361-3366-B336-366432636231","building_id":"9cbebc74-6399-4a22-b2b9-f21d0fab2474","height":32,"min_height":28},"geometry":{"type":"Polygon","coordinates":[[[-73.99792492389679,40.72017666454165],[-73.99792492389679,40.72018479597592],[-73.99793565273285,40.72018479597592],[-73.99793565273285,40.72017666454165],[-73.99792492389679,40.72017666454165]]]}},{"type":"Feature","properties":{"id":"35396638-6363-3237-B563-353439663766","building_id":"9a3c7f97-6600-41cc-a9b6-706fad0c8b24","height":30,"min_height":0},"geometry":{"type":"Polygon","coordinates":[[[-73.99536609649658,40.7205629065728],[-73.9953339099884,40.72061982626161],[-73.99540364742279,40.72064422039904],[-73.99542510509491,40.72058323503866],[-73.99536609649658,40.7205629065728]]]}},{"type":"Feature","properties":{"id":"62363663-6433-3032-B831-376230313235","building_id":"29944b72-e9e3-4f95-a260-a455e6f4b50a","height":14,"min_height":0},"geometry":{"type":"Polygon","coordinates":[[[-74.00032818317413,40.72039621291846],[-74.00024235248566,40.72049785544029],[-74.00031745433807,40.72053444671015],[-74.00040328502655,40.72043280424421],[-74.00032818317413,40.72039621291846]]]}},{"type":"Feature","properties":{"id":"63653638-3961-3239-A636-646336323632","building_id":"9cbebc74-6399-4a22-b2b9-f21d0fab2474","height":32,"min_height":28},"geometry":{"type":"Polygon","coordinates":[[[-73.99796783924103,40.72008315297607],[-73.99796783924103,40.72009128442176],[-73.99797856807709,40.72009128442176],[-73.99797856807709,40.72008315297607],[-73.99796783924103,40.72008315297607]]]}},{"type":"Feature","properties":{"id":"30396133-6532-3266-B534-356338363135","building_id":"05a75c73-2627-4123-91ce-b7ea7bd4c76c","height":44,"min_height":43},"geometry":{"type":"Polygon","coordinates":[[[-73.99750113487244,40.72932390006806],[-73.99760842323303,40.7293767471093],[-73.99764060974121,40.729336095542834],[-73.99753868579865,40.72928324846931],[-73.99750113487244,40.72932390006806]]]}},{"type":"Feature","properties":{"id":"66623338-6261-3565-B832-613463663835","building_id":"d4217872-8400-409a-8588-a0128dad4dff","height":70,"min_height":0},"geometry":{"type":"Polygon","coordinates":[[[-73.99138033390045,40.72954748341722],[-73.99134278297424,40.72952715768923],[-73.99126768112183,40.729620655986515],[-73.99116039276123,40.729567809138985],[-73.99114429950714,40.72954341827212],[-73.99114429950714,40.72953122283534],[-73.9911550283432,40.729506831955064],[-73.99117112159729,40.729498701659665],[-73.99125695228577,40.729498701659665],[-73.99128377437592,40.72948650621468],[-73.99128913879395,40.729474310767465],[-73.99111747741699,40.72944991986633],[-73.99107992649078,40.72961252570501],[-73.99130523204803,40.72964098168592],[-73.99138033390045,40.72954748341722]]]}},{"type":"Feature","properties":{"id":"36613536-3235-3231-B464-373265396166","building_id":"a83ceeba-bd85-4fa5-a681-3ce81b0bb5f9","height":33,"min_height":0},"geometry":{"type":"Polygon","coordinates":[[[-73.9955323934555,40.72409183523781],[-73.99556994438171,40.72404711496212],[-73.99553775787354,40.72403491851807],[-73.99550557136536,40.72407557332285],[-73.9955323934555,40.72409183523781]]]}},{"type":"Feature","properties":{"id":"36663963-3864-3739-B064-393661333964","building_id":"a85b6404-8864-4f6e-9c36-66f9b3efa089","height":42,"min_height":0},"geometry":{"type":"Polygon","coordinates":[[[-74.00042474269867,40.72048972404425],[-74.00040328502655,40.720514118229374],[-74.00041401386261,40.720518183926025],[-74.00041401386261,40.7205303810145],[-74.00044083595276,40.72054664379563],[-74.00046765804291,40.72051005253247],[-74.00042474269867,40.72048972404425]]]}},{"type":"Feature","properties":{"id":"63356430-3531-3539-B564-376631613333","building_id":"1829e137-adbd-4b3d-8178-ceb5d8b59ac5","height":26,"min_height":0},"geometry":{"type":"Polygon","coordinates":[[[-73.99448096752167,40.72255100114822],[-73.99445414543152,40.722542870003],[-73.99440586566925,40.722664837077],[-73.9944326877594,40.72267296820731],[-73.99448096752167,40.72255100114822]]]}},{"type":"Feature","properties":{"id":"66383536-3130-3437-B161-333965663933","building_id":"9cbebc74-6399-4a22-b2b9-f21d0fab2474","height":32,"min_height":28},"geometry":{"type":"Polygon","coordinates":[[[-73.99795174598694,40.72007502152939],[-73.99795174598694,40.72008315297607],[-73.99795711040497,40.72008315297607],[-73.99795711040497,40.72007502152939],[-73.99795174598694,40.72007502152939]]]}},{"type":"Feature","properties":{"id":"32353531-6361-3931-B936-323032303663","building_id":"9cbebc74-6399-4a22-b2b9-f21d0fab2474","height":32,"min_height":28},"geometry":{"type":"Polygon","coordinates":[[[-73.99797856807709,40.72015227023285],[-73.99797856807709,40.72016040167012],[-73.99798393249512,40.72016040167012],[-73.99798393249512,40.72015633595163],[-73.99797856807709,40.72015227023285]]]}},{"type":"Feature","properties":{"id":"35623866-3235-3365-B233-386130303230","building_id":"ece5314a-eaf4-496e-b981-272a1f0745b7","height":8,"min_height":0},"geometry":{"type":"Polygon","coordinates":[[[-73.99946987628937,40.71998150982101],[-73.99952352046967,40.720009969920085],[-73.99959325790405,40.719924589586384],[-73.99953961372375,40.71990019518521],[-73.99946987628937,40.71998150982101]]]}},{"type":"Feature","properties":{"id":"32393931-6665-3639-A233-316331353763","building_id":"f1f7b80d-4a2f-4c24-befb-54e3fe779371","height":3,"min_height":0},"geometry":{"type":"Polygon","coordinates":[[[-73.99566650390625,40.72134351520429],[-73.99566113948822,40.72135571214153],[-73.9957469701767,40.72137604036527],[-73.99575233459473,40.721363843431774],[-73.99566650390625,40.72134351520429]]]}},{"type":"Feature","properties":{"id":"36666139-3839-3336-A337-343636346632","building_id":"1d2032d2-a533-4a26-a79b-dc10c65fbcd2","height":91,"min_height":0},"geometry":{"type":"Polygon","coordinates":[[[-73.99969518184662,40.71989206371618],[-73.99971127510071,40.71987173503922],[-73.9996737241745,40.71985140635607],[-73.99965763092041,40.71987580077511],[-73.99969518184662,40.71989206371618]]]}},{"type":"Feature","properties":{"id":"62386166-3130-3238-B932-383132386238","building_id":"9cbebc74-6399-4a22-b2b9-f21d0fab2474","height":27,"min_height":0},"geometry":{"type":"Polygon","coordinates":[[[-73.99769961833954,40.72039214721436],[-73.99782299995422,40.72019699312549],[-73.99775862693787,40.720172598824135],[-73.99763524532318,40.72037181869015],[-73.99769961833954,40.72039214721436]]]}},{"type":"Feature","properties":{"id":"65336162-3361-3030-B234-663036376166","building_id":"ec42dd7e-bc5c-4caa-b904-2c8eed360e9e","height":22,"min_height":19.9},"geometry":{"type":"Polygon","coordinates":[[[-73.99465262889862,40.72197368736919],[-73.99466872215271,40.72192490005981],[-73.9946311712265,40.72191676883811],[-73.99460971355438,40.72196555615346],[-73.99465262889862,40.72197368736919]]]}},{"type":"Feature","properties":{"id":"36313735-3432-3038-B337-643766623765","building_id":"9cbebc74-6399-4a22-b2b9-f21d0fab2474","height":19,"min_height":8},"geometry":{"type":"Polygon","coordinates":[[[-73.99805903434753,40.720140073075115],[-73.9980697631836,40.720148204513855],[-73.99807512760162,40.72014413879461],[-73.9980697631836,40.720136007355364],[-73.99805903434753,40.720140073075115]]]}},{"type":"Feature","properties":{"id":"36353731-3465-3335-A561-313936663165","building_id":"91cdf620-07d3-48ee-b80e-3493f9296be1","height":44.5,"min_height":38.5},"geometry":{"type":"Polygon","coordinates":[[[-73.99730801582336,40.72091662099319],[-73.99724900722504,40.72088816128176],[-73.99721145629883,40.72098167171647],[-73.99728119373322,40.72099386872],[-73.99730801582336,40.72091662099319]]]}},{"type":"Feature","properties":{"id":"63303930-3631-3335-B637-653433303133","building_id":"9cbebc74-6399-4a22-b2b9-f21d0fab2474","height":17,"min_height":8},"geometry":{"type":"Polygon","coordinates":[[[-73.99815022945404,40.71972130263681],[-73.99815559387207,40.71972536838189],[-73.99816632270813,40.71972130263681],[-73.9981609582901,40.71971317114592],[-73.99815022945404,40.71972130263681]]]}},{"type":"Feature","properties":{"id":"34393432-3436-3266-B834-363863653863","building_id":"0a40496f-a61e-4ef3-990b-837e4037d6c2","height":18.3,"min_height":0},"geometry":{"type":"Polygon","coordinates":[[[-73.99442732334137,40.722416837125074],[-73.99451851844788,40.72243716502474],[-73.99452924728394,40.722416837125074],[-73.99456143379211,40.72242496828569],[-73.99456679821014,40.72240870596346],[-73.99462044239044,40.722416837125074],[-73.9946311712265,40.722384312472656],[-73.99445414543152,40.72234772221972],[-73.99442732334137,40.722416837125074]]]}},{"type":"Feature","properties":{"id":"39643632-6235-3736-B264-336561626336","building_id":"0990732b-3f1c-4eaf-86cc-cced1ca3d0e8","height":29,"min_height":0},"geometry":{"type":"Polygon","coordinates":[[[-74.00321960449219,40.72260385356794],[-74.00312840938568,40.72255913229244],[-74.00310695171356,40.722583525719166],[-74.00319814682007,40.722628246978246],[-74.00321960449219,40.72260385356794]]]}},{"type":"Feature","properties":{"id":"62653261-6231-3838-A131-363130653132","building_id":"9cbebc74-6399-4a22-b2b9-f21d0fab2474","height":32,"min_height":28},"geometry":{"type":"Polygon","coordinates":[[[-73.99789810180664,40.72016446738837],[-73.99789810180664,40.720172598824135],[-73.9979088306427,40.720172598824135],[-73.9979088306427,40.72016853310638],[-73.99789810180664,40.72016446738837]]]}},{"type":"Feature","properties":{"id":"36626531-3565-3034-B035-393631646537","building_id":"f3642066-e51f-428a-abd0-baa1ce1d5b6b","height":4,"min_height":0},"geometry":{"type":"Polygon","coordinates":[[[-74.00267243385315,40.72935642132917],[-74.00267243385315,40.729348291015384],[-74.00264024734497,40.729340160700595],[-74.00261342525482,40.72940926834458],[-74.002645611763,40.729417398650924],[-74.00265097618103,40.72940926834458],[-74.0027368068695,40.729425528956256],[-74.00275826454163,40.729372681953755],[-74.00267243385315,40.72935642132917]]]}},{"type":"Feature","properties":{"id":"62333037-3961-3238-B164-343065356361","building_id":"5f7e283d-a30a-4e88-8e57-778b37c0239e","height":5,"min_height":0},"geometry":{"type":"Polygon","coordinates":[[[-73.99575769901276,40.72159151915536],[-73.995800614357,40.7215996504168],[-73.99587571620941,40.7214126311524],[-73.99582743644714,40.721400434225586],[-73.99575769901276,40.72159151915536]]]}},{"type":"Feature","properties":{"id":"35613664-3266-3765-B737-663065323630","building_id":"d4217872-8400-409a-8588-a0128dad4dff","height":64,"min_height":0},"geometry":{"type":"Polygon","coordinates":[[[-73.99138569831848,40.72947837591679],[-73.99134278297424,40.72952715768923],[-73.99139642715454,40.72955561370666],[-73.99142861366272,40.729523092542905],[-73.99143397808075,40.729506831955064],[-73.99142324924469,40.72949463651157],[-73.99138569831848,40.72947837591679]]]}},{"type":"Feature","properties":{"id":"33663838-6538-3335-B936-396636356666","building_id":"0196f72e-6a19-47e5-8daa-8a900cd7a4d3","height":4.1,"min_height":0},"geometry":{"type":"Polygon","coordinates":[[[-73.99603128433228,40.72135977778677],[-73.99600446224213,40.72142889371798],[-73.99618148803711,40.72146548447602],[-73.99623513221741,40.72132318697062],[-73.99606347084045,40.721282530484615],[-73.99603128433228,40.72135977778677]]]}},{"type":"Feature","properties":{"id":"37356331-6533-3564-B662-613265333738","building_id":"e31d3891-3dfd-49ee-b4cd-502d16fef23d","height":26.9,"min_height":0},"geometry":{"type":"Polygon","coordinates":[[[-73.99500668048859,40.72246562407387],[-73.99492621421814,40.72244936176158],[-73.99492084980011,40.72246968965131],[-73.99496376514435,40.72247782080548],[-73.99495303630829,40.72249814868653],[-73.9949905872345,40.722506279837205],[-73.99500668048859,40.72246562407387]]]}},{"type":"Feature","properties":{"id":"32626135-3034-3230-B333-386236376636","building_id":"5351ca19-88e2-4f53-98a4-84548a42634c","height":6,"min_height":0},"geometry":{"type":"Polygon","coordinates":[[[-73.99646043777466,40.72315270313798],[-73.9965409040451,40.72316896527842],[-73.99655163288116,40.72314863760225],[-73.99646580219269,40.723132375456835],[-73.99646043777466,40.72315270313798]]]}},{"type":"Feature","properties":{"id":"64653963-3865-3230-B138-663661613365","building_id":"5f7e283d-a30a-4e88-8e57-778b37c0239e","height":9.2,"min_height":0},"geometry":{"type":"Polygon","coordinates":[[[-73.99573087692261,40.72165250359194],[-73.9958918094635,40.72172161921918],[-73.99592936038971,40.72162810982401],[-73.99588108062744,40.721615912936684],[-73.99595618247986,40.72142889371798],[-73.9959990978241,40.72144109063957],[-73.99602055549622,40.721396368582816],[-73.99584889411926,40.72135571214153],[-73.99582743644714,40.721400434225586],[-73.99587571620941,40.7214126311524],[-73.99578988552094,40.72162404419517],[-73.9957469701767,40.721615912936684],[-73.99573087692261,40.72165250359194]]]}},{"type":"Feature","properties":{"id":"30336230-3935-3366-B035-666535343138","building_id":"91cdf620-07d3-48ee-b80e-3493f9296be1","height":38.5,"min_height":35},"geometry":{"type":"Polygon","coordinates":[[[-73.99728119373322,40.72116869219174],[-73.99737238883972,40.72093288367997],[-73.99730801582336,40.72091662099319],[-73.99724900722504,40.72088816128176],[-73.99715781211853,40.72114023258809],[-73.99728119373322,40.72116869219174]]]}},{"type":"Feature","properties":{"id":"64656464-3165-3365-B332-343837363936","building_id":"f4bf7c35-3a70-4ca0-aa89-7b3e3c9e88e1","height":30,"min_height":0},"geometry":{"type":"Polygon","coordinates":[[[-73.99975419044495,40.72018479597592],[-73.99978637695312,40.720148204513855],[-73.99975955486298,40.72013194163538],[-73.9997273683548,40.720172598824135],[-73.99971663951874,40.72016446738837],[-73.99968981742859,40.720188861692705],[-73.99971663951874,40.720201058841496],[-73.99973809719086,40.72017666454165],[-73.99975419044495,40.72018479597592]]]}},{"type":"Feature","properties":{"id":"35313132-3332-3563-B733-383633643531","building_id":"d9c7a3a9-2196-45d4-b3e4-18b5a5e5f865","height":4,"min_height":3},"geometry":{"type":"Polygon","coordinates":[[[-73.99498522281647,40.72261605027421],[-73.99490475654602,40.72259572242916],[-73.99487793445587,40.722664837077],[-73.9948832988739,40.72267296820731],[-73.99481892585754,40.7228355906051],[-73.99480819702148,40.72283965615995],[-73.99478137493134,40.72290470500386],[-73.99485647678375,40.72293316385305],[-73.99498522281647,40.72261605027421]]]}},{"type":"Feature","properties":{"id":"35356461-3762-3361-B664-313266663439","building_id":"9cbebc74-6399-4a22-b2b9-f21d0fab2474","height":19,"min_height":8},"geometry":{"type":"Polygon","coordinates":[[[-73.9980697631836,40.72012787591514],[-73.99808049201965,40.720136007355364],[-73.99808585643768,40.72013194163538],[-73.99808049201965,40.720123810194636],[-73.9980697631836,40.72012787591514]]]}},{"type":"Feature","properties":{"id":"38613436-3239-3135-A332-633830353937","building_id":"1d2032d2-a533-4a26-a79b-dc10c65fbcd2","height":91,"min_height":0},"geometry":{"type":"Polygon","coordinates":[[[-73.99982929229736,40.7196806451724],[-73.99986684322357,40.71970097390772],[-73.99989902973175,40.71966844792824],[-73.99986147880554,40.719648119183],[-73.99982929229736,40.7196806451724]]]}},{"type":"Feature","properties":{"id":"33363666-3461-3935-B065-616331353265","building_id":"c4e208ac-68fc-4113-aeb6-5bf17163876d","height":12,"min_height":0},"geometry":{"type":"Polygon","coordinates":[[[-73.9953339099884,40.723132375456835],[-73.99548947811127,40.723197424014636],[-73.99550020694733,40.72316896527842],[-73.99534463882446,40.72310798223125],[-73.9953339099884,40.723132375456835]]]}},{"type":"Feature","properties":{"id":"66636166-3232-3238-A637-613736646162","building_id":"f0f71f87-b1c5-4e9d-bce9-ee62d54a37f3","height":30,"min_height":0},"geometry":{"type":"Polygon","coordinates":[[[-73.9997273683548,40.720213255988064],[-73.999764919281,40.720233584560724],[-73.9997810125351,40.720213255988064],[-73.99974882602692,40.72019699312549],[-73.9997273683548,40.720213255988064]]]}},{"type":"Feature","properties":{"id":"36623436-3564-3538-B562-633339336439","building_id":"f2daf3f3-7a4d-4db6-bb7e-f3a8489ec1b7","height":90,"min_height":0},"geometry":{"type":"Polygon","coordinates":[[[-73.99786055088043,40.72698639280075],[-73.99793565273285,40.727022980503534],[-73.99805903434753,40.726880694879696],[-73.99798393249512,40.72684410709869],[-73.99786055088043,40.72698639280075]]]}},{"type":"Feature","properties":{"id":"34333333-3361-3264-A161-646237346263","building_id":"9cbebc74-6399-4a22-b2b9-f21d0fab2474","height":23,"min_height":22},"geometry":{"type":"Polygon","coordinates":[[[-73.99767279624939,40.720518183926025],[-73.99772107601166,40.72050598683533],[-73.99775326251984,40.7204653298502],[-73.9977478981018,40.720412475732395],[-73.99769425392151,40.72039214721436],[-73.99763524532318,40.720412475732395],[-73.997603058815,40.7204531327498],[-73.99761378765106,40.720493789742406],[-73.99767279624939,40.720518183926025]]]}},{"type":"Feature","properties":{"id":"39376565-6461-3435-A261-353566653033","building_id":"5351ca19-88e2-4f53-98a4-84548a42634c","height":23,"min_height":0},"geometry":{"type":"Polygon","coordinates":[[[-73.99626195430756,40.72327466909448],[-73.9962512254715,40.72329499673216],[-73.9963048696518,40.7233071933118],[-73.99631559848785,40.72328686567783],[-73.99626195430756,40.72327466909448]]]}},{"type":"Feature","properties":{"id":"38303430-3039-3135-B939-376234353035","building_id":"bbc10e77-d8ec-4bae-9182-405f0ecd744a","height":50,"min_height":20},"geometry":{"type":"Polygon","coordinates":[[[-73.99175584316254,40.72732787724453],[-73.99173974990845,40.727336007805185],[-73.99163782596588,40.727653098895225],[-73.99164319038391,40.72766122941612],[-73.99179339408875,40.72773033880371],[-73.99180948734283,40.72772220829123],[-73.99191677570343,40.72741324808168],[-73.99191677570343,40.72740511753049],[-73.99175584316254,40.72732787724453]]]}},{"type":"Feature","properties":{"id":"38363364-6638-3039-B732-356432336234","building_id":"9fb76dfc-1b1f-4ec5-8532-0d954e10abd0","height":16,"min_height":0},"geometry":{"type":"Polygon","coordinates":[[[-73.99360656738281,40.72714900465919],[-73.99376213550568,40.726901021416],[-73.99375677108765,40.726901021416],[-73.99360656738281,40.72714900465919]]]}},{"type":"Feature","properties":{"id":"65353138-3330-3066-B633-376534313563","building_id":"cdc22411-d0f3-4184-b6d0-afc505c9015a","height":23.1,"min_height":20},"geometry":{"type":"Polygon","coordinates":[[[-73.99495303630829,40.72235178780438],[-73.99494230747223,40.72238024688999],[-73.99500668048859,40.72239650921919],[-73.99503350257874,40.72231926312019],[-73.99496912956238,40.72230706635953],[-73.99495840072632,40.72233145987864],[-73.99494230747223,40.72232739429273],[-73.99493157863617,40.72234772221972],[-73.99495303630829,40.72235178780438]]]}},{"type":"Feature","properties":{"id":"37613738-3566-3438-B537-623032373432","building_id":"d42447b2-4032-44d4-933a-09a79f0596c9","height":24.8,"min_height":0},"geometry":{"type":"Polygon","coordinates":[[[-73.99523735046387,40.72370967918582],[-73.99540901184082,40.72375439968823],[-73.99550020694733,40.72354299341203],[-73.99497449398041,40.723408831388475],[-73.9948832988739,40.72362023809082],[-73.99523735046387,40.72370967918582]]]}},{"type":"Feature","properties":{"id":"32653061-3934-3265-B464-323938303037","building_id":"50c28b6d-5e69-45bd-b575-efb89f7a33e8","height":98,"min_height":6},"geometry":{"type":"Polygon","coordinates":[[[-73.99318814277649,40.73005968971254],[-73.99319887161255,40.73004749437036],[-73.99318277835846,40.73003936414103],[-73.9931720495224,40.73005155948469],[-73.99318814277649,40.73005968971254]]]}},{"type":"Feature","properties":{"id":"32633035-3839-3562-A366-656231626233","building_id":"949647c1-3242-4b72-b1e3-fb83de819cc2","height":29,"min_height":0},"geometry":{"type":"Polygon","coordinates":[[[-73.99607956409454,40.72372594119017],[-73.99612784385681,40.72374626869003],[-73.99612784385681,40.72375439968823],[-73.99616003036499,40.72376659618369],[-73.9961975812912,40.723713744687274],[-73.99611175060272,40.723677155165184],[-73.99607956409454,40.72372594119017]]]}},{"type":"Feature","properties":{"id":"34623132-3832-3438-A164-383033633137","building_id":"2a85acb5-c8b8-45a3-8017-aa9b094ea5ac","height":29,"min_height":0},"geometry":{"type":"Polygon","coordinates":[[[-74.00336980819702,40.72228673842011],[-74.0033483505249,40.7222745416535],[-74.00330543518066,40.72232739429273],[-74.00332689285278,40.722339591049675],[-74.00336980819702,40.72228673842011]]]}},{"type":"Feature","properties":{"id":"33393531-3463-3265-B334-626666326465","building_id":"5f7e283d-a30a-4e88-8e57-778b37c0239e","height":5,"min_height":0},"geometry":{"type":"Polygon","coordinates":[[[-73.99595618247986,40.72142889371798],[-73.99588108062744,40.721615912936684],[-73.99592936038971,40.72162810982401],[-73.9959990978241,40.72144109063957],[-73.99595618247986,40.72142889371798]]]}},{"type":"Feature","properties":{"id":"36666335-3565-3338-B837-633964326363","building_id":"02e4f4ef-26ca-4cec-b27b-9219785303b9","height":28,"min_height":0},"geometry":{"type":"Polygon","coordinates":[[[-74.0002316236496,40.719827011928075],[-74.00025308132172,40.71980261749114],[-74.00017261505127,40.719761960076404],[-74.00014579296112,40.719790420269334],[-74.0002316236496,40.719827011928075]]]}},{"type":"Feature","properties":{"id":"37396162-3538-3538-B862-346637656237","building_id":"9cbebc74-6399-4a22-b2b9-f21d0fab2474","height":8,"min_height":0},"geometry":{"type":"Polygon","coordinates":[[[-73.9976567029953,40.72058730073111],[-73.99769961833954,40.7205303810145],[-73.99758696556091,40.72048159264722],[-73.99754405021667,40.72054257810072],[-73.9976567029953,40.72058730073111]]]}},{"type":"Feature","properties":{"id":"35643837-6133-3361-A338-643762376132","building_id":"a83ceeba-bd85-4fa5-a681-3ce81b0bb5f9","height":37,"min_height":0},"geometry":{"type":"Polygon","coordinates":[[[-73.9958381652832,40.72398613271955],[-73.99582743644714,40.723998329172524],[-73.99588644504547,40.72402678755412],[-73.99589717388153,40.72401052562329],[-73.9958381652832,40.72398613271955]]]}},{"type":"Feature","properties":{"id":"61613232-6164-3830-B265-323132343562","building_id":"9cbebc74-6399-4a22-b2b9-f21d0fab2474","height":32,"min_height":28},"geometry":{"type":"Polygon","coordinates":[[[-73.99788200855255,40.72015633595163],[-73.99788200855255,40.72016446738837],[-73.99789273738861,40.72016446738837],[-73.99789273738861,40.72016040167012],[-73.99788200855255,40.72015633595163]]]}},{"type":"Feature","properties":{"id":"33623864-6534-3236-A534-323332386334","building_id":"e31d3891-3dfd-49ee-b4cd-502d16fef23d","height":21,"min_height":0},"geometry":{"type":"Polygon","coordinates":[[[-73.99503886699677,40.72246968965131],[-73.99500668048859,40.72246562407387],[-73.99497985839844,40.722530673283295],[-73.99501204490662,40.72253880443002],[-73.99503886699677,40.72246968965131]]]}},{"type":"Feature","properties":{"id":"33393035-6331-3233-A537-633038623235","building_id":"9cbebc74-6399-4a22-b2b9-f21d0fab2474","height":32,"min_height":28},"geometry":{"type":"Polygon","coordinates":[[[-73.99798929691315,40.720140073075115],[-73.99798929691315,40.720148204513855],[-73.99799466133118,40.720148204513855],[-73.99799466133118,40.720140073075115],[-73.99798929691315,40.720140073075115]]]}},{"type":"Feature","properties":{"id":"39376235-6535-3435-B130-623339343534","building_id":"3d346a9a-4be9-4c9e-83ec-ebdcf58aeded","height":25.908,"min_height":0},"geometry":{"type":"Polygon","coordinates":[[[-74.0022486448288,40.72259978799868],[-74.00209307670593,40.72278273836941],[-74.00216817855835,40.72281932838321],[-74.00236129760742,40.722583525719166],[-74.00230765342712,40.72255913229244],[-74.00226473808289,40.7226119847057],[-74.0022486448288,40.72259978799868]]]}},{"type":"Feature","properties":{"id":"61373130-3363-3038-B330-626265383366","building_id":"d98c39f0-e491-488e-a22a-9c29c88cb6f8","height":21,"min_height":0},"geometry":{"type":"Polygon","coordinates":[[[-73.9959454536438,40.72309172007592],[-73.99591326713562,40.72308765453646],[-73.99581670761108,40.72333158646436],[-73.99613857269287,40.72346168312701],[-73.99614930152893,40.72343729002214],[-73.99585962295532,40.723319389889184],[-73.9959454536438,40.72309172007592]]]}},{"type":"Feature","properties":{"id":"63343561-3065-3361-B939-623963626265","building_id":"3d346a9a-4be9-4c9e-83ec-ebdcf58aeded","min_height":0},"geometry":{"type":"Polygon","coordinates":[[[-74.00229156017303,40.72255100114822],[-74.00209307670593,40.72278273836941],[-74.00216817855835,40.72281932838321],[-74.00236129760742,40.722583525719166],[-74.00229156017303,40.72255100114822]]]}},{"type":"Feature","properties":{"id":"30333830-3665-3362-B965-353337333662","building_id":"16629c51-5c3d-433e-a574-31726450179c","height":25,"min_height":0},"geometry":{"type":"Polygon","coordinates":[[[-74.0005373954773,40.71990019518521],[-74.00051057338715,40.71988799798129],[-74.00046229362488,40.71994491824721],[-74.00048911571503,40.7199571154407],[-74.0005373954773,40.71990019518521]]]}},{"type":"Feature","properties":{"id":"39333665-3835-3563-A530-383730373632","building_id":"a83ceeba-bd85-4fa5-a681-3ce81b0bb5f9","height":33,"min_height":0},"geometry":{"type":"Polygon","coordinates":[[[-73.99563431739807,40.723872299050605],[-73.99561822414398,40.72389669199605],[-73.9956933259964,40.723933281397464],[-73.99571478366852,40.72390888846542],[-73.99563431739807,40.723872299050605]]]}},{"type":"Feature","properties":{"id":"64653031-3830-3838-A165-663163323135","building_id":"342c0e7b-dbfb-49f4-a6b2-5e8522940ea1","height":30.3,"min_height":0},"geometry":{"type":"Polygon","coordinates":[[[-73.99584889411926,40.721229677015714],[-73.99585962295532,40.72120528309283],[-73.99581670761108,40.72119308612802],[-73.99580597877502,40.72121748005537],[-73.99584889411926,40.721229677015714]]]}},{"type":"Feature","properties":{"id":"33333237-3064-3962-A136-393765363461","building_id":"33792804-a02f-4c2f-8b67-3225b252bac9","height":25.4,"min_height":0},"geometry":{"type":"Polygon","coordinates":[[[-74.00085926055908,40.7197334998713],[-74.0008270740509,40.71977009156134],[-74.00085389614105,40.71978228878687],[-74.00088608264923,40.71974569710355],[-74.00085926055908,40.7197334998713]]]}},{"type":"Feature","properties":{"id":"38636263-3961-3365-B865-616662636530","building_id":"949647c1-3242-4b72-b1e3-fb83de819cc2","height":22,"min_height":0},"geometry":{"type":"Polygon","coordinates":[[[-73.99606883525848,40.723734072190865],[-73.99611175060272,40.72375439968823],[-73.99610638618469,40.72376253068547],[-73.99615466594696,40.723778792676896],[-73.99614930152893,40.723786923671135],[-73.9961975812912,40.72381131664787],[-73.99629950523376,40.72368935167477],[-73.99624049663544,40.72366495865334],[-73.99616003036499,40.72376659618369],[-73.99612784385681,40.72375439968823],[-73.99612784385681,40.72374626869003],[-73.99607956409454,40.72372594119017],[-73.99606883525848,40.723734072190865]]]}},{"type":"Feature","properties":{"id":"66393061-6437-3931-B730-663735333436","building_id":"9cbebc74-6399-4a22-b2b9-f21d0fab2474","height":28.5,"min_height":26},"geometry":{"type":"Polygon","coordinates":[[[-73.99768352508545,40.720457198450184],[-73.99768888950348,40.7204531327498],[-73.99767816066742,40.72044906704918],[-73.99768352508545,40.720457198450184]]]}},{"type":"Feature","properties":{"id":"66313730-6164-3861-B633-623137336638","building_id":"342c0e7b-dbfb-49f4-a6b2-5e8522940ea1","height":3.7,"min_height":0},"geometry":{"type":"Polygon","coordinates":[[[-73.99604737758636,40.72122154570907],[-73.9959454536438,40.721197151783215],[-73.9958918094635,40.72132725261785],[-73.99603128433228,40.72135977778677],[-73.99608492851257,40.721229677015714],[-73.99604737758636,40.72122154570907]]]}},{"type":"Feature","properties":{"id":"32326362-6430-3963-B132-326639363561","building_id":"0196f72e-6a19-47e5-8daa-8a900cd7a4d3","height":4.1,"min_height":0},"geometry":{"type":"Polygon","coordinates":[[[-73.99632096290588,40.72148581266625],[-73.99629414081573,40.72155492846658],[-73.99632632732391,40.72155899409966],[-73.99635314941406,40.7214939439406],[-73.99632096290588,40.72148581266625]]]}},{"type":"Feature","properties":{"id":"30623163-3438-3866-B338-653630643935","building_id":"05a75c73-2627-4123-91ce-b7ea7bd4c76c","height":44,"min_height":43},"geometry":{"type":"Polygon","coordinates":[[[-73.99713635444641,40.72914503284784],[-73.99723827838898,40.72919788003113],[-73.99727046489716,40.7291572283554],[-73.99716854095459,40.729104381139834],[-73.99713635444641,40.72914503284784]]]}},{"type":"Feature","properties":{"id":"32613832-3032-3365-B962-636639393261","building_id":"0196f72e-6a19-47e5-8daa-8a900cd7a4d3","height":22.9,"min_height":0},"geometry":{"type":"Polygon","coordinates":[[[-73.99610638618469,40.72116462653482],[-73.99606347084045,40.721282530484615],[-73.99623513221741,40.72132318697062],[-73.99616003036499,40.72152240339302],[-73.99629414081573,40.72155492846658],[-73.99640679359436,40.72126626788327],[-73.99610638618469,40.72116462653482]]]}},{"type":"Feature","properties":{"id":"62623233-3164-3533-A336-313666613533","building_id":"ec42dd7e-bc5c-4caa-b904-2c8eed360e9e","height":22,"min_height":19.9},"geometry":{"type":"Polygon","coordinates":[[[-73.99513006210327,40.7220793930835],[-73.99514615535736,40.72203467145563],[-73.99510860443115,40.72202247464283],[-73.99508714675903,40.722071261880664],[-73.99513006210327,40.7220793930835]]]}},{"type":"Feature","properties":{"id":"64386165-6465-3333-A135-313339316361","building_id":"d98c39f0-e491-488e-a22a-9c29c88cb6f8","height":6,"min_height":0},"geometry":{"type":"Polygon","coordinates":[[[-73.99611175060272,40.723303127785506],[-73.99618685245514,40.72333565198892],[-73.99625658988953,40.7231608342087],[-73.99607956409454,40.72312017884517],[-73.99602055549622,40.723266538037656],[-73.99611175060272,40.723303127785506]]]}},{"type":"Feature","properties":{"id":"62653437-3533-3934-A161-333638336464","building_id":"9cbebc74-6399-4a22-b2b9-f21d0fab2474","height":32,"min_height":28},"geometry":{"type":"Polygon","coordinates":[[[-73.99792492389679,40.72006282435747],[-73.99792492389679,40.720066890081696],[-73.99793565273285,40.72007095580567],[-73.99793565273285,40.720066890081696],[-73.99792492389679,40.72006282435747]]]}},{"type":"Feature","properties":{"id":"61356537-3532-3361-A664-373464313764","building_id":"0196f72e-6a19-47e5-8daa-8a900cd7a4d3","height":26.2,"min_height":22.9},"geometry":{"type":"Polygon","coordinates":[[[-73.99621903896332,40.721363843431774],[-73.99621367454529,40.72137604036527],[-73.99627268314362,40.72138823729655],[-73.99627804756165,40.7213801060093],[-73.99629950523376,40.72138417165305],[-73.99629414081573,40.72139230293981],[-73.99631023406982,40.721396368582816],[-73.99633169174194,40.72134351520429],[-73.99629950523376,40.72133538391157],[-73.99631023406982,40.7213150556754],[-73.9962887763977,40.72131099002742],[-73.99628341197968,40.72132318697062],[-73.99627268314362,40.72131912132315],[-73.9962512254715,40.72136790907653],[-73.99621903896332,40.721363843431774]]]}},{"type":"Feature","properties":{"id":"33353231-6233-3362-B664-323530363930","building_id":"05a75c73-2627-4123-91ce-b7ea7bd4c76c","height":47.4,"min_height":43},"geometry":{"type":"Polygon","coordinates":[[[-73.99740993976593,40.729466180468066],[-73.99745285511017,40.729417398650924],[-73.99707198143005,40.72923040135384],[-73.99702906608582,40.72928324846931],[-73.99740993976593,40.729466180468066]]]}},{"type":"Feature","properties":{"id":"38613863-3263-3630-B932-643864623736","building_id":"c4e208ac-68fc-4113-aeb6-5bf17163876d","height":27,"min_height":0},"geometry":{"type":"Polygon","coordinates":[[[-73.99550557136536,40.72320555507989],[-73.99552166461945,40.72316489974368],[-73.99550020694733,40.7231608342087],[-73.99548947811127,40.723197424014636],[-73.99550557136536,40.72320555507989]]]}},{"type":"Feature","properties":{"id":"31326233-6433-3334-B732-386265666430","building_id":"2adc1195-7c9d-4131-a300-38085304a0cd","height":21.3,"min_height":0},"geometry":{"type":"Polygon","coordinates":[[[-74.0031498670578,40.72216477065327],[-74.00297284126282,40.72236805014051],[-74.00305330753326,40.72240870596346],[-74.00323033332825,40.72220136100678],[-74.0031498670578,40.72216477065327]]]}},{"type":"Feature","properties":{"id":"38653634-6234-3733-B139-363162323737","building_id":"a83ceeba-bd85-4fa5-a681-3ce81b0bb5f9","height":40.1,"min_height":0},"geometry":{"type":"Polygon","coordinates":[[[-73.99584352970123,40.72412029357942],[-73.99586498737335,40.724132490007825],[-73.9959454536438,40.72403491851807],[-73.99589717388153,40.72401052562329],[-73.99588644504547,40.72402678755412],[-73.99582743644714,40.723998329172524],[-73.99575769901276,40.72407557332285],[-73.99577379226685,40.72408370428082],[-73.99577379226685,40.72407557332285],[-73.99582207202911,40.724099966193805],[-73.99585425853729,40.72406337688401],[-73.99588108062744,40.72407557332285],[-73.99584352970123,40.72412029357942]]]}},{"type":"Feature","properties":{"id":"62316136-3764-3132-A461-666439303130","building_id":"91cdf620-07d3-48ee-b80e-3493f9296be1","height":28,"min_height":0},"geometry":{"type":"Polygon","coordinates":[[[-73.99720072746277,40.72076212527065],[-73.99702906608582,40.72120528309283],[-73.99736702442169,40.72127439918444],[-73.99752259254456,40.72088816128176],[-73.99720072746277,40.72076212527065]]]}},{"type":"Feature","properties":{"id":"34346530-6630-3032-B862-393235616430","building_id":"24277df5-7a5d-4e20-a1d2-60bff28a5313","height":52.2,"min_height":0},"geometry":{"type":"Polygon","coordinates":[[[-73.99967908859253,40.71956273838517],[-73.99973273277283,40.71958713291002],[-73.99989902973175,40.71940823952028],[-74.00002777576447,40.719469225957155],[-74.00002241134644,40.719481423237816],[-74.00011360645294,40.71952208082392],[-74.00018870830536,40.71943263410174],[-73.99991512298584,40.71930252956401],[-73.99967908859253,40.71956273838517]]]}},{"type":"Feature","properties":{"id":"36316263-6636-3236-B163-353639356139","building_id":"a83ceeba-bd85-4fa5-a681-3ce81b0bb5f9","height":33,"min_height":0},"geometry":{"type":"Polygon","coordinates":[[[-73.99576306343079,40.72407557332285],[-73.99577915668488,40.72405118044296],[-73.9957469701767,40.72403491851807],[-73.99572551250458,40.72405931140391],[-73.99576306343079,40.72407557332285]]]}},{"type":"Feature","properties":{"id":"38616461-3539-3261-B333-643539353164","building_id":"9cbebc74-6399-4a22-b2b9-f21d0fab2474","height":19,"min_height":8},"geometry":{"type":"Polygon","coordinates":[[[-73.99804294109344,40.72016446738837],[-73.99804830551147,40.72016853310638],[-73.99805903434753,40.72016446738837],[-73.99804830551147,40.72015633595163],[-73.99804294109344,40.72016446738837]]]}},{"type":"Feature","properties":{"id":"66313464-3363-3134-B030-353031396133","building_id":"8e15b34a-76e6-4202-9b8e-0fdd245d0610","height":26,"min_height":0},"geometry":{"type":"Polygon","coordinates":[[[-74.00058567523956,40.72008315297607],[-74.00061249732971,40.720095350144256],[-74.00065004825592,40.72005062718333],[-74.00062322616577,40.72003843000697],[-74.00058567523956,40.72008315297607]]]}},{"type":"Feature","properties":{"id":"32333737-3664-3561-A239-643531326166","building_id":"4c363393-090a-4dda-b5d5-31e09cd57532","height":16.1,"min_height":0},"geometry":{"type":"Polygon","coordinates":[[[-73.99637997150421,40.716708517267996],[-73.99670720100403,40.716822363188506],[-73.99678230285645,40.71669631947924],[-73.99647116661072,40.71658653927996],[-73.99646580219269,40.716590605216496],[-73.99647653102875,40.71659467115277],[-73.99644434452057,40.71665159423472],[-73.99642288684845,40.716643462368836],[-73.99637997150421,40.716708517267996]]]}},{"type":"Feature","properties":{"id":"33333436-3264-3638-A332-303065303634","building_id":"c8038760-a22d-411d-8c5e-9f3807116beb","height":23,"min_height":0},"geometry":{"type":"Polygon","coordinates":[[[-73.99669110774994,40.7214451562796],[-73.9967393875122,40.7214573531982],[-73.99676084518433,40.721400434225586],[-73.99670720100403,40.72139230293981],[-73.99669110774994,40.7214451562796]]]}},{"type":"Feature","properties":{"id":"36616634-3330-3466-B639-323134613762","building_id":"8eb1b13f-b808-4b5d-bc35-26651a794df2","height":7,"min_height":0},"geometry":{"type":"Polygon","coordinates":[[[-73.99912655353546,40.71978228878687],[-73.99917483329773,40.71972536838189],[-73.99901926517487,40.71965218493254],[-73.99897634983063,40.71969690816114],[-73.9990085363388,40.71971317114592],[-73.99902999401093,40.71977009156134],[-73.99905145168304,40.71974569710355],[-73.99912655353546,40.71978228878687]]]}},{"type":"Feature","properties":{"id":"30346632-3036-3230-A132-326132353837","building_id":"16629c51-5c3d-433e-a574-31726450179c","height":26.8,"min_height":0},"geometry":{"type":"Polygon","coordinates":[[[-74.00071442127228,40.71982294618921],[-74.00063395500183,40.71978635452822],[-74.00048911571503,40.7199571154407],[-74.00051593780518,40.7199652469018],[-74.00053203105927,40.71994491824721],[-74.00055885314941,40.7199571154407],[-74.00058567523956,40.719928655319045],[-74.00055885314941,40.71991645812033],[-74.00056421756744,40.71991239238693],[-74.00061786174774,40.71993678678361],[-74.00071442127228,40.71982294618921]]]}},{"type":"Feature","properties":{"id":"64323165-6331-3739-A162-666263636635","building_id":"54bb92c0-8893-4146-9fdc-ada7324e4465","height":20,"min_height":17.5},"geometry":{"type":"Polygon","coordinates":[[[-73.99547338485718,40.72183139095023],[-73.99551630020142,40.72184358779806],[-73.99552702903748,40.72181919410016],[-73.99548411369324,40.721806997247874],[-73.99547338485718,40.72183139095023]]]}},{"type":"Feature","properties":{"id":"33633831-3465-3365-A231-663131653166","building_id":"9a3c7f97-6600-41cc-a9b6-706fad0c8b24","height":26,"min_height":0},"geometry":{"type":"Polygon","coordinates":[[[-73.99508714675903,40.72054664379563],[-73.99539828300476,40.72065641746442],[-73.99540364742279,40.72064422039904],[-73.99532854557037,40.72061982626161],[-73.99535536766052,40.72057916934599],[-73.99526953697205,40.72055070949029],[-73.9952802658081,40.7205303810145],[-73.99517297744751,40.72050598683533],[-73.99518370628357,40.720473461249206],[-73.99512469768524,40.72046126415032],[-73.99508714675903,40.72054664379563]]]}},{"type":"Feature","properties":{"id":"65636630-3565-3335-A365-363537646639","building_id":"9fb76dfc-1b1f-4ec5-8532-0d954e10abd0","height":20,"min_height":0},"geometry":{"type":"Polygon","coordinates":[[[-73.99360656738281,40.72714900465919],[-73.99375677108765,40.726901021416],[-73.99375140666962,40.726896956109236],[-73.99360656738281,40.72714900465919]]]}},{"type":"Feature","properties":{"id":"65336230-6632-3131-B731-376235396637","building_id":"97eb37b3-894c-421e-b718-24eaa2d3188e","height":85,"min_height":0},"geometry":{"type":"Polygon","coordinates":[[[-73.99920165538788,40.727189657561716],[-73.99912655353546,40.72715306995056],[-73.99913728237152,40.727140874075694],[-73.99890661239624,40.72702704580262],[-73.99885833263397,40.727079894667895],[-73.99884223937988,40.72707176407597],[-73.99876713752747,40.72716120053256],[-73.99884223937988,40.727197788139236],[-73.9988261461258,40.72721404929131],[-73.9990621805191,40.72732787724453],[-73.99911046028137,40.72727096329226],[-73.99912655353546,40.72727909385985],[-73.99920165538788,40.727189657561716]]]}},{"type":"Feature","properties":{"id":"31656631-3431-3463-B363-353764343461","building_id":"9fb76dfc-1b1f-4ec5-8532-0d954e10abd0","height":28,"min_height":0},"geometry":{"type":"Polygon","coordinates":[[[-73.99360656738281,40.72714900465919],[-73.99374604225159,40.72689289080222],[-73.99371922016144,40.726880694879696],[-73.99359047412872,40.72709209055394],[-73.99348855018616,40.72704330699641],[-73.99346172809601,40.72707582937206],[-73.99360656738281,40.72714900465919]]]}},{"type":"Feature","properties":{"id":"62616633-3564-3064-B731-666662666265","building_id":"a83ceeba-bd85-4fa5-a681-3ce81b0bb5f9","height":31.8,"min_height":0},"geometry":{"type":"Polygon","coordinates":[[[-73.99595081806183,40.724112162625914],[-73.99603128433228,40.72401459110637],[-73.99595081806183,40.72398206723473],[-73.99593472480774,40.723998329172524],[-73.99596154689789,40.72401459110637],[-73.99590253829956,40.724087769759436],[-73.99595081806183,40.724112162625914]]]}},{"type":"Feature","properties":{"id":"37613362-3836-3363-B564-356137663537","building_id":"5351ca19-88e2-4f53-98a4-84548a42634c","height":4,"min_height":0},"geometry":{"type":"Polygon","coordinates":[[[-73.99613857269287,40.72346168312701],[-73.99617075920105,40.7234738796761],[-73.99621903896332,40.72335597960796],[-73.99618148803711,40.72334784856109],[-73.99613857269287,40.72346168312701]]]}},{"type":"Feature","properties":{"id":"63333462-3037-3463-A237-643266343230","building_id":"1d2032d2-a533-4a26-a79b-dc10c65fbcd2","height":91,"min_height":0},"geometry":{"type":"Polygon","coordinates":[[[-73.99972200393677,40.71962779043154],[-73.999764919281,40.71965218493254],[-73.99979174137115,40.719619658929226],[-73.99975419044495,40.71959933016908],[-73.99972200393677,40.71962779043154]]]}},{"type":"Feature","properties":{"id":"35323336-3737-3334-A135-653764343764","building_id":"5351ca19-88e2-4f53-98a4-84548a42634c","height":20.3,"min_height":0},"geometry":{"type":"Polygon","coordinates":[[[-73.9963048696518,40.72340476586839],[-73.99621903896332,40.72335597960796],[-73.99617075920105,40.7234738796761],[-73.9963960647583,40.72356738647817],[-73.99653017520905,40.72340476586839],[-73.99662673473358,40.72316896527842],[-73.99655163288116,40.72314863760225],[-73.9965409040451,40.72316896527842],[-73.99632096290588,40.72312424438264],[-73.99626195430756,40.72327466909448],[-73.996342420578,40.72325840697985],[-73.99635851383209,40.72325840697985],[-73.99637997150421,40.72320555507989],[-73.99641752243042,40.72321368614416],[-73.99642825126648,40.7231852274149],[-73.99646043777466,40.72318929294839],[-73.99644434452057,40.72322181720743],[-73.9965033531189,40.723234013800464],[-73.99647653102875,40.723303127785506],[-73.99633705615997,40.72327466909448],[-73.99633169174194,40.72334378303727],[-73.99648725986481,40.723376307220825],[-73.99648189544678,40.72339663482747],[-73.99643361568451,40.72338443826422],[-73.99636387825012,40.723465748643626],[-73.996342420578,40.72345761761016],[-73.99632096290588,40.72349014173808],[-73.99629950523376,40.72348201070757],[-73.99632096290588,40.72344948657568],[-73.99628341197968,40.723433224503786],[-73.9963048696518,40.72340476586839]]]}},{"type":"Feature","properties":{"id":"62613031-3462-3262-B633-623433323737","building_id":"2adc1195-7c9d-4131-a300-38085304a0cd","height":10,"min_height":0},"geometry":{"type":"Polygon","coordinates":[[[-74.00297284126282,40.72236805014051],[-74.0029513835907,40.72239650921919],[-74.00303184986115,40.722433099445304],[-74.00305330753326,40.72240870596346],[-74.00297284126282,40.72236805014051]]]}},{"type":"Feature","properties":{"id":"32343530-3133-3063-A539-343534353332","building_id":"949647c1-3242-4b72-b1e3-fb83de819cc2","height":29,"min_height":0},"geometry":{"type":"Polygon","coordinates":[[[-73.99604201316833,40.72378285817413],[-73.99604201316833,40.723795054664386],[-73.9960527420044,40.723795054664386],[-73.9960527420044,40.72378285817413],[-73.99607419967651,40.723795054664386],[-73.99606347084045,40.72381131664787],[-73.99611175060272,40.72383164412167],[-73.99615466594696,40.723778792676896],[-73.99610638618469,40.72376253068547],[-73.99611175060272,40.72375439968823],[-73.99606883525848,40.723734072190865],[-73.9960366487503,40.72378285817413],[-73.99604201316833,40.72378285817413]]]}},{"type":"Feature","properties":{"id":"62626462-6662-3265-B236-626662376130","building_id":"a83ceeba-bd85-4fa5-a681-3ce81b0bb5f9","height":27.7,"min_height":0},"geometry":{"type":"Polygon","coordinates":[[[-73.9957469701767,40.72403491851807],[-73.99577915668488,40.72405118044296],[-73.99585962295532,40.72396580529294],[-73.99593472480774,40.723998329172524],[-73.99595081806183,40.72398206723473],[-73.99584889411926,40.723937346885265],[-73.99583280086517,40.72395767432057],[-73.99575769901276,40.72392515042112],[-73.99572551250458,40.72396173980688],[-73.9957845211029,40.72398206723473],[-73.99574160575867,40.72403491851807],[-73.9956933259964,40.72401459110637],[-73.99567723274231,40.72403491851807],[-73.99572551250458,40.72405931140391],[-73.9957469701767,40.72403491851807]]]}},{"type":"Feature","properties":{"id":"65373561-6635-3461-A135-363638653830","building_id":"50c28b6d-5e69-45bd-b575-efb89f7a33e8","height":95,"min_height":91.8},"geometry":{"type":"Polygon","coordinates":[[[-73.99334907531738,40.730120666389844],[-73.99342954158783,40.73002716879515],[-73.9932256937027,40.72992960594756],[-73.99315059185028,40.73002310367934],[-73.99334907531738,40.730120666389844]]]}},{"type":"Feature","properties":{"id":"64303632-3134-3530-B236-363437663930","building_id":"5351ca19-88e2-4f53-98a4-84548a42634c","height":23,"min_height":0},"geometry":{"type":"Polygon","coordinates":[[[-73.99641752243042,40.72321368614416],[-73.99644434452057,40.72322181720743],[-73.99646043777466,40.72318929294839],[-73.99642825126648,40.7231852274149],[-73.99641752243042,40.72321368614416]]]}},{"type":"Feature","properties":{"id":"32363537-6632-3164-B033-633937653639","building_id":"094ac6b2-df59-4879-90d1-3fab8b628cc1","height":19.7,"min_height":0},"geometry":{"type":"Polygon","coordinates":[[[-73.9955860376358,40.718603213317024],[-73.99542510509491,40.71855035772067],[-73.99541437625885,40.71857475261651],[-73.99557530879974,40.71862760819348],[-73.9955860376358,40.718603213317024]]]}},{"type":"Feature","properties":{"id":"37346634-6538-3631-A435-306231636437","building_id":"a83ceeba-bd85-4fa5-a681-3ce81b0bb5f9","height":33,"min_height":0},"geometry":{"type":"Polygon","coordinates":[[[-73.9958381652832,40.72398613271955],[-73.9959454536438,40.72403491851807],[-73.99596154689789,40.72401459110637],[-73.99585962295532,40.72396580529294],[-73.9958381652832,40.72398613271955]]]}},{"type":"Feature","properties":{"id":"30356236-6139-3061-A261-656166303036","building_id":"f037ee12-dad9-431f-8c10-0c7287046f37","height":20,"min_height":0},"geometry":{"type":"Polygon","coordinates":[[[-74.0030586719513,40.729425528956256],[-74.0032947063446,40.7293523561724],[-74.00326251983643,40.72929137879106],[-74.00317668914795,40.72931983490931],[-74.00318205356598,40.729332030384825],[-74.00303184986115,40.72938081226458],[-74.0030586719513,40.729425528956256]]]}},{"type":"Feature","properties":{"id":"33316530-3966-3064-A462-316163393930","building_id":"094ac6b2-df59-4879-90d1-3fab8b628cc1","height":27,"min_height":0},"geometry":{"type":"Polygon","coordinates":[[[-73.995441198349,40.71852189699756],[-73.99547874927521,40.71853002863397],[-73.9954948425293,40.71849343626228],[-73.99561822414398,40.718534094451805],[-73.99564504623413,40.718485304621396],[-73.99548947811127,40.71843244893142],[-73.995441198349,40.71852189699756]]]}},{"type":"Feature","properties":{"id":"36623564-6532-3262-B030-376135636639","building_id":"9cbebc74-6399-4a22-b2b9-f21d0fab2474","height":32,"min_height":28},"geometry":{"type":"Polygon","coordinates":[[[-73.99787664413452,40.72008721869905],[-73.99787664413452,40.720095350144256],[-73.99788200855255,40.720095350144256],[-73.99788737297058,40.72009128442176],[-73.99787664413452,40.72008721869905]]]}},{"type":"Feature","properties":{"id":"64346461-3339-3062-A230-653638626232","building_id":"9fb76dfc-1b1f-4ec5-8532-0d954e10abd0","height":4,"min_height":0},"geometry":{"type":"Polygon","coordinates":[[[-73.99377286434174,40.72690508672254],[-73.99394452571869,40.72665710257043],[-73.9939284324646,40.72664897192685],[-73.99375140666962,40.726852237718425],[-73.99376213550568,40.726856303027915],[-73.99373531341553,40.72688882549497],[-73.99377286434174,40.72690508672254]]]}},{"type":"Feature","properties":{"id":"37373634-3238-3135-B731-633238383639","building_id":"e31d3891-3dfd-49ee-b4cd-502d16fef23d","height":24,"min_height":0},"geometry":{"type":"Polygon","coordinates":[[[-73.99492621421814,40.72244936176158],[-73.99489402770996,40.72244123060393],[-73.99486720561981,40.722506279837205],[-73.99497985839844,40.722530673283295],[-73.9949905872345,40.722506279837205],[-73.99495303630829,40.72249814868653],[-73.99496376514435,40.72247782080548],[-73.99492084980011,40.72246968965131],[-73.99492621421814,40.72244936176158]]]}},{"type":"Feature","properties":{"id":"31663931-3833-3239-B365-306433623234","building_id":"a85b6404-8864-4f6e-9c36-66f9b3efa089","height":42,"min_height":0},"geometry":{"type":"Polygon","coordinates":[[[-74.00036036968231,40.72048565834585],[-74.00034427642822,40.72050598683533],[-74.00038182735443,40.72052224962245],[-74.00039792060852,40.720501921137945],[-74.00036036968231,40.72048565834585]]]}},{"type":"Feature","properties":{"id":"37666238-3737-3330-A566-316261363632","building_id":"9cbebc74-6399-4a22-b2b9-f21d0fab2474","height":17,"min_height":8},"geometry":{"type":"Polygon","coordinates":[[[-73.9982682466507,40.71977415730343],[-73.99827361106873,40.71978228878687],[-73.99828433990479,40.71977415730343],[-73.99827897548676,40.71976602581899],[-73.9982682466507,40.71977415730343]]]}},{"type":"Feature","properties":{"id":"66393336-6563-3432-B934-303266653437","building_id":"a45d49bc-bec5-4241-b736-a74ddae3123c","min_height":0},"geometry":{"type":"Polygon","coordinates":[[[-74.0023934841156,40.72280713171416],[-74.00249540805817,40.722855918376894],[-74.00253295898438,40.72281526282711],[-74.00242567062378,40.72276241057527],[-74.0023934841156,40.72280713171416]]]}},{"type":"Feature","properties":{"id":"34396661-3339-3233-B566-353863613538","building_id":"7e037aa2-7048-4fd0-b4b2-b7a5fe1ca678","height":23,"min_height":0},"geometry":{"type":"Polygon","coordinates":[[[-73.99593472480774,40.72115649522022],[-73.99596691131592,40.72116462653482],[-73.99597227573395,40.72114836390465],[-73.99598300457001,40.72114836390465],[-73.99598836898804,40.721128035611365],[-73.99595081806183,40.72111583863242],[-73.99593472480774,40.72115649522022]]]}},{"type":"Feature","properties":{"id":"34313537-3663-3261-B538-376236343865","building_id":"0196f72e-6a19-47e5-8daa-8a900cd7a4d3","height":19.6,"min_height":0},"geometry":{"type":"Polygon","coordinates":[[[-73.99632096290588,40.72148581266625],[-73.99635314941406,40.7214939439406],[-73.9964497089386,40.72125000527794],[-73.99612247943878,40.72113616692944],[-73.99610638618469,40.72116462653482],[-73.99640679359436,40.72126626788327],[-73.99632096290588,40.72148581266625]]]}},{"type":"Feature","properties":{"id":"36646538-3732-3435-B266-336436303061","building_id":"bbc10e77-d8ec-4bae-9182-405f0ecd744a","height":55,"min_height":50},"geometry":{"type":"Polygon","coordinates":[[[-73.99175584316254,40.72749861880932],[-73.99187386035919,40.72752301042567],[-73.99189531803131,40.727462031368034],[-73.99177193641663,40.72743763972933],[-73.99175584316254,40.72749861880932]]]}},{"type":"Feature","properties":{"id":"66613830-3964-3163-B866-616136323234","building_id":"ab2b9f2a-cf18-42cf-b50f-7a23ae2e023c","height":25,"min_height":21.5},"geometry":{"type":"Polygon","coordinates":[[[-74.00315523147583,40.72278680392749],[-74.00306403636932,40.72274208277492],[-74.0030425786972,40.72276647613459],[-74.00313377380371,40.72281119727076],[-74.00315523147583,40.72278680392749]]]}},{"type":"Feature","properties":{"id":"37366438-6663-3565-B437-353139313338","building_id":"a83ceeba-bd85-4fa5-a681-3ce81b0bb5f9","height":31.8,"min_height":0},"geometry":{"type":"Polygon","coordinates":[[[-73.99558067321777,40.723941412372824],[-73.99563431739807,40.723872299050605],[-73.99556457996368,40.723843840602946],[-73.99550557136536,40.72396580529294],[-73.99551630020142,40.72396987077876],[-73.9955484867096,40.72392515042112],[-73.99558067321777,40.723941412372824]]]}},{"type":"Feature","properties":{"id":"33383234-6264-3233-B136-373230396535","building_id":"0a40496f-a61e-4ef3-990b-837e4037d6c2","height":21,"min_height":0},"geometry":{"type":"Polygon","coordinates":[[[-73.99451851844788,40.72243716502474],[-73.99460434913635,40.72245342734002],[-73.99462044239044,40.722416837125074],[-73.99456679821014,40.72240870596346],[-73.99456143379211,40.72242496828569],[-73.99452924728394,40.722416837125074],[-73.99451851844788,40.72243716502474]]]}},{"type":"Feature","properties":{"id":"64323132-3162-3632-B361-303937316532","building_id":"ece5314a-eaf4-496e-b981-272a1f0745b7","height":14.6,"min_height":0},"geometry":{"type":"Polygon","coordinates":[[[-73.99946987628937,40.71998150982101],[-73.99937868118286,40.72008721869905],[-73.99943232536316,40.720111613031676],[-73.99952352046967,40.720009969920085],[-73.99946987628937,40.71998150982101]]]}},{"type":"Feature","properties":{"id":"34626235-6137-3936-A161-636134636235","building_id":"9cbebc74-6399-4a22-b2b9-f21d0fab2474","height":40.5,"min_height":28},"geometry":{"type":"Polygon","coordinates":[[[-73.99795711040497,40.72016853310638],[-73.99798929691315,40.72014413879461],[-73.99799466133118,40.72011567875291],[-73.99798929691315,40.72010348158847],[-73.99795711040497,40.72007908725285],[-73.99791955947876,40.72007502152939],[-73.99790346622467,40.72007908725285],[-73.99787127971649,40.72010348158847],[-73.99786591529846,40.72011567875291],[-73.99787127971649,40.72014413879461],[-73.99788737297058,40.72015633595163],[-73.99791955947876,40.720172598824135],[-73.99795711040497,40.72016853310638]]]}},{"type":"Feature","properties":{"id":"39643362-3132-3737-B737-323032356137","building_id":"1d2032d2-a533-4a26-a79b-dc10c65fbcd2","height":11,"min_height":0},"geometry":{"type":"Polygon","coordinates":[[[-73.99959325790405,40.71965218493254],[-73.99966835975647,40.719688776667276],[-73.99975419044495,40.71959933016908],[-73.99967908859253,40.71956273838517],[-73.99959325790405,40.71965218493254]]]}},{"type":"Feature","properties":{"id":"62353038-3734-3237-B231-646564373037","building_id":"a45d49bc-bec5-4241-b736-a74ddae3123c","min_height":0},"geometry":{"type":"Polygon","coordinates":[[[-74.00249540805817,40.722855918376894],[-74.00253295898438,40.72287624614248],[-74.00257050991058,40.722831525050005],[-74.00253295898438,40.72281526282711],[-74.00249540805817,40.722855918376894]]]}},{"type":"Feature","properties":{"id":"38353262-6435-3230-A134-343061623139","building_id":"9cbebc74-6399-4a22-b2b9-f21d0fab2474","height":19,"min_height":8},"geometry":{"type":"Polygon","coordinates":[[[-73.9980161190033,40.720188861692705],[-73.99802684783936,40.72019699312549],[-73.99803221225739,40.72019292740922],[-73.99802684783936,40.72018479597592],[-73.9980161190033,40.720188861692705]]]}},{"type":"Feature","properties":{"id":"63336235-3639-3735-A138-616465383438","building_id":"9cbebc74-6399-4a22-b2b9-f21d0fab2474","height":28,"min_height":25},"geometry":{"type":"Polygon","coordinates":[[[-73.99798393249512,40.72018479597592],[-73.99798393249512,40.72017666454165],[-73.9980161190033,40.720136007355364],[-73.99802684783936,40.720136007355364],[-73.99801075458527,40.72008315297607],[-73.9980000257492,40.72008721869905],[-73.99794638156891,40.72005875863301],[-73.99794638156891,40.72005062718333],[-73.99787664413452,40.72006282435747],[-73.99788200855255,40.72007095580567],[-73.9978551864624,40.720095350144256],[-73.99784445762634,40.720111613031676],[-73.99783372879028,40.720111613031676],[-73.99784982204437,40.72016446738837],[-73.99786055088043,40.72016446738837],[-73.99789273738861,40.7201807302589],[-73.99791419506073,40.720188861692705],[-73.99791955947876,40.72019699312549],[-73.99798393249512,40.72018479597592]]]}},{"type":"Feature","properties":{"id":"39333239-6236-3232-B032-373965393539","building_id":"9cbebc74-6399-4a22-b2b9-f21d0fab2474","height":33,"min_height":32},"geometry":{"type":"Polygon","coordinates":[[[-73.99797320365906,40.72017666454165],[-73.99796783924103,40.720172598824135],[-73.99799466133118,40.720148204513855],[-73.99800539016724,40.72013194163538],[-73.99801075458527,40.72012787591514],[-73.9980000257492,40.720095350144256],[-73.99799466133118,40.720095350144256],[-73.997962474823,40.72007502152939],[-73.99794101715088,40.720066890081696],[-73.99793565273285,40.72005875863301],[-73.99789273738861,40.720066890081696],[-73.99789273738861,40.72007502152939],[-73.99786591529846,40.720099415866486],[-73.9978551864624,40.7201197444739],[-73.99784982204437,40.7201197444739],[-73.9978551864624,40.72015633595163],[-73.99786591529846,40.72015227023285],[-73.99787664413452,40.72016446738837],[-73.99792492389679,40.7201807302589],[-73.99792492389679,40.72018479597592],[-73.99797320365906,40.72017666454165]]]}},{"type":"Feature","properties":{"id":"36363731-3831-3330-B764-363531663031","building_id":"24277df5-7a5d-4e20-a1d2-60bff28a5313","height":61,"min_height":0},"geometry":{"type":"Polygon","coordinates":[[[-73.99974882602692,40.719595264416306],[-73.9998185634613,40.719631856182325],[-73.99986684322357,40.71957900140274],[-73.99979174137115,40.719546475363664],[-73.99974882602692,40.719595264416306]]]}},{"type":"Feature","properties":{"id":"30393531-3830-3336-B139-386563373531","building_id":"9cbebc74-6399-4a22-b2b9-f21d0fab2474","height":17,"min_height":8},"geometry":{"type":"Polygon","coordinates":[[[-73.99818241596222,40.7197334998713],[-73.99819314479828,40.71974163135972],[-73.99819850921631,40.71973756561563],[-73.99819314479828,40.71972943412673],[-73.99818241596222,40.7197334998713]]]}},{"type":"Feature","properties":{"id":"64326433-3966-3539-A639-396531313431","building_id":"9cbebc74-6399-4a22-b2b9-f21d0fab2474","height":25,"min_height":0},"geometry":{"type":"Polygon","coordinates":[[[-73.9980536699295,40.72006282435747],[-73.99802684783936,40.72005062718333],[-73.99801075458527,40.72007095580567],[-73.99791955947876,40.72003436428103],[-73.99793028831482,40.72001810137472],[-73.99787127971649,40.71999777273625],[-73.99775862693787,40.720172598824135],[-73.99782299995422,40.72019699312549],[-73.99784445762634,40.72016853310638],[-73.99789810180664,40.72019292740922],[-73.99787664413452,40.72022138741789],[-73.99790346622467,40.720233584560724],[-73.99793565273285,40.720201058841496],[-73.99798929691315,40.720188861692705],[-73.99803221225739,40.720136007355364],[-73.99802684783936,40.720099415866486],[-73.9980536699295,40.72006282435747]]]}},{"type":"Feature","properties":{"id":"33386135-6463-3838-B461-613762336366","building_id":"1d2032d2-a533-4a26-a79b-dc10c65fbcd2","height":91,"min_height":0},"geometry":{"type":"Polygon","coordinates":[[[-73.99954497814178,40.71982294618921],[-73.999582529068,40.71983920914318],[-73.99960398674011,40.719818880450084],[-73.9995664358139,40.71979855175079],[-73.99954497814178,40.71982294618921]]]}},{"type":"Feature","properties":{"id":"30373366-6435-3830-B131-316239373364","building_id":"9cbebc74-6399-4a22-b2b9-f21d0fab2474","height":27,"min_height":23},"geometry":{"type":"Polygon","coordinates":[[[-73.99812340736389,40.71974976284713],[-73.99809658527374,40.71974569710355],[-73.99806439876556,40.71975789433355],[-73.9980536699295,40.71977009156134],[-73.99805903434753,40.71979855175079],[-73.99822533130646,40.71987580077511],[-73.99825751781464,40.719867669303085],[-73.99827897548676,40.71984327488105],[-73.99826288223267,40.719818880450084],[-73.99812340736389,40.71974976284713]]]}},{"type":"Feature","properties":{"id":"32356664-3764-3264-B836-323536343238","building_id":"9cbebc74-6399-4a22-b2b9-f21d0fab2474","height":35,"min_height":32},"geometry":{"type":"Polygon","coordinates":[[[-73.99790346622467,40.72017666454165],[-73.99798393249512,40.72008315297607],[-73.99795174598694,40.72007095580567],[-73.99787664413452,40.72016446738837],[-73.99790346622467,40.72017666454165]]]}},{"type":"Feature","properties":{"id":"32636333-3861-3163-A134-653332323465","building_id":"1d2032d2-a533-4a26-a79b-dc10c65fbcd2","height":7,"min_height":0},"geometry":{"type":"Polygon","coordinates":[[[-73.99989366531372,40.71976602581899],[-73.99986147880554,40.71981074897111],[-74.00008141994476,40.71992052385348],[-74.00011897087097,40.71987580077511],[-73.99989366531372,40.71976602581899]]]}},{"type":"Feature","properties":{"id":"39623637-3636-3963-B238-633138646630","building_id":"ac7f5d09-a61e-468b-bca6-541d0b545dea","height":4,"min_height":0},"geometry":{"type":"Polygon","coordinates":[[[-73.99539828300476,40.72065641746442],[-73.99542510509491,40.720664548840084],[-73.99546265602112,40.720566972266475],[-73.99543583393097,40.7205629065728],[-73.99539828300476,40.72065641746442]]]}},{"type":"Feature","properties":{"id":"63383234-6133-3861-B030-343337616432","building_id":"9cbebc74-6399-4a22-b2b9-f21d0fab2474","height":22,"min_height":0},"geometry":{"type":"Polygon","coordinates":[[[-73.99772107601166,40.7205303810145],[-73.9978015422821,40.72043686994583],[-73.99763524532318,40.72037181869015],[-73.99758160114288,40.72046126415032],[-73.99759232997894,40.72046939554983],[-73.99758696556091,40.72048159264722],[-73.99769961833954,40.7205303810145],[-73.99770498275757,40.72052224962245],[-73.99772107601166,40.7205303810145]]]}},{"type":"Feature","properties":{"id":"36656436-3436-3466-B137-386164336564","building_id":"d5516423-345c-493b-8310-61467c6f0914","height":7,"min_height":0},"geometry":{"type":"Polygon","coordinates":[[[-73.99963080883026,40.72006282435747],[-73.99968445301056,40.72008721869905],[-73.99974346160889,40.72002216710166],[-73.99968445301056,40.71999777273625],[-73.99963080883026,40.72006282435747]]]}},{"type":"Feature","properties":{"id":"35636162-6266-3462-A264-376166396335","building_id":"1acdc783-b5ec-4c5c-a211-a54af2089491","height":26.6,"min_height":0},"geometry":{"type":"Polygon","coordinates":[[[-74.00268316268921,40.72259165685941],[-74.00260806083679,40.722555066720446],[-74.00250613689423,40.722668902642276],[-74.00276362895966,40.72279493504291],[-74.00285482406616,40.722689230464965],[-74.00286555290222,40.72269329602877],[-74.00287628173828,40.722685164900916],[-74.0028065443039,40.722652640379636],[-74.00279581546783,40.72266077151147],[-74.00278508663177,40.72265670594567],[-74.00277435779572,40.722668902642276],[-74.00281190872192,40.722685164900916],[-74.00276899337769,40.722733951653055],[-74.00267779827118,40.722733951653055],[-74.00261878967285,40.72270955828146],[-74.00261878967285,40.72270549271866],[-74.00257587432861,40.722685164900916],[-74.00268316268921,40.72260791913695],[-74.00267243385315,40.72259978799868],[-74.00268316268921,40.72259165685941]]]}},{"type":"Feature","properties":{"id":"33613332-3163-3366-B763-323431633038","building_id":"e31d3891-3dfd-49ee-b4cd-502d16fef23d","height":6,"min_height":0},"geometry":{"type":"Polygon","coordinates":[[[-73.99472236633301,40.72247782080548],[-73.99486720561981,40.722506279837205],[-73.99489402770996,40.72244123060393],[-73.99474918842316,40.72240870596346],[-73.99472236633301,40.72247782080548]]]}},{"type":"Feature","properties":{"id":"34366439-3462-3433-A230-633766343330","building_id":"9cbebc74-6399-4a22-b2b9-f21d0fab2474","height":25,"min_height":23},"geometry":{"type":"Polygon","coordinates":[[[-73.99795711040497,40.72024171598804],[-73.99796783924103,40.72022545313242],[-73.997962474823,40.72021732170311],[-73.99795174598694,40.720213255988064],[-73.99793028831482,40.72021732170311],[-73.99791955947876,40.720233584560724],[-73.99792492389679,40.72024171598804],[-73.99793565273285,40.72024578170134],[-73.99795711040497,40.72024171598804]]]}},{"type":"Feature","properties":{"id":"64656532-3630-3439-A232-613236613334","building_id":"5351ca19-88e2-4f53-98a4-84548a42634c","height":23,"min_height":0},"geometry":{"type":"Polygon","coordinates":[[[-73.99643898010254,40.72336411065386],[-73.99643361568451,40.72338443826422],[-73.99648189544678,40.72339663482747],[-73.99648725986481,40.723376307220825],[-73.99643898010254,40.72336411065386]]]}},{"type":"Feature","properties":{"id":"39663762-3265-3333-B630-653766623631","building_id":"7d752b8b-776c-43bc-97e4-f494ef8a60bb","height":21.3,"min_height":0},"geometry":{"type":"Polygon","coordinates":[[[-73.997061252594,40.720774322314426],[-73.99708271026611,40.72071333707325],[-73.9969003200531,40.72063608902089],[-73.99687349796295,40.72063608902089],[-73.99681985378265,40.72078245367569],[-73.9969003200531,40.72080278207452],[-73.99692177772522,40.720749928224656],[-73.99697005748749,40.72076212527065],[-73.9969539642334,40.72079871639525],[-73.99703443050385,40.72081497911083],[-73.99705052375793,40.720774322314426],[-73.997061252594,40.720774322314426]]]}},{"type":"Feature","properties":{"id":"61346638-3935-3939-A265-396233633937","building_id":"67d010c5-6c17-4be6-81c9-20e9c6cac2f5","min_height":0},"geometry":{"type":"Polygon","coordinates":[[[-73.99772107601166,40.726518881494435],[-73.99739921092987,40.726364398775644],[-73.997243642807,40.72654733879826],[-73.99757087230682,40.726701821092384],[-73.99772107601166,40.726518881494435]]]}},{"type":"Feature","properties":{"id":"65393233-3431-3039-A331-343838623831","building_id":"9cbebc74-6399-4a22-b2b9-f21d0fab2474","height":32,"min_height":28},"geometry":{"type":"Polygon","coordinates":[[[-73.99789273738861,40.720066890081696],[-73.99789810180664,40.72007502152939],[-73.99790346622467,40.72007502152939],[-73.99790346622467,40.72007095580567],[-73.99789273738861,40.720066890081696]]]}},{"type":"Feature","properties":{"id":"36306166-3432-3835-B138-356533663839","building_id":"1829e137-adbd-4b3d-8178-ceb5d8b59ac5","height":22.9,"min_height":0},"geometry":{"type":"Polygon","coordinates":[[[-73.99445414543152,40.722542870003],[-73.99443805217743,40.72253473885678],[-73.99444341659546,40.7225225421356],[-73.99441123008728,40.722506279837205],[-73.99440586566925,40.72251441098691],[-73.99437367916107,40.72249408311082],[-73.99429857730865,40.72267296820731],[-73.99441123008728,40.722721754968376],[-73.9944326877594,40.72267296820731],[-73.99440586566925,40.722664837077],[-73.99445414543152,40.722542870003]]]}},{"type":"Feature","properties":{"id":"66343833-3938-3439-B335-643636356632","building_id":"9cbebc74-6399-4a22-b2b9-f21d0fab2474","height":32,"min_height":28},"geometry":{"type":"Polygon","coordinates":[[[-73.99799466133118,40.720095350144256],[-73.99799466133118,40.72010348158847],[-73.9980000257492,40.72010348158847],[-73.99800539016724,40.720099415866486],[-73.99799466133118,40.720095350144256]]]}},{"type":"Feature","properties":{"id":"34383834-3436-3061-A137-396438373636","building_id":"a83ceeba-bd85-4fa5-a681-3ce81b0bb5f9","height":43.4,"min_height":0},"geometry":{"type":"Polygon","coordinates":[[[-73.99556994438171,40.72404711496212],[-73.99560213088989,40.724006460139954],[-73.99556994438171,40.723994263688446],[-73.99553775787354,40.72403491851807],[-73.99556994438171,40.72404711496212]]]}},{"type":"Feature","properties":{"id":"62363066-3862-3233-A530-393662656332","building_id":"ac7f5d09-a61e-468b-bca6-541d0b545dea","height":24,"min_height":0},"geometry":{"type":"Polygon","coordinates":[[[-73.99557530879974,40.72063202333144],[-73.99555921554565,40.720676745901734],[-73.99559676647186,40.72069300864711],[-73.99561822414398,40.72064422039904],[-73.99557530879974,40.72063202333144]]]}},{"type":"Feature","properties":{"id":"63393137-3964-3436-B239-393062646339","building_id":"9067f888-09ec-4b20-a63a-1a29b47c4746","height":14.1,"min_height":0},"geometry":{"type":"Polygon","coordinates":[[[-73.99329543113708,40.72564076442414],[-73.99323105812073,40.725624502887655],[-73.99320960044861,40.72566109133918],[-73.993279337883,40.725681418247994],[-73.99329543113708,40.72564076442414]]]}},{"type":"Feature","properties":{"id":"62343230-3666-3236-B534-663961363063","building_id":"9cbebc74-6399-4a22-b2b9-f21d0fab2474","height":27,"min_height":0},"geometry":{"type":"Polygon","coordinates":[[[-73.99818241596222,40.7198636035667],[-73.99806439876556,40.71981074897111],[-73.99791955947876,40.72003436428103],[-73.99801075458527,40.72007095580567],[-73.99818241596222,40.7198636035667]]]}},{"type":"Feature","properties":{"id":"32323365-6461-3438-A538-626338316138","building_id":"9cbebc74-6399-4a22-b2b9-f21d0fab2474","height":32,"min_height":28},"geometry":{"type":"Polygon","coordinates":[[[-73.9980000257492,40.7201197444739],[-73.9980000257492,40.72012787591514],[-73.99800539016724,40.72012787591514],[-73.99800539016724,40.7201197444739],[-73.9980000257492,40.7201197444739]]]}},{"type":"Feature","properties":{"id":"64663239-3936-3834-A563-616536666631","building_id":"4c363393-090a-4dda-b5d5-31e09cd57532","height":8.1,"min_height":0},"geometry":{"type":"Polygon","coordinates":[[[-73.99646043777466,40.71658247334316],[-73.99678230285645,40.71669631947924],[-73.99681985378265,40.71663939643553],[-73.99649798870087,40.716521484261605],[-73.99646043777466,40.71658247334316]]]}},{"type":"Feature","properties":{"id":"35346431-6363-3339-A362-643538653962","building_id":"d42447b2-4032-44d4-933a-09a79f0596c9","height":24.8,"min_height":0},"geometry":{"type":"Polygon","coordinates":[[[-73.995441198349,40.72356738647817],[-73.99547874927521,40.72357551749825],[-73.99548947811127,40.7235470589237],[-73.99545192718506,40.72353892790015],[-73.995441198349,40.72356738647817]]]}},{"type":"Feature","properties":{"id":"37643761-6431-3063-B333-646231636439","building_id":"05a75c73-2627-4123-91ce-b7ea7bd4c76c","height":43,"min_height":0},"geometry":{"type":"Polygon","coordinates":[[[-73.99713099002838,40.72905153388229],[-73.99672865867615,40.72952715768923],[-73.99730265140533,40.72980765218693],[-73.99770498275757,40.72932796522657],[-73.99713099002838,40.72905153388229]]]}},{"type":"Feature","properties":{"id":"36306434-6137-3539-B561-323331626366","building_id":"9cbebc74-6399-4a22-b2b9-f21d0fab2474","height":35,"min_height":32},"geometry":{"type":"Polygon","coordinates":[[[-73.9980000257492,40.720140073075115],[-73.99787664413452,40.72008315297607],[-73.99786055088043,40.72010348158847],[-73.99798393249512,40.72016446738837],[-73.9980000257492,40.720140073075115]]]}},{"type":"Feature","properties":{"id":"35346163-3362-3238-B334-303266383833","building_id":"9cbebc74-6399-4a22-b2b9-f21d0fab2474","height":17,"min_height":8},"geometry":{"type":"Polygon","coordinates":[[[-73.99765133857727,40.720518183926025],[-73.9976567029953,40.720526315318594],[-73.99766743183136,40.72052224962245],[-73.9976567029953,40.720514118229374],[-73.99765133857727,40.720518183926025]]]}},{"type":"Feature","properties":{"id":"37613734-6639-3132-B035-393432313634","building_id":"342c0e7b-dbfb-49f4-a6b2-5e8522940ea1","height":28.3,"min_height":0},"geometry":{"type":"Polygon","coordinates":[[[-73.99584889411926,40.721229677015714],[-73.99586498737335,40.721229677015714],[-73.99587035179138,40.72121748005537],[-73.99589717388153,40.72122561136253],[-73.99591326713562,40.72118902047259],[-73.99582743644714,40.72117275784841],[-73.99581670761108,40.72119308612802],[-73.99585962295532,40.72120528309283],[-73.99584889411926,40.721229677015714]]]}}]}